
This hub-height turbulence-parameter file was generated by TurbSim (from OpenFAST-Unversioned from 08fffef240461a8334596179f1de462be43ad3e9) on 10-Oct-2023 at 13:40:43.

   Time      U       Uh       Ut        V        W        u'       v'       w'      u'w'     u'v'     v'w'     TKE      CTKE
   0.00   29.048   29.129   29.130    2.177   -0.269    4.048    2.177   -0.269   -1.091    8.810   -0.586   10.597    4.448
   0.10   28.171   28.269   28.278    2.354   -0.717    3.171    2.354   -0.717   -2.275    7.464   -1.689    8.055    3.992
   0.20   28.090   28.112   28.112    1.111   -0.119    3.090    1.111   -0.119   -0.367    3.433   -0.132    5.397    1.728
   0.30   27.512   27.655   27.656    2.807   -0.181    2.512    2.807   -0.181   -0.456    7.053   -0.509    7.113    3.543
   0.40   26.703   26.826   26.882    2.566    1.734    1.703    2.566    1.734    2.953    4.370    4.450    6.246    3.450
   0.50   27.165   27.195   27.319    1.287    2.592    2.165    1.287    2.592    5.611    2.786    3.335    6.530    3.548
   0.60   25.115   25.119   25.145    0.462    1.139    0.115    0.462    1.139    0.130    0.053    0.526    0.762    0.272
   0.70   25.735   25.785   25.793    1.610    0.649    0.735    1.610    0.649    0.477    1.183    1.044    1.776    0.824
   0.80   25.455   25.588   25.649    2.607    1.769    0.455    2.607    1.769    0.805    1.187    4.612    5.067    2.415
   0.90   26.593   26.755   26.755    2.940   -0.176    1.593    2.940   -0.176   -0.280    4.682   -0.518    5.605    2.360
   1.00   26.976   27.286   27.406    4.096   -2.563    1.976    4.096   -2.563   -5.066    8.095  -10.500   13.627    7.097
   1.10   24.390   24.544   24.700    2.748   -2.770   -0.610    2.748   -2.770    1.691   -1.678   -7.614    7.800    3.989
   1.20   25.044   25.079   25.112    1.323   -1.303    0.044    1.323   -1.303   -0.057    0.058   -1.724    1.726    0.863
   1.30   26.033   26.102   26.124    1.906   -1.061    1.033    1.906   -1.061   -1.095    1.968   -2.021    2.912    1.513
   1.40   26.612   26.735   26.834    2.562   -2.305    1.612    2.562   -2.305   -3.715    4.129   -5.906    7.238    4.054
   1.50   26.788   26.801   26.858    0.817   -1.750    1.788    0.817   -1.750   -3.130    1.461   -1.430    3.464    1.869
   1.60   26.349   26.392   26.413    1.506   -1.067    1.349    1.506   -1.067   -1.439    2.031   -1.607    2.613    1.482
   1.70   28.102   28.154   28.160    1.700   -0.589    3.102    1.700   -0.589   -1.828    5.273   -1.001    6.430    2.835
   1.80   27.828   27.936   28.073    2.458   -2.772    2.828    2.458   -2.772   -7.838    6.949   -6.812   10.860    6.248
   1.90   26.930   26.990   27.107    1.801   -2.519    1.930    1.801   -2.519   -4.860    3.475   -4.537    6.656    3.751
   2.00   26.420   26.587   26.790    2.972   -3.293    1.420    2.972   -3.293   -4.677    4.222   -9.788   10.848    5.821
   2.10   26.571   26.742   26.936    3.016   -3.233    1.571    3.016   -3.233   -5.079    4.739   -9.753   11.010    5.987
   2.20   26.010   26.047   26.050    1.391   -0.329    1.010    1.391   -0.329   -0.333    1.405   -0.458    1.532    0.757
   2.30   25.918   25.988   25.990    1.910    0.306    0.918    1.910    0.306    0.281    1.754    0.585    2.293    0.935
   2.40   25.808   25.840   25.840    1.283    0.051    0.808    1.283    0.051    0.041    1.037    0.065    1.151    0.520
   2.50   26.364   26.364   26.375    0.186   -0.738    1.364    0.186   -0.738   -1.006    0.254   -0.137    1.219    0.523
   2.60   26.723   26.723   26.727    0.171    0.430    1.723    0.171    0.430    0.741    0.295    0.074    1.591    0.400
   2.70   26.714   26.855   26.856    2.751    0.208    1.714    2.751    0.208    0.356    4.714    0.571    5.274    2.381
   2.80   26.118   26.349   26.373    3.484   -1.117    1.118    3.484   -1.117   -1.249    3.893   -3.893    7.318    2.823
   2.90   27.491   27.654   27.658    2.995   -0.466    2.491    2.995   -0.466   -1.161    7.461   -1.396    7.697    3.840
   3.00   26.139   26.305   26.319    2.955    0.853    1.139    2.955    0.853    0.971    3.366    2.520    5.379    2.158
   3.10   28.389   28.911   28.928    5.465    1.001    3.389    5.465    1.001    3.394   18.524    5.473   21.181    9.806
   3.20   28.377   29.045   29.053    6.193    0.684    3.377    6.193    0.684    2.311   20.914    4.239   25.115   10.732
   3.30   28.372   28.942   29.006    5.713    1.929    3.372    5.713    1.929    6.504   19.265   11.019   23.865   11.563
   3.40   28.023   28.636   28.777    5.892    2.842    3.023    5.892    2.842    8.592   17.815   16.745   25.967   12.957
   3.50   27.700   28.143   28.231    4.973    2.225    2.700    4.973    2.225    6.007   13.427   11.062   18.484    9.203
   3.60   27.696   28.440   28.580    6.465    2.827    2.696    6.465    2.827    7.621   17.428   18.278   28.528   13.190
   3.70   26.665   27.577   27.642    7.036    1.884    1.665    7.036    1.884    3.136   11.712   13.255   27.912    8.982
   3.80   24.709   25.656   25.681    6.905    1.146   -0.291    6.905    1.146   -0.334   -2.010    7.916   24.539    4.087
   3.90   24.091   24.873   24.901    6.186    1.196   -0.909    6.186    1.196   -1.086   -5.621    7.396   20.259    4.676
   4.00   24.812   25.299   25.401    4.941    2.271   -0.188    4.941    2.271   -0.428   -0.931   11.222   14.804    5.634
   4.10   22.182   22.630   22.790    4.481    2.696   -2.818    4.481    2.696   -7.597  -12.627   12.079   17.643    9.527
   4.20   23.806   24.269   24.435    4.715    2.842   -1.194    4.715    2.842   -3.392   -5.629   13.401   15.868    7.463
   4.30   22.856   23.457   23.708    5.274    3.436   -2.144    5.274    3.436   -7.366  -11.306   18.125   22.112   11.298
   4.40   24.988   25.853   26.265    6.632    4.632   -0.012    6.632    4.632   -0.054   -0.077   30.720   32.719   15.360
   4.50   25.145   26.484   26.998    8.314    5.244    0.145    8.314    5.244    0.761    1.207   43.598   48.324   21.811
   4.60   23.810   24.961   25.320    7.492    4.247   -1.190    7.492    4.247   -5.053   -8.915   31.817   37.791   16.713
   4.70   25.036   25.794   25.835    6.207    1.453    0.036    6.207    1.453    0.052    0.223    9.020   20.320    4.512
   4.80   26.629   26.898   27.007    3.792    2.421    1.629    3.792    2.421    3.944    6.179    9.179   11.447    5.873
   4.90   25.312   25.600   25.633    3.831    1.295    0.312    3.831    1.295    0.404    1.194    4.963    8.227    2.560
   5.00   24.334   24.652   24.841    3.946    3.062   -0.666    3.946    3.062   -2.039   -2.628   12.081   12.693    6.265
   5.10   25.681   25.988   26.039    3.981    1.630    0.681    3.981    1.630    1.110    2.712    6.488    9.484    3.559
   5.20   27.359   27.594   27.610    3.593    0.952    2.359    3.593    0.952    2.246    8.476    3.421    9.691    4.706
   5.30   25.939   26.085   26.172    2.761    2.125    0.939    2.761    2.125    1.995    2.592    5.866    6.509    3.358
   5.40   27.068   27.134   27.328    1.891    3.248    2.068    1.891    3.248    6.719    3.912    6.144    9.204    4.955
   5.50   27.214   27.554   27.619    4.312    1.893    2.214    4.312    1.893    4.191    9.548    8.162   13.540    6.621
   5.60   25.981   26.212   26.225    3.473    0.845    0.981    3.473    0.845    0.828    3.405    2.933    6.867    2.285
   5.70   25.604   26.355   26.355    6.246   -0.018    0.604    6.246   -0.018   -0.011    3.772   -0.114   19.689    1.887
   5.80   26.235   27.041   27.135    6.550    2.259    1.235    6.550    2.259    2.791    8.093   14.800   24.769    8.549
   5.90   26.098   26.820   27.068    6.181    3.654    1.098    6.181    3.654    4.011    6.785   22.588   26.383   11.962
   6.00   26.244   27.006   27.178    6.371    3.050    1.244    6.371    3.050    3.794    7.925   19.433   25.721   10.664
   6.10   26.549   27.177   27.259    5.809    2.113    1.549    5.809    2.113    3.272    8.998   12.272   20.305    7.783
   6.20   25.845   26.063   26.213    3.365    2.803    0.845    3.365    2.803    2.368    2.843    9.433    9.948    5.066
   6.30   26.835   27.259   27.319    4.791    1.814    1.835    4.791    1.814    3.328    8.790    8.691   14.806    6.400
   6.40   25.915   26.302   26.302    4.498    0.084    0.915    4.498    0.084    0.077    4.113    0.378   10.537    2.066
   6.50   25.661   26.541   26.541    6.777   -0.016    0.661    6.777   -0.016   -0.011    4.477   -0.109   23.186    2.239
   6.60   26.059   26.778   26.792    6.162    0.873    1.059    6.162    0.873    0.924    6.527    5.378   19.927    4.254
   6.70   24.975   25.585   25.621    5.556    1.347   -0.025    5.556    1.347   -0.034   -0.140    7.486   16.342    3.744
   6.80   23.871   24.750   24.824    6.536    1.915   -1.129    6.536    1.915   -2.161   -7.378   12.515   23.830    7.344
   6.90   25.374   26.148   26.191    6.316    1.502    0.374    6.316    1.502    0.561    2.360    9.489   21.144    4.897
   7.00   26.354   27.402   27.408    7.507    0.536    1.354    7.507    0.536    0.726   10.165    4.023   29.241    5.478
   7.10   26.830   28.465   28.492    9.509    1.230    1.830    9.509    1.230    2.252   17.404   11.698   47.640   10.545
   7.20   27.165   28.616   28.650    8.996    1.402    2.165    8.996    1.402    3.035   19.479   12.611   43.793   11.701
   7.30   27.434   29.309   29.323   10.314    0.922    2.434   10.314    0.922    2.244   25.105    9.510   56.580   13.470
   7.40   26.782   28.373   28.437    9.367    1.914    1.782    9.367    1.914    3.411   16.694   17.925   47.287   12.365
   7.50   25.382   26.818   26.872    8.656    1.706    0.382    8.656    1.706    0.652    3.309   14.770   38.994    7.575
   7.60   25.277   26.812   26.847    8.939    1.376    0.277    8.939    1.376    0.382    2.480   12.304   40.940    6.278
   7.70   26.756   27.625   27.660    6.875    1.386    1.756    6.875    1.386    2.433   12.070    9.529   26.136    7.785
   7.80   27.943   28.987   29.004    7.710    0.982    2.943    7.710    0.982    2.891   22.692    7.573   34.536   12.048
   7.90   26.771   27.853   27.858    7.691    0.486    1.771    7.691    0.486    0.861   13.618    3.738   31.262    7.074
   8.00   24.920   25.981   26.072    7.350    2.174   -0.080    7.350    2.174   -0.175   -0.591   15.977   29.377    7.995
   8.10   25.081   26.252   26.372    7.755    2.510    0.081    7.755    2.510    0.202    0.625   19.463   33.225    9.737
   8.20   27.229   27.950   27.953    6.308    0.417    2.229    6.308    0.417    0.929   14.058    2.630   22.465    7.166
   8.30   25.867   26.271   26.312    4.588    1.465    0.867    4.588    1.465    1.271    3.979    6.721   11.973    3.957
   8.40   24.375   25.051   25.168    5.777    2.429   -0.625    5.777    2.429   -1.517   -3.608   14.030   19.829    7.283
   8.50   25.497   25.810   25.865    4.008    1.694    0.497    4.008    1.694    0.842    1.992    6.788    9.589    3.562
   8.60   26.296   26.634   26.637    4.231    0.410    1.296    4.231    0.410    0.532    5.484    1.737    9.876    2.889
   8.70   27.007   27.197   27.197    3.211    0.093    2.007    3.211    0.093    0.186    6.443    0.298    7.172    3.226
   8.80   24.850   25.437   25.494    5.434   -1.704   -0.150    5.434   -1.704    0.256   -0.815   -9.258   16.229    4.649
   8.90   25.535   26.303   26.417    6.309   -2.447    0.535    6.309   -2.447   -1.310    3.377  -15.440   23.038    7.929
   9.00   24.909   25.356   25.435    4.736   -2.015   -0.091    4.736   -2.015    0.183   -0.429   -9.542   13.247    4.777
   9.10   24.813   25.251   25.458    4.683   -3.237   -0.187    4.683   -3.237    0.605   -0.875  -15.162   16.225    7.600
   9.20   26.188   26.489   26.660    3.983   -3.015    1.188    3.983   -3.015   -3.582    4.731  -12.010   13.183    6.698
   9.30   25.685   26.357   26.373    5.916   -0.926    0.685    5.916   -0.926   -0.634    4.051   -5.477   18.161    3.421
   9.40   26.035   26.622   26.637    5.557   -0.898    1.035    5.557   -0.898   -0.930    5.754   -4.990   16.381    3.837
   9.50   24.283   25.161   25.167    6.591    0.544   -0.717    6.591    0.544   -0.390   -4.727    3.583   22.124    2.972
   9.60   23.329   23.632   23.641    3.770    0.675   -1.671    3.770    0.675   -1.128   -6.300    2.546    8.732    3.444
   9.70   23.985   24.407   24.454    4.517   -1.520   -1.015    4.517   -1.520    1.542   -4.583   -6.866   11.871    4.199
   9.80   24.652   25.282   25.315    5.609   -1.291   -0.348    5.609   -1.291    0.450   -1.953   -7.241   16.624    3.756
   9.90   24.543   25.012   25.097    4.819   -2.062   -0.457    4.819   -2.062    0.942   -2.200   -9.939   13.844    5.112
  10.00   24.934   25.782   25.871    6.557   -2.138   -0.066    6.557   -2.138    0.140   -0.431  -14.018   23.787    7.013
  10.10   24.722   25.587   25.647    6.596   -1.749   -0.278    6.596   -1.749    0.486   -1.831  -11.538   23.321    5.846
  10.20   25.577   26.410   26.420    6.580   -0.749    0.577    6.580   -0.749   -0.432    3.796   -4.927   22.098    3.117
  10.30   26.734   27.973   27.975    8.233   -0.326    1.734    8.233   -0.326   -0.565   14.275   -2.685   35.449    7.268
  10.40   27.512   29.033   29.041    9.272    0.692    2.512    9.272    0.692    1.740   23.295    6.421   46.383   12.113
  10.50   27.168   28.232   28.303    7.679    2.008    2.168    7.679    2.008    4.352   16.645   15.415   33.845   11.550
  10.60   28.484   29.327   29.375    6.981    1.691    3.484    6.981    1.691    5.890   24.321   11.804   31.867   13.834
  10.70   27.949   28.539   28.540    5.774    0.105    2.949    5.774    0.105    0.309   17.029    0.604   21.026    8.521
  10.80   25.845   26.382   26.384    5.298    0.286    0.845    5.298    0.286    0.242    4.477    1.515   14.431    2.366
  10.90   26.054   26.498   26.543    4.833    1.535    1.054    4.833    1.535    1.618    5.092    7.419   13.411    4.572
  11.00   25.464   25.914   25.943    4.809    1.234    0.464    4.809    1.234    0.573    2.231    5.936   12.433    3.184
  11.10   25.526   25.994   26.034    4.909    1.441    0.526    4.909    1.441    0.758    2.583    7.073   13.223    3.784
  11.20   24.516   25.121   25.130    5.479    0.664   -0.484    5.479    0.664   -0.321   -2.649    3.637   15.346    2.256
  11.30   24.408   25.526   25.714    7.470    3.110   -0.592    7.470    3.110   -1.840   -4.420   23.228   32.910   11.858
  11.40   25.334   26.339   26.590    7.205    3.645    0.334    7.205    3.645    1.219    2.410   26.264   32.654   13.201
  11.50   25.120   26.351   26.576    7.959    3.447    0.120    7.959    3.447    0.415    0.959   27.433   37.619   13.727
  11.60   25.141   26.194   26.321    7.354    2.575    0.141    7.354    2.575    0.363    1.037   18.938   30.365    9.485
  11.70   25.550   26.601   26.788    7.405    3.162    0.550    7.405    3.162    1.738    4.070   23.412   32.566   11.913
  11.80   26.013   26.700   26.916    6.017    3.403    1.013    6.017    3.403    3.448    6.097   20.474   24.405   10.820
  11.90   26.308   26.999   27.051    6.071    1.669    1.308    6.071    1.669    2.182    7.940   10.131   20.678    6.528
  12.00   27.097   28.161   28.446    7.667    4.018    2.097    7.667    4.018    8.426   16.080   30.804   39.663   17.878
  12.10   27.212   28.431   28.551    8.235    2.624    2.212    8.235    2.624    5.803   18.215   21.607   39.799   14.425
  12.20   26.554   27.294   27.304    6.314    0.749    1.554    6.314    0.749    1.164    9.811    4.728   21.420    5.476
  12.30   26.480   26.997   27.107    5.262    2.433    1.480    5.262    2.433    3.600    7.786   12.800   17.896    7.704
  12.40   25.887   26.597   26.735    6.104    2.721    0.887    6.104    2.721    2.412    5.412   16.606   22.722    8.816
  12.50   26.930   27.573   27.598    5.921    1.171    1.930    5.921    1.171    2.259   11.424    6.930   20.074    6.776
  12.60   26.794   27.610   27.746    6.664    2.739    1.794    6.664    2.739    4.914   11.954   18.255   27.565   11.184
  12.70   27.587   28.209   28.253    5.891    1.587    2.587    5.891    1.587    4.106   15.239    9.353   21.960    9.173
  12.80   27.974   28.351   28.396    4.611    1.600    2.974    4.611    1.600    4.758   13.711    7.377   16.330    8.140
  12.90   25.905   26.087   26.114    3.075    1.177    0.905    3.075    1.177    1.065    2.783    3.618    5.829    2.344
  13.00   25.765   26.064   26.078    3.937    0.828    0.765    3.937    0.828    0.633    3.013    3.258    8.385    2.242
  13.10   24.653   24.974   24.989    3.996    0.862   -0.347    3.996    0.862   -0.300   -1.388    3.446    8.418    1.864
  13.20   25.625   26.240   26.240    5.648    0.141    0.625    5.648    0.141    0.088    3.529    0.795   16.154    1.809
  13.30   26.233   26.954   26.967    6.192   -0.815    1.233    6.192   -0.815   -1.005    7.637   -5.045   20.261    4.604
  13.40   26.441   27.096   27.096    5.923   -0.062    1.441    5.923   -0.062   -0.090    8.534   -0.368   18.583    4.271
  13.50   25.638   26.228   26.234    5.531    0.563    0.638    5.531    0.563    0.359    3.528    3.115   15.656    2.360
  13.60   26.620   26.911   26.931    3.952    1.038    1.620    3.952    1.038    1.682    6.400    4.103    9.659    3.893
  13.70   26.323   26.517   26.543    3.197    1.175    1.323    3.197    1.175    1.555    4.231    3.757    6.677    2.934
  13.80   24.775   24.893   24.983    2.412    2.126   -0.225    2.412    2.126   -0.477   -0.542    5.127    5.193    2.589
  13.90   22.532   22.600   22.668    1.749    1.764   -2.468    1.749    1.764   -4.354   -4.317    3.086    6.132    3.432
  14.00   23.340   23.354   23.385    0.787    1.215   -1.660    0.787    1.215   -2.017   -1.306    0.957    2.426    1.293
  14.10   24.305   24.310   24.370   -0.470    1.716   -0.695   -0.470    1.716   -1.192    0.326   -0.806    1.823    0.738
  14.20   23.405   23.407   23.706   -0.291    3.755   -1.595   -0.291    3.755   -5.988    0.464   -1.093    8.363    3.053
  14.30   22.610   22.632   22.839    0.994    3.067   -2.390    0.994    3.067   -7.330   -2.375    3.048    8.053    4.143
  14.40   24.437   24.484   24.744    1.513    3.578   -0.563    1.513    3.578   -2.015   -0.852    5.412    7.704    2.919
  14.50   23.965   23.967   24.159    0.263    3.042   -1.035    0.263    3.042   -3.147   -0.272    0.800    5.198    1.629
  14.60   23.336   23.338   23.457    0.235    2.367   -1.664    0.235    2.367   -3.938   -0.391    0.556    4.214    1.998
  14.70   24.182   24.185   24.495    0.372    3.888   -0.818    0.372    3.888   -3.180   -0.304    1.445    7.963    1.753
  14.80   23.692   23.704   24.124    0.736    4.483   -1.308    0.736    4.483   -5.864   -0.962    3.299   11.177    3.398
  14.90   22.182   22.195   22.451   -0.764    3.375   -2.818   -0.764    3.375   -9.510    2.154   -2.580    9.958    5.043
  15.00   23.395   23.428   23.810   -1.229    4.249   -1.605   -1.229    4.249   -6.818    1.972   -5.222   11.070    4.406
  15.10   24.145   24.188   24.619   -1.447    4.586   -0.855   -1.447    4.586   -3.922    1.237   -6.634   11.927    3.903
  15.20   24.090   24.191   24.451   -2.209    3.555   -0.910   -2.209    3.555   -3.236    2.010   -7.853    9.174    4.364
  15.30   27.190   27.306   27.658   -2.513    4.397    2.190   -2.513    4.397    9.629   -5.504  -11.049   15.222    7.828
  15.40   27.243   27.373   27.880   -2.669    5.291    2.243   -2.669    5.291   11.866   -5.985  -14.122   20.075    9.696
  15.50   26.283   26.284   26.504   -0.157    3.410    1.283   -0.157    3.410    4.376   -0.202   -0.536    6.649    2.207
  15.60   25.419   25.449   25.529   -1.246    2.011    0.419   -1.246    2.011    0.843   -0.522   -2.507    2.887    1.348
  15.70   24.577   24.710   24.726   -2.561    0.896   -0.423   -2.561    0.896   -0.379    1.083   -2.294    3.770    1.283
  15.80   24.602   24.712   24.761   -2.326    1.563   -0.398   -2.326    1.563   -0.622    0.925   -3.635    4.005    1.901
  15.90   25.092   25.173   25.316   -2.009    2.690    0.092   -2.009    2.690    0.249   -0.186   -5.405    5.640    2.707
  16.00   25.641   25.722   25.845   -2.037    2.518    0.641   -2.037    2.518    1.614   -1.306   -5.130    5.451    2.767
  16.10   24.742   24.792   24.803   -1.574    0.757   -0.258   -1.574    0.757   -0.195    0.407   -1.191    1.559    0.637
  16.20   24.041   24.052   24.054   -0.711    0.324   -0.959   -0.711    0.324   -0.311    0.682   -0.230    0.765    0.392
  16.30   23.203   23.225   23.256   -1.009    1.187   -1.797   -1.009    1.187   -2.133    1.812   -1.198    2.827    1.522
  16.40   24.488   24.489   24.503    0.085    0.853   -0.512    0.085    0.853   -0.436   -0.044    0.073    0.498    0.222
  16.50   25.334   25.342   25.354    0.651    0.773    0.334    0.651    0.773    0.258    0.217    0.503    0.566    0.303
  16.60   25.593   25.631   25.633    1.393   -0.381    0.593    1.393   -0.381   -0.226    0.825   -0.530    1.218    0.503
  16.70   26.261   26.266   26.291    0.544    1.135    1.261    0.544    1.135    1.431    0.685    0.617    1.587    0.851
  16.80   26.743   26.749   26.761    0.562    0.812    1.743    0.562    0.812    1.415    0.980    0.456    2.007    0.890
  16.90   26.686   26.712   26.736    1.169    1.140    1.686    1.169    1.140    1.922    1.971    1.333    2.755    1.529
  17.00   27.200   27.412   27.518    3.400    2.413    2.200    3.400    2.413    5.310    7.480    8.204   11.111    6.153
  17.10   26.596   26.820   26.935    3.460    2.483    1.596    3.460    2.483    3.963    5.522    8.591   10.342    5.477
  17.20   24.636   24.911   24.940    3.695    1.191   -0.364    3.695    1.191   -0.434   -1.345    4.402    7.602    2.312
  17.30   24.906   25.134   25.138    3.380   -0.444   -0.094    3.380   -0.444    0.042   -0.318   -1.502    5.815    0.768
  17.40   25.096   25.096   25.096    0.144   -0.052    0.096    0.144   -0.052   -0.005    0.014   -0.007    0.016    0.008
  17.50   25.910   25.915   25.926    0.553   -0.734    0.910    0.553   -0.734   -0.668    0.503   -0.406    0.836    0.465
  17.60   25.999   26.031   26.087    1.287   -1.716    0.999    1.287   -1.716   -1.714    1.286   -2.209    2.799    1.539
  17.70   25.433   25.437   25.467    0.455   -1.235    0.433    0.455   -1.235   -0.535    0.197   -0.562    0.960    0.400
  17.80   25.705   25.721   25.722    0.904    0.252    0.705    0.904    0.252    0.178    0.637    0.228    0.689    0.350
  17.90   25.224   25.286   25.286    1.769   -0.014    0.224    1.769   -0.014   -0.003    0.396   -0.024    1.590    0.198
  18.00   25.678   25.703   25.714    1.131    0.731    0.678    1.131    0.731    0.496    0.767    0.827    1.137    0.616
  18.10   25.026   25.068   25.092    1.446   -1.099    0.026    1.446   -1.099   -0.029    0.038   -1.589    1.649    0.795
  18.20   25.182   25.304   25.306    2.480    0.333    0.182    2.480    0.333    0.061    0.453    0.825    3.148    0.471
  18.30   23.760   23.790   23.791    1.187    0.208   -1.240    1.187    0.208   -0.258   -1.472    0.247    1.495    0.758
  18.40   23.284   23.285   23.303   -0.108    0.923   -1.716   -0.108    0.923   -1.584    0.185   -0.099    1.904    0.799
  18.50   21.647   21.647   21.788   -0.174    2.469   -3.353   -0.174    2.469   -8.279    0.584   -0.430    8.685    4.156
  18.60   23.844   23.971   24.133    2.469    2.787   -1.156    2.469    2.787   -3.222   -2.854    6.881    7.599    4.058
  18.70   23.349   23.435   23.523    2.009    2.028   -1.651    2.009    2.028   -3.348   -3.317    4.075    5.438    3.115
  18.80   22.987   23.014   23.116    1.126    2.169   -2.013    1.126    2.169   -4.367   -2.268    2.444    5.014    2.747
  18.90   22.997   23.063   23.123    1.750    1.657   -2.003    1.750    1.657   -3.320   -3.507    2.901    4.912    2.817
  19.00   24.749   25.067   25.115    3.980    1.555   -0.251    3.980    1.555   -0.391   -1.001    6.187    9.159    3.140
  19.10   24.507   25.136   25.205    5.591    1.853   -0.493    5.591    1.853   -0.914   -2.757   10.360   17.468    5.380
  19.20   24.606   25.032   25.268    4.597    3.449   -0.394    4.597    3.449   -1.359   -1.812   15.854   16.591    8.008
  19.30   23.761   23.958   24.291    3.067    4.006   -1.239    3.067    4.006   -4.963   -3.800   12.287   13.495    6.893
  19.40   22.812   22.848   23.498    1.294    5.486   -2.188    1.294    5.486  -12.006   -2.831    7.099   18.282    7.116
  19.50   23.415   23.471   23.822    1.621    4.074   -1.585    1.621    4.074   -6.458   -2.569    6.601   10.867    4.793
  19.60   21.512   21.578   21.793    1.681    3.051   -3.488    1.681    3.051  -10.642   -5.864    5.130   12.151    6.595
  19.70   23.041   23.294   23.456    3.426    2.755   -1.959    3.426    2.755   -5.397   -6.712    9.437   11.581    6.388
  19.80   22.817   22.966   23.054    2.611    2.018   -2.183    2.611    2.018   -4.405   -5.699    5.267    7.826    4.462
  19.90   22.586   22.829   23.021    3.316    2.968   -2.414    3.316    2.968   -7.163   -8.005    9.843   12.816    7.285
  20.00   21.196   21.230   21.582    1.187    3.886   -3.804    1.187    3.886  -14.779   -4.516    4.613   15.487    8.064
  20.10   21.611   21.668   21.900    1.567    3.181   -3.389    1.567    3.181  -10.779   -5.309    4.984   12.028    6.504
  20.20   22.048   22.106   22.378    1.598    3.483   -2.952    1.598    3.483  -10.284   -4.717    5.565   11.701    6.304
  20.30   23.142   23.186   23.398    1.425    3.140   -1.858    1.425    3.140   -5.834   -2.648    4.475    7.671    3.908
  20.40   23.728   23.773   23.921    1.451    2.662   -1.272    1.451    2.662   -3.385   -1.845    3.861    5.403    2.728
  20.50   21.735   21.835   21.887    2.083    1.514   -3.265    2.083    1.514   -4.942   -6.801    3.153    8.645    4.489
  20.60   20.231   20.520   20.689    3.430    2.634   -4.769    3.430    2.634  -12.562  -16.354    9.035   20.720   11.257
  20.70   22.464   22.676   22.883    3.098    3.069   -2.536    3.098    3.069   -7.785   -7.856    9.508   12.725    7.293
  20.80   22.977   23.160   23.301    2.908    2.559   -2.023    2.908    2.559   -5.178   -5.885    7.443    9.551    5.405
  20.90   22.569   22.857   23.071    3.618    3.132   -2.431    3.618    3.132   -7.614   -8.796   11.332   14.405    8.120
  21.00   22.022   22.115   22.423    2.027    3.698   -2.978    2.027    3.698  -11.012   -6.036    7.497   13.326    7.313
  21.10   21.219   21.260   21.714    1.333    4.417   -3.781    1.333    4.417  -16.703   -5.041    5.888   17.793    9.207
  21.20   20.361   20.567   21.022    2.900    4.354   -4.639    2.900    4.354  -20.198  -13.454   12.628   24.445   13.679
  21.30   22.153   22.228   22.514    1.830    3.573   -2.847    1.830    3.573  -10.171   -5.210    6.538   12.109    6.583
  21.40   19.626   19.887   20.334    3.211    4.241   -5.374    3.211    4.241  -22.795  -17.259   13.621   28.594   15.836
  21.50   20.636   20.905   21.292    3.342    4.042   -4.364    3.342    4.042  -17.637  -14.585   13.508   23.274   13.288
  21.60   19.446   19.935   20.207    4.389    3.304   -5.554    4.389    3.304  -18.352  -24.379   14.504   30.516   16.893
  21.70   20.168   20.521   20.987    3.790    4.398   -4.832    3.790    4.398  -21.252  -18.316   16.668   28.529   16.317
  21.80   20.704   21.244   21.733    4.761    4.581   -4.296    4.761    4.581  -19.683  -20.455   21.813   31.058   17.900
  21.90   20.383   20.559   20.933    2.681    3.942   -4.617    2.681    3.942  -18.197  -12.379   10.569   22.020   12.207
  22.00   21.506   22.101   22.324    5.091    3.146   -3.494    5.091    3.146  -10.990  -17.788   16.016   24.012   13.169
  22.10   22.890   23.156   23.274    3.499    2.346   -2.110    3.499    2.346   -4.950   -7.383    8.209   11.100    6.050
  22.20   22.186   22.400   22.408    3.092    0.568   -2.814    3.092    0.568   -1.599   -8.702    1.757    8.902    4.510
  22.30   21.632   22.037   22.056    4.202    0.926   -3.368    4.202    0.926   -3.119  -14.154    3.892   14.931    7.503
  22.40   21.567   22.740   22.740    7.208    0.011   -3.433    7.208    0.011   -0.038  -24.747    0.079   31.874   12.373
  22.50   20.557   21.237   21.238    5.327   -0.224   -4.443    5.327   -0.224    0.994  -23.668   -1.192   24.084   11.859
  22.60   21.253   21.602   21.610    3.865    0.599   -3.747    3.865    0.599   -2.245  -14.482    2.317   14.669    7.419
  22.70   23.424   23.644   23.661    3.219    0.910   -1.576    3.219    0.910   -1.434   -5.073    2.929    6.836    3.015
  22.80   23.594   23.692   23.694    2.154    0.308   -1.406    2.154    0.308   -0.433   -3.028    0.663    3.355    1.565
  22.90   24.223   24.286   24.287    1.745    0.254   -0.777    1.745    0.254   -0.197   -1.356    0.443    1.857    0.720
  23.00   23.655   23.664   23.690    0.666    1.098   -1.345    0.666    1.098   -1.477   -0.896    0.731    1.730    0.938
  23.10   23.178   23.236   23.255    1.629   -0.939   -1.822    1.629   -0.939    1.711   -2.967   -1.530    3.427    1.876
  23.20   24.354   24.515   24.538    2.811   -1.049   -0.646    2.811   -1.049    0.678   -1.816   -2.947    4.709    1.764
  23.30   26.836   27.181   27.214    4.319   -1.338    1.836    4.319   -1.338   -2.457    7.929   -5.780   11.909    5.058
  23.40   25.926   26.239   26.313    4.037   -1.980    0.926    4.037   -1.980   -1.834    3.740   -7.993   10.538    4.506
  23.50   27.000   27.099   27.103    2.317   -0.453    2.000    2.317   -0.453   -0.905    4.634   -1.049    4.787    2.418
  23.60   27.571   27.842   27.858    3.871   -0.954    2.571    3.871   -0.954   -2.452    9.952   -3.692   11.252    5.447
  23.70   29.338   29.560   29.560    3.615   -0.151    4.338    3.615   -0.151   -0.654   15.684   -0.545   15.956    7.853
  23.80   30.529   30.699   30.699    3.226   -0.026    5.529    3.226   -0.026   -0.143   17.836   -0.083   20.489    8.918
  23.90   30.262   30.358   30.393    2.420    1.462    5.262    2.420    1.462    7.693   12.735    3.539   17.841    7.647
  24.00   29.831   29.951   29.959    2.679    0.666    4.831    2.679    0.666    3.215   12.941    1.783   15.480    6.727
  24.10   29.121   29.240   29.247    2.642    0.626    4.121    2.642    0.626    2.578   10.886    1.653   12.175    5.654
  24.20   27.395   27.651   27.659    3.758    0.643    2.395    3.758    0.643    1.539    8.998    2.415   10.134    4.721
  24.30   26.773   27.067   27.080    3.976    0.852    1.773    3.976    0.852    1.511    7.051    3.390    9.842    3.984
  24.40   26.534   26.666   26.674    2.656    0.643    1.534    2.656    0.643    0.985    4.074    1.707    4.911    2.263
  24.50   25.876   25.951   25.960    1.975    0.673    0.876    1.975    0.673    0.590    1.730    1.330    2.561    1.130
  24.60   26.685   26.855   26.857    3.016    0.326    1.685    3.016    0.326    0.549    5.083    0.982    6.022    2.603
  24.70   28.907   29.000   29.021    2.328    1.085    3.907    2.328    1.085    4.238    9.096    2.525   10.930    5.174
  24.80   26.763   26.818   26.823    1.715   -0.484    1.763    1.715   -0.484   -0.854    3.025   -0.831    3.143    1.625
  24.90   27.448   27.475   27.492    1.210   -0.974    2.448    1.210   -0.974   -2.385    2.962   -1.178    4.203    1.990
  25.00   27.659   27.693   27.714    1.364   -1.076    2.659    1.364   -1.076   -2.861    3.626   -1.467    5.044    2.423
  25.10   27.764   27.765   27.769    0.269   -0.414    2.764    0.269   -0.414   -1.144    0.743   -0.111    3.942    0.684
  25.20   30.396   30.419   30.419    1.170   -0.051    5.396    1.170   -0.051   -0.276    6.314   -0.060   15.247    3.160
  25.30   28.888   28.913   28.916    1.210    0.414    3.888    1.210    0.414    1.610    4.702    0.501    8.374    2.498
  25.40   27.773   27.837   27.839    1.894    0.327    2.773    1.894    0.327    0.907    5.251    0.620    5.691    2.683
  25.50   28.339   28.371   28.388    1.360    0.981    3.339    1.360    0.981    3.274    4.541    1.334    6.979    2.877
  25.60   29.183   29.186   29.186    0.401    0.068    4.183    0.401    0.068    0.283    1.676    0.027    8.832    0.850
  25.70   28.944   28.950   28.950    0.572   -0.120    3.944    0.572   -0.120   -0.472    2.256   -0.068    7.949    1.153
  25.80   27.461   27.497   27.513    1.401    0.941    2.461    1.401    0.941    2.317    3.449    1.319    4.454    2.180
  25.90   27.079   27.079   27.100   -0.105    1.079    2.079   -0.105    1.079    2.242   -0.218   -0.113    2.748    1.128
  26.00   28.239   28.253   28.255    0.890   -0.348    3.239    0.890   -0.348   -1.126    2.883   -0.309    5.702    1.555
  26.10   28.578   28.599   28.607    1.105    0.659    3.578    1.105    0.659    2.357    3.954    0.728    7.229    2.330
  26.20   27.278   27.283   27.292   -0.554    0.706    2.278   -0.554    0.706    1.608   -1.262   -0.391    2.996    1.040
  26.30   26.839   26.841   26.843    0.307    0.368    1.839    0.307    0.368    0.677    0.565    0.113    1.805    0.444
  26.40   27.211   27.242   27.274    1.293    1.324    2.211    1.293    1.324    2.926    2.859    1.712    4.156    2.217
  26.50   26.827   26.858   26.922   -1.292    1.856    1.827   -1.292    1.856    3.391   -2.360   -2.397    4.225    2.388
  26.60   25.693   25.721   25.759   -1.184    1.397    0.693   -1.184    1.397    0.968   -0.821   -1.653    1.916    1.042
  26.70   28.185   28.209   28.245   -1.165    1.429    3.185   -1.165    1.429    4.552   -3.710   -1.665    6.771    3.052
  26.80   28.814   28.845   28.856   -1.325    0.808    3.814   -1.325    0.808    3.081   -5.054   -1.070    8.478    3.008
  26.90   26.061   26.078   26.096   -0.931   -0.977    1.061   -0.931   -0.977   -1.037   -0.988    0.910    1.473    0.848
  27.00   25.850   25.858   25.899    0.618   -1.461    0.850    0.618   -1.461   -1.242    0.526   -0.904    1.620    0.812
  27.10   25.588   25.649   25.649    1.769   -0.154    0.588    1.769   -0.154   -0.090    1.040   -0.272    1.750    0.539
  27.20   25.636   25.645   25.856    0.692   -3.298    0.636    0.692   -3.298   -2.096    0.440   -2.282    5.880    1.565
  27.30   26.649   26.652   26.728   -0.349   -2.015    1.649   -0.349   -2.015   -3.323   -0.576    0.704    3.450    1.722
  27.40   26.558   26.593   26.601   -1.357   -0.689    1.558   -1.357   -0.689   -1.074   -2.114    0.935    2.372    1.275
  27.50   25.634   25.637   25.724    0.391   -2.118    0.634    0.391   -2.118   -1.342    0.248   -0.827    2.519    0.798
  27.60   25.037   25.066   25.209    1.204   -2.681    0.037    1.204   -2.681   -0.100    0.045   -3.228    4.319    1.615
  27.70   24.427   24.549   24.787    2.450   -3.423   -0.573    2.450   -3.423    1.962   -1.404   -8.386    9.024    4.363
  27.80   25.058   25.093   25.248    1.338   -2.787    0.058    1.338   -2.787   -0.161    0.077   -3.730    4.782    1.867
  27.90   25.202   25.254   25.435    1.621   -3.027    0.202    1.621   -3.027   -0.611    0.327   -4.906    5.915    2.478
  28.00   26.152   26.173   26.438    1.040   -3.734    1.152    1.040   -3.734   -4.303    1.198   -3.883    8.177    2.959
  28.10   27.406   27.485   27.906    2.084   -4.827    2.406    2.084   -4.827  -11.613    5.015  -10.061   16.716    8.081
  28.20   27.426   27.426   27.657   -0.058   -3.567    2.426   -0.058   -3.567   -8.654   -0.140    0.206    9.306    4.329
  28.30   27.977   27.986   28.276    0.733   -4.038    2.977    0.733   -4.038  -12.019    2.183   -2.961   12.850    6.285
  28.40   27.318   27.318   27.708   -0.061   -4.633    2.318   -0.061   -4.633  -10.738   -0.140    0.281   13.418    5.371
  28.50   27.212   27.223   27.486   -0.792   -3.791    2.212   -0.792   -3.791   -8.385   -1.752    3.003    9.946    4.538
  28.60   26.807   26.883   27.057   -2.024   -3.059    1.807   -2.024   -3.059   -5.527   -3.657    6.191    8.359    4.535
  28.70   27.912   28.043   28.118   -2.706   -2.056    2.912   -2.706   -2.056   -5.988   -7.879    5.564   10.014    5.676
  28.80   28.142   28.297   28.458   -2.960   -3.021    3.142   -2.960   -3.021   -9.491   -9.298    8.941   13.877    8.007
  28.90   30.029   30.034   30.115   -0.554   -2.209    5.029   -0.554   -2.209  -11.107   -2.784    1.223   15.237    5.758
  29.00   31.018   31.066   31.136    1.738   -2.081    6.018    1.738   -2.081  -12.522   10.460   -3.617   21.782    8.356
  29.10   29.019   29.035   29.088    0.962   -1.754    4.019    0.962   -1.754   -7.048    3.866   -1.687   10.078    4.107
  29.20   27.717   27.747   27.768    1.288   -1.074    2.717    1.288   -1.074   -2.919    3.500   -1.383    5.098    2.381
  29.30   27.963   27.990   28.038    1.215   -1.648    2.963    1.215   -1.648   -4.882    3.599   -2.001    6.485    3.193
  29.40   27.415   27.420   27.430    0.517   -0.737    2.415    0.517   -0.737   -1.779    1.249   -0.381    3.321    1.104
  29.50   26.261   26.277   26.300    0.922    1.098    1.261    0.922    1.098    1.385    1.162    1.012    1.823    1.036
  29.60   25.971   26.014   26.015    1.491    0.155    0.971    1.491    0.155    0.150    1.448    0.231    1.595    0.737
  29.70   25.924   25.927   25.965   -0.328   -1.412    0.924   -0.328   -1.412   -1.305   -0.303    0.463    1.478    0.709
  29.80   25.153   25.160   25.183   -0.597   -1.066    0.153   -0.597   -1.066   -0.163   -0.091    0.637    0.759    0.332
  29.90   23.914   23.920   23.958    0.528   -1.351   -1.086    0.528   -1.351    1.468   -0.573   -0.713    1.642    0.865
  30.00   25.105   25.154   25.160    1.560   -0.574    0.105    1.560   -0.574   -0.060    0.164   -0.895    1.387    0.456
  30.10   24.824   24.946   24.949    2.463    0.415   -0.176    2.463    0.415   -0.073   -0.434    1.023    3.135    0.557
  30.20   24.670   24.787   24.787    2.408   -0.059   -0.330    2.408   -0.059    0.019   -0.795   -0.141    2.956    0.404
  30.30   25.396   25.406   25.456    0.722   -1.592    0.396    0.722   -1.592   -0.630    0.286   -1.149    1.605    0.671
  30.40   25.743   25.795   25.874    1.635   -2.024    0.743    1.635   -2.024   -1.504    1.216   -3.309    3.661    1.916
  30.50   24.411   24.412   24.482    0.193   -1.850   -0.589    0.193   -1.850    1.090   -0.114   -0.356    1.904    0.576
  30.60   24.328   24.358   24.392   -1.222   -1.279   -0.672   -1.222   -1.279    0.860    0.822    1.563    1.790    0.982
  30.70   23.807   23.863   23.882   -1.634    0.965   -1.193   -1.634    0.965   -1.151    1.950   -1.577    2.513    1.380
  30.80   23.225   23.234   23.241   -0.681   -0.553   -1.775   -0.681   -0.553    0.981    1.210    0.377    1.961    0.801
  30.90   23.814   23.831   23.832   -0.917    0.130   -1.186   -0.917    0.130   -0.154    1.088   -0.119    1.132    0.552
  31.00   24.035   24.131   24.132   -2.154    0.179   -0.965   -2.154    0.179   -0.172    2.079   -0.385    2.802    1.061
  31.10   24.864   24.878   24.882   -0.825    0.429   -0.136   -0.825    0.429   -0.058    0.112   -0.354    0.441    0.188
  31.20   23.862   23.874   23.877    0.744    0.378   -1.138    0.744    0.378   -0.430   -0.846    0.281    0.995    0.495
  31.30   24.457   24.466   24.471    0.647    0.483   -0.543    0.647    0.483   -0.262   -0.351    0.312    0.473    0.269
  31.40   24.864   24.880   24.910    0.913    1.210   -0.136    0.913    1.210   -0.165   -0.124    1.104    1.158    0.562
  31.50   26.827   26.856   26.856    1.241   -0.044    1.827    1.241   -0.044   -0.080    2.267   -0.054    2.439    1.134
  31.60   26.684   26.881   26.881    3.245   -0.151    1.684    3.245   -0.151   -0.254    5.465   -0.490    6.694    2.746
  31.70   26.052   26.302   26.333    3.616   -1.283    1.052    3.616   -1.283   -1.350    3.804   -4.638    7.912    3.074
  31.80   25.876   25.964   25.985    2.142   -1.032    0.876    2.142   -1.032   -0.904    1.876   -2.211    3.210    1.518
  31.90   25.754   25.855   25.915    2.277    1.767    0.754    2.277    1.767    1.332    1.717    4.022    4.436    2.286
  32.00   25.521   25.529   25.592   -0.632    1.803    0.521   -0.632    1.803    0.939   -0.329   -1.139    1.960    0.756
  32.10   25.329   25.437   25.587   -2.332    2.768    0.329   -2.332    2.768    0.912   -0.768   -6.457    6.606    3.283
  32.20   26.088   26.241   26.526   -2.827    3.880    1.088   -2.827    3.880    4.222   -3.076  -10.970   12.116    6.075
  32.30   25.722   25.975   26.047   -3.623    1.935    0.722   -3.623    1.935    1.396   -2.614   -7.012    8.695    3.806
  32.40   27.360   27.420   27.493   -1.824    1.995    2.360   -1.824    1.995    4.707   -4.305   -3.639    6.437    3.672
  32.50   27.901   27.927   27.964   -1.211    1.439    2.901   -1.211    1.439    4.174   -3.512   -1.742    5.975    2.863
  32.60   26.631   26.632   26.736    0.145    2.354    1.631    0.145    2.354    3.840    0.236    0.341    4.111    1.931
  32.70   26.111   26.126   26.213    0.895    2.132    1.111    0.895    2.132    2.369    0.994    1.908    3.291    1.600
  32.80   24.463   24.463   24.801   -0.077    4.079   -0.537   -0.077    4.079   -2.189    0.041   -0.312    8.466    1.106
  32.90   23.819   23.820   24.017    0.192    3.071   -1.181    0.192    3.071   -3.626   -0.226    0.588    5.430    1.840
  33.00   25.415   25.416   25.425    0.141    0.677    0.415    0.141    0.677    0.281    0.058    0.095    0.325    0.151
  33.10   23.905   23.911   23.974    0.534    1.739   -1.095    0.534    1.739   -1.903   -0.585    0.929    2.253    1.098
  33.20   23.841   23.847   24.060   -0.524    3.200   -1.159   -0.524    3.200   -3.710    0.608   -1.677    5.930    2.058
  33.30   24.736   24.796   24.867    1.719    1.881   -0.264    1.719    1.881   -0.496   -0.453    3.234    3.281    1.651
  33.40   25.816   25.904   26.034    2.136    2.594    0.816    2.136    2.594    2.117    1.742    5.541    5.979    3.091
  33.50   24.774   24.924   24.929    2.725    0.543   -0.226    2.725    0.543   -0.123   -0.615    1.479    3.885    0.803
  33.60   25.513   25.671   25.671    2.841    0.077    0.513    2.841    0.077    0.039    1.457    0.218    4.169    0.737
  33.70   26.541   26.653   26.654    2.447    0.235    1.541    2.447    0.235    0.362    3.769    0.574    4.207    1.915
  33.80   26.025   26.143   26.144    2.487   -0.023    1.025    2.487   -0.023   -0.024    2.549   -0.057    3.617    1.275
  33.90   26.518   26.704   26.706    3.143    0.364    1.518    3.143    0.364    0.553    4.772    1.144    6.157    2.469
  34.00   25.568   25.658   25.707    2.147    1.576    0.568    2.147    1.576    0.896    1.220    3.382    3.707    1.853
  34.10   24.760   24.832   24.851    1.887    0.992   -0.240    1.887    0.992   -0.238   -0.453    1.871    2.300    0.970
  34.20   25.228   25.229   25.229    0.189    0.105    0.228    0.189    0.105    0.024    0.043    0.020    0.049    0.027
  34.30   23.982   23.982   23.985    0.033   -0.387   -1.018    0.033   -0.387    0.394   -0.034   -0.013    0.594    0.198
  34.40   25.597   25.601   25.620    0.444   -1.005    0.597    0.444   -1.005   -0.600    0.265   -0.447    0.782    0.397
  34.50   26.257   26.321   26.323   -1.827   -0.318    1.257   -1.827   -0.318   -0.399   -2.297    0.580    2.509    1.201
  34.60   27.018   27.144   27.145   -2.609    0.263    2.018   -2.609    0.263    0.531   -5.264   -0.687    5.473    2.668
  34.70   26.832   26.982   27.000   -2.836    0.978    1.832   -2.836    0.978    1.792   -5.197   -2.774    6.179    3.079
  34.80   25.502   25.673   25.736   -2.958    1.801    0.502   -2.958    1.801    0.904   -1.485   -5.327    6.123    2.802
  34.90   25.659   25.875   25.923   -3.337    1.579    0.659   -3.337    1.579    1.041   -2.200   -5.268    7.030    2.902
  35.00   27.090   27.221   27.221   -2.670    0.060    2.090   -2.670    0.060    0.125   -5.580   -0.160    5.750    2.792
  35.10   27.622   27.757   27.772   -2.734    0.928    2.622   -2.734    0.928    2.433   -7.168   -2.538    7.605    3.992
  35.20   27.217   27.337   27.349   -2.566    0.789    2.217   -2.566    0.789    1.750   -5.689   -2.026    6.061    3.143
  35.30   25.774   25.890   25.899   -2.445    0.697    0.774   -2.445    0.697    0.539   -1.892   -1.704    3.532    1.301
  35.40   23.117   23.324   23.331   -3.103    0.565   -1.883   -3.103    0.565   -1.064    5.844   -1.754    6.748    3.097
  35.50   24.614   24.931   25.001   -3.963    1.869   -0.386   -3.963    1.869   -0.721    1.529   -7.406    9.672    3.798
  35.60   23.424   23.985   24.069   -5.158    2.009   -1.576   -5.158    2.009   -3.167    8.130  -10.363   16.563    6.774
  35.70   24.281   24.584   24.608   -3.849    1.084   -0.719   -3.849    1.084   -0.780    2.768   -4.173    8.253    2.534
  35.80   24.786   25.017   25.187   -3.393    2.921   -0.214   -3.393    2.921   -0.625    0.726   -9.912   10.047    4.979
  35.90   25.088   25.205   25.378   -2.420    2.962    0.088   -2.420    2.962    0.261   -0.213   -7.167    7.318    3.588
  36.00   24.448   24.540   24.989   -2.113    4.719   -0.552   -2.113    4.719   -2.603    1.166   -9.972   13.520    5.186
  36.10   24.033   24.132   24.248   -2.177    2.367   -0.967   -2.177    2.367   -2.288    2.104   -5.152    5.638    3.009
  36.20   24.236   24.562   24.690   -3.991    2.509   -0.764   -3.991    2.509   -1.917    3.050  -10.013   11.404    5.321
  36.30   24.305   24.684   24.821   -4.309    2.604   -0.695   -4.309    2.604   -1.810    2.995  -11.221   12.915    5.877
  36.40   23.792   24.067   24.193   -3.629    2.465   -1.208   -3.629    2.465   -2.978    4.385   -8.946   10.354    5.199
  36.50   23.248   23.673   23.807   -4.468    2.520   -1.752   -4.468    2.520   -4.415    7.830  -11.259   14.693    7.204
  36.60   22.108   22.313   22.377   -3.019    1.700   -2.892   -3.019    1.700   -4.917    8.731   -5.132   10.184    5.629
  36.70   22.608   22.788   22.813   -2.862    1.055   -2.392   -2.862    1.055   -2.523    6.846   -3.019    7.513    3.948
  36.80   23.561   23.600   23.603   -1.348   -0.391   -1.439   -1.348   -0.391    0.563    1.940    0.527    2.020    1.044
  36.90   22.835   22.967   22.993   -2.458   -1.102   -2.165   -2.458   -1.102    2.386    5.320    2.708    5.970    3.215
  37.00   21.840   21.945   21.975   -2.148   -1.135   -3.160   -2.148   -1.135    3.586    6.789    2.438    7.945    4.028
  37.10   22.264   22.362   22.455   -2.090   -2.039   -2.736   -2.090   -2.039    5.579    5.718    4.263    8.006    4.528
  37.20   24.394   24.396   24.487    0.339   -2.106   -0.606    0.339   -2.106    1.277   -0.206   -0.714    2.459    0.739
  37.30   24.244   24.271   24.272   -1.150    0.209   -0.756   -1.150    0.209   -0.158    0.870   -0.241    0.969    0.458
  37.40   22.942   22.979   22.990   -1.296    0.725   -2.058   -1.296    0.725   -1.491    2.667   -0.939    3.219    1.598
  37.50   23.392   23.392   23.436   -0.065    1.440   -1.608   -0.065    1.440   -2.316    0.104   -0.093    2.332    1.160
  37.60   23.098   23.139   23.145    1.369   -0.526   -1.902    1.369   -0.526    1.000   -2.604   -0.720    2.883    1.440
  37.70   22.401   22.402   22.403    0.203   -0.238   -2.599    0.203   -0.238    0.618   -0.528   -0.048    3.426    0.407
  37.80   21.517   21.517   21.518    0.126    0.131   -3.483    0.126    0.131   -0.457   -0.437    0.016    6.082    0.316
  37.90   20.705   20.705   20.707   -0.072    0.290   -4.295   -0.072    0.290   -1.245    0.307   -0.021    9.269    0.641
  38.00   19.133   19.232   19.252   -1.948    0.871   -5.867   -1.948    0.871   -5.108   11.430   -1.696   19.486    6.317
  38.10   20.624   20.678   20.678   -1.487    0.079   -4.376   -1.487    0.079   -0.344    6.508   -0.117   10.684    3.259
  38.20   19.771   19.820   19.860   -1.399    1.247   -5.229   -1.399    1.247   -6.522    7.317   -1.745   15.428    4.978
  38.30   20.042   20.071   20.086   -1.082    0.781   -4.958   -1.082    0.781   -3.875    5.363   -0.845   13.182    3.335
  38.40   20.007   20.007   20.008   -0.161   -0.191   -4.993   -0.161   -0.191    0.955    0.803    0.031   12.499    0.624
  38.50   20.641   20.641   20.687   -0.038    1.375   -4.359   -0.038    1.375   -5.992    0.165   -0.052   10.445    2.997
  38.60   22.235   22.253   22.380    0.895    2.384   -2.765    0.895    2.384   -6.593   -2.474    2.133    7.066    3.679
  38.70   22.081   22.194   22.242    2.233    1.454   -2.919    2.233    1.454   -4.243   -6.518    3.247    7.809    4.214
  38.80   19.930   20.129   20.205    2.819    1.759   -5.070    2.819    1.759   -8.915  -14.292    4.957   18.371    8.780
  38.90   19.706   19.825   20.029    2.165    2.852   -5.294    2.165    2.852  -15.097  -11.463    6.176   20.423    9.968
  39.00   20.574   20.577   20.738    0.377    2.572   -4.426    0.377    2.572  -11.382   -1.670    0.970   13.173    5.772
  39.10   21.038   21.159   21.263    2.260    2.093   -3.962    2.260    2.093   -8.293   -8.954    4.731   12.593    6.545
  39.20   20.473   20.473   20.474   -0.079    0.125   -4.527   -0.079    0.125   -0.565    0.356   -0.010   10.256    0.334
  39.30   20.390   20.390   20.391    0.070   -0.140   -4.610    0.070   -0.140    0.644   -0.324   -0.010   10.638    0.361
  39.40   21.208   21.246   21.250    1.274    0.370   -3.792    1.274    0.370   -1.403   -4.831    0.471    8.069    2.526
  39.50   21.071   21.079   21.126   -0.554    1.416   -3.929   -0.554    1.416   -5.562    2.176   -0.784    8.872    3.012
  39.60   21.842   21.843   21.943    0.082    2.099   -3.158    0.082    2.099   -6.629   -0.259    0.172    7.192    3.318
  39.70   22.462   22.468   22.542    0.538    1.825   -2.538    0.538    1.825   -4.632   -1.367    0.983    5.031    2.464
  39.80   20.432   20.437   20.438    0.420    0.184   -4.568    0.420    0.184   -0.840   -1.918    0.077   10.536    1.047
  39.90   21.742   21.787   21.824    1.401    1.279   -3.258    1.401    1.279   -4.166   -4.564    1.791    7.107    3.217
  40.00   21.954   22.072   22.108    2.284    1.266   -3.046    2.284    1.266   -3.857   -6.958    2.892    8.050    4.232
  40.10   20.235   20.754   20.782    4.613    1.072   -4.765    4.613    1.072   -5.107  -21.978    4.944   22.564   11.549
  40.20   20.916   21.411   21.417    4.577   -0.501   -4.084    4.577   -0.501    2.046  -18.689   -2.293   18.936    9.470
  40.30   21.712   21.943   21.996    3.181    1.521   -3.288    3.181    1.521   -5.001  -10.459    4.837   11.621    6.281
  40.40   21.797   21.984   22.027    2.862    1.384   -3.203    2.862    1.384   -4.433   -9.167    3.960   10.183    5.463
  40.50   21.983   22.042   22.136    1.611    2.035   -3.017    1.611    2.035   -6.140   -4.859    3.279    7.919    4.245
  40.60   23.477   23.491   23.530    0.810    1.361   -1.523    0.810    1.361   -2.073   -1.233    1.102    2.414    1.326
  40.70   22.092   22.138   22.144    1.425    0.510   -2.908    1.425    0.510   -1.483   -4.143    0.726    5.374    2.230
  40.80   22.007   22.024   22.062   -0.867    1.286   -2.993   -0.867    1.286   -3.850    2.594   -1.115    5.682    2.387
  40.90   22.600   22.621   22.621   -0.966    0.134   -2.400   -0.966    0.134   -0.322    2.317   -0.130    3.355    1.172
  41.00   23.224   23.297   23.306   -1.839   -0.642   -1.776   -1.839   -0.642    1.140    3.266    1.181    3.474    1.827
  41.10   22.161   22.162   22.164    0.218    0.292   -2.839    0.218    0.292   -0.828   -0.618    0.063    4.097    0.518
  41.20   22.571   22.592   22.644    0.972    1.536   -2.429    0.972    1.536   -3.732   -2.360    1.493    4.602    2.331
  41.30   21.673   21.677   21.686   -0.411    0.634   -3.327   -0.411    0.634   -2.108    1.369   -0.261    5.819    1.263
  41.40   21.811   21.829   21.832   -0.878    0.374   -3.189   -0.878    0.374   -1.191    2.799   -0.328    5.539    1.530
  41.50   20.832   20.833   20.842    0.224    0.604   -4.168    0.224    0.604   -2.517   -0.933    0.135    8.894    1.344
  41.60   20.490   20.541   20.567   -1.446    1.047   -4.510   -1.446    1.047   -4.724    6.520   -1.514   11.765    4.097
  41.70   20.228   20.245   20.248   -0.812    0.376   -4.772   -0.812    0.376   -1.794    3.876   -0.305   11.785    2.141
  41.80   18.054   18.059   18.083    0.412    0.932   -6.946    0.412    0.932   -6.474   -2.863    0.384   24.644    3.545
  41.90   19.670   19.684   19.684   -0.722    0.154   -5.330   -0.722    0.154   -0.823    3.849   -0.111   14.475    1.969
  42.00   19.304   19.307   19.307   -0.333   -0.170   -5.696   -0.333   -0.170    0.967    1.895    0.057   16.293    1.064
  42.10   18.409   18.443   18.484   -1.116   -1.236   -6.591   -1.116   -1.236    8.146    7.355    1.379   23.107    5.531
  42.20   20.322   20.410   20.427   -1.898    0.823   -4.678   -1.898    0.823   -3.848    8.877   -1.561   13.082    4.900
  42.30   20.410   20.467   20.479   -1.539    0.673   -4.590   -1.539    0.673   -3.089    7.063   -1.036   11.946    3.889
  42.40   21.058   21.160   21.210   -2.076    1.450   -3.942   -2.076    1.450   -5.717    8.182   -3.010   10.976    5.213
  42.50   20.240   20.306   20.452   -1.635    2.443   -4.760   -1.635    2.443  -11.631    7.781   -3.994   15.650    7.276
  42.60   19.886   19.925   19.993   -1.241    1.654   -5.114   -1.241    1.654   -8.461    6.347   -2.053   15.215    5.387
  42.70   19.974   19.974   20.152   -0.167    2.672   -5.026   -0.167    2.672  -13.430    0.839   -0.446   16.216    6.732
  42.80   20.173   20.207   20.284    1.181    1.762   -4.827    1.181    1.762   -8.507   -5.699    2.081   13.900    5.224
  42.90   20.868   20.937   20.998    1.703    1.596   -4.132    1.703    1.596   -6.595   -7.039    2.718   11.261    5.010
  43.00   20.523   20.524   20.739    0.106    2.983   -4.477    0.106    2.983  -13.354   -0.475    0.316   14.475    6.683
  43.10   19.856   19.862   20.020   -0.480    2.505   -5.144   -0.480    2.505  -12.885    2.469   -1.203   16.481    6.587
  43.20   19.843   19.876   19.889   -1.140    0.731   -5.157   -1.140    0.731   -3.770    5.881   -0.834   14.216    3.518
  43.30   19.752   19.772   19.908   -0.885    2.324   -5.248   -0.885    2.324  -12.195    4.646   -2.057   16.862    6.605
  43.40   17.821   17.827   18.037    0.453    2.742   -7.179    0.453    2.742  -19.684   -3.254    1.243   29.630    9.995
  43.50   19.845   19.872   19.987    1.051    2.140   -5.155    1.051    2.140  -11.033   -5.419    2.249   16.131    6.248
  43.60   20.836   20.855   20.858    0.889    0.363   -4.164    0.889    0.363   -1.513   -3.702    0.323    9.132    2.006
  43.70   20.303   20.381   20.384    1.784   -0.335   -4.697    1.784   -0.335    1.572   -8.380   -0.597   12.679    4.273
  43.80   20.740   20.794   20.818    1.495   -0.999   -4.260    1.495   -0.999    4.257   -6.370   -1.495   10.690    3.903
  43.90   19.195   19.196   19.496   -0.186   -3.409   -5.805   -0.186   -3.409   19.787    1.078    0.633   22.675    9.913
  44.00   18.293   18.427   18.503    2.218   -1.668   -6.707    2.218   -1.668   11.186  -14.874   -3.699   26.340    9.488
  44.10   19.072   19.225   19.310    2.416   -1.816   -5.928    2.416   -1.816   10.763  -14.325   -4.388   22.138    9.224
  44.20   18.186   18.367   18.392    2.572   -0.970   -6.814    2.572   -0.970    6.606  -17.524   -2.493   26.993    9.447
  44.30   18.465   18.595   18.609    2.192   -0.728   -6.535    2.192   -0.728    4.760  -14.323   -1.597   24.018    7.589
  44.40   18.048   18.130   18.131    1.722   -0.188   -6.952    1.722   -0.188    1.308  -11.974   -0.324   25.665    6.025
  44.50   18.945   18.992   18.993    1.331    0.198   -6.055    1.331    0.198   -1.201   -8.056    0.264   19.235    4.075
  44.60   18.341   18.461   18.465    2.107    0.390   -6.659    2.107    0.390   -2.597  -14.034    0.822   24.471    7.148
  44.70   18.219   18.489   18.508    3.146   -0.845   -6.781    3.146   -0.845    5.729  -21.331   -2.658   28.294   11.123
  44.80   18.725   19.258   19.275    4.499   -0.816   -6.275    4.499   -0.816    5.120  -28.235   -3.671   30.145   14.465
  44.90   19.319   20.174   20.180    5.812    0.479   -5.681    5.812    0.479   -2.722  -33.017    2.785   33.140   16.623
  45.00   20.488   21.282   21.294    5.761    0.703   -4.512    5.761    0.703   -3.174  -25.995    4.052   27.021   13.250
  45.10   21.076   21.530   21.611    4.396    1.875   -3.924    4.396    1.875   -7.355  -17.247    8.240   19.116   10.240
  45.20   20.992   21.950   21.968    6.414    0.897   -4.008    6.414    0.897   -3.594  -25.706    5.752   29.002   13.293
  45.30   21.958   22.947   22.952    6.663   -0.486   -3.042    6.663   -0.486    1.478  -20.267   -3.237   26.943   10.288
  45.40   20.772   21.585   21.599    5.867    0.797   -4.228    5.867    0.797   -3.371  -24.808    4.678   26.469   12.735
  45.50   21.421   22.060   22.414    5.269    3.970   -3.579    5.269    3.970  -14.206  -18.857   20.917   28.165   15.771
  45.60   20.328   21.206   21.433    6.039    3.115   -4.672    6.039    3.115  -14.554  -28.216   18.811   34.001   18.451
  45.70   20.874   21.887   21.996    6.583    2.182   -4.126    6.583    2.182   -9.005  -27.160   14.366   32.559   16.009
  45.80   20.610   21.239   21.409    5.129    2.693   -4.390    5.129    2.693  -11.822  -22.518   13.813   26.417   14.471
  45.90   19.623   20.401   20.540    5.580    2.388   -5.377    5.580    2.388  -12.840  -30.006   13.326   32.878   17.627
  46.00   20.849   21.193   21.292    3.803    2.053   -4.151    3.803    2.053   -8.523  -15.788    7.809   17.956    9.784
  46.10   20.559   21.040   21.084    4.471    1.361   -4.441    4.471    1.361   -6.044  -19.854    6.085   20.780   10.814
  46.20   20.392   20.653   20.683    3.278    1.111   -4.608    3.278    1.111   -5.121  -15.105    3.642   16.607    8.180
  46.30   19.262   19.437   19.443    2.605    0.496   -5.738    2.605    0.496   -2.848  -14.948    1.293   19.981    7.636
  46.40   20.305   20.394   20.421    1.902    1.041   -4.695    1.902    1.041   -4.887   -8.929    1.980   13.370    5.185
  46.50   20.334   20.369   20.502    1.183    2.330   -4.666    1.183    2.330  -10.870   -5.517    2.755   14.297    6.248
  46.60   21.517   21.535   21.715    0.873    2.790   -3.483    0.873    2.790   -9.719   -3.041    2.437   10.340    5.235
  46.70   20.922   20.925   21.035    0.346    2.153   -4.078    0.346    2.153   -8.779   -1.410    0.744   10.692    4.461
  46.80   21.162   21.181   21.216    0.901    1.207   -3.838    0.901    1.207   -4.633   -3.460    1.088    8.500    2.942
  46.90   20.490   20.502   20.518    0.696    0.820   -4.510    0.696    0.820   -3.698   -3.139    0.571   10.749    2.442
  47.00   20.202   20.249   20.451    1.386    2.864   -4.798    1.386    2.864  -13.742   -6.652    3.971   16.574    7.888
  47.10   21.045   21.046   21.218   -0.171    2.697   -3.955   -0.171    2.697  -10.667    0.676   -0.461   11.473    5.349
  47.20   20.954   20.962   21.036   -0.589    1.753   -4.046   -0.589    1.753   -7.094    2.384   -1.033    9.896    3.778
  47.30   21.144   21.188   21.343   -1.368    2.568   -3.856   -1.368    2.568   -9.901    5.274   -3.512   11.665    5.877
  47.40   22.871   22.938   23.096   -1.749    2.695   -2.129   -1.749    2.695   -5.738    3.724   -4.716    7.429    4.154
  47.50   22.772   22.797   22.817   -1.061    0.953   -2.228   -1.061    0.953   -2.123    2.364   -1.011    3.499    1.667
  47.60   22.262   22.262   22.326   -0.154    1.689   -2.738   -0.154    1.689   -4.624    0.421   -0.260    5.187    2.325
  47.70   21.808   21.810   21.897   -0.335    1.948   -3.192   -0.335    1.948   -6.217    1.070   -0.653    7.048    3.171
  47.80   21.820   21.870   21.913   -1.469    1.375   -3.180   -1.469    1.375   -4.371    4.671   -2.020    7.079    3.354
  47.90   21.314   21.326   21.508   -0.722    2.790   -3.686   -0.722    2.790  -10.284    2.662   -2.015   10.946    5.406
  48.00   20.237   20.288   20.488   -1.436    2.854   -4.763   -1.436    2.854  -13.593    6.838   -4.097   16.446    7.879
  48.10   22.525   22.526   22.646    0.130    2.326   -2.475    0.130    2.326   -5.756   -0.322    0.302    5.775    2.886
  48.20   22.663   22.663   22.689    0.022    1.069   -2.337    0.022    1.069   -2.497   -0.050    0.023    3.301    1.249
  48.30   21.650   21.675   21.730   -1.047    1.551   -3.350   -1.047    1.551   -5.195    3.509   -1.624    7.363    3.238
  48.40   23.780   23.790   23.806    0.691    0.880   -1.220    0.691    0.880   -1.073   -0.843    0.608    1.370    0.747
  48.50   26.317   26.320   26.389    0.400    1.903    1.317    0.400    1.903    2.506    0.526    0.761    2.758    1.336
  48.60   25.230   25.237   25.434    0.555    3.162    0.230    0.555    3.162    0.728    0.128    1.756    5.179    0.953
  48.70   24.372   24.403   24.719    1.229    3.942   -0.628    1.229    3.942   -2.477   -0.773    4.845    8.721    2.748
  48.80   25.128   25.128   25.184    0.067    1.686    0.128    0.067    1.686    0.215    0.009    0.114    1.431    0.122
  48.90   25.224   25.246   25.272    1.074    1.130    0.224    1.074    1.130    0.253    0.240    1.214    1.240    0.631
  49.00   25.862   25.876   25.953    0.848    1.994    0.862    0.848    1.994    1.720    0.731    1.691    2.720    1.260
  49.10   25.742   25.770   25.911    1.197    2.706    0.742    1.197    2.706    2.007    0.888    3.238    4.652    1.956
  49.20   26.485   26.491   26.558    0.592    1.880    1.485    0.592    1.880    2.791    0.879    1.112    3.044    1.565
  49.30   26.175   26.195   26.221   -1.035    1.173    1.175   -1.035    1.173    1.378   -1.215   -1.214    1.913    1.101
  49.40   25.607   25.608   25.617   -0.113   -0.701    0.607   -0.113   -0.701   -0.426   -0.069    0.080    0.437    0.219
  49.50   24.895   24.908   24.908   -0.826    0.034   -0.105   -0.826    0.034   -0.004    0.087   -0.028    0.347    0.046
  49.60   25.369   25.538   25.542   -2.930    0.456    0.369   -2.930    0.456    0.168   -1.081   -1.337    4.464    0.864
  49.70   25.273   25.463   25.479   -3.106    0.901    0.273   -3.106    0.901    0.246   -0.848   -2.797    5.267    1.467
  49.80   25.291   25.318   25.333   -1.160    0.886    0.291   -1.160    0.886    0.258   -0.338   -1.028    1.108    0.556
  49.90   25.082   25.097   25.119   -0.874    1.037    0.082   -0.874    1.037    0.085   -0.072   -0.907    0.924    0.457
  50.00   26.114   26.116   26.122   -0.301    0.578    1.114   -0.301    0.578    0.644   -0.335   -0.174    0.833    0.373
  50.10   26.883   26.892   26.923    0.674    1.297    1.883    0.674    1.297    2.442    1.269    0.874    2.841    1.444
  50.20   27.331   27.410   27.437    2.082    1.209    2.331    2.082    1.209    2.818    4.852    2.516    5.613    3.074
  50.30   28.032   28.050   28.075    1.011    1.174    3.032    1.011    1.174    3.560    3.066    1.187    5.797    2.423
  50.40   27.413   27.433   27.449    1.045    0.937    2.413    1.045    0.937    2.260    2.522    0.979    3.897    1.763
  50.50   27.040   27.181   27.182    2.765    0.228    2.040    2.765    0.228    0.465    5.641    0.630    5.930    2.848
  50.60   27.378   27.511   27.522    2.701    0.805    2.378    2.701    0.805    1.914    6.421    2.174    6.798    3.522
  50.70   26.308   26.797   26.821    5.096    1.143    1.308    5.096    1.143    1.495    6.664    5.824   14.492    4.488
  50.80   27.490   28.775   28.783    8.502   -0.697    2.490    8.502   -0.697   -1.736   21.172   -5.926   39.487   11.027
  50.90   27.677   28.565   28.586    7.067   -1.096    2.677    7.067   -1.096   -2.934   18.915   -7.746   29.153   10.324
  51.00   26.355   27.234   27.279    6.861   -1.569    1.355    6.861   -1.569   -2.127    9.300  -10.766   25.689    7.192
  51.10   25.239   25.854   25.907    5.604   -1.668    0.239    5.604   -1.668   -0.399    1.339   -9.347   17.122    4.726
  51.20   25.120   25.363   25.370    3.505   -0.572    0.120    3.505   -0.572   -0.069    0.420   -2.004    6.312    1.024
  51.30   25.443   25.558   25.560    2.423    0.297    0.443    2.423    0.297    0.132    1.073    0.720    3.079    0.650
  51.40   26.313   26.333   26.348    1.025    0.885    1.313    1.025    0.885    1.163    1.346    0.907    1.780    0.998
  51.50   25.677   25.735   25.736    1.729    0.100    0.677    1.729    0.100    0.068    1.171    0.173    1.729    0.593
  51.60   24.977   25.019   25.025    1.446    0.542   -0.023    1.446    0.542   -0.012   -0.033    0.784    1.193    0.393
  51.70   26.012   26.036   26.038    1.104    0.339    1.012    1.104    0.339    0.343    1.118    0.374    1.179    0.614
  51.80   28.139   28.178   28.192    1.479    0.905    3.139    1.479    0.905    2.841    4.642    1.338    6.429    2.802
  51.90   27.273   27.280   27.320    0.613    1.480    2.273    0.613    1.480    3.364    1.393    0.908    3.866    1.876
  52.00   28.114   28.135   28.138    1.100    0.400    3.114    1.100    0.400    1.244    3.424    0.440    5.531    1.835
  52.10   27.079   27.081   27.091    0.342   -0.720    2.079    0.342   -0.720   -1.497    0.711   -0.246    2.479    0.838
  52.20   25.931   25.935   25.935   -0.419    0.070    0.931   -0.419    0.070    0.066   -0.390   -0.030    0.524    0.198
  52.30   25.143   25.147   25.147   -0.445    0.056    0.143   -0.445    0.056    0.008   -0.064   -0.025    0.111    0.034
  52.40   24.406   24.410   24.414    0.424   -0.435   -0.594    0.424   -0.435    0.258   -0.251   -0.184    0.361    0.202
  52.50   24.466   24.471   24.510   -0.491   -1.375   -0.534   -0.491   -1.375    0.734    0.262    0.675    1.208    0.516
  52.60   24.002   24.076   24.076   -1.890   -0.044   -0.998   -1.890   -0.044    0.044    1.887    0.082    2.286    0.945
  52.70   23.574   23.685   23.741   -2.288    1.633   -1.426   -2.288    1.633   -2.329    3.263   -3.737    4.969    2.741
  52.80   22.508   22.855   22.939   -3.966    1.959   -2.492   -3.966    1.959   -4.881    9.883   -7.770   12.889    6.743
  52.90   23.765   24.065   24.121   -3.788    1.647   -1.235   -3.788    1.647   -2.035    4.678   -6.239    9.292    4.030
  53.00   24.667   24.946   24.975   -3.722    1.193   -0.333   -3.722    1.193   -0.397    1.238   -4.439    7.691    2.313
  53.10   25.274   25.477   25.744   -3.213    3.694    0.274   -3.213    3.694    1.012   -0.880  -11.869   12.023    5.972
  53.20   25.009   25.225   25.655   -3.290    4.680    0.009   -3.290    4.680    0.044   -0.031  -15.399   16.365    7.699
  53.30   25.430   25.875   25.954   -4.780    2.025    0.430   -4.780    2.025    0.870   -2.055   -9.679   13.568    4.966
  53.40   24.931   25.285   25.452   -4.218    2.908   -0.069   -4.218    2.908   -0.201    0.292  -12.265   13.126    6.135
  53.50   24.958   25.044   25.175   -2.077    2.559   -0.042   -2.077    2.559   -0.108    0.088   -5.315    5.432    2.658
  53.60   24.948   24.948   24.986    0.162    1.361   -0.052    0.162    1.361   -0.071   -0.008    0.221    0.941    0.116
  53.70   25.107   25.120   25.145    0.810    1.134    0.107    0.810    1.134    0.121    0.086    0.919    0.977    0.466
  53.80   24.824   24.861   24.883   -1.351    1.067   -0.176   -1.351    1.067   -0.188    0.238   -1.442    1.498    0.737
  53.90   23.838   23.845   23.993   -0.582    2.656   -1.162   -0.582    2.656   -3.086    0.677   -1.547    4.372    1.759
  54.00   23.519   23.553   23.699   -1.274    2.624   -1.481   -1.274    2.624   -3.886    1.887   -3.342    5.350    2.731
  54.10   24.943   24.944   25.076    0.101    2.575   -0.057    0.101    2.575   -0.146   -0.006    0.260    3.322    0.149
  54.20   26.264   26.285   26.346    1.060    1.795    1.264    1.060    1.795    2.268    1.339    1.902    2.971    1.624
  54.30   26.164   26.168   26.172   -0.482   -0.417    1.164   -0.482   -0.417   -0.485   -0.561    0.201    0.880    0.384
  54.40   25.865   25.873   25.877   -0.654   -0.453    0.865   -0.654   -0.453   -0.392   -0.565    0.296    0.690    0.374
  54.50   26.547   26.597   26.597   -1.645   -0.044    1.547   -1.645   -0.044   -0.068   -2.544    0.072    2.550    1.273
  54.60   26.677   26.703   26.704   -1.170    0.267    1.677   -1.170    0.267    0.448   -1.961   -0.312    2.126    1.018
  54.70   26.210   26.211   26.227    0.208    0.934    1.210    0.208    0.934    1.130    0.251    0.194    1.190    0.587
  54.80   23.845   23.889   23.965    1.437    1.918   -1.155    1.437    1.918   -2.215   -1.659    2.756    3.539    1.953
  54.90   23.487   23.501   23.639   -0.791    2.554   -1.513   -0.791    2.554   -3.863    1.197   -2.021    4.719    2.261
  55.00   24.415   24.561   24.814   -2.682    3.534   -0.585   -2.682    3.534   -2.069    1.570   -9.477   10.011    4.913
  55.10   25.417   25.509   25.610   -2.163    2.273    0.417   -2.163    2.273    0.949   -0.903   -4.916    5.009    2.544
  55.20   24.939   25.138   25.138   -3.158   -0.029   -0.061   -3.158   -0.029    0.002    0.194    0.092    4.989    0.107
  55.30   25.370   25.474   25.475   -2.297   -0.228    0.370   -2.297   -0.228   -0.085   -0.851    0.525    2.734    0.502
  55.40   25.595   25.727   25.727   -2.597    0.149    0.595   -2.597    0.149    0.089   -1.546   -0.387    3.561    0.798
  55.50   24.585   24.639   24.639   -1.634   -0.049   -0.415   -1.634   -0.049    0.020    0.678    0.081    1.422    0.342
  55.60   24.356   24.363   24.382    0.565   -0.962   -0.644    0.565   -0.962    0.619   -0.364   -0.544    0.830    0.450
  55.70   24.037   24.115   24.115    1.934   -0.121   -0.963    1.934   -0.121    0.116   -1.863   -0.233    2.342    0.940
  55.80   25.759   25.772   25.776    0.811   -0.480    0.759    0.811   -0.480   -0.364    0.616   -0.389    0.732    0.407
  55.90   24.554   24.579   24.593    1.092    0.846   -0.446    1.092    0.846   -0.377   -0.487    0.924    1.053    0.555
  56.00   23.679   23.679   23.772   -0.037    2.103   -1.321   -0.037    2.103   -2.779    0.049   -0.079    3.085    1.390
  56.10   23.588   23.590   23.680    0.315    2.054   -1.412    0.315    2.054   -2.900   -0.445    0.647    3.156    1.502
  56.20   24.281   24.281   24.548   -0.015    3.613   -0.719   -0.015    3.613   -2.598    0.011   -0.055    6.785    1.299
  56.30   26.993   27.003   27.127   -0.720    2.593    1.993   -0.720    2.593    5.168   -1.435   -1.867    5.607    2.840
  56.40   26.081   26.103   26.232   -1.070    2.591    1.081   -1.070    2.591    2.802   -1.157   -2.771    4.512    2.053
  56.50   25.346   25.373   25.523    1.164    2.759    0.346    1.164    2.759    0.956    0.403    3.210    4.543    1.687
  56.60   23.368   23.441   23.486    1.849    1.462   -1.632    1.849    1.462   -2.387   -3.019    2.704    4.111    2.352
  56.70   23.173   23.175   23.179    0.312    0.455   -1.827    0.312    0.455   -0.831   -0.570    0.142    1.821    0.509
  56.80   24.334   24.347   24.347   -0.807   -0.100   -0.666   -0.807   -0.100    0.067    0.538    0.081    0.553    0.274
  56.90   27.075   27.075   27.082    0.049   -0.604    2.075    0.049   -0.604   -1.254    0.102   -0.030    2.336    0.629
  57.00   27.748   27.757   27.758    0.722    0.210    2.748    0.722    0.210    0.578    1.984    0.152    4.058    1.036
  57.10   27.693   27.698   27.712   -0.538   -0.869    2.693   -0.538   -0.869   -2.340   -1.448    0.467    4.148    1.396
  57.20   28.748   28.752   28.759    0.491   -0.645    3.748    0.491   -0.645   -2.418    1.840   -0.317    7.351    1.528
  57.30   29.668   29.681   29.691    0.883   -0.751    4.668    0.883   -0.751   -3.504    4.122   -0.663   11.567    2.725
  57.40   28.541   28.762   28.770    3.562   -0.649    3.541    3.562   -0.649   -2.299   12.612   -2.313   12.823    6.513
  57.50   28.722   28.986   29.002    3.901   -0.968    3.722    3.901   -0.968   -3.604   14.519   -3.777   15.004    7.715
  57.60   27.722   27.858   27.927    2.741   -1.968    2.722    2.741   -1.968   -5.358    7.463   -5.395    9.399    5.327
  57.70   27.913   28.311   28.332    4.729   -1.093    2.913    4.729   -1.093   -3.183   13.776   -5.168   16.023    7.527
  57.80   28.221   28.589   28.591    4.574   -0.288    3.221    4.574   -0.288   -0.928   14.731   -1.318   15.687    7.410
  57.90   29.379   30.009   30.012    6.120   -0.417    4.379    6.120   -0.417   -1.824   26.799   -2.550   28.402   13.491
  58.00   29.050   29.317   29.334    3.945    0.997    4.050    3.945    0.997    4.037   15.977    3.932   16.479    8.471
  58.10   30.247   30.645   30.739    4.926    2.405    5.247    4.926    2.405   12.620   25.843   11.847   28.788   15.552
  58.20   31.534   31.869   31.876    4.610    0.665    6.534    4.610    0.665    4.345   30.121    3.066   32.194   15.293
  58.30   32.478   32.644   32.783    3.284    3.012    7.478    3.284    3.012   22.527   24.558    9.892   37.892   17.381
  58.40   32.839   33.111   33.406    4.237    4.423    7.839    4.237    4.423   34.674   33.212   18.739   49.483   25.770
  58.50   31.455   31.817   31.926    4.787    2.636    6.455    4.787    2.636   17.016   30.896   12.619   35.762   18.730
  58.60   29.964   30.153   30.308    3.375    3.056    4.964    3.375    3.056   15.172   16.755   10.317   22.688   12.423
  58.70   29.237   29.489   29.525    3.848    1.465    4.237    3.848    1.465    6.206   16.305    5.637   17.453    9.167
  58.80   29.067   29.283   29.301    3.549    1.017    4.067    3.549    1.017    4.137   14.435    3.610   15.086    7.722
  58.90   27.333   27.447   27.522    2.505    2.026    2.333    2.505    2.026    4.726    5.842    5.074    7.909    4.534
  59.00   28.212   28.336   28.388    2.653    1.719    3.212    2.653    1.719    5.521    8.522    4.561   10.155    5.565
  59.10   29.309   29.348   29.486    1.512    2.849    4.309    1.512    2.849   12.277    6.515    4.308   14.486    7.275
  59.20   28.008   28.044   28.132    1.425    2.222    3.008    1.425    2.222    6.682    4.285    3.165    8.006    4.273
  59.30   26.801   26.820   26.927    1.025    2.397    1.801    1.025    2.397    4.316    1.847    2.458    5.020    2.650
  59.40   27.104   27.116   27.185    0.784    1.949    2.104    0.784    1.949    4.101    1.650    1.528    4.420    2.338
  59.50   27.687   27.688   27.763    0.228    2.045    2.687    0.228    2.045    5.494    0.612    0.466    5.726    2.774
  59.60   29.110   29.146   29.327    1.452    3.255    4.110    1.452    3.255   13.376    5.967    4.726   14.796    7.695
  59.70   29.166   29.181   29.222    0.923    1.544    4.166    0.923    1.544    6.431    3.844    1.424   10.296    3.813
  59.80   30.619   30.622   30.635   -0.417    0.886    5.619   -0.417    0.886    4.981   -2.345   -0.370   16.267    2.759
  59.90   28.409   28.413   28.446   -0.506    1.363    3.409   -0.506    1.363    4.647   -1.726   -0.690    6.868    2.503
  60.00   26.843   26.845   26.983   -0.307    2.731    1.843   -0.307    2.731    5.033   -0.566   -0.839    5.474    2.567
  60.10   27.526   27.538   27.856    0.817    4.199    2.526    0.817    4.199   10.606    2.063    3.429   12.339    5.668
  60.20   28.461   28.558   29.052    2.346    5.334    3.461    2.346    5.334   18.464    8.122   12.517   22.971   11.870
  60.30   27.489   27.809   28.184    4.208    4.582    2.489    4.208    4.582   11.405   10.475   19.281   22.449   12.365
  60.40   27.574   27.762   28.061    3.225    4.082    2.574    3.225    4.082   10.506    8.302   13.164   16.844    9.389
  60.50   27.588   27.860   28.203    3.884    4.385    2.588    3.884    4.385   11.349   10.052   17.031   20.506   11.401
  60.60   27.570   27.783   28.036    3.432    3.759    2.570    3.432    3.759    9.660    8.820   12.898   16.255    9.185
  60.70   28.761   28.898   29.104    2.806    3.456    3.761    2.806    3.456   12.999   10.554    9.697   16.982    9.675
  60.80   28.399   28.469   28.582    1.996    2.541    3.399    1.996    2.541    8.637    6.784    5.072   10.997    6.049
  60.90   30.743   30.863   31.057    2.719    3.469    5.743    2.719    3.469   19.922   15.616    9.434   26.204   13.507
  61.00   31.181   31.228   31.440    1.712    3.644    6.181    1.712    3.644   22.521   10.583    6.238   27.206   12.827
  61.10   31.768   31.800   31.804    1.437    0.501    6.768    1.437    0.501    3.393    9.724    0.720   24.061    5.162
  61.20   31.445   31.555   31.556    2.636    0.277    6.445    2.636    0.277    1.786   16.988    0.731   24.279    8.549
  61.30   30.407   30.645   30.666    3.818    1.116    5.407    3.818    1.116    6.034   20.643    4.261   22.528   10.962
  61.40   30.905   30.977   31.005    2.102    1.326    5.905    2.102    1.326    7.830   12.412    2.787   20.524    7.469
  61.50   30.701   30.764   30.816    1.964    1.784    5.701    1.964    1.784   10.169   11.196    3.503   19.771    7.763
  61.60   28.894   28.935   29.034    1.534    2.398    3.894    1.534    2.398    9.338    5.972    3.678   11.633    5.839
  61.70   29.567   29.691   29.741    2.705    1.724    4.567    2.705    1.724    7.872   12.354    4.662   15.574    7.686
  61.80   30.410   30.434   30.568    1.211    2.854    5.410    1.211    2.854   15.442    6.551    3.457   19.440    8.563
  61.90   31.056   31.095   31.113    1.557    1.065    6.056    1.557    1.065    6.449    9.426    1.658   20.113    5.770
  62.00   28.635   28.649   28.649    0.881   -0.132    3.635    0.881   -0.132   -0.481    3.201   -0.116    7.004    1.620
  62.10   28.168   28.173   28.180    0.548    0.631    3.168    0.548    0.631    2.000    1.736    0.346    5.367    1.336
  62.20   29.754   29.759   29.759    0.513   -0.210    4.754    0.513   -0.210   -0.998    2.437   -0.108   11.455    1.318
  62.30   29.313   29.314   29.321    0.213    0.623    4.313    0.213    0.623    2.687    0.920    0.133    9.519    1.422
  62.40   28.728   28.755   28.761    1.232    0.585    3.728    1.232    0.585    2.182    4.594    0.721    7.880    2.568
  62.50   28.482   28.488   28.549    0.622    1.858    3.482    0.622    1.858    6.468    2.165    1.155    7.980    3.459
  62.60   27.229   27.252   27.286   -1.119   -1.368    2.229   -1.119   -1.368   -3.048   -2.493    1.530    4.045    2.112
  62.70   27.778   27.782   27.945   -0.482   -3.013    2.778   -0.482   -3.013   -8.372   -1.338    1.451    8.516    4.301
  62.80   27.907   27.937   28.202   -1.287   -3.860    2.907   -1.287   -3.860  -11.221   -3.742    4.969   12.504    6.415
  62.90   29.540   29.614   29.623   -2.092   -0.742    4.540   -2.092   -0.742   -3.370   -9.498    1.553   12.768    5.098
  63.00   29.236   29.246   29.254   -0.778   -0.657    4.236   -0.778   -0.657   -2.784   -3.294    0.511    9.490    2.171
  63.10   26.037   26.037   26.120   -0.127    2.078    1.037   -0.127    2.078    2.154   -0.132   -0.264    2.705    1.087
  63.20   26.643   26.654   26.666   -0.776    0.789    1.643   -0.776    0.789    1.296   -1.275   -0.612    1.962    0.959
  63.30   25.330   25.394   25.397   -1.803   -0.413    0.330   -1.803   -0.413   -0.136   -0.595    0.745    1.765    0.481
  63.40   25.302   25.313   25.332   -0.749   -0.982    0.302   -0.749   -0.982   -0.296   -0.226    0.735    0.808    0.412
  63.50   25.706   25.708   25.714   -0.308    0.543    0.706   -0.308    0.543    0.383   -0.217   -0.167    0.444    0.236
  63.60   25.423   25.447   25.456   -1.099    0.677    0.423   -1.099    0.677    0.286   -0.465   -0.743    0.922    0.461
  63.70   26.073   26.077   26.208    0.472    2.618    1.073    0.472    2.618    2.808    0.507    1.237    4.115    1.555
  63.80   26.832   26.837   26.853    0.551    0.908    1.832    0.551    0.908    1.663    1.010    0.501    2.242    1.005
  63.90   26.356   26.465   26.550    2.391   -2.132    1.356    2.391   -2.132   -2.892    3.243   -5.098    6.052    3.349
  64.00   27.231   27.259   27.341    1.241   -2.112    2.231    1.241   -2.112   -4.711    2.769   -2.621    5.489    3.030
  64.10   26.434   26.444   26.482   -0.729   -1.430    1.434   -0.729   -1.430   -2.050   -1.046    1.043    2.316    1.263
  64.20   26.404   26.408   26.449   -0.495   -1.467    1.404   -0.495   -1.467   -2.060   -0.694    0.726    2.184    1.146
  64.30   24.725   24.756   24.763   -1.247    0.577   -0.275   -1.247    0.577   -0.159    0.343   -0.720    0.982    0.407
  64.40   26.738   26.741   26.752   -0.401    0.762    1.738   -0.401    0.762    1.324   -0.697   -0.305    1.880    0.763
  64.50   27.624   27.625   27.635   -0.235    0.735    2.624   -0.235    0.735    1.929   -0.616   -0.173    3.740    1.016
  64.60   27.479   27.499   27.499   -1.047    0.009    2.479   -1.047    0.009    0.022   -2.596   -0.009    3.622    1.298
  64.70   29.465   29.542   29.576   -2.134   -1.425    4.465   -2.134   -1.425   -6.363   -9.528    3.041   13.260    5.927
  64.80   29.561   29.577   29.577   -0.983   -0.044    4.561   -0.983   -0.044   -0.201   -4.483    0.043   10.884    2.244
  64.90   31.214   31.268   31.274   -1.850    0.571    6.214   -1.850    0.571    3.549  -11.494   -1.057   21.179    6.038
  65.00   29.776   29.847   29.857   -2.056    0.744    4.776   -2.056    0.744    3.554   -9.822   -1.530   13.798    5.278
  65.10   29.904   29.927   29.930   -1.183   -0.440    4.904   -1.183   -0.440   -2.158   -5.803    0.521   12.820    3.106
  65.20   29.017   29.029   29.042   -0.814   -0.886    4.017   -0.814   -0.886   -3.561   -3.270    0.721    8.794    2.444
  65.30   26.780   26.782   26.791    0.287   -0.692    1.780    0.287   -0.692   -1.232    0.511   -0.199    1.866    0.674
  65.40   28.048   28.049   28.053    0.288    0.462    3.048    0.288    0.462    1.409    0.877    0.133    4.793    0.833
  65.50   28.109   28.160   28.169    1.686    0.709    3.109    1.686    0.709    2.205    5.242    1.196    6.507    2.906
  65.60   28.251   28.252   28.261    0.211   -0.729    3.251    0.211   -0.729   -2.370    0.687   -0.154    5.573    1.236
  65.70   28.067   28.068   28.068   -0.192   -0.021    3.067   -0.192   -0.021   -0.066   -0.589    0.004    4.723    0.296
  65.80   28.027   28.061   28.062   -1.374    0.283    3.027   -1.374    0.283    0.857   -4.159   -0.389    5.566    2.132
  65.90   28.647   28.687   28.688   -1.518    0.039    3.647   -1.518    0.039    0.141   -5.538   -0.059    7.805    2.770
  66.00   27.471   27.641   27.652   -3.061   -0.810    2.471   -3.061   -0.810   -2.002   -7.562    2.480    8.064    4.103
  66.10   26.227   26.326   26.333   -2.290   -0.593    1.227   -2.290   -0.593   -0.728   -2.809    1.359    3.551    1.602
  66.20   26.298   26.558   26.576   -3.708    0.969    1.298   -3.708    0.969    1.258   -4.812   -3.593    8.185    3.068
  66.30   25.789   25.889   25.919   -2.273   -1.251    0.789   -2.273   -1.251   -0.987   -1.794    2.842    3.676    1.751
  66.40   25.772   25.780   25.780   -0.641   -0.087    0.772   -0.641   -0.087   -0.067   -0.495    0.056    0.508    0.251
  66.50   25.679   25.680   25.682    0.131    0.329    0.679    0.131    0.329    0.224    0.089    0.043    0.294    0.122
  66.60   27.255   27.271   27.277    0.936    0.570    2.255    0.936    0.570    1.285    2.109    0.533    3.142    1.264
  66.70   29.276   29.307   29.309   -1.344    0.339    4.276   -1.344    0.339    1.448   -5.748   -0.455   10.104    2.973
  66.80   28.662   28.671   28.750   -0.732    2.127    3.662   -0.732    2.127    7.787   -2.679   -1.556    9.233    4.190
  66.90   26.845   26.850   26.864   -0.527    0.846    1.845   -0.527    0.846    1.561   -0.973   -0.446    2.199    0.946
  67.00   27.720   27.758   27.783   -1.464    1.163    2.720   -1.464    1.163    3.163   -3.981   -1.702    5.446    2.681
  67.10   27.126   27.167   27.191   -1.503    1.144    2.126   -1.503    1.144    2.432   -3.195   -1.720    4.043    2.184
  67.20   28.977   29.049   29.078   -2.041    1.306    3.977   -2.041    1.306    5.194   -8.118   -2.666   10.844    5.000
  67.30   29.651   29.780   29.815   -2.764    1.453    4.651   -2.764    1.453    6.756  -12.856   -4.015   15.691    7.534
  67.40   30.376   30.429   30.458   -1.799    1.329    5.376   -1.799    1.329    7.146   -9.672   -2.392   16.953    6.131
  67.50   28.809   28.813   28.922    0.506    2.512    3.809    0.506    2.512    9.566    1.927    1.271   10.535    4.920
  67.60   28.624   28.703   28.845    2.127    2.863    3.624    2.127    2.863   10.373    7.708    6.089   12.925    7.143
  67.70   29.513   29.596   29.836    2.206    3.776    4.513    2.206    3.776   17.044    9.957    8.331   19.749   10.713
  67.80   29.076   29.215   29.442    2.853    3.646    4.076    2.853    3.646   14.858   11.629   10.402   19.021   10.773
  67.90   29.542   29.718   29.997    3.232    4.080    4.542    3.232    4.080   18.528   14.676   13.184   23.856   13.532
  68.00   27.716   28.176   28.445    5.071    3.900    2.716    5.071    3.900   10.593   13.772   19.780   24.153   13.164
  68.10   25.900   26.202   26.210    3.966    0.649    0.900    3.966    0.649    0.585    3.570    2.576    8.481    2.220
  68.20   25.159   25.438   25.446    3.756    0.645    0.159    3.756    0.645    0.103    0.598    2.424    7.276    1.249
  68.30   25.412   25.736   25.797    4.077    1.768    0.412    4.077    1.768    0.727    1.678    7.206    9.957    3.717
  68.40   26.421   26.500   26.594    2.038    2.231    1.421    2.038    2.231    3.171    2.897    4.547    5.576    3.128
  68.50   27.125   27.182   27.428    1.755    3.666    2.125    1.755    3.666    7.789    3.730    6.435   10.517    5.385
  68.60   26.829   26.963   27.145    2.683    3.144    1.829    2.683    3.144    5.750    4.906    8.434   10.213    5.663
  68.70   27.442   27.535   27.587    2.260    1.686    2.442    2.260    1.686    4.118    5.520    3.811    6.958    3.935
  68.80   27.659   27.796   27.815    2.760    1.009    2.659    2.760    1.009    2.684    7.340    2.786    7.855    4.149
  68.90   25.850   25.976   25.987    2.556    0.730    0.850    2.556    0.730    0.621    2.174    1.865    3.894    1.465
  69.00   23.397   23.464   23.517    1.775   -1.571   -1.603    1.775   -1.571    2.519   -2.845   -2.789    4.094    2.357
  69.10   23.358   23.453   23.493    2.112   -1.363   -1.642    2.112   -1.363    2.237   -3.468   -2.878    4.507    2.516
  69.20   23.409   23.469   23.493    1.680   -1.064   -1.591    1.680   -1.064    1.693   -2.673   -1.787    3.243    1.817
  69.30   21.712   21.796   21.797    1.908   -0.237   -3.288    1.908   -0.237    0.781   -6.273   -0.453    7.253    3.169
  69.40   21.708   22.149   22.159    4.401    0.665   -3.292    4.401    0.665   -2.189  -14.490    2.927   15.326    7.472
  69.50   20.621   21.089   21.097    4.418    0.570   -4.379    4.418    0.570   -2.497  -19.344    2.519   19.508    9.833
  69.60   21.089   22.328   22.373    7.335    1.421   -3.911    7.335    1.421   -5.556  -28.688   10.420   35.558   15.512
  69.70   24.103   25.290   25.325    7.657    1.336   -0.897    7.657    1.336   -1.199   -6.872   10.231   30.613    6.191
  69.80   23.844   24.516   24.517    5.702    0.225   -1.156    5.702    0.225   -0.260   -6.592    1.282   16.948    3.360
  69.90   21.776   22.712   22.728    6.456   -0.847   -3.224    6.456   -0.847    2.732  -20.815   -5.470   26.394   10.847
  70.00   22.271   22.906   23.064    5.355   -2.693   -2.729    5.355   -2.693    7.348  -14.612  -14.421   21.687   10.903
  70.10   24.647   25.399   25.491    6.137   -2.162   -0.353    6.137   -2.162    0.764   -2.169  -13.267   21.233    6.732
  70.20   26.444   27.428   27.433    7.281   -0.544    1.444    7.281   -0.544   -0.786   10.511   -3.964   27.694    5.630
  70.30   26.339   26.893   26.927    5.431    1.364    1.339    5.431    1.364    1.825    7.270    7.407   16.575    5.269
  70.40   25.087   25.860   25.894    6.278    1.323    0.087    6.278    1.323    0.115    0.544    8.306   20.587    4.162
  70.50   24.789   25.860   25.862    7.365    0.321   -0.211    7.365    0.321   -0.068   -1.551    2.364   27.194    1.414
  70.60   24.699   25.693   25.717    7.077    1.103   -0.301    7.077    1.103   -0.332   -2.129    7.803   25.692    4.047
  70.70   24.312   24.698   24.763    4.349    1.802   -0.688    4.349    1.802   -1.240   -2.993    7.836   11.318    4.240
  70.80   24.855   25.342   25.345    4.945   -0.411   -0.145    4.945   -0.411    0.060   -0.717   -2.032   12.321    1.078
  70.90   23.676   24.508   24.511    6.330    0.435   -1.324    6.330    0.435   -0.576   -8.381    2.756   21.004    4.420
  71.00   23.226   23.915   23.934    5.699    0.954   -1.774    5.699    0.954   -1.693  -10.112    5.440   18.270    5.803
  71.10   22.466   23.196   23.200    5.771    0.437   -2.534    5.771    0.437   -1.106  -14.621    2.520   19.957    7.439
  71.20   23.232   23.650   23.733    4.426   -1.985   -1.768    4.426   -1.985    3.510   -7.824   -8.789   13.330    6.140
  71.30   24.101   24.437   24.471    4.037   -1.289   -0.899    4.037   -1.289    1.159   -3.630   -5.202    9.384    3.224
  71.40   23.610   24.154   24.193    5.098   -1.379   -1.390    5.098   -1.379    1.918   -7.088   -7.033   14.915    5.084
  71.50   22.751   23.148   23.286    4.269   -2.533   -2.249    4.269   -2.533    5.695   -9.601  -10.813   14.850    7.771
  71.60   21.480   22.021   22.038    4.854   -0.855   -3.520    4.854   -0.855    3.008  -17.086   -4.148   18.341    8.919
  71.70   22.558   23.485   23.505    6.531   -0.977   -2.442    6.531   -0.977    2.385  -15.946   -6.380   24.784    8.670
  71.80   23.268   24.035   24.036    6.027   -0.178   -1.732    6.027   -0.178    0.309  -10.441   -1.074   19.678    5.250
  71.90   23.934   24.811   24.831    6.540   -1.002   -1.066    6.540   -1.002    1.068   -6.974   -6.550   22.458    4.814
  72.00   24.466   25.379   25.448    6.745   -1.879   -0.534    6.745   -1.879    1.003   -3.601  -12.675   24.655    6.607
  72.10   23.825   24.892   24.972    7.210   -2.001   -1.175    7.210   -2.001    2.351   -8.471  -14.425   28.682    8.446
  72.20   21.104   21.956   21.970    6.059   -0.781   -3.896    6.059   -0.781    3.044  -23.605   -4.733   26.248   12.133
  72.30   23.333   23.751   23.766    4.433   -0.856   -1.667    4.433   -0.856    1.426   -7.390   -3.793   11.582    4.214
  72.40   23.774   23.927   23.928    2.703   -0.217   -1.226    2.703   -0.217    0.266   -3.314   -0.587    4.427    1.688
  72.50   22.874   23.091   23.092    3.157    0.145   -2.126    3.157    0.145   -0.309   -6.710    0.459    7.252    3.366
  72.60   22.595   22.944   22.948    3.988   -0.413   -2.405    3.988   -0.413    0.994   -9.593   -1.648   10.931    4.892
  72.70   23.454   23.661   23.664    3.125   -0.381   -1.546    3.125   -0.381    0.589   -4.832   -1.190    6.152    2.506
  72.80   23.929   24.025   24.088    2.150   -1.740   -1.071    2.150   -1.740    1.864   -2.303   -3.742    4.400    2.387
  72.90   23.320   23.665   23.782    4.027   -2.353   -1.680    4.027   -2.353    3.953   -6.764   -9.477   12.288    6.148
  73.00   24.449   24.686   24.930    3.410   -3.479   -0.551    3.410   -3.479    1.916   -1.878  -11.863   12.017    6.081
  73.10   22.733   22.782   23.076    1.497   -3.669   -2.267    1.497   -3.669    8.317   -3.394   -5.493   10.420    5.264
  73.20   22.682   22.735   22.853    1.554   -2.311   -2.318    1.554   -2.311    5.357   -3.602   -3.592    6.565    3.694
  73.30   24.711   24.714   24.715    0.383   -0.284   -0.289    0.383   -0.284    0.082   -0.111   -0.109    0.156    0.088
  73.40   23.865   23.878   23.966   -0.801   -2.050   -1.135   -0.801   -2.050    2.328    0.909    1.642    3.067    1.495
  73.50   23.359   23.369   23.545    0.695   -2.870   -1.641    0.695   -2.870    4.711   -1.141   -1.995    5.708    2.621
  73.60   22.596   22.870   22.904    3.529   -1.242   -2.404    3.529   -1.242    2.986   -8.483   -4.383    9.887    5.002
  73.70   22.588   22.725   22.762    2.492   -1.290   -2.412    2.492   -1.290    3.111   -6.008   -3.214    6.844    3.745
  73.80   23.463   23.564   23.591    2.177   -1.131   -1.537    2.177   -1.131    1.739   -3.347   -2.463    4.192    2.252
  73.90   22.936   23.141   23.155    3.070   -0.827   -2.064    3.070   -0.827    1.707   -6.336   -2.538    7.183    3.518
  74.00   22.451   22.673   22.680    3.162   -0.566   -2.549    3.162   -0.566    1.442   -8.061   -1.789    8.409    4.191
  74.10   20.746   21.481   21.503    5.571    0.965   -4.254    5.571    0.965   -4.104  -23.696    5.376   25.030   12.321
  74.20   20.509   21.833   21.834    7.488   -0.218   -4.491    7.488   -0.218    0.978  -33.630   -1.630   38.143   16.842
  74.30   19.481   20.366   20.367    5.939   -0.119   -5.519    5.939   -0.119    0.659  -32.773   -0.710   32.868   16.393
  74.40   21.346   22.056   22.058    5.553   -0.250   -3.654    5.553   -0.250    0.913  -20.291   -1.388   22.125   10.179
  74.50   21.962   22.719   22.731    5.816    0.754   -3.038    5.816    0.754   -2.290  -17.670    4.383   21.813    9.175
  74.60   21.791   22.719   22.759    6.426   -1.347   -3.209    6.426   -1.347    4.324  -20.623   -8.658   26.706   11.390
  74.70   21.642   22.056   22.137    4.252   -1.898   -3.358    4.252   -1.898    6.373  -14.279   -8.069   16.480    8.798
  74.80   22.828   23.492   23.496    5.544   -0.460   -2.172    5.544   -0.460    0.998  -12.041   -2.549   17.834    6.174
  74.90   24.081   25.075   25.076    6.990   -0.211   -0.919    6.990   -0.211    0.194   -6.421   -1.477   24.872    3.296
  75.00   23.108   23.977   23.980    6.396   -0.403   -1.892    6.396   -0.403    0.762  -12.103   -2.575   22.328    6.199
  75.10   24.353   24.735   24.746    4.333    0.730   -0.647    4.333    0.730   -0.473   -2.805    3.165    9.864    2.128
  75.20   24.122   24.195   24.205    1.880    0.692   -0.878    1.880    0.692   -0.608   -1.652    1.301    2.393    1.094
  75.30   24.339   24.870   24.876    5.113   -0.553   -0.661    5.113   -0.553    0.366   -3.380   -2.827   13.441    2.211
  75.40   23.515   24.568   24.571    7.113    0.412   -1.485    7.113    0.412   -0.612  -10.561    2.934   26.488    5.489
  75.50   23.916   24.896   24.900    6.918    0.470   -1.084    6.918    0.470   -0.510   -7.501    3.253   24.625    4.096
  75.60   24.339   25.333   25.365    7.024    1.274   -0.661    7.024    1.274   -0.842   -4.641    8.950   25.699    5.058
  75.70   25.057   26.207   26.225    7.679    0.969    0.057    7.679    0.969    0.055    0.435    7.445   29.955    3.729
  75.80   25.456   26.275   26.290    6.512    0.888    0.456    6.512    0.888    0.404    2.966    5.780   21.701    3.255
  75.90   23.824   24.432   24.436    5.414    0.438   -1.176    5.414    0.438   -0.515   -6.364    2.371   15.441    3.406
  76.00   24.374   24.851   24.861    4.847    0.731   -0.626    4.847    0.731   -0.458   -3.036    3.541   12.209    2.344
  76.10   25.234   25.708   25.722    4.919    0.818    0.234    4.919    0.818    0.191    1.149    4.026   12.459    2.095
  76.20   24.534   24.914   24.933    4.335    0.956   -0.466    4.335    0.956   -0.445   -2.018    4.144    9.960    2.315
  76.30   26.213   26.681   26.710    4.974    1.240    1.213    4.974    1.240    1.504    6.035    6.167   13.873    4.379
  76.40   26.647   27.463   27.464    6.648   -0.148    1.647    6.648   -0.148   -0.243   10.946   -0.981   23.464    5.496
  76.50   27.072   28.192   28.194    7.868    0.318    2.072    7.868    0.318    0.659   16.302    2.501   33.146    8.253
  76.60   25.334   26.420   26.427    7.497    0.622    0.334    7.497    0.622    0.208    2.505    4.664   28.352    2.649
  76.70   25.954   26.605   26.636    5.849   -1.291    0.954    5.849   -1.291   -1.231    5.580   -7.549   18.391    4.734
  76.80   26.183   27.253   27.338    7.564   -2.154    1.183    7.564   -2.154   -2.547    8.947  -16.290   31.623    9.379
  76.90   25.691   26.858   26.861    7.834   -0.392    0.691    7.834   -0.392   -0.271    5.410   -3.070   31.000    3.113
  77.00   24.332   25.612   25.673    7.996   -1.759   -0.668    7.996   -1.759    1.175   -5.341  -14.067   33.741    7.546
  77.10   25.144   26.041   26.157    6.774   -2.467    0.144    6.774   -2.467   -0.356    0.977  -16.711   25.996    8.372
  77.20   25.852   26.576   26.656    6.158   -2.066    0.852    6.158   -2.066   -1.761    5.249  -12.725   21.457    6.939
  77.30   24.136   25.053   25.073    6.718   -0.994   -0.864    6.718   -0.994    0.859   -5.808   -6.677   23.436    4.445
  77.40   21.669   23.040   23.040    7.831   -0.085   -3.331    7.831   -0.085    0.283  -26.088   -0.665   36.214   13.049
  77.50   23.742   24.123   24.161    4.270   -1.358   -1.258    4.270   -1.358    1.709   -5.373   -5.799   10.830    4.044
  77.60   25.364   25.796   25.938    4.701   -2.716    0.364    4.701   -2.716   -0.988    1.711  -12.768   14.805    6.460
  77.70   24.556   25.248   25.381    5.868   -2.602   -0.444    5.868   -2.602    1.155   -2.605  -15.271   20.702    7.768
  77.80   25.012   25.579   25.620    5.358   -1.442    0.012    5.358   -1.442   -0.017    0.064   -7.727   15.394    3.864
  77.90   24.156   24.392   24.423    3.386   -1.223   -0.844    3.386   -1.223    1.033   -2.859   -4.142    6.837    2.569
  78.00   24.682   24.860   24.890    2.971   -1.219   -0.318    2.971   -1.219    0.387   -0.945   -3.620    5.205    1.881
  78.10   26.258   26.631   26.644    4.443   -0.826    1.258    4.443   -0.826   -1.040    5.590   -3.672   11.004    3.384
  78.20   27.089   27.280   27.282    3.223   -0.330    2.089    3.223   -0.330   -0.690    6.732   -1.065    7.431    3.425
  78.30   25.132   25.507   25.519    4.360    0.782    0.132    4.360    0.782    0.103    0.574    3.408    9.820    1.729
  78.40   24.964   25.440   25.450    4.897   -0.706   -0.036    4.897   -0.706    0.025   -0.175   -3.456   12.238    1.730
  78.50   24.437   24.785   25.024    4.137   -3.452   -0.563    4.137   -3.452    1.943   -2.329  -14.279   14.672    7.299
  78.60   25.689   26.039   26.471    4.254   -4.765    0.689    4.254   -4.765   -3.284    2.932  -20.270   20.638   10.371
  78.70   25.448   25.558   25.749    2.373   -3.129    0.448    2.373   -3.129   -1.401    1.062   -7.426    7.812    3.816
  78.80   24.882   24.931   25.115    1.559   -3.036   -0.118    1.559   -3.036    0.357   -0.183   -4.733    5.832    2.375
  78.90   25.539   25.836   25.949    3.907   -2.419    0.539    3.907   -2.419   -1.303    2.105   -9.450   10.703    4.884
  79.00   26.417   26.790   26.971    4.455   -3.121    1.417    4.455   -3.121   -4.423    6.314  -13.905   15.799    7.949
  79.10   24.908   25.082   25.222    2.951   -2.654   -0.092    2.951   -2.654    0.245   -0.273   -7.832    7.880    3.920
  79.20   26.265   26.501   26.619    3.526   -2.509    1.265    3.526   -2.509   -3.174    4.462   -8.846   10.164    5.202
  79.30   25.864   26.237   26.242    4.407   -0.548    0.864    4.407   -0.548   -0.474    3.807   -2.416   10.234    2.267
  79.40   26.362   26.778   26.782    4.705   -0.451    1.362    4.705   -0.451   -0.613    6.406   -2.120   12.098    3.388
  79.50   27.551   27.901   27.911    4.410   -0.747    2.551    4.410   -0.747   -1.906   11.249   -3.296   13.257    5.938
  79.60   27.548   27.957   27.988    4.759   -1.318    2.548    4.759   -1.318   -3.358   12.128   -6.270   15.439    7.030
  79.70   26.215   26.482   26.549    3.751   -1.889    1.215    3.751   -1.889   -2.295    4.557   -7.087    9.558    4.366
  79.80   25.863   25.956   26.033    2.193   -1.997    0.863    2.193   -1.997   -1.725    1.893   -4.380    4.772    2.537
  79.90   24.965   25.162   25.286    3.144   -2.507   -0.035    3.144   -2.507    0.089   -0.111   -7.881    8.085    3.941
  80.00   24.944   25.044   25.139    2.241   -2.178   -0.056    2.241   -2.178    0.123   -0.127   -4.880    4.884    2.442
  80.10   24.856   24.942   25.059    2.069   -2.410   -0.144    2.069   -2.410    0.346   -0.297   -4.987    5.056    2.504
  80.20   26.959   27.034   27.452    2.015   -4.774    1.959    2.015   -4.774   -9.351    3.946   -9.617   15.341    6.991
  80.30   26.541   26.781   27.025    3.577   -3.623    1.541    3.577   -3.623   -5.584    5.514  -12.959   14.148    7.575
  80.40   24.696   24.829   25.013    2.562   -3.034   -0.304    2.562   -3.034    0.922   -0.779   -7.775    7.933    3.934
  80.50   23.316   23.662   23.754    4.027   -2.094   -1.684    4.027   -2.094    3.525   -6.780   -8.432   11.718    5.690
  80.60   24.503   25.010   25.095    5.011   -2.064   -0.497    5.011   -2.064    1.027   -2.492  -10.346   14.812    5.346
  80.70   24.530   25.153   25.306    5.565   -2.779   -0.470    5.565   -2.779    1.305   -2.614  -15.463   19.453    7.868
  80.80   26.272   26.664   26.800    4.559   -2.692    1.272    4.559   -2.692   -3.423    5.797  -12.271   14.822    6.998
  80.90   26.964   27.289   27.348    4.201   -1.797    1.964    4.201   -1.797   -3.528    8.251   -7.548   12.368    5.863
  81.00   25.739   25.859   25.940    2.482   -2.050    0.739    2.482   -2.050   -1.515    1.835   -5.089    5.455    2.809
  81.10   24.712   24.724   24.961    0.765   -3.435   -0.288    0.765   -3.435    0.990   -0.220   -2.626    6.233    1.407
  81.20   24.092   24.092   24.287    0.131   -3.070   -0.908    0.131   -3.070    2.789   -0.119   -0.402    5.134    1.410
  81.30   24.165   24.166   24.225    0.188   -1.695   -0.835    0.188   -1.695    1.415   -0.157   -0.318    1.802    0.729
  81.40   24.139   24.142   24.167    0.377   -1.098   -0.861    0.377   -1.098    0.946   -0.325   -0.414    1.045    0.541
  81.50   24.818   24.834   24.945   -0.886   -2.351   -0.182   -0.886   -2.351    0.428    0.161    2.084    3.174    1.067
  81.60   24.765   24.778   24.804    0.821   -1.123   -0.235    0.821   -1.123    0.264   -0.193   -0.922    0.995    0.489
  81.70   25.214   25.283   25.299    1.856   -0.898    0.214    1.856   -0.898   -0.192    0.398   -1.667    2.149    0.862
  81.80   27.167   27.295   27.301    2.642   -0.535    2.167    2.642   -0.535   -1.160    5.726   -1.414    5.982    3.006
  81.90   28.555   28.599   28.614    1.585   -0.933    3.555    1.585   -0.933   -3.318    5.635   -1.480    8.010    3.352
  82.00   26.821   26.833   26.897    0.810   -1.848    1.821    0.810   -1.848   -3.364    1.475   -1.497    3.693    1.983
  82.10   26.596   26.617   26.713    1.057   -2.270    1.596    1.057   -2.270   -3.622    1.686   -2.398    4.408    2.330
  82.20   27.602   27.698   27.748    2.302   -1.653    2.602    2.302   -1.653   -4.303    5.990   -3.806    7.403    4.150
  82.30   28.358   28.442   28.486    2.189   -1.581    3.358    2.189   -1.581   -5.308    7.350   -3.461    9.282    4.852
  82.40   28.241   28.340   28.398    2.366   -1.814    3.241    2.366   -1.814   -5.880    7.668   -4.292    9.697    5.287
  82.50   27.893   27.910   27.927    0.975   -0.976    2.893    0.975   -0.976   -2.824    2.821   -0.952    5.137    2.052
  82.60   27.682   27.800   27.829    2.555   -1.273    2.682    2.555   -1.273   -3.415    6.852   -3.253    7.671    4.159
  82.70   28.665   28.723   28.787    1.837   -1.918    3.665    1.837   -1.918   -7.028    6.732   -3.523   10.241    5.175
  82.80   27.174   27.288   27.293    2.487   -0.516    2.174    2.487   -0.516   -1.122    5.407   -1.283    5.589    2.834
  82.90   27.306   27.370   27.434    1.863   -1.875    2.306    1.863   -1.875   -4.325    4.296   -3.493    6.153    3.513
  83.00   26.978   27.087   27.095    2.425   -0.652    1.978    2.425   -0.652   -1.290    4.798   -1.582    5.110    2.607
  83.10   26.570   26.588   26.618    0.993   -1.252    1.570    0.993   -1.252   -1.965    1.558   -1.243    2.508    1.399
  83.20   26.263   26.355   26.367    2.195   -0.789    1.263    2.195   -0.789   -0.997    2.773   -1.732    3.518    1.709
  83.30   27.046   27.149   27.171    2.365   -1.088    2.046    2.365   -1.088   -2.226    4.839   -2.574    5.482    2.958
  83.40   27.087   27.090   27.182    0.395   -2.237    2.087    0.395   -2.237   -4.670    0.824   -0.883    4.759    2.412
  83.50   29.318   29.352   29.452    1.413   -2.427    4.318    1.413   -2.427  -10.478    6.103   -3.430   13.265    6.301
  83.60   28.942   29.125   29.183    3.261   -1.846    3.942    3.261   -1.846   -7.276   12.853   -6.019   14.788    7.974
  83.70   27.062   27.630   27.685    5.572   -1.748    2.062    5.572   -1.748   -3.605   11.490   -9.741   19.179    7.744
  83.80   27.301   27.599   27.692    4.044   -2.258    2.301    4.044   -2.258   -5.197    9.308   -9.132   13.376    7.018
  83.90   27.905   28.371   28.511    5.123   -2.821    2.905    5.123   -2.821   -8.195   14.881  -14.455   21.322   11.153
  84.00   28.795   29.293   29.395    5.378   -2.448    3.795    5.378   -2.448   -9.292   20.410  -13.168   24.660   13.003
  84.10   29.223   29.301   29.346    2.130   -1.636    4.223    2.130   -1.636   -6.908    8.995   -3.484   12.524    5.932
  84.20   29.007   29.319   29.329    4.269   -0.745    4.007    4.269   -0.745   -2.984   17.103   -3.180   17.415    8.825
  84.30   30.988   31.217   31.232    3.775   -0.979    5.988    3.775   -0.979   -5.861   22.603   -3.695   25.532   11.821
  84.40   31.469   31.508   31.534    1.582    1.272    6.469    1.582    1.272    8.230   10.234    2.013   22.982    6.643
  84.50   33.012   33.088   33.089    2.252    0.188    8.012    2.252    0.188    1.510   18.045    0.425   34.648    9.056
  84.60   32.712   32.840   32.843    2.892    0.473    7.712    2.892    0.473    3.651   22.307    1.369   34.034   11.322
  84.70   33.543   33.694   33.696    3.184    0.358    8.543    3.184    0.358    3.056   27.200    1.139   41.626   13.697
  84.80   33.347   33.514   33.521    3.338   -0.720    8.347    3.338   -0.720   -6.011   27.860   -2.404   40.666   14.301
  84.90   33.277   33.329   33.346    1.860   -1.087    8.277    1.860   -1.087   -9.000   15.398   -2.023   36.573    8.975
  85.00   30.764   30.824   30.825    1.928    0.176    5.764    1.928    0.176    1.015   11.111    0.339   18.484    5.581
  85.10   29.771   29.846   29.847    2.121    0.116    4.771    2.121    0.116    0.551   10.117    0.245   13.636    5.068
  85.20   31.567   31.684   31.684    2.720    0.013    6.567    2.720    0.013    0.083   17.861    0.034   25.262    8.931
  85.30   32.127   32.300   32.301    3.340   -0.036    7.127    3.340   -0.036   -0.258   23.804   -0.121   30.978   11.903
  85.40   31.684   31.756   31.771    2.146   -0.966    6.684    2.146   -0.966   -6.459   14.342   -2.074   25.105    7.933
  85.50   32.776   32.776   32.793   -0.108   -1.068    7.776   -0.108   -1.068   -8.305   -0.839    0.115   30.806    4.174
  85.60   31.883   31.884   31.884   -0.146    0.075    6.883   -0.146    0.075    0.514   -1.003   -0.011   23.703    0.563
  85.70   30.677   30.719   30.719    1.613   -0.130    5.677    1.613   -0.130   -0.737    9.154   -0.209   17.420    4.593
  85.80   31.427   31.522   31.528    2.448   -0.612    6.427    2.448   -0.612   -3.932   15.736   -1.498   23.838    8.144
  85.90   31.532   31.630   31.634    2.500    0.492    6.532    2.500    0.492    3.214   16.328    1.230   24.576    8.343
  86.00   31.664   31.886   31.887    3.760    0.248    6.664    3.760    0.248    1.655   25.057    0.934   29.304   12.565
  86.10   30.447   30.469   30.485    1.152    1.002    5.447    1.152    1.002    5.459    6.274    1.154   16.000    4.198
  86.20   29.130   29.161   29.195    1.340    1.414    4.130    1.340    1.414    5.842    5.536    1.896   10.428    4.134
  86.30   29.886   29.886   29.907    0.026    1.120    4.886    0.026    1.120    5.473    0.125    0.029   12.566    2.737
  86.40   31.981   31.988   32.067   -0.671    2.260    6.981   -0.671    2.260   15.772   -4.686   -1.517   27.142    8.262
  86.50   32.536   32.553   32.599    1.029    1.747    7.536    1.029    1.747   13.166    7.751    1.797   30.453    7.692
  86.60   30.834   30.837   30.967    0.466    2.830    5.834    0.466    2.830   16.512    2.717    1.318   21.131    8.393
  86.70   30.177   30.181   30.182    0.451    0.253    5.177    0.451    0.253    1.310    2.333    0.114   13.535    1.339
  86.80   29.796   29.811   29.815    0.918   -0.512    4.796    0.918   -0.512   -2.458    4.405   -0.471   12.056    2.533
  86.90   29.264   29.271   29.332    0.656   -1.888    4.264    0.656   -1.888   -8.051    2.796   -1.238   11.087    4.306
  87.00   29.978   29.997   30.005    1.064   -0.672    4.978    1.064   -0.672   -3.344    5.298   -0.715   13.184    3.153
  87.10   31.168   31.168   31.231   -0.158   -1.976    6.168   -0.158   -1.976  -12.187   -0.974    0.312   20.985    6.115
  87.20   31.120   31.122   31.170    0.342   -1.744    6.120    0.342   -1.744  -10.672    2.091   -0.596   20.305    5.446
  87.30   32.179   32.180   32.212   -0.243   -1.428    7.179   -0.243   -1.428  -10.252   -1.745    0.347   26.820    5.203
  87.40   32.735   32.760   32.770   -1.293   -0.804    7.735   -1.293   -0.804   -6.218  -10.004    1.040   31.073    5.913
  87.50   32.814   32.887   32.888   -2.185   -0.285    7.814   -2.185   -0.285   -2.225  -17.071    0.622   32.959    8.613
  87.60   34.816   34.829   34.836   -0.917    0.705    9.816   -0.917    0.705    6.923   -9.002   -0.647   48.851    5.688
  87.70   33.927   33.962   33.964   -1.531    0.370    8.927   -1.531    0.370    3.302  -13.667   -0.566   41.088    7.036
  87.80   32.785   32.799   32.832   -0.960   -1.484    7.785   -0.960   -1.484  -11.549   -7.476    1.425   31.864    6.916
  87.90   33.049   33.061   33.062   -0.866    0.334    8.049   -0.866    0.334    2.689   -6.971   -0.289   32.827    3.738
  88.00   32.500   32.526   32.547   -1.279   -1.176    7.500   -1.279   -1.176   -8.823   -9.592    1.504   29.637    6.560
  88.10   31.233   31.319   31.319   -2.317    0.071    6.233   -2.317    0.071    0.442  -14.445   -0.164   22.115    7.226
  88.20   31.579   31.884   31.896   -4.403    0.878    6.579   -4.403    0.878    5.777  -28.964   -3.866   31.717   14.893
  88.30   30.181   30.748   30.872   -5.876    2.772    5.181   -5.876    2.772   14.364  -30.442  -16.290   34.526   18.697
  88.40   29.276   29.716   29.781   -5.096    1.966    4.276   -5.096    1.966    8.404  -21.790  -10.017   24.059   12.706
  88.50   29.062   29.125   29.288   -1.919    3.088    4.062   -1.919    3.088   12.541   -7.794   -5.925   14.857    7.955
  88.60   28.008   28.048   28.207   -1.503    2.989    3.008   -1.503    2.989    8.990   -4.521   -4.492   10.120    5.510
  88.70   29.279   29.279   29.565   -0.148    4.102    4.279   -0.148    4.102   17.553   -0.635   -0.608   17.579    8.787
  88.80   29.236   29.254   29.533   -1.026    4.054    4.236   -1.026    4.054   17.171   -4.347   -4.160   17.715    9.098
  88.90   28.444   28.460   28.682   -0.932    3.565    3.444   -0.932    3.565   12.280   -3.210   -3.323   12.722    6.560
  89.00   28.217   28.263   28.456   -1.606    3.312    3.217   -1.606    3.312   10.653   -5.166   -5.318   11.947    6.490
  89.10   28.527   28.702   28.870   -3.165    3.109    3.527   -3.165    3.109   10.966  -11.165   -9.841   16.063    9.243
  89.20   27.080   27.103   27.269   -1.136    3.003    2.080   -1.136    3.003    6.245   -2.362   -3.411    7.316    3.749
  89.30   28.258   28.334   28.609   -2.067    3.960    3.258   -2.067    3.960   12.901   -6.735   -8.185   15.284    8.349
  89.40   29.244   29.393   29.449   -2.954    1.825    4.244   -2.954    1.825    7.744  -12.536   -5.391   15.033    7.845
  89.50   29.840   30.152   30.192   -4.330    1.557    4.840   -4.330    1.557    7.537  -20.954   -6.742   22.297   11.633
  89.60   28.459   28.675   28.703   -3.513    1.265    3.459   -3.513    1.265    4.376  -12.150   -4.443   12.951    6.828
  89.70   29.174   29.205   29.214   -1.354   -0.715    4.174   -1.354   -0.715   -2.983   -5.653    0.968    9.883    3.232
  89.80   28.692   28.802   28.843   -2.510   -1.544    3.692   -2.510   -1.544   -5.702   -9.269    3.877   11.160    5.776
  89.90   28.043   28.580   28.598   -5.513   -1.019    3.043   -5.513   -1.019   -3.102  -16.778    5.620   20.349    8.982
  90.00   29.789   30.217   30.222   -5.063   -0.541    4.789   -5.063   -0.541   -2.593  -24.251    2.741   24.435   12.271
  90.10   29.545   30.092   30.095   -5.712   -0.409    4.545   -5.712   -0.409   -1.860  -25.960    2.337   26.725   13.066
  90.20   28.922   29.726   29.742   -6.868   -0.969    3.922   -6.868   -0.969   -3.799  -26.938    6.653   31.748   14.003
  90.30   29.141   29.714   29.742   -5.807    1.307    4.141   -5.807    1.307    5.411  -24.044   -7.589   26.286   12.894
  90.40   28.822   29.330   29.347   -5.435   -1.014    3.822   -5.435   -1.014   -3.875  -20.773    5.511   22.588   10.919
  90.50   29.238   29.642   29.677   -4.877   -1.440    4.238   -4.877   -1.440   -6.103  -20.667    7.023   21.908   11.332
  90.60   28.069   28.143   28.167   -2.046   -1.143    3.069   -2.046   -1.143   -3.509   -6.280    2.339    7.456    3.782
  90.70   28.479   28.557   28.572   -2.105   -0.926    3.479   -2.105   -0.926   -3.222   -7.323    1.949    8.696    4.117
  90.80   28.912   28.926   28.960   -0.877   -1.406    3.912   -0.877   -1.406   -5.501   -3.433    1.234    9.026    3.300
  90.90   27.772   27.791   27.899   -1.032   -2.450    2.772   -1.032   -2.450   -6.792   -2.860    2.527    7.376    3.895
  91.00   27.973   27.980   28.081    0.608   -2.384    2.973    0.608   -2.384   -7.089    1.807   -1.449    7.447    3.729
  91.10   28.050   28.070   28.134    1.069   -1.896    3.050    1.069   -1.896   -5.782    3.261   -2.027    7.019    3.470
  91.20   29.641   29.657   29.676    0.954   -1.057    4.641    0.954   -1.057   -4.904    4.428   -1.008   11.785    3.342
  91.30   29.785   29.817   29.820    1.384    0.412    4.785    1.384    0.412    1.969    6.623    0.570   12.490    3.466
  91.40   29.685   29.685   29.689    0.107   -0.516    4.685    0.107   -0.516   -2.417    0.500   -0.055   11.111    1.234
  91.50   30.266   30.286   30.308    1.095    1.171    5.266    1.095    1.171    6.167    5.767    1.283   15.150    4.270
  91.60   31.237   31.303   31.329    2.036   -1.262    6.237    2.036   -1.262   -7.873   12.701   -2.571   22.320    7.581
  91.70   29.788   29.883   29.923    2.384   -1.540    4.788    2.384   -1.540   -7.375   11.412   -3.672   15.488    7.038
  91.80   30.309   30.343   30.344    1.449   -0.186    5.309    1.449   -0.186   -0.987    7.690   -0.269   15.157    3.879
  91.90   30.692   30.793   30.795    2.491    0.285    5.692    2.491    0.285    1.620   14.182    0.709   19.346    7.146
  92.00   29.947   30.174   30.210    3.695    1.489    4.947    3.695    1.489    7.366   18.279    5.503   20.171   10.231
  92.10   27.360   27.601   27.610    3.637    0.714    2.360    3.637    0.714    1.685    8.584    2.596    9.653    4.562
  92.20   26.844   27.118   27.151    3.844   -1.344    1.844    3.844   -1.344   -2.478    7.090   -5.165    9.993    4.558
  92.30   26.494   26.616   26.715    2.544   -2.306    1.494    2.544   -2.306   -3.444    3.801   -5.866    7.010    3.896
  92.40   25.422   25.521   25.569    2.241   -1.567    0.422    2.241   -1.567   -0.661    0.946   -3.513    3.829    1.849
  92.50   27.613   27.678   27.747    1.887   -1.954    2.613    1.887   -1.954   -5.108    4.930   -3.687    7.105    4.000
  92.60   29.253   29.253   29.443   -0.183   -3.343    4.253   -0.183   -3.343  -14.215   -0.779    0.612   14.646    7.125
  92.70   27.968   28.032   28.114    1.888   -2.154    2.968    1.888   -2.154   -6.395    5.603   -4.067    8.507    4.712
  92.80   27.810   27.850   28.016    1.499   -3.042    2.810    1.499   -3.042   -8.548    4.212   -4.560    9.699    5.282
  92.90   28.835   28.952   29.145    2.603   -3.345    3.835    2.603   -3.345  -12.828    9.982   -8.707   16.335    9.219
  93.00   29.194   29.332   29.456    2.841   -2.698    4.194    2.841   -2.698  -11.318   11.915   -7.665   16.472    9.067
  93.10   30.367   30.737   31.019    4.760   -4.167    5.367    4.760   -4.167  -22.363   25.546  -19.835   34.412   19.661
  93.20   29.968   30.317   30.508    4.584   -3.409    4.968    4.584   -3.409  -16.936   22.772  -15.626   28.657   16.199
  93.30   28.942   29.443   29.557    5.406   -2.591    3.942    5.406   -2.591  -10.215   21.314  -14.009   25.743   13.738
  93.40   29.353   29.870   30.138    5.535   -4.008    4.353    5.535   -4.008  -17.447   24.094  -22.185   32.825   18.554
  93.50   29.832   30.458   30.686    6.146   -3.734    4.832    6.146   -3.734  -18.042   29.697  -22.950   37.533   20.822
  93.60   30.327   30.705   30.771    4.806   -2.005    5.327    4.806   -2.005  -10.679   25.601   -9.634   27.746   14.682
  93.70   29.913   30.020   30.090    2.532   -2.046    4.913    2.532   -2.046  -10.051   12.440   -5.180   17.367    8.406
  93.80   29.561   29.673   29.790    2.574   -2.635    4.561    2.574   -2.635  -12.019   11.741   -6.783   17.187    9.060
  93.90   27.583   27.640   27.656    1.776   -0.950    2.583    1.776   -0.950   -2.453    4.588   -1.687    5.364    2.734
  94.00   29.786   29.899   29.975    2.596   -2.130    4.786    2.596   -2.130  -10.196   12.425   -5.531   17.092    8.499
  94.10   30.509   30.630   30.661    2.724   -1.386    5.509    2.724   -1.386   -7.637   15.008   -3.777   19.845    8.629
  94.20   29.594   29.983   29.995    4.811   -0.867    4.594    4.811   -0.867   -3.982   22.103   -4.170   22.502   11.421
  94.30   31.670   31.769   31.783    2.514   -0.932    6.670    2.514   -0.932   -6.219   16.770   -2.345   25.838    9.019
  94.40   31.633   31.658   31.700    1.239   -1.630    6.633    1.239   -1.630  -10.814    8.222   -2.021   24.099    6.867
  94.50   30.919   30.921   30.922    0.381   -0.161    5.919    0.381   -0.161   -0.955    2.254   -0.061   17.603    1.224
  94.60   31.920   31.959   31.964    1.585    0.563    6.920    1.585    0.563    3.893   10.965    0.891   25.356    5.835
  94.70   31.314   31.442   31.445    2.837    0.451    6.314    2.837    0.451    2.848   17.912    1.280   24.059    9.091
  94.80   30.283   30.313   30.320    1.357   -0.642    5.283    1.357   -0.642   -3.390    7.169   -0.871   15.081    3.989
  94.90   28.101   28.162   28.196    1.844   -1.392    3.101    1.844   -1.392   -4.316    5.718   -2.565    7.477    3.805
  95.00   28.057   28.071   28.079    0.877    0.653    3.057    0.877    0.653    1.998    2.681    0.573    5.271    1.696
  95.10   27.637   27.651   27.654    0.860   -0.409    2.637    0.860   -0.409   -1.080    2.268   -0.352    3.932    1.268
  95.20   27.739   27.739   27.784    0.024   -1.577    2.739    0.024   -1.577   -4.319    0.066   -0.038    4.994    2.160
  95.30   27.227   27.232   27.232   -0.538    0.020    2.227   -0.538    0.020    0.044   -1.197   -0.011    2.624    0.599
  95.40   27.715   27.720   27.747   -0.521   -1.232    2.715   -0.521   -1.232   -3.346   -1.415    0.642    4.581    1.845
  95.50   26.213   26.219   26.254   -0.564   -1.346    1.213   -0.564   -1.346   -1.632   -0.685    0.760    1.801    0.963
  95.60   26.276   26.276   26.290    0.119   -0.848    1.276    0.119   -0.848   -1.082    0.152   -0.101    1.181    0.549
  95.70   27.813   27.873   27.890    1.828    0.965    2.813    1.828    0.965    2.714    5.141    1.763    6.092    3.038
  95.80   27.389   27.423   27.479    1.367    1.746    2.389    1.367    1.746    4.171    3.267    2.387    5.312    2.905
  95.90   28.062   28.062   28.066   -0.106    0.485    3.062   -0.106    0.485    1.485   -0.323   -0.051    4.810    0.760
  96.00   26.822   26.849   26.849    1.185    0.065    1.822    1.185    0.065    0.118    2.160    0.077    2.365    1.083
  96.10   27.474   27.545   27.574    1.988    1.251    2.474    1.988    1.251    3.094    4.916    2.486    5.817    3.159
  96.20   28.005   28.105   28.284    2.368    3.177    3.005    2.368    3.177    9.547    7.115    7.523   12.365    7.042
  96.30   28.124   28.216   28.357    2.281    2.819    3.124    2.281    2.819    8.806    7.124    6.429   11.453    6.512
  96.40   27.651   27.792   28.079    2.798    4.004    2.651    2.798    4.004   10.616    7.419   11.205   15.446    8.563
  96.50   28.479   28.612   28.721    2.757    2.498    3.479    2.757    2.498    8.691    9.592    6.889   12.973    7.332
  96.60   27.703   27.797   27.807    2.275    0.753    2.703    2.275    0.753    2.035    6.150    1.713    6.525    3.350
  96.70   26.885   26.931   26.931    1.577    0.059    1.885    1.577    0.059    0.112    2.972    0.094    3.021    1.488
  96.80   27.683   27.687   27.689   -0.504   -0.327    2.683   -0.504   -0.327   -0.877   -1.351    0.165    3.779    0.810
  96.90   27.479   27.479   27.513    0.064    1.376    2.479    0.064    1.376    3.412    0.159    0.088    4.022    1.708
  97.00   27.438   27.444   27.463   -0.597    1.019    2.438   -0.597    1.019    2.484   -1.457   -0.609    3.670    1.472
  97.10   27.113   27.118   27.149    0.495    1.299    2.113    0.495    1.299    2.745    1.047    0.643    3.199    1.504
  97.20   26.920   26.932   26.938    0.812    0.568    1.920    0.812    0.568    1.090    1.559    0.461    2.334    0.979
  97.30   25.456   25.463   25.466    0.612    0.334    0.456    0.612    0.334    0.152    0.279    0.205    0.347    0.189
  97.40   26.934   26.935   27.048   -0.261    2.468    1.934   -0.261    2.468    4.773   -0.505   -0.645    4.950    2.422
  97.50   25.764   25.775   25.958   -0.750    3.077    0.764   -0.750    3.077    2.350   -0.573   -2.307    5.306    1.671
  97.60   25.322   25.323   25.347   -0.062    1.105    0.322   -0.062    1.105    0.356   -0.020   -0.068    0.664    0.182
  97.70   26.097   26.097   26.100   -0.182   -0.353    1.097   -0.182   -0.353   -0.387   -0.199    0.064    0.680    0.220
  97.80   25.884   25.910   25.916    1.166   -0.522    0.884    1.166   -0.522   -0.461    1.031   -0.608    1.206    0.641
  97.90   25.540   25.588   25.594   -1.565   -0.582    0.540   -1.565   -0.582   -0.314   -0.845    0.911    1.540    0.641
  98.00   24.639   24.714   24.716   -1.923    0.324   -0.361   -1.923    0.324   -0.117    0.694   -0.623    1.966    0.470
  98.10   24.615   24.648   24.648   -1.261    0.105   -0.385   -1.261    0.105   -0.040    0.485   -0.133    0.875    0.252
  98.20   23.701   23.779   23.786   -1.921    0.577   -1.299   -1.921    0.577   -0.749    2.495   -1.108    2.855    1.416
  98.30   23.268   23.268   23.318    0.149   -1.520   -1.732    0.149   -1.520    2.633   -0.259   -0.227    2.666    1.327
  98.40   23.600   23.607   23.683   -0.607   -1.889   -1.400   -0.607   -1.889    2.645    0.851    1.147    2.949    1.503
  98.50   24.129   24.141   24.166    0.761   -1.092   -0.871    0.761   -1.092    0.951   -0.663   -0.831    1.265    0.713
  98.60   24.575   24.586   24.586   -0.723    0.167   -0.425   -0.723    0.167   -0.071    0.307   -0.121    0.365    0.169
  98.70   25.216   25.254   25.265   -1.389   -0.758    0.216   -1.389   -0.758   -0.163   -0.300    1.053    1.275    0.553
  98.80   26.512   26.738   26.738   -3.468    0.114    1.512   -3.468    0.114    0.172   -5.243   -0.395    7.164    2.630
  98.90   28.230   28.656   28.663   -4.924   -0.641    3.230   -4.924   -0.641   -2.070  -15.904    3.156   17.545    8.173
  99.00   27.265   27.502   27.564   -3.602   -1.856    2.265   -3.602   -1.856   -4.204   -8.159    6.687   10.776    5.678
  99.10   28.494   28.555   28.608   -1.872   -1.745    3.494   -1.872   -1.745   -6.095   -6.539    3.265    9.376    4.758
  99.20   27.159   27.360   27.505   -3.309   -2.820    2.159   -3.309   -2.820   -6.090   -7.144    9.332   11.782    6.619
  99.30   25.698   25.948   26.180   -3.600   -3.476    0.698   -3.600   -3.476   -2.425   -2.511   12.514   12.764    6.496
  99.40   25.782   26.118   26.209   -4.174   -2.184    0.782   -4.174   -2.184   -1.708   -3.265    9.115   11.400    4.916
  99.50   24.782   25.127   25.189   -4.146   -1.767   -0.218   -4.146   -1.767    0.385    0.903    7.327   10.179    3.696
  99.60   24.873   25.220   25.232   -4.169   -0.789   -0.127   -4.169   -0.789    0.100    0.530    3.290    9.010    1.667
  99.70   24.536   25.111   25.122   -5.341    0.762   -0.464   -5.341    0.762   -0.354    2.479   -4.072   14.662    2.390
  99.80   25.834   26.685   26.685   -6.684   -0.002    0.834   -6.684   -0.002   -0.002   -5.575    0.014   22.688    2.788
  99.90   27.598   28.458   28.464   -6.941    0.583    2.598   -6.941    0.583    1.516  -18.035   -4.048   27.632    9.273
 100.00   28.270   28.955   28.962   -6.259   -0.652    3.270   -6.259   -0.652   -2.133  -20.467    4.082   25.146   10.489
 100.10   28.589   28.779   28.781   -3.306   -0.353    3.589   -3.306   -0.353   -1.265  -11.863    1.165   11.965    5.993
 100.20   28.088   28.186   28.220   -2.349    1.374    3.088   -2.349    1.374    4.244   -7.253   -3.228    8.471    4.501
 100.30   28.328   28.543   28.586   -3.502    1.562    3.328   -3.502    1.562    5.197  -11.653   -5.469   12.888    6.941
 100.40   26.798   27.188   27.228   -4.585    1.488    1.798   -4.585    1.488    2.675   -8.245   -6.820   13.234    5.515
 100.50   27.351   27.709   27.838   -4.435    2.675    2.351   -4.435    2.675    6.291  -10.428  -11.865   16.178    8.502
 100.60   27.928   28.173   28.189   -3.710    0.948    2.928   -3.710    0.948    2.775  -10.864   -3.516   11.618    5.875
 100.70   28.604   28.760   28.769   -2.993    0.715    3.604   -2.993    0.715    2.578  -10.787   -2.141   11.229    5.648
 100.80   27.665   27.835   27.887   -3.069    1.698    2.665   -3.069    1.698    4.525   -8.181   -5.211    9.704    5.351
 100.90   26.896   27.129   27.145   -3.544    0.940    1.896   -3.544    0.940    1.783   -6.721   -3.333    8.522    3.856
 101.00   26.233   26.415   26.458   -3.095   -1.512    1.233   -3.095   -1.512   -1.865   -3.816    4.680    6.692    3.160
 101.10   25.842   26.349   26.488   -5.146   -2.703    0.842   -5.146   -2.703   -2.276   -4.332   13.911   17.248    7.373
 101.20   25.382   25.950   25.977   -5.401   -1.180    0.382   -5.401   -1.180   -0.451   -2.062    6.374   15.352    3.357
 101.30   24.807   25.148   25.154   -4.128   -0.566   -0.193   -4.128   -0.566    0.109    0.797    2.337    8.698    1.236
 101.40   25.648   26.110   26.127   -4.887   -0.952    0.648   -4.887   -0.952   -0.617   -3.167    4.654   12.605    2.832
 101.50   26.508   26.895   26.896   -4.545    0.185    1.508   -4.545    0.185    0.278   -6.855   -0.839   11.485    3.456
 101.60   27.330   27.564   27.566   -3.579   -0.361    2.330   -3.579   -0.361   -0.842   -8.341    1.293    9.186    4.241
 101.70   26.720   27.003   27.208   -3.896   -3.337    1.720   -3.896   -3.337   -5.739   -6.701   13.002   14.638    7.857
 101.80   25.633   26.283   26.481   -5.811   -3.229    0.633   -5.811   -3.229   -2.042   -3.676   18.763   22.297    9.614
 101.90   25.934   26.365   26.440   -4.747   -1.988    0.934   -4.747   -1.988   -1.857   -4.435    9.438   13.681    5.296
 102.00   25.483   25.731   25.750   -3.560   -0.986    0.483   -3.560   -0.986   -0.477   -1.720    3.511    6.941    1.970
 102.10   25.633   26.191   26.202   -5.377   -0.735    0.633   -5.377   -0.735   -0.466   -3.406    3.952   14.928    2.619
 102.20   25.276   26.384   26.385   -7.566    0.240    0.276   -7.566    0.240    0.066   -2.088   -1.818   28.691    1.385
 102.30   25.352   25.881   25.938   -5.202    1.729    0.352   -5.202    1.729    0.609   -1.833   -8.996   15.087    4.601
 102.40   25.176   25.378   25.676   -3.190    3.907    0.176   -3.190    3.907    0.689   -0.562  -12.462   12.734    6.247
 102.50   24.509   24.744   24.797   -3.401    1.626   -0.491   -3.401    1.626   -0.798    1.670   -5.529    7.224    2.915
 102.60   23.467   23.673   23.758   -3.116    2.010   -1.533   -3.116    2.010   -3.082    4.777   -6.265    8.052    4.230
 102.70   23.168   23.354   23.414   -2.942    1.674   -1.832   -2.942    1.674   -3.066    5.390   -4.925    7.408    3.959
 102.80   24.282   24.590   24.731   -3.877    2.637   -0.718   -3.877    2.637   -1.893    2.783  -10.224   11.250    5.382
 102.90   23.330   23.565   23.878   -3.323    3.852   -1.670   -3.323    3.852   -6.434    5.550  -12.800   14.335    7.682
 103.00   22.087   22.620   22.991   -4.881    4.113   -2.913   -4.881    4.113  -11.982   14.219  -20.077   24.615   13.682
 103.10   21.504   23.071   23.262   -8.357    2.977   -3.496   -8.357    2.977  -10.406   29.212  -24.875   45.457   19.877
 103.20   21.326   21.991   22.236   -5.368    3.288   -3.674   -5.368    3.288  -12.079   19.719  -17.649   26.559   14.545
 103.30   20.397   20.548   20.656   -2.487    2.116   -4.603   -2.487    2.116   -9.740   11.447   -5.262   15.925    7.962
 103.40   20.050   20.770   20.815   -5.421    1.367   -4.950   -5.421    1.367   -6.769   26.834   -7.413   27.880   14.325
 103.50   20.702   21.216   21.357   -4.643    2.453   -4.298   -4.643    2.453  -10.545   19.956  -11.389   23.024   12.641
 103.60   20.533   21.526   21.647   -6.461    2.288   -4.467   -6.461    2.288  -10.220   28.860  -14.782   33.465   16.999
 103.70   20.786   22.210   22.340   -7.823    2.408   -4.214   -7.823    2.408  -10.148   32.965  -18.841   42.378   19.651
 103.80   22.079   23.258   23.266   -7.310    0.628   -2.921   -7.310    0.628   -1.833   21.350   -4.588   31.178   10.957
 103.90   22.353   22.921   22.927   -5.071    0.530   -2.647   -5.071    0.530   -1.403   13.426   -2.687   16.504    6.882
 104.00   22.499   22.836   22.889   -3.908    1.564   -2.501   -3.908    1.564   -3.913    9.775   -6.114   11.988    6.088
 104.10   22.761   23.138   23.151   -4.160    0.767   -2.239   -4.160    0.767   -1.717    9.315   -3.190   11.455    4.997
 104.20   23.009   23.467   23.509   -4.613    1.411   -1.991   -4.613    1.411   -2.809    9.186   -6.509   13.619    5.802
 104.30   24.871   25.291   25.513   -4.590    3.359   -0.129   -4.590    3.359   -0.433    0.591  -15.419   16.184    7.718
 104.40   25.498   26.069   26.238   -5.426    2.969    0.498   -5.426    2.969    1.480   -2.704  -16.113   19.255    8.203
 104.50   24.516   24.936   25.024   -4.558    2.092   -0.484   -4.558    2.092   -1.012    2.206   -9.536   12.695    4.920
 104.60   24.997   25.700   25.821   -5.969    2.493   -0.003   -5.969    2.493   -0.006    0.015  -14.882   20.921    7.441
 104.70   26.469   26.794   26.905   -4.161    2.448    1.469   -4.161    2.448    3.595   -6.110  -10.185   12.730    6.205
 104.80   25.841   25.995   26.099   -2.826    2.325    0.841   -2.826    2.325    1.955   -2.376   -6.571    7.050    3.628
 104.90   26.047   26.336   26.578   -3.890    3.584    1.047   -3.890    3.584    3.752   -4.072  -13.943   14.538    7.501
 105.00   26.549   26.702   26.922   -2.855    3.432    1.549   -2.855    3.432    5.316   -4.423   -9.799   11.165    5.997
 105.10   26.942   27.321   27.552   -4.535    3.558    1.942   -4.535    3.558    6.910   -8.809  -16.135   18.499    9.819
 105.20   26.317   26.578   26.793   -3.716    3.387    1.317   -3.716    3.387    4.462   -4.895  -12.587   13.509    7.112
 105.30   26.692   26.908   26.940   -3.399    1.308    1.692   -3.399    1.308    2.214   -5.752   -4.446    8.063    3.800
 105.40   28.482   28.688   28.743   -3.434    1.775    3.482   -3.434    1.775    6.180  -11.956   -6.094   13.532    7.387
 105.50   27.366   27.621   27.630   -3.741    0.711    2.366   -3.741    0.711    1.683   -8.853   -2.661   10.051    4.698
 105.60   27.404   27.835   27.888   -4.879    1.728    2.404   -4.879    1.728    4.153  -11.728   -8.431   16.286    7.515
 105.70   27.240   27.567   27.569   -4.234   -0.359    2.240   -4.234   -0.359   -0.805   -9.483    1.521   11.536    4.819
 105.80   24.018   24.342   24.343   -3.958    0.193   -0.982   -3.958    0.193   -0.189    3.886   -0.762    8.333    1.982
 105.90   24.568   24.981   24.988   -4.525    0.574   -0.432   -4.525    0.574   -0.248    1.954   -2.598   10.494    1.630
 106.00   24.582   24.992   25.004   -4.510    0.777   -0.418   -4.510    0.777   -0.325    1.886   -3.504   10.559    1.996
 106.10   25.687   25.988   25.992   -3.947    0.424    0.687   -3.947    0.424    0.291   -2.711   -1.674    8.113    1.600
 106.20   26.878   26.968   27.127   -2.198    2.928    1.878   -2.198    2.928    5.500   -4.128   -6.435    8.466    4.709
 106.30   26.621   26.662   26.719   -1.479    1.748    1.621   -1.479    1.748    2.833   -2.397   -2.584    3.934    2.261
 106.40   25.360   25.382   25.419   -1.069    1.356    0.360   -1.069    1.356    0.488   -0.385   -1.450    1.556    0.789
 106.50   26.431   26.491   26.523   -1.777    1.304    1.431   -1.777    1.304    1.866   -2.544   -2.317    3.453    1.957
 106.60   26.834   26.892   26.967   -1.767    2.008    1.834   -1.767    2.008    3.682   -3.240   -3.547    5.258    3.027
 106.70   26.264   26.377   26.414   -2.434    1.390    1.264   -2.434    1.390    1.757   -3.077   -3.382    4.727    2.449
 106.80   28.145   28.308   28.323   -3.033    0.947    3.145   -3.033    0.947    2.977   -9.538   -2.871    9.992    5.198
 106.90   27.927   28.190   28.274   -3.844    2.174    2.927   -3.844    2.174    6.362  -11.249   -8.355   14.032    7.694
 107.00   27.730   28.061   28.223   -4.296    3.016    2.730   -4.296    3.016    8.234  -11.730  -12.955   17.502    9.659
 107.10   28.121   28.200   28.208   -2.111    0.673    3.121   -2.111    0.673    2.100   -6.588   -1.421    7.324    3.529
 107.20   27.630   27.743   27.755   -2.503    0.827    2.630   -2.503    0.827    2.174   -6.582   -2.069    6.932    3.617
 107.30   27.662   27.711   27.728   -1.650   -0.977    2.662   -1.650   -0.977   -2.600   -4.392    1.612    5.382    2.676
 107.40   28.779   28.938   28.938   -3.025   -0.102    3.779   -3.025   -0.102   -0.386  -11.431    0.309   11.720    5.721
 107.50   27.765   28.048   28.066   -3.979    0.983    2.765   -3.979    0.983    2.719  -11.001   -3.913   12.221    5.994
 107.60   28.929   29.161   29.182   -3.672    1.096    3.929   -3.672    1.096    4.305  -14.428   -4.024   15.062    7.793
 107.70   29.062   29.376   29.400   -4.282    1.206    4.062   -4.282    1.206    4.900  -17.392   -5.165   18.144    9.396
 107.80   29.241   29.688   29.877   -5.135    3.352    4.241   -5.135    3.352   14.216  -21.776  -17.214   27.795   15.593
 107.90   28.091   28.544   28.707   -5.067    3.053    3.091   -5.067    3.053    9.436  -15.661  -15.469   22.274   11.975
 108.00   29.048   29.368   29.420   -4.324    1.744    4.048   -4.324    1.744    7.061  -17.504   -7.544   19.064   10.163
 108.10   28.666   29.064   29.170   -4.799    2.483    3.666   -4.799    2.483    9.101  -17.590  -11.914   21.314   11.556
 108.20   26.688   27.011   27.193   -4.162    3.145    1.688   -4.162    3.145    5.310   -7.027  -13.090   15.032    7.888
 108.30   25.624   25.940   26.298   -4.042    4.323    0.624   -4.042    4.323    2.695   -2.520  -17.473   17.707    8.929
 108.40   26.405   26.690   26.790   -3.884    2.320    1.405   -3.884    2.320    3.261   -5.459   -9.012   11.223    5.515
 108.50   26.965   27.176   27.324   -3.381    2.838    1.965   -3.381    2.838    5.576   -6.645   -9.595   11.674    6.468
 108.60   27.347   27.566   27.745   -3.466    3.144    2.347   -3.466    3.144    7.380   -8.136  -10.897   13.704    7.736
 108.70   27.786   28.510   28.734   -6.382    3.586    2.786   -6.382    3.586    9.991  -17.783  -22.887   30.678   15.328
 108.80   27.801   28.607   28.795   -6.743    3.281    2.801   -6.743    3.281    9.191  -18.888  -22.125   32.040   15.254
 108.90   26.639   27.319   27.346   -6.060    1.204    1.639   -6.060    1.204    1.973   -9.930   -7.295   20.428    6.239
 109.00   27.137   27.575   27.603   -4.898    1.234    2.137   -4.898    1.234    2.637  -10.465   -6.043   15.037    6.185
 109.10   26.493   26.662   26.669   -3.002    0.606    1.493   -3.002    0.606    0.905   -4.480   -1.819    5.802    2.460
 109.20   25.915   26.302   26.303   -4.490   -0.222    0.915   -4.490   -0.222   -0.203   -4.111    0.996   10.525    2.117
 109.30   23.223   23.772   23.807   -5.081   -1.278   -1.777   -5.081   -1.278    2.272    9.029    6.495   15.304    5.676
 109.40   24.099   24.691   24.700   -5.375   -0.639   -0.901   -5.375   -0.639    0.576    4.843    3.437   15.058    2.983
 109.50   26.570   26.820   26.820   -3.652   -0.201    1.570   -3.652   -0.201   -0.315   -5.733    0.733    7.921    2.894
 109.60   26.503   26.855   26.859   -4.330   -0.474    1.503   -4.330   -0.474   -0.712   -6.510    2.050   10.615    3.431
 109.70   26.648   26.985   26.986   -4.253    0.068    1.648   -4.253    0.068    0.113   -7.009   -0.291   10.403    3.508
 109.80   26.105   26.560   26.567   -4.892   -0.630    1.105   -4.892   -0.630   -0.696   -5.406    3.081   12.777    3.131
 109.90   26.648   27.464   27.478   -6.643   -0.869    1.648   -6.643   -0.869   -1.432  -10.950    5.772   23.804    6.231
 110.00   25.592   26.276   26.276   -5.956   -0.187    0.592   -5.956   -0.187   -0.111   -3.524    1.113   17.930    1.849
 110.10   25.444   26.279   26.302   -6.572   -1.102    0.444   -6.572   -1.102   -0.490   -2.920    7.241   22.302    3.911
 110.20   27.032   27.794   27.802   -6.465   -0.644    2.032   -6.465   -0.644   -1.308  -13.137    4.162   23.172    6.921
 110.30   28.360   28.686   28.706   -4.314    1.069    3.360   -4.314    1.069    3.591  -14.493   -4.612   15.520    7.814
 110.40   27.980   28.349   28.410   -4.556    1.863    2.980   -4.556    1.863    5.553  -13.578   -8.489   16.555    8.474
 110.50   25.838   26.472   26.534   -5.758    1.819    0.838   -5.758    1.819    1.525   -4.827  -10.472   18.580    5.816
 110.60   25.370   26.279   26.319   -6.850    1.465    0.370   -6.850    1.465    0.542   -2.535  -10.038   24.604    5.184
 110.70   24.478   25.661   25.797   -7.702    2.645   -0.522   -7.702    2.645   -1.381    4.022  -20.371   33.291   10.405
 110.80   23.743   25.144   25.312   -8.275    2.911   -1.257   -8.275    2.911   -3.658   10.399  -24.090   39.268   13.246
 110.90   24.259   25.431   25.663   -7.630    3.444   -0.741   -7.630    3.444   -2.553    5.656  -26.279   35.317   13.501
 111.00   21.894   22.690   22.845   -5.960    2.658   -3.106   -5.960    2.658   -8.256   18.514  -15.841   26.118   12.864
 111.10   20.628   21.349   21.391   -5.501    1.329   -4.372   -5.501    1.329   -5.811   24.047   -7.312   25.568   12.899
 111.20   21.625   22.421   22.423   -5.919    0.341   -3.375   -5.919    0.341   -1.150   19.976   -2.017   23.272   10.055
 111.30   20.361   20.930   20.999   -4.844    1.702   -4.639   -4.844    1.702   -7.894   22.469   -8.243   23.938   12.601
 111.40   20.103   20.686   20.714   -4.874    1.079   -4.897   -4.874    1.079   -5.284   23.867   -5.260   24.449   12.502
 111.50   21.036   22.100   22.113   -6.774    0.767   -3.964   -6.774    0.767   -3.039   26.853   -5.193   31.094   13.759
 111.60   20.874   21.731   21.852   -6.044    2.293   -4.126   -6.044    2.293   -9.463   24.940  -13.860   29.408   15.030
 111.70   20.350   21.646   21.786   -7.378    2.467   -4.650   -7.378    2.467  -11.473   34.308  -18.202   41.071   20.248
 111.80   19.237   20.919   21.056   -8.218    2.399   -5.763   -8.218    2.399  -13.828   47.361  -19.720   53.254   26.567
 111.90   19.536   21.844   21.891   -9.772    1.429   -5.464   -9.772    1.429   -7.808   53.395  -13.965   63.697   27.871
 112.00   19.759   22.676   22.735  -11.125    1.629   -5.241  -11.125    1.629   -8.535   58.302  -18.119   76.944   30.823
 112.10   17.875   20.823   20.984  -10.681    2.595   -7.125  -10.681    2.595  -18.487   76.105  -27.712   85.793   41.538
 112.20   18.305   20.881   20.915  -10.047    1.201   -6.695  -10.047    1.201   -8.042   67.262  -12.069   73.600   34.404
 112.30   19.203   21.522   21.531   -9.717    0.647   -5.797   -9.717    0.647   -3.749   56.330   -6.284   64.223   28.402
 112.40   18.645   20.600   20.600   -8.759   -0.062   -6.355   -8.759   -0.062    0.391   55.661    0.539   58.553   27.832
 112.50   19.300   21.313   21.333   -9.043   -0.921   -5.700   -9.043   -0.921    5.252   51.544    8.332   57.556   26.238
 112.60   19.854   21.721   21.749   -8.810   -1.103   -5.146   -8.810   -1.103    5.675   45.331    9.717   52.652   23.353
 112.70   19.185   20.920   20.988   -8.341   -1.685   -5.815   -8.341   -1.685    9.799   48.500   14.057   53.112   25.719
 112.80   18.026   19.632   19.855   -7.777   -2.973   -6.974   -7.777   -2.973   20.733   54.236   23.118   58.977   31.249
 112.90   19.737   20.136   20.191   -3.984   -1.495   -5.263   -3.984   -1.495    7.869   20.967    5.957   22.902   11.587
 113.00   19.786   20.144   20.238   -3.783   -1.943   -5.214   -3.783   -1.943   10.131   19.724    7.350   22.636   11.680
 113.10   19.041   19.176   19.256   -2.274   -1.751   -5.959   -2.274   -1.751   10.432   13.551    3.981   21.873    8.780
 113.20   20.207   20.456   20.495   -3.182   -1.255   -4.793   -3.182   -1.255    6.016   15.251    3.994   17.336    8.437
 113.30   21.561   21.942   22.013   -4.072   -1.764   -3.439   -4.072   -1.764    6.067   14.004    7.184   15.760    8.434
 113.40   22.904   23.558   23.573   -5.512   -0.831   -2.096   -5.512   -0.831    1.742   11.552    4.581   17.733    6.274
 113.50   22.438   23.389   23.424   -6.604   -1.270   -2.562   -6.604   -1.270    3.254   16.923    8.385   25.896    9.582
 113.60   23.361   24.381   24.571   -6.977   -3.049   -1.639   -6.977   -3.049    4.997   11.435   21.273   30.330   12.332
 113.70   23.487   24.548   24.998   -7.139   -4.723   -1.513   -7.139   -4.723    7.148   10.803   33.719   37.782   18.061
 113.80   22.453   23.170   23.586   -5.721   -4.411   -2.547   -5.721   -4.411   11.235   14.570   25.234   29.335   15.615
 113.90   22.029   23.110   23.191   -6.986   -1.936   -2.971   -6.986   -1.936    5.752   20.759   13.524   30.693   12.717
 114.00   22.048   23.120   23.148   -6.958   -1.149   -2.952   -6.958   -1.149    3.392   20.541    7.995   29.224   11.151
 114.10   21.715   22.889   22.946   -7.238   -1.620   -3.285   -7.238   -1.620    5.321   23.779   11.723   32.901   13.520
 114.20   19.856   21.277   21.277   -7.647    0.029   -5.144   -7.647    0.029   -0.150   39.339   -0.223   42.470   19.670
 114.30   19.386   20.494   20.495   -6.648   -0.200   -5.614   -6.648   -0.200    1.121   37.322    1.328   37.877   18.681
 114.40   18.594   19.383   19.384   -5.475   -0.112   -6.406   -5.475   -0.112    0.718   35.073    0.614   35.513   17.543
 114.50   18.579   19.121   19.134   -4.522   -0.689   -6.421   -4.522   -0.689    4.423   29.035    3.115   31.075   14.767
 114.60   19.622   20.628   20.795   -6.362    2.636   -5.378   -6.362    2.636  -14.177   34.214  -16.770   38.173   20.328
 114.70   20.611   21.529   21.740   -6.219    3.018   -4.389   -6.219    3.018  -13.245   27.292  -18.768   33.520   17.836
 114.80   19.317   19.930   19.931   -4.905   -0.127   -5.683   -4.905   -0.127    0.724   27.875    0.625   28.185   13.946
 114.90   18.863   19.382   19.385   -4.456    0.329   -6.137   -4.456    0.329   -2.017   27.343   -1.465   28.810   13.728
 115.00   19.348   19.983   20.039   -4.997    1.497   -5.652   -4.997    1.497   -8.462   28.246   -7.482   29.582   15.210
 115.10   17.772   18.387   18.461   -4.714    1.653   -7.228   -4.714    1.653  -11.949   34.069   -7.792   38.597   18.468
 115.20   18.741   19.397   19.403   -5.004   -0.469   -6.259   -5.004   -0.469    2.936   31.320    2.347   32.218   15.772
 115.30   20.217   20.766   20.779   -4.743    0.741   -4.783   -4.743    0.741   -3.543   22.683   -3.514   22.958   11.613
 115.40   19.080   19.478   19.506   -3.917   -1.038   -5.920   -3.917   -1.038    6.145   23.187    4.066   25.732   12.165
 115.50   19.574   19.725   19.750   -2.436   -0.981   -5.426   -2.436   -0.981    5.324   13.219    2.390   18.169    7.225
 115.60   19.425   19.653   19.681   -2.988   -1.045   -5.575   -2.988   -1.045    5.828   16.659    3.123   20.553    8.962
 115.70   21.425   21.593   21.596   -2.692   -0.300   -3.575   -2.692   -0.300    1.073    9.625    0.808   10.060    4.859
 115.80   21.712   21.758   21.795   -1.416    1.271   -3.288   -1.416    1.271   -4.180    4.656   -1.800    7.216    3.256
 115.90   23.057   23.302   23.339   -3.368    1.314   -1.943   -3.368    1.314   -2.552    6.545   -4.424    8.424    4.151
 116.00   21.414   21.578   21.579   -2.656    0.224   -3.586   -2.656    0.224   -0.805    9.524   -0.596    9.981    4.788
 116.10   21.859   22.076   22.078   -3.093    0.295   -3.141   -3.093    0.295   -0.927    9.717   -0.912    9.762    4.902
 116.20   23.843   23.932   23.942   -2.061    0.691   -1.157   -2.061    0.691   -0.800    2.384   -1.425    3.033    1.445
 116.30   22.646   22.803   22.867   -2.674    1.706   -2.354   -2.674    1.706   -4.018    6.297   -4.564    7.804    4.377
 116.40   21.162   21.326   21.328   -2.633    0.321   -3.838   -2.633    0.321   -1.232   10.103   -0.845   10.881    5.107
 116.50   21.308   21.310   21.310   -0.220    0.107   -3.692   -0.220    0.107   -0.397    0.811   -0.024    6.844    0.452
 116.60   22.488   22.493   22.514    0.504    0.959   -2.512    0.504    0.959   -2.410   -1.267    0.484    3.743    1.383
 116.70   23.100   23.116   23.169    0.860    1.561   -1.900    0.860    1.561   -2.966   -1.633    1.343    3.393    1.821
 116.80   22.469   22.475   22.485    0.552    0.656   -2.531    0.552    0.656   -1.661   -1.398    0.362    3.572    1.101
 116.90   22.265   22.281   22.297    0.844    0.859   -2.735    0.844    0.859   -2.349   -2.309    0.725    4.466    1.686
 117.00   22.719   22.759   22.807    1.349    1.472   -2.281    1.349    1.472   -3.357   -3.077    1.986    4.595    2.484
 117.10   22.566   22.653   22.784    1.978    2.441   -2.434    1.978    2.441   -5.941   -4.815    4.828    7.898    4.522
 117.20   23.544   23.736   23.813    3.018    1.908   -1.456    3.018    1.908   -2.779   -4.395    5.760    7.436    3.880
 117.30   24.067   24.106   24.115    1.359   -0.660   -0.933    1.359   -0.660    0.616   -1.267   -0.897    1.576    0.835
 117.40   22.682   22.710   22.723   -1.126   -0.752   -2.318   -1.126   -0.752    1.743    2.610    0.847    3.603    1.626
 117.50   22.418   22.441   22.494   -1.024   -1.544   -2.582   -1.024   -1.544    3.986    2.643    1.580    5.049    2.519
 117.60   24.087   24.089   24.129    0.275   -1.388   -0.913    0.275   -1.388    1.267   -0.251   -0.382    1.418    0.674
 117.70   23.123   23.163   23.164    1.354   -0.219   -1.877    1.354   -0.219    0.411   -2.541   -0.296    2.701    1.295
 117.80   24.521   24.558   24.638    1.351    1.982   -0.479    1.351    1.982   -0.949   -0.647    2.677    2.992    1.457
 117.90   23.734   23.772   23.778    1.352    0.546   -1.266    1.352    0.546   -0.692   -1.712    0.739    1.865    0.994
 118.00   22.502   22.508   22.568   -0.549    1.638   -2.498   -0.549    1.638   -4.091    1.371   -0.899    4.612    2.204
 118.10   21.981   22.029   22.119   -1.462    1.989   -3.019   -1.462    1.989   -6.007    4.413   -2.908    7.605    4.000
 118.20   20.831   20.868   20.982   -1.239    2.189   -4.169   -1.239    2.189   -9.125    5.164   -2.711   11.853    5.415
 118.30   20.455   20.553   20.567   -2.007   -0.764   -4.545   -2.007   -0.764    3.471    9.124    1.533   12.636    4.941
 118.40   21.176   21.271   21.349   -2.008   -1.830   -3.824   -2.008   -1.830    6.999    7.679    3.675   11.003    5.510
 118.50   22.494   22.730   22.777   -3.265   -1.462   -2.506   -3.265   -1.462    3.664    8.183    4.774    9.540    5.079
 118.60   21.607   21.768   21.776   -2.643    0.612   -3.393   -2.643    0.612   -2.075    8.969   -1.616    9.438    4.673
 118.70   21.339   21.843   21.888   -4.665    1.407   -3.661   -4.665    1.407   -5.153   17.082   -6.566   18.576    9.506
 118.80   22.619   22.945   22.963   -3.857    0.912   -2.381   -3.857    0.912   -2.172    9.185   -3.518   10.690    5.037
 118.90   22.364   22.450   22.463   -1.964    0.781   -2.636   -1.964    0.781   -2.058    5.177   -1.533    5.708    2.889
 119.00   21.779   21.837   21.839   -1.587   -0.272   -3.221   -1.587   -0.272    0.876    5.112    0.432    6.483    2.602
 119.10   22.506   22.680   22.701   -2.799   -0.975   -2.494   -2.799   -0.975    2.431    6.980    2.729    7.502    3.939
 119.20   22.979   22.991   23.059   -0.753   -1.768   -2.021   -0.753   -1.768    3.572    1.522    1.332    3.888    2.053
 119.30   22.549   22.566   22.890   -0.890   -3.834   -2.451   -0.890   -3.834    9.398    2.181    3.411   10.750    5.117
 119.40   22.335   22.344   22.948   -0.627   -5.229   -2.665   -0.627   -5.229   13.932    1.671    3.279   17.416    7.205
 119.50   21.993   21.994   22.248   -0.219   -3.353   -3.007   -0.219   -3.353   10.084    0.657    0.733   10.167    5.066
 119.60   21.800   21.800   21.901   -0.089   -2.099   -3.200   -0.089   -2.099    6.717    0.285    0.187    7.327    3.363
 119.70   20.743   20.760   20.846   -0.833   -1.900   -4.257   -0.833   -1.900    8.088    3.547    1.583   11.213    4.486
 119.80   21.150   21.164   21.426   -0.764   -3.342   -3.850   -0.764   -3.342   12.866    2.943    2.555   13.287    6.722
 119.90   21.039   21.071   21.305   -1.164   -3.149   -3.961   -1.164   -3.149   12.475    4.613    3.667   13.483    6.899
 120.00   21.280   21.282   21.282    0.245   -0.072   -3.720    0.245   -0.072    0.266   -0.913   -0.018    6.951    0.476
 120.10   21.664   21.700   21.703    1.250   -0.379   -3.336    1.250   -0.379    1.264   -4.170   -0.474    6.418    2.192
 120.20   21.937   22.038   22.065    2.107    1.092   -3.063    2.107    1.092   -3.345   -6.454    2.301    7.507    3.813
 120.30   24.095   24.125   24.125    1.211    0.009   -0.905    1.211    0.009   -0.008   -1.096    0.011    1.143    0.548
 120.40   24.757   24.757   24.801    0.048   -1.488   -0.243    0.048   -1.488    0.362   -0.012   -0.071    1.137    0.184
 120.50   23.712   23.810   23.839   -2.160   -1.161   -1.288   -2.160   -1.161    1.496    2.782    2.508    3.836    2.017
 120.60   24.306   24.316   24.360   -0.681   -1.463   -0.694   -0.681   -1.463    1.015    0.472    0.996    1.542    0.749
 120.70   23.792   23.792   23.792    0.063   -0.009   -1.208    0.063   -0.009    0.011   -0.077   -0.001    0.732    0.039
 120.80   22.680   22.685   22.692   -0.461    0.589   -2.320   -0.461    0.589   -1.366    1.069   -0.271    2.970    0.878
 120.90   21.632   21.721   21.775   -1.966    1.526   -3.368   -1.966    1.526   -5.139    6.623   -3.001    8.769    4.452
 121.00   22.529   22.634   22.635   -2.176   -0.235   -2.471   -2.176   -0.235    0.582    5.377    0.512    5.448    2.716
 121.10   21.520   21.577   21.593   -1.571    0.836   -3.480   -1.571    0.836   -2.911    5.466   -1.314    7.639    3.165
 121.20   22.175   22.212   22.271   -1.274    1.626   -2.825   -1.274    1.626   -4.594    3.598   -2.071    6.123    3.096
 121.30   22.975   22.975   23.206    0.055    3.267   -2.025    0.055    3.267   -6.616   -0.112    0.181    7.388    3.310
 121.40   22.708   22.713   22.903    0.464    2.946   -2.292    0.464    2.946   -6.754   -1.063    1.366    7.075    3.486
 121.50   22.389   22.398   22.591   -0.627    2.948   -2.611   -0.627    2.948   -7.698    1.636   -1.847    7.951    4.042
 121.60   22.445   22.446   22.756    0.139    3.749   -2.555    0.139    3.749   -9.577   -0.356    0.522   10.300    4.799
 121.70   21.928   21.950   22.261   -0.992    3.705   -3.072   -0.992    3.705  -11.383    3.048   -3.676   12.076    6.172
 121.80   22.919   22.923   23.143   -0.418    3.179   -2.081   -0.418    3.179   -6.615    0.869   -1.328    7.306    3.402
 121.90   22.493   22.509   22.709   -0.844    3.007   -2.507   -0.844    3.007   -7.540    2.116   -2.538    8.021    4.116
 122.00   20.869   20.921   21.027   -1.479    2.112   -4.131   -1.479    2.112   -8.724    6.112   -3.124   11.858    5.550
 122.10   22.268   22.406   22.478   -2.479    1.798   -2.732   -2.479    1.798   -4.912    6.771   -4.457    8.420    4.739
 122.20   21.475   21.476   21.530   -0.157    1.529   -3.525   -0.157    1.529   -5.389    0.553   -0.240    7.394    2.711
 122.30   21.117   21.143   21.292    1.043    2.516   -3.883    1.043    2.516   -9.769   -4.050    2.624   11.248    5.448
 122.40   20.716   20.766   20.799    1.448    1.161   -4.284    1.448    1.161   -4.974   -6.203    1.681   10.899    4.064
 122.50   21.412   21.511   21.522    2.058   -0.697   -3.588    2.058   -0.697    2.502   -7.385   -1.435    8.798    3.964
 122.60   20.700   20.853   20.883    2.523   -1.121   -4.300    2.523   -1.121    4.820  -10.849   -2.828   13.057    6.102
 122.70   22.200   22.768   22.790    5.050   -1.006   -2.800    5.050   -1.006    2.815  -14.137   -5.078   17.174    7.641
 122.80   21.329   21.864   21.936    4.805   -1.782   -3.671    4.805   -1.782    6.541  -17.636   -8.561   19.866   10.333
 122.90   19.833   20.399   20.401    4.776   -0.254   -5.167    4.776   -0.254    1.311  -24.678   -1.212   24.787   12.371
 123.00   19.364   19.741   19.743    3.840    0.264   -5.636    3.840    0.264   -1.490  -21.643    1.015   23.291   10.859
 123.10   17.969   18.427   18.431    4.084    0.376   -7.031    4.084    0.376   -2.644  -28.718    1.536   33.131   14.440
 123.20   18.751   18.791   18.792    1.238    0.183   -6.249    1.238    0.183   -1.147   -7.739    0.227   20.312    3.913
 123.30   17.873   17.902   17.936    1.017   -1.102   -7.127    1.017   -1.102    7.856   -7.246   -1.121   26.519    5.373
 123.40   18.880   18.880   18.970    0.041   -1.846   -6.120    0.041   -1.846   11.296   -0.254   -0.076   20.433    5.649
 123.50   18.622   18.645   18.651   -0.927   -0.443   -6.378   -0.927   -0.443    2.823    5.913    0.410   20.865    3.282
 123.60   19.398   19.584   19.621   -2.691   -1.205   -5.602   -2.691   -1.205    6.749   15.076    3.243   20.036    8.416
 123.70   20.473   20.490   20.508   -0.835   -0.855   -4.527   -0.835   -0.855    3.871    3.782    0.714   10.962    2.729
 123.80   20.238   20.244   20.250   -0.464    0.513   -4.762   -0.464    0.513   -2.443    2.207   -0.238   11.576    1.651
 123.90   20.600   20.758   20.789   -2.558    1.136   -4.400   -2.558    1.136   -4.998   11.254   -2.905   13.596    6.326
 124.00   19.766   19.913   19.965   -2.421    1.440   -5.234   -2.421    1.440   -7.537   12.673   -3.486   17.666    7.576
 124.10   19.365   19.615   19.616   -3.121   -0.203   -5.635   -3.121   -0.203    1.146   17.586    0.634   20.768    8.817
 124.20   19.731   19.766   19.768   -1.174   -0.330   -5.269   -1.174   -0.330    1.736    6.184    0.387   14.626    3.218
 124.30   19.593   19.783   19.852   -2.738   -1.650   -5.407   -2.738   -1.650    8.925   14.804    4.519   19.729    8.933
 124.40   20.960   21.033   21.100   -1.747   -1.691   -4.040   -1.747   -1.691    6.831    7.057    2.953   11.116    5.128
 124.50   21.360   21.381   21.425    0.939   -1.369   -3.640    0.939   -1.369    4.984   -3.419   -1.286    8.002    3.090
 124.60   21.231   21.247   21.406    0.832   -2.602   -3.769    0.832   -2.602    9.806   -3.135   -2.164   10.833    5.260
 124.70   23.420   23.456   23.549    1.301   -2.092   -1.580    1.301   -2.092    3.305   -2.055   -2.721    4.282    2.374
 124.80   23.225   23.229   23.297    0.417   -1.782   -1.775    0.417   -1.782    3.162   -0.740   -0.743    3.249    1.666
 124.90   22.720   22.736   22.831    0.845   -2.079   -2.280    0.845   -2.079    4.738   -1.927   -1.757    5.116    2.704
 125.00   22.867   22.882   22.967    0.828   -1.975   -2.133    0.828   -1.975    4.214   -1.766   -1.636    4.570    2.427
 125.10   23.266   23.342   23.520    1.883   -2.883   -1.734    1.883   -2.883    4.999   -3.265   -5.430    7.433    4.036
 125.20   23.218   23.491   23.757    3.567   -3.547   -1.782    3.567   -3.547    6.319   -6.355  -12.650   14.237    7.751
 125.30   23.222   23.517   23.618    3.712   -2.176   -1.778    3.712   -2.176    3.868   -6.598   -8.077   10.836    5.562
 125.40   23.270   23.338   23.357    1.779   -0.933   -1.730    1.779   -0.933    1.614   -3.077   -1.659    3.513    1.925
 125.50   23.351   23.355   23.355    0.432   -0.070   -1.649    0.432   -0.070    0.116   -0.713   -0.030    1.456    0.362
 125.60   23.302   23.306   23.313    0.434   -0.593   -1.698    0.434   -0.593    1.006   -0.736   -0.257    1.712    0.637
 125.70   22.822   22.859   22.908    1.305   -1.494   -2.178    1.305   -1.494    3.254   -2.841   -1.949    4.339    2.369
 125.80   22.378   22.385   22.390    0.564   -0.466   -2.622    0.564   -0.466    1.221   -1.479   -0.263    3.704    0.968
 125.90   21.148   21.190   21.191    1.335   -0.196   -3.852    1.335   -0.196    0.753   -5.142   -0.261    8.329    2.602
 126.00   22.853   22.883   22.887    1.166   -0.421   -2.147    1.166   -0.421    0.903   -2.503   -0.490    3.072    1.353
 126.10   23.647   23.678   23.755   -1.199   -1.918   -1.353   -1.199   -1.918    2.594    1.622    2.299    3.472    1.913
 126.20   23.156   23.198   23.248   -1.387   -1.522   -1.844   -1.387   -1.522    2.807    2.557    2.112    3.820    2.172
 126.30   24.510   24.567   24.609   -1.671   -1.444   -0.490   -1.671   -1.444    0.708    0.819    2.414    2.560    1.323
 126.40   23.282   23.317   23.502   -1.273   -2.941   -1.718   -1.273   -2.941    5.052    2.186    3.744    6.611    3.329
 126.50   23.783   23.879   23.930   -2.132   -1.568   -1.217   -2.132   -1.568    1.908    2.594    3.343    4.242    2.321
 126.60   24.491   24.511   24.538   -1.008   -1.145   -0.509   -1.008   -1.145    0.583    0.514    1.155    1.294    0.696
 126.70   23.911   24.114   24.130   -3.127   -0.872   -1.089   -3.127   -0.872    0.950    3.406    2.728    5.862    2.233
 126.80   24.717   24.830   24.839   -2.375    0.661   -0.283   -2.375    0.661   -0.187    0.673   -1.569    3.078    0.859
 126.90   22.815   22.985   23.000   -2.789   -0.832   -2.185   -2.789   -0.832    1.818    6.094    2.321    6.623    3.385
 127.00   21.568   21.793   21.908   -3.125   -2.237   -3.432   -3.125   -2.237    7.678   10.723    6.991   13.273    7.463
 127.10   19.886   20.202   20.206   -3.558   -0.404   -5.114   -3.558   -0.404    2.066   18.194    1.437   19.486    9.184
 127.20   18.736   19.213   19.217   -4.255   -0.395   -6.264   -4.255   -0.395    2.475   26.656    1.681   28.753   13.412
 127.30   19.821   20.158   20.182   -3.671   -0.987   -5.179   -3.671   -0.987    5.112   19.014    3.624   20.638   10.010
 127.40   19.945   20.132   20.157   -2.736   -1.000   -5.055   -2.736   -1.000    5.056   13.828    2.736   17.018    7.488
 127.50   20.273   20.308   20.448   -1.186   -2.389   -4.727   -1.186   -2.389   11.291    5.608    2.834   14.728    6.461
 127.60   20.429   20.746   20.820   -3.618   -1.747   -4.571   -3.618   -1.747    7.988   16.538    6.322   18.519    9.712
 127.70   19.938   20.595   20.673   -5.160   -1.793   -5.062   -5.160   -1.793    9.074   26.118    9.249   27.730   14.578
 127.80   22.041   22.203   22.280   -2.675   -1.851   -2.959   -2.675   -1.851    5.478    7.913    4.952    9.668    5.412
 127.90   20.431   20.435   20.435   -0.400    0.042   -4.569   -0.400    0.042   -0.192    1.826   -0.017   10.518    0.918
 128.00   20.372   20.550   20.552   -2.701    0.311   -4.629   -2.701    0.311   -1.442   12.500   -0.841   14.407    6.306
 128.10   20.076   20.346   20.355   -3.303    0.606   -4.924   -3.303    0.606   -2.982   16.265   -2.001   17.762    8.329
 128.20   19.613   19.890   19.893   -3.311    0.337   -5.387   -3.311    0.337   -1.814   17.840   -1.115   20.052    8.983
 128.30   18.783   18.998   18.998   -2.851    0.005   -6.217   -2.851    0.005   -0.029   17.724   -0.013   23.390    8.862
 128.40   18.780   18.897   19.056   -2.097   -2.455   -6.220   -2.097   -2.455   15.270   13.044    5.149   24.556   10.366
 128.50   19.776   19.783   19.783   -0.547    0.076   -5.224   -0.547    0.076   -0.399    2.859   -0.042   13.800    1.444
 128.60   19.922   20.061   20.161   -2.361    1.998   -5.078   -2.361    1.998  -10.147   11.989   -4.718   17.677    8.200
 128.70   18.606   18.812   18.816   -2.773    0.426   -6.394   -2.773    0.426   -2.726   17.728   -1.182   24.376    8.988
 128.80   18.084   18.184   18.323   -1.906    2.254   -6.916   -1.906    2.254  -15.591   13.182   -4.296   28.275   10.432
 128.90   20.448   20.805   21.178   -3.838    3.954   -4.552   -3.838    3.954  -17.997   17.468  -15.174   25.540   14.657
 129.00   21.602   21.791   21.861   -2.867    1.747   -3.398   -2.867    1.747   -5.936    9.741   -5.008   11.408    6.229
 129.10   20.920   21.429   21.471   -4.643    1.345   -4.080   -4.643    1.345   -5.487   18.946   -6.244   20.008   10.344
 129.20   20.919   21.887   21.924   -6.439    1.268   -4.081   -6.439    1.268   -5.173   26.281   -8.162   29.865   14.001
 129.30   19.951   20.463   20.481   -4.545    0.860   -5.049   -4.545    0.860   -4.342   22.945   -3.909   23.442   11.839
 129.40   22.108   22.400   22.525   -3.608    2.363   -2.892   -3.608    2.363   -6.835   10.436   -8.527   13.484    7.555
 129.50   23.214   23.871   23.904   -5.561    1.263   -1.786   -5.561    1.263   -2.256    9.934   -7.023   17.857    6.187
 129.60   21.591   21.863   21.863   -3.437   -0.110   -3.409   -3.437   -0.110    0.374   11.718    0.377   11.725    5.865
 129.70   22.357   22.528   22.594   -2.769    1.727   -2.643   -2.769    1.727   -4.565    7.318   -4.783    8.818    4.931
 129.80   23.096   23.197   23.206   -2.159   -0.673   -1.904   -2.159   -0.673    1.282    4.111    1.454    4.370    2.272
 129.90   22.922   23.319   23.415   -4.285   -2.123   -2.078   -4.285   -2.123    4.412    8.904    9.096   13.592    6.736
 130.00   22.351   22.700   22.749   -3.964   -1.492   -2.649   -3.964   -1.492    3.952   10.499    5.914   12.478    6.341
 130.10   21.260   21.692   21.718   -4.305   -1.080   -3.740   -4.305   -1.080    4.037   16.102    4.648   16.844    8.619
 130.20   19.976   20.360   20.373   -3.933   -0.753   -5.024   -3.933   -0.753    3.784   19.760    2.962   20.639   10.168
 130.30   19.545   19.765   19.821   -2.939   -1.487   -5.455   -2.939   -1.487    8.113   16.034    4.372   20.303    9.247
 130.40   19.356   19.438   19.462   -1.792   -0.959   -5.644   -1.792   -0.959    5.415   10.113    1.719   17.994    5.800
 130.50   19.188   19.281   19.294   -1.885    0.731   -5.812   -1.885    0.731   -4.248   10.955   -1.378   18.932    5.915
 130.60   20.795   20.804   20.812   -0.628   -0.580   -4.205   -0.628   -0.580    2.440    2.640    0.364    9.208    1.807
 130.70   19.804   19.811   19.821    0.511   -0.641   -5.196    0.511   -0.641    3.329   -2.654   -0.327   13.832    2.135
 130.80   19.663   19.663   19.681    0.137   -0.824   -5.337    0.137   -0.824    4.395   -0.730   -0.113   14.591    2.228
 130.90   20.365   20.386   20.466    0.930   -1.809   -4.635    0.930   -1.809    8.383   -4.310   -1.682   12.811    4.788
 131.00   21.118   21.159   21.172    1.317   -0.731   -3.882    1.317   -0.731    2.840   -5.115   -0.964    8.671    2.964
 131.10   20.301   20.318   20.330    0.832   -0.697   -4.699    0.832   -0.697    3.274   -3.911   -0.580   11.629    2.567
 131.20   18.217   18.270   18.287    1.391   -0.808   -6.783    1.391   -0.808    5.481   -9.432   -1.124   24.300    5.484
 131.30   17.648   17.762   17.827    2.014   -1.521   -7.352    2.014   -1.521   11.179  -14.811   -3.063   30.214    9.404
 131.40   17.151   17.158   17.167    0.507   -0.541   -7.849    0.507   -0.541    4.247   -3.982   -0.274   31.081    2.914
 131.50   17.962   17.973   18.119   -0.643   -2.296   -7.038   -0.643   -2.296   16.162    4.525    1.476   27.613    8.424
 131.60   17.992   18.098   18.121   -1.950   -0.906   -7.008   -1.950   -0.906    6.346   13.666    1.766   26.864    7.585
 131.70   18.936   19.043   19.071   -2.011   -1.040   -6.064   -2.011   -1.040    6.305   12.194    2.091   20.947    6.943
 131.80   19.107   19.189   19.209   -1.779   -0.859   -5.893   -1.779   -0.859    5.061   10.485    1.528   19.317    5.871
 131.90   18.199   18.508   18.546   -3.368   -1.178   -6.801   -3.368   -1.178    8.008   22.908    3.967   29.491   12.295
 132.00   19.013   19.038   19.170   -0.962   -2.251   -5.987   -0.962   -2.251   13.477    5.761    2.166   20.916    7.408
 132.10   19.321   19.394   19.580    1.671   -2.693   -5.679    1.671   -2.693   15.295   -9.488   -4.500   21.146    9.277
 132.20   18.922   18.932   19.158    0.609   -2.935   -6.078    0.609   -2.935   17.837   -3.699   -1.786   22.962    9.152
 132.30   17.374   17.375   17.750    0.195   -3.631   -7.626    0.195   -3.631   27.686   -1.484   -0.706   35.686   13.867
 132.40   18.312   18.313   19.120   -0.095   -5.499   -6.688   -0.095   -5.499   36.773    0.638    0.524   37.485   18.391
 132.50   16.647   16.663   17.138    0.726   -4.008   -8.353    0.726   -4.008   33.482   -6.066   -2.910   43.186   17.076
 132.60   16.552   16.583   16.851   -1.024   -2.990   -8.448   -1.024   -2.990   25.264    8.649    3.062   40.683   13.439
 132.70   16.215   16.260   16.455   -1.204   -2.528   -8.785   -1.204   -2.528   22.205   10.578    3.044   42.507   12.392
 132.80   14.998   15.003   15.260   -0.394   -2.788  -10.002   -0.394   -2.788   27.882    3.936    1.097   53.981   14.090
 132.90   14.733   14.742   14.800   -0.504   -1.304  -10.267   -0.504   -1.304   13.390    5.169    0.657   53.679    7.184
 133.00   14.714   14.714   14.843   -0.016   -1.953  -10.286   -0.016   -1.953   20.084    0.169    0.032   54.803   10.042
 133.10   15.277   15.282   15.370   -0.392   -1.637   -9.723   -0.392   -1.637   15.912    3.816    0.642   48.682    8.188
 133.20   15.073   15.074   15.075    0.193    0.188   -9.927    0.193    0.188   -1.871   -1.915    0.036   49.312    1.339
 133.30   14.890   14.891   14.977   -0.195    1.602  -10.110   -0.195    1.602  -16.194    1.975   -0.313   52.408    8.159
 133.40   16.093   16.149   16.161    1.336    0.628   -8.907    1.336    0.628   -5.595  -11.899    0.839   40.753    6.588
 133.50   15.724   15.759   15.772    1.061   -0.634   -9.276    1.061   -0.634    5.884   -9.841   -0.673   43.790    5.743
 133.60   17.010   17.040   17.049    1.006   -0.553   -7.990    1.006   -0.553    4.420   -8.041   -0.557   32.580    4.596
 133.70   15.818   15.892   15.892    1.539   -0.089   -9.182    1.539   -0.089    0.819  -14.129   -0.137   43.346    7.077
 133.80   15.805   15.879   15.898    1.531    0.791   -9.195    1.531    0.791   -7.278  -14.076    1.212   43.762    7.946
 133.90   15.991   16.229   16.234    2.768    0.420   -9.009    2.768    0.420   -3.787  -24.935    1.164   44.501   12.624
 134.00   16.202   16.553   16.555    3.389    0.276   -8.798    3.389    0.276   -2.428  -29.821    0.935   44.486   14.967
 134.10   16.874   17.045   17.045    2.408   -0.114   -8.126    2.408   -0.114    0.926  -19.570   -0.274   35.922    9.797
 134.20   17.316   17.337   17.371    0.848    1.076   -7.684    0.848    1.076   -8.271   -6.516    0.913   30.458    5.284
 134.30   18.474   18.521   18.693    1.319   -2.530   -6.526    1.319   -2.530   16.512   -8.606   -3.337   25.363    9.458
 134.40   18.394   18.419   18.719    0.945   -3.340   -6.606    0.945   -3.340   22.065   -6.245   -3.158   27.843   11.574
 134.50   17.226   17.236   17.285    0.589   -1.297   -7.774    0.589   -1.297   10.083   -4.577   -0.764   31.233    5.550
 134.60   16.385   16.389   16.536    0.334   -2.202   -8.615    0.334   -2.202   18.969   -2.877   -0.735   39.585    9.600
 134.70   16.365   16.395   16.405    0.988   -0.580   -8.635    0.988   -0.580    5.004   -8.528   -0.572   37.936    4.952
 134.80   14.908   14.911   14.911   -0.271    0.035  -10.092   -0.271    0.035   -0.358    2.733   -0.010   50.960    1.378
 134.90   15.552   15.690   15.722   -2.083   -1.004   -9.448   -2.083   -1.004    9.482   19.678    2.090   47.309   10.972
 135.00   16.603   16.702   16.715   -1.820   -0.653   -8.397   -1.820   -0.653    5.480   15.282    1.188   37.125    8.139
 135.10   16.729   16.730   16.730    0.208    0.037   -8.271    0.208    0.037   -0.303   -1.720    0.008   34.228    0.873
 135.20   15.048   15.112   15.122    1.389    0.559   -9.952    1.389    0.559   -5.568  -13.826    0.777   50.642    7.463
 135.30   15.623   15.633   15.648    0.540   -0.686   -9.377    0.540   -0.686    6.437   -5.064   -0.371   44.343    4.099
 135.40   14.515   14.719   14.796   -2.447    1.507  -10.485   -2.447    1.507  -15.798   25.653   -3.686   59.100   15.176
 135.50   16.062   16.099   16.147   -1.099    1.233   -8.938   -1.099    1.233  -11.022    9.819   -1.355   41.308    7.412
 135.60   15.894   15.895   16.047   -0.206    2.202   -9.106   -0.206    2.202  -20.049    1.878   -0.454   43.909   10.071
 135.70   15.179   15.179   15.192    0.058   -0.605   -9.821    0.058   -0.605    5.941   -0.570   -0.035   48.407    2.984
 135.80   15.783   15.880   15.881   -1.750   -0.185   -9.217   -1.750   -0.185    1.707   16.133    0.324   44.023    8.113
 135.90   15.069   15.087   15.093   -0.721    0.425   -9.931   -0.721    0.425   -4.221    7.163   -0.307   49.659    4.160
 136.00   15.749   15.830   15.862   -1.604    1.013   -9.251   -1.604    1.013   -9.371   14.836   -1.624   44.593    8.811
 136.10   14.868   14.880   14.882   -0.614   -0.249  -10.132   -0.614   -0.249    2.520    6.219    0.153   51.552    3.356
 136.20   14.557   14.573   14.575    0.671    0.231  -10.443    0.671    0.231   -2.410   -7.011    0.155   54.777    3.708
 136.30   15.500   15.555   15.580    1.318   -0.869   -9.500    1.318   -0.869    8.261  -12.521   -1.146   46.376    7.522
 136.40   17.454   17.663   17.685    2.710   -0.890   -7.546    2.710   -0.890    6.716  -20.448   -2.412   32.540   10.829
 136.50   18.393   18.437   18.463    1.279   -0.975   -6.607    1.279   -0.975    6.440   -8.452   -1.247   23.120    5.349
 136.60   19.367   19.431   19.557   -1.576   -2.212   -5.633   -1.576   -2.212   12.459    8.875    3.485   19.551    7.844
 136.70   18.344   18.359   18.385   -0.732   -0.978   -6.656   -0.732   -0.978    6.507    4.871    0.716   22.894    4.080
 136.80   18.833   18.994   19.136   -2.468   -2.321   -6.167   -2.468   -2.321   14.316   15.221    5.730   24.755   10.833
 136.90   20.149   20.420   20.494   -3.315   -1.742   -4.851   -3.315   -1.742    8.451   16.082    5.775   18.779    9.532
 137.00   19.527   19.893   19.909   -3.797   -0.795   -5.473   -3.797   -0.795    4.351   20.781    3.019   22.501   10.722
 137.10   19.762   20.335   20.396   -4.790   -1.588   -5.238   -4.790   -1.588    8.316   25.091    7.606   26.451   13.753
 137.20   19.219   19.471   19.640   -3.127   -2.568   -5.781   -3.127   -2.568   14.849   18.079    8.032   24.900   12.368
 137.30   19.317   19.518   19.616   -2.793   -1.962   -5.683   -2.793   -1.962   11.152   15.873    5.481   21.975   10.079
 137.40   18.834   19.092   19.187   -3.129   -1.910   -6.166   -3.129   -1.910   11.775   19.295    5.975   25.731   11.690
 137.50   18.453   18.522   18.538   -1.601   -0.760   -6.547   -1.601   -0.760    4.975   10.481    1.217   23.003    5.833
 137.60   17.958   17.961   17.978    0.322   -0.784   -7.042    0.322   -0.784    5.523   -2.269   -0.253   25.153    2.988
 137.70   18.589   18.592   18.599   -0.346    0.511   -6.411   -0.346    0.511   -3.279    2.220   -0.177   20.743    1.982
 137.80   19.536   19.635   19.722   -1.961   -1.857   -5.464   -1.961   -1.857   10.147   10.713    3.642   18.572    7.599
 137.90   20.348   20.405   20.463   -1.522   -1.541   -4.652   -1.522   -1.541    7.168    7.081    2.345   13.167    5.172
 138.00   20.490   20.504   20.548   -0.749   -1.347   -4.510   -0.749   -1.347    6.077    3.379    1.009   11.359    3.513
 138.10   18.990   18.994   18.997    0.400    0.362   -6.010    0.400    0.362   -2.176   -2.403    0.145   18.208    1.622
 138.20   18.455   18.510   18.532   -1.423    0.898   -6.545   -1.423    0.898   -5.879    9.311   -1.278   22.833    5.543
 138.30   19.136   19.171   19.173   -1.162   -0.254   -5.864   -1.162   -0.254    1.491    6.812    0.295   17.901    3.490
 138.40   18.895   18.904   18.923   -0.595    0.844   -6.105   -0.595    0.844   -5.154    3.630   -0.502   19.169    3.162
 138.50   17.570   17.570   17.573   -0.004    0.307   -7.430   -0.004    0.307   -2.283    0.031   -0.001   27.647    1.141
 138.60   19.083   19.108   19.127   -0.974   -0.860   -5.917   -0.974   -0.860    5.087    5.763    0.837   18.350    3.866
 138.70   17.838   17.840   17.875    0.254   -1.130   -7.162    0.254   -1.130    8.092   -1.821   -0.287   26.319    4.149
 138.80   17.845   17.845   17.868   -0.072    0.905   -7.155   -0.072    0.905   -6.477    0.514   -0.065   26.011    3.249
 138.90   18.015   18.024   18.026   -0.553   -0.292   -6.985   -0.553   -0.292    2.043    3.864    0.162   24.588    2.187
 139.00   18.909   19.004   19.015   -1.895   -0.652   -6.091   -1.895   -0.652    3.973   11.544    1.236   20.559    6.136
 139.10   18.477   18.487   18.527   -0.628   -1.216   -6.523   -0.628   -1.216    7.932    4.098    0.764   22.214    4.481
 139.20   18.009   18.114   18.295   -1.946   -2.567   -6.991   -1.946   -2.567   17.946   13.603    4.995   29.622   11.533
 139.30   19.632   19.712   19.970   -1.782   -3.196   -5.368   -1.782   -3.196   17.158    9.565    5.695   21.105   10.227
 139.40   18.597   18.653   18.918   -1.440   -3.157   -6.403   -1.440   -3.157   20.215    9.219    4.546   26.517   11.339
 139.50   19.513   19.524   19.527   -0.646   -0.335   -5.487   -0.646   -0.335    1.840    3.544    0.217   15.319    2.000
 139.60   20.474   20.474   20.475    0.003   -0.181   -4.526    0.003   -0.181    0.819   -0.013   -0.001   10.258    0.410
 139.70   21.235   21.243   21.287   -0.587   -1.378   -3.765   -0.587   -1.378    5.190    2.209    0.809    8.211    2.849
 139.80   24.391   24.448   24.490   -1.664   -1.432   -0.609   -1.664   -1.432    0.872    1.013    2.384    2.596    1.366
 139.90   22.625   22.625   22.625   -0.142   -0.067   -2.375   -0.142   -0.067    0.158    0.336    0.009    2.834    0.186
 140.00   22.115   22.116   22.147    0.252    1.157   -2.885    0.252    1.157   -3.339   -0.727    0.292    4.864    1.715
 140.10   20.680   20.681   20.694    0.138    0.736   -4.320    0.138    0.736   -3.180   -0.594    0.101    9.611    1.618
 140.20   20.187   20.293   20.317    2.074    0.979   -4.813    2.074    0.979   -4.710   -9.982    2.030   14.211    5.611
 140.30   20.090   20.174   20.330    1.834    2.517   -4.910    1.834    2.517  -12.359   -9.007    4.617   16.905    7.987
 140.40   18.672   18.844   19.061   -2.537    2.871   -6.328   -2.537    2.871  -18.165   16.055   -7.284   27.358   12.657
 140.50   18.604   18.713   18.721   -2.020    0.529   -6.396   -2.020    0.529   -3.383   12.920   -1.068   22.635    6.699
 140.60   19.363   19.510   19.560   -2.391   -1.399   -5.637   -2.391   -1.399    7.888   13.481    3.346   19.726    7.987
 140.70   18.891   18.950   18.950   -1.496    0.020   -6.109   -1.496    0.020   -0.124    9.141   -0.030   19.779    4.571
 140.80   18.664   18.740   18.755   -1.679    0.756   -6.336   -1.679    0.756   -4.791   10.635   -1.269   21.765    5.866
 140.90   17.843   18.022   18.035   -2.533    0.692   -7.157   -2.533    0.692   -4.953   18.133   -1.753   29.063    9.439
 141.00   18.680   19.001   19.057   -3.481    1.461   -6.320   -3.481    1.461   -9.233   22.004   -5.086   27.101   12.199
 141.10   18.490   19.048   19.067   -4.578    0.834   -6.510   -4.578    0.834   -5.429   29.799   -3.818   32.014   15.265
 141.20   19.131   19.416   19.517   -3.315    1.984   -5.869   -3.315    1.984  -11.644   19.458   -6.577   24.688   11.805
 141.30   19.831   20.100   20.253   -3.277    2.482   -5.169   -3.277    2.482  -12.827   16.940   -8.133   21.809   11.376
 141.40   20.982   21.229   21.296   -3.227    1.694   -4.018   -3.227    1.694   -6.808   12.963   -5.467   14.712    7.815
 141.50   19.027   19.384   19.441   -3.702    1.489   -5.973   -3.702    1.489   -8.892   22.112   -5.511   25.799   12.231
 141.60   18.013   18.198   18.278   -2.588    1.717   -6.987   -2.588    1.717  -12.000   18.081   -4.444   29.234   11.076
 141.70   19.253   19.334   19.359   -1.764    0.990   -5.747   -1.764    0.990   -5.688   10.137   -1.746   18.560    5.877
 141.80   19.286   19.377   19.420   -1.872    1.299   -5.714   -1.872    1.299   -7.422   10.699   -2.432   18.920    6.623
 141.90   20.043   20.084   20.152   -1.285    1.649   -4.957   -1.285    1.649   -8.175    6.368   -2.118   14.471    5.288
 142.00   18.526   18.527   18.611   -0.153    1.772   -6.474   -0.153    1.772  -11.469    0.992   -0.272   22.537    5.757
 142.10   19.550   19.570   19.603    0.882    1.141   -5.450    0.882    1.141   -6.216   -4.805    1.006   15.890    3.960
 142.20   19.709   19.758   19.814    1.385    1.485   -5.291    1.385    1.485   -7.856   -7.329    2.057   16.057    5.470
 142.30   18.981   19.044   19.049    1.551    0.445   -6.019    1.551    0.445   -2.676   -9.334    0.689   19.417    4.867
 142.40   18.445   18.445   18.490   -0.044   -1.287   -6.555   -0.044   -1.287    8.437    0.289    0.057   22.311    4.221
 142.50   20.918   20.939   20.941   -0.936   -0.309   -4.082   -0.936   -0.309    1.262    3.819    0.289    8.818    2.016
 142.60   21.060   21.146   21.161   -1.905   -0.798   -3.940   -1.905   -0.798    3.145    7.506    1.521    9.894    4.140
 142.70   23.374   23.443   23.443   -1.799    0.099   -1.626   -1.799    0.099   -0.161    2.925   -0.178    2.945    1.467
 142.80   25.347   25.348   25.352    0.222   -0.469    0.347    0.222   -0.469   -0.163    0.077   -0.104    0.195    0.104
 142.90   26.572   26.575   26.717    0.395   -2.755    1.572    0.395   -2.755   -4.331    0.621   -1.088    5.109    2.254
 143.00   27.048   27.064   27.145   -0.941   -2.096    2.048   -0.941   -2.096   -4.291   -1.928    1.973    4.736    2.551
 143.10   26.454   26.608   26.616   -2.855   -0.660    1.454   -2.855   -0.660   -0.960   -4.151    1.884    5.350    2.329
 143.20   26.536   26.584   26.638   -1.604   -1.693    1.536   -1.604   -1.693   -2.600   -2.463    2.716    3.899    2.247
 143.30   25.790   25.925   26.206   -2.645   -3.827    0.790   -2.645   -3.827   -3.022   -2.089   10.124   11.133    5.385
 143.40   27.028   27.344   27.494   -4.144   -2.874    2.028   -4.144   -2.874   -5.828   -8.403   11.910   14.772    7.849
 143.50   27.637   27.778   27.977   -2.803   -3.331    2.637   -2.803   -3.331   -8.782   -7.390    9.336   12.951    7.398
 143.60   27.473   27.693   27.715   -3.479   -1.116    2.473   -3.479   -1.116   -2.761   -8.604    3.883    9.733    4.918
 143.70   28.010   28.162   28.163   -2.926   -0.247    3.010   -2.926   -0.247   -0.742   -8.807    0.721    8.840    4.434
 143.80   28.598   28.933   29.005   -4.390   -2.051    3.598   -4.390   -2.051   -7.379  -15.795    9.004   18.212    9.811
 143.90   28.039   28.288   28.329   -3.746   -1.515    3.039   -3.746   -1.515   -4.603  -11.384    5.674   12.780    6.763
 144.00   25.949   26.106   26.187   -2.862   -2.054    0.949   -2.862   -2.054   -1.949   -2.716    5.878    6.655    3.381
 144.10   25.343   25.397   25.473   -1.654   -1.965    0.343   -1.654   -1.965   -0.674   -0.568    3.250    3.357    1.684
 144.20   25.501   25.543   25.593   -1.453   -1.612    0.501   -1.453   -1.612   -0.808   -0.728    2.341    2.480    1.291
 144.30   26.204   26.236   26.352   -1.303   -2.467    1.204   -1.303   -2.467   -2.970   -1.569    3.216    4.618    2.325
 144.40   26.422   26.545   26.580   -2.550   -1.368    1.422   -2.550   -1.368   -1.945   -3.626    3.488    5.198    2.697
 144.50   25.521   25.690   25.703   -2.943   -0.823    0.521   -2.943   -0.823   -0.428   -1.532    2.422    4.804    1.449
 144.60   23.890   24.155   24.199   -3.569   -1.452   -1.110   -3.569   -1.452    1.611    3.962    5.181    8.040    3.359
 144.70   24.602   24.773   24.784   -2.905   -0.719   -0.398   -2.905   -0.719    0.286    1.155    2.087    4.556    1.201
 144.80   24.044   24.340   24.449   -3.784   -2.299   -0.956   -3.784   -2.299    2.197    3.616    8.697   10.257    4.836
 144.90   22.596   22.985   23.130   -4.211   -2.584   -2.404   -4.211   -2.584    6.213   10.122   10.882   15.094    8.054
 145.00   22.292   22.445   22.455   -2.616   -0.677   -2.708   -2.616   -0.677    1.834    7.085    1.771    7.319    3.765
 145.10   22.606   22.830   22.873   -3.192   -1.411   -2.394   -3.192   -1.411    3.380    7.643    4.505    8.957    4.747
 145.20   23.302   23.486   23.612   -2.929   -2.445   -1.698   -2.929   -2.445    4.151    4.972    7.160    8.719    4.828
 145.30   23.981   24.109   24.437   -2.482   -3.990   -1.019   -2.482   -3.990    4.067    2.530    9.900   11.557    5.499
 145.40   23.853   24.008   24.391   -2.727   -4.302   -1.147   -2.727   -4.302    4.935    3.128   11.729   13.628    6.552
 145.50   23.449   23.473   23.863   -1.066   -4.292   -1.551   -1.066   -4.292    6.657    1.653    4.576   10.983    4.123
 145.60   21.524   21.578   21.953    1.521   -4.038   -3.476    1.521   -4.038   14.034   -5.285   -6.140   15.349    8.102
 145.70   21.731   21.790   21.937    1.612   -2.535   -3.269    1.612   -2.535    8.288   -5.272   -4.088    9.858    5.320
 145.80   22.891   22.898   23.077    0.552   -2.873   -2.109    0.552   -2.873    6.059   -1.164   -1.585    6.503    3.185
 145.90   22.081   22.097   22.342   -0.835   -3.303   -2.919   -0.835   -3.303    9.641    2.438    2.758   10.064    5.160
 146.00   21.894   21.894   21.993   -0.139   -2.083   -3.106   -0.139   -2.083    6.470    0.432    0.289    7.003    3.245
 146.10   22.016   22.043   22.151    1.093   -2.184   -2.984    1.093   -2.184    6.518   -3.260   -2.387    7.434    3.834
 146.20   20.764   20.962   21.088   -2.874   -2.303   -4.236   -2.874   -2.303    9.756   12.173    6.619   15.753    8.473
 146.30   19.890   20.156   20.485   -3.266   -3.656   -5.110   -3.266   -3.656   18.683   16.691   11.943   25.075   13.877
 146.40   19.673   19.753   20.129   -1.781   -3.872   -5.327   -1.781   -3.872   20.628    9.488    6.897   23.273   11.865
 146.50   19.484   19.488   19.794    0.409   -3.469   -5.516    0.409   -3.469   19.138   -2.254   -1.417   21.316    9.661
 146.60   20.846   20.934   21.051    1.912   -2.221   -4.154    1.912   -2.221    9.225   -7.944   -4.247   12.922    6.447
 146.70   19.832   19.897   19.980    1.612   -1.810   -5.168    1.612   -1.810    9.357   -8.332   -2.919   16.293    6.432
 146.80   19.866   19.913   19.913    1.372   -0.129   -5.134    1.372   -0.129    0.661   -7.043   -0.177   14.130    3.538
 146.90   20.152   20.156   20.156    0.423   -0.004   -4.848    0.423   -0.004    0.017   -2.052   -0.002   11.844    1.026
 147.00   20.499   20.629   20.717    2.307   -1.906   -4.501    2.307   -1.906    8.579  -10.384   -4.398   14.606    7.085
 147.10   20.157   20.360   20.642    2.871   -3.397   -4.843    2.871   -3.397   16.454  -13.905   -9.755   21.621   11.824
 147.20   20.188   20.509   20.610    3.616   -2.039   -4.812    3.616   -2.039    9.812  -17.404   -7.373   20.198   10.648
 147.30   21.044   21.396   21.396    3.868    0.068   -3.956    3.868    0.068   -0.267  -15.305    0.261   15.311    7.655
 147.40   20.437   20.734   20.742    3.497    0.595   -4.563    3.497    0.595   -2.714  -15.957    2.079   16.703    8.160
 147.50   20.245   20.559   20.610    3.576   -1.455   -4.755    3.576   -1.455    6.917  -17.002   -5.202   18.755    9.539
 147.60   21.195   21.254   21.311    1.586   -1.554   -3.805    1.586   -1.554    5.913   -6.036   -2.465    9.705    4.401
 147.70   21.022   21.022   21.024   -0.070    0.279   -3.978   -0.070    0.279   -1.109    0.279   -0.020    7.954    0.572
 147.80   22.202   22.202   22.210   -0.165    0.568   -2.798   -0.165    0.568   -1.588    0.460   -0.093    4.090    0.828
 147.90   22.486   22.487   22.506   -0.207    0.910   -2.514   -0.207    0.910   -2.287    0.521   -0.189    3.594    1.177
 148.00   23.249   23.281   23.321    1.217    1.372   -1.751    1.217    1.372   -2.403   -2.131    1.670    3.215    1.810
 148.10   23.597   23.674   23.706    1.901    1.242   -1.403    1.901    1.242   -1.742   -2.667    2.361    3.562    1.982
 148.20   22.131   22.134   22.134    0.391    0.033   -2.869    0.391    0.033   -0.094   -1.122    0.013    4.194    0.563
 148.30   21.517   21.627   21.661    2.179    1.217   -3.483    2.179    1.217   -4.239   -7.589    2.652    9.180    4.544
 148.40   20.852   20.994   21.019    2.433    1.023   -4.148    2.433    1.023   -4.244  -10.091    2.490   12.084    5.613
 148.50   21.350   21.662   21.677    3.663    0.801   -3.650    3.663    0.801   -2.924  -13.369    2.934   13.690    6.998
 148.60   20.576   21.053   21.113    4.458    1.590   -4.424    4.458    1.590   -7.034  -19.721    7.088   20.985   11.052
 148.70   19.852   20.567   20.662    5.376    1.978   -5.148    5.376    1.978  -10.182  -27.679   10.633   29.661   15.676
 148.80   20.663   21.112   21.168    4.328    1.538   -4.337    4.328    1.538   -6.668  -18.771    6.655   19.953   10.501
 148.90   19.723   19.849   19.885    2.233   -1.195   -5.277    2.233   -1.195    6.304  -11.784   -2.668   17.129    6.814
 149.00   19.336   19.353   19.368    0.804   -0.762   -5.664    0.804   -0.762    4.315   -4.553   -0.612   16.653    3.151
 149.10   20.471   20.477   20.477    0.518   -0.012   -4.529    0.518   -0.012    0.055   -2.346   -0.006   10.391    1.173
 149.20   22.135   22.135   22.138   -0.192   -0.329   -2.865   -0.192   -0.329    0.943    0.550    0.063    4.178    0.547
 149.30   21.571   21.579   21.610    0.574    1.156   -3.429    0.574    1.156   -3.964   -1.970    0.664    6.711    2.238
 149.40   23.415   23.416   23.513   -0.145    2.139   -1.585   -0.145    2.139   -3.390    0.230   -0.310    3.554    1.706
 149.50   22.528   22.530   22.570   -0.279    1.340   -2.472   -0.279    1.340   -3.312    0.690   -0.374    3.991    1.702
 149.60   22.707   22.716   22.733    0.609    0.894   -2.293    0.609    0.894   -2.050   -1.396    0.545    3.213    1.270
 149.70   23.078   23.078   23.086    0.139   -0.594   -1.922    0.139   -0.594    1.142   -0.267   -0.083    2.034    0.588
 149.80   22.663   22.672   22.672    0.652    0.029   -2.337    0.652    0.029   -0.068   -1.524    0.019    2.944    0.763
 149.90   22.427   22.565   22.573    2.491   -0.595   -2.573    2.491   -0.595    1.532   -6.409   -1.483    6.589    3.377
 150.00   23.831   24.039   24.073    3.154   -1.278   -1.169    3.154   -1.278    1.494   -3.688   -4.030    6.475    2.832
 150.10   24.760   25.133   25.158    4.316   -1.108   -0.240    4.316   -1.108    0.266   -1.036   -4.781    9.957    2.450
 150.20   25.235   25.602   25.603    4.319   -0.174    0.235    4.319   -0.174   -0.041    1.015   -0.751    9.369    0.632
 150.30   25.346   25.486   25.499    2.663    0.830    0.346    2.663    0.830    0.287    0.922    2.212    3.951    1.207
 150.40   24.421   24.515   24.554    2.136    1.387   -0.579    2.136    1.387   -0.802   -1.236    2.962    3.410    1.654
 150.50   25.218   25.313   25.327    2.184    0.846    0.218    2.184    0.846    0.185    0.476    1.848    2.766    0.959
 150.60   24.374   24.510   24.534    2.579    1.104   -0.626    2.579    1.104   -0.691   -1.615    2.846    4.130    1.672
 150.70   23.239   23.291   23.346    1.561    1.596   -1.761    1.561    1.596   -2.810   -2.749    2.490    4.042    2.327
 150.80   23.247   23.451   23.695    3.082    3.391   -1.753    3.082    3.391   -5.944   -5.401   10.452   12.035    6.591
 150.90   24.197   24.401   24.524    3.150    2.447   -0.803    3.150    2.447   -1.964   -2.529    7.707    8.277    4.173
 151.00   26.015   26.136   26.141    2.519    0.498    1.015    2.519    0.498    0.506    2.556    1.256    3.812    1.446
 151.10   25.934   26.193   26.206    3.676   -0.808    0.934    3.676   -0.808   -0.755    3.434   -2.972    7.520    2.302
 151.20   24.847   24.998   25.087    2.743   -2.111   -0.153    2.743   -2.111    0.323   -0.420   -5.791    6.003    2.908
 151.30   25.264   25.299   25.514    1.333   -3.306    0.264    1.333   -3.306   -0.871    0.351   -4.405    6.386    2.252
 151.40   23.385   23.397   23.561    0.744   -2.773   -1.615    0.744   -2.773    4.477   -1.201   -2.062    5.425    2.537
 151.50   23.389   23.396   23.700    0.577   -3.784   -1.611    0.577   -3.784    6.097   -0.930   -2.185    8.624    3.272
 151.60   24.000   24.004   24.155    0.464   -2.698   -1.000    0.464   -2.698    2.699   -0.464   -1.251    4.246    1.505
 151.70   24.423   24.424   24.485    0.203   -1.730   -0.577    0.203   -1.730    0.998   -0.117   -0.351    1.683    0.532
 151.80   25.757   25.822   25.845    1.830   -1.083    0.757    1.830   -1.083   -0.820    1.385   -1.982    2.548    1.277
 151.90   26.310   26.414   26.545    2.333   -2.641    1.310    2.333   -2.641   -3.461    3.057   -6.162    7.068    3.850
 152.00   26.449   26.567   26.639    2.493   -1.959    1.449    2.493   -1.959   -2.839    3.613   -4.883    6.076    3.352
 152.10   25.154   25.196   25.196    1.441    0.003    0.154    1.441    0.003    0.001    0.223    0.005    1.051    0.111
 152.20   26.097   26.117   26.120    1.026    0.349    1.097    1.026    0.349    0.383    1.126    0.358    1.189    0.621
 152.30   27.478   27.482   27.484    0.450   -0.368    2.478    0.450   -0.368   -0.913    1.116   -0.166    3.240    0.726
 152.40   28.603   28.607   28.608   -0.468   -0.285    3.603   -0.468   -0.285   -1.027   -1.685    0.133    6.640    0.989
 152.50   27.381   27.426   27.427    1.568    0.254    2.381    1.568    0.254    0.605    3.732    0.399    4.095    1.901
 152.60   26.303   26.317   26.320    0.870   -0.364    1.303    0.870   -0.364   -0.474    1.134   -0.317    1.294    0.635
 152.70   25.928   25.962   25.963    1.333   -0.183    0.928    1.333   -0.183   -0.170    1.237   -0.244    1.336    0.636
 152.80   25.410   25.489   25.548    2.014    1.734    0.410    2.014    1.734    0.710    0.825    3.492    3.615    1.829
 152.90   25.550   25.727   25.741    3.015    0.857    0.550    3.015    0.857    0.471    1.658    2.584    5.063    1.553
 153.00   25.376   25.719   25.721    4.188   -0.317    0.376    4.188   -0.317   -0.119    1.575   -1.328    8.891    1.032
 153.10   26.438   26.573   26.602    2.676   -1.238    1.438    2.676   -1.238   -1.780    3.849   -3.312    5.381    2.690
 153.20   26.042   26.103   26.183    1.778   -2.042    1.042    1.778   -2.042   -2.129    1.854   -3.632    4.210    2.300
 153.30   26.094   26.126   26.384   -1.294   -3.682    1.094   -1.294   -3.682   -4.027   -1.415    4.763    8.213    3.198
 153.40   26.300   26.310   26.674    0.723   -4.395    1.300    0.723   -4.395   -5.713    0.940   -3.177   10.763    3.302
 153.50   24.542   24.562   24.918    1.007   -4.195   -0.458    1.007   -4.195    1.922   -0.461   -4.223    9.409    2.331
 153.60   24.883   24.963   25.379    1.998   -4.575   -0.117    1.998   -4.575    0.534   -0.233   -9.143   12.471    4.581
 153.70   25.045   25.164   25.647    2.449   -4.953    0.045    2.449   -4.953   -0.221    0.109  -12.129   15.266    6.066
 153.80   24.931   25.084   25.340    2.769   -3.590   -0.069    2.769   -3.590    0.248   -0.191   -9.940   10.280    4.972
 153.90   25.145   25.256   25.616    2.366   -4.277    0.145    2.366   -4.277   -0.621    0.344  -10.121   11.957    5.073
 154.00   25.643   25.757   25.864    2.419   -2.355    0.643    2.419   -2.355   -1.515    1.556   -5.696    5.905    3.048
 154.10   26.566   26.774   26.919    3.332   -2.794    1.566    3.332   -2.794   -4.374    5.216   -9.308   10.678    5.766
 154.20   24.880   25.150   25.170    3.672   -1.018   -0.120    3.672   -1.018    0.122   -0.440   -3.739    7.268    1.883
 154.30   24.018   24.065   24.065    1.489   -0.155   -0.982    1.489   -0.155    0.152   -1.461   -0.231    1.602    0.744
 154.40   24.261   24.262   24.265   -0.198   -0.362   -0.739   -0.198   -0.362    0.267    0.146    0.072    0.358    0.156
 154.50   24.745   24.964   24.994   -3.294   -1.228   -0.255   -3.294   -1.228    0.313    0.839    4.044    6.211    2.071
 154.60   24.354   24.471   24.584   -2.395   -2.353   -0.646   -2.395   -2.353    1.521    1.548    5.636    5.845    3.020
 154.70   25.321   25.394   25.703   -1.922   -3.979    0.321   -1.922   -3.979   -1.276   -0.616    7.647    9.813    3.888
 154.80   24.756   24.809   24.959   -1.608   -2.737   -0.244   -1.608   -2.737    0.667    0.392    4.402    5.068    2.235
 154.90   24.007   24.021   24.141   -0.820   -2.405   -0.993   -0.820   -2.405    2.388    0.814    1.971    3.720    1.601
 155.00   23.167   23.167   23.283    0.063   -2.317   -1.833    0.063   -2.317    4.247   -0.116   -0.147    4.366    2.125
 155.10   23.955   23.955   24.028   -0.076   -1.865   -1.045   -0.076   -1.865    1.949    0.079    0.141    2.287    0.978
 155.20   24.641   24.651   24.788    0.701   -2.602   -0.359    0.701   -2.602    0.935   -0.252   -1.825    3.695    1.033
 155.30   25.067   25.126   25.193    1.716   -1.836    0.067    1.716   -1.836   -0.123    0.115   -3.150    3.160    1.577
 155.40   24.706   24.884   24.959    2.967   -1.930   -0.294    2.967   -1.930    0.567   -0.871   -5.726    6.307    2.910
 155.50   25.528   25.749   25.763    3.367   -0.849    0.528    3.367   -0.849   -0.448    1.778   -2.858    6.167    1.698
 155.60   24.212   24.309   24.325    2.172   -0.886   -0.788    2.172   -0.886    0.698   -1.712   -1.924    3.062    1.334
 155.70   23.676   23.759   23.800    1.976   -1.398   -1.324    1.976   -1.398    1.850   -2.616   -2.763    3.806    2.115
 155.80   23.810   23.828   23.830    0.910    0.309   -1.190    0.910    0.309   -0.368   -1.083    0.281    1.170    0.589
 155.90   24.421   24.431   24.574    0.691    2.643   -0.579    0.691    2.643   -1.530   -0.400    1.825    3.899    1.207
 156.00   23.292   23.339   23.675   -1.487    3.974   -1.708   -1.487    3.974   -6.788    2.540   -5.910   10.462    4.676
 156.10   23.846   23.846   24.128    0.046    3.673   -1.154    0.046    3.673   -4.237   -0.053    0.169    7.411    2.120
 156.20   23.041   23.045   23.211    0.432    2.777   -1.959    0.432    2.777   -5.440   -0.846    1.199    5.868    2.817
 156.30   23.748   23.801   23.846   -1.581    1.470   -1.252   -1.581    1.470   -1.840    1.979   -2.325    3.114    1.782
 156.40   25.002   25.084   25.084   -2.029    0.009    0.002   -2.029    0.009    0.000   -0.005   -0.018    2.058    0.009
 156.50   26.454   26.645   26.659   -3.181    0.858    1.454   -3.181    0.858    1.248   -4.626   -2.728    6.484    2.757
 156.60   27.736   27.798   27.829   -1.856   -1.322    2.736   -1.856   -1.322   -3.617   -5.078    2.454    6.339    3.350
 156.70   28.342   28.434   28.513   -2.289   -2.127    3.342   -2.289   -2.127   -7.108   -7.650    4.870   10.466    5.761
 156.80   27.909   28.216   28.244   -4.150   -1.244    2.909   -4.150   -1.244   -3.619  -12.075    5.163   13.619    6.811
 156.90   29.465   29.888   29.954   -5.012   -1.981    4.465   -5.012   -1.981   -8.844  -22.379    9.927   24.490   13.015
 157.00   27.606   27.941   28.166   -4.316   -3.550    2.606   -4.316   -3.550   -9.252  -11.248   15.325   19.013   10.571
 157.10   26.142   26.394   26.667   -3.640   -3.802    1.142   -3.640   -3.802   -4.343   -4.158   13.838   14.503    7.544
 157.20   27.018   27.180   27.396   -2.971   -3.432    2.018   -2.971   -3.432   -6.924   -5.994   10.195   12.336    6.852
 157.30   27.737   28.007   28.183   -3.879   -3.147    2.737   -3.879   -3.147   -8.613  -10.617   12.208   16.222    9.164
 157.40   26.953   27.316   27.444   -4.440   -2.651    1.953   -4.440   -2.651   -5.177   -8.670   11.771   15.277    7.754
 157.50   26.822   27.043   27.140   -3.449   -2.300    1.822   -3.449   -2.300   -4.190   -6.284    7.934   10.254    5.477
 157.60   26.436   26.841   26.842   -4.644   -0.293    1.436   -4.644   -0.293   -0.420   -6.669    1.358   11.857    3.409
 157.70   25.473   26.098   26.110   -5.676   -0.807    0.473   -5.676   -0.807   -0.382   -2.686    4.581   16.546    2.662
 157.80   25.660   26.217   26.217   -5.374   -0.028    0.660   -5.374   -0.028   -0.019   -3.547    0.151   14.660    1.775
 157.90   24.382   25.098   25.098   -5.951    0.132   -0.618   -5.951    0.132   -0.081    3.676   -0.784   17.906    1.880
 158.00   25.782   26.569   26.569   -6.417   -0.092    0.782   -6.417   -0.092   -0.072   -5.018    0.593   20.902    2.527
 158.10   24.842   25.338   25.363   -4.992    1.131   -0.158   -4.992    1.131   -0.179    0.791   -5.646   13.114    2.852
 158.20   23.702   24.378   24.418   -5.700   -1.401   -1.298   -5.700   -1.401    1.819    7.401    7.988   18.072    5.520
 158.30   23.628   24.140   24.203   -4.947   -1.747   -1.372   -4.947   -1.747    2.397    6.788    8.640   14.701    5.623
 158.40   22.201   22.628   22.631   -4.380    0.323   -2.799   -4.380    0.323   -0.905   12.262   -1.416   13.563    6.188
 158.50   20.479   21.199   21.220   -5.480    0.944   -4.521   -5.480    0.944   -4.269   24.775   -5.174   25.680   12.833
 158.60   19.694   19.974   19.979   -3.331    0.461   -5.306   -3.331    0.461   -2.446   17.675   -1.536   19.730    8.954
 158.70   20.250   20.508   20.513   -3.241   -0.458   -4.750   -3.241   -0.458    2.176   15.394    1.485   16.637    7.809
 158.80   19.856   20.209   20.209   -3.757   -0.191   -5.144   -3.757   -0.191    0.985   19.328    0.719   20.307    9.683
 158.90   18.139   18.666   18.673   -4.404    0.511   -6.861   -4.404    0.511   -3.505   30.214   -2.249   33.364   15.250
 159.00   19.710   20.096   20.119   -3.920   -0.954   -5.290   -3.920   -0.954    5.045   20.736    3.738   22.129   10.833
 159.10   21.004   21.543   21.808   -4.789   -3.389   -3.996   -4.789   -3.389   13.545   19.138   16.231   25.195   14.258
 159.20   20.040   20.181   20.287   -2.385   -2.074   -4.960   -2.385   -2.074   10.288   11.831    4.947   17.298    8.220
 159.30   19.002   19.332   19.741   -3.559   -3.998   -5.998   -3.559   -3.998   23.984   21.347   14.230   32.316   17.560
 159.40   19.005   19.435   19.810   -4.068   -3.835   -5.995   -4.068   -3.835   22.992   24.386   15.599   33.598   18.484
 159.50   18.040   18.542   18.724   -4.288   -2.602   -6.960   -4.288   -2.602   18.108   29.846   11.156   36.801   18.325
 159.60   17.046   17.897   17.968   -5.453   -1.603   -7.954   -5.453   -1.603   12.753   43.376    8.743   47.790   23.025
 159.70   18.719   19.254   19.315   -4.509   -1.528   -6.281   -4.509   -1.528    9.595   28.323    6.888   31.059   15.343
 159.80   21.051   21.543   21.558   -4.577   -0.801   -3.949   -4.577   -0.801    3.164   18.076    3.667   18.595    9.357
 159.90   19.938   20.319   20.350   -3.913   -1.138   -5.062   -3.913   -1.138    5.760   19.807    4.453   21.114   10.551
 160.00   19.009   19.354   19.575   -3.642   -2.933   -5.991   -3.642   -2.933   17.571   21.819   10.681   28.880   14.991
 160.10   18.967   19.334   19.398   -3.747   -1.583   -6.033   -3.747   -1.583    9.548   22.608    5.931   26.472   12.624
 160.20   17.740   18.618   18.631   -5.650   -0.692   -7.260   -5.650   -0.692    5.022   41.019    3.909   42.554   20.755
 160.30   19.095   20.125   20.173   -6.356   -1.403   -5.905   -6.356   -1.403    8.286   37.532    8.917   38.618   19.729
 160.40   20.358   21.304   21.392   -6.278   -1.944   -4.642   -6.278   -1.944    9.024   29.146   12.205   32.374   16.431
 160.50   20.623   21.487   21.706   -6.029   -3.076   -4.377   -6.029   -3.076   13.462   26.388   18.544   32.483   17.474
 160.60   22.267   23.092   23.308   -6.118   -3.165   -2.733   -6.118   -3.165    8.652   16.724   19.368   27.463   13.506
 160.70   22.025   23.307   23.569   -7.623   -3.505   -2.975   -7.623   -3.505   10.427   22.676   26.722   39.625   18.282
 160.80   21.197   21.951   22.185   -5.704   -3.213   -3.803   -5.704   -3.213   12.221   21.692   18.327   28.660   15.458
 160.90   21.743   22.346   22.353   -5.158   -0.542   -3.257   -5.158   -0.542    1.766   16.802    2.797   18.755    8.562
 161.00   22.121   22.552   22.554   -4.385   -0.337   -2.879   -4.385   -0.337    0.969   12.622    1.476   13.813    6.373
 161.10   22.224   22.542   22.570   -3.772   -1.117   -2.776   -3.772   -1.117    3.100   10.470    4.213   11.591    5.852
 161.20   23.630   23.969   24.021   -4.020   -1.580   -1.370   -4.020   -1.580    2.165    5.508    6.351   10.266    4.340
 161.30   23.559   24.154   24.154   -5.331   -0.058   -1.441   -5.331   -0.058    0.084    7.684    0.311   15.251    3.845
 161.40   24.623   25.401   25.422   -6.235   -1.029   -0.377   -6.235   -1.029    0.387    2.348    6.416   20.041    3.422
 161.50   25.516   25.975   26.010   -4.858   -1.347    0.516   -4.858   -1.347   -0.696   -2.509    6.546   12.843    3.522
 161.60   25.847   26.505   26.640   -5.870   -2.672    0.847   -5.870   -2.672   -2.263   -4.972   15.685   21.158    8.305
 161.70   25.596   26.304   26.469   -6.062   -2.945    0.596   -6.062   -2.945   -1.755   -3.613   17.855   22.891    9.151
 161.80   23.346   23.606   23.620   -3.496   -0.789   -1.654   -3.496   -0.789    1.305    5.782    2.758    7.790    3.269
 161.90   22.712   23.013   23.061   -3.709   -1.497   -2.288   -3.709   -1.497    3.426    8.486    5.553   10.616    5.353
 162.00   23.422   23.711   23.726   -3.693   -0.832   -1.578   -3.693   -0.832    1.314    5.828    3.074    8.412    3.360
 162.10   22.741   23.619   23.690   -6.379   -1.832   -2.259   -6.379   -1.832    4.139   14.411   11.688   24.578    9.506
 162.20   23.594   24.485   24.636   -6.547   -2.721   -1.406   -6.547   -2.721    3.826    9.206   17.814   26.122   10.207
 162.30   24.967   25.357   25.576   -4.428   -3.338   -0.033   -4.428   -3.338    0.109    0.145   14.779   15.373    7.390
 162.40   24.961   25.469   25.983   -5.059   -5.146   -0.039   -5.059   -5.146    0.199    0.196   26.032   26.037   13.017
 162.50   23.783   23.893   24.360   -2.294   -4.746   -1.217   -2.294   -4.746    5.777    2.792   10.886   14.633    6.318
 162.60   23.414   23.437   23.702   -1.042   -3.535   -1.586   -1.042   -3.535    5.607    1.653    3.684    8.049    3.455
 162.70   24.522   24.528   24.879   -0.566   -4.162   -0.478   -0.566   -4.162    1.991    0.271    2.355    8.937    1.548
 162.80   24.919   24.925   25.283   -0.531   -4.242   -0.081   -0.531   -4.242    0.343    0.043    2.254    9.140    1.140
 162.90   24.545   24.599   24.785   -1.637   -3.029   -0.455   -1.637   -3.029    1.379    0.745    4.957    6.029    2.599
 163.00   25.046   25.109   25.112   -1.777   -0.394    0.046   -1.777   -0.394   -0.018   -0.081    0.701    1.658    0.353
 163.10   24.399   24.399   24.439   -0.052    1.405   -0.601   -0.052    1.405   -0.845    0.031   -0.073    1.169    0.424
 163.20   24.813   24.834   24.834   -1.015   -0.141   -0.187   -1.015   -0.141    0.026    0.190    0.143    0.543    0.119
 163.30   24.162   24.169   24.218   -0.601   -1.539   -0.838   -0.601   -1.539    1.290    0.504    0.926    1.717    0.833
 163.40   24.732   24.835   24.841   -2.262    0.532   -0.268   -2.262    0.532   -0.143    0.606   -1.204    2.736    0.678
 163.50   24.372   24.476   24.490   -2.249   -0.832   -0.628   -2.249   -0.832    0.522    1.411    1.871    3.072    1.200
 163.60   24.019   24.149   24.176   -2.502   -1.138   -0.981   -2.502   -1.138    1.116    2.454    2.846    4.258    1.960
 163.70   22.422   22.497   22.497   -1.837    0.070   -2.578   -1.837    0.070   -0.181    4.737   -0.129    5.014    2.371
 163.80   21.624   21.874   21.875   -3.299    0.187   -3.376   -3.299    0.187   -0.632   11.138   -0.617   11.159    5.587
 163.90   21.630   21.660   21.676   -1.143   -0.834   -3.370   -1.143   -0.834    2.809    3.852    0.953    6.680    2.431
 164.00   22.204   22.216   22.229    0.732    0.749   -2.796    0.732    0.749   -2.095   -2.047    0.548    4.457    1.490
 164.10   21.727   21.980   21.980    3.327   -0.009   -3.273    3.327   -0.009    0.031  -10.889   -0.031   10.890    5.445
 164.20   20.906   21.157   21.377    3.253   -3.057   -4.094    3.253   -3.057   12.517  -13.320   -9.945   18.347   10.404
 164.30   20.919   21.140   21.300    3.049   -2.606   -4.081    3.049   -2.606   10.636  -12.443   -7.947   16.371    9.098
 164.40   21.007   21.076   21.160    1.702   -1.883   -3.993    1.702   -1.883    7.518   -6.795   -3.204   11.192    5.314
 164.50   21.266   21.277   21.306    0.698   -1.105   -3.734    0.698   -1.105    4.127   -2.605   -0.771    7.827    2.471
 164.60   21.817   21.818   21.864    0.113   -1.431   -3.183    0.113   -1.431    4.555   -0.361   -0.162    6.095    2.286
 164.70   21.334   21.369   21.378   -1.226   -0.597   -3.666   -1.226   -0.597    2.190    4.494    0.732    7.648    2.526
 164.80   20.939   21.063   21.070   -2.289    0.536   -4.061   -2.289    0.536   -2.177    9.296   -1.227   11.011    4.813
 164.90   21.140   21.423   21.435   -3.472    0.703   -3.860   -3.472    0.703   -2.713   13.400   -2.440   13.723    6.944
 165.00   21.279   21.796   21.936   -4.719    2.478   -3.721   -4.719    2.478   -9.221   17.561  -11.695   21.129   11.513
 165.10   22.178   22.585   22.607   -4.267    1.002   -2.822   -4.267    1.002   -2.829   12.041   -4.276   13.587    6.544
 165.20   23.232   23.361   23.567   -2.453    3.108   -1.768   -2.453    3.108   -5.495    4.336   -7.623    9.401    5.175
 165.30   22.324   22.510   22.815   -2.891    3.719   -2.676   -2.891    3.719   -9.954    7.737  -10.752   14.677    8.285
 165.40   22.853   23.108   23.233   -3.420    2.411   -2.147   -3.420    2.411   -5.175    7.341   -8.245   11.058    6.096
 165.50   24.121   24.385   24.395   -3.574    0.724   -0.879   -3.574    0.724   -0.636    3.140   -2.587    7.033    2.059
 165.60   24.399   24.619   24.619   -3.285    0.028   -0.601   -3.285    0.028   -0.017    1.975   -0.092    5.578    0.989
 165.70   23.548   23.652   23.720   -2.215   -1.801   -1.452   -2.215   -1.801    2.616    3.216    3.989    5.129    2.877
 165.80   22.087   22.137   22.253   -1.486   -2.269   -2.913   -1.486   -2.269    6.610    4.328    3.371    7.921    4.295
 165.90   21.506   21.643   21.720   -2.427   -1.829   -3.494   -2.427   -1.829    6.390    8.480    4.440   10.722    5.755
 166.00   22.566   22.922   22.997   -4.021   -1.854   -2.434   -4.021   -1.854    4.511    9.786    7.453   12.763    6.551
 166.10   23.690   24.404   24.572   -5.857   -2.876   -1.310   -5.857   -2.876    3.766    7.670   16.842   22.143    9.443
 166.20   23.502   24.144   24.220   -5.530   -1.922   -1.498   -5.530   -1.922    2.879    8.285   10.627   18.259    6.890
 166.30   22.378   23.105   23.117   -5.752   -0.729   -2.622   -5.752   -0.729    1.912   15.079    4.195   20.243    7.884
 166.40   23.160   23.814   23.828   -5.543   -0.807   -1.840   -5.543   -0.807    1.484   10.199    4.472   17.383    5.617
 166.50   22.328   22.879   22.882   -4.992   -0.359   -2.672   -4.992   -0.359    0.960   13.342    1.794   16.097    6.748
 166.60   21.660   23.158   23.160   -8.196   -0.290   -3.340   -8.196   -0.290    0.967   27.377    2.374   39.205   13.748
 166.70   22.693   23.768   23.946   -7.065   -2.915   -2.307   -7.065   -2.915    6.725   16.299   20.598   31.870   13.557
 166.80   23.375   24.869   24.944   -8.491   -1.934   -1.625   -8.491   -1.934    3.144   13.801   16.423   39.238   10.840
 166.90   23.062   24.048   24.156   -6.818   -2.279   -1.938   -6.818   -2.279    4.418   13.216   15.538   27.717   10.436
 167.00   23.934   24.752   24.753   -6.309    0.224   -1.066   -6.309    0.224   -0.239    6.725   -1.412   20.498    3.438
 167.10   25.377   25.942   25.997   -5.387    1.690    0.377   -5.387    1.690    0.636   -2.029   -9.101   16.006    4.673
 167.20   25.577   26.281   26.281   -6.043   -0.085    0.577   -6.043   -0.085   -0.049   -3.487    0.516   18.428    1.763
 167.30   23.264   23.805   23.814   -5.043   -0.676   -1.736   -5.043   -0.676    1.174    8.753    3.411   14.451    4.734
 167.40   23.430   24.073   24.075   -5.529   -0.331   -1.570   -5.529   -0.331    0.520    8.683    1.830   16.574    4.445
 167.50   24.352   25.083   25.111   -6.009    1.195   -0.648   -6.009    1.195   -0.774    3.891   -7.180   18.976    4.101
 167.60   25.077   25.609   25.705   -5.196    2.217    0.077   -5.196    2.217    0.170   -0.398  -11.518   15.957    5.763
 167.70   24.091   24.465   24.497   -4.262    1.261   -0.909   -4.262    1.261   -1.147    3.875   -5.376   10.291    3.363
 167.80   24.870   25.493   25.539   -5.600    1.532   -0.130   -5.600    1.532   -0.199    0.729   -8.578   16.863    4.306
 167.90   25.406   25.771   25.906   -4.321    2.647    0.406   -4.321    2.647    1.074   -1.753  -11.438   12.921    5.811
 168.00   25.901   25.970   26.101   -1.881    2.612    0.901   -1.881    2.612    2.354   -1.695   -4.912    5.585    2.852
 168.10   25.649   25.684   25.826   -1.337    2.704    0.649   -1.337    2.704    1.755   -0.868   -3.617    4.761    2.056
 168.20   24.791   24.825   24.902   -1.296    1.955   -0.209   -1.296    1.955   -0.409    0.271   -2.533    2.772    1.290
 168.30   24.919   24.946   25.034   -1.161    2.098   -0.081   -1.161    2.098   -0.170    0.094   -2.435    2.878    1.221
 168.40   25.092   25.092   25.099   -0.037    0.599    0.092   -0.037    0.599    0.055   -0.003   -0.022    0.184    0.030
 168.50   23.199   23.225   23.227    1.110   -0.248   -1.801    1.110   -0.248    0.447   -1.999   -0.275    2.269    1.033
 168.60   24.078   24.127   24.156    1.530   -1.192   -0.922    1.530   -1.192    1.099   -1.410   -1.823    2.305    1.277
 168.70   25.795   25.796   25.860   -0.094   -1.823    0.795   -0.094   -1.823   -1.450   -0.075    0.172    1.983    0.731
 168.80   26.058   26.063   26.140   -0.518   -2.008    1.058   -0.518   -2.008   -2.124   -0.548    1.040    2.709    1.214
 168.90   27.368   27.369   27.480   -0.228   -2.467    2.368   -0.228   -2.467   -5.842   -0.541    0.563    5.873    2.947
 169.00   27.519   27.521   27.581   -0.287   -1.821    2.519   -0.287   -1.821   -4.588   -0.723    0.523    4.873    2.337
 169.10   29.172   29.174   29.202    0.343   -1.278    4.172    0.343   -1.278   -5.331    1.433   -0.439    9.578    2.769
 169.20   27.543   27.601   27.637   -1.792   -1.396    2.543   -1.792   -1.396   -3.551   -4.558    2.503    5.815    3.148
 169.30   28.004   28.036   28.036   -1.335    0.035    3.004   -1.335    0.035    0.105   -4.011   -0.047    5.403    2.006
 169.40   30.109   30.265   30.278   -3.063   -0.908    5.109   -3.063   -0.908   -4.637  -15.647    2.779   18.154    8.277
 169.50   30.192   30.282   30.285   -2.323   -0.423    5.192   -2.323   -0.423   -2.197  -12.061    0.983   16.267    6.149
 169.60   29.899   29.904   29.965   -0.584   -1.909    4.899   -0.584   -1.909   -9.352   -2.859    1.114   13.991    4.921
 169.70   29.409   29.410   29.415    0.221   -0.571    4.409    0.221   -0.571   -2.516    0.974   -0.126    9.907    1.350
 169.80   28.943   28.982   28.984   -1.500    0.362    3.943   -1.500    0.362    1.428   -5.913   -0.543    8.964    3.054
 169.90   29.041   29.066   29.066   -1.199    0.058    4.041   -1.199    0.058    0.235   -4.845   -0.070    8.885    2.426
 170.00   29.032   29.066   29.092   -1.406   -1.226    4.032   -1.406   -1.226   -4.943   -5.667    1.723    9.868    3.857
 170.10   29.525   29.568   29.595   -1.589   -1.277    4.525   -1.589   -1.277   -5.780   -7.189    2.030   12.315    4.723
 170.20   29.552   29.685   29.695   -2.808   -0.766    4.552   -2.808   -0.766   -3.488  -12.783    2.152   14.596    6.712
 170.30   30.003   30.154   30.157   -3.013    0.430    5.003   -3.013    0.430    2.151  -15.072   -1.296   17.144    7.640
 170.40   29.475   29.623   29.656   -2.956    1.397    4.475   -2.956    1.397    6.251  -13.227   -4.129   15.356    7.601
 170.50   28.444   28.558   28.558   -2.551    0.086    3.444   -2.551    0.086    0.295   -8.786   -0.218    9.189    4.397
 170.60   28.279   28.391   28.401   -2.512   -0.764    3.279   -2.512   -0.764   -2.507   -8.238    1.920    8.825    4.411
 170.70   28.824   28.870   28.874   -1.621   -0.502    3.824   -1.621   -0.502   -1.919   -6.198    0.813    8.751    3.270
 170.80   28.200   28.320   28.324   -2.601    0.473    3.200   -2.601    0.473    1.513   -8.324   -1.230    8.615    4.274
 170.90   28.877   29.051   29.056   -3.170   -0.562    3.877   -3.170   -0.562   -2.180  -12.292    1.782   12.700    6.305
 171.00   28.017   28.041   28.221   -1.172   -3.180    3.017   -1.172   -3.180   -9.594   -3.536    3.728   10.294    5.442
 171.10   26.651   26.670   26.744   -1.009   -1.991    1.651   -1.009   -1.991   -3.288   -1.666    2.010    3.855    2.099
 171.20   28.423   28.494   28.599   -2.002   -2.449    3.423   -2.002   -2.449   -8.382   -6.853    4.902   10.861    5.942
 171.30   28.150   28.396   28.549   -3.737   -2.948    3.150   -3.737   -2.948   -9.284  -11.770   11.016   16.287    9.301
 171.40   26.333   26.608   26.650   -3.819   -1.494    1.333   -3.819   -1.494   -1.991   -5.090    5.705    9.297    3.950
 171.50   26.492   26.582   26.621   -2.183   -1.439    1.492   -2.183   -1.439   -2.147   -3.258    3.141    4.532    2.504
 171.60   25.640   25.681   25.696   -1.453    0.880    0.640   -1.453    0.880    0.563   -0.930   -1.279    1.648    0.839
 171.70   24.492   24.757   24.768   -3.612    0.744   -0.508   -3.612    0.744   -0.378    1.835   -2.689    6.929    1.639
 171.80   25.643   26.024   26.024   -4.437    0.026    0.643   -4.437    0.026    0.016   -2.854   -0.113   10.051    1.428
 171.90   25.385   25.540   25.546   -2.817   -0.510    0.385   -2.817   -0.510   -0.196   -1.083    1.437    4.173    0.905
 172.00   25.999   26.230   26.230   -3.474   -0.138    0.999   -3.474   -0.138   -0.137   -3.470    0.478    6.543    1.753
 172.10   26.446   26.603   26.639   -2.885   -1.384    1.446   -2.885   -1.384   -2.002   -4.171    3.993    6.164    3.056
 172.20   26.706   26.889   26.899   -3.136   -0.719    1.706   -3.136   -0.719   -1.227   -5.350    2.256    6.632    2.967
 172.30   27.667   27.832   27.997   -3.022   -3.040    2.667   -3.022   -3.040   -8.108   -8.060    9.185   12.743    7.333
 172.40   27.045   27.394   27.460   -4.363   -1.903    2.045   -4.363   -1.903   -3.890   -8.921    8.302   13.420    6.396
 172.50   25.881   26.574   26.669   -6.029   -2.246    0.881   -6.029   -2.246   -1.980   -5.314   13.543   21.086    7.341
 172.60   27.410   27.893   27.948   -5.171   -1.746    2.410   -5.171   -1.746   -4.206  -12.461    9.027   17.797    7.976
 172.70   30.056   30.347   30.352   -4.187   -0.595    5.056   -4.187   -0.595   -3.008  -21.172    2.491   21.726   10.764
 172.80   29.854   30.025   30.026   -3.204    0.219    4.854   -3.204    0.219    1.065  -15.550   -0.703   16.935    7.801
 172.90   30.052   30.200   30.282   -2.987    2.232    5.052   -2.987    2.232   11.278  -15.091   -6.669   19.715    9.993
 173.00   30.241   30.289   30.431   -1.713    2.940    5.241   -1.713    2.940   15.406   -8.977   -5.036   19.520    9.264
 173.10   29.318   29.394   29.471   -2.120    2.126    4.318   -2.120    2.126    9.179   -9.153   -4.507   13.828    6.862
 173.20   29.163   29.173   29.201   -0.768   -1.262    4.163   -0.768   -1.262   -5.253   -3.196    0.969    9.757    3.112
 173.30   29.265   29.302   29.419   -1.466   -2.622    4.265   -1.466   -2.622  -11.185   -6.252    3.844   13.608    6.689
 173.40   30.878   30.878   31.053   -0.132   -3.286    5.878   -0.132   -3.286  -19.314   -0.779    0.435   22.682    9.667
 173.50   31.598   31.601   31.720    0.462   -2.751    6.598    0.462   -2.751  -18.150    3.048   -1.271   25.654    9.224
 173.60   32.257   32.275   32.363    1.065   -2.388    7.257    1.065   -2.388  -17.331    7.726   -2.542   29.753    9.572
 173.70   31.656   31.659   31.673    0.462   -0.914    6.656    0.462   -0.914   -6.084    3.077   -0.423   22.676    3.416
 173.80   29.581   29.581   29.654    0.001   -2.073    4.581    0.001   -2.073   -9.498    0.003   -0.001   12.642    4.749
 173.90   29.712   29.717   29.748   -0.528   -1.354    4.712   -0.528   -1.354   -6.381   -2.488    0.715   12.158    3.443
 174.00   29.980   29.980   29.981    0.088   -0.311    4.980    0.088   -0.311   -1.551    0.440   -0.028   12.451    0.806
 174.10   29.038   29.039   29.073    0.219   -1.391    4.038    0.219   -1.391   -5.618    0.886   -0.305    9.146    2.848
 174.20   28.265   28.265   28.266   -0.036   -0.210    3.265   -0.036   -0.210   -0.684   -0.118    0.008    5.353    0.347
 174.30   28.206   28.221   28.306   -0.930   -2.191    3.206   -0.930   -2.191   -7.025   -2.980    2.037    7.972    3.949
 174.40   28.545   28.582   28.613   -1.437   -1.334    3.545   -1.437   -1.334   -4.730   -5.096    1.917    8.208    3.606
 174.50   27.163   27.166   27.174    0.429   -0.664    2.163    0.429   -0.664   -1.437    0.927   -0.285    2.652    0.867
 174.60   26.726   26.731   26.855    0.491   -2.576    1.726    0.491   -2.576   -4.446    0.848   -1.266    4.928    2.350
 174.70   26.393   26.394   26.479   -0.191   -2.118    1.393   -0.191   -2.118   -2.950   -0.267    0.405    3.231    1.495
 174.80   27.647   27.663   27.803    0.940   -2.783    2.647    0.940   -2.783   -7.368    2.489   -2.617    7.819    4.103
 174.90   27.142   27.147   27.218   -0.541   -1.963    2.142   -0.541   -1.963   -4.205   -1.158    1.062    4.367    2.244
 175.00   26.622   26.622   26.649   -0.011   -1.183    1.622   -0.011   -1.183   -1.919   -0.018    0.013    2.016    0.960
 175.10   27.572   27.610   27.627    1.440   -0.972    2.572    1.440   -0.972   -2.500    3.704   -1.400    4.817    2.342
 175.20   26.940   27.131   27.146    3.214   -0.910    1.940    3.214   -0.910   -1.766    6.234   -2.926    7.461    3.555
 175.30   26.560   26.706   26.769    2.788   -1.849    1.560    2.788   -1.849   -2.884    4.348   -5.156    6.812    3.668
 175.40   27.175   27.194   27.210    1.020   -0.946    2.175    1.020   -0.946   -2.058    2.219   -0.965    3.333    1.588
 175.50   26.099   26.207   26.217    2.382   -0.701    1.099    2.382   -0.701   -0.770    2.618   -1.669    3.686    1.599
 175.60   25.023   25.208   25.266    3.048   -1.707    0.023    3.048   -1.707   -0.039    0.070   -5.203    6.102    2.602
 175.70   24.461   24.700   24.775    3.430   -1.921   -0.539    3.430   -1.921    1.035   -1.848   -6.588    7.872    3.460
 175.80   26.249   26.486   26.486    3.533    0.071    1.249    3.533    0.071    0.089    4.413    0.250    7.024    2.210
 175.90   25.370   25.580   25.582    3.275    0.262    0.370    3.275    0.262    0.097    1.211    0.857    5.466    0.744
 176.00   25.144   25.262   25.294    2.434    1.285    0.144    2.434    1.285    0.185    0.351    3.128    3.798    1.577
 176.10   23.704   23.704   23.707    0.167    0.351   -1.296    0.167    0.351   -0.455   -0.216    0.059    0.916    0.254
 176.20   23.129   23.130   23.174   -0.143    1.436   -1.871   -0.143    1.436   -2.686    0.267   -0.205    2.790    1.353
 176.30   22.139   22.165   22.178   -1.081    0.766   -2.861   -1.081    0.766   -2.192    3.094   -0.828    4.971    1.941
 176.40   22.991   22.991   23.339   -0.082    4.016   -2.009   -0.082    4.016   -8.068    0.164   -0.328   10.084    4.038
 176.50   22.152   22.164   22.329    0.734    2.707   -2.848    0.734    2.707   -7.710   -2.091    1.988    7.990    4.116
 176.60   21.917   21.953   22.252    1.248    3.634   -3.083    1.248    3.634  -11.201   -3.846    4.534   12.132    6.341
 176.70   22.022   22.026   22.266    0.418    3.264   -2.978    0.418    3.264   -9.721   -1.244    1.363    9.850    4.947
 176.80   20.498   20.525   20.558    1.056    1.175   -4.502    1.056    1.175   -5.288   -4.756    1.241   11.384    3.610
 176.90   20.578   20.579   20.599    0.175    0.909   -4.422    0.175    0.909   -4.018   -0.774    0.159   10.205    2.048
 177.00   18.912   18.912   18.912    0.096    0.012   -6.088    0.096    0.012   -0.072   -0.584    0.001   18.539    0.294
 177.10   19.207   19.303   19.315   -1.928    0.679   -5.793   -1.928    0.679   -3.932   11.167   -1.308   18.869    5.956
 177.20   19.199   19.242   19.312   -1.291    1.640   -5.801   -1.291    1.640   -9.516    7.490   -2.118   19.007    6.147
 177.30   18.379   18.493   18.617   -2.058    2.139   -6.621   -2.058    2.139  -14.166   13.627   -4.403   26.328   10.072
 177.40   18.472   18.606   18.616   -2.228   -0.598   -6.528   -2.228   -0.598    3.902   14.544    1.332   23.965    7.558
 177.50   19.652   19.695   19.725   -1.294   -1.081   -5.348   -1.294   -1.081    5.781    6.921    1.399   15.721    4.563
 177.60   20.975   20.982   21.001   -0.567   -0.888   -4.025   -0.567   -0.888    3.575    2.282    0.504    8.657    2.136
 177.70   21.086   21.112   21.187   -1.044   -1.782   -3.914   -1.044   -1.782    6.972    4.084    1.859    9.790    4.146
 177.80   22.289   22.289   22.395   -0.133   -2.174   -2.711   -0.133   -2.174    5.893    0.361    0.290    6.047    2.956
 177.90   22.319   22.320   22.323   -0.204   -0.349   -2.681   -0.204   -0.349    0.935    0.546    0.071    3.675    0.542
 178.00   23.263   23.263   23.263   -0.008    0.089   -1.737   -0.008    0.089   -0.155    0.014   -0.001    1.513    0.078
 178.10   22.942   23.009   23.009    1.757    0.106   -2.058    1.757    0.106   -0.218   -3.617    0.186    3.668    1.814
 178.20   22.627   22.745   22.786    2.315   -1.367   -2.373    2.315   -1.367    3.243   -5.493   -3.164    6.428    3.560
 178.30   21.548   21.633   21.646    1.924   -0.740   -3.452    1.924   -0.740    2.553   -6.641   -1.423    8.084    3.628
 178.40   20.880   20.950   21.015    1.710   -1.662   -4.120    1.710   -1.662    6.846   -7.048   -2.842   11.332    5.114
 178.50   22.661   22.703   22.795    1.388   -2.037   -2.339    1.388   -2.037    4.765   -3.246   -2.827    5.774    3.211
 178.60   21.662   21.719   21.727   -1.562    0.597   -3.338   -1.562    0.597   -1.992    5.214   -0.932    6.968    2.830
 178.70   20.584   20.715   20.750   -2.332    1.193   -4.416   -2.332    1.193   -5.269   10.298   -2.782   13.183    5.949
 178.80   21.944   22.103   22.111   -2.642    0.604   -3.056   -2.642    0.604   -1.845    8.072   -1.596    8.340    4.217
 178.90   23.065   23.126   23.166   -1.680    1.346   -1.935   -1.680    1.346   -2.604    3.250   -2.261    4.188    2.369
 179.00   21.229   21.282   21.422   -1.509    2.442   -3.771   -1.509    2.442   -9.208    5.693   -3.685   11.232    5.718
 179.10   22.850   22.867   22.927   -0.877    1.652   -2.150   -0.877    1.652   -3.552    1.885   -1.449    4.060    2.137
 179.20   23.180   23.187   23.245    0.593    1.637   -1.820    0.593    1.637   -2.980   -1.080    0.971    3.173    1.658
 179.30   23.002   23.002   23.208   -0.045    3.081   -1.998   -0.045    3.081   -6.156    0.089   -0.137    6.744    3.079
 179.40   23.917   23.924   24.199    0.561    3.639   -1.083    0.561    3.639   -3.940   -0.608    2.043    7.365    2.240
 179.50   25.159   25.170   25.318    0.721    2.736    0.159    0.721    2.736    0.436    0.115    1.972    4.014    1.012
 179.60   25.335   25.335   25.453   -0.197    2.446    0.335   -0.197    2.446    0.818   -0.066   -0.481    3.067    0.476
 179.70   24.420   24.475   24.554   -1.648    1.958   -0.580   -1.648    1.958   -1.136    0.956   -3.227    3.443    1.776
 179.80   24.669   24.867   24.897   -3.132    1.223   -0.331   -3.132    1.223   -0.405    1.037   -3.832    5.708    1.995
 179.90   25.581   25.757   25.762   -3.001   -0.493    0.581   -3.001   -0.493   -0.287   -1.745    1.480    4.794    1.153
 180.00   26.437   26.528   26.547   -2.187   -1.019    1.437   -2.187   -1.019   -1.465   -3.143    2.228    3.943    2.061
 180.10   26.317   26.322   26.323   -0.555    0.058    1.317   -0.555    0.058    0.077   -0.731   -0.032    1.023    0.368
 180.20   25.520   25.527   25.657   -0.570    2.578    0.520   -0.570    2.578    1.341   -0.297   -1.469    3.620    1.006
 180.30   25.248   25.251   25.725   -0.381    4.918    0.248   -0.381    4.918    1.220   -0.094   -1.873   12.198    1.119
 180.40   25.252   25.271   26.085   -0.985    6.469    0.252   -0.985    6.469    1.627   -0.248   -6.370   21.438    3.289
 180.50   24.660   24.679   25.417   -0.968    6.079   -0.340   -0.968    6.079   -2.068    0.329   -5.882   19.004    3.122
 180.60   24.491   24.500   25.036    0.644    5.154   -0.509    0.644    5.154   -2.623   -0.328    3.320   13.620    2.122
 180.70   25.011   25.022   25.488   -0.756    4.848    0.011   -0.756    4.848    0.053   -0.008   -3.666   12.040    1.833
 180.80   25.147   25.212   25.604   -1.801    4.467    0.147   -1.801    4.467    0.658   -0.265   -8.042   11.607    4.037
 180.90   23.078   23.089   23.468   -0.694    4.202   -1.922   -0.694    4.202   -8.075    1.334   -2.917   10.916    4.344
 181.00   22.476   22.485   22.860    0.625    4.125   -2.524    0.625    4.125  -10.412   -1.577    2.577   11.889    5.421
 181.10   23.973   24.036   24.179    1.743    2.630   -1.027    1.743    2.630   -2.702   -1.791    4.586    5.507    2.808
 181.20   24.179   24.324   24.475    2.648    2.715   -0.821    2.648    2.715   -2.228   -2.174    7.190    7.529    3.917
 181.30   24.761   24.927   25.140    2.872    3.269   -0.239    2.872    3.269   -0.781   -0.686    9.388    9.496    4.723
 181.40   23.539   23.921   24.146    4.259    3.284   -1.461    4.259    3.284   -4.799   -6.222   13.987   15.529    8.021
 181.50   23.616   24.140   24.549    5.005    4.463   -1.384    5.005    4.463   -6.178   -6.929   22.338   23.444   12.095
 181.60   23.549   23.907   24.099    4.122    3.041   -1.451    4.122    3.041   -4.413   -5.982   12.534   14.172    7.287
 181.70   22.034   22.326   22.454    3.597    2.395   -2.966    3.597    2.395   -7.104  -10.670    8.616   13.737    7.722
 181.80   20.750   20.753   20.927   -0.323    2.699   -4.250   -0.323    2.699  -11.471    1.371   -0.871   12.726    5.793
 181.90   21.367   21.368   21.661   -0.111    3.551   -3.633   -0.111    3.551  -12.899    0.403   -0.394   12.908    6.456
 182.00   21.912   21.922   22.105    0.647    2.841   -3.088    0.647    2.841   -8.774   -1.997    1.838    9.014    4.592
 182.10   21.447   21.451   21.471   -0.397    0.925   -3.553   -0.397    0.925   -3.286    1.411   -0.367    6.818    1.797
 182.20   20.691   20.723   20.727   -1.151   -0.414   -4.309   -1.151   -0.414    1.785    4.960    0.477   10.032    2.646
 182.30   20.829   20.848   20.854   -0.905    0.502   -4.171   -0.905    0.502   -2.095    3.777   -0.455    9.236    2.171
 182.40   20.592   20.592   20.667    0.112    1.752   -4.408    0.112    1.752   -7.725   -0.494    0.196   11.257    3.871
 182.50   20.005   20.047   20.116   -1.296    1.671   -4.995   -1.296    1.671   -8.349    6.475   -2.166   14.713    5.392
 182.60   20.371   20.485   20.656   -2.158    2.651   -4.629   -2.158    2.651  -12.273    9.990   -5.722   16.558    8.414
 182.70   21.505   21.643   21.643   -2.439   -0.117   -3.495   -2.439   -0.117    0.409    8.523    0.286    9.087    4.269
 182.80   20.982   21.073   21.074   -1.953   -0.207   -4.018   -1.953   -0.207    0.833    7.848    0.405   10.001    3.951
 182.90   22.282   22.508   22.555   -3.179    1.458   -2.718   -3.179    1.458   -3.963    8.640   -4.635    9.809    5.288
 183.00   21.350   21.729   21.787   -4.041    1.586   -3.650   -4.041    1.586   -5.787   14.747   -6.407   16.081    8.544
 183.10   19.961   20.121   20.133   -2.531    0.702   -5.039   -2.531    0.702   -3.537   12.755   -1.777   16.145    6.677
 183.20   21.264   21.527   21.568   -3.356    1.334   -3.736   -3.356    1.334   -4.984   12.537   -4.476   13.499    7.107
 183.30   22.320   22.799   22.893   -4.650    2.073   -2.680   -4.650    2.073   -5.556   12.463   -9.641   16.553    8.354
 183.40   20.783   21.111   21.270   -3.706    2.596   -4.217   -3.706    2.596  -10.949   15.630   -9.621   19.131   10.686
 183.50   19.845   20.256   20.416   -4.060    2.553   -5.155   -4.060    2.553  -13.163   20.927  -10.366   24.787   13.404
 183.60   21.030   21.304   21.313   -3.402    0.620   -3.970   -3.402    0.620   -2.463   13.504   -2.110   13.857    6.944
 183.70   21.479   21.493   21.493   -0.756   -0.064   -3.521   -0.756   -0.064    0.224    2.662    0.048    6.486    1.336
 183.80   21.087   21.101   21.103   -0.785    0.315   -3.913   -0.785    0.315   -1.232    3.074   -0.247    8.016    1.660
 183.90   22.223   22.246   22.248   -1.009    0.282   -2.777   -1.009    0.282   -0.784    2.801   -0.285    4.404    1.461
 184.00   21.676   21.676   21.744    0.047    1.711   -3.324    0.047    1.711   -5.687   -0.157    0.081    6.989    2.845
 184.10   20.456   20.456   20.461    0.058   -0.474   -4.544    0.058   -0.474    2.154   -0.263   -0.027   10.439    1.085
 184.20   20.970   21.029   21.062    1.583    1.178   -4.030    1.583    1.178   -4.749   -6.378    1.865   10.068    4.084
 184.30   21.997   22.022   22.120    1.033    2.080   -3.003    1.033    2.080   -6.245   -3.101    2.148    7.204    3.648
 184.40   22.246   22.249   22.268    0.368    0.924   -2.754    0.368    0.924   -2.545   -1.015    0.341    4.287    1.381
 184.50   24.455   24.467   24.468    0.774    0.189   -0.545    0.774    0.189   -0.103   -0.422    0.147    0.466    0.229
 184.60   23.296   23.299   23.362   -0.394    1.717   -1.704   -0.394    1.717   -2.926    0.671   -0.676    3.004    1.539
 184.70   23.353   23.355   23.486    0.277    2.482   -1.647    0.277    2.482   -4.088   -0.456    0.688    4.474    2.085
 184.80   25.595   25.597   25.659   -0.248    1.783    0.595   -0.248    1.783    1.062   -0.148   -0.442    1.797    0.580
 184.90   24.503   24.503   24.503    0.078    0.063   -0.497    0.078    0.063   -0.031   -0.039    0.005    0.128    0.025
 185.00   24.687   24.695   24.698   -0.628   -0.414   -0.313   -0.628   -0.414    0.130    0.197    0.260    0.332    0.175
 185.10   25.711   25.731   25.807    1.030   -1.966    0.711    1.030   -1.966   -1.398    0.732   -2.025    2.716    1.284
 185.20   26.275   26.454   26.503    3.076   -1.606    1.275    3.076   -1.606   -2.048    3.921   -4.940    6.832    3.315
 185.30   24.939   25.148   25.230    3.234   -2.034   -0.061    3.234   -2.034    0.124   -0.197   -6.576    7.298    3.290
 185.40   24.103   24.209   24.215    2.261   -0.511   -0.897    2.261   -0.511    0.458   -2.028   -1.155    3.089    1.189
 185.50   23.175   23.330   23.333    2.690    0.387   -1.825    2.690    0.387   -0.707   -4.910    1.041    5.358    2.534
 185.60   22.786   22.871   22.897    1.966   -1.091   -2.214    1.966   -1.091    2.414   -4.352   -2.144    4.978    2.710
 185.70   20.834   20.834   20.852   -0.050   -0.860   -4.166   -0.050   -0.860    3.585    0.209    0.043    9.050    1.795
 185.80   20.436   20.448   20.518   -0.720   -1.685   -4.564   -0.720   -1.685    7.691    3.285    1.213   12.095    4.225
 185.90   19.570   19.573   19.707   -0.370   -2.290   -5.430   -0.370   -2.290   12.435    2.011    0.848   17.434    6.312
 186.00   20.529   20.573   20.679   -1.355   -2.089   -4.471   -1.355   -2.089    9.342    6.057    2.830   13.096    5.744
 186.10   20.303   20.330   20.440   -1.056   -2.120   -4.697   -1.056   -2.120    9.957    4.958    2.237   13.836    5.673
 186.20   20.189   20.210   20.514   -0.932   -3.516   -4.811   -0.932   -3.516   16.916    4.485    3.277   18.190    8.902
 186.30   19.452   19.461   19.821    0.594   -3.764   -5.548    0.594   -3.764   20.883   -3.297   -2.236   22.652   10.630
 186.40   19.706   19.707   19.923    0.157   -2.927   -5.294    0.157   -2.927   15.495   -0.833   -0.460   18.309    7.762
 186.50   21.584   21.598   21.709   -0.789   -2.191   -3.416   -0.789   -2.191    7.483    2.694    1.728    8.545    4.069
 186.60   21.430   21.453   21.578   -0.990   -2.315   -3.570   -0.990   -2.315    8.265    3.533    2.291    9.541    4.638
 186.70   21.715   21.818   21.827   -2.122   -0.631   -3.285   -2.122   -0.631    2.072    6.971    1.338    7.847    3.697
 186.80   22.531   22.673   22.710   -2.538   -1.291   -2.469   -2.538   -1.291    3.188    6.267    3.277    7.103    3.879
 186.90   23.839   24.265   24.273   -4.530    0.622   -1.161   -4.530    0.622   -0.723    5.261   -2.818   11.127    3.006
 187.00   24.427   25.204   25.204   -6.208   -0.086   -0.573   -6.208   -0.086    0.049    3.554    0.534   19.439    1.797
 187.10   24.015   24.538   24.557   -5.038    0.968   -0.985   -5.038    0.968   -0.954    4.964   -4.878   13.646    3.512
 187.20   23.711   24.097   24.116   -4.297    0.941   -1.289   -4.297    0.941   -1.213    5.538   -4.045   10.505    3.482
 187.30   25.569   26.075   26.176   -5.115    2.294    0.569   -5.115    2.294    1.304   -2.908  -11.734   15.874    6.079
 187.40   25.677   26.209   26.318   -5.254    2.389    0.677   -5.254    2.389    1.618   -3.559  -12.553   16.886    6.574
 187.50   25.475   26.219   26.255   -6.198    1.378    0.475   -6.198    1.378    0.655   -2.946   -8.542   20.270    4.530
 187.60   26.522   27.147   27.179   -5.793    1.307    1.522   -5.793    1.307    1.988   -8.816   -7.570   18.793    5.894
 187.70   25.532   25.975   26.037   -4.778    1.794    0.532   -4.778    1.794    0.955   -2.543   -8.571   13.166    4.495
 187.80   24.989   25.402   25.407   -4.563    0.495   -0.011   -4.563    0.495   -0.006    0.051   -2.257   10.533    1.129
 187.90   25.487   25.751   25.752   -3.679    0.238    0.487   -3.679    0.238    0.116   -1.792   -0.877    6.916    1.000
 188.00   27.185   27.422   27.422   -3.597   -0.076    2.185   -3.597   -0.076   -0.166   -7.858    0.274    8.857    3.932
 188.10   25.845   26.171   26.176   -4.115    0.543    0.845   -4.115    0.543    0.459   -3.477   -2.234    8.971    2.079
 188.20   26.047   26.476   26.496   -4.743    1.042    1.047   -4.743    1.042    1.091   -4.968   -4.943   12.342    3.546
 188.30   26.216   26.632   26.633   -4.685   -0.295    1.216   -4.685   -0.295   -0.359   -5.699    1.383   11.759    2.937
 188.40   26.899   27.231   27.252   -4.238    1.059    1.899   -4.238    1.059    2.011   -8.049   -4.486   11.343    4.716
 188.50   26.434   26.649   26.650   -3.382    0.143    1.434   -3.382    0.143    0.205   -4.850   -0.483    6.757    2.439
 188.60   26.075   26.434   26.436   -4.345   -0.244    1.075   -4.345   -0.244   -0.262   -4.671    1.061   10.048    2.398
 188.70   26.472   26.651   26.654   -3.080    0.413    1.472   -3.080    0.413    0.609   -4.534   -1.273    5.911    2.374
 188.80   25.724   25.968   25.969   -3.550   -0.295    0.724   -3.550   -0.295   -0.214   -2.569    1.048    6.606    1.391
 188.90   26.292   26.717   26.718   -4.747   -0.235    1.292   -4.747   -0.235   -0.303   -6.133    1.114   12.129    3.121
 189.00   24.992   25.469   25.470   -4.905   -0.174   -0.008   -4.905   -0.174    0.001    0.037    0.852   12.045    0.426
 189.10   26.159   26.681   26.695   -5.254    0.853    1.159   -5.254    0.853    0.989   -6.089   -4.482   14.838    3.812
 189.20   28.155   28.534   28.590   -4.636    1.782    3.155   -4.636    1.782    5.622  -14.627   -8.260   17.310    8.857
 189.30   27.908   28.267   28.328   -4.491    1.852    2.908   -4.491    1.852    5.388  -13.060   -8.319   16.028    8.198
 189.40   26.405   26.843   26.880   -4.834    1.400    1.405   -4.834    1.400    1.967   -6.790   -6.770   13.652    4.894
 189.50   26.053   26.699   26.705   -5.838    0.540    1.053   -5.838    0.540    0.569   -6.148   -3.155   17.743    3.467
 189.60   25.113   25.557   25.611   -4.744   -1.662    0.113   -4.744   -1.662   -0.187   -0.535    7.885   12.643    3.953
 189.70   23.387   23.973   24.070   -5.270   -2.161   -1.613   -5.270   -2.161    3.486    8.501   11.388   17.521    7.316
 189.80   25.227   25.769   25.845   -5.257   -1.975    0.227   -5.257   -1.975   -0.449   -1.194   10.382   15.794    5.230
 189.90   25.840   26.259   26.299   -4.677   -1.441    0.840   -4.677   -1.441   -1.210   -3.927    6.739   12.329    3.946
 190.00   26.224   26.568   26.569   -4.264    0.045    1.224   -4.264    0.045    0.055   -5.219   -0.192    9.839    2.612
 190.10   27.516   27.770   27.799   -3.747    1.274    2.516   -3.747    1.274    3.205   -9.425   -4.773   10.995    5.520
 190.20   24.800   24.968   24.973   -2.894    0.508   -0.200   -2.894    0.508   -0.102    0.579   -1.469    4.336    0.791
 190.30   23.947   24.104   24.105   -2.747    0.215   -1.053   -2.747    0.215   -0.227    2.893   -0.591    4.350    1.481
 190.40   24.886   25.110   25.150   -3.350   -1.417   -0.114   -3.350   -1.417    0.161    0.382    4.748    6.621    2.383
 190.50   23.272   23.822   23.847   -5.091   -1.097   -1.728   -5.091   -1.097    1.896    8.799    5.585   15.055    5.297
 190.60   24.675   25.153   25.169   -4.882   -0.899   -0.325   -4.882   -0.899    0.292    1.587    4.389   12.372    2.338
 190.70   24.356   24.816   24.875   -4.754   -1.714   -0.644   -4.754   -1.714    1.104    3.062    8.149   12.975    4.388
 190.80   22.586   23.021   23.177   -4.451   -2.682   -2.414   -4.451   -2.682    6.474   10.744   11.940   16.417    8.659
 190.90   23.039   23.463   23.533   -4.440   -1.816   -1.961   -4.440   -1.816    3.560    8.705    8.061   13.426    6.193
 191.00   23.574   24.149   24.163   -5.236   -0.842   -1.426   -5.236   -0.842    1.201    7.465    4.410   15.078    4.377
 191.10   24.023   24.652   24.690   -5.534   -1.365   -0.977   -5.534   -1.365    1.333    5.406    7.553   16.721    4.692
 191.20   25.814   26.398   26.516   -5.520   -2.499    0.814   -5.520   -2.499   -2.034   -4.494   13.793   18.688    7.324
 191.30   24.923   25.353   25.575   -4.653   -3.364   -0.077   -4.653   -3.364    0.261    0.360   15.655   16.488    7.831
 191.40   25.391   25.533   25.638   -2.691   -2.315    0.391   -2.691   -2.315   -0.905   -1.052    6.231    6.378    3.192
 191.50   26.454   26.476   26.624   -1.096   -2.797    1.454   -1.096   -2.797   -4.065   -1.593    3.066    5.568    2.668
 191.60   26.408   26.439   26.537   -1.293   -2.279    1.408   -1.293   -2.279   -3.207   -1.820    2.946    4.423    2.360
 191.70   24.932   25.054   25.101   -2.469   -1.526   -0.068   -2.469   -1.526    0.103    0.167    3.769    4.216    1.887
 191.80   23.785   23.827   23.896   -1.413   -1.811   -1.215   -1.413   -1.811    2.200    1.717    2.560    3.377    1.893
 191.90   23.845   23.947   23.948   -2.203   -0.204   -1.155   -2.203   -0.204    0.236    2.543    0.450    3.113    1.297
 192.00   23.943   23.979   24.042   -1.306   -1.741   -1.057   -1.306   -1.741    1.840    1.380    2.274    2.927    1.617
 192.10   25.334   25.392   25.420   -1.718   -1.185    0.334   -1.718   -1.185   -0.396   -0.574    2.036    2.234    1.076
 192.20   24.593   24.597   24.598   -0.455    0.221   -0.407   -0.455    0.221   -0.090    0.185   -0.101    0.211    0.115
 192.30   23.925   23.934   23.935    0.670    0.226   -1.075    0.670    0.226   -0.244   -0.720    0.152    0.828    0.388
 192.40   23.040   23.058   23.065    0.919    0.560   -1.960    0.919    0.560   -1.097   -1.801    0.514    2.500    1.085
 192.50   22.498   22.543   22.550    1.424    0.559   -2.502    1.424    0.559   -1.398   -3.562    0.796    4.299    1.954
 192.60   22.193   22.201   22.213    0.603   -0.733   -2.807    0.603   -0.733    2.059   -1.694   -0.443    4.390    1.351
 192.70   22.351   22.353   22.464   -0.283   -2.230   -2.649   -0.283   -2.230    5.906    0.749    0.630    6.034    2.993
 192.80   24.196   24.209   24.363    0.799   -2.733   -0.804    0.799   -2.733    2.197   -0.642   -2.182    4.375    1.581
 192.90   24.454   24.459   24.510   -0.464   -1.576   -0.546   -0.464   -1.576    0.860    0.253    0.731    1.499    0.578
 193.00   24.655   24.659   24.712   -0.478   -1.611   -0.345   -0.478   -1.611    0.557    0.165    0.769    1.472    0.482
 193.10   25.332   25.336   25.395    0.433   -1.735    0.332    0.433   -1.735   -0.577    0.144   -0.751    1.654    0.479
 193.20   23.664   23.674   23.846    0.690   -2.853   -1.336    0.690   -2.853    3.811   -0.921   -1.968    5.199    2.193
 193.30   23.039   23.040   23.172    0.083   -2.470   -1.961    0.083   -2.470    4.842   -0.163   -0.205    4.975    2.425
 193.40   24.823   24.825   24.899    0.328   -1.918   -0.177    0.328   -1.918    0.339   -0.058   -0.629    1.908    0.358
 193.50   24.682   24.707   24.852   -1.114   -2.678   -0.318   -1.114   -2.678    0.852    0.355    2.984    4.258    1.562
 193.60   25.023   25.041   25.107   -0.957   -1.820    0.023   -0.957   -1.820   -0.042   -0.022    1.742    2.114    0.871
 193.70   23.701   23.758   23.765   -1.647   -0.579   -1.299   -1.647   -0.579    0.752    2.139    0.954    2.368    1.230
 193.80   24.210   24.284   24.313   -1.889    1.193   -0.790   -1.889    1.193   -0.942    1.492   -2.253    2.807    1.431
 193.90   24.906   25.096   25.100   -3.077   -0.487   -0.094   -3.077   -0.487    0.046    0.289    1.498    4.856    0.763
 194.00   23.878   24.197   24.200   -3.916    0.364   -1.122   -3.916    0.364   -0.409    4.392   -1.427    8.363    2.318
 194.10   23.848   24.321   24.322   -4.773   -0.235   -1.152   -4.773   -0.235    0.271    5.499    1.123   12.084    2.810
 194.20   25.003   25.380   25.380   -4.360    0.146    0.003   -4.360    0.146    0.000   -0.011   -0.636    9.515    0.318
 194.30   25.659   26.230   26.259   -5.443    1.239    0.659   -5.443    1.239    0.816   -3.586   -6.742   15.796    3.840
 194.40   24.101   24.574   24.576   -4.799    0.329   -0.899   -4.799    0.329   -0.296    4.315   -1.580   11.974    2.302
 194.50   22.969   23.653   23.679   -5.646    1.124   -2.031   -5.646    1.124   -2.282   11.466   -6.345   18.630    6.651
 194.60   22.150   22.881   22.945   -5.741    1.709   -2.850   -5.741    1.709   -4.872   16.363   -9.812   22.000    9.846
 194.70   20.925   21.577   21.693   -5.266    2.235   -4.075   -5.266    2.235   -9.107   21.460  -11.769   24.666   13.057
 194.80   19.766   20.496   20.593   -5.419    2.001   -5.234   -5.419    2.001  -10.473   28.360  -10.844   30.380   16.059
 194.90   19.460   20.721   20.838   -7.118    2.200   -5.540   -7.118    2.200  -12.188   39.430  -15.661   43.096   22.071
 195.00   19.959   20.741   20.883   -5.640    2.433   -5.041   -5.640    2.433  -12.266   28.430  -13.725   31.571   16.934
 195.10   20.786   21.450   21.511   -5.298    1.617   -4.214   -5.298    1.617   -6.817   22.328   -8.570   24.224   12.434
 195.20   18.445   18.793   18.867   -3.597    1.674   -6.555   -3.597    1.674  -10.970   23.581   -6.021   29.354   13.348
 195.30   19.380   19.478   19.563   -1.948    1.818   -5.620   -1.948    1.818  -10.214   10.949   -3.541   19.339    7.693
 195.40   20.284   20.569   20.726   -3.413    2.543   -4.716   -3.413    2.543  -11.994   16.098   -8.681   20.180   10.935
 195.50   20.822   21.089   21.141   -3.343    1.485   -4.178   -3.343    1.485   -6.202   13.963   -4.963   15.414    8.032
 195.60   20.931   21.143   21.180   -2.984   -1.249   -4.069   -2.984   -1.249    5.080   12.142    3.726   13.510    6.840
 195.70   21.536   21.762   21.774   -3.128   -0.718   -3.464   -3.128   -0.718    2.485   10.834    2.244   11.148    5.670
 195.80   20.184   20.403   20.407   -2.981   -0.386   -4.816   -2.981   -0.386    1.860   14.355    1.151   16.114    7.260
 195.90   21.717   22.048   22.184   -3.804   -2.452   -3.283   -3.804   -2.452    8.049   12.486    9.326   15.628    8.770
 196.00   22.269   22.833   23.141   -5.042   -3.764   -2.731   -5.042   -3.764   10.279   13.769   18.977   23.522   12.800
 196.10   20.583   21.151   21.179   -4.869   -1.071   -4.417   -4.869   -1.071    4.731   21.506    5.216   22.183   11.315
 196.20   20.430   20.874   20.948   -4.285   -1.756   -4.570   -4.285   -1.756    8.027   19.584    7.526   21.167   11.232
 196.30   21.409   21.732   21.918   -3.731   -2.855   -3.591   -3.731   -2.855   10.252   13.399   10.651   17.484    9.976
 196.40   21.284   21.465   21.500   -2.782   -1.232   -3.716   -2.782   -1.232    4.579   10.339    3.428   11.534    5.908
 196.50   20.545   20.734   20.840   -2.797   -2.095   -4.455   -2.797   -2.095    9.332   12.461    5.858   16.030    8.317
 196.60   20.915   21.012   21.063   -2.013   -1.463   -4.085   -2.013   -1.463    5.977    8.221    2.945   11.438    5.291
 196.70   20.852   20.893   20.943   -1.316   -1.447   -4.148   -1.316   -1.447    6.005    5.460    1.905   10.519    4.168
 196.80   19.820   19.980   20.028   -2.520   -1.398   -5.180   -2.520   -1.398    7.242   13.055    3.523   17.569    7.670
 196.90   21.414   21.587   21.656   -2.729   -1.723   -3.586   -2.729   -1.723    6.179    9.788    4.703   11.640    6.247
 197.00   23.643   23.911   24.058   -3.566   -2.656   -1.357   -3.566   -2.656    3.604    4.839    9.470   10.805    5.614
 197.10   23.876   24.280   24.537   -4.411   -3.542   -1.124   -4.411   -3.542    3.980    4.956   15.622   16.631    8.433
 197.20   23.921   24.091   24.246   -2.853   -2.742   -1.079   -2.853   -2.742    2.958    3.079    7.823    8.411    4.456
 197.30   23.491   23.558   23.716   -1.767   -2.736   -1.509   -1.767   -2.736    4.127    2.665    4.833    6.441    3.446
 197.40   23.186   23.209   23.240   -1.041   -1.200   -1.814   -1.041   -1.200    2.177    1.888    1.248    2.907    1.570
 197.50   22.664   22.664   22.687   -0.008   -1.024   -2.336   -0.008   -1.024    2.391    0.018    0.008    3.253    1.196
 197.60   22.864   22.889   22.929   -1.064   -1.361   -2.136   -1.064   -1.361    2.907    2.272    1.448    3.773    1.982
 197.70   23.048   23.084   23.100   -1.298   -0.849   -1.952   -1.298   -0.849    1.657    2.533    1.101    3.107    1.611
 197.80   22.725   22.868   22.868   -2.550    0.173   -2.275   -2.550    0.173   -0.394    5.803   -0.441    5.855    2.916
 197.90   22.510   22.684   22.691   -2.805    0.581   -2.490   -2.805    0.581   -1.447    6.987   -1.630    7.205    3.659
 198.00   23.379   23.425   23.450   -1.458    1.100   -1.621   -1.458    1.100   -1.783    2.363   -1.604    2.981    1.683
 198.10   22.625   22.627   22.825    0.244    3.000   -2.375    0.244    3.000   -7.125   -0.578    0.731    7.350    3.593
 198.20   22.600   22.626   22.731    1.097    2.175   -2.400    1.097    2.175   -5.220   -2.633    2.385    5.847    3.157
 198.30   22.590   22.613   22.640    1.028    1.105   -2.410    1.028    1.105   -2.663   -2.479    1.136    4.044    1.906
 198.40   24.537   24.556   24.563   -0.949    0.610   -0.463   -0.949    0.610   -0.282    0.439   -0.579    0.744    0.390
 198.50   24.860   24.863   24.864   -0.439   -0.201   -0.140   -0.439   -0.201    0.028    0.062    0.088    0.126    0.056
 198.60   23.564   23.564   23.565   -0.107   -0.154   -1.436   -0.107   -0.154    0.221    0.154    0.017    1.049    0.135
 198.70   24.284   24.296   24.298   -0.770   -0.241   -0.716   -0.770   -0.241    0.172    0.551    0.185    0.581    0.303
 198.80   24.024   24.024   24.024    0.195    0.026   -0.976    0.195    0.026   -0.025   -0.191    0.005    0.496    0.096
 198.90   26.624   26.644   26.772    1.016   -2.617    1.624    1.016   -2.617   -4.251    1.650   -2.658    5.260    2.639
 199.00   25.181   25.182   25.240   -0.102   -1.723    0.181   -0.102   -1.723   -0.313   -0.019    0.176    1.506    0.180
 199.10   25.326   25.329   25.419   -0.439   -2.137    0.326   -0.439   -2.137   -0.696   -0.143    0.937    2.432    0.588
 199.20   25.866   25.918   26.067   -1.636   -2.786    0.866   -1.636   -2.786   -2.413   -1.417    4.558    5.593    2.674
 199.30   25.506   25.625   25.628   -2.470    0.351    0.506   -2.470    0.351    0.178   -1.250   -0.867    3.240    0.766
 199.40   26.010   26.070   26.093   -1.766   -1.100    1.010   -1.766   -1.100   -1.111   -1.784    1.942    2.674    1.431
 199.50   25.994   26.010   26.055   -0.919   -1.528    0.994   -0.919   -1.528   -1.518   -0.913    1.404    2.084    1.131
 199.60   25.903   25.919   25.939   -0.887   -1.020    0.903   -0.887   -1.020   -0.921   -0.802    0.905    1.322    0.760
 199.70   26.644   26.683   26.685   -1.438   -0.311    1.644   -1.438   -0.311   -0.511   -2.365    0.447    2.434    1.230
 199.80   27.524   27.572   27.602   -1.627   -1.286    2.524   -1.627   -1.286   -3.246   -4.107    2.092    5.336    2.819
 199.90   26.457   26.459   26.497   -0.378   -1.401    1.457   -0.378   -1.401   -2.041   -0.551    0.530    2.115    1.090
 200.00   25.879   25.903   26.060   -1.115   -2.855    0.879   -1.115   -2.855   -2.510   -0.980    3.182    5.084    2.085
 200.10   25.480   25.574   25.792   -2.191   -3.347    0.480   -2.191   -3.347   -1.607   -1.052    7.334    8.117    3.791
 200.20   24.382   24.435   24.753   -1.607   -3.951   -0.618   -1.607   -3.951    2.440    0.993    6.349    9.286    3.437
 200.30   23.789   23.910   24.496   -2.404   -5.324   -1.211   -2.404   -5.324    6.446    2.911   12.796   17.792    7.310
 200.40   22.981   23.073   23.328   -2.063   -3.436   -2.019   -2.063   -3.436    6.937    4.165    7.087   10.068    5.378
 200.50   22.062   22.065   22.221   -0.351   -2.627   -2.938   -0.351   -2.627    7.720    1.032    0.923    7.830    3.921
 200.60   23.216   23.222   23.237    0.541   -0.830   -1.784    0.541   -0.830    1.482   -0.965   -0.449    2.083    0.912
 200.70   25.046   25.058   25.058   -0.751    0.015    0.046   -0.751    0.015    0.001   -0.035   -0.012    0.284    0.018
 200.80   23.987   24.001   24.001   -0.823   -0.061   -1.013   -0.823   -0.061    0.062    0.833    0.050    0.853    0.419
 200.90   22.734   22.770   22.858   -1.288   -2.007   -2.266   -1.288   -2.007    4.549    2.920    2.586    5.412    2.996
 201.00   22.602   22.602   22.714   -0.032   -2.257   -2.398   -0.032   -2.257    5.412    0.077    0.073    5.423    2.707
 201.10   24.760   24.761   24.815   -0.200   -1.639   -0.240   -0.200   -1.639    0.393    0.048    0.328    1.391    0.257
 201.20   23.458   23.490   23.490   -1.226    0.063   -1.542   -1.226    0.063   -0.098    1.891   -0.078    1.943    0.947
 201.30   23.427   23.600   23.645   -2.850    1.454   -1.573   -2.850    1.454   -2.287    4.482   -4.144    6.354    3.259
 201.40   21.928   22.065   22.066   -2.457    0.160   -3.072   -2.457    0.160   -0.492    7.548   -0.394    7.750    3.787
 201.50   22.709   23.092   23.167   -4.187   -1.871   -2.291   -4.187   -1.871    4.286    9.594    7.834   13.142    6.553
 201.60   21.731   22.110   22.191   -4.074   -1.896   -3.269   -4.074   -1.896    6.198   13.317    7.725   15.439    8.298
 201.70   22.438   22.650   22.675   -3.096   -1.069   -2.562   -3.096   -1.069    2.740    7.932    3.310    8.646    4.511
 201.80   23.730   23.904   23.913   -2.877   -0.664   -1.270   -2.877   -0.664    0.843    3.653    1.909    5.164    2.104
 201.90   24.385   24.636   24.651   -3.509   -0.860   -0.615   -3.509   -0.860    0.529    2.158    3.019    6.716    1.874
 202.00   24.159   24.511   24.630   -4.141   -2.418   -0.841   -4.141   -2.418    2.033    3.482   10.012   11.850    5.397
 202.10   24.437   25.196   25.426   -6.138   -3.411   -0.563   -6.138   -3.411    1.922    3.458   20.935   24.813   10.653
 202.20   23.646   24.260   24.340   -5.422   -1.970   -1.354   -5.422   -1.970    2.667    7.341   10.682   17.555    6.616
 202.30   23.538   23.793   24.007   -3.469   -3.199   -1.462   -3.469   -3.199    4.676    5.071   11.098   12.203    6.533
 202.40   23.199   23.340   23.439   -2.563   -2.154   -1.801   -2.563   -2.154    3.879    4.616    5.521    7.226    4.088
 202.50   22.807   22.822   22.827   -0.838    0.465   -2.193   -0.838    0.465   -1.019    1.837   -0.389    2.864    1.068
 202.60   23.256   23.256   23.259   -0.086   -0.388   -1.744   -0.086   -0.388    0.677    0.150    0.033    1.600    0.347
 202.70   23.897   24.087   24.090   -3.019   -0.390   -1.103   -3.019   -0.390    0.430    3.329    1.177    5.240    1.778
 202.80   24.042   24.305   24.305   -3.564   -0.082   -0.958   -3.564   -0.082    0.078    3.415    0.292    6.814    1.714
 202.90   23.790   24.260   24.277   -4.749    0.915   -1.210   -4.749    0.915   -1.107    5.745   -4.347   12.429    3.644
 203.00   24.184   24.333   24.338   -2.689   -0.478   -0.816   -2.689   -0.478    0.390    2.194    1.284    4.061    1.286
 203.10   22.907   23.019   23.023   -2.266   -0.426   -2.093   -2.266   -0.426    0.892    4.742    0.966    4.848    2.461
 203.20   22.930   22.998   23.003   -1.773   -0.474   -2.070   -1.773   -0.474    0.982    3.671    0.841    3.827    1.946
 203.30   21.960   21.966   22.013   -0.514   -1.435   -3.040   -0.514   -1.435    4.363    1.563    0.738    5.784    2.346
 203.40   21.264   21.268   21.294   -0.410   -1.054   -3.736   -0.410   -1.054    3.939    1.533    0.433    7.619    2.125
 203.50   21.726   21.733   21.736    0.541   -0.351   -3.274    0.541   -0.351    1.150   -1.772   -0.190    5.568    1.061
 203.60   22.290   22.354   22.388    1.679   -1.236   -2.710    1.679   -1.236    3.349   -4.548   -2.075    5.844    3.009
 203.70   24.009   24.029   24.030    0.990   -0.272   -0.991    0.990   -0.272    0.269   -0.981   -0.269    1.018    0.526
 203.80   23.368   23.396   23.399    1.137    0.376   -1.632    1.137    0.376   -0.614   -1.856    0.428    2.049    1.000
 203.90   22.186   22.309   22.348    2.342    1.322   -2.814    2.342    1.322   -3.722   -6.590    3.096    7.576    4.089
 204.00   23.698   23.743   23.745    1.460    0.307   -1.302    1.460    0.307   -0.400   -1.901    0.448    1.960    0.997
 204.10   24.399   24.645   24.698    3.469    1.622   -0.601    3.469    1.622   -0.974   -2.083    5.628    7.513    3.040
 204.20   24.319   24.497   24.596    2.952    2.204   -0.681    2.952    2.204   -1.502   -2.011    6.505    7.016    3.486
 204.30   24.856   24.965   24.989    2.332    1.079   -0.144    2.332    1.079   -0.155   -0.335    2.516    3.312    1.272
 204.40   25.466   25.552   25.571    2.091    1.006    0.466    2.091    1.006    0.468    0.974    2.102    2.800    1.182
 204.50   26.366   26.433   26.434    1.878    0.296    1.366    1.878    0.296    0.405    2.565    0.557    2.741    1.328
 204.60   26.086   26.133   26.244    1.570    2.409    1.086    1.570    2.409    2.616    1.705    3.783    4.725    2.453
 204.70   25.474   25.539   25.687    1.831    2.748    0.474    1.831    2.748    1.301    0.867    5.032    5.564    2.635
 204.80   24.947   25.142   25.345    3.122    3.198   -0.053    3.122    3.198   -0.168   -0.164    9.983    9.988    4.993
 204.90   25.111   25.208   25.373    2.209    2.884    0.111    2.209    2.884    0.321    0.246    6.370    6.604    3.191
 205.00   27.033   27.055   27.147    1.079    2.232    2.033    1.079    2.232    4.539    2.194    2.409    5.141    2.794
 205.10   24.463   24.469   24.735   -0.524    3.617   -0.537   -0.524    3.617   -1.941    0.281   -1.896    6.823    1.364
 205.20   25.048   25.057   25.199   -0.671    2.671    0.048   -0.671    2.671    0.129   -0.032   -1.792    3.793    0.899
 205.30   25.080   25.081   25.166   -0.184    2.068    0.080   -0.184    2.068    0.165   -0.015   -0.380    2.159    0.207
 205.40   26.404   26.438   26.440   -1.338    0.349    1.404   -1.338    0.349    0.489   -1.879   -0.467    1.942    0.999
 205.50   27.493   27.510   27.582   -0.955   -1.994    2.493   -0.955   -1.994   -4.971   -2.381    1.904    5.552    2.916
 205.60   26.331   26.372   26.425   -1.474   -1.671    1.331   -1.474   -1.671   -2.224   -1.962    2.463    3.369    1.928
 205.70   26.912   26.934   26.970   -1.082   -1.398    1.912   -1.082   -1.398   -2.673   -2.069    1.513    3.391    1.852
 205.80   25.843   25.899   25.943   -1.698   -1.511    0.843   -1.698   -1.511   -1.274   -1.432    2.566    2.939    1.601
 205.90   26.453   26.462   26.462   -0.674    0.123    1.453   -0.674    0.123    0.179   -0.980   -0.083    1.291    0.500
 206.00   24.538   24.581   24.631   -1.448   -1.581   -0.462   -1.448   -1.581    0.730    0.669    2.289    2.404    1.247
 206.10   25.654   25.657   25.760   -0.407   -2.294    0.654   -0.407   -2.294   -1.500   -0.266    0.933    2.927    0.893
 206.20   25.530   25.558   25.597    1.198   -1.410    0.530    1.198   -1.410   -0.747    0.635   -1.688    1.851    0.976
 206.30   24.888   24.906   24.929   -0.947   -1.054   -0.112   -0.947   -1.054    0.118    0.106    0.999    1.011    0.506
 206.40   26.501   26.533   26.568    1.290   -1.375    1.501    1.290   -1.375   -2.064    1.937   -1.774    2.904    1.670
 206.50   27.853   27.906   27.922    1.715   -0.934    2.853    1.715   -0.934   -2.665    4.894   -1.602    5.978    2.899
 206.60   28.071   28.080   28.081    0.720   -0.206    3.071    0.720   -0.206   -0.631    2.211   -0.148    4.995    1.152
 206.70   28.416   28.416   28.466    0.058   -1.688    3.416    0.058   -1.688   -5.766    0.198   -0.098    7.260    2.885
 206.80   26.061   26.162   26.176   -2.301   -0.845    1.061   -2.301   -0.845   -0.896   -2.440    1.944    3.566    1.623
 206.90   26.118   26.140   26.144   -1.073   -0.461    1.118   -1.073   -0.461   -0.516   -1.199    0.495    1.307    0.698
 207.00   26.814   26.827   26.854   -0.819    1.213    1.814   -0.819    1.213    2.201   -1.485   -0.993    2.717    1.417
 207.10   25.979   25.983   25.989   -0.411    0.558    0.979   -0.411    0.558    0.546   -0.402   -0.229    0.720    0.358
 207.20   25.980   26.005   26.006    1.153    0.156    0.980    1.153    0.156    0.152    1.130    0.179    1.157    0.577
 207.30   24.180   24.181   24.194    0.177   -0.801   -0.820    0.177   -0.801    0.657   -0.145   -0.142    0.672    0.344
 207.40   23.785   23.786   23.818    0.245   -1.235   -1.215    0.245   -1.235    1.501   -0.297   -0.302    1.531    0.780
 207.50   24.287   24.305   24.305    0.928    0.068   -0.713    0.928    0.068   -0.048   -0.661    0.063    0.687    0.333
 207.60   23.877   23.879   23.879   -0.257    0.022   -1.123   -0.257    0.022   -0.024    0.288   -0.006    0.664    0.145
 207.70   23.407   23.495   23.616   -2.028    2.385   -1.593   -2.028    2.385   -3.798    3.230   -4.836    6.168    3.473
 207.80   22.569   22.930   23.028   -4.051    2.127   -2.431   -4.051    2.127   -5.171    9.847   -8.618   13.422    7.035
 207.90   22.666   23.031   23.091   -4.085    1.665   -2.334   -4.085    1.665   -3.886    9.536   -6.800   12.453    6.170
 208.00   21.842   21.865   21.872   -1.007    0.541   -3.158   -1.007    0.541   -1.707    3.180   -0.544    5.640    1.825
 208.10   22.088   22.112   22.114   -1.020    0.292   -2.912   -1.020    0.292   -0.849    2.972   -0.298    4.803    1.552
 208.20   22.933   22.934   22.967    0.240    1.217   -2.067    0.240    1.217   -2.516   -0.497    0.293    2.906    1.291
 208.30   22.549   22.569   22.598   -0.940    1.140   -2.451   -0.940    1.140   -2.793    2.304   -1.071    4.094    1.888
 208.40   23.916   23.919   23.954   -0.383    1.304   -1.084   -0.383    1.304   -1.414    0.415   -0.499    1.511    0.778
 208.50   23.016   23.049   23.159   -1.232    2.247   -1.984   -1.232    2.247   -4.457    2.445   -2.769    5.251    2.894
 208.60   22.767   22.786   22.933   -0.932    2.591   -2.233   -0.932    2.591   -5.786    2.081   -2.415    6.284    3.303
 208.70   23.976   24.071   24.165   -2.137    2.132   -1.024   -2.137    2.132   -2.184    2.190   -4.556    5.081    2.753
 208.80   23.998   24.163   24.235   -2.824    1.868   -1.002   -2.824    1.868   -1.873    2.831   -5.277    6.236    3.137
 208.90   23.113   23.652   23.758   -5.018    2.244   -1.887   -5.018    2.244   -4.233    9.468  -11.259   16.888    7.654
 209.00   23.336   23.981   24.031   -5.525    1.543   -1.664   -5.525    1.543   -2.567    9.192   -8.525   17.838    6.399
 209.10   23.695   24.497   24.536   -6.217    1.370   -1.305   -6.217    1.370   -1.788    8.110   -8.519   21.114    5.949
 209.20   24.828   25.674   25.800   -6.539    2.544   -0.172   -6.539    2.544   -0.438    1.127  -16.639   24.634    8.341
 209.30   24.582   25.173   25.365   -5.424    3.114   -0.418   -5.424    3.114   -1.302    2.268  -16.893   19.648    8.547
 209.40   23.742   24.275   24.417   -5.059    2.630   -1.258   -5.059    2.630   -3.309    6.365  -13.308   17.049    7.559
 209.50   22.563   23.119   23.228   -5.040    2.248   -2.437   -5.040    2.248   -5.477   12.279  -11.329   18.194    8.791
 209.60   22.179   22.626   22.807   -4.474    2.873   -2.821   -4.474    2.873   -8.103   12.620  -12.850   18.111    9.875
 209.70   22.351   22.859   23.030   -4.791    2.803   -2.649   -4.791    2.803   -7.425   12.692  -13.431   18.916    9.958
 209.80   22.666   23.059   23.452   -4.236    4.276   -2.334   -4.236    4.276   -9.979    9.884  -18.111   20.835   11.460
 209.90   22.678   23.102   23.362   -4.403    3.474   -2.322   -4.403    3.474   -8.066   10.223  -15.298   18.425   10.045
 210.00   22.624   23.247   23.247   -5.346    0.182   -2.376   -5.346    0.182   -0.432   12.702   -0.972   17.128    6.373
 210.10   22.479   23.492   23.492   -6.824   -0.037   -2.521   -6.824   -0.037    0.093   17.207    0.252   26.466    8.604
 210.20   21.415   21.759   21.772   -3.854    0.756   -3.585   -3.854    0.756   -2.709   13.817   -2.913   14.139    7.189
 210.30   21.063   21.210   21.321   -2.486    2.180   -3.937   -2.486    2.180   -8.580    9.785   -5.418   13.213    7.049
 210.40   19.980   20.058   20.180   -1.761    2.217   -5.020   -1.761    2.217  -11.129    8.839   -3.903   16.607    7.369
 210.50   21.754   21.811   22.020   -1.576    3.032   -3.246   -1.576    3.032   -9.842    5.118   -4.779   11.107    6.039
 210.60   22.562   22.569   22.850   -0.575    3.571   -2.438   -0.575    3.571   -8.708    1.402   -2.053    9.515    4.528
 210.70   21.289   21.317   22.019   -1.104    5.513   -3.711   -1.104    5.513  -20.459    4.097   -6.086   22.690   10.867
 210.80   20.658   20.672   21.218   -0.746    4.784   -4.342   -0.746    4.784  -20.773    3.240   -3.570   21.149   10.663
 210.90   21.304   21.307   21.654   -0.309    3.861   -3.696   -0.309    3.861  -14.267    1.143   -1.194   14.329    7.181
 211.00   21.261   21.289   21.761   -1.085    4.509   -3.739   -1.085    4.509  -16.857    4.054   -4.890   17.742    9.007
 211.10   20.701   20.704   21.147   -0.365    4.306   -4.299   -0.365    4.306  -18.511    1.568   -1.571   18.578    9.322
 211.20   21.880   21.880   22.082   -0.052    2.983   -3.120   -0.052    2.983   -9.307    0.162   -0.155    9.318    4.655
 211.30   21.539   21.570   21.714    1.151    2.492   -3.461    1.151    2.492   -8.623   -3.984    2.869    9.755    4.961
 211.40   21.449   21.487   21.558    1.266    1.753   -3.551    1.266    1.753   -6.225   -4.494    2.219    8.641    3.996
 211.50   22.303   22.469   22.480    2.723    0.698   -2.697    2.723    0.698   -1.883   -7.345    1.901    7.589    3.908
 211.60   24.787   24.825   24.828    1.366   -0.423   -0.213    1.366   -0.423    0.090   -0.291   -0.579    1.046    0.327
 211.70   24.652   24.655   24.655    0.380    0.045   -0.348    0.380    0.045   -0.016   -0.132    0.017    0.134    0.067
 211.80   23.975   24.124   24.129    2.674   -0.484   -1.025    2.674   -0.484    0.496   -2.740   -1.293    4.216    1.535
 211.90   25.292   25.406   25.453    2.404   -1.542    0.292    2.404   -1.542   -0.451    0.702   -3.707    4.121    1.900
 212.00   23.320   23.366   23.366    1.464   -0.056   -1.680    1.464   -0.056    0.094   -2.460   -0.082    2.485    1.232
 212.10   22.637   22.648   22.648    0.713    0.066   -2.363    0.713    0.066   -0.155   -1.685    0.047    3.049    0.847
 212.20   22.599   22.599   22.599   -0.014    0.103   -2.401   -0.014    0.103   -0.248    0.034   -0.001    2.888    0.125
 212.30   22.952   22.981   22.988   -1.150    0.574   -2.048   -1.150    0.574   -1.176    2.355   -0.661    2.923    1.357
 212.40   23.352   23.418   23.423   -1.760   -0.481   -1.648   -1.760   -0.481    0.793    2.900    0.846    3.022    1.561
 212.50   22.560   22.646   22.646   -1.963    0.106   -2.440   -1.963    0.106   -0.258    4.788   -0.208    4.908    2.400
 212.60   23.225   23.245   23.278    0.968    1.225   -1.775    0.968    1.225   -2.175   -1.718    1.186    2.794    1.507
 212.70   25.118   25.132   25.164    0.856    1.276    0.118    0.856    1.276    0.150    0.101    1.092    1.187    0.553
 212.80   26.089   26.273   26.355    3.103    2.077    1.089    3.103    2.077    2.263    3.380    6.445    7.564    3.811
 212.90   25.165   25.303   25.327    2.645    1.093    0.165    2.645    1.093    0.180    0.436    2.892    4.110    1.465
 213.00   23.745   24.038   24.046    3.742    0.645   -1.255    3.742    0.645   -0.810   -4.698    2.414    7.997    2.672
 213.10   23.840   24.255   24.284    4.465    1.185   -1.160    4.465    1.185   -1.374   -5.178    5.292   11.344    3.765
 213.20   23.546   23.798   23.920    3.457    2.405   -1.454    3.457    2.405   -3.497   -5.027    8.315    9.926    5.163
 213.30   23.105   23.331   23.363    3.241    1.217   -1.895    3.241    1.217   -2.307   -6.142    3.946    7.790    3.828
 213.40   22.923   23.157   23.160    3.281    0.408   -2.077    3.281    0.408   -0.847   -6.814    1.338    7.621    3.498
 213.50   23.053   23.125   23.125    1.822   -0.062   -1.947    1.822   -0.062    0.121   -3.548   -0.114    3.557    1.776
 213.60   24.644   24.659   24.660    0.860    0.265   -0.356    0.860    0.265   -0.095   -0.306    0.228    0.468    0.197
 213.70   24.747   24.750   24.758    0.382   -0.616   -0.253    0.382   -0.616    0.156   -0.097   -0.235    0.294    0.149
 213.80   24.192   24.225   24.239    1.255   -0.840   -0.808    1.255   -0.840    0.678   -1.014   -1.054    1.467    0.806
 213.90   24.092   24.096   24.172    0.445    1.909   -0.908    0.445    1.909   -1.733   -0.404    0.850    2.334    0.986
 214.00   24.412   24.426   24.736    0.821    3.901   -0.588    0.821    3.901   -2.292   -0.483    3.204    8.119    1.984
 214.10   24.950   24.951   25.132    0.128    3.018   -0.050    0.128    3.018   -0.150   -0.006    0.387    4.563    0.208
 214.20   26.074   26.273   26.284    3.230    0.764    1.074    3.230    0.764    0.820    3.467    2.467    6.083    2.167
 214.30   24.998   25.227   25.234    3.391    0.569   -0.002    3.391    0.569   -0.001   -0.006    1.931    5.911    0.966
 214.40   25.472   25.734   25.772    3.661    1.393    0.472    3.661    1.393    0.658    1.729    5.101    7.783    2.713
 214.50   27.058   27.326   27.326    3.819    0.029    2.058    3.819    0.029    0.059    7.861    0.109    9.412    3.931
 214.60   25.698   25.923   25.943    3.408    1.007    0.698    3.408    1.007    0.703    2.380    3.432    6.559    2.118
 214.70   24.727   24.855   24.890    2.517    1.315   -0.273    2.517    1.315   -0.359   -0.686    3.310    4.070    1.700
 214.80   25.198   25.693   25.746    5.019    1.638    0.198    5.019    1.638    0.325    0.996    8.221   13.956    4.144
 214.90   24.900   25.489   25.498    5.451    0.653   -0.100    5.451    0.653   -0.065   -0.546    3.561   15.073    1.802
 215.00   25.724   26.159   26.181    4.752    1.081    0.724    4.752    1.081    0.783    3.440    5.137   12.138    3.116
 215.10   26.248   26.566   26.628    4.096    1.811    1.248    4.096    1.811    2.260    5.114    7.417   10.809    4.644
 215.20   26.659   26.975   27.101    4.113    2.610    1.659    4.113    2.610    4.330    6.824   10.733   13.239    6.718
 215.30   27.424   27.739   27.796    4.170    1.778    2.424    4.170    1.778    4.309   10.108    7.413   13.213    6.627
 215.40   27.080   27.334   27.418    3.716    2.152    2.080    3.716    2.152    4.475    7.728    7.995   11.381    5.993
 215.50   27.643   28.133   28.285    5.232    2.928    2.643    5.232    2.928    7.738   13.825   15.320   21.464   11.020
 215.60   27.554   27.925   28.032    4.541    2.445    2.554    4.541    2.445    6.243   11.595   11.102   16.559    8.612
 215.70   28.083   28.485   28.656    4.767    3.128    3.083    4.767    3.128    9.643   14.697   14.909   21.006   11.525
 215.80   28.785   29.213   29.497    4.987    4.083    3.785    4.987    4.083   15.454   18.875   20.364   27.934   15.888
 215.90   26.805   27.219   27.419    4.729    3.303    1.805    4.729    3.303    5.963    8.538   15.622   18.268    9.388
 216.00   26.488   26.780   26.923    3.947    2.770    1.488    3.947    2.770    4.121    5.872   10.932   12.731    6.538
 216.10   26.706   26.947   26.955    3.596    0.626    1.706    3.596    0.626    1.069    6.136    2.252    8.116    3.311
 216.20   25.243   25.473   25.473    3.409   -0.023    0.243    3.409   -0.023   -0.005    0.830   -0.077    5.842    0.417
 216.30   25.920   26.197   26.209    3.805   -0.777    0.920    3.805   -0.777   -0.715    3.499   -2.956    7.963    2.318
 216.40   26.328   26.825   26.857    5.141   -1.310    1.328    5.141   -1.310   -1.740    6.827   -6.735   14.954    4.873
 216.50   27.962   28.282   28.283    4.241   -0.154    2.962    4.241   -0.154   -0.457   12.565   -0.655   13.395    6.295
 216.60   27.988   28.289   28.296    4.115   -0.642    2.988    4.115   -0.642   -1.919   12.296   -2.643   13.138    6.361
 216.70   27.567   27.666   27.755    2.347   -2.219    2.567    2.347   -2.219   -5.694    6.023   -5.206    8.508    4.894
 216.80   26.840   26.915   26.955    2.005   -1.468    1.840    2.005   -1.468   -2.702    3.689   -2.944    4.781    2.719
 216.90   27.640   27.846   27.996    3.384   -2.891    2.640    3.384   -2.891   -7.631    8.933   -9.781   13.387    7.643
 217.00   27.744   28.007   28.239    3.827   -3.612    2.744    3.827   -3.612   -9.912   10.501  -13.822   17.610    9.994
 217.10   28.198   28.416   28.593    3.510   -3.176    3.198    3.510   -3.176  -10.157   11.226  -11.146   16.317    9.400
 217.20   26.787   27.116   27.461    4.208   -4.337    1.787    4.208   -4.337   -7.752    7.522  -18.250   19.856   10.603
 217.30   26.434   26.737   26.939    4.012   -3.290    1.434    4.012   -3.290   -4.719    5.754  -13.199   14.488    7.576
 217.40   25.590   25.755   25.828    2.911   -1.939    0.590    2.911   -1.939   -1.144    1.718   -5.645    6.291    3.005
 217.50   25.801   25.937   25.971    2.652   -1.317    0.801    2.652   -1.317   -1.056    2.125   -3.493    4.704    2.111
 217.60   27.052   27.583   27.639    5.384   -1.762    2.052    5.384   -1.762   -3.616   11.048   -9.488   18.151    7.503
 217.70   24.946   25.557   25.690    5.554   -2.615   -0.054    5.554   -2.615    0.142   -0.301  -14.520   18.840    7.262
 217.80   24.522   24.983   25.217    4.778   -3.431   -0.478    4.778   -3.431    1.641   -2.285  -16.393   17.415    8.317
 217.90   24.822   25.246   25.434    4.610   -3.086   -0.178    4.610   -3.086    0.551   -0.823  -14.225   15.402    7.130
 218.00   27.510   27.764   27.970    3.751   -3.390    2.510    3.751   -3.390   -8.508    9.412  -12.716   15.930    8.982
 218.10   27.927   28.192   28.301    3.858   -2.476    2.927    3.858   -2.476   -7.246   11.294   -9.552   14.792    8.236
 218.20   26.345   26.570   26.600    3.445   -1.271    1.345    3.445   -1.271   -1.710    4.634   -4.378    7.645    3.300
 218.30   24.199   24.312   24.326    2.341   -0.818   -0.801    2.341   -0.818    0.656   -1.875   -1.915    3.395    1.380
 218.40   25.147   25.299   25.329    2.770   -1.247    0.147    2.770   -1.247   -0.183    0.406   -3.454    4.624    1.741
 218.50   26.074   26.327   26.437    3.641   -2.411    1.074    3.641   -2.411   -2.589    3.909   -8.780   10.113    4.977
 218.60   26.016   26.305   26.431    3.890   -2.574    1.016    3.890   -2.574   -2.614    3.951  -10.012   11.394    5.538
 218.70   25.284   25.544   25.567    3.638   -1.065    0.284    3.638   -1.065   -0.302    1.033   -3.874    7.225    2.011
 218.80   24.954   25.093   25.305    2.635   -3.267   -0.046    2.635   -3.267    0.150   -0.121   -8.610    8.811    4.306
 218.90   23.646   23.710   23.919    1.743   -3.156   -1.354    1.743   -3.156    4.273   -2.360   -5.500    7.415    3.677
 219.00   23.363   23.449   23.544    2.009   -2.103   -1.637    2.009   -2.103    3.443   -3.289   -4.226    5.570    3.183
 219.10   25.687   25.792   25.807    2.327   -0.861    0.687    2.327   -0.861   -0.592    1.599   -2.004    3.315    1.316
 219.20   24.542   24.558   24.578    0.894   -0.992   -0.458    0.894   -0.992    0.455   -0.409   -0.887    0.997    0.539
 219.30   24.424   24.521   24.529    2.174   -0.642   -0.576    2.174   -0.642    0.370   -1.251   -1.395    2.734    0.955
 219.40   23.994   24.152   24.153    2.758   -0.150   -1.006    2.758   -0.150    0.151   -2.773   -0.415    4.319    1.404
 219.50   24.898   25.357   25.357    4.798   -0.090   -0.102    4.798   -0.090    0.009   -0.487   -0.432   11.521    0.326
 219.60   24.847   25.296   25.366    4.747   -1.887   -0.153    4.747   -1.887    0.289   -0.728   -8.960   13.061    4.497
 219.70   24.447   25.003   25.061    5.245   -1.707   -0.553    5.245   -1.707    0.944   -2.901   -8.953   15.364    4.729
 219.80   26.208   26.712   26.811    5.161   -2.305    1.208    5.161   -2.305   -2.785    6.236  -11.893   16.703    6.857
 219.90   26.427   26.782   26.797    4.346   -0.883    1.427    4.346   -0.883   -1.260    6.204   -3.836   10.852    3.701
 220.00   25.391   26.015   26.125    5.667   -2.393    0.391    5.667   -2.393   -0.935    2.214  -13.561   18.999    6.886
 220.10   23.839   24.825   24.924    6.925   -2.221   -1.161    6.925   -2.221    2.578   -8.039  -15.379   27.120    8.772
 220.20   23.482   24.283   24.290    6.187   -0.560   -1.518    6.187   -0.560    0.850   -9.391   -3.465   20.448    5.023
 220.30   24.030   25.013   25.013    6.942   -0.189   -0.970    6.942   -0.189    0.183   -6.735   -1.309   24.587    3.432
 220.40   23.155   24.043   24.044    6.473    0.227   -1.845    6.473    0.227   -0.418  -11.943    1.468   22.680    6.020
 220.50   23.765   24.501   24.507    5.958    0.546   -1.235    5.958    0.546   -0.674   -7.356    3.252   18.660    4.036
 220.60   25.182   25.600   25.685    4.609    2.081    0.182    4.609    2.081    0.379    0.838    9.592   12.803    4.818
 220.70   25.169   25.416   25.463    3.530    1.547    0.169    3.530    1.547    0.262    0.598    5.462    7.443    2.751
 220.80   26.296   26.308   26.325    0.799    0.942    1.296    0.799    0.942    1.221    1.035    0.752    1.603    0.885
 220.90   24.945   24.992   25.025    1.529    1.290   -0.055    1.529    1.290   -0.071   -0.084    1.973    2.003    0.988
 221.00   23.927   24.137   24.154    3.176   -0.911   -1.073    3.176   -0.911    0.978   -3.408   -2.895    6.036    2.289
 221.10   23.389   23.467   23.528    1.905    1.692   -1.611    1.905    1.692   -2.725   -3.068    3.222    4.542    2.609
 221.20   23.859   23.978   24.081    2.389    2.227   -1.141    2.389    2.227   -2.541   -2.727    5.320    5.985    3.248
 221.30   22.635   22.692   22.728    1.599    1.278   -2.365    1.599    1.278   -3.022   -3.782    2.044    4.891    2.627
 221.40   22.484   22.492   22.515    0.593   -1.018   -2.516    0.593   -1.018    2.561   -1.491   -0.603    3.858    1.512
 221.50   21.014   21.014   21.015    0.102    0.240   -3.986    0.102    0.240   -0.957   -0.407    0.024    7.979    0.520
 221.60   20.365   20.387   20.387   -0.949   -0.011   -4.635   -0.949   -0.011    0.052    4.400    0.011   11.191    2.200
 221.70   20.181   20.208   20.212   -1.054    0.391   -4.819   -1.054    0.391   -1.885    5.079   -0.412   12.245    2.717
 221.80   20.433   20.585   20.600   -2.494    0.775   -4.567   -2.494    0.775   -3.539   11.389   -1.932   13.837    6.041
 221.90   21.404   21.406   21.439    0.240   -1.195   -3.596    0.240   -1.195    4.298   -0.864   -0.287    7.208    2.197
 222.00   22.012   22.012   22.031   -0.151   -0.901   -2.988   -0.151   -0.901    2.693    0.450    0.136    4.883    1.367
 222.10   22.227   22.320   22.415   -2.040   -2.059   -2.773   -2.040   -2.059    5.711    5.657    4.200    8.046    4.535
 222.20   21.899   21.908   21.913   -0.612   -0.501   -3.101   -0.612   -0.501    1.554    1.899    0.307    5.121    1.237
 222.30   20.870   20.905   20.919   -1.213    0.769   -4.130   -1.213    0.769   -3.177    5.010   -0.933    9.560    3.003
 222.40   20.770   20.789   20.790   -0.882   -0.197   -4.230   -0.882   -0.197    0.834    3.728    0.174    9.353    1.912
 222.50   21.854   21.884   21.918   -1.143   -1.231   -3.146   -1.143   -1.231    3.873    3.596    1.407    6.360    2.735
 222.60   21.877   21.890   21.908   -0.776   -0.878   -3.123   -0.776   -0.878    2.741    2.423    0.681    5.564    1.861
 222.70   21.095   21.096   21.173   -0.057   -1.805   -3.905   -0.057   -1.805    7.048    0.223    0.103    9.254    3.526
 222.80   21.337   21.357   21.360   -0.913   -0.387   -3.663   -0.913   -0.387    1.416    3.345    0.353    7.200    1.825
 222.90   22.014   22.033   22.042   -0.925   -0.629   -2.986   -0.925   -0.629    1.877    2.762    0.581    5.084    1.695
 223.00   25.067   25.075   25.108   -0.623   -1.291    0.067   -0.623   -1.291   -0.087   -0.042    0.804    1.029    0.405
 223.10   24.712   24.717   24.836    0.520   -2.424   -0.288    0.520   -2.424    0.699   -0.150   -1.260    3.115    0.724
 223.20   23.351   23.368   23.384    0.893   -0.863   -1.649    0.893   -0.863    1.424   -1.473   -0.771    2.131    1.095
 223.30   21.048   21.075   21.156   -1.067   -1.849   -3.952   -1.067   -1.849    7.306    4.215    1.972   10.087    4.331
 223.40   22.587   22.588   22.721   -0.128   -2.460   -2.413   -0.128   -2.460    5.935    0.310    0.316    5.945    2.976
 223.50   23.055   23.062   23.074    0.568   -0.748   -1.945    0.568   -0.748    1.455   -1.105   -0.425    2.333    0.938
 223.60   23.237   23.237   23.283    0.089   -1.465   -1.763    0.089   -1.465    2.583   -0.158   -0.131    2.632    1.296
 223.70   23.951   24.072   24.107   -2.407   -1.288   -1.049   -2.407   -1.288    1.351    2.525    3.102    4.278    2.111
 223.80   23.346   23.382   23.409   -1.300   -1.125   -1.654   -1.300   -1.125    1.862    2.151    1.463    2.847    1.599
 223.90   24.531   24.533   24.582   -0.315   -1.551   -0.469   -0.315   -1.551    0.727    0.148    0.488    1.362    0.444
 224.00   23.813   23.843   23.889   -1.188   -1.481   -1.187   -1.188   -1.481    1.758    1.410    1.760    2.507    1.430
 224.10   25.172   25.240   25.241   -1.844    0.276    0.172   -1.844    0.276    0.048   -0.318   -0.510    1.753    0.301
 224.20   24.853   24.901   24.913   -1.546   -0.777   -0.147   -1.546   -0.777    0.114    0.228    1.201    1.508    0.614
 224.30   24.247   24.251   24.251    0.451   -0.120   -0.753    0.451   -0.120    0.090   -0.339   -0.054    0.392    0.178
 224.40   23.301   23.306   23.364    0.492   -1.648   -1.699    0.492   -1.648    2.799   -0.835   -0.810    2.922    1.516
 224.50   22.108   22.115   22.271    0.541   -2.635   -2.892    0.541   -2.635    7.619   -1.563   -1.424    7.798    3.954
 224.60   21.866   21.880   21.984    0.777   -2.137   -3.134    0.777   -2.137    6.695   -2.434   -1.660    7.494    3.658
 224.70   20.432   20.443   20.443    0.675   -0.013   -4.568    0.675   -0.013    0.059   -3.082   -0.009   10.663    1.541
 224.80   19.250   19.369   19.454    2.142    1.814   -5.750    2.142    1.814  -10.428  -12.316    3.885   20.468    8.299
 224.90   18.824   19.214   19.240    3.851    0.997   -6.176    3.851    0.997   -6.156  -23.783    3.839   26.981   12.432
 225.00   19.558   19.650   19.650    1.904   -0.032   -5.442    1.904   -0.032    0.172  -10.362   -0.060   16.622    5.182
 225.10   20.135   20.275   20.275    2.373   -0.127   -4.865    2.373   -0.127    0.616  -11.545   -0.300   14.657    5.782
 225.20   20.036   20.113   20.125    1.760   -0.693   -4.964    1.760   -0.693    3.441   -8.739   -1.220   14.110    4.735
 225.30   18.192   18.276   18.282    1.744   -0.484   -6.808    1.744   -0.484    3.294  -11.872   -0.844   24.809    6.175
 225.40   19.687   19.687   19.701    0.053    0.744   -5.313    0.053    0.744   -3.954   -0.284    0.040   14.393    1.982
 225.50   22.302   22.329   22.330    1.097    0.072   -2.698    1.097    0.072   -0.194   -2.960    0.079    4.243    1.484
 225.60   22.195   22.208   22.215   -0.757   -0.545   -2.805   -0.757   -0.545    1.528    2.124    0.412    4.369    1.324
 225.70   22.738   22.778   22.814   -1.349   -1.275   -2.262   -1.349   -1.275    2.883    3.051    1.720    4.280    2.268
 225.80   22.995   23.083   23.144   -2.009   -1.684   -2.005   -2.009   -1.684    3.377    4.028    3.384    5.447    3.126
 225.90   21.933   22.059   22.083   -2.352   -1.031   -3.067   -2.352   -1.031    3.163    7.213    2.426    8.001    4.121
 226.00   22.800   23.090   23.094   -3.647   -0.425   -2.200   -3.647   -0.425    0.935    8.023    1.551    9.161    4.113
 226.10   22.579   22.819   22.834   -3.298   -0.840   -2.421   -3.298   -0.840    2.033    7.984    2.770    8.721    4.346
 226.20   24.805   24.992   24.996   -3.045   -0.470   -0.195   -3.045   -0.470    0.091    0.592    1.430    4.765    0.775
 226.30   24.927   24.936   24.960   -0.677   -1.092   -0.073   -0.677   -1.092    0.079    0.049    0.740    0.829    0.373
 226.40   25.233   25.234   25.235   -0.218   -0.209    0.233   -0.218   -0.209   -0.049   -0.051    0.046    0.073    0.042
 226.50   26.131   26.134   26.171    0.452   -1.386    1.131    0.452   -1.386   -1.567    0.511   -0.627    1.702    0.882
 226.60   26.064   26.068   26.118    0.466   -1.601    1.064    0.466   -1.601   -1.704    0.496   -0.746    1.957    0.963
 226.70   24.257   24.291   24.601    1.286   -3.891   -0.743    1.286   -3.891    2.890   -0.955   -5.003    8.671    2.928
 226.80   24.249   24.376   24.743    2.486   -4.247   -0.751    2.486   -4.247    3.191   -1.868  -10.558   12.392    5.593
 226.90   24.080   24.240   24.408    2.777   -2.864   -0.920    2.777   -2.864    2.635   -2.554   -7.954    8.381    4.380
 227.00   23.469   23.667   23.888    3.055   -3.245   -1.531    3.055   -3.245    4.969   -4.677   -9.915   11.105    6.018
 227.10   23.149   23.229   23.333    1.925   -2.200   -1.851    1.925   -2.200    4.073   -3.563   -4.235    5.986    3.436
 227.20   23.773   23.785   23.937   -0.727   -2.695   -1.227   -0.727   -2.695    3.306    0.892    1.960    4.649    1.973
 227.30   23.554   23.559   23.567    0.514   -0.611   -1.446    0.514   -0.611    0.884   -0.743   -0.314    1.365    0.598
 227.40   24.111   24.137   24.187    1.114   -1.547   -0.889    1.114   -1.547    1.375   -0.990   -1.723    2.212    1.208
 227.50   24.997   25.094   25.112   -2.205   -0.951   -0.003   -2.205   -0.951    0.003    0.007    2.097    2.883    1.049
 227.60   25.646   25.718   25.721   -1.931    0.334    0.646   -1.931    0.334    0.216   -1.247   -0.645    2.129    0.710
 227.70   24.968   25.231   25.236   -3.636    0.463   -0.032   -3.636    0.463   -0.015    0.116   -1.683    6.717    0.844
 227.80   24.830   25.289   25.302   -4.794    0.825   -0.170   -4.794    0.825   -0.140    0.813   -3.957   11.845    2.021
 227.90   26.910   27.304   27.305   -4.622   -0.270    1.910   -4.622   -0.270   -0.515   -8.826    1.246   12.540    4.464
 228.00   27.602   28.276   28.286   -6.138    0.724    2.602   -6.138    0.724    1.883  -15.973   -4.441   22.485    8.343
 228.10   26.801   27.633   27.683   -6.730    1.657    1.801   -6.730    1.657    2.985  -12.123  -11.151   25.641    8.370
 228.20   24.358   25.567   25.636   -7.769    1.875   -0.642   -7.769    1.875   -1.204    4.987  -14.568   32.140    7.723
 228.30   21.730   22.646   22.668   -6.376    0.997   -3.270   -6.376    0.997   -3.259   20.850   -6.355   26.172   11.020
 228.40   22.308   23.017   23.018   -5.667    0.241   -2.692   -5.667    0.241   -0.649   15.253   -1.367   19.707    7.664
 228.50   20.769   22.540   22.549   -8.758   -0.632   -4.231   -8.758   -0.632    2.675   37.060    5.538   47.507   18.783
 228.60   22.384   23.583   23.593   -7.424    0.706   -2.616   -7.424    0.706   -1.847   19.425   -5.240   31.232   10.102
 228.70   23.080   23.877   23.884   -6.119   -0.554   -1.920   -6.119   -0.554    1.064   11.746    3.391   20.714    6.136
 228.80   22.781   23.562   23.584   -6.014    1.012   -2.219   -6.014    1.012   -2.246   13.343   -6.087   21.057    7.418
 228.90   22.373   23.171   23.177   -6.029    0.553   -2.627   -6.029    0.553   -1.453   15.840   -3.334   21.778    8.126
 229.00   21.322   22.102   22.103   -5.821    0.131   -3.678   -5.821    0.131   -0.483   21.412   -0.765   23.717   10.715
 229.10   19.683   20.238   20.286   -4.708    1.390   -5.317   -4.708    1.390   -7.391   25.033   -6.545   26.185   13.455
 229.20   20.112   20.517   20.532   -4.055    0.800   -4.888   -4.055    0.800   -3.910   19.818   -3.244   20.485   10.230
 229.30   20.216   20.487   20.494   -3.319    0.548   -4.784   -3.319    0.548   -2.619   15.878   -1.817   17.101    8.098
 229.40   19.599   19.777   19.784   -2.650   -0.531   -5.401   -2.650   -0.531    2.870   14.315    1.408   18.240    7.334
 229.50   20.143   20.617   20.620   -4.396    0.335   -4.857   -4.396    0.335   -1.627   21.354   -1.472   21.517   10.733
 229.60   20.571   21.058   21.091   -4.500    1.183   -4.429   -4.500    1.183   -5.239   19.931   -5.324   20.633   10.642
 229.70   20.088   20.869   20.870   -5.655    0.246   -4.912   -5.655    0.246   -1.207   27.782   -1.389   28.088   13.921
 229.80   21.937   22.238   22.241   -3.646   -0.319   -3.063   -3.646   -0.319    0.977   11.167    1.163   11.388    5.635
 229.90   21.334   21.546   21.558   -3.021    0.693   -3.666   -3.021    0.693   -2.540   11.077   -2.093   11.525    5.778
 230.00   22.151   22.331   22.331   -2.830    0.095   -2.849   -2.830    0.095   -0.271    8.064   -0.269    8.069    4.037
 230.10   21.587   21.651   21.697   -1.654    1.421   -3.413   -1.654    1.421   -4.851    5.644   -2.351    8.201    3.902
 230.20   21.528   21.605   21.606   -1.824    0.212   -3.472   -1.824    0.212   -0.737    6.332   -0.387    7.713    3.193
 230.30   21.002   21.136   21.145   -2.370    0.610   -3.998   -2.370    0.610   -2.438    9.472   -1.445   10.983    4.944
 230.40   21.908   21.919   21.968   -0.669    1.468   -3.092   -0.669    1.468   -4.538    2.068   -0.982    6.080    2.541
 230.50   22.961   22.963   23.047    0.247    1.972   -2.039    0.247    1.972   -4.020   -0.503    0.487    4.053    2.040
 230.60   23.426   23.453   23.453   -1.132   -0.032   -1.574   -1.132   -0.032    0.051    1.783    0.037    1.881    0.892
 230.70   22.167   22.231   22.243   -1.682   -0.737   -2.833   -1.682   -0.737    2.088    4.764    1.239    5.699    2.674
 230.80   21.882   21.995   21.997   -2.230   -0.287   -3.118   -2.230   -0.287    0.893    6.954    0.639    7.389    3.520
 230.90   24.089   24.381   24.387   -3.759   -0.560   -0.911   -3.759   -0.560    0.510    3.423    2.106    7.636    2.026
 231.00   24.147   24.499   24.525   -4.139   -1.136   -0.853   -4.139   -1.136    0.969    3.530    4.700    9.573    2.979
 231.10   24.415   24.847   24.850   -4.611   -0.439   -0.585   -4.611   -0.439    0.257    2.698    2.024   10.899    1.691
 231.20   24.855   25.087   25.093   -3.401    0.549   -0.145   -3.401    0.549   -0.079    0.493   -1.866    5.946    0.966
 231.30   23.813   23.988   23.999   -2.887    0.726   -1.187   -2.887    0.726   -0.862    3.425   -2.096    5.134    2.054
 231.40   23.731   24.098   24.159   -4.190    1.711   -1.269   -4.190    1.711   -2.171    5.318   -7.169   11.048    4.593
 231.50   24.659   24.965   25.011   -3.896    1.510   -0.341   -3.896    1.510   -0.515    1.328   -5.884    8.788    3.027
 231.60   25.257   25.366   25.373   -2.342   -0.594    0.257   -2.342   -0.594   -0.153   -0.603    1.390    2.953    0.762
 231.70   25.038   25.047   25.053   -0.681   -0.563    0.038   -0.681   -0.563   -0.021   -0.026    0.383    0.391    0.192
 231.80   25.736   25.897   25.907   -2.883   -0.697    0.736   -2.883   -0.697   -0.513   -2.122    2.011    4.670    1.484
 231.90   26.145   26.833   26.840   -6.038   -0.633    1.145   -6.038   -0.633   -0.725   -6.912    3.821   19.082    3.966
 232.00   26.254   26.836   26.838   -5.556    0.349    1.254   -5.556    0.349    0.438   -6.969   -1.938   16.280    3.623
 232.10   26.391   26.774   26.776   -4.516   -0.320    1.391   -4.516   -0.320   -0.446   -6.281    1.447   11.214    3.230
 232.20   25.238   25.469   25.470   -3.424    0.257    0.238   -3.424    0.257    0.061   -0.814   -0.881    5.922    0.600
 232.30   24.098   24.548   24.573   -4.675    1.118   -0.902   -4.675    1.118   -1.008    4.215   -5.227   11.960    3.395
 232.40   23.459   23.784   23.825   -3.917    1.402   -1.541   -3.917    1.402   -2.161    6.037   -5.491    9.842    4.221
 232.50   25.113   25.215   25.245   -2.257    1.242    0.113   -2.257    1.242    0.141   -0.256   -2.804    3.325    1.410
 232.60   25.369   25.576   25.576   -3.243   -0.143    0.369   -3.243   -0.143   -0.053   -1.198    0.465    5.339    0.643
 232.70   25.734   25.974   25.987   -3.525   -0.813    0.734   -3.525   -0.813   -0.596   -2.586    2.866    6.811    1.953
 232.80   25.200   25.298   25.308   -2.236    0.684    0.200   -2.236    0.684    0.137   -0.446   -1.530    2.753    0.800
 232.90   24.467   24.633   24.685   -2.856    1.612   -0.533   -2.856    1.612   -0.860    1.523   -4.603    5.519    2.462
 233.00   26.287   26.880   26.968   -5.614    2.186    1.287   -5.614    2.186    2.813   -7.225  -12.273   18.976    7.258
 233.10   25.635   26.360   26.361   -6.141   -0.100    0.635   -6.141   -0.100   -0.063   -3.900    0.614   19.062    1.974
 233.20   25.274   25.767   25.806   -5.013    1.416    0.274   -5.013    1.416    0.389   -1.376   -7.099   13.605    3.621
 233.30   25.531   25.755   25.838   -3.384    2.070    0.531   -3.384    2.070    1.100   -1.798   -7.006    8.010    3.658
 233.40   25.767   25.814   25.935   -1.559    2.507    0.767   -1.559    2.507    1.922   -1.195   -3.908    4.652    2.258
 233.50   25.896   26.014   26.196   -2.474    3.084    0.896   -2.474    3.084    2.764   -2.217   -7.628    8.216    4.205
 233.60   25.444   25.550   25.724   -2.327    2.983    0.444   -2.327    2.983    1.325   -1.034   -6.942    7.255    3.571
 233.70   25.574   25.733   25.901   -2.858    2.941    0.574   -2.858    2.941    1.688   -1.641   -8.405    8.573    4.364
 233.80   25.779   26.173   26.200   -4.522    1.194    0.779   -4.522    1.194    0.931   -3.523   -5.400   11.240    3.257
 233.90   25.781   26.091   26.091   -4.004    0.125    0.781   -4.004    0.125    0.098   -3.129   -0.500    8.330    1.585
 234.00   24.716   24.971   24.991   -3.555    1.001   -0.284   -3.555    1.001   -0.284    1.008   -3.560    6.860    1.856
 234.10   22.227   22.767   22.842   -4.930    1.842   -2.773   -4.930    1.842   -5.106   13.670   -9.079   17.692    8.593
 234.20   21.927   22.508   22.611   -5.084    2.154   -3.073   -5.084    2.154   -6.619   15.625  -10.951   19.967   10.098
 234.30   21.764   22.527   22.612   -5.813    1.963   -3.236   -5.813    1.963   -6.351   18.811  -11.408   24.057   11.449
 234.40   20.913   21.361   21.375   -4.352    0.752   -4.087   -4.352    0.752   -3.075   17.783   -3.274   18.101    9.171
 234.50   22.374   22.466   22.472   -2.034    0.520   -2.626   -2.034    0.520   -1.365    5.342   -1.057    5.652    2.807
 234.60   21.479   21.502   21.509   -0.980    0.564   -3.521   -0.980    0.564   -1.986    3.449   -0.553    6.836    2.009
 234.70   19.803   19.885   19.885   -1.799   -0.121   -5.197   -1.799   -0.121    0.631    9.350    0.218   15.128    4.687
 234.80   20.595   20.626   20.626   -1.132    0.077   -4.405   -1.132    0.077   -0.341    4.986   -0.088   10.345    2.499
 234.90   20.375   20.406   20.439   -1.131   -1.153   -4.625   -1.131   -1.153    5.331    5.232    1.304   12.000    3.791
 235.00   20.847   20.851   20.866   -0.419    0.794   -4.153   -0.419    0.794   -3.296    1.741   -0.333    9.026    1.871
 235.10   21.095   21.096   21.111    0.104   -0.811   -3.905    0.104   -0.811    3.166   -0.406   -0.084    7.958    1.597
 235.20   21.169   21.173   21.177    0.363   -0.437   -3.831    0.363   -0.437    1.673   -1.391   -0.159    7.498    1.091
 235.30   22.792   22.805   22.810   -0.771    0.490   -2.208   -0.771    0.490   -1.083    1.703   -0.378    2.855    1.026
 235.40   21.800   21.800   21.804    0.166   -0.405   -3.200    0.166   -0.405    1.297   -0.531   -0.067    5.217    0.702
 235.50   21.918   21.918   21.969    0.013    1.498   -3.082    0.013    1.498   -4.618   -0.039    0.019    5.872    2.309
 235.60   23.048   23.056   23.281    0.625    3.230   -1.952    0.625    3.230   -6.305   -1.219    2.018    7.317    3.366
 235.70   23.499   23.510   23.640    0.722    2.474   -1.501    0.722    2.474   -3.715   -1.084    1.788    4.449    2.131
 235.80   21.324   21.326   21.425   -0.319    2.062   -3.676   -0.319    2.062   -7.580    1.173   -0.658    8.934    3.849
 235.90   22.038   22.183   22.277    2.528    2.054   -2.962    2.528    2.054   -6.085   -7.489    5.194    9.693    5.479
 236.00   24.283   24.466   24.658    2.987    3.072   -0.717    2.987    3.072   -2.202   -2.142    9.176    9.437    4.838
 236.10   22.909   23.027   23.051    2.327    1.054   -2.091    2.327    1.054   -2.204   -4.864    2.453    5.448    2.938
 236.20   22.717   22.910   22.961    2.969   -1.520   -2.283    2.969   -1.520    3.470   -6.777   -4.513    8.168    4.425
 236.30   24.710   24.727   24.835    0.936   -2.315   -0.290    0.936   -2.315    0.672   -0.272   -2.167    3.160    1.142
 236.40   26.614   26.652   26.693   -1.427   -1.482    1.614   -1.427   -1.482   -2.392   -2.303    2.115    3.419    1.968
 236.50   25.686   25.708   25.939   -1.059   -3.456    0.686   -1.059   -3.456   -2.370   -0.726    3.661    6.769    2.211
 236.60   24.910   24.938   25.016   -1.189   -1.975   -0.090   -1.189   -1.975    0.178    0.107    2.349    2.662    1.179
 236.70   24.366   24.368   24.442   -0.318   -1.908   -0.634   -0.318   -1.908    1.210    0.202    0.607    2.071    0.684
 236.80   24.287   24.289   24.409   -0.350   -2.413   -0.713   -0.350   -2.413    1.721    0.249    0.843    3.226    0.966
 236.90   20.779   20.784   20.964   -0.470   -2.741   -4.221   -0.470   -2.741   11.568    1.986    1.289   12.775    5.904
 237.00   19.994   20.050   20.110   -1.496   -1.559   -5.006   -1.496   -1.559    7.805    7.487    2.332   14.864    5.532
 237.10   19.824   20.056   20.204   -3.043   -2.440   -5.176   -3.043   -2.440   12.629   15.748    7.423   21.001   10.754
 237.20   20.979   21.272   21.541   -3.516   -3.398   -4.021   -3.516   -3.398   13.664   14.139   11.949   20.040   11.504
 237.30   21.739   22.043   22.361   -3.650   -3.758   -3.261   -3.650   -3.758   12.253   11.901   13.714   19.036   10.953
 237.40   21.745   21.928   21.945   -2.825   -0.868   -3.255   -2.825   -0.868    2.825    9.194    2.452    9.663    4.963
 237.50   22.688   22.908   22.950   -3.163   -1.383   -2.312   -3.163   -1.383    3.198    7.313    4.376    8.632    4.551
 237.60   21.270   21.332   21.442   -1.627   -2.173   -3.730   -1.627   -2.173    8.106    6.069    3.535   10.642    5.363
 237.70   22.564   22.573   22.579   -0.645   -0.496   -2.436   -0.645   -0.496    1.208    1.572    0.320    3.299    1.004
 237.80   20.917   20.935   20.936   -0.883   -0.180   -4.083   -0.883   -0.180    0.734    3.607    0.159    8.743    1.842
 237.90   21.469   21.504   21.513    1.230   -0.612   -3.531    1.230   -0.612    2.159   -4.345   -0.752    7.178    2.455
 238.00   22.798   22.823   22.828    1.078   -0.435   -2.202    1.078   -0.435    0.958   -2.374   -0.469    3.100    1.301
 238.10   22.868   22.890   23.062    0.989   -2.816   -2.132    0.989   -2.816    6.002   -2.108   -2.785    6.725    3.472
 238.20   23.295   23.296   23.478   -0.278   -2.913   -1.705   -0.278   -2.913    4.967    0.474    0.810    5.735    2.528
 238.30   24.970   25.074   25.102   -2.279   -1.186   -0.030   -2.279   -1.186    0.036    0.069    2.702    3.300    1.351
 238.40   24.373   24.437   24.537   -1.768    2.210   -0.627   -1.768    2.210   -1.386    1.109   -3.906    4.201    2.145
 238.50   25.890   25.914   26.021   -1.120    2.365    0.890   -1.120    2.365    2.104   -0.997   -2.650    3.820    1.764
 238.60   26.319   26.319   26.391   -0.008    1.955    1.319   -0.008    1.955    2.577   -0.011   -0.016    2.780    1.289
 238.70   25.757   25.779   25.840   -1.060    1.786    0.757   -1.060    1.786    1.352   -0.802   -1.893    2.443    1.230
 238.80   25.513   25.513   25.532    0.055    0.984    0.513    0.055    0.984    0.504    0.028    0.054    0.617    0.254
 238.90   25.894   25.895   25.987    0.197    2.192    0.894    0.197    2.192    1.960    0.176    0.432    2.822    1.007
 239.00   27.787   27.801   27.887    0.882    2.191    2.787    0.882    2.191    6.108    2.458    1.933    6.674    3.431
 239.10   28.042   28.084   28.174    1.547    2.251    3.042    1.547    2.251    6.847    4.705    3.482    8.356    4.504
 239.20   27.369   27.445   27.515    2.042    1.960    2.369    2.042    1.960    4.643    4.838    4.001    6.812    3.904
 239.30   29.787   30.192   30.263    4.932    2.074    4.787    4.932    2.074    9.927   23.605   10.228   25.766   13.787
 239.40   28.542   28.833   28.971    4.086    2.816    3.542    4.086    2.816    9.977   14.475   11.509   18.589   10.506
 239.50   29.330   29.751   30.059    4.990    4.291    4.330    4.990    4.291   18.581   21.607   21.415   31.033   17.824
 239.60   28.162   28.746   28.811    5.767    1.932    3.162    5.767    1.932    6.110   18.233   11.144   23.493   11.113
 239.70   27.892   28.345   28.391    5.050    1.618    2.892    5.050    1.618    4.679   14.603    8.171   18.241    8.688
 239.80   27.485   28.204   28.348    6.326    2.851    2.485    6.326    2.851    7.085   15.723   18.034   27.162   12.477
 239.90   27.180   27.718   27.730    5.432    0.816    2.180    5.432    0.816    1.779   11.843    4.432   17.464    6.385
 240.00   29.108   29.345   29.345    3.724    0.045    4.108    3.724    0.045    0.184   15.296    0.167   15.371    7.649
 240.10   29.832   29.966   29.979    2.831    0.886    4.832    2.831    0.886    4.280   13.680    2.508   16.073    7.276
 240.20   28.675   28.706   28.709    1.334    0.396    3.675    1.334    0.396    1.457    4.904    0.529    7.723    2.572
 240.30   30.035   30.061   30.068    1.249   -0.625    5.035    1.249   -0.625   -3.147    6.290   -0.781   13.654    3.538
 240.40   30.357   30.391   30.448    1.433   -1.869    5.357    1.433   -1.869  -10.013    7.674   -2.678   17.121    6.448
 240.50   30.436   30.455   30.469    1.080   -0.921    5.436    1.080   -0.921   -5.009    5.871   -0.995   15.783    3.891
 240.60   30.109   30.240   30.241    2.809   -0.265    5.109    2.809   -0.265   -1.352   14.350   -0.743   17.032    7.216
 240.70   28.305   28.590   28.590    4.029    0.013    3.305    4.029    0.013    0.043   13.317    0.052   13.579    6.658
 240.80   28.211   28.519   28.522    4.180   -0.387    3.211    4.180   -0.387   -1.242   13.422   -1.617   13.967    6.788
 240.90   28.905   29.220   29.222    4.278   -0.326    3.905    4.278   -0.326   -1.274   16.707   -1.396   16.829    8.407
 241.00   29.929   30.257   30.270    4.440   -0.881    4.929    4.440   -0.881   -4.344   21.888   -3.913   22.396   11.328
 241.10   30.255   30.541   30.592    4.169   -1.778    5.255    4.169   -1.778   -9.344   21.905   -7.413   24.076   12.471
 241.20   29.359   29.514   29.547    3.017   -1.396    4.359    3.017   -1.396   -6.084   13.151   -4.211   15.026    7.545
 241.30   29.171   29.412   29.414    3.755   -0.392    4.171    3.755   -0.392   -1.633   15.664   -1.470   15.827    7.909
 241.40   30.430   30.503   30.503    2.101    0.050    5.430    2.101    0.050    0.269   11.411    0.104   16.953    5.708
 241.50   30.467   30.547   30.562    2.208   -0.965    5.467    2.208   -0.965   -5.277   12.070   -2.131   17.848    6.672
 241.60   30.994   31.081   31.089    2.328   -0.679    5.994    2.328   -0.679   -4.069   13.954   -1.580   20.905    7.310
 241.70   31.754   31.788   31.788    1.459   -0.049    6.754    1.459   -0.049   -0.334    9.856   -0.072   23.875    4.931
 241.80   32.263   32.264   32.267   -0.151    0.462    7.263   -0.151    0.462    3.356   -1.097   -0.070   26.497    1.766
 241.90   32.034   32.035   32.036    0.221    0.209    7.034    0.221    0.209    1.467    1.556    0.046   24.786    1.070
 242.00   31.194   31.216   31.219    1.173    0.435    6.194    1.173    0.435    2.696    7.268    0.511   19.967    3.884
 242.10   31.256   31.257   31.279   -0.126    1.174    6.256   -0.126    1.174    7.346   -0.791   -0.148   20.268    3.695
 242.20   30.495   30.499   30.499    0.498    0.040    5.495    0.498    0.040    0.218    2.739    0.020   15.220    1.374
 242.30   29.834   29.882   29.882    1.680    0.209    4.834    1.680    0.209    1.011    8.120    0.351   13.118    4.095
 242.40   29.812   29.861   29.863    1.717   -0.355    4.812    1.717   -0.355   -1.707    8.261   -0.609   13.114    4.229
 242.50   27.023   27.227   27.228    3.325   -0.307    2.023    3.325   -0.307   -0.622    6.726   -1.022    7.621    3.416
 242.60   28.609   29.077   29.159    5.197    2.184    3.609    5.197    2.184    7.880   18.754   11.348   22.399   11.646
 242.70   29.689   30.156   30.233    5.288    2.150    4.689    5.288    2.150   10.082   24.795   11.370   27.286   14.541
 242.80   31.552   31.938   31.981    4.956    1.646    6.552    4.956    1.646   10.784   32.466    8.157   35.095   17.585
 242.90   32.126   32.625   32.682    5.683    1.924    7.126    5.683    1.924   13.714   40.501   10.937   43.394   22.068
 243.00   31.968   32.428   32.454    5.442    1.314    6.968    5.442    1.314    9.153   37.921    7.149   39.947   19.830
 243.10   31.116   31.638   31.647    5.726    0.747    6.116    5.726    0.747    4.566   35.017    4.275   35.371   17.785
 243.20   32.303   32.755   32.757    5.423    0.393    7.303    5.423    0.393    2.871   39.604    2.132   41.448   19.883
 243.30   32.119   32.486   32.486    4.867    0.073    7.119    4.867    0.073    0.522   34.646    0.357   37.186   17.326
 243.40   30.972   31.077   31.081    2.556    0.468    5.972    2.556    0.468    2.792   15.268    1.195   21.210    7.783
 243.50   30.834   30.893   30.897    1.907    0.519    5.834    1.907    0.519    3.026   11.126    0.989   18.969    5.786
 243.60   30.146   30.202   30.205    1.833   -0.429    5.146    1.833   -0.429   -2.210    9.432   -0.787   15.013    4.859
 243.70   30.837   31.005   31.018    3.222    0.913    5.837    3.222    0.913    5.330   18.806    2.942   22.642    9.883
 243.80   31.391   31.414   31.464    1.206    1.767    6.391    1.206    1.767   11.293    7.706    2.130   22.711    6.918
 243.90   28.471   28.533   28.535    1.888    0.352    3.471    1.888    0.352    1.222    6.552    0.665    7.867    3.349
 244.00   27.736   27.805   27.819    1.958    0.854    2.736    1.958    0.854    2.337    5.357    1.672    6.025    3.039
 244.10   27.656   27.705   27.708    1.653   -0.421    2.656    1.653   -0.421   -1.117    4.389   -0.695    4.980    2.291
 244.20   27.218   27.224   27.228    0.567    0.483    2.218    0.567    0.483    1.072    1.258    0.274    2.737    0.838
 244.30   26.683   26.703   26.728    1.042    1.149    1.683    1.042    1.149    1.933    1.753    1.196    2.618    1.435
 244.40   27.537   27.565   27.649    1.238    2.158    2.537    1.238    2.158    5.475    3.142    2.673    6.314    3.427
 244.50   29.799   29.802   29.890   -0.429    2.290    4.799   -0.429    2.290   10.992   -2.057   -0.981   14.231    5.613
 244.60   29.515   29.516   29.655    0.221    2.861    4.515    0.221    2.861   12.917    1.000    0.633   14.311    6.486
 244.70   29.804   29.815   29.860    0.794    1.639    4.804    0.794    1.639    7.873    3.814    1.301   13.199    4.422
 244.80   29.404   29.425   29.429    1.103    0.449    4.404    1.103    0.449    1.979    4.860    0.496   10.410    2.636
 244.90   28.928   28.986   29.028    1.836    1.548    3.928    1.836    1.548    6.083    7.213    2.843   10.600    4.927
 245.00   29.698   29.726   29.726    1.289   -0.005    4.698    1.289   -0.005   -0.023    6.055   -0.006   11.865    3.027
 245.10   29.145   29.245   29.247    2.419   -0.365    4.145    2.419   -0.365   -1.514   10.027   -0.884   11.582    5.089
 245.20   30.172   30.256   30.261    2.264    0.548    5.172    2.264    0.548    2.835   11.706    1.241   16.085    6.054
 245.30   30.009   30.137   30.140    2.769    0.401    5.009    2.769    0.401    2.007   13.873    1.109   16.462    7.030
 245.40   30.201   30.242   30.249    1.568    0.659    5.201    1.568    0.659    3.425    8.156    1.033   14.973    4.453
 245.50   30.377   30.497   30.527    2.702    1.348    5.377    2.702    1.348    7.248   14.527    3.642   19.014    8.319
 245.60   30.897   30.925   31.011    1.322    2.306    5.897    1.322    2.306   13.599    7.795    3.048   20.919    7.984
 245.70   31.722   31.730   31.998    0.688    4.131    6.722    0.688    4.131   27.773    4.627    2.844   31.367   14.149
 245.80   31.194   31.262   31.768    2.062    5.650    6.194    2.062    5.650   34.996   12.769   11.648   37.269   19.516
 245.90   28.395   28.428   28.946    1.365    5.452    3.395    1.365    5.452   18.511    4.635    7.442   21.558   10.241
 246.00   28.075   28.090   28.431    0.925    4.386    3.075    0.925    4.386   13.488    2.845    4.057   14.775    7.185
 246.10   26.153   26.163   26.419    0.715    3.666    1.153    0.715    3.666    4.229    0.825    2.622    7.642    2.522
 246.20   25.714   25.827   25.918    2.412    2.179    0.714    2.412    2.179    1.555    1.722    5.257    5.539    2.873
 246.30   25.664   25.855   26.061    3.137    3.269    0.664    3.137    3.269    2.172    2.084   10.254   10.484    5.344
 246.40   26.588   26.700   26.919    2.442    3.424    1.588    2.442    3.424    5.437    3.878    8.363   10.105    5.351
 246.50   27.797   27.905   27.948    2.450    1.561    2.797    2.450    1.561    4.365    6.853    3.824    8.131    4.490
 246.60   26.847   26.976   26.995    2.639    1.001    1.847    2.639    1.001    1.848    4.874    2.641    5.688    2.921
 246.70   27.589   27.734   27.760    2.837    1.199    2.589    2.837    1.199    3.103    7.345    3.401    8.095    4.334
 246.80   27.205   27.331   27.392    2.627    1.827    2.205    2.627    1.827    4.028    5.793    4.799    7.550    4.266
 246.90   26.821   26.866   26.971    1.554    2.373    1.821    1.554    2.373    4.323    2.831    3.688    5.682    3.174
 247.00   25.754   25.851   25.933    2.243    2.060    0.754    2.243    2.060    1.552    1.691    4.621    4.921    2.580
 247.10   27.096   27.250   27.286    2.897    1.399    2.096    2.897    1.399    2.933    6.073    4.055    7.373    3.935
 247.20   28.736   29.013   29.144    3.999    2.762    3.736    3.999    2.762   10.318   14.938   11.043   18.786   10.625
 247.30   27.526   27.873   27.998    4.386    2.636    2.526    4.386    2.636    6.659   11.081   11.562   16.285    8.672
 247.40   28.376   28.731   28.852    4.506    2.633    3.376    4.506    2.633    8.889   15.211   11.863   19.315   10.620
 247.50   28.641   29.177   29.418    5.564    3.763    3.641    5.564    3.763   13.702   20.260   20.938   29.189   16.098
 247.60   28.835   29.606   29.830    6.713    3.649    3.835    6.713    3.649   13.995   25.746   24.500   36.547   19.098
 247.70   28.776   28.923   29.093    2.910    3.145    3.776    2.910    3.145   11.874   10.989    9.151   16.308    9.294
 247.80   29.089   29.236   29.416    2.929    3.249    4.089    2.929    3.249   13.284   11.977    9.517   17.927   10.130
 247.90   28.636   28.875   29.277    3.705    4.837    3.636    3.705    4.837   17.590   13.473   17.924   25.175   14.249
 248.00   29.292   29.671   29.963    4.732    4.171    4.292    4.732    4.171   17.902   20.307   19.737   29.104   16.751
 248.10   29.096   29.516   29.737    4.961    3.621    4.096    4.961    3.621   14.830   20.322   17.962   27.250   15.456
 248.20   29.080   29.284   29.389    3.451    2.477    4.080    3.451    2.477   10.107   14.081    8.548   17.347    9.663
 248.30   30.478   31.072   31.277    6.048    3.567    5.478    6.048    3.567   19.542   33.134   21.576   39.659   22.052
 248.40   28.784   29.662   29.716    7.162    1.783    3.784    7.162    1.783    6.748   27.104   12.772   34.400   15.357
 248.50   27.752   28.695   28.695    7.295    0.012    2.752    7.295    0.012    0.034   20.077    0.090   30.393   10.038
 248.60   27.708   28.702   28.705    7.487    0.427    2.708    7.487    0.427    1.158   20.275    3.201   31.788   10.280
 248.70   28.214   28.919   28.945    6.347   -1.232    3.214    6.347   -1.232   -3.959   20.399   -7.820   26.068   11.101
 248.80   27.961   28.606   28.617    6.040   -0.789    2.961    6.040   -0.789   -2.337   17.885   -4.767   22.935    9.328
 248.90   27.327   27.618   27.619    3.997   -0.206    2.327    3.997   -0.206   -0.479    9.302   -0.822   10.717    4.675
 249.00   29.625   29.939   29.943    4.324   -0.474    4.625    4.324   -0.474   -2.192   19.999   -2.050   20.156   10.111
 249.10   29.147   29.448   29.459    4.199   -0.790    4.147    4.199   -0.790   -3.275   17.415   -3.316   17.728    9.014
 249.20   30.366   30.857   30.857    5.479    0.186    5.366    5.479    0.186    0.997   29.404    1.018   29.428   14.719
 249.30   30.768   31.161   31.184    4.936    1.205    5.768    4.936    1.205    6.951   28.467    5.948   29.539   14.950
 249.40   30.755   31.387   31.392    6.263    0.581    5.755    6.263    0.581    3.345   36.047    3.640   36.345   18.192
 249.50   31.244   31.552   31.561    4.402    0.739    6.244    4.402    0.739    4.612   27.483    3.251   29.453   14.028
 249.60   31.077   31.483   31.489    5.042    0.620    6.077    5.042    0.620    3.771   30.642    3.129   31.369   15.515
 249.70   31.087   31.427   31.428    4.615    0.081    6.087    4.615    0.081    0.495   28.091    0.375   29.177   14.049
 249.80   31.448   31.594   31.596    3.033    0.407    6.448    3.033    0.407    2.623   19.554    1.233   25.469    9.884
 249.90   31.259   31.460   31.463    3.552    0.452    6.259    3.552    0.452    2.827   22.229    1.604   25.995   11.233
 250.00   31.955   32.145   32.151    3.492    0.578    6.955    3.492    0.578    4.023   24.285    2.020   30.451   12.349
 250.10   32.059   32.353   32.353    4.346    0.005    7.059    4.346    0.005    0.033   30.680    0.020   34.361   15.340
 250.20   29.308   29.618   29.618    4.278   -0.003    4.308    4.278   -0.003   -0.012   18.431   -0.012   18.431    9.215
 250.30   27.990   28.174   28.180    3.217   -0.566    2.990    3.217   -0.566   -1.691    9.617   -1.820    9.803    4.966
 250.40   27.265   27.383   27.415    2.542   -1.308    2.265    2.542   -1.308   -2.963    5.757   -3.325    6.651    3.639
 250.50   26.853   27.191   27.307    4.272   -2.516    1.853    4.272   -2.516   -4.663    7.918  -10.748   14.007    7.070
 250.60   27.795   27.960   27.992    3.035   -1.341    2.795    3.035   -1.341   -3.749    8.483   -4.071    9.412    5.065
 250.70   25.088   25.466   25.473    4.373    0.577    0.088    4.373    0.577    0.051    0.385    2.522    9.734    1.276
 250.80   23.125   23.752   23.753    5.423    0.121   -1.875    5.423    0.121   -0.227  -10.170    0.655   16.471    5.097
 250.90   24.008   24.834   24.838    6.353   -0.439   -0.992    6.353   -0.439    0.435   -6.303   -2.786   20.766    3.453
 251.00   24.145   25.009   25.009    6.516    0.041   -0.855    6.516    0.041   -0.035   -5.569    0.265   21.598    2.788
 251.10   25.392   25.840   25.843    4.790   -0.393    0.392    4.790   -0.393   -0.154    1.879   -1.883   11.626    1.332
 251.20   25.382   25.850   25.856    4.895   -0.593    0.382    4.895   -0.593   -0.226    1.869   -2.903   12.231    1.730
 251.30   27.721   28.030   28.036    4.154    0.546    2.721    4.154    0.546    1.484   11.303    2.266   12.479    5.812
 251.40   28.050   28.557   28.596    5.357    1.493    3.050    5.357    1.493    4.555   16.341    7.999   20.115    9.377
 251.50   26.883   27.557   27.586    6.057    1.254    1.883    6.057    1.254    2.361   11.408    7.594   20.904    6.953
 251.60   26.447   26.843   26.848    4.593    0.537    1.447    4.593    0.537    0.776    6.647    2.465   11.740    3.566
 251.70   28.061   28.687   28.704    5.956    1.001    3.061    5.956    1.001    3.064   18.235    5.962   22.927    9.714
 251.80   29.689   29.864   29.883    3.230    1.061    4.689    3.230    1.061    4.975   15.146    3.428   16.773    8.153
 251.90   28.838   28.890   28.906    1.728   -0.973    3.838    1.728   -0.973   -3.735    6.632   -1.681    9.333    3.898
 252.00   28.585   28.594   28.600    0.749    0.544    3.585    0.749    0.544    1.949    2.684    0.407    6.853    1.671
 252.10   27.473   27.536   27.544    1.851    0.700    2.473    1.851    0.700    1.731    4.578    1.295    5.016    2.531
 252.20   27.343   27.374   27.376    1.299    0.339    2.343    1.299    0.339    0.794    3.044    0.440    3.647    1.588
 252.30   28.332   28.367   28.368    1.423    0.172    3.332    1.423    0.172    0.572    4.740    0.244    6.576    2.390
 252.40   27.693   27.699   27.701    0.552   -0.299    2.693    0.552   -0.299   -0.807    1.488   -0.165    3.825    0.850
 252.50   28.169   28.172   28.191   -0.391    1.033    3.169   -0.391    1.033    3.274   -1.239   -0.404    5.633    1.762
 252.60   27.528   27.537   27.572    0.709    1.395    2.528    0.709    1.395    3.526    1.793    0.990    4.419    2.039
 252.70   26.486   26.493   26.500    0.602   -0.589    1.486    0.602   -0.589   -0.876    0.895   -0.355    1.460    0.651
 252.80   26.906   26.908   26.965   -0.262   -1.755    1.906   -0.262   -1.755   -3.345   -0.499    0.459    3.391    1.707
 252.90   27.076   27.092   27.123    0.945   -1.301    2.076    0.945   -1.301   -2.700    1.961   -1.229    3.446    1.778
 253.00   27.311   27.315   27.325    0.477    0.731    2.311    0.477    0.731    1.688    1.103    0.349    3.051    1.023
 253.10   26.340   26.340   26.419    0.091    2.044    1.340    0.091    2.044    2.739    0.122    0.186    2.991    1.374
 253.20   26.069   26.176   26.317    2.364    2.726    1.069    2.364    2.726    2.914    2.527    6.444    7.081    3.755
 253.30   26.732   26.888   27.007    2.897    2.527    1.732    2.897    2.527    4.376    5.016    7.320    8.887    4.947
 253.40   29.339   29.422   29.486    2.218    1.933    4.339    2.218    1.933    8.385    9.624    4.287   13.739    6.732
 253.50   28.932   29.095   29.136    3.075    1.555    3.932    3.075    1.555    6.114   12.092    4.782   13.668    7.184
 253.60   28.523   28.695   28.695    3.139   -0.023    3.523    3.139   -0.023   -0.082   11.059   -0.073   11.133    5.530
 253.70   28.527   28.661   28.664    2.771    0.433    3.527    2.771    0.433    1.528    9.774    1.201   10.153    4.983
 253.80   28.653   29.017   29.025    4.579    0.696    3.653    4.579    0.696    2.543   16.728    3.187   17.399    8.609
 253.90   27.528   27.722   27.733    3.279    0.777    2.528    3.279    0.777    1.964    8.289    2.548    8.873    4.446
 254.00   26.990   27.208   27.225    3.440    0.948    1.990    3.440    0.948    1.887    6.846    3.261    8.346    3.907
 254.10   26.862   26.997   27.002    2.702    0.491    1.862    2.702    0.491    0.914    5.030    1.326    5.503    2.641
 254.20   26.710   26.867   26.879    2.899    0.801    1.710    2.899    0.801    1.370    4.957    2.322    5.985    2.821
 254.30   27.556   28.054   28.055    5.266    0.128    2.556    5.266    0.128    0.327   13.458    0.673   17.138    6.739
 254.40   27.888   28.635   28.647    6.497    0.841    2.888    6.497    0.841    2.428   18.764    5.461   25.628    9.846
 254.50   27.918   28.414   28.418    5.287   -0.494    2.918    5.287   -0.494   -1.443   15.427   -2.614   18.356    7.857
 254.60   27.122   27.249   27.298    2.625   -1.631    2.122    2.625   -1.631   -3.461    5.570   -4.280    7.026    3.915
 254.70   23.971   23.981   23.994    0.711   -0.782   -1.029    0.711   -0.782    0.805   -0.732   -0.557    1.089    0.611
 254.80   23.737   23.743   23.762   -0.530   -0.945   -1.263   -0.530   -0.945    1.194    0.670    0.501    1.385    0.729
 254.90   25.657   25.742   25.857   -2.084   -2.440    0.657   -2.084   -2.440   -1.604   -1.370    5.086    5.365    2.753
 255.00   25.210   25.456   25.590   -3.533   -2.611    0.210   -3.533   -2.611   -0.549   -0.742    9.226    9.673    4.636
 255.10   24.989   25.066   25.162   -1.968   -2.192   -0.011   -1.968   -2.192    0.024    0.021    4.314    4.339    2.157
 255.20   24.738   24.751   24.810   -0.800   -1.715   -0.262   -0.800   -1.715    0.449    0.210    1.372    1.825    0.730
 255.30   23.969   24.013   24.084   -1.442   -1.848   -1.031   -1.442   -1.848    1.905    1.486    2.666    3.279    1.799
 255.40   24.293   24.450   24.499   -2.767   -1.558   -0.707   -2.767   -1.558    1.102    1.957    4.310    5.292    2.430
 255.50   24.230   24.527   24.532   -3.810   -0.470   -0.770   -3.810   -0.470    0.362    2.935    1.793    7.665    1.729
 255.60   24.875   25.200   25.200   -4.036   -0.085   -0.125   -4.036   -0.085    0.011    0.505    0.341    8.155    0.305
 255.70   25.699   26.063   26.069   -4.340    0.541    0.699   -4.340    0.541    0.378   -3.034   -2.348    9.809    1.927
 255.80   27.162   27.890   27.905   -6.330   -0.894    2.162   -6.330   -0.894   -1.933  -13.688    5.658   22.770    7.468
 255.90   28.854   29.230   29.231   -4.678   -0.157    3.854   -4.678   -0.157   -0.605  -18.027    0.734   18.379    9.026
 256.00   28.298   29.015   29.040   -6.413    1.187    3.298   -6.413    1.187    3.915  -21.148   -7.614   26.707   11.408
 256.10   26.517   27.109   27.249   -5.633    2.760    1.517   -5.633    2.760    4.187   -8.545  -15.547   20.824    9.114
 256.20   25.591   26.021   26.316   -4.710    3.933    0.591   -4.710    3.933    2.325   -2.784  -18.526   19.002    9.439
 256.30   24.009   24.586   24.736   -5.294    2.720   -0.991   -5.294    2.720   -2.694    5.244  -14.398   18.202    7.779
 256.40   24.480   25.254   25.303   -6.204    1.573   -0.520   -6.204    1.573   -0.818    3.227   -9.762   20.618    5.157
 256.50   24.282   25.320   25.323   -7.176    0.367   -0.718   -7.176    0.367   -0.263    5.152   -2.632   26.076    2.896
 256.60   23.352   24.613   24.690   -7.777    1.948   -1.648   -7.777    1.948   -3.209   12.812  -15.147   33.492   10.048
 256.70   23.058   23.961   24.020   -6.518    1.681   -1.942   -6.518    1.681   -3.265   12.659  -10.957   24.542    8.529
 256.80   23.669   24.486   24.493   -6.275    0.566   -1.331   -6.275    0.566   -0.754    8.354   -3.553   20.733    4.555
 256.90   23.481   24.231   24.232   -5.985    0.194   -1.519   -5.985    0.194   -0.295    9.093   -1.163   19.081    4.586
 257.00   24.825   25.623   25.655   -6.343    1.280   -0.175   -6.343    1.280   -0.223    1.107   -8.120   20.953    4.099
 257.10   23.865   24.564   24.587   -5.817    1.068   -1.135   -5.817    1.068   -1.212    6.600   -6.214   18.132    4.573
 257.20   22.459   23.136   23.140   -5.557   -0.465   -2.541   -5.557   -0.465    1.183   14.123    2.586   18.778    7.203
 257.30   22.830   23.352   23.407   -4.908    1.601   -2.170   -4.908    1.601   -3.475   10.650   -7.860   15.682    6.843
 257.40   24.316   25.096   25.146   -6.209    1.583   -0.684   -6.209    1.583   -1.083    4.246   -9.830   20.761    5.381
 257.50   24.301   24.932   24.935   -5.572    0.359   -0.699   -5.572    0.359   -0.250    3.892   -1.998   15.830    2.191
 257.60   23.348   23.801   23.821   -4.621    0.986   -1.652   -4.621    0.986   -1.628    7.633   -4.555   12.525    4.518
 257.70   22.885   23.109   23.111   -3.210   -0.277   -2.115   -3.210   -0.277    0.585    6.788    0.888    7.426    3.436
 257.80   23.514   23.526   23.557   -0.774   -1.190   -1.486   -0.774   -1.190    1.769    1.150    0.921    2.112    1.151
 257.90   24.405   24.555   24.556   -2.714    0.254   -0.595   -2.714    0.254   -0.151    1.616   -0.689    3.892    0.881
 258.00   24.317   24.464   24.469   -2.673    0.509   -0.683   -2.673    0.509   -0.348    1.825   -1.361    3.934    1.152
 258.10   23.542   23.637   23.650   -2.118    0.787   -1.458   -2.118    0.787   -1.147    3.087   -1.666    3.614    1.845
 258.20   22.588   22.623   22.623   -1.252    0.102   -2.412   -1.252    0.102   -0.245    3.020   -0.127    3.697    1.516
 258.30   20.829   20.832   20.844   -0.376    0.704   -4.171   -0.376    0.704   -2.935    1.569   -0.265    9.017    1.669
 258.40   21.153   21.153   21.187    0.102    1.202   -3.847    0.102    1.202   -4.622   -0.391    0.122    8.126    2.320
 258.50   20.906   20.912   20.918    0.498    0.502   -4.094    0.498    0.502   -2.057   -2.039    0.250    8.632    1.454
 258.60   21.774   21.848   21.858    1.789    0.667   -3.226    1.789    0.667   -2.151   -5.771    1.193    7.025    3.137
 258.70   21.727   21.734   21.864    0.570    2.383   -3.273    0.570    2.383   -7.800   -1.866    1.359    8.359    4.067
 258.80   20.928   21.107   21.172   -2.745    1.660   -4.072   -2.745    1.660   -6.761   11.179   -4.557   13.437    6.918
 258.90   21.254   21.616   21.778   -3.940    2.653   -3.746   -3.940    2.653   -9.939   14.761  -10.454   18.299   10.319
 259.00   20.948   21.034   21.182   -1.903    2.498   -4.052   -1.903    2.498  -10.122    7.711   -4.754   13.140    6.792
 259.10   22.141   22.290   22.378   -2.580    1.978   -2.859   -2.580    1.978   -5.655    7.377   -5.103    9.372    5.302
 259.20   21.610   22.073   22.432   -4.493    4.000   -3.390   -4.493    4.000  -13.557   15.230  -17.971   23.837   13.589
 259.30   22.071   22.164   22.512   -2.027    3.941   -2.929   -2.027    3.941  -11.542    5.936   -7.987   14.108    7.620
 259.40   22.019   22.041   22.264   -0.991    3.140   -2.981   -0.991    3.140   -9.359    2.953   -3.110    9.862    5.147
 259.50   22.424   22.494   22.624   -1.782    2.419   -2.576   -1.782    2.419   -6.233    4.591   -4.311    7.833    4.431
 259.60   21.607   21.631   21.676   -1.030    1.385   -3.393   -1.030    1.385   -4.700    3.494   -1.426    7.246    3.014
 259.70   21.962   22.018   22.047   -1.565    1.131   -3.038   -1.565    1.131   -3.436    4.753   -1.770    6.478    3.063
 259.80   21.874   21.930   21.994   -1.565    1.683   -3.126   -1.565    1.683   -5.262    4.891   -2.634    7.527    3.826
 259.90   22.070   22.080   22.199    0.673    2.299   -2.930    0.673    2.299   -6.737   -1.972    1.547    7.162    3.594
 260.00   21.027   21.036   21.190   -0.610    2.548   -3.973   -0.610    2.548  -10.121    2.423   -1.554   11.323    5.261
 260.10   20.275   20.280   20.303   -0.467    0.955   -4.725   -0.467    0.955   -4.511    2.207   -0.446   11.729    2.521
 260.20   20.098   20.110   20.128   -0.702    0.846   -4.902   -0.702    0.846   -4.146    3.442   -0.594   12.621    2.711
 260.30   21.068   21.173   21.227   -2.098    1.518   -3.932   -2.098    1.518   -5.969    8.250   -3.186   11.083    5.335
 260.40   20.716   20.829   20.847   -2.166    0.874   -4.284   -2.166    0.874   -3.745    9.277   -1.893   11.902    5.091
 260.50   21.201   21.260   21.308   -1.581   -1.430   -3.799   -1.581   -1.430    5.430    6.006    2.260    9.487    4.203
 260.60   21.525   21.638   21.653   -2.204   -0.818   -3.475   -2.204   -0.818    2.842    7.660    1.803    8.801    4.183
 260.70   22.076   22.084   22.091   -0.590   -0.556   -2.924   -0.590   -0.556    1.625    1.725    0.328    4.604    1.196
 260.80   21.280   21.323   21.333   -1.340    0.662   -3.720   -1.340    0.662   -2.462    4.983   -0.887    8.034    2.814
 260.90   21.976   22.083   22.128   -2.169    1.415   -3.024   -2.169    1.415   -4.280    6.559   -3.070    7.926    4.206
 261.00   23.519   23.528   23.541    0.631    0.799   -1.481    0.631    0.799   -1.182   -0.934    0.504    1.614    0.794
 261.10   23.942   24.146   24.160    3.132    0.837   -1.058    3.132    0.837   -0.886   -3.315    2.622    5.816    2.159
 261.20   22.480   22.594   22.596    2.261   -0.323   -2.520    2.261   -0.323    0.814   -5.696   -0.731    5.782    2.900
 261.30   21.471   21.717   21.743    3.260   -1.066   -3.529    3.260   -1.066    3.762  -11.506   -3.474   12.110    6.297
 261.40   22.481   22.637   22.717    2.649    1.904   -2.519    2.649    1.904   -4.796   -6.671    5.043    8.492    4.820
 261.50   22.553   22.569   22.599    0.827    1.163   -2.447    0.827    1.163   -2.845   -2.024    0.962    4.011    1.811
 261.60   22.552   22.723   22.748    2.781    1.071   -2.448    2.781    1.071   -2.622   -6.808    2.979    7.438    3.940
 261.70   22.013   22.310   22.526    3.627    3.115   -2.987    3.627    3.115   -9.306  -10.833   11.297   15.890    9.105
 261.80   21.333   21.413   21.531    1.842    2.256   -3.667    1.842    2.256   -8.273   -6.753    4.156   10.964    5.730
 261.90   22.750   22.781   22.787    1.192    0.520   -2.250    1.192    0.520   -1.169   -2.681    0.619    3.376    1.495
 262.00   20.829   21.008   21.017    2.740    0.596   -4.171    2.740    0.596   -2.487  -11.428    1.633   12.631    5.905
 262.10   21.281   21.576   21.576    3.558   -0.126   -3.719    3.558   -0.126    0.470  -13.234   -0.449   13.255    6.625
 262.20   23.274   23.453   23.454    2.896    0.124   -1.726    2.896    0.124   -0.214   -4.999    0.359    5.691    2.508
 262.30   24.688   24.814   24.814    2.501   -0.135   -0.312    2.501   -0.135    0.042   -0.781   -0.338    3.184    0.426
 262.40   27.044   27.398   27.415    4.393   -0.962    2.044    4.393   -0.962   -1.966    8.978   -4.225   12.199    5.058
 262.50   28.272   28.949   29.003    6.223   -1.757    3.272    6.223   -1.757   -5.751   20.366  -10.937   26.265   11.911
 262.60   27.106   28.119   28.174    7.477   -1.766    2.106    7.477   -1.766   -3.719   15.748  -13.204   31.732   10.443
 262.70   27.557   28.528   28.534    7.377    0.613    2.557    7.377    0.613    1.568   18.865    4.522   30.666    9.732
 262.80   27.425   28.396   28.414    7.362   -1.021    2.425    7.362   -1.021   -2.475   17.854   -7.513   30.558    9.764
 262.90   26.907   27.801   27.837    6.991   -1.414    1.907    6.991   -1.414   -2.698   13.334   -9.887   27.255    8.409
 263.00   27.094   27.202   27.355    2.413   -2.892    2.094    2.413   -2.892   -6.057    5.053   -6.978    9.286    5.266
 263.10   26.801   26.838   26.858    1.404   -1.026    1.801    1.404   -1.026   -1.848    2.528   -1.440    3.133    1.723
 263.20   26.971   27.128   27.130    2.921   -0.291    1.971    2.921   -0.291   -0.574    5.756   -0.851    6.250    2.924
 263.30   26.176   26.373   26.393    3.217   -1.044    1.176    3.217   -1.044   -1.227    3.782   -3.359    6.411    2.603
 263.40   25.923   26.156   26.167    3.488   -0.739    0.923    3.488   -0.739   -0.681    3.218   -2.576    6.781    2.089
 263.50   26.804   26.926   26.967    2.564   -1.478    1.804    2.564   -1.478   -2.667    4.626   -3.790    6.007    3.274
 263.60   27.056   27.094   27.100    1.441    0.553    2.056    1.441    0.553    1.136    2.962    0.796    3.304    1.636
 263.70   27.152   27.154   27.183    0.316    1.263    2.152    0.316    1.263    2.718    0.680    0.399    3.163    1.415
 263.80   27.375   27.434   27.454    1.798    1.056    2.375    1.798    1.056    2.507    4.269    1.898    4.992    2.651
 263.90   26.154   26.210   26.239    1.710    1.248    1.154    1.710    1.248    1.440    1.973    2.133    2.906    1.621
 264.00   25.735   25.743   25.744    0.613   -0.244    0.735    0.613   -0.244   -0.179    0.451   -0.149    0.488    0.254
 264.10   24.732   24.740   24.740    0.616    0.046   -0.268    0.616    0.046   -0.012   -0.165    0.028    0.226    0.084
 264.20   25.268   25.378   25.385    2.361   -0.615    0.268    2.361   -0.615   -0.165    0.632   -1.451    3.011    0.796
 264.30   25.608   25.765   25.778    2.843    0.820    0.608    2.843    0.820    0.498    1.728    2.330    4.562    1.472
 264.40   24.241   24.400   24.400    2.782    0.011   -0.759    2.782    0.011   -0.009   -2.113    0.031    4.158    1.056
 264.50   25.039   25.436   25.440    4.475    0.475    0.039    4.475    0.475    0.019    0.174    2.126   10.127    1.067
 264.60   25.565   26.225   26.227    5.848    0.275    0.565    5.848    0.275    0.156    3.305    1.611   17.297    1.840
 264.70   25.111   25.618   25.621    5.074   -0.373    0.111    5.074   -0.373   -0.041    0.561   -1.892   12.948    0.987
 264.80   25.319   25.830   25.877    5.109   -1.560    0.319    5.109   -1.560   -0.499    1.632   -7.972   14.320    4.076
 264.90   24.381   24.723   24.734    4.097   -0.735   -0.619    4.097   -0.735    0.455   -2.534   -3.011    8.854    1.981
 265.00   26.996   27.288   27.342    3.980   -1.722    1.996    3.980   -1.722   -3.438    7.944   -6.854   11.394    5.521
 265.10   28.514   28.671   28.693    2.991   -1.123    3.514    2.991   -1.123   -3.947   10.510   -3.359   11.277    5.859
 265.20   27.562   27.743   27.807    3.164   -1.888    2.562    3.164   -1.888   -4.836    8.106   -5.973   10.069    5.585
 265.30   27.109   27.136   27.243    1.204   -2.419    2.109    1.204   -2.419   -5.102    2.540   -2.913    5.875    3.200
 265.40   27.125   27.144   27.223    1.017   -2.073    2.125    1.017   -2.073   -4.405    2.161   -2.108    4.923    2.670
 265.50   25.477   25.477   25.541   -0.102   -1.800    0.477   -0.102   -1.800   -0.859   -0.049    0.183    1.740    0.440
 265.60   25.430   25.484   25.695   -1.653   -3.285    0.430   -1.653   -3.285   -1.413   -0.711    5.431    6.856    2.829
 265.70   25.179   25.206   25.314   -1.168   -2.329    0.179   -1.168   -2.329   -0.418   -0.209    2.721    3.410    1.380
 265.80   25.222   25.319   25.411   -2.215   -2.155    0.222   -2.215   -2.155   -0.479   -0.492    4.773    4.799    2.411
 265.90   26.798   26.911   26.912   -2.470    0.178    1.798   -2.470    0.178    0.320   -4.441   -0.439    4.682    2.237
 266.00   26.504   26.548   26.650   -1.527   -2.334    1.504   -1.527   -2.334   -3.510   -2.296    3.563    5.020    2.752
 266.10   28.491   28.518   28.579   -1.255   -1.862    3.491   -1.255   -1.862   -6.498   -4.379    2.335    8.612    4.088
 266.20   28.387   28.393   28.398   -0.604   -0.524    3.387   -0.604   -0.524   -1.775   -2.047    0.317    6.055    1.364
 266.30   25.402   25.429   25.442   -1.173   -0.817    0.402   -1.173   -0.817   -0.328   -0.471    0.958    1.102    0.559
 266.40   26.522   26.553   26.558    1.285   -0.522    1.522    1.285   -0.522   -0.794    1.956   -0.671    2.120    1.107
 266.50   26.648   26.654   26.662    0.568   -0.648    1.648    0.568   -0.648   -1.069    0.936   -0.368    1.729    0.734
 266.60   26.903   26.917   26.921    0.882    0.423    1.903    0.882    0.423    0.804    1.679    0.373    2.289    0.949
 266.70   25.539   25.569   25.697    1.240    2.558    0.539    1.240    2.558    1.379    0.669    3.172    4.185    1.761
 266.80   26.719   26.781   26.900    1.831    2.522    1.719    1.831    2.522    4.335    3.146    4.617    6.333    3.536
 266.90   27.331   27.456   27.463    2.614    0.593    2.331    2.614    0.593    1.382    6.095    1.549    6.311    3.219
 267.00   28.103   28.225   28.236    2.629   -0.755    3.103    2.629   -0.755   -2.344    8.158   -1.986    8.555    4.359
 267.10   26.229   26.312   26.464    2.093   -2.828    1.229    2.093   -2.828   -3.474    2.572   -5.918    6.943    3.664
 267.20   25.691   25.744   25.897    1.651   -2.806    0.691    1.651   -2.806   -1.940    1.142   -4.633    5.539    2.575
 267.30   25.390   25.391   25.606    0.212   -3.308    0.390    0.212   -3.308   -1.291    0.083   -0.703    5.571    0.736
 267.40   24.576   24.602   24.650    1.139   -1.539   -0.424    1.139   -1.539    0.652   -0.483   -1.752    1.922    0.965
 267.50   23.572   23.584   23.585    0.759    0.105   -1.428    0.759    0.105   -0.150   -1.084    0.080    1.313    0.548
 267.60   23.804   23.805   23.809    0.224    0.413   -1.196    0.224    0.413   -0.494   -0.268    0.093    0.826    0.285
 267.70   23.722   23.723   23.751   -0.270    1.146   -1.278   -0.270    1.146   -1.465    0.345   -0.309    1.510    0.768
 267.80   24.078   24.104   24.106   -1.127    0.236   -0.922   -1.127    0.236   -0.218    1.039   -0.266    1.088    0.547
 267.90   24.637   24.665   24.689   -1.172   -1.094   -0.363   -1.172   -1.094    0.397    0.425    1.282    1.351    0.704
 268.00   24.457   24.500   24.526   -1.448   -1.128   -0.543   -1.448   -1.128    0.613    0.786    1.634    1.833    0.957
 268.10   22.475   22.531   22.542   -1.590   -0.709   -2.525   -1.590   -0.709    1.791    4.015    1.128    4.704    2.269
 268.20   23.607   23.806   23.866   -3.078   -1.690   -1.393   -3.078   -1.690    2.354    4.288    5.200    7.134    3.570
 268.30   24.119   24.227   24.351   -2.284   -2.457   -0.881   -2.284   -2.457    2.165    2.012    5.610    6.013    3.170
 268.40   23.014   23.068   23.097   -1.585   -1.157   -1.986   -1.585   -1.157    2.299    3.148    1.834    3.898    2.154
 268.50   23.351   23.382   23.422   -1.214   -1.363   -1.649   -1.214   -1.363    2.247    2.002    1.654    3.025    1.717
 268.60   23.372   23.385   23.408    0.787   -1.031   -1.628    0.787   -1.031    1.678   -1.282   -0.812    2.167    1.131
 268.70   23.004   23.098   23.197    2.088   -2.141   -1.996    2.088   -2.141    4.274   -4.168   -4.470    6.464    3.729
 268.80   24.292   24.292   24.346    0.175   -1.618   -0.708    0.175   -1.618    1.146   -0.124   -0.284    1.575    0.593
 268.90   25.421   25.423   25.430    0.334   -0.572    0.421    0.334   -0.572   -0.241    0.141   -0.191    0.308    0.169
 269.00   25.158   25.170   25.172    0.774    0.313    0.158    0.774    0.313    0.050    0.123    0.242    0.361    0.138
 269.10   25.040   25.040   25.040   -0.004   -0.104    0.040   -0.004   -0.104   -0.004   -0.000    0.000    0.006    0.002
 269.20   25.273   25.330   25.359   -1.702    1.220    0.273   -1.702    1.220    0.333   -0.464   -2.075    2.229    1.076
 269.30   25.520   25.547   25.571   -1.176    1.109    0.520   -1.176    1.109    0.577   -0.612   -1.304    1.442    0.776
 269.40   24.984   25.108   25.109   -2.497   -0.183   -0.016   -2.497   -0.183    0.003    0.040    0.457    3.134    0.229
 269.50   25.364   25.462   25.521   -2.229   -1.745    0.364   -2.229   -1.745   -0.635   -0.811    3.889    4.073    2.012
 269.60   25.472   25.753   25.769   -3.795   -0.906    0.472   -3.795   -0.906   -0.428   -1.792    3.439    7.723    1.951
 269.70   26.833   26.965   26.986   -2.660   -1.062    1.833   -2.660   -1.062   -1.947   -4.876    2.824    5.782    2.981
 269.80   27.198   27.463   27.484   -3.812   -1.071    2.198   -3.812   -1.071   -2.354   -8.378    4.084   10.256    4.807
 269.90   26.472   26.841   26.848   -4.433    0.625    1.472   -4.433    0.625    0.920   -6.528   -2.771   11.107    3.576
 270.00   26.243   26.375   26.375   -2.633    0.127    1.243   -2.633    0.127    0.157   -3.273   -0.333    4.246    1.647
 270.10   25.908   26.045   26.045   -2.663    0.070    0.908   -2.663    0.070    0.063   -2.419   -0.185    3.962    1.213
 270.20   25.010   25.095   25.100   -2.070    0.489    0.010   -2.070    0.489    0.005   -0.021   -1.013    2.261    0.507
 270.30   25.939   26.019   26.019   -2.033   -0.149    0.939   -2.033   -0.149   -0.140   -1.909    0.304    2.518    0.969
 270.40   25.629   26.037   26.038   -4.588   -0.194    0.629   -4.588   -0.194   -0.122   -2.888    0.891   10.742    1.512
 270.50   25.778   26.244   26.254   -4.924    0.712    0.778   -4.924    0.712    0.554   -3.832   -3.505   12.678    2.612
 270.60   26.655   27.047   27.063   -4.586   -0.938    1.655   -4.586   -0.938   -1.553   -7.589    4.302   12.324    4.431
 270.70   26.471   26.679   26.680   -3.323    0.237    1.471   -3.323    0.237    0.349   -4.888   -0.789    6.632    2.482
 270.80   27.584   27.796   27.800   -3.428   -0.436    2.584   -3.428   -0.436   -1.127   -8.859    1.496    9.311    4.528
 270.90   27.999   28.426   28.427   -4.913   -0.141    2.999   -4.913   -0.141   -0.424  -14.733    0.695   16.576    7.378
 271.00   26.030   26.748   26.768   -6.153   -1.039    1.030   -6.153   -1.039   -1.070   -6.339    6.393   19.999    4.533
 271.10   23.832   24.592   24.601   -6.064   -0.667   -1.168   -6.064   -0.667    0.779    7.083    4.044   19.292    4.096
 271.20   24.207   24.564   24.572   -4.174    0.604   -0.793   -4.174    0.604   -0.479    3.311   -2.522    9.210    2.095
 271.30   24.932   25.644   25.644   -6.002   -0.126   -0.068   -6.002   -0.126    0.009    0.411    0.757   18.020    0.431
 271.40   25.502   26.293   26.337   -6.399   -1.530    0.502   -6.399   -1.530   -0.768   -3.213    9.792   21.771    5.167
 271.50   23.470   23.908   23.974   -4.558   -1.768   -1.530   -4.558   -1.768    2.706    6.974    8.061   13.121    5.498
 271.60   22.619   23.109   23.131   -4.733   -1.002   -2.381   -4.733   -1.002    2.387   11.270    4.745   14.539    6.229
 271.70   22.982   23.121   23.148   -2.538   -1.100   -2.018   -2.538   -1.100    2.221    5.123    2.792    5.863    3.121
 271.80   22.778   22.944   22.967   -2.749   -1.031   -2.222   -2.749   -1.031    2.291    6.106    2.835    6.777    3.556
 271.90   24.326   24.590   24.622   -3.591   -1.252   -0.674   -3.591   -1.252    0.844    2.419    4.498    7.460    2.588
 272.00   24.187   24.394   24.416   -3.173   -1.042   -0.813   -3.173   -1.042    0.847    2.580    3.305    5.907    2.139
 272.10   24.802   24.936   24.969   -2.582   -1.287   -0.198   -2.582   -1.287    0.255    0.512    3.324    4.182    1.686
 272.20   23.635   23.806   23.831   -2.850   -1.092   -1.365   -2.850   -1.092    1.491    3.889    3.113    5.588    2.600
 272.30   24.788   24.919   24.921   -2.552    0.247   -0.212   -2.552    0.247   -0.052    0.540   -0.631    3.308    0.416
 272.40   25.917   26.064   26.090   -2.766   -1.159    0.917   -2.766   -1.159   -1.062   -2.535    3.206    4.916    2.111
 272.50   26.302   26.477   26.482   -3.037    0.511    1.302   -3.037    0.511    0.666   -3.955   -1.552    5.589    2.150
 272.60   27.672   27.950   27.986   -3.936   -1.419    2.672   -3.936   -1.419   -3.792  -10.515    5.585   12.321    6.248
 272.70   27.583   27.813   27.870   -3.569   -1.789    2.583   -3.569   -1.789   -4.619   -9.217    6.383   11.303    6.063
 272.80   26.938   27.062   27.197   -2.597   -2.701    1.938   -2.597   -2.701   -5.233   -5.031    7.013    8.896    5.047
 272.90   26.821   26.831   26.875   -0.735   -1.547    1.821   -0.735   -1.547   -2.816   -1.338    1.137    3.124    1.659
 273.00   27.203   27.240   27.277   -1.433   -1.414    2.203   -1.433   -1.414   -3.115   -3.157    2.027    4.453    2.438
 273.10   27.773   27.787   27.789   -0.883   -0.352    2.773   -0.883   -0.352   -0.977   -2.449    0.311    4.296    1.327
 273.20   28.147   28.150   28.152   -0.409   -0.331    3.147   -0.409   -0.331   -1.041   -1.286    0.135    5.089    0.830
 273.30   28.081   28.087   28.087    0.561   -0.155    3.081    0.561   -0.155   -0.477    1.727   -0.087    4.916    0.897
 273.40   27.836   27.836   27.840    0.001   -0.497    2.836    0.001   -0.497   -1.410    0.003   -0.000    4.144    0.705
 273.50   27.815   27.815   27.818   -0.128    0.385    2.815   -0.128    0.385    1.083   -0.361   -0.049    4.044    0.571
 273.60   28.247   28.248   28.268    0.206    1.053    3.247    0.206    1.053    3.418    0.668    0.216    5.848    1.745
 273.70   28.431   28.432   28.460    0.215   -1.264    3.431    0.215   -1.264   -4.335    0.738   -0.272    6.706    2.203
 273.80   29.339   29.343   29.407    0.485   -1.942    4.339    0.485   -1.942   -8.425    2.103   -0.941   11.416    4.367
 273.90   28.061   28.061   28.186   -0.041   -2.646    3.061   -0.041   -2.646   -8.099   -0.125    0.108    8.186    4.050
 274.00   26.082   26.095   26.116    0.842   -1.048    1.082    0.842   -1.048   -1.134    0.911   -0.883    1.489    0.851
 274.10   27.003   27.056   27.056    1.695   -0.086    2.003    1.695   -0.086   -0.172    3.394   -0.146    3.445    1.701
 274.20   26.372   26.398   26.421    1.167   -1.101    1.372    1.167   -1.101   -1.510    1.601   -1.285    2.228    1.274
 274.30   25.254   25.345   25.478    2.148   -2.595    0.254    2.148   -2.595   -0.660    0.546   -5.573    5.705    2.819
 274.40   25.153   25.183   25.472    1.242   -3.824    0.153    1.242   -3.824   -0.584    0.189   -4.748    8.095    2.394
 274.50   23.737   23.832   23.896    2.126   -1.745   -1.263    2.126   -1.745    2.204   -2.685   -3.711    4.581    2.542
 274.60   23.751   24.010   24.025    3.515   -0.871   -1.249    3.515   -0.871    1.088   -4.391   -3.061    7.338    2.731
 274.70   22.553   22.725   22.726    2.790    0.218   -2.447    2.790    0.218   -0.533   -6.825    0.607    6.908    3.436
 274.80   22.647   22.830   22.897    2.878   -1.750   -2.353    2.878   -1.750    4.118   -6.771   -5.038    8.441    4.695
 274.90   22.490   22.529   22.608    1.330   -1.883   -2.510    1.330   -1.883    4.727   -3.338   -2.504    5.807    3.152
 275.00   24.168   24.172   24.173    0.463   -0.128   -0.832    0.463   -0.128    0.106   -0.386   -0.059    0.462    0.202
 275.10   23.774   23.775   23.775   -0.209   -0.026   -1.226   -0.209   -0.026    0.032    0.257    0.006    0.774    0.129
 275.20   23.849   23.849   23.875   -0.096   -1.109   -1.151   -0.096   -1.109    1.277    0.111    0.107    1.282    0.643
 275.30   24.044   24.050   24.067    0.543   -0.903   -0.956    0.543   -0.903    0.864   -0.519   -0.491    1.013    0.561
 275.40   23.470   23.504   23.538    1.265   -1.273   -1.530    1.265   -1.273    1.948   -1.936   -1.610    2.781    1.592
 275.50   23.680   23.685   23.705    0.501   -0.982   -1.320    0.501   -0.982    1.297   -0.661   -0.492    1.479    0.768
 275.60   24.021   24.021   24.023   -0.056    0.291   -0.979   -0.056    0.291   -0.285    0.055   -0.016    0.523    0.145
 275.70   24.400   24.400   24.442    0.000    1.435   -0.600    0.000    1.435   -0.861   -0.000    0.000    1.209    0.430
 275.80   24.855   24.976   24.981   -2.449    0.531   -0.145   -2.449    0.531   -0.077    0.354   -1.302    3.150    0.676
 275.90   25.562   25.697   25.700   -2.630    0.353    0.562   -2.630    0.353    0.199   -1.480   -0.928    3.680    0.879
 276.00   25.141   25.257   25.257   -2.412   -0.037    0.141   -2.412   -0.037   -0.005   -0.341    0.090    2.919    0.176
 276.10   24.718   24.792   24.809   -1.919    0.922   -0.282   -1.919    0.922   -0.260    0.541   -1.769    2.306    0.934
 276.20   24.578   24.579   24.651    0.068    1.885   -0.422    0.068    1.885   -0.795   -0.029    0.129    1.868    0.403
 276.30   25.462   25.481   25.559   -0.989    1.994    0.462   -0.989    1.994    0.920   -0.456   -1.972    2.583    1.112
 276.40   26.409   26.410   26.427    0.081    0.962    1.409    0.081    0.962    1.355    0.114    0.078    1.459    0.681
 276.50   26.044   26.078   26.146    1.328    1.887    1.044    1.328    1.887    1.970    1.386    2.506    3.207    1.738
 276.60   25.320   25.322   25.380    0.370    1.718    0.320    0.370    1.718    0.549    0.118    0.635    1.595    0.424
 276.70   25.522   25.603   25.628    2.029    1.147    0.522    2.029    1.147    0.599    1.059    2.327    2.853    1.313
 276.80   27.841   27.848   27.898    0.627    1.669    2.841    0.627    1.669    4.741    1.782    1.046    5.625    2.586
 276.90   27.633   27.688   27.762    1.733    2.036    2.633    1.733    2.036    5.362    4.563    3.529    7.042    3.938
 277.00   26.920   26.962   27.041    1.502    2.066    1.920    1.502    2.066    3.967    2.885    3.104    5.106    2.902
 277.10   26.066   26.092   26.117    1.156    1.148    1.066    1.156    1.148    1.224    1.233    1.327    1.896    1.093
 277.20   25.804   25.806   25.817    0.367   -0.741    0.804    0.367   -0.741   -0.595    0.295   -0.272    0.664    0.359
 277.30   26.275   26.397   26.433   -2.540   -1.382    1.275   -2.540   -1.382   -1.761   -3.238    3.510    4.993    2.545
 277.40   26.083   26.239   26.278   -2.857   -1.432    1.083   -2.857   -1.432   -1.551   -3.095    4.090    5.692    2.679
 277.50   25.127   25.232   25.236   -2.299   -0.412    0.127   -2.299   -0.412   -0.052   -0.293    0.947    2.736    0.496
 277.60   26.323   26.432   26.464   -2.401   -1.300    1.323   -2.401   -1.300   -1.720   -3.177    3.121    4.603    2.387
 277.70   24.989   25.059   25.065   -1.875   -0.534   -0.011   -1.875   -0.534    0.006    0.021    1.001    1.900    0.501
 277.80   25.848   25.885   25.891   -1.396   -0.555    0.848   -1.396   -0.555   -0.470   -1.184    0.775    1.488    0.745
 277.90   25.192   25.321   25.364   -2.553    1.485    0.192   -2.553    1.485    0.285   -0.490   -3.790    4.379    1.916
 278.00   25.417   25.635   25.636   -3.334    0.274    0.417   -3.334    0.274    0.114   -1.390   -0.912    5.680    0.833
 278.10   25.418   25.530   25.537   -2.396    0.587    0.418   -2.396    0.587    0.245   -1.001   -1.406    3.131    0.872
 278.20   26.494   26.540   26.547   -1.555   -0.596    1.494   -1.555   -0.596   -0.891   -2.324    0.928    2.504    1.328
 278.30   26.360   26.549   26.601   -3.163   -1.664    1.360   -3.163   -1.664   -2.263   -4.302    5.264    7.312    3.582
 278.40   28.167   28.500   28.657   -4.345   -2.993    3.167   -4.345   -2.993   -9.478  -13.763   13.005   18.935   10.588
 278.50   28.114   28.185   28.363   -2.005   -3.171    3.114   -2.005   -3.171   -9.875   -6.244    6.360   11.887    6.651
 278.60   27.796   27.797   27.939   -0.184   -2.815    2.796   -0.184   -2.815   -7.873   -0.514    0.518    7.890    3.953
 278.70   27.482   27.505   27.717   -1.123   -3.420    2.482   -1.123   -3.420   -8.487   -2.787    3.840    9.557    4.862
 278.80   28.974   28.994   29.078   -1.077   -2.200    3.974   -1.077   -2.200   -8.744   -4.279    2.369   10.897    5.010
 278.90   29.272   29.292   29.347   -1.105   -1.784    4.272   -1.105   -1.784   -7.620   -4.718    1.970   11.324    4.588
 279.00   28.137   28.321   28.377   -3.226   -1.782    3.137   -3.226   -1.782   -5.591  -10.120    5.751   11.712    6.456
 279.10   27.828   27.974   28.115   -2.851   -2.816    2.828   -2.851   -2.816   -7.965   -8.064    8.031   12.030    6.945
 279.20   29.304   29.322   29.464   -1.021   -2.884    4.304   -1.021   -2.884  -12.416   -4.395    2.945   13.945    6.748
 279.30   28.042   28.048   28.353   -0.598   -4.143    3.042   -0.598   -4.143  -12.602   -1.819    2.477   13.387    6.486
 279.40   27.189   27.190   27.211   -0.253   -1.064    2.189   -0.253   -1.064   -2.329   -0.554    0.269    2.994    1.205
 279.50   26.828   26.852   26.889   -1.122   -1.426    1.828   -1.122   -1.426   -2.607   -2.052    1.601    3.318    1.842
 279.60   26.060   26.106   26.230   -1.542   -2.553    1.060   -1.542   -2.553   -2.707   -1.635    3.938    5.011    2.525
 279.70   27.672   27.674   27.840   -0.367   -3.031    2.672   -0.367   -3.031   -8.098   -0.981    1.113    8.230    4.117
 279.80   28.346   28.350   28.499   -0.450   -2.919    3.346   -0.450   -2.919   -9.767   -1.507    1.314    9.959    4.985
 279.90   28.235   28.242   28.284   -0.623   -1.532    3.235   -0.623   -1.532   -4.958   -2.015    0.955    6.602    2.718
 280.00   28.386   28.389   28.389   -0.448    0.065    3.386   -0.448    0.065    0.218   -1.518   -0.029    5.834    0.767
 280.10   29.007   29.007   29.008   -0.142    0.278    4.007   -0.142    0.278    1.112   -0.570   -0.039    8.075    0.625
 280.20   28.653   28.677   28.731   -1.172    1.764    3.653   -1.172    1.764    6.443   -4.283   -2.068    8.915    4.004
 280.30   27.841   27.841   27.910    0.127    1.968    2.841    0.127    1.968    5.590    0.361    0.250    5.978    2.803
 280.40   28.756   28.759   28.795    0.423    1.440    3.756    0.423    1.440    5.409    1.590    0.610    8.180    2.835
 280.50   26.811   26.886   26.955    2.013    1.921    1.811    2.013    1.921    3.480    3.645    3.868    5.512    3.176
 280.60   25.459   25.554   25.598    2.210    1.496    0.459    2.210    1.496    0.686    1.014    3.305    3.665    1.762
 280.70   24.606   24.629   24.653    1.076    1.081   -0.394    1.076    1.081   -0.427   -0.424    1.164    1.242    0.655
 280.80   26.675   26.705   26.718    1.271    0.829    1.675    1.271    0.829    1.388    2.129    1.053    2.554    1.376
 280.90   26.434   26.448   26.449    0.834   -0.221    1.434    0.834   -0.221   -0.317    1.197   -0.184    1.401    0.626
 281.00   26.159   26.162   26.163    0.345   -0.212    1.159    0.345   -0.212   -0.246    0.400   -0.073    0.754    0.238
 281.10   28.673   28.680   28.681    0.621   -0.196    3.673    0.621   -0.196   -0.718    2.282   -0.121    6.959    1.198
 281.20   27.329   27.330   27.384   -0.273    1.721    2.329   -0.273    1.721    4.007   -0.636   -0.470    4.229    2.042
 281.30   28.042   28.089   28.090    1.626   -0.109    3.042    1.626   -0.109   -0.332    4.948   -0.177    5.956    2.481
 281.40   28.225   28.226   28.229    0.285   -0.405    3.225    0.285   -0.405   -1.306    0.920   -0.116    5.322    0.801
 281.50   26.724   26.735   26.754    0.793   -1.002    1.724    0.793   -1.002   -1.727    1.366   -0.794    2.301    1.170
 281.60   27.431   27.527   27.665    2.291   -2.765    2.431    2.291   -2.765   -6.722    5.570   -6.336    9.403    5.394
 281.70   29.035   29.068   29.076    1.374   -0.704    4.035    1.374   -0.704   -2.843    5.543   -0.967    9.334    3.152
 281.80   28.348   28.373   28.376    1.184   -0.409    3.348    1.184   -0.409   -1.370    3.964   -0.485    6.390    2.111
 281.90   28.593   28.679   28.704    2.210   -1.200    3.593    2.210   -1.200   -4.313    7.942   -2.653    9.619    4.710
 282.00   28.926   28.982   29.030    1.815   -1.656    3.926    1.815   -1.656   -6.499    7.125   -3.005   10.723    5.051
 282.10   29.589   29.601   29.626   -0.842   -1.217    4.589   -0.842   -1.217   -5.583   -3.862    1.024   11.623    3.433
 282.20   27.612   27.636   27.641   -1.164   -0.485    2.612   -1.164   -0.485   -1.268   -3.041    0.565    4.206    1.671
 282.30   29.614   29.719   29.740   -2.500    1.121    4.614   -2.500    1.121    5.171  -11.533   -2.802   14.396    6.473
 282.40   28.658   28.762   28.767   -2.449    0.516    3.658   -2.449    0.516    1.889   -8.956   -1.264    9.820    4.620
 282.50   28.831   28.986   29.015   -3.002    1.283    3.831   -3.002    1.283    4.915  -11.498   -3.851   12.665    6.542
 282.60   27.406   27.673   27.711   -3.835    1.458    2.406   -3.835    1.458    3.507   -9.228   -5.591   11.312    5.673
 282.70   27.936   28.051   28.105   -2.540    1.727    2.936   -2.540    1.727    5.072   -7.458   -4.388    9.029    5.015
 282.80   28.654   28.688   28.757   -1.402    1.993    3.654   -1.402    1.993    7.283   -5.122   -2.794    9.644    4.666
 282.90   27.198   27.208   27.208   -0.728   -0.133    2.198   -0.728   -0.133   -0.292   -1.601    0.097    2.689    0.815
 283.00   27.921   27.922   27.926    0.187   -0.492    2.921    0.187   -0.492   -1.438    0.547   -0.092    4.405    0.771
 283.10   28.286   28.310   28.338    1.169    1.269    3.286    1.169    1.269    4.170    3.842    1.484    6.887    2.931
 283.20   29.148   29.150   29.152    0.302    0.326    4.148    0.302    0.326    1.354    1.254    0.099    8.703    0.924
 283.30   29.835   29.902   29.903    2.000    0.259    4.835    2.000    0.259    1.254    9.673    0.519   13.724    4.884
 283.40   30.253   30.308   30.308    1.816    0.197    5.253    1.816    0.197    1.037    9.538    0.358   15.465    4.800
 283.50   29.937   29.945   29.950    0.710    0.537    4.937    0.710    0.537    2.653    3.506    0.382   12.583    2.207
 283.60   29.098   29.126   29.128    1.281   -0.314    4.098    1.281   -0.314   -1.286    5.247   -0.402    9.265    2.709
 283.70   28.899   28.899   28.913   -0.004   -0.897    3.899   -0.004   -0.897   -3.498   -0.017    0.004    8.002    1.749
 283.80   28.340   28.351   28.408    0.806   -1.797    3.340    0.806   -1.797   -6.002    2.691   -1.448    7.517    3.368
 283.90   28.647   28.648   28.665    0.204   -0.970    3.647    0.204   -0.970   -3.537    0.745   -0.198    7.143    1.810
 284.00   28.853   28.878   28.880    1.200    0.316    3.853    1.200    0.316    1.219    4.625    0.380    8.194    2.399
 284.10   29.459   29.563   29.563    2.479   -0.093    4.459    2.479   -0.093   -0.414   11.055   -0.230   13.019    5.532
 284.20   28.689   28.724   28.731    1.408    0.614    3.689    1.408    0.614    2.265    5.194    0.864    7.985    2.866
 284.30   28.165   28.169   28.280    0.491    2.497    3.165    0.491    2.497    7.902    1.554    1.226    8.246    4.073
 284.40   28.401   28.403   28.478    0.355    2.063    3.401    0.355    2.063    7.015    1.206    0.732    7.974    3.578
 284.50   27.800   27.805   27.853   -0.521    1.644    2.800   -0.521    1.644    4.602   -1.458   -0.856    5.406    2.451
 284.60   27.781   27.850   27.856   -1.959   -0.585    2.781   -1.959   -0.585   -1.627   -5.448    1.146    5.957    2.900
 284.70   27.422   27.620   27.640   -3.304   -1.055    2.422   -3.304   -1.055   -2.555   -8.001    3.485    8.947    4.547
 284.80   29.318   29.488   29.502   -3.158   -0.906    4.318   -3.158   -0.906   -3.914  -13.638    2.862   14.722    7.237
 284.90   29.134   29.252   29.257   -2.627   -0.561    4.134   -2.627   -0.561   -2.321  -10.859    1.475   12.152    5.601
 285.00   28.983   29.115   29.115   -2.769    0.074    3.983   -2.769    0.074    0.296  -11.030   -0.206   11.770    5.518
 285.10   28.466   28.485   28.527   -1.060   -1.540    3.466   -1.060   -1.540   -5.337   -3.673    1.632    7.753    3.341
 285.20   29.424   29.460   29.521    1.462   -1.900    4.424    1.462   -1.900   -8.403    6.469   -2.778   12.658    5.481
 285.30   28.762   28.828   28.871    1.945   -1.579    3.762    1.945   -1.579   -5.940    7.317   -3.071   10.215    4.956
 285.40   27.569   27.575   27.585    0.592   -0.737    2.569    0.592   -0.737   -1.893    1.522   -0.437    3.747    1.234
 285.50   29.102   29.104   29.119    0.269   -0.940    4.102    0.269   -0.940   -3.858    1.104   -0.253    8.894    2.010
 285.60   28.194   28.194   28.227    0.053    1.366    3.194    0.053    1.366    4.363    0.168    0.072    6.036    2.184
 285.70   27.715   27.721   27.729    0.598    0.649    2.715    0.598    0.649    1.762    1.623    0.388    4.074    1.213
 285.80   27.893   27.894   27.899   -0.167    0.568    2.893   -0.167    0.568    1.644   -0.483   -0.095    4.361    0.858
 285.90   28.020   28.117   28.121    2.335   -0.444    3.020    2.335   -0.444   -1.340    7.051   -1.035    7.384    3.626
 286.00   27.457   27.498   27.677    1.503   -3.145    2.457    1.503   -3.145   -7.727    3.693   -4.727    9.093    4.891
 286.10   28.889   28.891   29.063    0.338   -3.156    3.889    0.338   -3.156  -12.273    1.313   -1.065   12.599    6.195
 286.20   28.192   28.193   28.318    0.217   -2.658    3.192    0.217   -2.658   -8.485    0.692   -0.576    8.651    4.267
 286.30   27.311   27.393   27.594    2.123   -3.319    2.311    2.123   -3.319   -7.669    4.906   -7.045   10.431    5.756
 286.40   25.970   25.980   26.232    0.708   -3.628    0.970    0.708   -3.628   -3.520    0.687   -2.569    7.301    2.206
 286.50   25.767   25.772   25.923    0.518   -2.792    0.767    0.518   -2.792   -2.141    0.397   -1.445    4.326    1.307
 286.60   26.447   26.450   26.522   -0.373   -1.951    1.447   -0.373   -1.951   -2.824   -0.540    0.728    3.021    1.483
 286.70   27.685   27.689   27.697   -0.465   -0.672    2.685   -0.465   -0.672   -1.805   -1.248    0.313    3.938    1.108
 286.80   27.060   27.106   27.106   -1.578    0.059    2.060   -1.578    0.059    0.121   -3.249   -0.093    3.367    1.627
 286.90   25.849   25.973   25.974   -2.534    0.256    0.849   -2.534    0.256    0.217   -2.151   -0.649    3.604    1.129
 287.00   27.355   27.723   27.724   -4.506   -0.169    2.355   -4.506   -0.169   -0.397  -10.610    0.759   12.939    5.322
 287.10   28.663   28.910   28.960   -3.773    1.694    3.663   -3.773    1.694    6.206  -13.822   -6.393   15.263    8.222
 287.20   28.634   28.827   28.978   -3.324    2.954    3.634   -3.324    2.954   10.737  -12.081   -9.820   16.493    9.456
 287.30   28.010   28.203   28.225   -3.295    1.112    3.010   -3.295    1.112    3.346   -9.919   -3.663   10.577    5.545
 287.40   27.075   27.260   27.260   -3.170    0.146    2.075   -3.170    0.146    0.303   -6.577   -0.464    7.188    3.300
 287.50   26.384   26.696   26.697   -4.069    0.260    1.384   -4.069    0.260    0.360   -5.630   -1.058    9.270    2.870
 287.60   25.655   26.099   26.103   -4.791   -0.454    0.655   -4.791   -0.454   -0.298   -3.140    2.176   11.793    1.916
 287.70   26.299   26.799   26.912   -5.152   -2.474    1.299   -5.152   -2.474   -3.213   -6.691   12.744   17.174    7.374
 287.80   27.431   27.912   27.919   -5.162   -0.627    2.431   -5.162   -0.627   -1.523  -12.548    3.234   16.473    6.524
 287.90   28.729   29.720   29.726   -7.612   -0.574    3.729   -7.612   -0.574   -2.141  -28.385    4.370   36.086   14.400
 288.00   28.452   29.537   29.614   -7.933    2.136    3.452   -7.933    2.136    7.372  -27.385  -16.942   39.706   16.517
 288.10   27.581   28.644   28.650   -7.734    0.551    2.581   -7.734    0.551    1.421  -19.958   -4.259   33.386   10.229
 288.20   28.679   29.593   29.595   -7.298    0.289    3.679   -7.298    0.289    1.065  -26.853   -2.112   33.443   13.478
 288.30   28.898   29.690   29.696   -6.815    0.570    3.898   -6.815    0.570    2.221  -26.564   -3.884   30.983   13.469
 288.40   29.727   30.658   30.662   -7.496    0.527    4.727   -7.496    0.527    2.492  -35.434   -3.951   39.406   17.870
 288.50   29.585   30.281   30.287   -6.456    0.592    4.585   -6.456    0.592    2.715  -29.600   -3.823   31.527   14.985
 288.60   30.475   31.291   31.440   -7.100    3.059    5.475   -7.100    3.059   16.744  -38.870  -21.717   44.869   23.785
 288.70   30.312   31.185   31.240   -7.324    1.862    5.312   -7.324    1.862    9.892  -38.907  -13.638   42.664   21.199
 288.80   28.717   29.492   29.532   -6.718    1.532    3.717   -6.718    1.532    5.695  -24.971  -10.293   30.649   13.801
 288.90   28.007   28.826   28.888   -6.824    1.887    3.007   -6.824    1.887    5.673  -20.520  -12.876   29.587   12.440
 289.00   26.986   28.027   28.027   -7.569    0.105    1.986   -7.569    0.105    0.208  -15.029   -0.791   30.619    7.526
 289.10   28.173   29.205   29.247   -7.696   -1.554    3.173   -7.696   -1.554   -4.932  -24.419   11.963   35.857   13.818
 289.20   27.166   28.118   28.120   -7.257   -0.269    2.166   -7.257   -0.269   -0.583  -15.716    1.952   28.713    7.924
 289.30   27.710   28.608   28.609   -7.110    0.240    2.710   -7.110    0.240    0.650  -19.269   -1.705   28.976    9.677
 289.40   27.143   28.093   28.093   -7.241   -0.122    2.143   -7.241   -0.122   -0.262  -15.520    0.884   28.519    7.774
 289.50   26.987   27.723   27.733   -6.346   -0.738    1.987   -6.346   -0.738   -1.467  -12.611    4.684   22.381    6.766
 289.60   25.841   26.572   26.586   -6.190    0.866    0.841   -6.190    0.866    0.728   -5.205   -5.360   19.884    3.753
 289.70   24.733   25.079   25.131   -4.153    1.610   -0.267   -4.153    1.610   -0.430    1.110   -6.686    9.957    3.396
 289.80   25.615   25.878   25.921   -3.680    1.493    0.615   -3.680    1.493    0.918   -2.261   -5.495    8.074    3.006
 289.90   24.692   24.877   24.897   -3.030    0.995   -0.308   -3.030    0.995   -0.307    0.934   -3.016    5.134    1.586
 290.00   25.095   25.300   25.427   -3.218    2.534    0.095   -3.218    2.534    0.241   -0.306   -8.154    8.392    4.082
 290.10   24.839   25.158   25.316   -3.994    2.826   -0.161   -3.994    2.826   -0.456    0.645  -11.289   11.984    5.658
 290.20   25.102   25.119   25.146   -0.915    1.178    0.102   -0.915    1.178    0.120   -0.094   -1.078    1.117    0.544
 290.30   24.589   24.589   24.613    0.113    1.100   -0.411    0.113    1.100   -0.453   -0.046    0.124    0.696    0.236
 290.40   25.054   25.057   25.062    0.352   -0.524    0.054    0.352   -0.524   -0.028    0.019   -0.185    0.201    0.094
 290.50   23.947   24.034   24.161    2.034   -2.479   -1.053    2.034   -2.479    2.610   -2.141   -5.042    5.695    3.034
 290.60   23.768   24.067   24.080    3.783   -0.787   -1.232    3.783   -0.787    0.970   -4.660   -2.978    8.223    2.807
 290.70   22.586   22.780   22.804    2.973   -1.027   -2.414    2.973   -1.027    2.478   -7.178   -3.052    7.861    4.092
 290.80   22.175   22.248   22.255    1.799   -0.557   -2.825    1.799   -0.557    1.575   -5.083   -1.003    5.765    2.707
 290.90   22.407   22.494   22.500    1.969    0.537   -2.593    1.969    0.537   -1.393   -5.104    1.058    5.443    2.698
 291.00   23.930   24.121   24.134    3.034   -0.779   -1.070    3.034   -0.779    0.834   -3.248   -2.364    5.479    2.051
 291.10   23.509   23.510   23.535    0.246   -1.084   -1.491    0.246   -1.084    1.617   -0.368   -0.267    1.730    0.840
 291.20   23.494   23.544   23.606   -1.532   -1.705   -1.506   -1.532   -1.705    2.566    2.306    2.611    3.759    2.164
 291.30   23.532   23.536   23.611   -0.473   -1.879   -1.468   -0.473   -1.879    2.759    0.695    0.889    2.955    1.490
 291.40   22.865   22.931   22.989    1.735   -1.636   -2.135    1.735   -1.636    3.493   -3.705   -2.840    5.123    2.915
 291.50   23.380   23.397   23.436    0.897   -1.351   -1.620    0.897   -1.351    2.188   -1.453   -1.212    2.627    1.447
 291.60   22.642   22.645   22.664    0.384    0.935   -2.358    0.384    0.935   -2.204   -0.905    0.359    3.291    1.205
 291.70   22.449   22.494   22.511    1.419    0.886   -2.551    1.419    0.886   -2.260   -3.620    1.257    4.653    2.225
 291.80   23.151   23.223   23.237    1.836    0.798   -1.849    1.836    0.798   -1.476   -3.396    1.465    3.714    1.991
 291.90   24.324   24.381   24.474    1.670    2.126   -0.676    1.670    2.126   -1.437   -1.129    3.551    3.883    1.997
 292.00   23.328   23.369   23.419    1.393    1.532   -1.672    1.393    1.532   -2.563   -2.330    2.135    3.543    2.034
 292.10   23.577   23.580   23.581    0.404    0.265   -1.423    0.404    0.265   -0.377   -0.575    0.107    1.130    0.348
 292.20   25.220   25.268   25.324    1.571   -1.680    0.220    1.571   -1.680   -0.369    0.345   -2.639    2.669    1.343
 292.30   23.827   23.836   23.947    0.658   -2.304   -1.173    0.658   -2.304    2.703   -0.772   -1.517    3.559    1.597
 292.40   23.910   23.914   23.967    0.402   -1.593   -1.090    0.402   -1.593    1.736   -0.438   -0.641    1.944    0.951
 292.50   23.349   23.361   23.407    0.759    1.470   -1.651    0.759    1.470   -2.426   -1.254    1.116    2.731    1.475
 292.60   23.749   23.774   23.908    1.095    2.528   -1.251    1.095    2.528   -3.163   -1.369    2.767    4.577    2.210
 292.70   25.125   25.128   25.199   -0.377    1.892    0.125   -0.377    1.892    0.237   -0.047   -0.713    1.868    0.377
 292.80   23.401   23.420   23.439    0.939    0.933   -1.599    0.939    0.933   -1.491   -1.501    0.876    2.154    1.145
 292.90   22.960   22.962   22.962    0.308   -0.048   -2.040    0.308   -0.048    0.099   -0.628   -0.015    2.130    0.318
 293.00   22.402   22.429   22.465   -1.110    1.267   -2.598   -1.110    1.267   -3.291    2.885   -1.406    4.794    2.298
 293.10   23.814   23.816   23.818   -0.327    0.247   -1.186   -0.327    0.247   -0.293    0.388   -0.081    0.787    0.246
 293.20   24.529   24.544   24.552    0.858    0.616   -0.471    0.858    0.616   -0.290   -0.404    0.529    0.669    0.363
 293.30   24.468   24.548   24.575    1.991    1.132   -0.532    1.991    1.132   -0.603   -1.060    2.254    2.764    1.281
 293.40   24.041   24.126   24.126    2.027   -0.120   -0.959    2.027   -0.120    0.115   -1.945   -0.243    2.523    0.982
 293.50   23.379   23.526   23.526    2.622    0.063   -1.621    2.622    0.063   -0.101   -4.250    0.164    4.753    2.127
 293.60   23.689   23.911   23.922    3.250   -0.712   -1.311    3.250   -0.712    0.934   -4.260   -2.315    6.393    2.469
 293.70   23.605   23.743   23.762    2.553   -0.950   -1.395    2.553   -0.950    1.326   -3.562   -2.426    4.684    2.255
 293.80   23.519   23.559   23.674    1.379   -2.328   -1.481    1.379   -2.328    3.449   -2.043   -3.211    4.758    2.568
 293.90   23.415   23.449   23.876    1.263   -4.495   -1.585    1.263   -4.495    7.125   -2.003   -5.680   12.158    4.664
 294.00   25.645   25.735   26.538    2.149   -6.480    0.645    2.149   -6.480   -4.182    1.387  -13.923   23.510    7.302
 294.10   26.002   26.101   26.731    2.270   -5.772    1.002    2.270   -5.772   -5.783    2.275  -13.106   19.740    7.252
 294.20   26.584   26.770   27.376    3.147   -5.730    1.584    3.147   -5.730   -9.077    4.985  -18.029   22.620   10.396
 294.30   26.603   26.863   27.362    3.728   -5.201    1.603    3.728   -5.201   -8.335    5.976  -19.391   21.759   10.968
 294.40   27.467   27.559   27.903    2.243   -4.370    2.467    2.243   -4.370  -10.784    5.534   -9.803   15.110    7.794
 294.50   28.357   28.384   28.826    1.226   -5.029    3.357    1.226   -5.029  -16.884    4.115   -6.165   19.033    9.220
 294.60   28.527   28.552   28.886    1.188   -4.382    3.527    1.188   -4.382  -15.457    4.192   -5.208   16.528    8.420
 294.70   31.284   31.329   31.587    1.681   -4.025    6.284    1.681   -4.025  -25.293   10.563   -6.766   29.258   14.116
 294.80   29.400   29.400   29.686   -0.160   -4.108    4.400   -0.160   -4.108  -18.073   -0.705    0.658   18.128    9.049
 294.90   29.695   29.705   29.963    0.772   -3.922    4.695    0.772   -3.922  -18.415    3.625   -3.028   19.012    9.505
 295.00   31.412   31.413   31.530    0.240   -2.718    6.412    0.240   -2.718  -17.425    1.541   -0.653   24.276    8.753
 295.10   29.758   29.879   29.954    2.688   -2.110    4.758    2.688   -2.110  -10.041   12.792   -5.673   17.161    8.612
 295.20   27.173   27.329   27.386    2.920   -1.759    2.173    2.920   -1.759   -3.822    6.343   -5.136    8.170    4.506
 295.30   26.653   26.771   26.841    2.505   -1.948    1.653    2.505   -1.948   -3.221    4.142   -4.881    6.402    3.583
 295.40   29.682   29.864   29.864    3.288   -0.087    4.682    3.288   -0.087   -0.408   15.397   -0.287   16.372    7.703
 295.50   30.032   30.086   30.088    1.799   -0.402    5.032    1.799   -0.402   -2.025    9.054   -0.724   14.360    4.653
 295.60   29.897   29.907   29.909    0.786   -0.363    4.897    0.786   -0.363   -1.775    3.847   -0.285   12.364    2.123
 295.70   29.092   29.121   29.127    1.309    0.601    4.092    1.309    0.601    2.459    5.356    0.787    9.408    2.973
 295.80   28.963   29.060   29.077    2.372   -0.997    3.963    2.372   -0.997   -3.950    9.398   -2.364   11.160    5.232
 295.90   28.160   28.370   28.427    3.444   -1.808    3.160    3.444   -1.808   -5.715   10.882   -6.227   12.557    6.889
 296.00   29.238   29.251   29.304    0.887   -1.751    4.238    0.887   -1.751   -7.420    3.761   -1.554   10.906    4.231
 296.10   29.531   29.548   29.563   -0.987   -0.945    4.531   -0.987   -0.945   -4.280   -4.474    0.933   11.200    3.131
 296.20   29.193   29.194   29.210    0.243   -0.967    4.193    0.243   -0.967   -4.055    1.020   -0.235    9.288    2.094
 296.30   28.976   28.981   29.005    0.514    1.174    3.976    0.514    1.174    4.667    2.043    0.603    8.726    2.565
 296.40   30.001   30.024   30.169    1.167    2.964    5.001    1.167    2.964   14.822    5.834    3.458   17.577    8.150
 296.50   29.388   29.395   29.482    0.636    2.268    4.388    0.636    2.268    9.951    2.791    1.442   12.401    5.218
 296.60   30.254   30.282   30.443    1.292    3.125    5.254    1.292    3.125   16.421    6.786    4.037   19.521    9.110
 296.70   29.524   29.649   29.724    2.718    2.116    4.524    2.718    2.116    9.573   12.297    5.752   16.166    8.306
 296.80   29.387   29.463   29.510    2.117    1.668    4.387    2.117    1.668    7.317    9.287    3.532   13.253    6.170
 296.90   28.902   28.907   28.955    0.561    1.673    3.902    0.561    1.673    6.528    2.189    0.939    9.168    3.475
 297.00   28.025   28.086   28.131    1.854    1.590    3.025    1.854    1.590    4.810    5.610    2.948    7.559    3.978
 297.10   28.386   28.389   28.391    0.397   -0.322    3.386    0.397   -0.322   -1.089    1.345   -0.128    5.864    0.868
 297.20   27.978   27.983   27.984   -0.534    0.110    2.978   -0.534    0.110    0.328   -1.591   -0.059    4.584    0.813
 297.30   28.721   28.728   28.728   -0.660   -0.077    3.721   -0.660   -0.077   -0.286   -2.457    0.051    7.143    1.237
 297.40   29.053   29.087   29.091    1.422   -0.457    4.053    1.422   -0.457   -1.851    5.764   -0.650    9.327    3.044
 297.50   27.041   27.074   27.159    1.346   -2.146    2.041    1.346   -2.146   -4.380    2.746   -2.888    5.291    2.961
 297.60   28.577   28.598   28.639    1.087   -1.535    3.577    1.087   -1.535   -5.490    3.888   -1.668    8.167    3.466
 297.70   28.427   28.434   28.436    0.624    0.358    3.427    0.624    0.358    1.228    2.138    0.224    6.132    1.238
 297.80   29.277   29.278   29.324   -0.140    1.650    4.277   -0.140    1.650    7.057   -0.599   -0.231   10.519    3.543
 297.90   28.893   28.937   28.941    1.591    0.475    3.893    1.591    0.475    1.851    6.195    0.756    8.956    3.255
 298.00   26.691   26.731   26.731    1.464   -0.043    1.691    1.464   -0.043   -0.073    2.476   -0.063    2.503    1.239
 298.10   25.386   25.396   25.419    0.721    1.093    0.386    0.721    1.093    0.421    0.278    0.788    0.932    0.468
 298.20   26.190   26.222   26.230   -1.304    0.636    1.190   -1.304    0.636    0.757   -1.552   -0.830    1.761    0.958
 298.30   27.112   27.164   27.190   -1.685    1.189    2.112   -1.685    1.189    2.511   -3.558   -2.004    4.356    2.397
 298.40   28.133   28.180   28.200   -1.633    1.068    3.133   -1.633    1.068    3.345   -5.117   -1.744    6.811    3.179
 298.50   26.742   26.799   26.800   -1.735    0.238    1.742   -1.735    0.238    0.414   -3.024   -0.413    3.052    1.540
 298.60   25.075   25.100   25.105   -1.114    0.480    0.075   -1.114    0.480    0.036   -0.084   -0.535    0.738    0.271
 298.70   24.753   24.792   24.812   -1.391   -0.991   -0.247   -1.391   -0.991    0.245    0.344    1.379    1.490    0.721
 298.80   24.866   24.973   24.988   -2.312   -0.868   -0.134   -2.312   -0.868    0.116    0.309    2.006    3.058    1.016
 298.90   26.001   26.013   26.068   -0.781   -1.700    1.001   -0.781   -1.700   -1.702   -0.781    1.327    2.251    1.147
 299.00   24.839   24.873   24.879    1.302   -0.572   -0.161    1.302   -0.572    0.092   -0.210   -0.745    1.024    0.390
 299.10   25.636   25.661   25.735    1.130   -1.944    0.636    1.130   -1.944   -1.237    0.719   -2.197    2.731    1.311
 299.20   25.680   25.767   25.770    2.120   -0.398    0.680    2.120   -0.398   -0.270    1.441   -0.843    2.558    0.846
 299.30   26.389   26.419   26.428    1.260   -0.690    1.389    1.260   -0.690   -0.959    1.751   -0.870    1.997    1.089
 299.40   25.000   25.020   25.021    1.000    0.235   -0.000    1.000    0.235   -0.000   -0.000    0.235    0.528    0.118
 299.50   25.632   25.716   25.756    2.066    1.444    0.632    2.066    1.444    0.913    1.307    2.984    3.377    1.691
 299.60   25.494   25.673   25.850    3.020    3.024    0.494    3.020    3.024    1.495    1.493    9.133    9.256    4.687
 299.70   25.093   25.242   25.383    2.739    2.668    0.093    2.739    2.668    0.248    0.254    7.310    7.316    3.659
 299.80   24.470   24.521   24.552    1.572    1.235   -0.530    1.572    1.235   -0.654   -0.833    1.941    2.138    1.105
 299.90   24.838   24.838   24.848    0.139    0.703   -0.162    0.139    0.703   -0.114   -0.023    0.098    0.270    0.076
 300.00   25.300   25.318   25.387    0.956    1.861    0.300    0.956    1.861    0.559    0.287    1.779    2.233    0.943
 300.10   25.093   25.103   25.188    0.735    2.063    0.093    0.735    2.063    0.191    0.068    1.517    2.404    0.765
 300.20   24.940   24.940   25.138    0.080    3.151   -0.060    0.080    3.151   -0.190   -0.005    0.253    4.969    0.158
 300.30   25.555   25.555   25.742    0.083    3.097    0.555    0.083    3.097    1.719    0.046    0.259    4.953    0.869
 300.40   25.558   25.561   25.598   -0.425    1.364    0.558   -0.425    1.364    0.761   -0.237   -0.579    1.176    0.493
 300.50   25.772   25.772   25.813    0.125    1.453    0.772    0.125    1.453    1.122    0.097    0.182    1.361    0.570
 300.60   24.515   24.516   24.624   -0.210    2.303   -0.485   -0.210    2.303   -1.116    0.102   -0.484    2.791    0.610
 300.70   24.629   24.678   24.710    1.562    1.256   -0.371    1.562    1.256   -0.466   -0.580    1.961    2.077    1.049
 300.80   25.700   25.820   25.882    2.492    1.793    0.700    2.492    1.793    1.254    1.743    4.469    4.958    2.479
 300.90   25.139   25.293   25.293    2.786    0.141    0.139    2.786    0.141    0.020    0.387    0.391    3.899    0.275
 301.00   23.232   23.267   23.318    1.267    1.543   -1.768    1.267    1.543   -2.728   -2.240    1.955    3.556    2.017
 301.10   24.855   24.965   24.983    2.339    0.967   -0.145    2.339    0.967   -0.140   -0.340    2.261    3.214    1.145
 301.20   24.059   24.163   24.169    2.238   -0.532   -0.941    2.238   -0.532    0.501   -2.105   -1.191    3.088    1.235
 301.30   23.473   23.671   23.705    3.057   -1.270   -1.527    3.057   -1.270    1.939   -4.669   -3.881    6.645    3.187
 301.40   22.824   23.069   23.086    3.353   -0.897   -2.176    3.353   -0.897    1.952   -7.297   -3.007    8.392    4.065
 301.50   22.531   22.853   22.854    3.825    0.188   -2.469    3.825    0.188   -0.465   -9.445    0.721   10.382    4.742
 301.60   21.413   21.503   21.627    1.965    2.317   -3.587    1.965    2.317   -8.313   -7.050    4.554   11.050    5.907
 301.70   21.085   21.163   21.277    1.824    2.193   -3.915    1.824    2.193   -8.587   -7.142    4.000   11.734    5.932
 301.80   22.921   23.072   23.088    2.631    0.881   -2.079    2.631    0.881   -1.832   -5.469    2.318    6.009    3.108
 301.90   22.416   22.662   22.663    3.332    0.182   -2.584    3.332    0.182   -0.470   -8.612    0.605    8.908    4.323
 302.00   21.561   21.652   21.692    1.986    1.314   -3.439    1.986    1.314   -4.518   -6.830    2.608    8.749    4.297
 302.10   21.679   21.779   21.780    2.094    0.212   -3.321    2.094    0.212   -0.703   -6.956    0.443    7.731    3.503
 302.20   22.366   22.379   22.414   -0.756    1.263   -2.634   -0.756    1.263   -3.326    1.991   -0.955    4.552    1.996
 302.30   23.188   23.197   23.252    0.640    1.595   -1.812    0.640    1.595   -2.891   -1.159    1.021    3.119    1.639
 302.40   23.953   23.976   24.002    1.049    1.129   -1.047    1.049    1.129   -1.182   -1.098    1.183    1.735    1.000
 302.50   23.448   23.454   23.461   -0.530    0.569   -1.552   -0.530    0.569   -0.883    0.822   -0.301    1.506    0.622
 302.60   22.668   22.683   22.686   -0.816    0.354   -2.332   -0.816    0.354   -0.824    1.903   -0.289    3.114    1.047
 302.70   22.131   22.143   22.143    0.732   -0.052   -2.869    0.732   -0.052    0.150   -2.100   -0.038    4.384    1.053
 302.80   21.993   22.003   22.018   -0.676    0.824   -3.007   -0.676    0.824   -2.478    2.032   -0.557    5.090    1.626
 302.90   21.148   21.172   21.190    1.022   -0.859   -3.852    1.022   -0.859    3.310   -3.939   -0.878    8.312    2.610
 303.00   20.150   20.150   20.388    0.028   -3.106   -4.850    0.028   -3.106   15.062   -0.134   -0.086   16.583    7.531
 303.10   21.500   21.521   21.725   -0.960   -2.965   -3.500   -0.960   -2.965   10.378    3.359    2.845   10.982    5.637
 303.20   23.216   23.229   23.295    0.768   -1.755   -1.784    0.768   -1.755    3.130   -1.370   -1.348    3.425    1.836
 303.30   22.603   22.603   22.668    0.048   -1.712   -2.397    0.048   -1.712    4.105   -0.114   -0.082    4.341    2.054
 303.40   23.590   23.696   23.717    2.242   -0.998   -1.410    2.242   -0.998    1.407   -3.161   -2.236    4.004    2.060
 303.50   23.207   23.738   23.776    4.997   -1.333   -1.793    4.997   -1.333    2.390   -8.961   -6.658   14.979    5.708
 303.60   21.618   21.915   22.102    3.598   -2.866   -3.382    3.598   -2.866    9.692  -12.168  -10.309   16.297    9.331
 303.70   21.485   21.670   21.945    2.824   -3.466   -3.515    2.824   -3.466   12.185   -9.928   -9.791   16.175    9.259
 303.80   20.876   21.518   21.759    5.218   -3.228   -4.124    5.218   -3.228   13.313  -21.517  -16.845   27.327   15.199
 303.90   21.226   22.138   22.423    6.289   -3.563   -3.774    6.289   -3.563   13.447  -23.732  -22.410   33.245   17.651
 304.00   23.166   23.695   23.786    4.979   -2.072   -1.834    4.979   -2.072    3.799   -9.128  -10.316   16.221    7.144
 304.10   24.611   24.808   24.864    3.125   -1.660   -0.389    3.125   -1.660    0.646   -1.217   -5.187    6.336    2.683
 304.20   25.381   25.441   25.481    1.748   -1.413    0.381    1.748   -1.413   -0.539    0.667   -2.470    2.598    1.307
 304.30   24.470   24.554   24.669    2.027   -2.385   -0.530    2.027   -2.385    1.265   -1.075   -4.836    5.040    2.556
 304.40   23.279   23.396   23.469    2.337   -1.842   -1.721    2.337   -1.842    3.170   -4.021   -4.305    5.908    3.345
 304.50   24.276   24.391   24.446    2.362   -1.641   -0.724    2.362   -1.641    1.187   -1.709   -3.876    4.398    2.200
 304.60   23.888   23.939   23.940    1.560   -0.266   -1.112    1.560   -0.266    0.295   -1.734   -0.414    1.870    0.904
 304.70   24.805   24.828   24.828    1.075    0.086   -0.195    1.075    0.086   -0.017   -0.210    0.092    0.600    0.115
 304.80   25.439   25.439   25.454   -0.012   -0.868    0.439   -0.012   -0.868   -0.381   -0.005    0.011    0.473    0.190
 304.90   23.339   23.339   23.379   -0.097    1.361   -1.661   -0.097    1.361   -2.260    0.162   -0.133    2.310    1.135
 305.00   22.131   22.199   22.291   -1.732    2.025   -2.869   -1.732    2.025   -5.809    4.969   -3.508    7.666    4.206
 305.10   22.193   22.196   22.234   -0.388    1.302   -2.807   -0.388    1.302   -3.655    1.089   -0.505    4.863    1.923
 305.20   21.638   21.649   21.680    0.685    1.162   -3.362    0.685    1.162   -3.907   -2.302    0.796    6.560    2.302
 305.30   21.233   21.319   21.426    1.915    2.141   -3.767    1.915    2.141   -8.063   -7.214    4.099   11.219    5.785
 305.40   21.010   21.174   21.269    2.636    2.007   -3.990    2.636    2.007   -8.009  -10.519    5.291   13.451    7.120
 305.50   19.776   20.063   20.063    3.380   -0.131   -5.224    3.380   -0.131    0.686  -17.656   -0.444   19.365    8.837
 305.60   20.380   20.485   20.516    2.070   -1.127   -4.620    2.070   -1.127    5.206   -9.564   -2.333   13.449    5.568
 305.70   20.398   20.408   20.408    0.629   -0.169   -4.602    0.629   -0.169    0.779   -2.894   -0.106   10.802    1.500
 305.80   19.523   19.623   19.629    1.976   -0.478   -5.477    1.976   -0.478    2.617  -10.821   -0.944   17.063    5.587
 305.90   20.043   20.293   20.307    3.172   -0.752   -4.957    3.172   -0.752    3.726  -15.721   -2.384   17.597    8.166
 306.00   19.758   19.906   19.917    2.428   -0.645   -5.242    2.428   -0.645    3.383  -12.730   -1.567   16.898    6.632
 306.10   20.159   20.240   20.347    1.812   -2.083   -4.841    1.812   -2.083   10.082   -8.773   -3.774   15.530    6.944
 306.20   21.656   21.682   21.710    1.077   -1.104   -3.344    1.077   -1.104    3.693   -3.603   -1.189    6.782    2.647
 306.30   21.844   21.844   21.895   -0.000   -1.488   -3.156   -0.000   -1.488    4.696    0.001    0.001    6.086    2.348
 306.40   22.510   22.511   22.557   -0.220    1.441   -2.490   -0.220    1.441   -3.589    0.549   -0.317    4.164    1.822
 306.50   23.595   23.639   23.767    1.443    2.462   -1.405    1.443    2.462   -3.460   -2.028    3.554    5.060    2.679
 306.60   22.723   22.788   22.861    1.724    1.821   -2.277    1.724    1.821   -4.148   -3.927    3.140    5.738    3.259
 306.70   23.585   23.657   23.707    1.851    1.542   -1.415    1.851    1.542   -2.183   -2.620    2.855    3.904    2.224
 306.80   22.669   22.671   22.711   -0.312    1.340   -2.331   -0.312    1.340   -3.123    0.727   -0.418    3.663    1.617
 306.90   22.593   22.635   22.649    1.370    0.809   -2.407    1.370    0.809   -1.947   -3.298    1.109    4.162    1.993
 307.00   22.104   22.113   22.121    0.647    0.593   -2.896    0.647    0.593   -1.717   -1.873    0.383    4.579    1.285
 307.10   20.717   20.717   20.823    0.076    2.092   -4.283    0.076    2.092   -8.962   -0.324    0.158   11.364    4.485
 307.20   21.231   21.264   21.303    1.189    1.277   -3.769    1.189    1.277   -4.814   -4.480    1.519    8.625    3.375
 307.30   21.985   22.174   22.182    2.890   -0.603   -3.015    2.890   -0.603    1.817   -8.713   -1.742    8.903    4.535
 307.40   23.187   23.265   23.266    1.901   -0.137   -1.813    1.901   -0.137    0.249   -3.446   -0.261    3.459    1.732
 307.50   24.425   24.427   24.443    0.291   -0.888   -0.575    0.291   -0.888    0.511   -0.167   -0.258    0.602    0.298
 307.60   24.507   24.507   24.507   -0.026    0.099   -0.493   -0.026    0.099   -0.049    0.013   -0.003    0.127    0.025
 307.70   24.559   24.599   24.631   -1.405    1.244   -0.441   -1.405    1.244   -0.549    0.620   -1.749    1.859    0.967
 307.80   26.105   26.221   26.234   -2.458    0.843    1.105   -2.458    0.843    0.931   -2.718   -2.071    3.988    1.771
 307.90   25.124   25.703   25.705   -5.425    0.319    0.124   -5.425    0.319    0.039   -0.672   -1.730   14.772    0.928
 308.00   25.947   26.377   26.377   -4.742    0.043    0.947   -4.742    0.043    0.041   -4.491   -0.205   11.691    2.248
 308.10   27.090   27.351   27.423   -3.772    1.979    2.090   -3.772    1.979    4.136   -7.882   -7.465   11.255    5.809
 308.20   26.093   26.248   26.257   -2.843    0.687    1.093   -2.843    0.687    0.751   -3.108   -1.953    4.874    1.873
 308.30   26.478   26.589   26.596   -2.428    0.615    1.478   -2.428    0.615    0.909   -3.589   -1.492    4.229    1.996
 308.40   26.904   26.952   27.005   -1.611   -1.687    1.904   -1.611   -1.687   -3.212   -3.067    2.718    4.533    2.604
 308.50   27.141   27.263   27.298   -2.576   -1.372    2.141   -2.576   -1.372   -2.938   -5.515    3.534    6.550    3.589
 308.60   27.581   27.729   27.779   -2.854   -1.670    2.581   -2.854   -1.670   -4.310   -7.367    4.765    8.799    4.888
 308.70   25.834   26.019   26.020   -3.099    0.134    0.834   -3.099    0.134    0.112   -2.584   -0.416    5.159    1.310
 308.80   25.030   25.269   25.318   -3.469   -1.576    0.030   -3.469   -1.576   -0.047   -0.104    5.468    7.260    2.735
 308.90   23.882   24.014   24.109   -2.522   -2.132   -1.118   -2.522   -2.132    2.384    2.821    5.376    6.078    3.261
 309.00   24.743   24.803   24.823   -1.731   -0.995   -0.257   -1.731   -0.995    0.256    0.445    1.722    2.025    0.898
 309.10   26.374   26.394   26.394   -1.017    0.013    1.374   -1.017    0.013    0.018   -1.397   -0.013    1.461    0.699
 309.20   26.495   26.495   26.565   -0.149   -1.921    1.495   -0.149   -1.921   -2.871   -0.223    0.286    2.973    1.447
 309.30   25.953   25.958   26.028    0.489   -1.921    0.953    0.489   -1.921   -1.830    0.466   -0.940    2.418    1.055
 309.40   26.875   26.934   26.997    1.780   -1.843    1.875    1.780   -1.843   -3.456    3.337   -3.280    5.040    2.909
 309.50   26.927   26.928   26.961    0.118   -1.347    1.927    0.118   -1.347   -2.596    0.227   -0.159    2.771    1.305
 309.60   26.540   26.563   26.646   -1.103   -2.092    1.540   -1.103   -2.092   -3.223   -1.698    2.307    3.983    2.156
 309.70   25.827   25.846   25.859   -0.986   -0.820    0.827   -0.986   -0.820   -0.678   -0.815    0.809    1.164    0.667
 309.80   26.302   26.304   26.353    0.355   -1.607    1.302    0.355   -1.607   -2.092    0.462   -0.571    2.201    1.109
 309.90   27.432   27.452   27.475    1.044   -1.120    2.432    1.044   -1.120   -2.724    2.539   -1.170    4.130    1.952
 310.00   25.541   25.549   25.550   -0.649    0.187    0.541   -0.649    0.187    0.101   -0.351   -0.121    0.374    0.192
 310.10   26.629   26.665   26.729    1.388   -1.842    1.629    1.388   -1.842   -3.000    2.262   -2.556    3.986    2.272
 310.20   25.293   25.293   25.356    0.022   -1.791    0.293    0.022   -1.791   -0.524    0.007   -0.040    1.647    0.263
 310.30   24.194   24.238   24.289   -1.458   -1.574   -0.806   -1.458   -1.574    1.269    1.175    2.295    2.627    1.437
 310.40   24.376   24.598   24.678   -3.298   -1.985   -0.624   -3.298   -1.985    1.239    2.058    6.547    7.603    3.487
 310.50   26.896   27.114   27.206   -3.430   -2.232    1.896   -3.430   -2.232   -4.232   -6.505    7.655   10.171    5.450
 310.60   27.239   27.397   27.501   -2.936   -2.391    2.239   -2.936   -2.391   -5.355   -6.574    7.021    9.676    5.504
 310.70   26.758   26.912   27.030   -2.870   -2.531    1.758   -2.870   -2.531   -4.449   -5.046    7.263    8.866    4.950
 310.80   25.794   25.992   25.994   -3.202   -0.347    0.794   -3.202   -0.347   -0.276   -2.543    1.111    5.502    1.394
 310.90   25.379   25.648   25.648   -3.703   -0.142    0.379   -3.703   -0.142   -0.054   -1.404    0.525    6.939    0.750
 311.00   25.671   25.840   25.862   -2.951   -1.062    0.671   -2.951   -1.062   -0.713   -1.981    3.133    5.143    1.887
 311.10   26.294   26.348   26.434   -1.698   -2.125    1.294   -1.698   -2.125   -2.749   -2.196    3.609    4.537    2.520
 311.20   23.872   23.925   24.056   -1.583   -2.509   -1.128   -1.583   -2.509    2.829    1.785    3.971    5.035    2.596
 311.30   22.813   22.875   22.898   -1.686   -1.032   -2.187   -1.686   -1.032    2.257    3.687    1.740    4.345    2.330
 311.40   23.034   23.186   23.190   -2.651   -0.462   -1.966   -2.651   -0.462    0.908    5.213    1.224    5.553    2.715
 311.50   24.149   24.152   24.152   -0.392   -0.086   -0.851   -0.392   -0.086    0.073    0.333    0.034    0.443    0.171
 311.60   22.473   22.477   22.502   -0.437    1.054   -2.527   -0.437    1.054   -2.664    1.104   -0.461    3.844    1.460
 311.70   23.959   23.979   23.996   -0.977    0.918   -1.041   -0.977    0.918   -0.956    1.017   -0.897    1.441    0.830
 311.80   23.890   23.979   23.989   -2.061    0.711   -1.110   -2.061    0.711   -0.789    2.287   -1.466    2.992    1.414
 311.90   24.184   24.279   24.329   -2.148    1.550   -0.816   -2.148    1.550   -1.265    1.752   -3.330    3.841    1.985
 312.00   24.386   24.488   24.506   -2.225   -0.934   -0.614   -2.225   -0.934    0.573    1.365    2.077    3.099    1.275
 312.10   23.328   23.365   23.370   -1.325   -0.449   -1.672   -1.325   -0.449    0.751    2.215    0.595    2.377    1.207
 312.20   24.078   24.138   24.175   -1.711   -1.326   -0.922   -1.711   -1.326    1.223    1.579    2.269    2.769    1.511
 312.30   25.117   25.224   25.233   -2.327   -0.674    0.117   -2.327   -0.674   -0.079   -0.271    1.569    2.942    0.797
 312.40   24.935   25.137   25.144   -3.181    0.609   -0.065   -3.181    0.609   -0.040    0.207   -1.937    5.248    0.974
 312.50   24.039   24.514   24.524   -4.801   -0.706   -0.961   -4.801   -0.706    0.679    4.612    3.391   12.236    2.883
 312.60   25.062   25.435   25.440   -4.336   -0.501    0.062   -4.336   -0.501   -0.031   -0.271    2.172    9.527    1.094
 312.70   26.995   27.492   27.498   -5.205    0.543    1.995   -5.205    0.543    1.084  -10.385   -2.827   15.683    5.409
 312.80   26.391   26.764   26.764   -4.449   -0.093    1.391   -4.449   -0.093   -0.129   -6.191    0.413   10.870    3.103
 312.90   25.172   25.446   25.492   -3.725    1.531    0.172   -3.725    1.531    0.263   -0.640   -5.703    8.126    2.872
 313.00   27.291   27.341   27.341   -1.658    0.088    2.291   -1.658    0.088    0.202   -3.799   -0.146    4.003    1.904
 313.10   26.283   26.283   26.571   -0.085   -3.902    1.283   -0.085   -3.902   -5.004   -0.109    0.333    8.439    2.508
 313.20   24.873   24.873   25.237    0.027   -4.275   -0.127    0.027   -4.275    0.544   -0.003   -0.114    9.146    0.278
 313.30   26.618   26.639   26.705   -1.064   -1.872    1.618   -1.064   -1.872   -3.028   -1.722    1.992    3.627    2.006
 313.40   25.587   25.630   25.651   -1.486   -1.051    0.587   -1.486   -1.051   -0.617   -0.872    1.562    1.828    0.946
 313.50   25.620   25.667   25.809   -1.552   -2.704    0.620   -1.552   -2.704   -1.676   -0.962    4.197    5.053    2.310
 313.60   25.444   25.444   25.504   -0.087   -1.743    0.444   -0.087   -1.743   -0.774   -0.038    0.151    1.621    0.395
 313.70   25.333   25.341   25.391    0.623   -1.596    0.333    0.623   -1.596   -0.532    0.208   -0.994    1.523    0.573
 313.80   25.020   25.022   25.022    0.275   -0.146    0.020    0.275   -0.146   -0.003    0.006   -0.040    0.049    0.020
 313.90   25.288   25.298   25.301    0.694   -0.389    0.288    0.694   -0.389   -0.112    0.200   -0.270    0.358    0.177
 314.00   25.222   25.262   25.301    1.415   -1.413    0.222    1.415   -1.413   -0.314    0.315   -2.000    2.025    1.024
 314.10   26.361   26.370   26.423    0.676   -1.664    1.361    0.676   -1.664   -2.265    0.921   -1.125    2.539    1.346
 314.20   26.567   26.599   26.606   -1.298   -0.648    1.567   -1.298   -0.648   -1.016   -2.033    0.841    2.280    1.212
 314.30   25.819   25.853   25.879   -1.328    1.151    0.819   -1.328    1.151    0.942   -1.087   -1.528    1.879    1.049
 314.40   26.764   26.788   26.824   -1.141    1.392    1.764   -1.141    1.392    2.455   -2.012   -1.588    3.175    1.774
 314.50   25.104   25.128   25.130   -1.102    0.335    0.104   -1.102    0.335    0.035   -0.114   -0.369    0.668    0.194
 314.60   24.274   24.289   24.290   -0.866   -0.245   -0.726   -0.866   -0.245    0.178    0.629    0.212    0.669    0.344
 314.70   24.093   24.110   24.111    0.894    0.242   -0.907    0.894    0.242   -0.219   -0.811    0.216    0.840    0.434
 314.80   23.308   23.326   23.340    0.934   -0.802   -1.692    0.934   -0.802    1.357   -1.580   -0.749    2.189    1.107
 314.90   23.893   23.928   23.931    1.282   -0.375   -1.107    1.282   -0.375    0.415   -1.419   -0.481    1.505    0.777
 315.00   24.535   24.538   24.538   -0.394    0.050   -0.465   -0.394    0.050   -0.023    0.183   -0.020    0.187    0.093
 315.10   24.439   24.449   24.451   -0.721    0.247   -0.561   -0.721    0.247   -0.138    0.405   -0.178    0.448    0.232
 315.20   22.022   22.030   22.057    0.590   -1.085   -2.978    0.590   -1.085    3.232   -1.756   -0.640    5.197    1.867
 315.30   22.289   22.322   22.440   -1.217   -2.290   -2.711   -1.217   -2.290    6.209    3.299    2.787    7.037    3.781
 315.40   20.907   20.938   21.047   -1.139   -2.136   -4.093   -1.139   -2.136    8.742    4.662    2.433   11.305    5.101
 315.50   20.910   20.935   20.939   -1.022   -0.425   -4.090   -1.022   -0.425    1.739    4.180    0.435    8.977    2.274
 315.60   21.476   21.476   21.478   -0.059    0.231   -3.524   -0.059    0.231   -0.814    0.207   -0.014    6.236    0.420
 315.70   22.816   22.831   22.840   -0.843   -0.617   -2.184   -0.843   -0.617    1.348    1.841    0.520    2.931    1.170
 315.80   22.742   22.751   22.786   -0.654   -1.260   -2.258   -0.654   -1.260    2.846    1.477    0.824    3.558    1.655
 315.90   24.035   24.066   24.073    1.226   -0.570   -0.965    1.226   -0.570    0.550   -1.183   -0.699    1.380    0.740
 316.00   24.757   24.758   24.768    0.242   -0.690   -0.243    0.242   -0.690    0.168   -0.059   -0.167    0.297    0.122
 316.10   25.636   25.640   25.691   -0.442   -1.621    0.636   -0.442   -1.621   -1.031   -0.281    0.716    1.614    0.643
 316.20   27.441   27.447   27.447    0.589   -0.031    2.441    0.589   -0.031   -0.075    1.438   -0.018    3.152    0.720
 316.30   28.526   28.528   28.528    0.340    0.067    3.526    0.340    0.067    0.235    1.200    0.023    6.276    0.611
 316.40   26.632   26.646   26.654   -0.863   -0.640    1.632   -0.863   -0.640   -1.044   -1.408    0.552    1.908    0.919
 316.50   25.701   25.715   25.733   -0.840    0.973    0.701   -0.840    0.973    0.682   -0.589   -0.817    1.072    0.608
 316.60   25.064   25.078   25.158   -0.845    2.012    0.064   -0.845    2.012    0.128   -0.054   -1.700    2.382    0.853
 316.70   25.664   25.737   25.925   -1.942    3.117    0.664   -1.942    3.117    2.069   -1.289   -6.051    6.961    3.262
 316.80   24.236   24.305   24.513   -1.837    3.182   -0.764   -1.837    3.182   -2.431    1.404   -5.846    7.042    3.243
 316.90   25.002   25.156   25.545   -2.775    4.440    0.002   -2.775    4.440    0.010   -0.007  -12.318   13.705    6.159
 317.00   24.290   24.547   24.833   -3.544    3.758   -0.710   -3.544    3.758   -2.669    2.517  -13.320   13.595    6.908
 317.10   24.275   24.292   24.490   -0.892    3.115   -0.725   -0.892    3.115   -2.257    0.646   -2.777    5.510    1.818
 317.20   25.332   25.343   25.505   -0.751    2.867    0.332   -0.751    2.867    0.952   -0.250   -2.154    4.448    1.184
 317.30   26.004   26.004   26.108   -0.194    2.320    1.004   -0.194    2.320    2.329   -0.195   -0.451    3.214    1.190
 317.40   25.188   25.189   25.554   -0.247    4.306    0.188   -0.247    4.306    0.808   -0.046   -1.062    9.317    0.668
 317.50   24.497   24.503   24.620   -0.545    2.402   -0.503   -0.545    2.402   -1.209    0.274   -1.310    3.161    0.902
 317.60   22.805   22.839   23.058   -1.240    3.166   -2.195   -1.240    3.166   -6.949    2.721   -3.925    8.189    4.216
 317.70   23.525   23.547   23.645   -1.008    2.155   -1.475   -1.008    2.155   -3.178    1.487   -2.173    3.918    2.064
 317.80   23.758   23.958   24.241   -3.093    3.694   -1.242   -3.093    3.694   -4.589    3.843  -11.426   12.378    6.449
 317.90   25.394   25.485   25.939   -2.155    4.828    0.394   -2.155    4.828    1.902   -0.849  -10.407   14.057    5.307
 318.00   25.346   25.543   25.830   -3.167    3.839    0.346   -3.167    3.839    1.328   -1.096  -12.157   12.443    6.139
 318.10   24.558   24.728   25.007   -2.897    3.724   -0.442   -2.897    3.724   -1.645    1.280  -10.786   11.225    5.493
 318.20   24.620   24.638   24.818   -0.932    2.989   -0.380   -0.932    2.989   -1.135    0.354   -2.784    4.972    1.514
 318.30   25.740   25.764   25.990   -1.113    3.425    0.740   -1.113    3.425    2.533   -0.823   -3.811    6.759    2.325
 318.40   25.732   25.746   25.813   -0.875    1.851    0.732   -0.875    1.851    1.354   -0.640   -1.620    2.364    1.103
 318.50   25.200   25.229   25.274   -1.208    1.513    0.200   -1.208    1.513    0.303   -0.242   -1.827    1.894    0.934
 318.60   24.951   24.985   25.019   -1.295    1.305   -0.049   -1.295    1.305   -0.064    0.063   -1.689    1.691    0.846
 318.70   26.059   26.336   26.452   -3.807    2.473    1.059   -3.807    2.473    2.620   -4.033   -9.413   10.864    5.285
 318.80   25.446   25.808   26.025   -4.306    3.351    0.446   -4.306    3.351    1.496   -1.922  -14.426   14.982    7.315
 318.90   25.893   25.975   26.143   -2.070    2.953    0.893   -2.070    2.953    2.635   -1.848   -6.113    6.900    3.454
 319.00   23.173   23.173   23.192   -0.168    0.937   -1.827   -0.168    0.937   -1.713    0.307   -0.157    2.123    0.874
 319.10   23.457   23.457   23.457    0.104   -0.085   -1.543    0.104   -0.085    0.131   -0.160   -0.009    1.200    0.104
 319.20   23.826   23.892   23.909   -1.774   -0.910   -1.174   -1.774   -0.910    1.069    2.083    1.616    2.678    1.422
 319.30   22.560   22.739   22.739   -2.845   -0.077   -2.440   -2.845   -0.077    0.189    6.941    0.220    7.026    3.473
 319.40   22.258   22.389   22.419   -2.414   -1.164   -2.742   -2.414   -1.164    3.191    6.618    2.809    7.349    3.933
 319.50   22.442   22.711   22.715   -3.483    0.438   -2.558   -3.483    0.438   -1.121    8.908   -1.527    9.433    4.554
 319.60   22.102   22.648   22.684   -4.946    1.262   -2.898   -4.946    1.262   -3.659   14.336   -6.244   17.230    8.030
 319.70   22.060   22.618   22.721   -4.992    2.162   -2.940   -4.992    2.162   -6.357   14.677  -10.796   19.121    9.649
 319.80   22.242   22.979   23.113   -5.774    2.489   -2.758   -5.774    2.489   -6.864   15.925  -14.368   23.567   11.260
 319.90   20.068   20.920   21.037   -5.911    2.214   -4.932   -5.911    2.214  -10.919   29.154  -13.087   32.084   16.885
 320.00   20.862   21.325   21.409   -4.419    1.892   -4.138   -4.419    1.892   -7.828   18.284   -8.359   20.112   10.787
 320.10   21.560   21.940   22.236   -4.066    3.615   -3.440   -4.066    3.615  -12.438   13.989  -14.700   20.720   11.901
 320.20   22.250   22.382   22.571   -2.427    2.910   -2.750   -2.427    2.910   -8.002    6.674   -7.064   10.961    6.295
 320.30   23.723   23.785   24.006   -1.721    3.245   -1.277   -1.721    3.245   -4.145    2.198   -5.584    7.562    3.647
 320.40   23.869   24.005   24.051   -2.550    1.491   -1.131   -2.550    1.491   -1.685    2.883   -3.801    5.002    2.530
 320.50   24.270   24.430   24.430   -2.796    0.042   -0.730   -2.796    0.042   -0.030    2.042   -0.116    4.176    1.023
 320.60   23.514   23.678   23.679   -2.784    0.103   -1.486   -2.784    0.103   -0.154    4.136   -0.288    4.984    2.075
 320.70   22.671   22.814   22.844   -2.551    1.167   -2.329   -2.551    1.167   -2.717    5.939   -2.976    6.644    3.588
 320.80   23.252   23.365   23.493   -2.296    2.449   -1.748   -2.296    2.449   -4.282    4.014   -5.622    7.163    4.064
 320.90   24.962   25.093   25.108   -2.563    0.874   -0.038   -2.563    0.874   -0.033    0.098   -2.239    3.666    1.121
 321.00   25.865   25.963   25.972   -2.252   -0.677    0.865   -2.252   -0.677   -0.586   -1.948    1.525    3.139    1.271
 321.10   27.517   27.517   27.551   -0.132    1.358    2.517   -0.132    1.358    3.418   -0.332   -0.179    4.098    1.719
 321.20   28.077   28.084   28.292   -0.616    3.427    3.077   -0.616    3.427   10.544   -1.894   -2.109   10.795    5.459
 321.30   29.311   29.313   29.410   -0.363    2.395    4.311   -0.363    2.395   10.323   -1.563   -0.868   12.224    5.238
 321.40   29.595   29.641   29.685   -1.647    1.622    4.595   -1.647    1.622    7.455   -7.570   -2.673   13.229    5.478
 321.50   29.420   29.446   29.494   -1.224    1.684    4.420   -1.224    1.684    7.442   -5.409   -2.060   11.936    4.714
 321.60   29.101   29.267   29.306   -3.113    1.501    4.101   -3.113    1.501    6.156  -12.769   -4.673   14.383    7.463
 321.70   28.817   28.847   28.847   -1.324    0.026    3.817   -1.324    0.026    0.097   -5.054   -0.034    8.161    2.528
 321.80   26.277   26.284   26.323   -0.599   -1.439    1.277   -0.599   -1.439   -1.837   -0.765    0.862    2.030    1.084
 321.90   26.275   26.291   26.291   -0.916    0.060    1.275   -0.916    0.060    0.076   -1.168   -0.055    1.234    0.586
 322.00   28.857   28.857   28.860   -0.052   -0.415    3.857   -0.052   -0.415   -1.600   -0.199    0.021    7.524    0.806
 322.10   30.900   30.918   30.919    1.045   -0.228    5.900    1.045   -0.228   -1.347    6.168   -0.239   17.980    3.159
 322.20   31.305   31.308   31.308    0.361    0.059    6.305    0.361    0.059    0.370    2.278    0.021   19.947    1.154
 322.30   32.080   32.126   32.132    1.715   -0.610    7.080    1.715   -0.610   -4.320   12.143   -1.047   26.720    6.466
 322.40   31.858   32.046   32.095    3.468    1.778    6.858    3.468    1.778   12.194   23.780    6.166   31.108   13.713
 322.50   32.251   32.253   32.401    0.341    3.091    7.251    0.341    3.091   22.412    2.474    1.055   31.123   11.286
 322.60   32.565   32.566   32.800    0.267    3.910    7.565    0.267    3.910   29.581    2.019    1.044   36.293   14.834
 322.70   33.218   33.250   33.361    1.456    2.719    8.218    1.456    2.719   22.347   11.965    3.959   38.525   12.828
 322.80   34.341   34.381   34.396    1.668    1.026    9.341    1.668    1.026    9.587   15.581    1.712   45.541    9.187
 322.90   33.150   33.231   33.232    2.327    0.254    8.150    2.327    0.254    2.072   18.967    0.592   35.950    9.545
 323.00   32.924   32.957   32.957    1.468   -0.225    7.924    1.468   -0.225   -1.779   11.631   -0.330   32.497    5.885
 323.10   32.893   32.910   32.914    1.073   -0.499    7.893    1.073   -0.499   -3.941    8.473   -0.536   31.847    4.680
 323.20   32.413   32.418   32.491    0.604   -2.167    7.413    0.604   -2.167  -16.062    4.476   -1.308   30.004    8.363
 323.30   31.737   31.756   31.888   -1.110   -2.901    6.737   -1.110   -2.901  -19.541   -7.479    3.220   27.516   10.585
 323.40   31.231   31.232   31.378   -0.069   -3.033    6.231   -0.069   -3.033  -18.901   -0.429    0.209   24.018    9.454
 323.50   31.144   31.164   31.281   -1.132   -2.701    6.144   -1.132   -2.701  -16.593   -6.957    3.058   23.161    9.125
 323.60   30.184   30.199   30.375   -0.949   -3.262    5.184   -0.949   -3.262  -16.911   -4.920    3.096   19.209    8.941
 323.70   30.679   30.697   30.861   -1.074   -3.174    5.679   -1.074   -3.174  -18.026   -6.099    3.409   21.739    9.666
 323.80   31.859   31.859   31.920   -0.138   -1.978    6.859   -0.138   -1.978  -13.566   -0.948    0.273   25.487    6.801
 323.90   32.564   32.565   32.597   -0.129   -1.439    7.564   -0.129   -1.439  -10.887   -0.975    0.186   29.655    5.466
 324.00   31.777   31.808   31.808   -1.398   -0.116    6.777   -1.398   -0.116   -0.784   -9.471    0.162   23.947    4.753
 324.10   32.109   32.161   32.244   -1.835   -2.303    7.109   -1.835   -2.303  -16.369  -13.048    4.226   29.604   10.677
 324.20   31.302   31.348   31.405   -1.698   -1.891    6.302   -1.698   -1.891  -11.914  -10.699    3.210   23.086    8.166
 324.30   29.336   29.392   29.444   -1.826   -1.734    4.336   -1.826   -1.734   -7.520   -7.918    3.167   12.571    5.685
 324.40   30.509   30.513   30.670    0.507   -3.094    5.509    0.507   -3.094  -17.043    2.796   -1.570   20.089    8.671
 324.50   29.611   29.611   29.838    0.182   -3.669    4.611    0.182   -3.669  -16.918    0.841   -0.670   17.378    8.476
 324.60   28.897   28.909   29.051    0.853   -2.869    3.897    0.853   -2.869  -11.181    3.324   -2.448   12.072    5.959
 324.70   28.363   28.374   28.491    0.810   -2.572    3.363    0.810   -2.572   -8.648    2.723   -2.083    9.289    4.652
 324.80   27.249   27.263   27.406    0.854   -2.801    2.249    0.854   -2.801   -6.300    1.921   -2.391    6.816    3.503
 324.90   28.227   28.251   28.326    1.154   -2.053    3.227    1.154   -2.053   -6.626    3.725   -2.369    7.981    3.981
 325.00   27.904   27.971   27.995    1.929   -1.165    2.904    1.929   -1.165   -3.382    5.601   -2.246    6.755    3.459
 325.10   29.181   29.253   29.262    2.053    0.719    4.181    2.053    0.719    3.008    8.585    1.477   11.107    4.608
 325.20   29.391   29.463   29.463    2.059    0.187    4.391    2.059    0.187    0.820    9.041    0.385   11.776    4.543
 325.30   29.843   29.893   29.905    1.725   -0.839    4.843    1.725   -0.839   -4.061    8.353   -1.446   13.566    4.700
 325.40   28.173   28.252   28.261    2.113   -0.690    3.173    2.113   -0.690   -2.189    6.704   -1.458    7.504    3.601
 325.50   28.767   29.099   29.116    4.386   -1.006    3.767    4.386   -1.006   -3.791   16.520   -4.414   17.218    8.757
 325.60   27.622   28.029   28.050    4.761   -1.073    2.622    4.761   -1.073   -2.814   12.483   -5.111   15.348    6.890
 325.70   27.544   27.713   27.714    3.057   -0.179    2.544    3.057   -0.179   -0.455    7.777   -0.547    7.925    3.905
 325.80   29.288   29.312   29.315    1.174   -0.450    4.288    1.174   -0.450   -1.930    5.033   -0.528    9.984    2.708
 325.90   30.245   30.287   30.287    1.600    0.072    5.245    1.600    0.072    0.379    8.391    0.116   15.036    4.200
 326.00   30.400   30.519   30.519    2.696   -0.146    5.400    2.696   -0.146   -0.787   14.556   -0.393   18.222    7.291
 326.10   28.053   28.160   28.197    2.459    1.442    3.053    2.459    1.442    4.401    7.506    3.544    8.722    4.698
 326.20   28.380   28.413   28.415    1.367    0.288    3.380    1.367    0.288    0.975    4.620    0.394    6.689    2.369
 326.30   29.436   29.502   29.678    1.974   -3.220    4.436    1.974   -3.220  -14.285    8.756   -6.356   16.973    8.960
 326.40   27.920   28.031   28.055    2.486   -1.163    2.920    2.486   -1.163   -3.396    7.261   -2.891    8.032    4.261
 326.50   28.055   28.395   28.521    4.377   -2.683    3.055    4.377   -2.683   -8.196   13.374  -11.744   17.847    9.797
 326.60   28.132   28.185   28.189    1.725   -0.488    3.132    1.725   -0.488   -1.529    5.402   -0.842    6.512    2.838
 326.70   27.892   27.933   28.006    1.523   -2.020    2.892    1.523   -2.020   -5.843    4.406   -3.078    7.383    3.969
 326.80   26.708   26.799   26.883    2.212   -2.120    1.708    2.212   -2.120   -3.620    3.778   -4.691    6.153    3.514
 326.90   27.355   27.358   27.368    0.407   -0.759    2.355    0.407   -0.759   -1.788    0.958   -0.309    3.144    1.026
 327.00   26.270   26.296   26.306    1.170   -0.737    1.270    1.170   -0.737   -0.936    1.486   -0.862    1.762    0.978
 327.10   25.497   25.591   25.612    2.191   -1.046    0.497    2.191   -1.046   -0.520    1.089   -2.292    3.071    1.295
 327.20   26.021   26.160   26.160    2.688   -0.038    1.021    2.688   -0.038   -0.039    2.745   -0.102    4.135    1.374
 327.30   27.429   27.567   27.569    2.758   -0.294    2.429    2.758   -0.294   -0.715    6.699   -0.812    6.797    3.393
 327.40   28.522   28.780   28.801    3.846   -1.095    3.522    3.846   -1.095   -3.857   13.543   -4.211   14.195    7.349
 327.50   28.881   28.899   28.945    1.012   -1.634    3.881    1.012   -1.634   -6.341    3.928   -1.654    9.377    3.820
 327.60   29.322   29.408   29.432    2.255   -1.182    4.322    2.255   -1.182   -5.107    9.743   -2.664   12.578    5.659
 327.70   28.654   28.681   28.681    1.234   -0.220    3.654    1.234   -0.220   -0.804    4.508   -0.271    7.461    2.293
 327.80   28.585   28.592   28.594    0.644   -0.262    3.585    0.644   -0.262   -0.938    2.308   -0.168    6.668    1.249
 327.90   29.703   29.751   29.751   -1.686   -0.057    4.703   -1.686   -0.057   -0.266   -7.929    0.095   12.483    3.967
 328.00   31.005   31.045   31.045   -1.574    0.070    6.005   -1.574    0.070    0.421   -9.455   -0.110   19.272    4.732
 328.10   31.575   31.575   31.577   -0.204   -0.342    6.575   -0.204   -0.342   -2.250   -1.343    0.070   21.694    1.311
 328.20   32.367   32.392   32.395    1.273    0.478    7.367    1.273    0.478    3.521    9.379    0.609   28.059    5.018
 328.30   31.322   31.327   31.342    0.533    0.979    6.322    0.533    0.979    6.190    3.367    0.522   20.607    3.533
 328.40   32.168   32.206   32.215    1.557   -0.755    7.168    1.557   -0.755   -5.416   11.164   -1.177   27.192    6.232
 328.50   31.807   31.918   31.980    2.662   -1.993    6.807    2.662   -1.993  -13.565   18.117   -5.304   28.696   11.623
 328.60   32.462   32.514   32.525    1.841   -0.852    7.462    1.841   -0.852   -6.359   13.735   -1.569   29.895    7.608
 328.70   34.460   34.497   34.497    1.604   -0.016    9.460    1.604   -0.016   -0.153   15.173   -0.026   46.034    7.587
 328.80   32.583   32.594   32.594    0.836    0.166    7.583    0.836    0.166    1.260    6.337    0.139   29.112    3.231
 328.90   32.544   32.545   32.549   -0.295    0.486    7.544   -0.295    0.486    3.662   -2.225   -0.143   28.614    2.144
 329.00   34.634   34.667   34.678    1.509   -0.903    9.634    1.509   -0.903   -8.698   14.538   -1.363   47.950    8.498
 329.10   34.372   34.377   34.378    0.598    0.168    9.372    0.598    0.168    1.575    5.605    0.101   44.113    2.911
 329.20   34.676   34.676   34.678    0.099    0.409    9.676    0.099    0.409    3.957    0.958    0.041   46.900    2.036
 329.30   33.078   33.078   33.078   -0.112    0.093    8.078   -0.112    0.093    0.751   -0.904   -0.010   32.638    0.588
 329.40   32.162   32.174   32.179   -0.897    0.546    7.162   -0.897    0.546    3.910   -6.427   -0.490   26.197    3.769
 329.50   31.884   31.892   31.901   -0.722    0.753    6.884   -0.722    0.753    5.184   -4.969   -0.544   24.236    3.601
 329.60   33.384   33.385   33.420    0.118    1.530    8.384    0.118    1.530   12.825    0.992    0.181   36.326    6.432
 329.70   34.391   34.435   34.453    1.749    1.107    9.391    1.749    1.107   10.393   16.423    1.936   46.236    9.766
 329.80   32.266   32.276   32.280    0.804   -0.502    7.266    0.804   -0.502   -3.649    5.839   -0.404   26.849    3.449
 329.90   31.730   31.758   31.760    1.333   -0.317    6.730    1.333   -0.317   -2.133    8.970   -0.423   23.586    4.615
 330.00   30.987   30.988   30.990    0.090    0.365    5.987    0.090    0.365    2.185    0.541    0.033   17.996    1.126
 330.10   31.186   31.293   31.293    2.582    0.086    6.186    2.582    0.086    0.532   15.975    0.222   22.470    7.992
 330.20   31.570   31.590   31.594    1.123    0.473    6.570    1.123    0.473    3.105    7.379    0.531   22.326    4.012
 330.30   33.067   33.071   33.073    0.512    0.382    8.067    0.512    0.382    3.080    4.130    0.195   32.742    2.578
 330.40   33.172   33.173   33.235    0.202    2.025    8.172    0.202    2.025   16.546    1.649    0.408   35.465    8.317
 330.50   32.980   32.981   33.072    0.145    2.460    7.980    0.145    2.460   19.632    1.160    0.358   34.880    9.835
 330.60   32.535   32.536   32.556    0.282    1.151    7.535    0.282    1.151    8.671    2.126    0.325   29.089    4.467
 330.70   32.045   32.045   32.079   -0.064    1.479    7.045   -0.064    1.479   10.419   -0.450   -0.094   25.911    5.215
 330.80   32.423   32.425   32.479   -0.367    1.866    7.423   -0.367    1.866   13.851   -2.723   -0.684   29.359    7.066
 330.90   30.908   30.912   30.995    0.529    2.263    5.908    0.529    2.263   13.372    3.124    1.197   20.153    6.892
 331.00   31.833   31.842   31.842    0.785    0.081    6.833    0.785    0.081    0.552    5.360    0.063   23.653    2.694
 331.10   31.085   31.086   31.090    0.273   -0.478    6.085    0.273   -0.478   -2.908    1.663   -0.131   18.664    1.676
 331.20   31.709   31.754   31.774   -1.692   -1.120    6.709   -1.692   -1.120   -7.511  -11.353    1.895   24.563    6.872
 331.30   29.077   29.092   29.158   -0.915   -1.970    4.077   -0.915   -1.970   -8.030   -3.732    1.803   10.671    4.519
 331.40   30.620   30.625   30.867    0.525   -3.854    5.620    0.525   -3.854  -21.664    2.953   -2.025   23.361   10.979
 331.50   30.684   30.718   30.903    1.457   -3.370    5.684    1.457   -3.370  -19.155    8.279   -4.909   22.893   10.719
 331.60   29.080   29.351   29.427    3.978   -2.110    4.080    3.978   -2.110   -8.608   16.230   -8.391   18.460   10.098
 331.70   29.353   29.578   29.611    3.642   -1.398    4.353    3.642   -1.398   -6.087   15.853   -5.092   17.083    8.864
 331.80   27.766   27.771   27.785    0.529   -0.872    2.766    0.529   -0.872   -2.411    1.465   -0.461    4.346    1.429
 331.90   27.141   27.141   27.148   -0.104    0.628    2.141   -0.104    0.628    1.345   -0.222   -0.065    2.494    0.682
 332.00   29.059   29.071   29.071   -0.840    0.023    4.059   -0.840    0.023    0.094   -3.410   -0.019    8.589    1.706
 332.10   28.146   28.146   28.183   -0.080   -1.440    3.146   -0.080   -1.440   -4.530   -0.251    0.115    5.989    2.269
 332.20   28.050   28.196   28.203    2.873    0.601    3.050    2.873    0.601    1.834    8.763    1.728    8.959    4.559
 332.30   28.941   29.386   29.424    5.095    1.503    3.941    5.095    1.503    5.922   20.077    7.656   21.872   11.144
 332.40   30.284   30.573   30.614    4.193    1.593    5.284    4.193    1.593    8.419   22.157    6.682   24.020   12.313
 332.50   30.501   30.643   30.866    2.946    3.705    5.501    2.946    3.705   20.380   16.209   10.915   26.334   14.117
 332.60   29.673   30.004   30.235    4.441    3.731    4.673    4.441    3.731   17.435   20.755   16.570   27.742   15.885
 332.70   29.265   29.431   29.474    3.126    1.601    4.265    3.126    1.601    6.827   13.330    5.004   15.259    7.895
 332.80   30.702   30.847   30.986    2.991    2.930    5.702    2.991    2.930   16.705   17.052    8.762   25.020   12.714
 332.90   29.439   29.589   29.598    2.975    0.691    4.439    2.975    0.691    3.066   13.209    2.055   14.520    6.858
 333.00   30.587   30.613   30.631    1.258    1.064    5.587    1.258    1.064    5.946    7.026    1.339   16.964    4.651
 333.10   28.737   28.744   28.754    0.632    0.773    3.737    0.632    0.773    2.890    2.360    0.488    7.481    1.881
 333.20   27.382   27.394   27.420    0.799    1.198    2.382    0.799    1.198    2.853    1.902    0.956    3.874    1.780
 333.30   28.355   28.358   28.358    0.349    0.155    3.355    0.349    0.155    0.521    1.172    0.054    5.703    0.642
 333.40   29.152   29.159   29.165   -0.623    0.590    4.152   -0.623    0.590    2.449   -2.586   -0.367    8.987    1.790
 333.50   28.579   28.672   28.703   -2.306    1.330    3.579   -2.306    1.330    4.762   -8.253   -3.067    9.949    5.005
 333.60   28.323   28.336   28.357   -0.877    1.100    3.323   -0.877    1.100    3.653   -2.915   -0.965    6.509    2.386
 333.70   27.581   27.587   27.601   -0.570    0.883    2.581   -0.570    0.883    2.279   -1.470   -0.503    3.884    1.379
 333.80   26.869   26.904   26.907    1.355    0.403    1.869    1.355    0.403    0.753    2.532    0.546    2.746    1.349
 333.90   26.679   26.751   26.802    1.961    1.651    1.679    1.961    1.651    2.773    3.293    3.237    4.695    2.693
 334.00   26.645   26.750   26.752    2.369    0.337    1.645    2.369    0.337    0.554    3.897    0.798    4.216    2.008
 334.10   25.468   25.527   25.532    1.733   -0.479    0.468    1.733   -0.479   -0.224    0.812   -0.830    1.726    0.591
 334.20   26.328   26.338   26.339    0.722   -0.283    1.328    0.722   -0.283   -0.376    0.959   -0.204    1.182    0.525
 334.30   26.639   26.665   26.669    1.171    0.474    1.639    1.171    0.474    0.776    1.920    0.555    2.142    1.072
 334.40   26.624   26.680   26.709    1.732    1.229    1.624    1.732    1.229    1.996    2.812    2.128    3.573    2.026
 334.50   24.552   24.553   24.596   -0.257    1.462   -0.448   -0.257    1.462   -0.656    0.115   -0.376    1.203    0.382
 334.60   25.755   25.775   25.868    1.015    2.194    0.755    1.015    2.194    1.657    0.766    2.226    3.207    1.439
 334.70   24.838   24.852   25.032    0.857    2.990   -0.162    0.857    2.990   -0.486   -0.139    2.563    4.852    1.306
 334.80   26.432   26.432   26.547   -0.051    2.465    1.432   -0.051    2.465    3.531   -0.073   -0.126    4.066    1.767
 334.90   26.700   26.804   26.899    2.356    2.258    1.700    2.356    2.258    3.840    4.006    5.321    6.771    3.844
 335.00   27.799   27.799   27.836    0.096    1.425    2.799    0.096    1.425    3.988    0.268    0.136    4.937    2.000
 335.10   28.290   28.316   28.339   -1.217    1.126    3.290   -1.217    1.126    3.703   -4.004   -1.370    6.786    2.812
 335.20   28.961   28.984   28.987    1.173   -0.378    3.961    1.173   -0.378   -1.498    4.646   -0.444    8.603    2.451
 335.30   29.134   29.170   29.172    1.445    0.394    4.134    1.445    0.394    1.630    5.975    0.570    9.667    3.110
 335.40   28.760   28.806   28.813    1.641   -0.602    3.760    1.641   -0.602   -2.262    6.170   -0.987    8.595    3.323
 335.50   30.092   30.167   30.172    2.112    0.584    5.092    2.112    0.584    2.974   10.754    1.233   15.367    5.613
 335.60   30.230   30.239   30.251    0.732   -0.856    5.230    0.732   -0.856   -4.475    3.827   -0.626   14.310    2.961
 335.70   30.337   30.394   30.394    1.858    0.114    5.337    1.858    0.114    0.610    9.919    0.212   15.977    4.970
 335.80   29.969   30.018   30.041    1.707    1.188    4.969    1.707    1.188    5.906    8.482    2.029   14.510    5.266
 335.90   27.924   28.148   28.207    3.546    1.829    2.924    3.546    1.829    5.347   10.367    6.484   12.232    6.673
 336.00   29.682   30.103   30.124    5.021    1.127    4.682    5.021    1.127    5.275   23.505    5.657   24.197   12.372
 336.10   30.259   30.469   30.492    3.570    1.191    5.259    3.570    1.191    6.262   18.775    4.251   20.910   10.121
 336.20   31.138   31.289   31.292    3.062   -0.462    6.138    3.062   -0.462   -2.837   18.794   -1.415   23.634    9.530
 336.30   30.837   30.849   30.904    0.848    1.848    5.837    0.848    1.848   10.786    4.949    1.567   19.102    5.985
 336.40   30.266   30.297   30.414   -1.372    2.664    5.266   -1.372    2.664   14.029   -7.222   -3.655   18.353    8.099
 336.50   31.144   31.149   31.195   -0.529    1.700    6.144   -0.529    1.700   10.443   -3.249   -0.899   20.461    5.487
 336.60   30.462   30.466   30.537   -0.528    2.070    5.462   -0.528    2.070   11.309   -2.883   -1.093   17.198    5.861
 336.70   31.359   31.361   31.474   -0.372    2.666    6.359   -0.372    2.666   16.950   -2.368   -0.993   23.840    8.572
 336.80   33.269   33.278   33.439   -0.766    3.285    8.269   -0.766    3.285   27.164   -6.334   -2.517   39.875   14.003
 336.90   32.666   32.707   33.078    1.649    4.935    7.666    1.649    4.935   37.831   12.641    8.138   42.919   20.355
 337.00   32.047   32.047   32.406    0.175    4.808    7.047    0.175    4.808   33.880    1.234    0.842   36.401   16.957
 337.10   32.728   32.732   32.857   -0.467    2.860    7.728   -0.467    2.860   22.101   -3.607   -1.335   34.063   11.217
 337.20   32.188   32.196   32.268    0.718    2.148    7.188    0.718    2.148   15.441    5.158    1.541   28.398    8.176
 337.30   33.961   34.009   34.188    1.806    3.490    8.961    1.806    3.490   31.273   16.182    6.302   47.872   17.886
 337.40   33.051   33.051   33.095    0.060    1.711    8.051    0.060    1.711   13.778    0.482    0.103   33.875    6.893
 337.50   31.825   31.828   31.844   -0.429   -1.001    6.825   -0.429   -1.001   -6.829   -2.928    0.429   23.885    3.722
 337.60   31.091   31.168   31.175   -2.200   -0.661    6.091   -2.200   -0.661   -4.026  -13.398    1.454   21.186    7.033
 337.70   30.669   30.820   30.835   -3.043    0.984    5.669   -3.043    0.984    5.577  -17.252   -2.994   21.183    9.188
 337.80   30.555   30.628   30.651   -2.125    1.169    5.555   -2.125    1.169    6.494  -11.801   -2.484   18.368    6.849
 337.90   31.612   31.621   31.688   -0.764    2.056    6.612   -0.764    2.056   13.594   -5.053   -1.571   24.262    7.294
 338.00   32.854   32.988   33.040   -2.974    1.852    7.854   -2.974    1.852   14.549  -23.358   -5.509   36.981   14.032
 338.10   32.669   32.726   32.734   -1.926    0.727    7.669   -1.926    0.727    5.575  -14.768   -1.400   31.527    7.923
 338.20   31.300   31.300   31.327    0.084    1.292    6.300    0.084    1.292    8.143    0.528    0.108   20.683    4.080
 338.30   30.161   30.161   30.187    0.102    1.253    5.161    0.102    1.253    6.468    0.528    0.128   14.108    3.246
 338.40   31.241   31.243   31.243    0.387   -0.104    6.241    0.387   -0.104   -0.647    2.417   -0.040   19.554    1.251
 338.50   29.901   29.902   29.903   -0.202    0.314    4.901   -0.202    0.314    1.541   -0.991   -0.064   12.080    0.916
 338.60   29.646   29.647   29.662   -0.205    0.948    4.646   -0.205    0.948    4.407   -0.952   -0.194   11.264    2.256
 338.70   30.253   30.253   30.331   -0.010    2.174    5.253   -0.010    2.174   11.422   -0.054   -0.022   16.162    5.711
 338.80   31.981   31.984   32.014   -0.468    1.364    6.981   -0.468    1.364    9.520   -3.264   -0.638   25.407    5.042
 338.90   31.617   31.619   31.621   -0.329   -0.337    6.617   -0.329   -0.337   -2.231   -2.176    0.111   22.005    1.559
 339.00   30.914   30.932   30.936   -1.073   -0.482    5.914   -1.073   -0.482   -2.851   -6.346    0.517   18.177    3.488
 339.10   29.894   29.894   29.894   -0.031   -0.050    4.894   -0.031   -0.050   -0.244   -0.150    0.002   11.979    0.143
 339.20   30.797   30.801   30.802   -0.458   -0.263    5.797   -0.458   -0.263   -1.527   -2.658    0.121   16.944    1.534
 339.30   30.956   30.967   30.967   -0.816    0.203    5.956   -0.816    0.203    1.211   -4.863   -0.166   18.089    2.507
 339.40   31.367   31.414   31.425   -1.725    0.819    6.367   -1.725    0.819    5.211  -10.980   -1.412   22.089    6.118
 339.50   30.824   30.833   30.877   -0.726   -1.654    5.824   -0.726   -1.654   -9.633   -4.231    1.201   18.594    5.295
 339.60   31.378   31.448   31.513   -2.103   -2.026    6.378   -2.103   -2.026  -12.923  -13.415    4.262   24.603    9.554
 339.70   31.517   31.626   31.653   -2.629   -1.295    6.517   -2.629   -1.295   -8.439  -17.134    3.405   25.530    9.700
 339.80   30.389   30.427   30.433   -1.536   -0.583    5.389   -1.536   -0.583   -3.144   -8.278    0.896   15.869    4.450
 339.90   30.231   30.270   30.287   -1.540   -1.015    5.231   -1.540   -1.015   -5.311   -8.058    1.564   15.381    4.888
 340.00   28.498   28.606   28.614   -2.483   -0.639    3.498   -2.483   -0.639   -2.236   -8.687    1.587    9.407    4.555
 340.10   28.970   28.982   29.038   -0.841   -1.801    3.970   -0.841   -1.801   -7.152   -3.340    1.515    9.858    4.018
 340.20   27.781   27.786   27.862    0.519   -2.062    2.781    0.519   -2.062   -5.733    1.443   -1.070    6.126    3.004
 340.30   26.890   26.893   27.036   -0.379   -2.777    1.890   -0.379   -2.777   -5.250   -0.716    1.053    5.715    2.701
 340.40   26.969   27.057   27.057   -2.185   -0.020    1.969   -2.185   -0.020   -0.039   -4.302    0.043    4.326    2.151
 340.50   27.124   27.143   27.151   -1.007    0.655    2.124   -1.007    0.655    1.392   -2.139   -0.660    2.978    1.318
 340.60   26.174   26.233   26.254   -1.756    1.058    1.174   -1.756    1.058    1.241   -2.061   -1.857    2.790    1.520
 340.70   25.176   25.226   25.320   -1.596    2.179    0.176   -1.596    2.179    0.383   -0.281   -3.477    3.663    1.755
 340.80   23.447   23.447   23.605    0.080    2.724   -1.553    0.080    2.724   -4.229   -0.123    0.217    4.917    2.118
 340.90   24.803   24.850   25.065    1.530    3.271   -0.197    1.530    3.271   -0.644   -0.301    5.006    6.541    2.528
 341.00   24.673   24.697   24.801    1.084    2.269   -0.327    1.084    2.269   -0.741   -0.354    2.459    3.215    1.296
 341.10   24.557   24.557   24.655   -0.132    2.199   -0.443   -0.132    2.199   -0.975    0.059   -0.291    2.525    0.510
 341.20   24.109   24.172   24.512   -1.751    4.064   -0.891   -1.751    4.064   -3.621    1.561   -7.119   10.190    4.069
 341.30   22.547   22.553   22.610   -0.492    1.618   -2.453   -0.492    1.618   -3.969    1.208   -0.797    4.438    2.112
 341.40   24.436   24.436   24.442    0.064    0.542   -0.564    0.064    0.542   -0.306   -0.036    0.035    0.308    0.155
 341.50   24.672   24.682   24.687   -0.726    0.482   -0.328   -0.726    0.482   -0.158    0.238   -0.350    0.433    0.226
 341.60   23.182   23.190   23.191   -0.595    0.214   -1.818   -0.595    0.214   -0.389    1.081   -0.127    1.852    0.578
 341.70   24.151   24.153   24.169    0.341    0.859   -0.849    0.341    0.859   -0.730   -0.290    0.293    0.788    0.419
 341.80   23.130   23.188   23.191    1.636    0.365   -1.870    1.636    0.365   -0.683   -3.060    0.597    3.154    1.596
 341.90   22.713   22.725   22.818    0.756    2.058   -2.287    0.756    2.058   -4.708   -1.729    1.556    5.020    2.626
 342.00   23.142   23.146   23.151   -0.447   -0.458   -1.858   -0.447   -0.458    0.850    0.831    0.205    1.931    0.603
 342.10   23.076   23.108   23.108   -1.204   -0.130   -1.924   -1.204   -0.130    0.250    2.316    0.157    2.584    1.167
 342.20   25.133   25.136   25.137    0.389   -0.245    0.133    0.389   -0.245   -0.033    0.052   -0.095    0.114    0.057
 342.30   24.780   24.781   24.807    0.243    1.141   -0.220    0.243    1.141   -0.251   -0.053    0.277    0.705    0.189
 342.40   23.487   23.491   23.531   -0.448    1.370   -1.513   -0.448    1.370   -2.073    0.678   -0.614    2.183    1.133
 342.50   22.141   22.337   22.343   -2.957    0.519   -2.859   -2.957    0.519   -1.482    8.453   -1.533    8.592    4.359
 342.60   20.671   20.754   20.780   -1.862    1.034   -4.329   -1.862    1.034   -4.475    8.061   -1.924   11.639    4.709
 342.70   20.273   20.344   20.346   -1.689   -0.299   -4.727   -1.689   -0.299    1.413    7.983    0.505   12.641    4.061
 342.80   19.502   19.535   19.536   -1.136   -0.217   -5.498   -1.136   -0.217    1.193    6.247    0.246   15.785    3.182
 342.90   20.987   20.993   21.005   -0.499   -0.698   -4.013   -0.499   -0.698    2.801    2.002    0.348    8.418    1.730
 343.00   22.156   22.162   22.162   -0.492   -0.051   -2.844   -0.492   -0.051    0.144    1.398    0.025    4.165    0.703
 343.10   22.049   22.066   22.182   -0.868    2.265   -2.951   -0.868    2.265   -6.683    2.561   -1.965    7.295    3.711
 343.20   21.660   21.747   21.754   -1.940    0.559   -3.340   -1.940    0.559   -1.867    6.479   -1.085    7.615    3.415
 343.30   20.376   20.499   20.520   -2.247    0.928   -4.624   -2.247    0.928   -4.293   10.392   -2.086   13.649    5.718
 343.40   22.808   23.053   23.054   -3.352    0.193   -2.192   -3.352    0.193   -0.423    7.347   -0.646    8.039    3.694
 343.50   22.322   22.416   22.492   -2.044    1.857   -2.678   -2.044    1.857   -4.974    5.474   -3.797    7.400    4.157
 343.60   24.050   24.082   24.116   -1.227    1.286   -0.950   -1.227    1.286   -1.222    1.166   -1.579    2.032    1.156
 343.70   25.219   25.227   25.290   -0.671    1.773    0.219   -0.671    1.773    0.387   -0.147   -1.190    1.821    0.630
 343.80   26.753   26.840   26.891   -2.157    1.663    1.753   -2.157    1.663    2.916   -3.781   -3.587    5.246    2.986
 343.90   25.890   26.039   26.080   -2.783    1.469    0.890   -2.783    1.469    1.307   -2.476   -4.087    5.346    2.477
 344.00   24.481   24.735   24.736   -3.539    0.161   -0.519   -3.539    0.161   -0.084    1.836   -0.571    6.409    0.962
 344.10   24.784   25.047   25.087   -3.622   -1.403   -0.216   -3.622   -1.403    0.303    0.782    5.081    7.567    2.575
 344.20   25.240   25.383   25.391   -2.694    0.640    0.240   -2.694    0.640    0.153   -0.646   -1.723    3.861    0.923
 344.30   25.787   26.074   26.145   -3.857    1.928    0.787   -3.857    1.928    1.517   -3.036   -7.435    9.606    4.086
 344.40   26.011   26.349   26.584   -4.205    3.525    1.011   -4.205    3.525    3.564   -4.253  -14.822   15.565    7.913
 344.50   25.228   25.287   25.436   -1.734    2.743    0.228   -1.734    2.743    0.625   -0.395   -4.756    5.290    2.407
 344.60   23.637   23.708   23.870   -1.837    2.770   -1.363   -1.837    2.770   -3.775    2.504   -5.089    6.453    3.407
 344.70   24.370   24.432   24.734   -1.752    3.852   -0.630   -1.752    3.852   -2.428    1.104   -6.747    9.153    3.628
 344.80   24.725   24.750   25.023   -1.110    3.690   -0.275   -1.110    3.690   -1.015    0.305   -4.097    7.463    2.116
 344.90   25.479   25.511   25.613   -1.280    2.282    0.479   -1.280    2.282    1.093   -0.613   -2.922    3.539    1.590
 345.00   24.245   24.268   24.300   -1.059    1.246   -0.755   -1.059    1.246   -0.941    0.800   -1.320    1.623    0.904
 345.10   24.276   24.284   24.284    0.588   -0.023   -0.724    0.588   -0.023    0.016   -0.426   -0.013    0.435    0.213
 345.20   23.436   23.444   23.528    0.616    1.981   -1.564    0.616    1.981   -3.098   -0.963    1.220    3.374    1.733
 345.30   23.417   23.423   23.489    0.545    1.750   -1.583    0.545    1.750   -2.771   -0.863    0.954    2.933    1.527
 345.40   24.026   24.040   24.043   -0.810   -0.371   -0.974   -0.810   -0.371    0.361    0.788    0.301    0.871    0.459
 345.50   22.533   22.535   22.542    0.285    0.566   -2.467    0.285    0.566   -1.396   -0.704    0.161    3.244    0.786
 345.60   22.250   22.255   22.324   -0.442   -1.756   -2.750   -0.442   -1.756    4.829    1.217    0.777    5.421    2.520
 345.70   22.974   22.984   23.001   -0.673   -0.883   -2.026   -0.673   -0.883    1.788    1.363    0.594    2.668    1.163
 345.80   22.778   22.829   22.853    1.531   -1.049   -2.222    1.531   -1.049    2.331   -3.403   -1.606    4.192    2.213
 345.90   24.000   24.001   24.031    0.202   -1.206   -1.000    0.202   -1.206    1.206   -0.202   -0.243    1.248    0.623
 346.00   25.602   25.630   25.694   -1.189   -1.814    0.602   -1.189   -1.814   -1.093   -0.716    2.157    2.534    1.261
 346.10   26.974   27.120   27.315   -2.806   -3.266    1.974   -2.806   -3.266   -6.447   -5.539    9.164   11.218    6.249
 346.20   28.136   28.195   28.364   -1.814   -3.092    3.136   -1.814   -3.092   -9.697   -5.688    5.607   11.343    6.282
 346.30   28.458   28.489   28.590   -1.322   -2.408    3.458   -1.322   -2.408   -8.325   -4.573    3.184    9.751    5.009
 346.40   29.004   29.010   29.031   -0.613   -1.095    4.004   -0.613   -1.095   -4.384   -2.454    0.671    8.803    2.534
 346.50   28.730   28.734   28.784    0.466   -1.694    3.730    0.466   -1.694   -6.317    1.738   -0.789    8.499    3.300
 346.60   26.027   26.062   26.208   -1.358   -2.764    1.027   -1.358   -2.764   -2.838   -1.394    3.753    5.268    2.454
 346.70   25.677   25.704   25.789   -1.168   -2.087    0.677   -1.168   -2.087   -1.414   -0.791    2.438    3.090    1.463
 346.80   27.187   27.203   27.234   -0.927   -1.292    2.187   -0.927   -1.292   -2.826   -2.028    1.197    3.656    1.839
 346.90   27.102   27.120   27.163    0.983   -1.526    2.102    0.983   -1.526   -3.209    2.067   -1.500    3.858    2.051
 347.00   26.866   26.893   26.912   -1.203   -1.007    1.866   -1.203   -1.007   -1.880   -2.246    1.212    2.973    1.585
 347.10   27.670   27.782   27.914   -2.492   -2.712    2.670   -2.492   -2.712   -7.241   -6.655    6.759   10.348    5.967
 347.20   26.656   26.729   26.785   -1.973   -1.728    1.656   -1.973   -1.728   -2.862   -3.268    3.409    4.811    2.761
 347.30   27.227   27.265   27.411   -1.451   -2.820    2.227   -1.451   -2.820   -6.280   -3.230    4.091    7.508    4.081
 347.40   26.693   26.803   26.836   -2.419   -1.334    1.693   -2.419   -1.334   -2.260   -4.095    3.228    5.249    2.841
 347.50   27.353   27.408   27.409   -1.749   -0.125    2.353   -1.749   -0.125   -0.293   -4.115    0.218    4.305    2.066
 347.60   26.398   26.454   26.477   -1.728   -1.104    1.398   -1.728   -1.104   -1.543   -2.415    1.908    3.079    1.721
 347.70   24.587   24.635   24.765   -1.547   -2.532   -0.413   -1.547   -2.532    1.047    0.639    3.916    4.487    2.052
 347.80   26.593   26.685   26.926   -2.218   -3.593    1.593   -2.218   -3.593   -5.724   -3.534    7.970   10.184    5.215
 347.90   27.609   27.777   27.837   -3.051   -1.830    2.609   -3.051   -1.830   -4.773   -7.958    5.582    9.729    5.415
 348.00   27.001   27.132   27.339   -2.660   -3.355    2.001   -2.660   -3.355   -6.714   -5.323    8.923   11.167    6.185
 348.10   27.375   27.482   27.791   -2.430   -4.128    2.375   -2.430   -4.128   -9.804   -5.770   10.031   14.293    7.583
 348.20   26.419   26.569   27.007   -2.823   -4.847    1.419   -2.823   -4.847   -6.876   -4.005   13.685   16.739    7.915
 348.30   27.735   28.040   28.480   -4.129   -4.985    2.735   -4.129   -4.985  -13.634  -11.292   20.586   24.692   13.575
 348.40   27.833   28.024   28.131   -3.270   -2.455    2.833   -3.270   -2.455   -6.955   -9.262    8.029   12.372    7.047
 348.50   27.772   27.865   28.124   -2.281   -3.808    2.772   -2.281   -3.808  -10.555   -6.323    8.687   13.694    7.531
 348.60   28.127   28.203   28.455   -2.061   -3.780    3.127   -2.061   -3.780  -11.821   -6.445    7.791   14.158    7.778
 348.70   27.677   28.063   28.245   -4.636   -3.205    2.677   -4.636   -3.205   -8.580  -12.414   14.858   19.467   10.589
 348.80   27.573   27.672   27.840   -2.341   -3.052    2.573   -2.341   -3.052   -7.852   -6.023    7.146   10.708    6.103
 348.90   28.417   28.483   28.739   -1.947   -3.828    3.417   -1.947   -3.828  -13.079   -6.652    7.453   15.059    8.229
 349.00   28.454   28.554   29.142   -2.388   -5.826    3.454   -2.388   -5.826  -20.122   -8.249   13.916   25.789   12.909
 349.10   29.030   29.036   29.467   -0.589   -5.021    4.030   -0.589   -5.021  -20.235   -2.375    2.959   20.900   10.294
 349.20   28.223   28.349   28.665   -2.668   -4.246    3.223   -2.668   -4.246  -13.687   -8.598   11.328   17.768    9.869
 349.30   28.417   28.427   28.918   -0.773   -5.303    3.417   -0.773   -5.303  -18.119   -2.641    4.100   20.197    9.382
 349.40   28.541   28.543   29.171    0.352   -6.022    3.541    0.352   -6.022  -21.323    1.245   -2.117   24.464   10.732
 349.50   27.899   27.908   28.524    0.678   -5.900    2.899    0.678   -5.900  -17.105    1.964   -3.997   21.835    8.838
 349.60   28.464   28.471   28.928    0.631   -5.121    3.464    0.631   -5.121  -17.739    2.186   -3.232   19.312    9.082
 349.70   28.286   28.287   28.661   -0.236   -4.613    3.286   -0.236   -4.613  -15.158   -0.777    1.091   16.066    7.608
 349.80   28.192   28.199   28.383   -0.655   -3.225    3.192   -0.655   -3.225  -10.292   -2.090    2.111   10.507    5.356
 349.90   27.050   27.052   27.173   -0.328   -2.554    2.050   -0.328   -2.554   -5.237   -0.673    0.838    5.418    2.673
 350.00   26.563   26.569   26.655   -0.546   -2.143    1.563   -0.546   -2.143   -3.350   -0.853    1.170    3.667    1.825
 350.10   27.001   27.075   27.177   -1.990   -2.355    2.001   -1.990   -2.355   -4.714   -3.982    4.686    6.756    3.874
 350.20   28.091   28.236   28.278   -2.859   -1.545    3.091   -2.859   -1.545   -4.775   -8.838    4.417   10.058    5.487
 350.30   28.416   28.451   28.475   -1.425   -1.167    3.416   -1.425   -1.167   -3.988   -4.867    1.663    7.530    3.254
 350.40   26.119   26.120   26.203   -0.317   -2.072    1.119   -0.317   -2.072   -2.318   -0.354    0.656    2.823    1.217
 350.50   26.854   26.880   27.038    1.179   -2.922    1.854    1.179   -2.922   -5.418    2.186   -3.446    6.684    3.391
 350.60   26.354   26.363   26.459    0.659   -2.260    1.354    0.659   -2.260   -3.061    0.893   -1.490    3.688    1.760
 350.70   26.807   26.807   26.839    0.091   -1.315    1.807    0.091   -1.315   -2.375    0.164   -0.119    2.501    1.192
 350.80   26.624   26.629   26.643   -0.538   -0.852    1.624   -0.538   -0.852   -1.383   -0.874    0.459    1.826    0.850
 350.90   26.695   26.701   26.706   -0.573   -0.517    1.695   -0.573   -0.517   -0.876   -0.971    0.296    1.734    0.671
 351.00   27.430   27.490   27.522   -1.820   -1.321    2.430   -1.820   -1.321   -3.210   -4.422    2.404    5.480    2.985
 351.10   27.557   27.724   27.774   -3.041   -1.665    2.557   -3.041   -1.665   -4.258   -7.775    5.064    9.279    5.105
 351.20   27.668   27.772   27.773   -2.400   -0.327    2.668   -2.400   -0.327   -0.873   -6.402    0.785    6.492    3.254
 351.30   25.987   26.017   26.032   -1.254   -0.875    0.987   -1.254   -0.875   -0.864   -1.238    1.098    1.657    0.933
 351.40   25.881   25.937   26.022    1.702   -2.101    0.881    1.702   -2.101   -1.851    1.500   -3.576    4.044    2.149
 351.50   25.641   25.721   25.736    2.025   -0.901    0.641    2.025   -0.901   -0.578    1.298   -1.825    2.662    1.156
 351.60   23.495   23.524   23.524    1.171   -0.059   -1.505    1.171   -0.059    0.088   -1.763   -0.069    1.820    0.883
 351.70   24.616   24.632   24.640    0.900    0.618   -0.384    0.900    0.618   -0.237   -0.346    0.556    0.670    0.348
 351.80   24.180   24.182   24.192    0.350   -0.697   -0.820    0.350   -0.697    0.571   -0.287   -0.244    0.640    0.342
 351.90   23.196   23.217   23.237    0.987   -0.960   -1.804    0.987   -0.960    1.732   -1.781   -0.948    2.575    1.329
 352.00   23.146   23.147   23.183    0.175   -1.290   -1.854    0.175   -1.290    2.390   -0.325   -0.226    2.565    1.211
 352.10   22.230   22.269   22.280   -1.320   -0.692   -2.770   -1.320   -0.692    1.918    3.656    0.914    4.948    2.114
 352.20   22.678   22.702   22.723   -1.038   -0.977   -2.322   -1.038   -0.977    2.268    2.411    1.014    3.712    1.731
 352.30   20.664   20.679   20.680   -0.788   -0.146   -4.336   -0.788   -0.146    0.631    3.415    0.115    9.720    1.738
 352.40   20.730   20.984   20.984   -3.253   -0.065   -4.270   -3.253   -0.065    0.277   13.889    0.211   14.408    6.947
 352.50   21.715   21.945   21.951   -3.174   -0.483   -3.285   -3.174   -0.483    1.588   10.426    1.534   10.549    5.329
 352.60   21.954   22.521   22.522   -5.023   -0.122   -3.046   -5.023   -0.122    0.372   15.300    0.613   17.262    7.658
 352.70   19.882   20.215   20.228   -3.655   -0.708   -5.118   -3.655   -0.708    3.621   18.707    2.586   20.027    9.614
 352.80   20.792   21.186   21.271   -4.069   -1.898   -4.208   -4.069   -1.898    7.986   17.124    7.722   18.934   10.206
 352.90   20.990   21.594   21.653   -5.069   -1.604   -4.010   -5.069   -1.604    6.433   20.324    8.132   22.172   11.408
 353.00   20.327   20.539   20.633   -2.946   -1.965   -4.673   -2.946   -1.965    9.184   13.765    5.789   17.188    8.766
 353.10   20.295   20.597   20.600   -3.510   -0.353   -4.705   -3.510   -0.353    1.660   16.515    1.239   17.291    8.322
 353.20   21.859   22.299   22.300   -4.411   -0.197   -3.141   -4.411   -0.197    0.619   13.855    0.869   14.680    6.948
 353.30   20.872   21.361   21.361   -4.546    0.100   -4.128   -4.546    0.100   -0.414   18.764   -0.456   18.857    9.387
 353.40   22.122   22.433   22.433   -3.719   -0.079   -2.878   -3.719   -0.079    0.227   10.703    0.293   11.060    5.355
 353.50   23.303   23.362   23.386   -1.651    1.056   -1.697   -1.651    1.056   -1.792    2.801   -1.744    3.360    1.877
 353.60   24.047   24.170   24.245   -2.431    1.903   -0.953   -2.431    1.903   -1.813    2.317   -4.627    5.220    2.741
 353.70   23.806   23.808   23.896   -0.315    2.048   -1.194   -0.315    2.048   -2.444    0.376   -0.645    2.859    1.278
 353.80   25.312   25.322   25.365   -0.719    1.484    0.312   -0.719    1.484    0.462   -0.224   -1.068    1.409    0.593
 353.90   25.944   26.011   26.024   -1.874    0.825    0.944   -1.874    0.825    0.779   -1.769   -1.546    2.542    1.237
 354.00   25.192   25.225   25.225   -1.288   -0.050    0.192   -1.288   -0.050   -0.010   -0.247    0.064    0.849    0.128
 354.10   25.317   25.324   25.325   -0.608   -0.271    0.317   -0.608   -0.271   -0.086   -0.192    0.165    0.271    0.134
 354.20   25.742   25.818   25.867   -1.977   -1.584    0.742   -1.977   -1.584   -1.176   -1.467    3.131    3.484    1.826
 354.30   25.060   25.245   25.249   -3.052    0.463    0.060   -3.052    0.463    0.028   -0.183   -1.413    4.767    0.712
 354.40   25.285   25.619   25.635   -4.125   -0.888    0.285   -4.125   -0.888   -0.253   -1.176    3.662    8.944    1.927
 354.50   24.733   24.893   25.006   -2.821   -2.374   -0.267   -2.821   -2.374    0.634    0.753    6.698    6.833    3.385
 354.60   24.741   24.876   25.002   -2.594   -2.510   -0.259   -2.594   -2.510    0.651    0.673    6.510    6.547    3.288
 354.70   24.572   24.802   24.823   -3.367   -1.033   -0.428   -3.367   -1.033    0.442    1.441    3.477    6.293    1.895
 354.80   24.660   24.740   24.770   -1.989   -1.228   -0.340   -1.989   -1.228    0.418    0.676    2.443    2.790    1.285
 354.90   23.807   24.211   24.281   -4.402   -1.845   -1.193   -4.402   -1.845    2.201    5.251    8.121   12.101    4.959
 355.00   22.615   23.043   23.131   -4.417   -2.018   -2.385   -4.417   -2.018    4.813   10.533    8.914   14.634    7.307
 355.10   23.803   24.312   24.402   -4.951   -2.089   -1.197   -4.951   -2.089    2.501    5.929   10.341   15.154    6.089
 355.20   22.964   23.330   23.339   -4.116   -0.623   -2.036   -4.116   -0.623    1.269    8.378    2.565   10.736    4.427
 355.30   22.950   23.354   23.358   -4.325   -0.432   -2.050   -4.325   -0.432    0.886    8.866    1.869   11.548    4.552
 355.40   23.823   24.085   24.109   -3.544    1.068   -1.177   -3.544    1.068   -1.257    4.173   -3.784    7.544    2.886
 355.50   24.524   24.657   24.657   -2.558    0.050   -0.476   -2.558    0.050   -0.024    1.217   -0.128    3.386    0.612
 355.60   24.953   25.099   25.101   -2.701    0.296   -0.047   -2.701    0.296   -0.014    0.126   -0.800    3.693    0.405
 355.70   24.180   24.449   24.525   -3.616   -1.929   -0.820   -3.616   -1.929    1.581    2.964    6.974    8.733    3.871
 355.80   25.077   25.361   25.363   -3.787   -0.283    0.077   -3.787   -0.283   -0.022   -0.291    1.071    7.212    0.555
 355.90   26.027   26.093   26.125   -1.867   -1.278    1.027   -1.867   -1.278   -1.312   -1.916    2.386    3.086    1.665
 356.00   25.808   25.820   25.827   -0.795    0.593    0.808   -0.795    0.593    0.479   -0.643   -0.471    0.818    0.465
 356.10   26.451   26.510   26.515   -1.767    0.540    1.451   -1.767    0.540    0.783   -2.564   -0.954    2.760    1.423
 356.20   26.597   26.621   26.635   -1.146   -0.845    1.597   -1.146   -0.845   -1.350   -1.829    0.968    2.288    1.235
 356.30   27.306   27.412   27.419   -2.413   -0.597    2.306   -2.413   -0.597   -1.375   -5.564    1.440    5.748    2.955
 356.40   27.830   28.048   28.053   -3.490   -0.550    2.830   -3.490   -0.550   -1.557   -9.875    1.920   10.244    5.090
 356.50   27.318   27.511   27.558   -3.257   -1.597    2.318   -3.257   -1.597   -3.701   -7.549    5.200    9.265    4.943
 356.60   25.638   25.778   25.847   -2.686   -1.892    0.638   -2.686   -1.892   -1.206   -1.713    5.083    5.602    2.749
 356.70   25.163   25.172   25.337   -0.683   -2.884    0.163   -0.683   -2.884   -0.470   -0.111    1.970    4.405    1.014
 356.80   25.756   25.757   25.798   -0.138   -1.462    0.756   -0.138   -1.462   -1.106   -0.104    0.202    1.364    0.565
 356.90   27.190   27.191   27.352    0.166   -2.968    2.190    0.166   -2.968   -6.500    0.363   -0.493    6.816    3.264
 357.00   26.813   26.839   26.935   -1.178   -2.272    1.813   -1.178   -2.272   -4.118   -2.136    2.676    4.917    2.678
 357.10   27.091   27.092   27.093   -0.052   -0.233    2.091   -0.052   -0.233   -0.488   -0.109    0.012    2.216    0.250
 357.20   27.762   27.796   27.811   -1.361   -0.932    2.762   -1.361   -0.932   -2.574   -3.759    1.268    5.175    2.365
 357.30   30.398   30.448   30.604   -1.740   -3.086    5.398   -1.740   -3.086  -16.661   -9.392    5.370   20.847    9.933
 357.40   29.854   29.859   30.056   -0.531   -3.438    4.854   -0.531   -3.438  -16.688   -2.580    1.827   17.832    8.492
 357.50   31.215   31.215   31.413   -0.085   -3.521    6.215   -0.085   -3.521  -21.882   -0.530    0.300   25.515   10.945
 357.60   30.954   30.960   31.215   -0.612   -3.989    5.954   -0.612   -3.989  -23.746   -3.642    2.440   25.864   12.074
 357.70   30.760   30.847   31.066   -2.316   -3.683    5.760   -2.316   -3.683  -21.213  -13.339    8.528   26.052   13.235
 357.80   31.209   31.256   31.397   -1.713   -2.972    6.209   -1.713   -2.972  -18.452  -10.634    5.090   25.157   10.948
 357.90   31.914   32.097   32.297   -3.419   -3.593    6.914   -3.419   -3.593  -24.844  -23.639   12.285   36.202   18.213
 358.00   31.492   31.807   31.952   -4.465   -3.036    6.492   -4.465   -3.036  -19.709  -28.987   13.554   35.650   18.791
 358.10   31.059   31.284   31.284   -3.745   -0.224    6.059   -3.745   -0.224   -1.357  -22.688    0.839   25.390   11.372
 358.20   31.067   31.160   31.161   -2.415    0.250    6.067   -2.415    0.250    1.516  -14.653   -0.604   21.351    7.372
 358.30   29.805   29.806   29.815    0.236    0.737    4.805    0.236    0.737    3.544    1.132    0.174   11.846    1.862
 358.40   29.348   29.348   29.362   -0.122    0.907    4.348   -0.122    0.907    3.942   -0.531   -0.111    9.871    1.990
 358.50   26.899   26.903   26.920    0.443   -0.947    1.899    0.443   -0.947   -1.799    0.841   -0.420    2.351    1.015
 358.60   27.846   27.853   27.893    0.609   -1.499    2.846    0.609   -1.499   -4.265    1.733   -0.913    5.358    2.347
 358.70   29.140   29.142   29.171    0.349   -1.285    4.140    0.349   -1.285   -5.322    1.443   -0.448    9.457    2.766
 358.80   29.850   29.850   29.868   -0.056   -1.019    4.850   -0.056   -1.019   -4.943   -0.269    0.057   12.283    2.475
 358.90   29.756   29.895   29.906   -2.883    0.793    4.756   -2.883    0.793    3.769  -13.710   -2.285   15.779    7.201
 359.00   29.031   29.051   29.083   -1.079   -1.367    4.031   -1.079   -1.367   -5.508   -4.351    1.475    9.639    3.586
 359.10   28.047   28.059   28.134   -0.801   -2.060    3.047   -0.801   -2.060   -6.278   -2.442    1.650    7.086    3.468
 359.20   27.910   27.930   28.090   -1.054   -2.994    2.910   -1.054   -2.994   -8.712   -3.067    3.155    9.271    4.880
 359.30   28.026   28.026   28.164    0.176   -2.782    3.026    0.176   -2.782   -8.418    0.532   -0.489    8.463    4.224
 359.40   29.466   29.479   29.482    0.881   -0.465    4.466    0.881   -0.465   -2.076    3.932   -0.409   10.466    2.232
 359.50   29.891   29.894   29.898   -0.397    0.492    4.891   -0.397    0.492    2.407   -1.940   -0.195   12.161    1.549
 359.60   32.308   32.343   32.353   -1.506    0.781    7.308   -1.506    0.781    5.708  -11.004   -1.176   28.142    6.226
 359.70   31.268   31.366   31.369   -2.475   -0.440    6.268   -2.475   -0.440   -2.757  -15.516    1.089   22.805    7.898
 359.80   28.899   29.050   29.052   -2.958    0.296    3.899   -2.958    0.296    1.153  -11.532   -0.874   12.019    5.811
 359.90   29.637   29.823   29.910   -3.325    2.277    4.637   -3.325    2.277   10.558  -15.417   -7.571   18.870   10.081
 360.00   29.473   29.693   29.711   -3.612    1.023    4.473   -3.612    1.023    4.573  -16.155   -3.693   17.048    8.596
 360.10   30.957   31.122   31.128   -3.198   -0.604    5.957   -3.198   -0.604   -3.600  -19.049    1.932   23.039    9.741
 360.20   31.244   31.360   31.361   -2.695    0.283    6.244   -2.695    0.283    1.770  -16.826   -0.764   23.164    8.468
 360.30   30.074   30.192   30.232   -2.668    1.554    5.074   -2.668    1.554    7.888  -13.537   -4.147   17.641    8.103
 360.40   30.549   30.693   30.811   -2.969    2.691    5.549   -2.969    2.691   14.932  -16.473   -7.989   23.423   11.813
 360.50   30.960   31.177   31.430   -3.670    3.977    5.960   -3.670    3.977   23.704  -21.876  -14.597   32.407   17.703
 360.60   30.452   30.668   30.774   -3.637    2.544    5.452   -3.637    2.544   13.869  -19.827   -9.252   24.710   12.952
 360.70   30.140   30.415   30.416   -4.075    0.224    5.140   -4.075    0.224    1.152  -20.949   -0.913   21.541   10.500
 360.80   31.110   31.442   31.445   -4.560   -0.379    6.110   -4.560   -0.379   -2.316  -27.860    1.729   29.133   14.005
 360.90   30.666   30.896   30.896   -3.758    0.069    5.666   -3.758    0.069    0.391  -21.293   -0.259   23.117   10.649
 361.00   30.485   30.836   30.840   -4.637    0.494    5.485   -4.637    0.494    2.707  -25.435   -2.289   25.916   12.840
 361.10   29.998   30.415   30.420   -5.021   -0.543    4.998   -5.021   -0.543   -2.714  -25.093    2.726   25.241   12.693
 361.20   29.448   29.806   29.806   -4.604   -0.009    4.448   -4.604   -0.009   -0.041  -20.477    0.043   20.489   10.239
 361.30   29.972   30.607   30.632   -6.203   -1.219    4.972   -6.203   -1.219   -6.063  -30.844    7.564   32.345   16.166
 361.40   30.445   31.151   31.151   -6.595    0.066    5.445   -6.595    0.066    0.358  -35.910   -0.434   36.574   17.957
 361.50   29.356   30.094   30.168   -6.624    2.106    4.356   -6.624    2.106    9.173  -28.857  -13.949   33.646   16.669
 361.60   31.775   31.994   32.164   -3.736    3.295    6.775   -3.736    3.295   22.327  -25.314  -12.311   35.362   17.964
 361.70   30.864   31.309   31.508   -5.260    3.534    5.864   -5.260    3.534   20.722  -30.844  -18.586   37.270   20.774
 361.80   29.216   29.767   29.964   -5.705    3.422    4.216   -5.705    3.422   14.426  -24.051  -19.523   31.015   17.086
 361.90   29.231   29.622   29.692   -4.796    2.040    4.231   -4.796    2.040    8.634  -20.293   -9.786   22.534   12.064
 362.00   28.090   28.576   28.680   -5.247    2.444    3.090   -5.247    2.444    7.553  -16.214  -12.825   21.527   11.005
 362.10   27.744   28.328   28.734   -5.723    4.814    2.744   -5.723    4.814   13.210  -15.704  -27.547   31.725   17.175
 362.20   28.055   28.291   28.691   -3.652    4.769    3.055   -3.652    4.769   14.569  -11.155  -17.415   22.706   12.649
 362.30   26.916   27.269   27.508   -4.374    3.613    1.916   -4.374    3.613    6.923   -8.382  -15.802   17.928    9.590
 362.40   26.995   27.392   27.451   -4.648    1.808    1.995   -4.648    1.808    3.607   -9.271   -8.404   14.425    6.511
 362.50   27.307   28.028   28.029   -6.317    0.225    2.307   -6.317    0.225    0.519  -14.574   -1.422   22.642    7.326
 362.60   28.795   29.731   29.816   -7.398    2.256    3.795   -7.398    2.256    8.563  -28.079  -16.691   37.115   16.885
 362.70   30.580   32.092   32.113   -9.737    1.141    5.580   -9.737    1.141    6.366  -54.330  -11.109   63.623   27.909
 362.80   28.866   30.746   30.779  -10.586    1.440    3.866  -10.586    1.440    5.566  -40.923  -15.244   64.543   22.011
 362.90   28.197   29.839   29.844   -9.763    0.520    3.197   -9.763    0.520    1.662  -31.211   -5.076   52.904   15.832
 363.00   26.517   28.136   28.142   -9.408   -0.548    1.517   -9.408   -0.548   -0.832  -14.270    5.159   45.556    7.599
 363.10   25.238   26.639   26.656   -8.525    0.936    0.238   -8.525    0.936    0.223   -2.030   -7.980   36.806    4.118
 363.20   25.470   26.682   26.772   -7.951    2.185    0.470   -7.951    2.185    1.027   -3.737  -17.378   34.111    8.902
 363.30   25.627   26.221   26.268   -5.550    1.570    0.627   -5.550    1.570    0.985   -3.482   -8.714   16.831    4.718
 363.40   28.085   28.760   28.805   -6.196    1.596    3.085   -6.196    1.596    4.922  -19.115   -9.887   25.229   11.038
 363.50   29.226   29.451   29.453   -3.634    0.374    4.226   -3.634    0.374    1.579  -15.357   -1.358   15.602    7.749
 363.60   26.645   26.930   26.980   -3.906    1.646    1.645   -3.906    1.646    2.708   -6.426   -6.430   10.336    4.743
 363.70   26.934   27.522   27.616   -5.660    2.275    1.934   -5.660    2.275    4.400  -10.948  -12.879   20.479    8.733
 363.80   27.838   28.333   28.419   -5.272    2.208    2.838   -5.272    2.208    6.265  -14.961  -11.638   20.359    9.981
 363.90   28.595   29.324   29.449   -6.496    2.708    3.595   -6.496    2.708    9.736  -23.356  -17.593   31.230   15.409
 364.00   28.767   29.056   29.148   -4.094    2.314    3.767   -4.094    2.314    8.714  -15.422   -9.473   18.152   10.044
 364.10   27.692   27.721   27.780   -1.262    1.820    2.692   -1.262    1.820    4.899   -3.396   -2.296    6.075    3.194
 364.20   27.555   27.595   27.608   -1.490    0.859    2.555   -1.490    0.859    2.195   -3.805   -1.280    4.741    2.288
 364.30   26.548   26.595   26.596   -1.579    0.084    1.548   -1.579    0.084    0.130   -2.444   -0.133    2.448    1.226
 364.40   25.629   25.742   25.769   -2.407    1.164    0.629   -2.407    1.164    0.732   -1.515   -2.801    3.773    1.634
 364.50   25.393   25.681   25.685   -3.839    0.409    0.393   -3.839    0.409    0.161   -1.508   -1.568    7.530    1.091
 364.60   25.058   25.239   25.265   -3.014   -1.150    0.058   -3.014   -1.150   -0.067   -0.176    3.465    5.206    1.735
 364.70   25.480   25.501   25.509   -1.023   -0.646    0.480   -1.023   -0.646   -0.310   -0.491    0.662    0.848    0.440
 364.80   23.936   24.015   24.035    1.953   -0.965   -1.064    1.953   -0.965    1.027   -2.078   -1.884    2.939    1.494
 364.90   25.179   25.195   25.195    0.890   -0.138    0.179    0.890   -0.138   -0.025    0.159   -0.123    0.421    0.101
 365.00   26.154   26.174   26.179   -1.029   -0.491    1.154   -1.029   -0.491   -0.566   -1.188    0.505    1.316    0.705
 365.10   26.700   26.800   26.802   -2.320    0.311    1.700   -2.320    0.311    0.529   -3.944   -0.722    4.185    2.022
 365.20   26.859   27.136   27.143   -3.866    0.625    1.859   -3.866    0.625    1.162   -7.188   -2.415    9.397    3.836
 365.30   26.166   26.698   26.704   -5.302   -0.575    1.166   -5.302   -0.575   -0.670   -6.184    3.048   14.903    3.463
 365.40   25.843   26.160   26.165   -4.065    0.490    0.843   -4.065    0.490    0.413   -3.425   -1.990    8.737    1.992
 365.50   24.499   24.695   24.731   -3.105    1.347   -0.501   -3.105    1.347   -0.675    1.557   -4.182    5.853    2.257
 365.60   24.231   24.442   24.449   -3.206    0.586   -0.769   -3.206    0.586   -0.451    2.466   -1.879    5.607    1.566
 365.70   24.727   24.933   24.981   -3.196    1.544   -0.273   -3.196    1.544   -0.421    0.871   -4.936    6.338    2.515
 365.80   27.012   27.041   27.086   -1.259    1.564    2.012   -1.259    1.564    3.147   -2.534   -1.970    4.040    2.247
 365.90   26.103   26.294   26.316   -3.168    1.077    1.103   -3.168    1.077    1.188   -3.493   -3.413    6.205    2.513
 366.00   25.203   25.411   25.445   -3.242    1.314    0.203   -3.242    1.314    0.267   -0.658   -4.261    6.139    2.160
 366.10   26.826   26.826   26.900    0.023    2.001    1.826    0.023    2.001    3.653    0.043    0.047    3.669    1.827
 366.20   25.126   25.137   25.137    0.740    0.168    0.126    0.740    0.168    0.021    0.093    0.124    0.296    0.078
 366.30   24.252   24.278   24.278    1.129    0.131   -0.748    1.129    0.131   -0.098   -0.845    0.148    0.926    0.432
 366.40   23.515   23.533   23.535    0.926   -0.280   -1.485    0.926   -0.280    0.416   -1.375   -0.259    1.570    0.730
 366.50   23.072   23.139   23.139    1.755    0.052   -1.928    1.755    0.052   -0.101   -3.382    0.092    3.399    1.693
 366.60   23.039   23.076   23.095    1.293    0.947   -1.961    1.293    0.947   -1.857   -2.536    1.225    3.207    1.687
 366.70   23.530   23.530   23.606    0.003    1.891   -1.470    0.003    1.891   -2.779   -0.004    0.006    2.868    1.390
 366.80   22.827   22.843   22.891    0.843    1.488   -2.173    0.843    1.488   -3.233   -1.832    1.254    3.823    1.961
 366.90   22.190   22.191   22.204    0.248    0.763   -2.810    0.248    0.763   -2.144   -0.698    0.189    4.271    1.131
 367.00   21.289   21.293   21.361    0.405    1.706   -3.711    0.405    1.706   -6.332   -1.504    0.691    8.424    3.272
 367.10   20.656   20.678   20.819    0.957    2.424   -4.344    0.957    2.424  -10.529   -4.158    2.320   12.831    5.778
 367.20   20.727   20.770   20.877    1.349    2.108   -4.273    1.349    2.108   -9.007   -5.766    2.844   12.263    5.533
 367.30   20.857   20.867   21.047    0.640    2.749   -4.143    0.640    2.749  -11.388   -2.652    1.759   12.565    5.912
 367.40   21.065   21.070   21.169   -0.437    2.048   -3.935   -0.437    2.048   -8.058    1.719   -0.895    9.933    4.144
 367.50   20.382   20.411   20.500   -1.089    1.901   -4.618   -1.089    1.901   -8.777    5.030   -2.071   13.061    5.163
 367.60   22.383   22.553   22.599   -2.763    1.429   -2.617   -2.763    1.429   -3.739    7.229   -3.948    8.260    4.523
 367.70   22.755   22.874   22.874   -2.332    0.131   -2.245   -2.332    0.131   -0.294    5.235   -0.305    5.248    2.626
 367.80   22.905   23.012   23.061   -2.216    1.509   -2.095   -2.216    1.509   -3.162    4.643   -3.344    5.789    3.269
 367.90   25.553   25.560   25.648   -0.614    2.121    0.553   -0.614    2.121    1.172   -0.339   -1.302    2.590    0.892
 368.00   24.975   24.985   25.044   -0.724    1.715   -0.025   -0.724    1.715   -0.043    0.018   -1.241    1.733    0.621
 368.10   25.103   25.171   25.342   -1.853    2.936    0.103   -1.853    2.936    0.302   -0.191   -5.440    6.032    2.726
 368.20   24.782   24.787   25.051   -0.474    3.627   -0.218   -0.474    3.627   -0.789    0.103   -1.719    6.713    0.947
 368.30   23.648   23.653   23.730    0.505    1.907   -1.352    0.505    1.907   -2.578   -0.683    0.963    2.859    1.418
 368.40   24.657   24.659   24.682   -0.350    1.067   -0.343   -0.350    1.067   -0.366    0.120   -0.373    0.689    0.268
 368.50   24.623   24.682   24.685    1.705   -0.395   -0.377    1.705   -0.395    0.149   -0.642   -0.673    1.603    0.471
 368.60   26.034   26.156   26.171    2.533   -0.862    1.034    2.533   -0.862   -0.891    2.618   -2.183    4.112    1.761
 368.70   24.937   24.984   24.985    1.545    0.211   -0.063    1.545    0.211   -0.013   -0.098    0.325    1.217    0.170
 368.80   26.671   26.709   26.749    1.422    1.469    1.671    1.422    1.469    2.454    2.376    2.089    3.486    2.002
 368.90   27.152   27.209   27.252    1.766    1.523    2.152    1.766    1.523    3.278    3.801    2.691    5.036    2.848
 369.00   28.257   28.333   28.358    2.075   -1.173    3.257    2.075   -1.173   -3.821    6.760   -2.435    8.147    4.069
 369.10   28.934   29.029   29.051    2.339   -1.149    3.934    2.339   -1.149   -4.522    9.204   -2.689   11.136    5.301
 369.20   27.563   27.692   27.694    2.668    0.329    2.563    2.668    0.329    0.844    6.839    0.879    6.899    3.474
 369.30   27.392   27.450   27.452    1.787    0.324    2.392    1.787    0.324    0.776    4.275    0.580    4.511    2.192
 369.40   26.987   27.069   27.070    2.111   -0.220    1.987    2.111   -0.220   -0.437    4.194   -0.464    4.225    2.121
 369.50   26.722   26.885   26.908    2.952   -1.121    1.722    2.952   -1.121   -1.930    5.084   -3.309    6.469    3.183
 369.60   24.571   24.769   24.791    3.124   -1.063   -0.429    3.124   -1.063    0.456   -1.341   -3.320    5.536    1.805
 369.70   24.998   25.186   25.231    3.069   -1.518   -0.002    3.069   -1.518    0.003   -0.006   -4.658    5.861    2.329
 369.80   26.670   26.722   26.764    1.670   -1.500    1.670    1.670   -1.500   -2.504    2.788   -2.504    3.913    2.254
 369.90   27.670   27.711   27.756    1.501   -1.593    2.670    1.501   -1.593   -4.253    4.008   -2.391    5.960    3.157
 370.00   27.301   27.369   27.390    1.917   -1.072    2.301    1.917   -1.072   -2.467    4.412   -2.055    5.061    2.729
 370.10   28.411   28.613   28.656    3.389   -1.569    3.411    3.389   -1.569   -5.354   11.560   -5.318   12.791    6.902
 370.20   27.562   27.797   27.901    3.608   -2.402    2.562    3.608   -2.402   -6.155    9.244   -8.666   12.675    7.043
 370.30   28.272   28.342   28.343    1.987   -0.275    3.272    1.987   -0.275   -0.900    6.503   -0.547    7.366    3.294
 370.40   27.487   27.535   27.539    1.628    0.463    2.487    1.628    0.463    1.152    4.048    0.754    4.524    2.138
 370.50   27.438   27.441   27.448    0.416   -0.594    2.438    0.416   -0.594   -1.449    1.015   -0.247    3.236    0.893
 370.60   26.725   26.727   26.729    0.323   -0.351    1.725    0.323   -0.351   -0.605    0.558   -0.114    1.602    0.416
 370.70   27.257   27.269   27.277    0.815   -0.680    2.257    0.815   -0.680   -1.534    1.839   -0.554    3.110    1.229
 370.80   26.149   26.275   26.399    2.567   -2.554    1.149    2.567   -2.554   -2.936    2.951   -6.558    7.219    3.884
 370.90   25.937   26.005   26.077    1.875   -1.934    0.937    1.875   -1.934   -1.812    1.757   -3.626    4.067    2.209
 371.00   24.218   24.284   24.379   -1.796   -2.148   -0.782   -1.796   -2.148    1.681    1.405    3.858    4.226    2.218
 371.10   23.998   24.056   24.091   -1.676   -1.298   -1.002   -1.676   -1.298    1.301    1.680    2.176    2.750    1.521
 371.20   25.558   25.625   25.625   -1.854   -0.078    0.558   -1.854   -0.078   -0.044   -1.034    0.145    1.877    0.523
 371.30   23.622   23.638   23.643   -0.883    0.444   -1.378   -0.883    0.444   -0.611    1.217   -0.392    1.438    0.708
 371.40   23.066   23.087   23.111   -0.998    1.044   -1.934   -0.998    1.044   -2.020    1.931   -1.042    2.914    1.491
 371.50   24.150   24.151   24.151    0.098   -0.197   -0.850    0.098   -0.197    0.168   -0.084   -0.019    0.385    0.094
 371.60   22.444   22.447   22.460    0.315   -0.790   -2.556    0.315   -0.790    2.018   -0.806   -0.249    3.627    1.094
 371.70   20.778   20.806   20.904   -1.065   -2.025   -4.222   -1.065   -2.025    8.547    4.495    2.156   11.527    4.947
 371.80   21.959   22.028   22.198   -1.743   -2.742   -3.041   -1.743   -2.742    8.339    5.300    4.780    9.903    5.488
 371.90   23.184   23.418   23.444   -3.304   -1.108   -1.816   -3.304   -1.108    2.012    6.001    3.661    7.723    3.656
 372.00   23.313   23.374   23.375   -1.690   -0.215   -1.687   -1.690   -0.215    0.364    2.852    0.364    2.875    1.449
 372.10   23.878   23.916   23.919   -1.349   -0.369   -1.122   -1.349   -0.369    0.414    1.514    0.498    1.608    0.823
 372.20   23.845   23.991   24.008   -2.644   -0.899   -1.155   -2.644   -0.899    1.039    3.053    2.378    4.566    2.003
 372.30   21.796   22.053   22.275   -3.353   -3.140   -3.204   -3.353   -3.140   10.058   10.743   10.528   15.683    9.047
 372.40   22.134   22.165   22.466   -1.172   -3.664   -2.866   -1.172   -3.664   10.503    3.359    4.294   11.508    5.917
 372.50   24.006   24.048   24.175   -1.425   -2.471   -0.994   -1.425   -2.471    2.457    1.417    3.521    4.563    2.261
 372.60   23.740   23.741   23.795   -0.068   -1.604   -1.260   -0.068   -1.604    2.020    0.085    0.108    2.081    1.012
 372.70   23.745   23.789   23.987    1.436   -3.079   -1.255    1.436   -3.079    3.863   -1.802   -4.422    6.558    3.071
 372.80   23.792   23.809   23.844    0.895   -1.289   -1.208    0.895   -1.289    1.557   -1.081   -1.154    1.961    1.110
 372.90   22.732   22.749   22.766    0.870   -0.874   -2.268    0.870   -0.874    1.983   -1.973   -0.761    3.333    1.450
 373.00   20.856   20.859   21.177   -0.361   -3.660   -4.144   -0.361   -3.660   15.167    1.496    1.321   15.350    7.649
 373.10   20.263   20.282   20.741   -0.885   -4.340   -4.737   -0.885   -4.340   20.560    4.192    3.840   21.031   10.666
 373.20   22.255   22.257   22.916   -0.252   -5.455   -2.745   -0.252   -5.455   14.973    0.692    1.375   18.679    7.526
 373.30   20.202   20.265   20.818   -1.600   -4.766   -4.798   -1.600   -4.766   22.868    7.677    7.625   24.148   12.649
 373.40   21.554   21.648   21.872   -2.010   -3.124   -3.446   -2.010   -3.124   10.764    6.925    6.278   12.835    7.128
 373.50   22.898   22.954   23.172   -1.599   -3.174   -2.102   -1.599   -3.174    6.671    3.362    5.076    8.525    4.516
 373.60   25.035   25.155   25.307   -2.454   -2.774    0.035   -2.454   -2.774   -0.097   -0.086    6.807    6.859    3.404
 373.70   24.644   24.789   24.876   -2.672   -2.082   -0.356   -2.672   -2.082    0.741    0.951    5.564    5.801    2.846
 373.80   24.721   24.951   25.037   -3.379   -2.081   -0.279   -3.379   -2.081    0.581    0.944    7.030    7.911    3.558
 373.90   23.129   23.433   23.435   -3.763   -0.323   -1.871   -3.763   -0.323    0.604    7.041    1.215    8.882    3.585
 374.00   23.706   24.114   24.151   -4.413   -1.338   -1.294   -4.413   -1.338    1.731    5.709    5.906   11.469    4.197
 374.10   23.368   23.669   23.754   -3.764   -2.001   -1.632   -3.764   -2.001    3.266    6.143    7.532   10.417    5.127
 374.20   22.467   22.975   23.101   -4.802   -2.408   -2.533   -4.802   -2.408    6.098   12.163   11.564   17.638    8.928
 374.30   22.434   22.684   22.688   -3.359   -0.454   -2.566   -3.359   -0.454    1.165    8.619    1.525    9.036    4.415
 374.40   21.734   22.013   22.014   -3.494    0.146   -3.266   -3.494    0.146   -0.476   11.411   -0.509   11.448    5.716
 374.50   22.408   22.933   23.031   -4.878   -2.128   -2.592   -4.878   -2.128    5.516   12.644   10.382   17.522    8.633
 374.60   22.105   22.736   22.846   -5.321   -2.238   -2.895   -5.321   -2.238    6.480   15.405   11.910   20.852   10.261
 374.70   21.232   21.863   21.875   -5.212   -0.727   -3.768   -5.212   -0.727    2.740   19.636    3.789   20.942   10.092
 374.80   21.203   21.577   21.637   -3.999   -1.608   -3.797   -3.999   -1.608    6.104   15.185    6.429   16.497    8.792
 374.90   20.004   20.194   20.196   -2.763    0.333   -4.996   -2.763    0.333   -1.662   13.806   -0.919   16.355    6.968
 375.00   20.273   20.360   20.397   -1.879    1.226   -4.727   -1.879    1.226   -5.795    8.881   -2.303   13.688    5.426
 375.10   21.011   21.126   21.130   -2.202    0.411   -3.989   -2.202    0.411   -1.638    8.786   -0.905   10.467    4.492
 375.20   19.692   19.847   19.847   -2.475    0.126   -5.308   -2.475    0.126   -0.668   13.139   -0.311   17.160    6.580
 375.30   19.433   19.486   19.493   -1.437    0.546   -5.567   -1.437    0.546   -3.038    8.001   -0.784   16.680    4.297
 375.40   18.414   18.441   18.444   -0.998    0.315   -6.586   -0.998    0.315   -2.072    6.573   -0.314   22.233    3.450
 375.50   17.481   17.710   17.710   -2.837    0.065   -7.519   -2.837    0.065   -0.491   21.329   -0.185   32.292   10.668
 375.60   17.522   17.728   17.728   -2.697   -0.010   -7.478   -2.697   -0.010    0.073   20.167    0.026   31.596   10.084
 375.70   18.031   18.141   18.143   -1.995   -0.274   -6.969   -1.995   -0.274    1.912   13.905    0.547   26.315    7.023
 375.80   18.953   19.141   19.142   -2.676   -0.212   -6.047   -2.676   -0.212    1.282   16.184    0.567   21.888    8.122
 375.90   20.679   21.170   21.171   -4.534    0.203   -4.321   -4.534    0.203   -0.878   19.592   -0.922   19.635    9.817
 376.00   20.646   20.671   20.671   -1.003   -0.049   -4.354   -1.003   -0.049    0.213    4.367    0.049    9.982    2.186
 376.10   19.749   19.751   19.802    0.312   -1.416   -5.251    0.312   -1.416    7.436   -1.640   -0.442   14.838    3.814
 376.20   19.117   19.119   19.227    0.269   -2.036   -5.883    0.269   -2.036   11.977   -1.583   -0.548   19.415    6.047
 376.30   18.654   18.829   18.833    2.556   -0.377   -6.346    2.556   -0.377    2.395  -16.222   -0.965   23.472    8.213
 376.40   17.254   17.615   17.688    3.547    1.605   -7.746    3.547    1.605  -12.433  -27.475    5.693   37.579   15.345
 376.50   16.117   16.218   16.312    1.806    1.752   -8.883    1.806    1.752  -15.561  -16.039    3.163   42.621   11.285
 376.60   16.704   16.708   16.753    0.375    1.235   -8.296    0.375    1.235  -10.242   -3.113    0.463   35.246    5.357
 376.70   17.434   17.443   17.451   -0.561    0.541   -7.566   -0.561    0.541   -4.094    4.241   -0.303   28.929    2.951
 376.80   17.726   17.743   17.743    0.769   -0.085   -7.274    0.769   -0.085    0.615   -5.597   -0.065   26.754    2.815
 376.90   16.847   16.855   16.865    0.492   -0.596   -8.153    0.492   -0.596    4.855   -4.012   -0.293   33.531    3.152
 377.00   17.453   17.453   17.539    0.122   -1.728   -7.547    0.122   -1.728   13.042   -0.923   -0.211   29.981    6.538
 377.10   18.522   18.526   18.555   -0.383   -1.037   -6.478   -0.383   -1.037    6.721    2.484    0.398   21.595    3.588
 377.20   18.112   18.133   18.234   -0.861   -1.916   -6.888   -0.861   -1.916   13.196    5.934    1.650   25.927    7.281
 377.30   16.813   16.897   16.914   -1.679   -0.754   -8.187   -1.679   -0.754    6.171   13.745    1.266   35.203    7.560
 377.40   18.846   18.856   18.874   -0.607   -0.837   -6.154   -0.607   -0.837    5.151    3.736    0.508   19.471    3.192
 377.50   18.543   18.572   18.636    1.039   -1.543   -6.457    1.039   -1.543    9.961   -6.712   -1.604   22.578    6.059
 377.60   19.829   20.301   20.386    4.353   -1.853   -5.171    4.353   -1.853    9.584  -22.510   -8.068   24.562   12.881
 377.70   22.103   22.432   22.437    3.831   -0.495   -2.897    3.831   -0.495    1.433  -11.099   -1.895   11.657    5.675
 377.80   21.166   21.292   21.299    2.312    0.570   -3.834    2.312    0.570   -2.186   -8.866    1.318   10.187    4.613
 377.90   21.567   21.669   21.673    2.101    0.387   -3.433    2.101    0.387   -1.327   -7.212    0.812    8.174    3.689
 378.00   21.705   21.891   21.902    2.848    0.682   -3.295    2.848    0.682   -2.246   -9.385    1.942    9.717    4.922
 378.10   21.928   22.203   22.203    3.484    0.064   -3.072    3.484    0.064   -0.195  -10.704    0.222   10.790    5.354
 378.20   22.314   22.486   22.510    2.774   -1.033   -2.686    2.774   -1.033    2.775   -7.449   -2.866    7.987    4.225
 378.30   23.054   23.074   23.080    0.958   -0.525   -1.946    0.958   -0.525    1.021   -1.865   -0.503    2.490    1.092
 378.40   22.657   22.667   22.692   -0.684   -1.055   -2.343   -0.684   -1.055    2.473    1.604    0.722    3.537    1.517
 378.50   22.818   22.849   22.879   -1.178   -1.182   -2.182   -1.178   -1.182    2.579    2.571    1.393    3.773    1.949
 378.60   22.710   22.711   22.873    0.081   -2.723   -2.290    0.081   -2.723    6.234   -0.185   -0.220    6.331    3.120
 378.70   20.220   20.220   20.309   -0.074   -1.896   -4.780   -0.074   -1.896    9.062    0.353    0.140   13.224    4.535
 378.80   19.406   19.411   19.444    0.449   -1.136   -5.594    0.449   -1.136    6.357   -2.514   -0.511   16.394    3.428
 378.90   19.120   19.152   19.321   -1.100   -2.551   -5.880   -1.100   -2.551   15.001    6.470    2.807   21.146    8.288
 379.00   20.360   20.395   20.687   -1.185   -3.465   -4.640   -1.185   -3.465   16.079    5.496    4.105   17.470    8.740
 379.10   21.154   21.222   21.267   -1.697   -1.385   -3.846   -1.697   -1.385    5.328    6.527    2.351    9.797    4.374
 379.20   20.631   20.748   20.767   -2.200   -0.882   -4.369   -2.200   -0.882    3.852    9.610    1.939   12.351    5.267
 379.30   21.060   21.149   21.221   -1.946   -1.744   -3.940   -1.946   -1.744    6.872    7.668    3.394   11.177    5.421
 379.40   21.508   21.543   21.710   -1.227   -2.684   -3.492   -1.227   -2.684    9.372    4.284    3.293   10.451    5.409
 379.50   21.750   21.775   22.054   -1.046   -3.495   -3.250   -1.046   -3.495   11.360    3.398    3.655   11.937    6.204
 379.60   21.499   21.571   21.827   -1.770   -3.332   -3.501   -1.770   -3.332   11.667    6.197    5.896   13.247    7.233
 379.70   20.910   21.129   21.451   -3.039   -3.703   -4.090   -3.039   -3.703   15.147   12.430   11.252   19.839   11.298
 379.80   20.956   21.133   21.430   -2.733   -3.555   -4.044   -2.733   -3.555   14.379   11.055    9.718   18.234   10.288
 379.90   20.696   20.799   20.892   -2.062   -1.975   -4.304   -2.062   -1.975    8.501    8.875    4.074   13.338    6.474
 380.00   21.266   21.494   21.568   -3.124   -1.777   -3.734   -3.124   -1.777    6.636   11.664    5.552   13.429    7.261
 380.10   21.906   22.239   22.252   -3.834   -0.766   -3.094   -3.834   -0.766    2.371   11.864    2.937   12.431    6.225
 380.20   22.654   23.387   23.533   -5.810   -2.616   -2.346   -5.810   -2.616    6.138   13.633   15.200   23.054   10.660
 380.30   22.593   23.084   23.393   -4.736   -3.788   -2.407   -4.736   -3.788    9.117   11.397   17.941   21.285   11.564
 380.40   22.245   22.768   22.997   -4.851   -3.240   -2.755   -4.851   -3.240    8.928   13.366   15.719   20.812   11.241
 380.50   22.495   22.581   22.695   -1.973   -2.267   -2.505   -1.973   -2.267    5.680    4.944    4.474    7.655    4.379
 380.60   23.064   23.120   23.252   -1.599   -2.472   -1.936   -1.599   -2.472    4.785    3.096    3.953    6.208    3.468
 380.70   22.989   23.289   23.328   -3.725   -1.342   -2.011   -3.725   -1.342    2.698    7.489    4.998    9.859    4.699
 380.80   22.099   22.431   22.701   -3.841   -3.494   -2.901   -3.841   -3.494   10.136   11.142   13.424   17.691   10.088
 380.90   23.058   23.184   23.293   -2.412   -2.250   -1.942   -2.412   -2.250    4.370    4.684    5.428    7.327    4.198
 381.00   23.199   23.302   23.469   -2.189   -2.795   -1.801   -2.189   -2.795    5.032    3.941    6.116    7.921    4.423
 381.10   23.055   23.111   23.263   -1.609   -2.657   -1.945   -1.609   -2.657    5.169    3.130    4.276    6.717    3.701
 381.20   23.299   23.306   23.517   -0.594   -3.144   -1.701   -0.594   -3.144    5.349    1.011    1.868    6.566    2.878
 381.30   21.331   21.349   21.509   -0.872   -2.617   -3.669   -0.872   -2.617    9.601    3.198    2.281   10.534    5.187
 381.40   21.760   21.770   21.789    0.646   -0.905   -3.240    0.646   -0.905    2.933   -2.094   -0.585    5.867    1.826
 381.50   20.813   20.845   20.890    1.153   -1.368   -4.187    1.153   -1.368    5.729   -4.827   -1.578   10.365    3.828
 381.60   20.501   20.615   20.627    2.165   -0.722   -4.499    2.165   -0.722    3.248   -9.740   -1.563   12.726    5.193
 381.70   19.267   19.292   19.428    0.984   -2.290   -5.733    0.984   -2.290   13.129   -5.641   -2.253   19.540    7.233
 381.80   18.655   18.697   18.755    1.255   -1.471   -6.345    1.255   -1.471    9.335   -7.966   -1.847   21.999    6.205
 381.90   16.934   16.934   17.047   -0.076   -1.960   -8.066   -0.076   -1.960   15.809    0.609    0.148   34.457    7.911
 382.00   16.805   16.807   16.808   -0.235    0.168   -8.195   -0.235    0.168   -1.373    1.924   -0.039   33.618    1.182
 382.10   17.577   17.578   17.583   -0.236   -0.389   -7.423   -0.236   -0.389    2.885    1.753    0.092   27.655    1.689
 382.20   17.683   17.718   17.797   -1.121   -1.673   -7.317   -1.121   -1.673   12.239    8.201    1.875   28.799    7.426
 382.30   18.802   18.831   19.081   -1.046   -3.076   -6.198   -1.046   -3.076   19.066    6.480    3.216   24.485   10.196
 382.40   19.709   19.785   20.074   -1.737   -3.393   -5.291   -1.737   -3.393   17.951    9.188    5.892   21.261   10.505
 382.50   21.499   21.768   22.055   -3.412   -3.548   -3.501   -3.412   -3.548   12.422   11.946   12.105   18.244   10.530
 382.60   20.453   20.588   20.719   -2.352   -2.326   -4.547   -2.352   -2.326   10.576   10.697    5.472   15.810    8.003
 382.70   19.992   20.035   20.153   -1.313   -2.178   -5.008   -1.313   -2.178   10.909    6.574    2.860   15.773    6.527
 382.80   19.700   19.702   19.760   -0.225   -1.518   -5.300   -0.225   -1.518    8.042    1.193    0.342   15.220    4.069
 382.90   21.495   21.643   21.735    2.524   -1.999   -3.505    2.524   -1.999    7.005   -8.846   -5.045   11.325    6.180
 383.00   21.369   21.486   21.519    2.238   -1.196   -3.631    2.238   -1.196    4.341   -8.127   -2.676    9.812    4.797
 383.10   20.347   20.531   20.743    2.742   -2.958   -4.653    2.742   -2.958   13.765  -12.758   -8.111   18.960   10.223
 383.20   18.899   19.009   19.267    2.049   -3.141   -6.101    2.049   -3.141   19.164  -12.501   -6.435   25.645   11.884
 383.30   18.666   18.760   18.909    1.871   -2.373   -6.334    1.871   -2.373   15.030  -11.852   -4.440   24.625    9.824
 383.40   18.759   18.848   18.906    1.825   -1.473   -6.241    1.825   -1.473    9.195  -11.387   -2.689   22.222    7.440
 383.50   17.999   18.036   18.191    1.145   -2.374   -7.001    1.145   -2.374   16.617   -8.016   -2.718   27.977    9.324
 383.60   19.185   19.259   19.263    1.682   -0.388   -5.815    1.682   -0.388    2.256   -9.780   -0.653   18.394    5.029
 383.70   19.402   19.529   19.572    2.225   -1.291   -5.598    2.225   -1.291    7.224  -12.452   -2.871   18.974    7.340
 383.80   20.019   20.248   20.358    3.036   -2.119   -4.981    3.036   -2.119   10.554  -15.124   -6.433   19.260    9.766
 383.90   21.568   21.727   21.728    2.623    0.188   -3.432    2.623    0.188   -0.647   -9.004    0.494    9.349    4.520
 384.00   21.182   21.238   21.241    1.548   -0.372   -3.818    1.548   -0.372    1.420   -5.912   -0.576    8.558    3.054
 384.10   20.227   20.590   20.641    3.848   -1.456   -4.773    3.848   -1.456    6.949  -18.368   -5.603   19.856   10.211
 384.20   20.326   20.526   20.568    2.858   -1.321   -4.674    2.858   -1.321    6.173  -13.359   -3.774   15.880    7.596
 384.30   21.446   21.560   21.577    2.219   -0.856   -3.554    2.219   -0.856    3.043   -7.886   -1.900    9.145    4.332
 384.40   21.087   21.349   21.389    3.333   -1.314   -3.913    3.333   -1.314    5.142  -13.043   -4.381   14.074    7.344
 384.50   22.991   23.228   23.423    3.309   -3.013   -2.009    3.309   -3.013    6.053   -6.646   -9.970   12.031    6.712
 384.60   22.386   22.510   22.596    2.358   -1.975   -2.614    2.358   -1.975    5.162   -6.165   -4.657    8.147    4.646
 384.70   21.303   21.388   21.493    1.896   -2.125   -3.697    1.896   -2.125    7.856   -7.009   -4.030   10.889    5.637
 384.80   22.183   22.366   22.417    2.859   -1.504   -2.817    2.859   -1.504    4.237   -8.053   -4.300    9.185    5.032
 384.90   23.272   23.461   23.472    2.971   -0.724   -1.728    2.971   -0.724    1.252   -5.134   -2.152    6.169    2.853
 385.00   22.908   23.003   23.041    2.079   -1.327   -2.092    2.079   -1.327    2.775   -4.348   -2.758    5.228    2.925
 385.10   23.330   23.575   23.598    3.396   -1.031   -1.670    3.396   -1.031    1.723   -5.672   -3.502    7.692    3.443
 385.20   23.740   23.821   23.989    1.956   -2.837   -1.260    1.956   -2.837    3.574   -2.464   -5.550    6.731    3.523
 385.30   24.011   24.189   24.358    2.929   -2.867   -0.989    2.929   -2.867    2.836   -2.898   -8.397    8.889    4.663
 385.40   24.483   24.525   24.723    1.432   -3.122   -0.517    1.432   -3.122    1.614   -0.741   -4.472    6.033    2.406
 385.50   24.691   24.727   24.852    1.335   -2.492   -0.309    1.335   -2.492    0.770   -0.412   -3.326    4.044    1.719
 385.60   24.477   24.823   24.833    4.135   -0.677   -0.523    4.135   -0.677    0.354   -2.165   -2.799    8.917    1.778
 385.70   23.267   23.713   23.770    4.576   -1.647   -1.733    4.576   -1.647    2.853   -7.929   -7.537   13.329    5.653
 385.80   22.142   22.556   22.713    4.304   -2.662   -2.858    4.304   -2.662    7.609  -12.300  -11.458   16.889    9.226
 385.90   21.872   22.014   22.274    2.501   -3.395   -3.128    2.501   -3.395   10.620   -7.823   -8.489   13.782    7.843
 386.00   21.228   21.279   21.292    1.468   -0.743   -3.772    1.468   -0.743    2.803   -5.539   -1.091    8.469    3.152
 386.10   21.689   21.881   21.895    2.890   -0.792   -3.311    2.890   -0.792    2.622   -9.569   -2.289    9.971    5.091
 386.20   21.444   21.995   22.021    4.892   -1.085   -3.556    4.892   -1.085    3.857  -17.397   -5.306   18.878    9.297
 386.30   21.272   21.861   21.901    5.042    1.316   -3.728    5.042    1.316   -4.906  -18.798    6.635   20.527   10.265
 386.40   22.572   23.146   23.156    5.124   -0.692   -2.428    5.124   -0.692    1.680  -12.442   -3.544   16.313    6.523
 386.50   23.566   24.291   24.292    5.890   -0.139   -1.434    5.890   -0.139    0.199   -8.446   -0.817   18.386    4.244
 386.60   23.903   24.380   24.383    4.798    0.392   -1.097    4.798    0.392   -0.429   -5.261    1.879   12.188    2.802
 386.70   22.393   22.652   22.667    3.416    0.823   -2.607    3.416    0.823   -2.145   -8.903    2.810    9.569    4.790
 386.80   24.526   24.766   24.803    3.436    1.363   -0.474    3.436    1.363   -0.646   -1.628    4.683    6.944    2.500
 386.90   24.508   24.690   24.708    2.997    0.930   -0.492    2.997    0.930   -0.458   -1.474    2.787    5.043    1.593
 387.00   24.009   24.439   24.500    4.560    1.728   -0.991    4.560    1.728   -1.712   -4.517    7.882   12.381    4.622
 387.10   24.233   24.448   24.694    3.239    3.477   -0.767    3.239    3.477   -2.668   -2.486   11.260   11.583    5.918
 387.20   23.328   23.356   23.380    1.144    1.045   -1.672    1.144    1.045   -1.747   -1.912    1.195    2.597    1.426
 387.30   24.350   24.555   24.556    3.171   -0.211   -0.650    3.171   -0.211    0.137   -2.061   -0.669    5.261    1.086
 387.40   22.945   23.091   23.100    2.590    0.658   -2.055    2.590    0.658   -1.353   -5.321    1.705    5.681    2.874
 387.50   24.109   24.308   24.310    3.106    0.290   -0.891    3.106    0.290   -0.259   -2.767    0.901    5.262    1.461
 387.60   23.031   23.110   23.119    1.904   -0.640   -1.969    1.904   -0.640    1.260   -3.749   -1.219    3.956    2.069
 387.70   24.346   24.403   24.405    1.670    0.306   -0.654    1.670    0.306   -0.200   -1.093    0.510    1.655    0.611
 387.80   24.599   24.862   24.870    3.607    0.629   -0.401    3.607    0.629   -0.252   -1.446    2.267    6.782    1.350
 387.90   23.911   24.104   24.104    3.041    0.054   -1.089    3.041    0.054   -0.059   -3.311    0.165    5.217    1.658
 388.00   24.886   25.035   25.048    2.725   -0.820   -0.114    2.725   -0.820    0.093   -0.310   -2.234    4.055    1.128
 388.10   25.645   25.812   25.857    2.925   -1.523    0.645    2.925   -1.523   -0.983    1.888   -4.455    5.647    2.469
 388.20   25.223   25.424   25.571    3.194   -2.739    0.223    3.194   -2.739   -0.611    0.712   -8.749    8.878    4.400
 388.30   25.062   25.404   25.547    4.154   -2.700    0.062    4.154   -2.700   -0.168    0.259  -11.218   12.276    5.611
 388.40   24.316   24.610   24.680    3.792   -1.854   -0.684    3.792   -1.854    1.268   -2.593   -7.031    9.144    3.800
 388.50   23.690   23.996   24.113    3.820   -2.379   -1.310    3.820   -2.379    3.118   -5.006   -9.088   10.985    5.417
 388.60   23.999   24.076   24.121    1.920   -1.472   -1.001    1.920   -1.472    1.474   -1.921   -2.826    3.427    1.861
 388.70   24.243   24.256   24.352    0.800   -2.165   -0.757    0.800   -2.165    1.640   -0.606   -1.732    2.950    1.230
 388.80   24.934   24.965   25.154    1.238   -3.084   -0.066    1.238   -3.084    0.204   -0.082   -3.816    5.523    1.911
 388.90   25.048   25.112   25.211   -1.790   -2.229    0.048   -1.790   -2.229   -0.108   -0.087    3.990    4.087    1.996
 389.00   25.137   25.398   25.418   -3.636   -0.993    0.137   -3.636   -0.993   -0.136   -0.498    3.612    7.112    1.824
 389.10   25.969   26.110   26.111   -2.715   -0.240    0.969   -2.715   -0.240   -0.233   -2.631    0.652    4.185    1.360
 389.20   26.418   26.551   26.551   -2.652    0.064    1.418   -2.652    0.064    0.091   -3.760   -0.171    4.524    1.883
 389.30   24.850   24.860   24.900   -0.710    1.398   -0.150   -0.710    1.398   -0.210    0.106   -0.992    1.240    0.510
 389.40   24.477   24.521   24.536    1.468    0.832   -0.523    1.468    0.832   -0.435   -0.767    1.221    1.560    0.753
 389.50   25.058   25.100   25.151    1.451    1.604    0.058    1.451    1.604    0.094    0.085    2.327    2.340    1.165
 389.60   24.874   24.901   24.918   -1.160    0.909   -0.126   -1.160    0.909   -0.114    0.146   -1.054    1.094    0.535
 389.70   23.550   23.550   23.568   -0.077    0.925   -1.450   -0.077    0.925   -1.342    0.112   -0.071    1.483    0.674
 389.80   23.577   23.590   23.606    0.766    0.882   -1.423    0.766    0.882   -1.255   -1.089    0.675    1.694    0.897
 389.90   21.633   21.640   21.646    0.582    0.505   -3.367    0.582    0.505   -1.701   -1.960    0.294    5.967    1.306
 390.00   20.801   20.806   20.966   -0.450    2.591   -4.199   -0.450    2.591  -10.879    1.889   -1.166   12.274    5.551
 390.10   19.337   19.342   19.355   -0.461    0.710   -5.663   -0.461    0.710   -4.021    2.612   -0.328   16.394    2.403
 390.20   19.876   19.960   19.960   -1.828   -0.045   -5.124   -1.828   -0.045    0.230    9.368    0.082   14.801    4.686
 390.30   21.430   21.588   21.595   -2.607    0.575   -3.570   -2.607    0.575   -2.051    9.307   -1.498    9.936    4.823
 390.40   20.842   20.848   20.882   -0.480    1.188   -4.158   -0.480    1.188   -4.938    1.995   -0.570    9.464    2.678
 390.50   21.999   22.054   22.056   -1.554    0.293   -3.001   -1.554    0.293   -0.880    4.665   -0.456    5.755    2.385
 390.60   21.692   21.786   21.802   -2.012    0.848   -3.308   -2.012    0.848   -2.805    6.656   -1.707    7.854    3.711
 390.70   21.448   21.561   21.570   -2.198    0.629   -3.552   -2.198    0.629   -2.234    7.807   -1.383    8.921    4.119
 390.80   22.832   22.832   22.870    0.016    1.315   -2.168    0.016    1.315   -2.851   -0.035    0.021    3.215    1.425
 390.90   22.632   22.649   22.714    0.887    1.718   -2.368    0.887    1.718   -4.068   -2.100    1.523    4.673    2.412
 391.00   21.525   21.535   21.728   -0.672    2.884   -3.475   -0.672    2.884  -10.022    2.337   -1.939   10.423    5.236
 391.10   23.108   23.150   23.330   -1.404    2.894   -1.892   -1.404    2.894   -5.476    2.658   -4.064    6.963    3.659
 391.20   22.485   22.485   22.792   -0.081    3.725   -2.515   -0.081    3.725   -9.369    0.204   -0.302   10.104    4.688
 391.30   22.163   22.279   22.538   -2.267    3.410   -2.837   -2.267    3.410   -9.673    6.430   -7.729   12.406    6.976
 391.40   22.559   22.587   22.690   -1.108    2.162   -2.441   -1.108    2.162   -5.277    2.704   -2.395    5.930    3.198
 391.50   22.677   22.746   22.836   -1.766    2.027   -2.323   -1.766    2.027   -4.708    4.103   -3.579    6.311    3.599
 391.60   21.522   21.555   21.610   -1.195    1.539   -3.478   -1.195    1.539   -5.352    4.156   -1.839    7.946    3.511
 391.70   20.715   20.749   20.843   -1.193    1.979   -4.285   -1.193    1.979   -8.481    5.111   -2.361   11.851    5.090
 391.80   20.294   20.498   20.657   -2.883    2.564   -4.706   -2.883    2.564  -12.066   13.568   -7.392   18.517    9.802
 391.90   22.267   22.268   22.506   -0.103    3.266   -2.733   -0.103    3.266   -8.926    0.281   -0.336    9.074    4.468
 392.00   21.378   21.378   21.662   -0.098    3.496   -3.622   -0.098    3.496  -12.664    0.354   -0.342   12.676    6.337
 392.10   21.378   21.394   21.614   -0.834    3.077   -3.622   -0.834    3.077  -11.146    3.020   -2.566   11.642    5.915
 392.20   21.344   21.350   21.376   -0.508    1.057   -3.656   -0.508    1.057   -3.863    1.858   -0.537    7.370    2.160
 392.30   21.838   21.838   21.853   -0.018    0.812   -3.162   -0.018    0.812   -2.566    0.058   -0.015    5.327    1.283
 392.40   19.909   19.964   19.967   -1.493    0.296   -5.091   -1.493    0.296   -1.506    7.603   -0.442   14.120    3.881
 392.50   17.404   17.439   17.448   -1.112    0.550   -7.596   -1.112    0.550   -4.176    8.447   -0.611   29.619    4.721
 392.60   17.583   17.619   17.637   -1.137    0.784   -7.417   -1.137    0.784   -5.817    8.434   -0.892   28.462    5.142
 392.70   17.559   17.575   17.650   -0.765    1.623   -7.441   -0.765    1.623  -12.074    5.690   -1.241   29.295    6.702
 392.80   18.137   18.157   18.160   -0.851    0.333   -6.863   -0.851    0.333   -2.287    5.842   -0.284   23.965    3.140
 392.90   17.847   17.854   17.894   -0.502   -1.199   -7.153   -0.502   -1.199    8.577    3.593    0.602   26.429    4.660
 393.00   18.545   18.832   18.842   -3.275   -0.623   -6.455   -3.275   -0.623    4.019   21.140    2.039   26.389   10.808
 393.10   17.348   18.127   18.195   -5.256   -1.570   -7.652   -5.256   -1.570   12.011   40.219    8.251   44.321   21.389
 393.20   16.786   17.182   17.278   -3.669   -1.811   -8.214   -3.669   -1.811   14.875   30.138    6.645   42.106   17.130
 393.30   18.373   18.676   18.688   -3.348   -0.682   -6.627   -3.348   -0.682    4.522   22.185    2.284   27.794   11.378
 393.40   19.500   19.624   19.637   -2.207    0.703   -5.500   -2.207    0.703   -3.869   12.137   -1.552   17.808    6.417
 393.50   19.735   19.882   19.962   -2.418    1.780   -5.265   -2.418    1.780   -9.373   12.732   -4.304   18.370    8.192
 393.60   19.379   19.469   19.530   -1.874    1.542   -5.621   -1.874    1.542   -8.666   10.532   -2.888   18.744    6.971
 393.70   20.781   20.792   20.902    0.671    2.140   -4.219    0.671    2.140   -9.030   -2.831    1.436   11.416    4.786
 393.80   19.350   19.449   19.588    1.954    2.329   -5.650    1.954    2.329  -13.161  -11.039    4.551   20.582    8.885
 393.90   19.241   19.414   19.459    2.588    1.324   -5.759    2.588    1.324   -7.625  -14.905    3.427   20.809    8.544
 394.00   18.248   18.553   18.564    3.348    0.641   -6.752    3.348    0.641   -4.331  -22.604    2.147   28.604   11.558
 394.10   18.760   18.927   18.943    2.511    0.787   -6.240    2.511    0.787   -4.914  -15.670    1.977   22.934    8.270
 394.20   19.015   19.306   19.358    3.339    1.413   -5.985    3.339    1.413   -8.456  -19.983    4.717   24.482   11.103
 394.30   17.648   18.125   18.175    4.133   -1.338   -7.352    4.133   -1.338    9.834  -30.383   -5.528   36.460   16.205
 394.40   16.988   17.553   17.559    4.417   -0.446   -8.012    4.417   -0.446    3.570  -35.387   -1.968   41.947   17.810
 394.50   17.580   17.859   17.881    3.149   -0.887   -7.420    3.149   -0.887    6.579  -23.364   -2.792   32.881   12.216
 394.60   18.696   18.872   18.892    2.574   -0.880   -6.304    2.574   -0.880    5.547  -16.225   -2.265   23.572    8.648
 394.70   18.339   18.467   18.560    2.169   -1.854   -6.661    2.169   -1.854   12.351  -14.444   -4.021   26.254    9.713
 394.80   18.292   18.349   18.362    1.453   -0.676   -6.708    1.453   -0.676    4.536   -9.747   -0.983   23.784    5.398
 394.90   18.956   19.034   19.065    1.723   -1.098   -6.044    1.723   -1.098    6.635  -10.413   -1.891   20.354    6.246
 395.00   19.406   19.434   19.444    1.029    0.628   -5.594    1.029    0.628   -3.515   -5.754    0.646   16.371    3.387
 395.10   19.614   19.714   19.717    1.979    0.338   -5.386    1.979    0.338   -1.821  -10.657    0.669   16.517    5.416
 395.20   19.169   19.216   19.218    1.342   -0.256   -5.831    1.342   -0.256    1.490   -7.825   -0.343   17.932    3.986
 395.30   16.868   16.925   16.936    1.388   -0.615   -8.132    1.388   -0.615    5.004  -11.290   -0.854   34.216    6.189
 395.40   18.153   18.551   18.631    3.819   -1.731   -6.847    3.819   -1.731   11.851  -26.146   -6.610   32.228   14.729
 395.50   17.480   17.807   17.828    3.400   -0.854   -7.520    3.400   -0.854    6.419  -25.566   -2.902   34.421   13.259
 395.60   17.135   17.256   17.274    2.037    0.787   -7.865    2.037    0.787   -6.192  -16.019    1.604   33.310    8.624
 395.70   18.485   18.531   18.559    1.305   -1.020   -6.515    1.305   -1.020    6.645   -8.503   -1.331   22.596    5.437
 395.80   19.377   19.377   19.377    0.076   -0.008   -5.623    0.076   -0.008    0.044   -0.430   -0.001   15.811    0.216
 395.90   18.337   18.338   18.339    0.232    0.124   -6.663    0.232    0.124   -0.828   -1.546    0.029   22.233    0.877
 396.00   17.695   17.702   17.706    0.511   -0.375   -7.305    0.511   -0.375    2.737   -3.734   -0.192   26.884    2.317
 396.10   17.209   17.209   17.212    0.101   -0.312   -7.791    0.101   -0.312    2.432   -0.784   -0.031   30.406    1.278
 396.20   16.467   16.502   16.503    1.067   -0.245   -8.533    1.067   -0.245    2.087   -9.103   -0.261   37.004    4.672
 396.30   18.367   18.462   18.522    1.879   -1.485   -6.633    1.879   -1.485    9.851  -12.467   -2.791   24.870    8.066
 396.40   18.541   18.613   18.615    1.642    0.274   -6.459    1.642    0.274   -1.767  -10.603    0.449   22.245    5.379
 396.50   17.074   17.123   17.123    1.305    0.015   -7.926    1.305    0.015   -0.122  -10.344    0.020   32.265    5.173
 396.60   17.252   17.301   17.302   -1.305    0.213   -7.748   -1.305    0.213   -1.651   10.115   -0.278   30.892    5.126
 396.70   18.206   18.287   18.401   -1.718   -2.043   -6.794   -1.718   -2.043   13.881   11.670    3.509   26.642    9.236
 396.80   19.118   19.149   19.263   -1.104   -2.091   -5.882   -1.104   -2.091   12.301    6.495    2.309   20.097    7.050
 396.90   17.191   17.285   17.406   -1.802   -2.053   -7.809   -1.802   -2.053   16.031   14.076    3.700   34.224   10.826
 397.00   17.418   17.451   17.702   -1.063   -2.971   -7.582   -1.063   -2.971   22.523    8.062    3.159   33.719   12.065
 397.10   17.548   17.804   18.296   -3.013   -4.211   -7.452   -3.013   -4.211   31.382   22.451   12.686   41.173   20.309
 397.20   16.888   16.982   17.422   -1.791   -3.888   -8.112   -1.791   -3.888   31.543   14.531    6.965   42.069   17.710
 397.30   16.722   16.751   17.117   -0.998   -3.519   -8.278   -0.998   -3.519   29.132    8.259    3.511   40.954   15.241
 397.40   15.689   15.739   16.088   -1.262   -3.331   -9.311   -1.262   -3.331   31.014   11.747    4.202   49.692   16.715
 397.50   14.874   14.874   15.112    0.119   -2.670  -10.126    0.119   -2.670   27.036   -1.208   -0.318   54.842   13.533
 397.60   14.053   14.102   14.188   -1.174   -1.560  -10.947   -1.174   -1.560   17.082   12.847    1.831   61.828   10.726
 397.70   15.334   15.342   15.426    0.467   -1.617   -9.666    0.467   -1.617   15.626   -4.517   -0.756   48.127    8.141
 397.80   15.588   15.646   15.691    1.346   -1.178   -9.412    1.346   -1.178   11.086  -12.665   -1.585   45.889    8.453
 397.90   16.362   16.416   16.522    1.331   -1.862   -8.638    1.331   -1.862   16.085  -11.498   -2.479   39.924    9.964
 398.00   16.135   16.148   16.204    0.663   -1.340   -8.865    0.663   -1.340   11.879   -5.879   -0.889   40.415    6.642
 398.10   16.873   16.879   16.911    0.465   -1.034   -8.127    0.465   -1.034    8.403   -3.781   -0.481   33.668    4.613
 398.20   17.173   17.181   17.187    0.537   -0.430   -7.827    0.537   -0.430    3.367   -4.203   -0.231   30.868    2.695
 398.30   16.790   16.807   16.813    0.758    0.454   -8.210    0.758    0.454   -3.724   -6.226    0.344   34.096    3.631
 398.40   16.191   16.196   16.287   -0.422   -1.714   -8.809   -0.422   -1.714   15.097    3.716    0.723   40.360    7.782
 398.50   17.497   17.521   17.551   -0.922   -1.024   -7.503   -0.922   -1.024    7.685    6.919    0.945   29.097    5.192
 398.60   16.946   16.955   17.008    0.545   -1.344   -8.054    0.545   -1.344   10.821   -4.388   -0.732   33.481    5.850
 398.70   18.956   18.963   18.984   -0.520   -0.901   -6.044   -0.520   -0.901    5.445    3.141    0.468   18.807    3.152
 398.80   18.155   18.173   18.279   -0.788   -1.968   -6.845   -0.788   -1.968   13.473    5.394    1.551   25.672    7.298
 398.90   19.143   19.150   19.153   -0.533   -0.347   -5.857   -0.533   -0.347    2.034    3.124    0.185   17.356    1.866
 399.00   19.456   19.526   19.530   -1.659   -0.353   -5.544   -1.659   -0.353    1.957    9.198    0.586   16.807    4.711
 399.10   19.426   19.448   19.519   -0.913   -1.667   -5.574   -0.913   -1.667    9.292    5.089    1.522   17.340    5.352
 399.20   20.736   20.756   20.866   -0.924   -2.136   -4.264   -0.924   -2.136    9.109    3.939    1.973   11.800    5.059
 399.30   21.110   21.150   21.325   -1.303   -2.729   -3.890   -1.303   -2.729   10.616    5.070    3.557   12.139    6.145
 399.40   22.154   22.218   22.544   -1.691   -3.820   -2.846   -1.691   -3.820   10.872    4.813    6.461   12.777    6.766
 399.50   23.161   23.164   23.395   -0.391   -3.280   -1.839   -0.391   -3.280    6.032    0.720    1.284    7.147    3.105
 399.60   23.520   23.521   23.729    0.184   -3.132   -1.480    0.184   -3.132    4.635   -0.272   -0.576    6.018    2.339
 399.70   22.836   22.853   23.083    0.883   -3.249   -2.164    0.883   -3.249    7.031   -1.911   -2.869    8.010    3.915
 399.80   23.960   23.984   24.176    1.053   -3.047   -1.040    1.053   -3.047    3.167   -1.095   -3.208    5.736    2.320
 399.90   22.667   22.753   22.975    1.977   -3.188   -2.333    1.977   -3.188    7.437   -4.612   -6.301    9.756    5.392
 400.00   21.522   21.597   21.625    1.803   -1.082   -3.478    1.803   -1.082    3.763   -6.270   -1.951    8.258    3.784
 400.10   21.218   21.415   21.483    2.900   -1.702   -3.782    2.900   -1.702    6.438  -10.968   -4.937   12.806    6.821
 400.20   20.924   21.345   21.436    4.220   -1.974   -4.076    4.220   -1.974    8.046  -17.199   -8.329   19.158   10.367
 400.30   21.558   22.024   22.029    4.508    0.466   -3.442    4.508    0.466   -1.604  -15.517    2.100   16.193    7.870
 400.40   21.560   21.835   21.838    3.450    0.404   -3.440    3.450    0.404   -1.388  -11.868    1.392   11.949    6.015
 400.50   22.560   22.752   22.793    2.947    1.370   -2.440    2.947    1.370   -3.342   -7.191    4.036    8.257    4.449
 400.60   21.696   21.846   21.865    2.557    0.910   -3.304    2.557    0.910   -3.006   -8.450    2.326    9.143    4.633
 400.70   22.003   22.133   22.134    2.390    0.239   -2.997    2.390    0.239   -0.717   -7.162    0.572    7.375    3.610
 400.80   21.337   21.631   21.635    3.555    0.431   -3.663    3.555    0.431   -1.579  -13.021    1.532   13.120    6.603
 400.90   23.055   23.256   23.269    3.052    0.768   -1.945    3.052    0.768   -1.494   -5.934    2.344    6.842    3.277
 401.00   23.082   23.383   23.395    3.739    0.750   -1.918    3.739    0.750   -1.438   -7.170    2.804    9.111    3.916
 401.10   21.311   21.477   21.478    2.658    0.228   -3.689    2.658    0.228   -0.842   -9.806    0.607   10.362    4.930
 401.20   22.734   22.846   22.854    2.262    0.606   -2.266    2.262    0.606   -1.374   -5.125    1.371    5.309    2.740
 401.30   22.196   22.206   22.284    0.652    1.859   -2.804    0.652    1.859   -5.212   -1.827    1.211    5.871    2.827
 401.40   22.008   22.047   22.053    1.313    0.494   -2.992    1.313    0.494   -1.478   -3.928    0.649    5.460    2.124
 401.50   23.317   23.395   23.427    1.902    1.229   -1.683    1.902    1.229   -2.069   -3.201    2.339    3.981    2.236
 401.60   23.894   23.951   23.955    1.649   -0.456   -1.106    1.649   -0.456    0.504   -1.825   -0.752    2.076    1.018
 401.70   24.618   24.652   24.677    1.297   -1.098   -0.382    1.297   -1.098    0.419   -0.495   -1.424    1.517    0.783
 401.80   22.032   22.037   22.037    0.477   -0.147   -2.968    0.477   -0.147    0.438   -1.417   -0.070    4.530    0.742
 401.90   22.809   22.839   22.871    1.169   -1.211   -2.191    1.169   -1.211    2.654   -2.560   -1.416    3.816    1.975
 402.00   22.678   22.866   22.942    2.926   -1.870   -2.322    2.926   -1.870    4.342   -6.795   -5.472    8.726    4.873
 402.10   22.331   22.768   22.937    4.437   -2.783   -2.669    4.437   -2.783    7.426  -11.841  -12.348   17.277    9.325
 402.20   21.176   21.315   21.358    2.431   -1.350   -3.824    2.431   -1.350    5.163   -9.295   -3.282   11.178    5.564
 402.30   20.777   20.929   20.938    2.517    0.627   -4.223    2.517    0.627   -2.646  -10.631    1.577   12.283    5.534
 402.40   18.705   18.880   18.881    2.565    0.216   -6.295    2.565    0.216   -1.357  -16.147    0.553   23.128    8.106
 402.50   18.856   18.907   18.909    1.392   -0.244   -6.144    1.392   -0.244    1.497   -8.554   -0.339   19.875    4.345
 402.60   19.348   19.407   19.435    1.506   -1.047   -5.652    1.506   -1.047    5.919   -8.509   -1.577   17.652    5.242
 402.70   19.664   19.670   19.713    0.483   -1.305   -5.336    0.483   -1.305    6.963   -2.576   -0.630   15.204    3.725
 402.80   19.382   19.387   19.392    0.433    0.424   -5.618    0.433    0.424   -2.382   -2.435    0.184   15.963    1.706
 402.90   18.734   18.734   18.867   -0.072    2.234   -6.266   -0.072    2.234  -13.996    0.452   -0.161   22.127    7.002
 403.00   16.994   16.996   17.103   -0.275    1.912   -8.006   -0.275    1.912  -15.310    2.200   -0.526   33.914    7.738
 403.10   16.947   16.950   17.168    0.318    2.725   -8.053    0.318    2.725  -21.948   -2.565    0.868   36.192   11.057
 403.20   17.306   17.306   17.712   -0.107    3.771   -7.694   -0.107    3.771  -29.013    0.820   -0.402   36.715   14.514
 403.30   17.498   17.505   17.713   -0.501    2.708   -7.502   -0.501    2.708  -20.313    3.755   -1.355   31.933   10.351
 403.40   18.469   18.473   18.607    0.388    2.232   -6.531    0.388    2.232  -14.579   -2.537    0.867   23.896    7.412
 403.50   19.387   19.390   19.455   -0.339    1.584   -5.613   -0.339    1.584   -8.892    1.902   -0.537   17.065    4.554
 403.60   18.041   18.109   18.111   -1.565    0.290   -6.959   -1.565    0.290   -2.015   10.889   -0.453   25.477    5.542
 403.70   17.049   17.054   17.103    0.423    1.289   -7.951    0.423    1.289  -10.249   -3.366    0.546   32.529    5.401
 403.80   16.869   16.938   16.948    1.529    0.562   -8.131    1.529    0.562   -4.571  -12.430    0.859   34.381    6.636
 403.90   18.264   18.339   18.431    1.656    1.839   -6.736    1.656    1.839  -12.385  -11.152    3.044   25.748    8.471
 404.00   19.593   19.779   19.964    2.705    2.715   -5.407    2.705    2.715  -14.681  -14.629    7.345   21.965   10.994
 404.10   17.493   17.707   17.727    2.744    0.851   -7.507    2.744    0.851   -6.386  -20.598    2.334   32.303   10.846
 404.20   15.631   15.843   15.881    2.585    1.096   -9.369    2.585    1.096  -10.264  -24.216    2.832   47.828   13.227
 404.30   15.143   15.172   15.174    0.933   -0.223   -9.857    0.933   -0.223    2.201   -9.197   -0.208   49.036    4.729
 404.40   16.012   16.013   16.030    0.150    0.750   -8.988    0.150    0.750   -6.745   -1.351    0.113   40.685    3.440
 404.50   15.623   15.640   15.739   -0.734    1.756   -9.377   -0.734    1.756  -16.467    6.886   -1.290   45.775    8.948
 404.60   14.654   14.664   14.669   -0.562    0.376  -10.346   -0.562    0.376   -3.891    5.811   -0.211   53.753    3.498
 404.70   14.732   14.733   14.738   -0.224    0.373  -10.268   -0.224    0.373   -3.830    2.295   -0.083   52.815    2.233
 404.80   16.403   16.464   16.465   -1.417   -0.190   -8.597   -1.417   -0.190    1.635   12.179    0.269   37.979    6.146
 404.90   16.429   16.435   16.450   -0.451   -0.685   -8.571   -0.451   -0.685    5.871    3.868    0.309   37.067    3.519
 405.00   14.425   14.436   14.558   -0.574   -1.879  -10.575   -0.574   -1.879   19.869    6.066    1.078   57.846   10.401
 405.10   15.335   15.417   15.548   -1.590   -2.015   -9.665   -1.590   -2.015   19.478   15.364    3.203   50.004   12.507
 405.20   15.233   15.393   15.551   -2.220   -2.210   -9.767   -2.220   -2.210   21.585   21.685    4.906   52.608   15.494
 405.30   13.592   13.609   13.771   -0.673   -2.105  -11.408   -0.673   -2.105   24.015    7.673    1.416   67.512   12.625
 405.40   14.150   14.161   14.512   -0.566   -3.171  -10.850   -0.566   -3.171   34.405    6.146    1.796   64.050   17.498
 405.50   15.389   15.641   15.741   -2.792   -1.772   -9.611   -2.792   -1.772   17.031   26.832    4.948   51.649   16.082
 405.60   15.079   15.214   15.235   -2.023   -0.792   -9.921   -2.023   -0.792    7.857   20.065    1.602   51.571   10.804
 405.70   14.979   14.997   15.011   -0.734   -0.668  -10.021   -0.734   -0.668    6.696    7.353    0.490   50.707    4.979
 405.80   15.579   15.652   15.726   -1.511    1.525   -9.421   -1.511    1.525  -14.364   14.238   -2.304   46.681   10.178
 405.90   16.581   16.635   16.650   -1.339    0.686   -8.419   -1.339    0.686   -5.773   11.269   -0.918   36.567    6.347
 406.00   16.606   16.721   16.728   -1.956   -0.479   -8.394   -1.956   -0.479    4.021   16.420    0.937   37.254    8.466
 406.10   16.713   17.202   17.210   -4.069   -0.547   -8.287   -4.069   -0.547    4.530   33.716    2.224   42.760   17.046
 406.20   16.563   16.824   16.907   -2.954   -1.672   -8.437   -2.954   -1.672   14.109   24.924    4.940   41.353   14.532
 406.30   15.655   15.726   15.791   -1.498   -1.426   -9.345   -1.498   -1.426   13.328   13.997    2.136   45.806    9.723
 406.40   16.522   16.525   16.526   -0.327   -0.214   -8.478   -0.327   -0.214    1.815    2.773    0.070   36.018    1.658
 406.50   16.517   16.529   16.568   -0.641   -1.126   -8.483   -0.641   -1.126    9.555    5.436    0.722   36.820    5.508
 406.60   16.281   16.335   16.340   -1.327   -0.391   -8.719   -1.327   -0.391    3.408   11.571    0.519   38.964    6.037
 406.70   16.948   16.960   16.972   -0.637    0.647   -8.052   -0.637    0.647   -5.214    5.131   -0.413   32.833    3.663
 406.80   17.607   17.672   17.680    1.516    0.553   -7.393    1.516    0.553   -4.088  -11.208    0.838   28.634    5.980
 406.90   18.065   18.145   18.168    1.710   -0.902   -6.935    1.710   -0.902    6.256  -11.862   -1.543   25.919    6.750
 407.00   18.392   18.455   18.456    1.522    0.117   -6.608    1.522    0.117   -0.771  -10.060    0.178   22.996    5.045
 407.10   17.750   17.849   17.857    1.875   -0.537   -7.250    1.875   -0.537    3.892  -13.595   -1.007   28.184    7.088
 407.20   16.383   16.415   16.712    1.021   -3.134   -8.617    1.021   -3.134   27.006   -8.802   -3.201   42.557   14.292
 407.30   16.089   16.119   16.408    0.970   -3.070   -8.911    0.970   -3.070   27.356   -8.641   -2.977   44.882   14.421
 407.40   18.878   18.905   19.167    0.998   -3.157   -6.122    0.998   -3.157   19.326   -6.110   -3.151   24.219   10.256
 407.50   19.196   19.271   19.309    1.694   -1.216   -5.804    1.694   -1.216    7.057   -9.834   -2.060   19.017    6.139
 407.60   18.349   18.421   18.506    1.621   -1.774   -6.651    1.621   -1.774   11.799  -10.783   -2.877   25.004    8.120
 407.70   17.698   17.910   18.071    2.747   -2.410   -7.302    2.747   -2.410   17.597  -20.057   -6.619   33.337   13.746
 407.80   18.745   19.065   19.236    3.481   -2.558   -6.255    3.481   -2.558   16.003  -21.775   -8.905   28.896   14.226
 407.90   19.540   20.028   20.048    4.395   -0.891   -5.460    4.395   -0.891    4.864  -23.998   -3.915   24.962   12.398
 408.00   19.818   20.524   20.626    5.339   -2.046   -5.182    5.339   -2.046   10.605  -27.671  -10.926   29.777   15.792
 408.10   19.106   19.776   19.926    5.105   -2.436   -5.894    5.105   -2.436   14.361  -30.091  -12.439   33.371   17.794
 408.20   18.539   19.109   19.203    4.633   -1.894   -6.461    4.633   -1.894   12.237  -29.931   -8.774   33.396   16.752
 408.30   19.585   19.820   19.912    3.038   -1.918   -5.415    3.038   -1.918   10.384  -16.452   -5.827   21.114   10.154
 408.40   20.845   21.185   21.275    3.780   -1.953   -4.155    3.780   -1.953    8.115  -15.703   -7.382   17.681    9.578
 408.50   19.309   19.811   19.867    4.430   -1.495   -5.691    4.430   -1.495    8.508  -25.209   -6.622   27.122   13.709
 408.60   18.274   19.082   19.215    5.495   -2.254   -6.726    5.495   -2.254   15.163  -36.957  -12.387   40.256   20.912
 408.70   17.813   18.243   18.412    3.937   -2.487   -7.187    3.937   -2.487   17.876  -28.297   -9.793   36.672   17.437
 408.80   18.712   19.098   19.249    3.820   -2.412   -6.288    3.820   -2.412   15.167  -24.019   -9.213   29.975   14.932
 408.90   18.905   19.351   19.431    4.130   -1.757   -6.095    4.130   -1.757   10.707  -25.170   -7.255   28.643   14.149
 409.00   17.489   17.754   17.949    3.057   -2.639   -7.511    3.057   -2.639   19.823  -22.959   -8.067   36.362   15.694
 409.10   17.151   17.443   17.447    3.175   -0.377   -7.849    3.175   -0.377    2.961  -24.919   -1.198   35.912   12.561
 409.20   17.092   17.176   17.253    1.699   -1.623   -7.908    1.699   -1.623   12.833  -13.434   -2.757   34.028    9.391
 409.30   15.604   15.607   15.620   -0.330   -0.643   -9.396   -0.330   -0.643    6.039    3.101    0.212   44.408    3.396
 409.40   16.080   16.195   16.278   -1.926    1.641   -8.920   -1.926    1.641  -14.640   17.183   -3.161   42.988   11.397
 409.50   17.072   17.192   17.545   -2.021    3.502   -7.928   -2.021    3.502  -27.761   16.025   -7.078   39.598   16.413
 409.60   16.054   16.285   16.654   -2.734    3.485   -8.946   -2.734    3.485  -31.172   24.459   -9.527   49.822   20.376
 409.70   15.150   15.307   15.426   -2.187    1.907   -9.850   -2.187    1.907  -18.784   21.538   -4.170   52.716   14.441
 409.80   16.043   16.121   16.440   -1.576    3.224   -8.957   -1.576    3.224  -28.879   14.117   -5.082   46.550   16.272
 409.90   16.072   16.182   16.446   -1.888    2.935   -8.928   -1.888    2.935  -26.200   16.859   -5.541   45.945   15.822
 410.00   16.121   16.206   16.345   -1.661    2.121   -8.879   -1.661    2.121  -18.837   14.749   -3.524   43.049   12.091
 410.10   17.929   18.349   18.483   -3.906    2.220   -7.071   -3.906    2.220  -15.696   27.622   -8.671   35.094   16.466
 410.20   19.120   19.434   19.577   -3.479    2.361   -5.880   -3.479    2.361  -13.882   20.454   -8.212   26.124   13.024
 410.30   18.354   18.666   18.669   -3.400    0.299   -6.646   -3.400    0.299   -1.984   22.599   -1.015   27.911   11.354
 410.40   19.439   19.586   19.632   -2.388    1.352   -5.561   -2.388    1.352   -7.519   13.276   -3.229   19.224    7.798
 410.50   20.137   20.225   20.416   -1.877    2.790   -4.863   -1.877    2.790  -13.566    9.128   -5.237   17.476    8.584
 410.60   20.074   20.192   20.285   -2.182    1.932   -4.926   -2.182    1.932   -9.514   10.746   -4.214   16.377    7.479
 410.70   18.795   18.916   19.098   -2.134    2.630   -6.205   -2.134    2.630  -16.320   13.239   -5.612   24.985   10.875
 410.80   19.720   20.285   20.540   -4.758    3.225   -5.280   -4.758    3.225  -17.030   25.122  -15.344   30.460   17.005
 410.90   18.338   18.759   18.759   -3.952   -0.053   -6.662   -3.952   -0.053    0.351   26.329    0.208   30.001   13.166
 411.00   19.228   20.127   20.127   -5.948    0.015   -5.772   -5.948    0.015   -0.088   34.331   -0.090   34.346   17.166
 411.10   19.564   20.059   20.087   -4.429   -1.048   -5.436   -4.429   -1.048    5.698   24.072    4.643   25.129   12.585
 411.20   19.717   19.836   20.077   -2.170   -3.101   -5.283   -2.170   -3.101   16.382   11.465    6.729   21.117   10.549
 411.30   18.532   18.596   18.833   -1.544   -2.982   -6.468   -1.544   -2.982   19.286    9.990    4.605   26.558   11.101
 411.40   18.423   18.572   18.638   -2.351   -1.568   -6.577   -2.351   -1.568   10.312   15.467    3.687   25.625    9.476
 411.50   18.850   19.364   19.539   -4.433   -2.610   -6.150   -4.433   -2.610   16.053   27.265   11.571   32.146   16.845
 411.60   19.721   20.163   20.256   -4.196   -1.940   -5.279   -4.196   -1.940   10.239   22.149    8.139   24.616   12.861
 411.70   18.952   19.236   19.237   -3.297   -0.147   -6.048   -3.297   -0.147    0.892   19.938    0.486   23.735    9.982
 411.80   16.951   17.252   17.285   -3.204    1.078   -8.049   -3.204    1.078   -8.674   25.787   -3.453   38.103   13.712
 411.90   18.609   18.645   18.715   -1.162   -1.611   -6.391   -1.162   -1.611   10.299    7.428    1.873   22.396    6.418
 412.00   18.754   18.760   18.795   -0.479   -1.149   -6.246   -0.479   -1.149    7.175    2.992    0.550   20.280    3.897
 412.10   20.250   20.293   20.307   -1.317   -0.754   -4.750   -1.317   -0.754    3.581    6.256    0.993   12.433    3.638
 412.20   21.301   21.412   21.515   -2.176   -2.101   -3.699   -2.176   -2.101    7.770    8.048    4.570   11.415    6.042
 412.30   22.216   22.302   22.376   -1.949   -1.825   -2.784   -1.949   -1.825    5.080    5.426    3.557    7.439    4.120
 412.40   21.168   21.319   21.463   -2.533   -2.483   -3.832   -2.533   -2.483    9.515    9.707    6.291   13.633    7.489
 412.50   21.006   21.085   21.350   -1.817   -3.355   -3.994   -1.817   -3.355   13.399    7.256    6.095   15.253    8.205
 412.60   20.823   20.824   20.980   -0.144   -2.558   -4.177   -0.144   -2.558   10.684    0.602    0.369   12.004    5.354
 412.70   19.865   19.908   19.970   -1.307   -1.575   -5.135   -1.307   -1.575    8.090    6.712    2.059   15.278    5.356
 412.80   20.094   20.094   20.184   -0.043   -1.905   -4.906   -0.043   -1.905    9.346    0.209    0.081   13.851    4.674
 412.90   20.967   21.007   21.127   -1.301   -2.246   -4.033   -1.301   -2.246    9.059    5.249    2.923   11.503    5.435
 413.00   21.616   21.637   21.660   -0.953    1.005   -3.384   -0.953    1.005   -3.402    3.226   -0.958    6.686    2.392
 413.10   22.443   22.460   22.505   -0.863    1.424   -2.557   -0.863    1.424   -3.641    2.206   -1.228    4.655    2.215
 413.20   21.243   21.321   21.338   -1.817    0.858   -3.757   -1.817    0.858   -3.224    6.828   -1.560    9.078    3.855
 413.30   20.716   20.747   20.787    1.136    1.296   -4.284    1.136    1.296   -5.550   -4.867    1.472   10.661    3.764
 413.40   20.431   20.438   20.611    0.541    2.662   -4.569    0.541    2.662  -12.163   -2.474    1.441   14.128    6.248
 413.50   21.285   21.343   21.418   -1.574    1.787   -3.715   -1.574    1.787   -6.639    5.848   -2.813    9.737    4.642
 413.60   22.496   22.503   22.554   -0.560    1.520   -2.504   -0.560    1.520   -3.806    1.402   -0.851    4.447    2.072
 413.70   24.508   24.510   24.583   -0.246    1.901   -0.492   -0.246    1.901   -0.935    0.121   -0.468    1.959    0.526
 413.80   25.365   25.365   25.385    0.119    0.999    0.365    0.119    0.999    0.364    0.043    0.119    0.572    0.193
 413.90   25.693   25.701   25.771    0.618    1.900    0.693    0.618    1.900    1.317    0.429    1.175    2.237    0.908
 414.00   25.195   25.196   25.304   -0.138    2.341    0.195   -0.138    2.341    0.457   -0.027   -0.323    2.770    0.280
 414.10   25.206   25.242   25.360   -1.345    2.452    0.206   -1.345    2.452    0.505   -0.277   -3.297    3.932    1.674
 414.20   24.510   24.622   24.838   -2.344    3.268   -0.490   -2.344    3.268   -1.600    1.147   -7.658    8.205    3.953
 414.30   21.344   21.396   21.476   -1.492    1.855   -3.656   -1.492    1.855   -6.783    5.456   -2.769    9.518    4.568
 414.40   21.177   21.216   21.268   -1.291    1.479   -3.823   -1.291    1.479   -5.655    4.937   -1.910    9.236    3.873
 414.50   22.539   22.648   22.649   -2.221   -0.229   -2.461   -2.221   -0.229    0.563    5.467    0.508    5.522    2.760
 414.60   22.915   23.018   23.104   -2.175    2.002   -2.085   -2.175    2.002   -4.175    4.535   -4.353    6.543    3.773
 414.70   23.690   23.787   23.808   -2.145    0.990   -1.310   -2.145    0.990   -1.296    2.810   -2.124    3.649    1.877
 414.80   24.623   24.728   24.839   -2.275    2.350   -0.377   -2.275    2.350   -0.887    0.858   -5.346    5.420    2.743
 414.90   24.639   24.758   24.982   -2.420    3.339   -0.361   -2.420    3.339   -1.204    0.873   -8.080    8.567    4.108
 415.00   24.919   25.097   25.269   -2.983    2.949   -0.081   -2.983    2.949   -0.239    0.242   -8.798    8.802    4.402
 415.10   25.374   25.444   25.723   -1.885    3.775    0.374   -1.885    3.775    1.413   -0.706   -7.116    8.971    3.644
 415.20   24.941   24.972   25.075   -1.253    2.271   -0.059   -1.253    2.271   -0.134    0.074   -2.845    3.365    1.424
 415.30   23.687   23.691   23.807   -0.431    2.349   -1.313   -0.431    2.349   -3.085    0.566   -1.012    3.714    1.648
 415.40   23.743   23.747   23.843    0.431    2.142   -1.257    0.431    2.142   -2.692   -0.542    0.924    3.176    1.449
 415.50   24.167   24.190   24.190   -1.044    0.132   -0.833   -1.044    0.132   -0.110    0.869   -0.138    0.900    0.443
 415.60   25.038   25.044   25.074   -0.546    1.224    0.038   -0.546    1.224    0.046   -0.021   -0.668    0.899    0.335
 415.70   24.402   24.402   24.469   -0.169    1.803   -0.598   -0.169    1.803   -1.079    0.101   -0.306    1.819    0.563
 415.80   23.915   23.916   23.939    0.227    1.044   -1.085    0.227    1.044   -1.133   -0.246    0.237    1.160    0.592
 415.90   24.909   24.955   24.970    1.506   -0.874   -0.091    1.506   -0.874    0.079   -0.136   -1.316    1.519    0.663
 416.00   24.707   24.843   24.847    2.596    0.398   -0.293    2.596    0.398   -0.116   -0.759    1.033    3.490    0.644
 416.10   24.733   24.780   24.790    1.521    0.694   -0.267    1.521    0.694   -0.185   -0.406    1.056    1.434    0.573
 416.20   24.075   24.077   24.124   -0.236    1.506   -0.925   -0.236    1.506   -1.392    0.219   -0.356    1.589    0.727
 416.30   23.462   23.462   23.595   -0.026    2.497   -1.538   -0.026    2.497   -3.841    0.040   -0.065    4.301    1.921
 416.40   24.480   24.484   24.610    0.444    2.483   -0.520    0.444    2.483   -1.290   -0.231    1.102    3.315    0.856
 416.50   24.820   24.918   25.167    2.211    3.533   -0.180    2.211    3.533   -0.636   -0.398    7.810    8.700    3.923
 416.60   25.086   25.140   25.192    1.643    1.623    0.086    1.643    1.623    0.140    0.142    2.667    2.671    1.337
 416.70   25.304   25.580   25.649    3.748    1.877    0.304    3.748    1.877    0.570    1.139    7.035    8.831    3.575
 416.80   25.848   26.010   26.141    2.905    2.615    0.848    2.905    2.615    2.216    2.462    7.595    7.997    4.143
 416.90   27.219   27.304   27.364    2.151    1.817    2.219    2.151    1.817    4.033    4.773    3.909    6.427    3.685
 417.00   30.095   30.299   30.304    3.510    0.541    5.095    3.510    0.541    2.757   17.885    1.899   19.287    9.098
 417.10   28.279   28.497   28.566    3.521    1.988    3.279    3.521    1.988    6.520   11.545    7.002   13.552    7.497
 417.20   28.094   28.382   28.387    4.033    0.545    3.094    4.033    0.545    1.687   12.477    2.199   13.067    6.391
 417.30   26.162   26.237   26.244    1.994   -0.572    1.162    1.994   -0.572   -0.665    2.316   -1.141    2.826    1.333
 417.40   26.984   27.015   27.021    1.303    0.553    1.984    1.303    0.553    1.096    2.585    0.720    2.969    1.450
 417.50   25.917   26.000   26.045    2.078   -1.522    0.917    2.078   -1.522   -1.396    1.905   -3.162    3.737    1.973
 417.60   24.756   24.854   24.855    2.214    0.065   -0.244    2.214    0.065   -0.016   -0.541    0.144    2.482    0.280
 417.70   25.064   25.090   25.091    1.147    0.144    0.064    1.147    0.144    0.009    0.074    0.165    0.670    0.090
 417.80   24.915   25.025   25.030    2.350    0.489   -0.085    2.350    0.489   -0.042   -0.200    1.150    2.886    0.584
 417.90   23.646   24.088   24.098    4.593   -0.698   -1.354    4.593   -0.698    0.944   -6.218   -3.204   11.708    3.529
 418.00   23.745   23.977   24.080    3.327   -2.219   -1.255    3.327   -2.219    2.783   -4.174   -7.382    8.783    4.463
 418.10   22.955   23.670   23.722    5.773   -1.569   -2.045    5.773   -1.569    3.208  -11.805   -9.057   19.986    7.610
 418.20   21.335   21.917   21.959    5.017   -1.357   -3.665    5.017   -1.357    4.972  -18.386   -6.808   20.222   10.113
 418.30   21.115   21.547   21.550    4.293   -0.334   -3.885    4.293   -0.334    1.299  -16.677   -1.435   16.816    8.394
 418.40   19.944   20.450   20.490    4.521    1.267   -5.056    4.521    1.267   -6.403  -22.857    5.727   23.802   12.209
 418.50   21.045   21.428   21.555    4.036    2.335   -3.955    4.036    2.335   -9.236  -15.965    9.426   18.695   10.357
 418.60   21.324   21.681   21.830    3.919    2.550   -3.676    3.919    2.550   -9.374  -14.405    9.992   17.686    9.940
 418.70   22.023   22.302   22.305    3.521    0.325   -2.977    3.521    0.325   -0.967  -10.482    1.144   10.682    5.294
 418.80   22.100   22.165   22.210    1.697   -1.408   -2.900    1.697   -1.408    4.083   -4.920   -2.389    6.635    3.413
 418.90   21.959   21.976   22.030    0.849   -1.538   -3.041    0.849   -1.538    4.676   -2.583   -1.306    6.166    2.750
 419.00   21.316   21.444   21.445    2.342   -0.259   -3.684    2.342   -0.259    0.955   -8.627   -0.607    9.563    4.351
 419.10   21.411   21.446   21.448    1.221   -0.303   -3.589    1.221   -0.303    1.088   -4.381   -0.370    7.231    2.265
 419.20   19.585   19.699   19.712    2.121   -0.721   -5.415    2.121   -0.721    3.903  -11.483   -1.528   17.171    6.112
 419.30   20.801   20.903   20.950    2.061    1.398   -4.199    2.061    1.398   -5.869   -8.653    2.881   11.915    5.423
 419.40   20.094   20.183   20.245    1.895    1.580   -4.906    1.895    1.580   -7.750   -9.297    2.993   15.078    6.234
 419.50   20.793   20.797   20.798    0.382   -0.221   -4.207    0.382   -0.221    0.929   -1.606   -0.084    8.946    0.929
 419.60   20.434   20.450   20.612   -0.810    2.577   -4.566   -0.810    2.577  -11.766    3.700   -2.088   14.073    6.255
 419.70   20.439   20.474   20.521   -1.192    1.394   -4.561   -1.192    1.394   -6.358    5.438   -1.662   12.084    4.265
 419.80   21.262   21.268   21.269    0.514    0.187   -3.738    0.514    0.187   -0.700   -1.921    0.096    7.136    1.023
 419.90   21.321   21.331   21.342   -0.668    0.656   -3.679   -0.668    0.656   -2.415    2.457   -0.438    7.206    1.736
 420.00   20.584   20.700   20.708   -2.189   -0.566   -4.416   -2.189   -0.566    2.499    9.667    1.239   12.306    5.031
 420.10   20.803   20.876   20.897   -1.736   -0.956   -4.197   -1.736   -0.956    4.010    7.286    1.659   10.770    4.240
 420.20   20.473   20.481   20.482   -0.587   -0.197   -4.527   -0.587   -0.197    0.892    2.657    0.116   10.439    1.402
 420.30   20.258   20.342   20.413   -1.849   -1.703   -4.742   -1.849   -1.703    8.076    8.768    3.149   14.404    6.165
 420.40   20.034   20.065   20.073   -1.104   -0.567   -4.966   -1.104   -0.567    2.815    5.480    0.626   13.099    3.096
 420.50   21.218   21.251   21.251   -1.198   -0.062   -3.782   -1.198   -0.062    0.235    4.532    0.074    7.873    2.269
 420.60   21.735   21.743   21.781   -0.599   -1.287   -3.265   -0.599   -1.287    4.201    1.955    0.770    6.338    2.349
 420.70   21.216   21.233   21.318   -0.829   -1.910   -3.784   -0.829   -1.910    7.227    3.136    1.583    9.325    4.018
 420.80   21.267   21.358   21.371   -1.964   -0.743   -3.733   -1.964   -0.743    2.774    7.330    1.460    9.171    3.986
 420.90   22.896   22.959   22.998   -1.698   -1.328   -2.104   -1.698   -1.328    2.794    3.572    2.255    4.536    2.532
 421.00   22.227   22.286   22.288   -1.615   -0.328   -2.773   -1.615   -0.328    0.910    4.477    0.530    5.201    2.300
 421.10   21.880   21.883   21.883   -0.347    0.082   -3.120   -0.347    0.082   -0.256    1.082   -0.028    4.931    0.556
 421.20   20.576   20.584   20.632   -0.568   -1.406   -4.424   -0.568   -1.406    6.220    2.511    0.798   10.934    3.378
 421.30   19.667   19.673   19.768    0.509   -1.931   -5.333    0.509   -1.931   10.301   -2.716   -0.983   16.218    5.349
 421.40   20.162   20.172   20.298    0.620   -2.260   -4.838    0.620   -2.260   10.932   -3.000   -1.401   14.446    5.711
 421.50   21.487   21.558   21.572    1.752   -0.774   -3.513    1.752   -0.774    2.718   -6.154   -1.355    8.005    3.431
 421.60   21.978   21.981   22.180    0.372   -2.961   -3.022    0.372   -2.961    8.948   -1.126   -1.103    9.019    4.543
 421.70   21.738   21.740   21.805   -0.307   -1.677   -3.262   -0.307   -1.677    5.469    1.001    0.515    6.773    2.792
 421.80   22.203   22.207   22.383    0.378   -2.808   -2.797    0.378   -2.808    7.854   -1.056   -1.061    7.926    3.998
 421.90   21.229   21.263   21.290    1.192   -1.080   -3.771    1.192   -1.080    4.074   -4.494   -1.288    8.403    3.100
 422.00   21.932   22.080   22.086    2.548   -0.504   -3.068    2.548   -0.504    1.546   -7.817   -1.284    8.079    4.036
 422.10   21.015   21.106   21.110    1.958    0.420   -3.985    1.958    0.420   -1.672   -7.804    0.822    9.946    4.012
 422.20   20.698   20.774   20.787    1.774    0.754   -4.302    1.774    0.754   -3.245   -7.633    1.338   11.113    4.201
 422.30   21.592   21.774   21.791    2.811    0.851   -3.408    2.811    0.851   -2.899   -9.580    2.391   10.120    5.145
 422.40   22.484   22.539   22.711    1.571    2.786   -2.516    1.571    2.786   -7.008   -3.951    4.376    8.278    4.579
 422.50   24.020   24.133   24.413    2.338    3.683   -0.980    2.338    3.683   -3.611   -2.293    8.612    9.997    4.808
 422.60   24.336   24.494   24.774    2.776    3.714   -0.664    2.776    3.714   -2.465   -1.842   10.311   10.971    5.380
 422.70   22.323   22.400   22.468    1.855    1.746   -2.677    1.855    1.746   -4.673   -4.966    3.238    6.828    3.774
 422.80   23.128   23.193   23.214    1.738    0.984   -1.872    1.738    0.984   -1.842   -3.254    1.710    3.747    2.056
 422.90   24.726   24.742   24.748    0.888    0.538   -0.274    0.888    0.538   -0.148   -0.243    0.478    0.576    0.278
 423.00   24.421   24.502   24.520    1.987    0.926   -0.579    1.987    0.926   -0.536   -1.150    1.841    2.570    1.118
 423.10   23.905   23.906   23.971    0.274    1.763   -1.095    0.274    1.763   -1.932   -0.301    0.484    2.192    1.007
 423.20   25.302   25.304   25.330   -0.300    1.142    0.302   -0.300    1.142    0.345   -0.091   -0.343    0.743    0.248
 423.30   25.102   25.143   25.165   -1.443    1.057    0.102   -1.443    1.057    0.108   -0.147   -1.526    1.606    0.768
 423.40   23.734   23.741   23.741   -0.591    0.068   -1.266   -0.591    0.068   -0.086    0.748   -0.040    0.979    0.377
 423.50   23.487   23.608   23.622   -2.392   -0.806   -1.513   -2.392   -0.806    1.220    3.620    1.928    4.331    2.140
 423.60   24.461   24.704   24.750   -3.456   -1.503   -0.539   -3.456   -1.503    0.810    1.862    5.194    7.245    2.788
 423.70   25.098   25.294   25.410   -3.138   -2.423    0.098   -3.138   -2.423   -0.238   -0.309    7.601    7.861    3.806
 423.80   25.585   25.774   25.854   -3.111   -2.041    0.585   -3.111   -2.041   -1.195   -1.821    6.351    7.094    3.357
 423.90   23.873   24.170   24.210   -3.779   -1.392   -1.127   -3.779   -1.392    1.569    4.260    5.262    8.745    3.475
 424.00   23.749   24.103   24.177   -4.113   -1.900   -1.251   -4.113   -1.900    2.377    5.145    7.817   11.047    4.828
 424.10   22.180   22.612   22.687   -4.394   -1.852   -2.820   -4.394   -1.852    5.223   12.390    8.140   15.346    7.859
 424.20   21.552   21.681   21.913   -2.365   -3.176   -3.448   -2.365   -3.176   10.953    8.156    7.514   13.787    7.793
 424.30   21.405   21.643   21.814   -3.205   -2.720   -3.595   -3.205   -2.720    9.778   11.523    8.717   15.298    8.723
 424.40   21.048   21.160   21.307   -2.181   -2.499   -3.952   -2.181   -2.499    9.875    8.619    5.449   13.310    7.098
 424.50   21.266   21.382   21.382   -2.226    0.058   -3.734   -2.226    0.058   -0.216    8.312   -0.129    9.452    4.158
 424.60   22.010   22.183   22.183   -2.765    0.140   -2.990   -2.765    0.140   -0.419    8.268   -0.388    8.304    4.144
 424.70   21.543   21.591   21.717   -1.438   -2.340   -3.457   -1.438   -2.340    8.088    4.973    3.365    9.747    5.037
 424.80   22.440   22.440   22.640    0.022   -3.001   -2.560    0.022   -3.001    7.683   -0.057   -0.067    7.781    3.842
 424.90   22.330   22.354   22.547   -1.035   -2.941   -2.670   -1.035   -2.941    7.851    2.762    3.042    8.423    4.431
 425.00   22.823   22.968   22.980   -2.578   -0.743   -2.177   -2.578   -0.743    1.618    5.610    1.916    5.967    3.073
 425.10   22.484   22.509   22.510   -1.065   -0.124   -2.516   -1.065   -0.124    0.312    2.680    0.132    3.740    1.351
 425.20   22.053   22.053   22.055    0.147   -0.314   -2.947    0.147   -0.314    0.927   -0.433   -0.046    4.404    0.512
 425.30   20.487   20.490   20.509   -0.290   -0.884   -4.513   -0.290   -0.884    3.989    1.310    0.257   10.614    2.103
 425.40   19.843   19.862   19.862    0.873    0.039   -5.157    0.873    0.039   -0.203   -4.505    0.034   13.682    2.255
 425.50   20.640   20.659   20.718    0.882    1.561   -4.360    0.882    1.561   -6.807   -3.844    1.377   11.110    3.969
 425.60   21.315   21.320   21.486    0.450    2.665   -3.685    0.450    2.665   -9.819   -1.659    1.200   10.441    5.015
 425.70   21.321   21.350   21.408    1.122    1.573   -3.679    1.122    1.573   -5.786   -4.128    1.764    8.635    3.662
 425.80   19.803   19.834   19.912    1.111    1.757   -5.197    1.111    1.757   -9.133   -5.774    1.953   15.666    5.490
 425.90   18.996   19.037   19.051   -1.240    0.734   -6.004   -1.240    0.734   -4.408    7.444   -0.910   19.061    4.349
 426.00   18.245   18.251   18.291   -0.483    1.202   -6.755   -0.483    1.202   -8.120    3.265   -0.581   23.655    4.385
 426.10   19.097   19.139   19.206    1.271    1.607   -5.903    1.271    1.607   -9.486   -7.504    2.043   19.523    6.133
 426.20   20.265   20.313   20.315    1.408    0.271   -4.735    1.408    0.271   -1.283   -6.669    0.381   12.240    3.401
 426.30   20.324   20.354   20.355    1.098    0.200   -4.676    1.098    0.200   -0.934   -5.134    0.219   11.556    2.612
 426.40   21.893   21.893   21.956   -0.111    1.655   -3.107   -0.111    1.655   -5.140    0.346   -0.184    6.201    2.578
 426.50   21.851   21.918   21.965   -1.712    1.442   -3.149   -1.712    1.442   -4.541    5.391   -2.469    7.463    3.734
 426.60   21.223   21.244   21.304   -0.944    1.591   -3.777   -0.944    1.591   -6.008    3.565   -1.502    8.843    3.573
 426.70   22.462   22.463   22.553   -0.214    2.017   -2.538   -0.214    2.017   -5.119    0.543   -0.432    5.277    2.583
 426.80   22.335   22.380   22.473   -1.425    2.034   -2.665   -1.425    2.034   -5.421    3.797   -2.898    6.635    3.613
 426.90   21.843   21.922   22.099   -1.856    2.792   -3.157   -1.856    2.792   -8.814    5.859   -5.182   10.603    5.892
 427.00   21.390   21.463   21.641   -1.774    2.765   -3.610   -1.774    2.765   -9.981    6.405   -4.906   11.912    6.417
 427.10   21.370   21.399   21.518   -1.128    2.254   -3.630   -1.128    2.254   -8.184    4.093   -2.542    9.766    4.749
 427.20   21.660   21.703   21.802   -1.373    2.072   -3.340   -1.373    2.072   -6.922    4.585   -2.844    8.668    4.388
 427.30   22.780   22.881   22.948   -2.155    1.751   -2.220   -2.155    1.751   -3.889    4.786   -3.775    6.321    3.615
 427.40   23.278   23.520   23.525   -3.367    0.470   -1.722   -3.367    0.470   -0.810    5.798   -1.583    7.262    3.032
 427.50   22.271   22.372   22.402   -2.120    1.157   -2.729   -2.120    1.157   -3.158    5.785   -2.453    6.639    3.516
 427.60   23.169   23.270   23.312   -2.165    1.406   -1.831   -2.165    1.406   -2.574    3.963   -3.042    5.007    2.810
 427.70   22.365   22.481   22.507   -2.289    1.080   -2.635   -2.289    1.080   -2.846    6.032   -2.471    6.675    3.556
 427.80   20.892   21.037   21.089   -2.467   -1.479   -4.108   -2.467   -1.479    6.077   10.136    3.650   12.577    6.185
 427.90   19.391   19.393   19.395   -0.254   -0.243   -5.609   -0.254   -0.243    1.364    1.424    0.062   15.789    0.986
 428.00   21.030   21.049   21.078   -0.913    1.097   -3.970   -0.913    1.097   -4.357    3.624   -1.002    8.900    2.877
 428.10   21.009   21.011   21.196   -0.291    2.800   -3.991   -0.291    2.800  -11.176    1.163   -0.816   11.928    5.633
 428.20   21.318   21.326   21.464    0.590    2.429   -3.682    0.590    2.429   -8.943   -2.174    1.434    9.903    4.657
 428.30   22.451   22.465   22.595   -0.785    2.423   -2.549   -0.785    2.423   -6.175    2.001   -1.902    6.491    3.382
 428.40   21.181   21.243   21.263   -1.618    0.936   -3.819   -1.618    0.936   -3.576    6.180   -1.515    9.040    3.649
 428.50   21.487   21.567   21.567   -1.855    0.059   -3.513   -1.855    0.059   -0.208    6.517   -0.110    7.892    3.260
 428.60   21.869   22.057   22.060   -2.869   -0.386   -3.131   -2.869   -0.386    1.208    8.983    1.107    9.092    4.566
 428.70   23.437   23.625   23.655   -2.971    1.190   -1.563   -2.971    1.190   -1.860    4.642   -3.536    6.342    3.063
 428.80   22.567   22.648   22.829   -1.913    2.864   -2.433   -1.913    2.864   -6.966    4.655   -5.479    8.890    5.005
 428.90   23.134   23.137   23.421    0.338    3.639   -1.866    0.338    3.639   -6.790   -0.631    1.232    8.420    3.465
 429.00   22.390   22.391   22.496    0.208    2.171   -2.610    0.208    2.171   -5.668   -0.544    0.452    5.785    2.856
 429.10   21.329   21.330   21.491   -0.148    2.630   -3.671   -0.148    2.630   -9.653    0.544   -0.389   10.206    4.838
 429.20   20.876   20.934   20.964   -1.563    1.113   -4.124   -1.563    1.113   -4.589    6.444   -1.739   10.344    4.050
 429.30   21.571   21.590   21.692   -0.897    2.102   -3.429   -0.897    2.102   -7.209    3.077   -1.887    8.492    4.031
 429.40   21.685   21.701   21.727   -0.831    1.056   -3.315   -0.831    1.056   -3.502    2.755   -0.878    6.397    2.271
 429.50   22.655   22.675   22.682   -0.962    0.586   -2.345   -0.962    0.586   -1.374    2.255   -0.563    3.385    1.350
 429.60   23.871   23.877   23.962   -0.536    2.007   -1.129   -0.536    2.007   -2.266    0.605   -1.076    2.795    1.290
 429.70   23.831   23.841   24.052   -0.691    3.179   -1.169   -0.691    3.179   -3.716    0.808   -2.197    5.976    2.196
 429.80   25.286   25.291   25.415    0.516    2.505    0.286    0.516    2.505    0.717    0.148    1.293    3.312    0.743
 429.90   25.113   25.120   25.124    0.551    0.471    0.113    0.551    0.471    0.053    0.063    0.259    0.269    0.136
 430.00   24.726   24.754   24.768    1.179    0.857   -0.274    1.179    0.857   -0.235   -0.323    1.010    1.100    0.543
 430.10   23.343   23.363   23.411    0.955   -1.504   -1.657    0.955   -1.504    2.491   -1.582   -1.436    2.959    1.641
 430.20   24.255   24.262   24.262    0.569    0.007   -0.745    0.569    0.007   -0.005   -0.424    0.004    0.439    0.212
 430.30   23.335   23.344   23.387    0.660    1.420   -1.665    0.660    1.420   -2.364   -1.099    0.937    2.612    1.385
 430.40   23.046   23.054   23.071    0.597    0.894   -1.954    0.597    0.894   -1.747   -1.165    0.534    2.486    1.083
 430.50   21.649   21.668   21.729   -0.900    1.620   -3.351   -0.900    1.620   -5.426    3.014   -1.457    7.329    3.188
 430.60   22.896   22.955   23.014   -1.637    1.644   -2.104   -1.637    1.644   -3.459    3.443   -2.691    4.904    2.787
 430.70   24.665   24.686   24.737   -1.019    1.599   -0.335   -1.019    1.599   -0.536    0.342   -1.630    1.854    0.875
 430.80   24.123   24.124   24.124   -0.217    0.068   -0.877   -0.217    0.068   -0.060    0.190   -0.015    0.411    0.100
 430.90   23.944   23.946   23.972    0.233    1.123   -1.056    0.233    1.123   -1.185   -0.246    0.262    1.214    0.619
 431.00   24.387   24.403   24.557   -0.870    2.749   -0.613   -0.870    2.749   -1.685    0.533   -2.392    4.345    1.487
 431.10   24.051   24.052   24.120   -0.284    1.806   -0.949   -0.284    1.806   -1.715    0.270   -0.513    2.122    0.905
 431.20   22.108   22.123   22.267    0.809    2.535   -2.892    0.809    2.535   -7.332   -2.339    2.050    7.722    3.982
 431.30   22.608   22.621   22.867    0.764    3.340   -2.392    0.764    3.340   -7.987   -1.827    2.552    8.728    4.291
 431.40   21.876   21.887   22.275   -0.690    4.139   -3.124   -0.690    4.139  -12.929    2.157   -2.858   13.682    6.708
 431.50   19.804   19.821   20.180    0.824    3.787   -5.196    0.824    3.787  -19.679   -4.282    3.121   21.011   10.190
 431.60   19.885   19.885   20.045    0.005    2.529   -5.115    0.005    2.529  -12.937   -0.028    0.014   16.281    6.468
 431.70   18.764   18.775   18.950    0.647    2.571   -6.236    0.647    2.571  -16.034   -4.035    1.663   22.960    8.309
 431.80   16.882   17.061   17.155    2.465    1.792   -8.118    2.465    1.792  -14.544  -20.009    4.416   37.591   12.564
 431.90   16.884   16.918   17.074    1.074    2.300   -8.116    1.074    2.300  -18.670   -8.714    2.470   36.159   10.375
 432.00   15.672   15.710   16.125    1.088    3.633   -9.328    1.088    3.633  -33.891  -10.152    3.954   50.698   17.800
 432.10   16.834   17.105   17.355    3.031    2.933   -8.166    3.031    2.933  -23.953  -24.753    8.892   42.236   17.787
 432.20   17.445   17.662   17.900    2.760    2.915   -7.555    2.760    2.915  -22.023  -20.853    8.045   36.599   15.689
 432.30   17.479   17.497   17.497    0.800    0.051   -7.521    0.800    0.051   -0.383   -6.017    0.041   28.603    3.015
 432.40   17.722   17.737   17.765    0.724    1.012   -7.278    0.724    1.012   -7.368   -5.268    0.733   27.261    4.544
 432.50   14.879   15.112   15.137    2.641    0.873  -10.121    2.641    0.873   -8.835  -26.728    2.306   55.081   14.122
 432.60   14.527   15.600   15.628    5.685    0.942  -10.473    5.685    0.942   -9.870  -59.543    5.358   71.449   30.296
 432.70   14.956   15.731   15.773    4.877    1.149  -10.044    4.877    1.149  -11.544  -48.986    5.606   62.994   25.320
 432.80   15.814   16.326   16.335    4.058    0.513   -9.186    4.058    0.513   -4.708  -37.272    2.080   50.552   18.813
 432.90   15.656   16.223   16.252    4.254    0.974   -9.344    4.254    0.974   -9.104  -39.749    4.144   53.181   20.494
 433.00   14.564   15.172   15.211    4.252    1.088  -10.436    4.252    1.088  -11.359  -44.374    4.628   64.084   23.019
 433.10   14.600   14.916   14.927    3.055    0.581  -10.400    3.055    0.581   -6.045  -31.778    1.776   58.922   16.198
 433.20   15.540   15.870   15.907    3.219    1.088   -9.460    3.219    1.088  -10.294  -30.454    3.503   50.522   16.169
 433.30   13.367   14.007   14.024    4.183    0.692  -11.633    4.183    0.692   -8.048  -48.664    2.894   76.648   24.705
 433.40   13.377   13.623   13.698    2.577    1.430  -11.623    2.577    1.430  -16.623  -29.958    3.686   71.895   17.229
 433.50   12.994   13.145   13.387    1.987    2.535  -12.006    1.987    2.535  -30.434  -23.859    5.037   77.263   19.499
 433.60   13.015   13.223   13.443    2.334    2.421  -11.985    2.334    2.421  -29.016  -27.973    5.651   77.470   20.349
 433.70   14.387   14.689   14.910    2.960    2.559  -10.613    2.960    2.559  -27.154  -31.408    7.572   63.967   21.102
 433.80   15.605   15.729   15.757    1.968    0.941   -9.395    1.968    0.941   -8.844  -18.493    1.853   46.512   10.291
 433.90   15.019   15.305   15.348    2.944   -1.150   -9.981    2.944   -1.150   11.475  -29.386   -3.385   54.806   15.864
 434.00   15.918   16.416   16.444    4.012   -0.975   -9.082    4.012   -0.975    8.854  -36.436   -3.911   49.766   18.850
 434.10   17.182   17.794   17.796    4.628   -0.278   -7.818    4.628   -0.278    2.177  -36.181   -1.288   41.309   18.135
 434.20   17.748   17.907   18.010    2.379   -1.926   -7.252    2.379   -1.926   13.965  -17.250   -4.580   30.980   11.331
 434.30   17.381   17.728   17.983    3.490   -3.021   -7.619    3.490   -3.021   23.019  -26.588  -10.543   39.678   18.357
 434.40   17.071   17.566   17.731    4.141   -2.414   -7.929    4.141   -2.414   19.145  -32.839   -9.999   42.928   19.653
 434.50   16.672   17.457   17.582    5.174   -2.093   -8.328    5.174   -2.093   17.433  -43.084  -10.831   50.249   23.862
 434.60   17.288   18.200   18.220    5.688   -0.851   -7.712    5.688   -0.851    6.563  -43.869   -4.841   46.278   22.310
 434.70   17.034   17.520   17.521    4.097   -0.123   -7.966    4.097   -0.123    0.977  -32.634   -0.503   40.125   16.326
 434.80   17.463   18.102   18.208    4.770   -1.955   -7.537    4.770   -1.955   14.734  -35.955   -9.325   41.694   19.980
 434.90   17.197   17.593   17.707    3.711   -2.006   -7.803    3.711   -2.006   15.652  -28.956   -7.443   39.342   16.874
 435.00   17.429   17.886   17.890    4.020   -0.386   -7.571    4.020   -0.386    2.924  -30.437   -1.553   36.818   15.308
 435.10   18.516   18.906   18.908    3.823   -0.224   -6.484    3.823   -0.224    1.455  -24.786   -0.858   28.353   12.422
 435.20   16.947   17.561   17.565    4.604    0.360   -8.053    4.604    0.360   -2.896  -37.078    1.656   43.092   18.614
 435.30   16.515   16.867   17.116    3.431    2.908   -8.485    3.431    2.908  -24.676  -29.115    9.978   46.115   19.724
 435.40   17.065   17.435   17.623    3.573    2.564   -7.935    3.573    2.564  -20.345  -28.351    9.161   41.150   18.039
 435.50   16.764   17.171   17.181    3.713    0.595   -8.236    3.713    0.595   -4.896  -30.582    2.208   40.985   15.525
 435.60   17.540   17.883   17.895    3.486    0.649   -7.460    3.486    0.649   -4.842  -26.007    2.263   34.115   13.275
 435.70   16.669   16.964   16.972    3.153   -0.501   -8.331    3.153   -0.501    4.177  -26.270   -1.581   39.802   13.323
 435.80   18.159   18.328   18.525    2.486   -2.698   -6.841    2.486   -2.698   18.457  -17.005   -6.706   30.131   12.989
 435.90   19.040   19.088   19.268    1.348   -2.632   -5.960    1.348   -2.632   15.684   -8.035   -3.548   22.131    8.988
 436.00   20.291   20.315   20.364    1.002   -1.407   -4.709    1.002   -1.407    6.625   -4.717   -1.409   12.581    4.127
 436.10   19.641   19.785   19.786    2.380   -0.227   -5.359    2.380   -0.227    1.217  -12.754   -0.541   17.215    6.412
 436.20   19.089   19.096   19.125    0.533    1.047   -5.911    0.533    1.047   -6.189   -3.153    0.558   18.163    3.484
 436.30   19.771   19.920   19.991    2.430    1.676   -5.229    2.430    1.676   -8.762  -12.707    4.072   18.026    7.981
 436.40   19.813   19.984   20.224    2.608    3.110   -5.187    2.608    3.110  -16.132  -13.527    8.109   21.690   11.280
 436.50   19.933   19.975   20.075    1.286    2.004   -5.067    1.286    2.004  -10.152   -6.517    2.577   15.670    6.168
 436.60   18.112   18.321   18.343    2.761    0.903   -6.888    2.761    0.903   -6.221  -19.015    2.493   27.941   10.081
 436.70   19.119   19.663   19.687    4.591    0.971   -5.881    4.591    0.971   -5.711  -27.000    4.459   28.303   13.978
 436.80   17.905   18.246   18.246    3.512   -0.030   -7.095    3.512   -0.030    0.213  -24.913   -0.106   31.333   12.457
 436.90   19.599   19.821   19.829    2.957   -0.546   -5.401    2.957   -0.546    2.951  -15.969   -1.616   19.105    8.160
 437.00   18.598   18.693   18.696    1.880    0.351   -6.402    1.880    0.351   -2.246  -12.039    0.660   22.324    6.132
 437.10   19.132   19.178   19.178    1.324   -0.094   -5.868    1.324   -0.094    0.551   -7.766   -0.124   18.094    3.893
 437.20   18.264   18.577   18.578    3.397    0.122   -6.736    3.397    0.122   -0.819  -22.881    0.413   28.463   11.450
 437.30   18.306   18.611   18.618    3.351    0.524   -6.694    3.351    0.524   -3.511  -22.431    1.758   28.155   11.386
 437.40   18.353   18.659   18.687    3.369    1.009   -6.647    3.369    1.009   -6.705  -22.397    3.398   28.279   11.813
 437.50   19.045   19.626   19.632    4.741    0.475   -5.955    4.741    0.475   -2.830  -28.233    2.253   29.083   14.232
 437.60   19.498   20.659   20.662    6.826    0.385   -5.502    6.826    0.385   -2.119  -37.557    2.629   38.508   18.854
 437.70   20.005   20.610   20.624    4.955    0.758   -4.995    4.955    0.758   -3.788  -24.751    3.758   25.040   12.660
 437.80   19.442   20.377   20.490    6.103    2.149   -5.558    6.103    2.149  -11.944  -33.921   13.115   36.379   19.140
 437.90   20.893   21.463   21.597    4.912    2.406   -4.107    4.912    2.406   -9.883  -20.175   11.821   23.395   12.693
 438.00   19.032   19.822   19.887    5.539    1.608   -5.968    5.539    1.608   -9.599  -33.056    8.909   34.442   17.778
 438.10   18.684   19.400   19.540    5.222    2.328   -6.316    5.222    2.328  -14.702  -32.982   12.156   36.289   19.051
 438.20   20.937   21.251   21.391    3.636    2.445   -4.063    3.636    2.445   -9.933  -14.772    8.889   17.851    9.948
 438.30   20.216   20.757   20.909    4.706    2.519   -4.784    4.706    2.519  -12.048  -22.513   11.854   25.688   14.076
 438.40   20.416   21.097   21.188    5.317    1.957   -4.584    5.317    1.957   -8.973  -24.372   10.407   26.556   13.990
 438.50   21.335   21.694   21.774    3.928    1.866   -3.665    3.928    1.866   -6.839  -14.395    7.330   16.171    8.771
 438.60   22.294   22.411   22.420    2.292    0.621   -2.706    2.292    0.621   -1.680   -6.203    1.423    6.482    3.291
 438.70   22.332   22.422   22.424    2.006   -0.325   -2.668    2.006   -0.325    0.867   -5.352   -0.652    5.625    2.731
 438.80   24.002   24.071   24.072    1.818    0.195   -0.998    1.818    0.195   -0.194   -1.814    0.354    2.170    0.929
 438.90   23.910   23.964   24.108    1.612    2.635   -1.090    1.612    2.635   -2.873   -1.757    4.246    5.364    2.710
 439.00   24.108   24.154   24.329    1.486    2.915   -0.892    1.486    2.915   -2.599   -1.324    4.331    5.751    2.611
 439.10   23.864   23.864   24.011    0.161    2.649   -1.136    0.161    2.649   -3.010   -0.183    0.426    4.167    1.523
 439.20   24.026   24.026   24.117    0.059    2.091   -0.974    0.059    2.091   -2.036   -0.058    0.123    2.662    1.020
 439.30   25.069   25.111   25.142    1.444    1.257    0.069    1.444    1.257    0.087    0.100    1.815    1.835    0.910
 439.40   25.567   25.568   25.679    0.242    2.380    0.567    0.242    2.380    1.349    0.137    0.576    3.023    0.737
 439.50   23.815   23.815   23.816    0.101    0.101   -1.185    0.101    0.101   -0.119   -0.119    0.010    0.712    0.085
 439.60   22.914   22.929   22.931    0.831   -0.270   -2.086    0.831   -0.270    0.564   -1.732   -0.225    2.557    0.918
 439.70   23.662   23.689   23.805    1.145   -2.349   -1.338    1.145   -2.349    3.143   -1.533   -2.690    4.310    2.206
 439.80   24.016   24.093   24.211    1.931   -2.381   -0.984    1.931   -2.381    2.344   -1.901   -4.599    5.185    2.750
 439.90   23.268   23.492   23.558    3.231   -1.761   -1.732    3.231   -1.761    3.050   -5.594   -5.690    8.269    4.271
 440.00   25.870   25.964   26.030    2.212   -1.856    0.870    2.212   -1.856   -1.614    1.924   -4.105    4.546    2.406
 440.10   23.900   23.908   24.049    0.632   -2.598   -1.100    0.632   -2.598    2.858   -0.695   -1.641    4.179    1.684
 440.20   24.467   24.484   24.484   -0.911   -0.153   -0.533   -0.911   -0.153    0.081    0.486    0.139    0.569    0.256
 440.30   24.428   24.519   24.530    2.109   -0.740   -0.572    2.109   -0.740    0.423   -1.207   -1.560    2.662    1.009
 440.40   22.928   22.983   22.995    1.578   -0.751   -2.072    1.578   -0.751    1.555   -3.269   -1.185    3.673    1.905
 440.50   23.981   24.106   24.106    2.447   -0.081   -1.019    2.447   -0.081    0.083   -2.492   -0.199    3.515    1.251
 440.60   24.326   24.693   24.700    4.245    0.589   -0.674    4.245    0.589   -0.397   -2.863    2.501    9.412    1.911
 440.70   24.150   24.325   24.325    2.914   -0.136   -0.850    2.914   -0.136    0.116   -2.477   -0.397    4.616    1.256
 440.80   23.821   24.057   24.057    3.361    0.063   -1.179    3.361    0.063   -0.075   -3.961    0.213    6.345    1.984
 440.90   23.635   24.171   24.171    5.061   -0.124   -1.365    5.061   -0.124    0.169   -6.906   -0.627   13.744    3.468
 441.00   23.449   23.632   23.658    2.928    1.128   -1.551    2.928    1.128   -1.749   -4.539    3.303    6.124    2.940
 441.10   23.974   24.266   24.267    3.754    0.291   -1.026    3.754    0.291   -0.298   -3.853    1.091    7.614    2.008
 441.20   25.142   25.508   25.509    4.307    0.191    0.142    4.307    0.191    0.027    0.611    0.822    9.301    0.512
 441.30   25.197   25.724   25.738    5.178    0.846    0.197    5.178    0.846    0.167    1.022    4.383   13.785    2.252
 441.40   26.134   26.951   27.047    6.583    2.280    1.134    6.583    2.280    2.586    7.468   15.010   24.913    8.482
 441.50   26.486   27.116   27.257    5.813    2.765    1.486    5.813    2.765    4.108    8.638   16.069   21.819    9.350
 441.60   24.921   26.317   26.369    8.455    1.670   -0.079    8.455    1.670   -0.132   -0.666   14.119   37.143    7.068
 441.70   24.785   25.870   25.929    7.414    1.746   -0.215    7.414    1.746   -0.375   -1.592   12.942   29.032    6.522
 441.80   25.276   26.916   26.925    9.252    0.669    0.276    9.252    0.669    0.185    2.554    6.187   43.063    3.348
 441.90   27.368   28.743   28.795    8.783    1.729    2.368    8.783    1.729    4.095   20.800   15.188   42.869   13.039
 442.00   26.823   28.748   28.768   10.342    1.070    1.823   10.342    1.070    1.950   18.855   11.063   55.709   10.974
 442.10   27.267   28.661   28.721    8.829   -1.865    2.267    8.829   -1.865   -4.229   20.016  -16.470   43.286   13.132
 442.20   27.789   28.736   28.748    7.318   -0.833    2.789    7.318   -0.833   -2.322   20.410   -6.093   31.014   10.713
 442.30   27.122   28.214   28.232    7.773   -0.986    2.122    7.773   -0.986   -2.093   16.498   -7.668   32.952    9.157
 442.40   27.236   27.696   27.727    5.025   -1.301    2.236    5.025   -1.301   -2.910   11.238   -6.539   15.974    6.662
 442.50   27.512   27.845   27.845    4.293    0.105    2.512    4.293    0.105    0.263   10.784    0.450   12.376    5.398
 442.60   27.341   27.525   27.545    3.179   -1.042    2.341    3.179   -1.042   -2.440    7.442   -3.314    8.336    4.252
 442.70   27.472   27.636   27.670    3.005   -1.381    2.472    3.005   -1.381   -3.414    7.429   -4.150    8.525    4.584
 442.80   27.993   28.006   28.007    0.862    0.154    2.993    0.862    0.154    0.461    2.579    0.133    4.862    1.312
 442.90   27.920   27.970   27.978    1.674   -0.661    2.920    1.674   -0.661   -1.930    4.888   -1.106    5.883    2.685
 443.00   29.328   29.364   29.365    1.444   -0.267    4.328    1.444   -0.267   -1.154    6.249   -0.385   10.444    3.183
 443.10   30.382   30.382   30.389   -0.028   -0.665    5.382   -0.028   -0.665   -3.577   -0.153    0.019   14.704    1.790
 443.20   30.331   30.332   30.374   -0.275   -1.589    5.331   -0.275   -1.589   -8.472   -1.464    0.436   15.510    4.304
 443.30   29.205   29.206   29.207    0.198   -0.213    4.205    0.198   -0.213   -0.894    0.834   -0.042    8.885    0.612
 443.40   29.027   29.028   29.029    0.223    0.163    4.027    0.223    0.163    0.656    0.898    0.036    8.148    0.557
 443.50   28.675   28.819   28.822    2.881   -0.417    3.675    2.881   -0.417   -1.533   10.588   -1.202   10.990    5.383
 443.60   29.930   30.023   30.024    2.367   -0.181    4.930    2.367   -0.181   -0.894   11.670   -0.429   14.969    5.856
 443.70   29.693   29.695   29.696   -0.303   -0.296    4.693   -0.303   -0.296   -1.390   -1.424    0.090   11.103    0.996
 443.80   27.929   28.023   28.037   -2.295    0.895    2.929   -2.295    0.895    2.621   -6.720   -2.054    7.322    3.750
 443.90   27.405   27.406   27.406   -0.085    0.173    2.405   -0.085    0.173    0.416   -0.205   -0.015    2.912    0.232
 444.00   26.806   26.867   26.896    1.811   -1.254    1.806    1.811   -1.254   -2.264    3.270   -2.271    4.056    2.290
 444.10   27.793   27.865   28.047    2.008   -3.187    2.793    2.008   -3.187   -8.900    5.607   -6.398   10.993    6.156
 444.20   25.572   25.800   25.977    3.424   -3.022    0.572    3.424   -3.022   -1.728    1.958  -10.347   10.592    5.336
 444.30   26.247   26.360   26.511    2.430   -2.832    1.247    2.430   -2.832   -3.533    3.031   -6.882    7.740    4.154
 444.40   25.663   25.787   25.806    2.525   -1.001    0.663    2.525   -1.001   -0.663    1.673   -2.527    3.908    1.551
 444.50   25.149   25.163   25.164    0.828    0.231    0.149    0.828    0.231    0.035    0.123    0.192    0.381    0.115
 444.60   24.338   24.358   24.361    0.982   -0.403   -0.662    0.982   -0.403    0.267   -0.650   -0.395    0.782    0.403
 444.70   23.134   23.138   23.209   -0.431   -1.819   -1.866   -0.431   -1.819    3.395    0.805    0.784    3.489    1.788
 444.80   23.955   23.966   24.017    0.738   -1.561   -1.045    0.738   -1.561    1.632   -0.771   -1.152    2.037    1.070
 444.90   25.026   25.213   25.260    3.066   -1.533    0.026    3.066   -1.533   -0.040    0.081   -4.699    5.874    2.350
 445.00   24.266   24.351   24.365    2.032   -0.830   -0.734    2.032   -0.830    0.609   -1.491   -1.686    2.678    1.166
 445.10   23.535   23.541   23.596    0.524   -1.618   -1.465    0.524   -1.618    2.370   -0.768   -0.848    2.519    1.316
 445.20   23.214   23.215   23.217   -0.101   -0.341   -1.786   -0.101   -0.341    0.608    0.181    0.034    1.657    0.318
 445.30   21.334   21.334   21.348   -0.085    0.776   -3.666   -0.085    0.776   -2.844    0.311   -0.066    7.024    1.431
 445.40   20.132   20.228   20.239   -1.970   -0.673   -4.868   -1.970   -0.673    3.278    9.590    1.326   14.018    5.111
 445.50   21.278   21.278   21.279    0.113    0.178   -3.722    0.113    0.178   -0.662   -0.422    0.020    6.949    0.393
 445.60   22.186   22.210   22.211    1.026   -0.271   -2.814    1.026   -0.271    0.762   -2.888   -0.278    4.523    1.500
 445.70   22.289   22.294   22.404   -0.454    2.216   -2.711   -0.454    2.216   -6.007    1.231   -1.006    6.232    3.107
 445.80   23.069   23.074   23.281   -0.480    3.097   -1.931   -0.480    3.097   -5.980    0.926   -1.485    6.775    3.115
 445.90   24.301   24.306   24.306   -0.461    0.045   -0.699   -0.461    0.045   -0.032    0.322   -0.021    0.351    0.162
 446.00   24.022   24.026   24.048   -0.437    1.033   -0.978   -0.437    1.033   -1.010    0.427   -0.451    1.107    0.593
 446.10   24.531   24.542   24.555   -0.739    0.795   -0.469   -0.739    0.795   -0.373    0.347   -0.588    0.699    0.389
 446.20   23.643   23.700   23.722   -1.643    1.023   -1.357   -1.643    1.023   -1.389    2.230   -1.682    2.795    1.560
 446.30   24.723   24.725   24.752   -0.348    1.153   -0.277   -0.348    1.153   -0.319    0.096   -0.401    0.763    0.261
 446.40   23.147   23.163   23.164    0.872    0.211   -1.853    0.872    0.211   -0.391   -1.616    0.184    2.120    0.836
 446.50   23.379   23.380   23.470    0.211    2.046   -1.621    0.211    2.046   -3.316   -0.341    0.431    3.429    1.681
 446.60   23.543   23.548   23.621   -0.495    1.855   -1.457   -0.495    1.855   -2.703    0.721   -0.917    2.904    1.472
 446.70   23.278   23.320   23.477   -1.407    2.711   -1.722   -1.407    2.711   -4.669    2.423   -3.815    6.147    3.249
 446.80   21.391   21.547   21.875   -2.584    3.775   -3.609   -2.584    3.775  -13.626    9.327   -9.757   16.979    9.590
 446.90   22.344   22.454   22.666   -2.221    3.089   -2.656   -2.221    3.089   -8.204    5.897   -6.860   10.764    6.107
 447.00   23.170   23.216   23.439   -1.460    3.228   -1.830   -1.460    3.228   -5.908    2.673   -4.713    7.951    4.008
 447.10   21.719   21.836   22.210   -2.263    4.057   -3.281   -2.263    4.057  -13.314    7.426   -9.182   16.175    8.898
 447.20   22.324   22.558   22.776   -3.237    3.149   -2.676   -3.237    3.149   -8.427    8.660  -10.193   13.777    7.904
 447.30   22.121   22.343   22.389   -3.135    1.447   -2.879   -3.135    1.447   -4.164    9.026   -4.536   10.105    5.463
 447.40   23.345   23.375   23.391   -1.188    0.875   -1.655   -1.188    0.875   -1.449    1.966   -1.039    2.458    1.327
 447.50   24.095   24.173   24.188   -1.929    0.865   -0.905   -1.929    0.865   -0.782    1.745   -1.668    2.644    1.269
 447.60   24.545   24.715   24.719   -2.891    0.429   -0.455   -2.891    0.429   -0.195    1.315   -1.240    4.374    0.909
 447.70   25.330   25.449   25.534   -2.461    2.084    0.330   -2.461    2.084    0.687   -0.812   -5.129    5.254    2.619
 447.80   26.154   26.372   26.404   -3.381    1.298    1.154   -3.381    1.298    1.498   -3.902   -4.389    7.224    3.030
 447.90   25.568   25.672   25.701   -2.303    1.228    0.568   -2.303    1.228    0.698   -1.309   -2.828    3.568    1.597
 448.00   25.885   25.920   25.982   -1.360    1.780    0.885   -1.360    1.780    1.575   -1.204   -2.422    2.902    1.565
 448.10   25.413   25.423   25.822   -0.694    4.522    0.413   -0.694    4.522    1.870   -0.287   -3.140   10.550    1.833
 448.20   23.582   23.583   23.690    0.230    2.252   -1.418    0.230    2.252   -3.194   -0.326    0.517    3.568    1.626
 448.30   23.697   23.698   23.828    0.152    2.490   -1.303    0.152    2.490   -3.244   -0.198    0.378    3.959    1.636
 448.40   23.202   23.205   23.462    0.403    3.464   -1.798    0.403    3.464   -6.230   -0.725    1.397    7.699    3.213
 448.50   22.351   22.396   22.528    1.420    2.432   -2.649    1.420    2.432   -6.442   -3.762    3.454    7.474    4.110
 448.60   22.401   22.503   22.553    2.139    1.509   -2.599    2.139    1.509   -3.923   -5.561    3.229    6.805    3.766
 448.70   21.701   21.703   21.728    0.314    1.039   -3.299    0.314    1.039   -3.427   -1.035    0.326    6.031    1.797
 448.80   21.597   21.791   21.792   -2.904    0.216   -3.403   -2.904    0.216   -0.734    9.883   -0.626   10.031    4.965
 448.90   21.346   21.602   21.605   -3.315    0.349   -3.654   -3.315    0.349   -1.274   12.112   -1.156   12.231    6.117
 449.00   22.359   22.390   22.392   -1.185   -0.292   -2.641   -1.185   -0.292    0.772    3.131    0.346    4.234    1.622
 449.10   24.366   24.441   24.444   -1.918   -0.384   -0.634   -1.918   -0.384    0.244    1.217    0.737    2.115    0.722
 449.20   23.139   23.252   23.254   -2.290   -0.347   -1.861   -2.290   -0.347    0.647    4.263    0.795    4.415    2.192
 449.30   22.444   22.642   22.646   -2.988   -0.425   -2.556   -2.988   -0.425    1.085    7.639    1.269    7.822    3.910
 449.40   23.397   23.808   23.815   -4.409   -0.550   -1.603   -4.409   -0.550    0.882    7.069    2.426   11.155    3.763
 449.50   21.816   22.279   22.401   -4.518   -2.336   -3.184   -4.518   -2.336    7.435   14.382   10.552   18.000    9.663
 449.60   20.621   21.107   21.108   -4.503   -0.254   -4.379   -4.503   -0.254    1.111   19.719    1.143   19.759    9.892
 449.70   20.361   20.808   20.808   -4.289    0.122   -4.639   -4.289    0.122   -0.566   19.898   -0.524   19.967    9.957
 449.80   21.029   21.461   21.470   -4.288    0.605   -3.971   -4.288    0.605   -2.404   17.031   -2.596   17.264    8.697
 449.90   21.683   21.817   21.823   -2.408    0.513   -3.317   -2.408    0.513   -1.701    7.987   -1.235    8.531    4.129
 450.00   20.098   20.175   20.202   -1.754    1.043   -4.902   -1.754    1.043   -5.110    8.597   -1.829   14.095    5.084
 450.10   18.861   19.559   19.567   -5.177    0.552   -6.139   -5.177    0.552   -3.387   31.779   -2.856   32.394   16.043
 450.20   19.347   20.360   20.362   -6.344    0.282   -5.653   -6.344    0.282   -1.592   35.862   -1.787   36.141   17.971
 450.30   18.906   19.166   19.187   -3.144    0.902   -6.094   -3.144    0.902   -5.497   19.159   -2.836   23.916   10.066
 450.40   17.586   17.753   17.806   -2.422    1.381   -7.414   -2.422    1.381  -10.239   17.957   -3.345   31.367   10.470
 450.50   18.164   18.275   18.280   -2.005   -0.420   -6.836   -2.005   -0.420    2.871   13.704    0.842   25.460    7.013
 450.60   17.458   17.562   17.602   -1.910   -1.186   -7.542   -1.910   -1.186    8.947   14.403    2.266   30.968    8.553
 450.70   17.013   17.032   17.178   -0.802   -2.239   -7.987   -0.802   -2.239   17.883    6.407    1.796   34.725    9.540
 450.80   18.223   18.338   18.501   -2.050   -2.452   -6.777   -2.050   -2.452   16.615   13.893    5.026   28.069   11.117
 450.90   18.389   18.409   18.647   -0.863   -2.966   -6.611   -0.863   -2.966   19.610    5.703    2.559   26.625   10.291
 451.00   19.719   19.747   20.477   -1.046   -5.417   -5.281   -1.046   -5.417   28.603    5.526    5.669   29.160   14.839
 451.10   18.622   18.785   19.042   -2.470   -3.118   -6.378   -2.470   -3.118   19.884   15.753    7.701   28.248   13.255
 451.20   18.398   18.533   18.888   -2.231   -3.643   -6.602   -2.231   -3.643   24.052   14.730    8.129   30.917   14.676
 451.30   19.241   19.556   20.091   -3.493   -4.610   -5.759   -3.493   -4.610   26.548   20.118   16.103   33.310   18.499
 451.40   19.461   19.624   19.920   -2.522   -3.425   -5.539   -2.522   -3.425   18.973   13.969    8.638   24.386   12.547
 451.50   19.356   19.434   19.526   -1.736   -1.892   -5.644   -1.736   -1.892   10.678    9.795    3.284   19.221    7.429
 451.60   20.263   20.269   20.332   -0.521   -1.602   -4.737   -0.521   -1.602    7.590    2.469    0.835   12.641    4.013
 451.70   20.440   20.451   20.453    0.651   -0.298   -4.560    0.651   -0.298    1.357   -2.969   -0.194   10.651    1.635
 451.80   18.659   18.719   18.781    1.494    1.524   -6.341    1.494    1.524   -9.662   -9.474    2.277   22.378    6.861
 451.90   19.195   19.212   19.231    0.811    0.854   -5.805    0.811    0.854   -4.958   -4.710    0.693   17.542    3.437
 452.00   17.228   17.253   17.277    0.917    0.908   -7.772    0.917    0.908   -7.059   -7.130    0.833   31.032    5.034
 452.10   17.429   17.524   17.550    1.821    0.959   -7.571    1.821    0.959   -7.257  -13.789    1.746   30.778    7.840
 452.20   19.012   19.078   19.121    1.582    1.281   -5.988    1.582    1.281   -7.672   -9.474    2.027   19.999    6.179
 452.30   20.503   20.616   20.649    2.155    1.157   -4.497    2.155    1.157   -5.201   -9.689    2.492   13.100    5.638
 452.40   17.989   18.000   18.061    0.651    1.476   -7.011    0.651    1.476  -10.347   -4.562    0.960   25.880    5.675
 452.50   18.240   18.244   18.248    0.361   -0.419   -6.760    0.361   -0.419    2.830   -2.437   -0.151   23.001    1.869
 452.60   19.100   19.146   19.158    1.322   -0.678   -5.900    1.322   -0.678    3.998   -7.800   -0.896   18.508    4.405
 452.70   21.243   21.252   21.286    0.626   -1.197   -3.757    0.626   -1.197    4.499   -2.352   -0.750    7.970    2.566
 452.80   19.423   19.490   19.651    1.613   -2.508   -5.577    1.613   -2.508   13.985   -8.997   -4.046   19.996    8.557
 452.90   19.134   19.174   19.383    1.235   -2.834   -5.866    1.235   -2.834   16.621   -7.245   -3.500   21.980    9.233
 453.00   19.791   19.887   20.159    1.954   -3.302   -5.209    1.954   -3.302   17.201  -10.179   -6.452   20.929   10.501
 453.10   22.866   22.918   23.010    1.552   -2.049   -2.134    1.552   -2.049    4.374   -3.313   -3.181    5.582    3.171
 453.20   22.377   22.528   22.560    2.610   -1.193   -2.623    2.610   -1.193    3.129   -6.847   -3.114    7.559    4.074
 453.30   22.118   22.354   22.427    3.244   -1.808   -2.882    3.244   -1.808    5.210   -9.350   -5.864   11.049    6.102
 453.40   21.395   21.597   21.648    2.953   -1.476   -3.605    2.953   -1.476    5.321  -10.646   -4.358   11.948    6.337
 453.50   20.528   20.859   20.895    3.702   -1.223   -4.472    3.702   -1.223    5.469  -16.557   -4.528   17.601    9.007
 453.60   20.805   21.081   21.085    3.399   -0.408   -4.195    3.399   -0.408    1.711  -14.262   -1.387   14.662    7.215
 453.70   20.612   20.823   20.828    2.960   -0.448   -4.388    2.960   -0.448    1.968  -12.988   -1.327   14.108    6.602
 453.80   18.874   18.935   18.951    1.514    0.771   -6.126    1.514    0.771   -4.724   -9.271    1.167   20.205    5.235
 453.90   19.320   19.328   19.333   -0.562   -0.439   -5.680   -0.562   -0.439    2.492    3.193    0.247   16.385    2.029
 454.00   20.346   20.348   20.384    0.320   -1.206   -4.654    0.320   -1.206    5.613   -1.489   -0.386   11.609    2.910
 454.10   20.139   20.139   20.190    0.131   -1.424   -4.861    0.131   -1.424    6.922   -0.638   -0.187   12.838    3.477
 454.20   19.282   19.282   19.533   -0.124   -3.119   -5.718   -0.124   -3.119   17.836    0.712    0.388   21.220    8.927
 454.30   20.352   20.387   20.733   -1.193   -3.769   -4.648   -1.193   -3.769   17.518    5.544    4.496   18.615    9.458
 454.40   21.504   21.504   21.524   -0.009   -0.944   -3.496   -0.009   -0.944    3.302    0.032    0.009    6.559    1.651
 454.50   22.978   22.978   22.999   -0.014    0.997   -2.022   -0.014    0.997   -2.017    0.028   -0.014    2.542    1.009
 454.60   22.411   22.439   22.439   -1.111    0.148   -2.589   -1.111    0.148   -0.384    2.877   -0.165    3.980    1.453
 454.70   23.468   23.501   23.501   -1.232   -0.034   -1.532   -1.232   -0.034    0.053    1.887    0.042    1.933    0.944
 454.80   22.802   22.803   22.804   -0.287   -0.185   -2.198   -0.287   -0.185    0.407    0.631    0.053    2.475    0.376
 454.90   23.486   23.492   23.526   -0.549   -1.249   -1.514   -0.549   -1.249    1.890    0.831    0.685    2.076    1.088
 455.00   23.568   23.853   23.921   -3.679   -1.806   -1.432   -3.679   -1.806    2.586    5.268    6.642    9.421    4.432
 455.10   23.144   23.605   23.611   -4.641   -0.556   -1.856   -4.641   -0.556    1.032    8.613    2.580   12.646    4.525
 455.20   23.244   23.473   23.474   -3.269   -0.151   -1.756   -3.269   -0.151    0.265    5.740    0.493    6.897    2.884
 455.30   22.961   23.249   23.255   -3.644   -0.550   -2.039   -3.644   -0.550    1.122    7.429    2.006    8.870    3.888
 455.40   23.068   23.477   23.482   -4.359   -0.513   -1.932   -4.359   -0.513    0.992    8.420    2.238   11.499    4.384
 455.50   23.854   24.293   24.296   -4.594   -0.424   -1.146   -4.594   -0.424    0.486    5.262    1.948   11.296    2.816
 455.60   22.115   22.636   22.685   -4.833   -1.481   -2.885   -4.833   -1.481    4.274   13.944    7.159   16.937    8.123
 455.70   23.824   24.106   24.217   -3.672   -2.325   -1.176   -3.672   -2.325    2.733    4.316    8.535   10.133    4.974
 455.80   23.859   24.233   24.320   -4.241   -2.056   -1.141   -4.241   -2.056    2.345    4.838    8.717   11.755    5.121
 455.90   23.859   24.023   24.166   -2.799   -2.627   -1.141   -2.799   -2.627    2.996    3.193    7.353    8.018    4.279
 456.00   23.436   23.511   23.672   -1.880   -2.760   -1.564   -1.880   -2.760    4.318    2.942    5.190    6.801    3.682
 456.10   23.777   23.778   23.818   -0.224   -1.390   -1.223   -0.224   -1.390    1.700    0.274    0.312    1.739    0.875
 456.20   24.359   24.367   24.444   -0.651   -1.937   -0.641   -0.651   -1.937    1.242    0.417    1.261    2.293    0.909
 456.30   22.904   22.942   22.953   -1.322    0.688   -2.096   -1.322    0.688   -1.441    2.771   -0.909    3.307    1.626
 456.40   25.425   25.791   25.850   -4.327    1.750    0.425   -4.327    1.750    0.744   -1.840   -7.573   10.983    3.914
 456.50   25.053   25.368   25.426   -3.985    1.720    0.053   -3.985    1.720    0.091   -0.210   -6.856    9.420    3.430
 456.60   24.308   24.556   24.643   -3.480    2.068   -0.692   -3.480    2.068   -1.431    2.408   -7.197    8.432    3.861
 456.70   24.447   24.535   24.630   -2.085    2.160   -0.553   -2.085    2.160   -1.196    1.154   -4.504    4.660    2.400
 456.80   24.638   24.828   24.850   -3.070    1.036   -0.362   -3.070    1.036   -0.376    1.113   -3.182    5.315    1.696
 456.90   24.116   24.132   24.168    0.882    1.324   -0.884    0.882    1.324   -1.170   -0.780    1.168    1.656    0.914
 457.00   23.890   23.891   23.919    0.169    1.175   -1.110    0.169    1.175   -1.304   -0.187    0.198    1.320    0.666
 457.10   22.545   22.738   22.740   -2.952    0.343   -2.455   -2.952    0.343   -0.842    7.247   -1.013    7.429    3.683
 457.20   21.599   21.888   21.892   -3.543    0.434   -3.401   -3.543    0.434   -1.477   12.047   -1.539   12.152    6.117
 457.30   22.450   22.772   22.773   -3.815    0.207   -2.550   -3.815    0.207   -0.528    9.727   -0.791   10.549    4.887
 457.40   23.246   23.469   23.513   -3.233    1.428   -1.754   -3.233    1.428   -2.505    5.671   -4.616    7.783    3.864
 457.50   22.692   22.862   22.866   -2.782   -0.409   -2.308   -2.782   -0.409    0.944    6.420    1.138    6.617    3.294
 457.60   22.577   22.998   23.048   -4.383    1.515   -2.423   -4.383    1.515   -3.672   10.621   -6.640   13.688    6.526
 457.70   22.930   23.259   23.396   -3.896    2.532   -2.070   -3.896    2.532   -5.241    8.062   -9.864   12.935    6.888
 457.80   21.471   21.580   21.771   -2.164    2.879   -3.529   -2.164    2.879  -10.159    7.637   -6.230   12.712    7.077
 457.90   21.881   21.888   22.023   -0.582    2.427   -3.119   -0.582    2.427   -7.570    1.815   -1.412    7.979    3.956
 458.00   21.328   21.331   21.481    0.354    2.534   -3.672    0.354    2.534   -9.306   -1.299    0.896   10.016    4.719
 458.10   21.722   21.723   21.979    0.259    3.342   -3.278    0.259    3.342  -10.957   -0.848    0.864   10.992    5.512
 458.20   22.744   22.770   22.848    1.097    1.884   -2.256    1.097    1.884   -4.251   -2.476    2.068    4.922    2.668
 458.30   25.180   25.187   25.294   -0.603    2.321    0.180   -0.603    2.321    0.418   -0.109   -1.401    2.892    0.733
 458.40   24.434   24.540   24.652   -2.282    2.345   -0.566   -2.282    2.345   -1.327    1.291   -5.350    5.512    2.831
 458.50   23.182   23.393   23.393   -3.135    0.188   -1.818   -3.135    0.188   -0.342    5.700   -0.590    6.584    2.870
 458.60   21.266   21.564   21.566   -3.574   -0.258   -3.734   -3.574   -0.258    0.963   13.345    0.921   13.391    6.706
 458.70   20.760   20.891   20.891   -2.339   -0.118   -4.240   -2.339   -0.118    0.499    9.918    0.275   11.733    4.967
 458.80   19.680   19.896   19.905   -2.927    0.592   -5.320   -2.927    0.592   -3.147   15.570   -1.731   18.609    7.989
 458.90   19.442   19.658   19.688   -2.902    1.088   -5.558   -2.902    1.088   -6.046   16.127   -3.157   20.246    8.755
 459.00   20.506   20.721   20.753   -2.981    1.138   -4.494   -2.981    1.138   -5.115   13.396   -3.393   15.189    7.368
 459.10   22.628   22.705   22.766   -1.873    1.663   -2.372   -1.873    1.663   -3.944    4.443   -3.114    5.950    3.354
 459.20   23.039   23.075   23.153   -1.290    1.901   -1.961   -1.290    1.901   -3.727    2.529   -2.451    4.561    2.564
 459.30   22.947   22.951   22.960   -0.417    0.646   -2.053   -0.417    0.646   -1.325    0.856   -0.269    2.403    0.800
 459.40   23.082   23.084   23.148   -0.271    1.721   -1.918   -0.271    1.721   -3.300    0.519   -0.466    3.356    1.686
 459.50   22.566   22.581   22.624   -0.827    1.390   -2.434   -0.827    1.390   -3.385    2.013   -1.150    4.271    2.051
 459.60   23.528   23.575   23.578   -1.497    0.337   -1.472   -1.497    0.337   -0.496    2.204   -0.504    2.261    1.157
 459.70   24.808   24.823   24.894   -0.845    1.881   -0.192   -0.845    1.881   -0.361    0.162   -1.590    2.144    0.819
 459.80   25.787   25.824   25.949   -1.374    2.545    0.787   -1.374    2.545    2.003   -1.082   -3.497    4.491    2.086
 459.90   25.294   25.335   25.425   -1.430    2.145    0.294   -1.430    2.145    0.631   -0.421   -3.067    3.366    1.580
 460.00   25.834   25.844   25.902   -0.724    1.723    0.834   -0.724    1.723    1.438   -0.604   -1.248    2.095    0.999
 460.10   25.458   25.496   25.523   -1.393    1.173    0.458   -1.393    1.173    0.537   -0.638   -1.633    1.763    0.917
 460.20   23.802   23.861   23.934   -1.675    1.872   -1.198   -1.675    1.872   -2.243    2.007   -3.137    3.874    2.174
 460.30   22.046   22.066   22.142   -0.954    1.836   -2.954   -0.954    1.836   -5.426    2.820   -1.753    6.506    3.180
 460.40   22.138   22.146   22.151   -0.601    0.463   -2.862   -0.601    0.463   -1.326    1.718   -0.278    4.382    1.094
 460.50   24.115   24.233   24.234   -2.390   -0.185   -0.885   -2.390   -0.185    0.164    2.116    0.442    3.265    1.084
 460.60   25.312   25.383   25.388   -1.904   -0.473    0.312   -1.904   -0.473   -0.147   -0.593    0.900    1.972    0.544
 460.70   23.492   23.560   23.565   -1.794    0.494   -1.508   -1.794    0.494   -0.745    2.706   -0.886    2.869    1.472
 460.80   23.682   23.683   23.687    0.136    0.442   -1.318    0.136    0.442   -0.582   -0.180    0.060    0.975    0.306
 460.90   24.087   24.089   24.126   -0.345    1.327   -0.913   -0.345    1.327   -1.212    0.315   -0.457    1.357    0.667
 461.00   24.000   24.047   24.251   -1.499    3.137   -1.000   -1.499    3.137   -3.137    1.498   -4.701    6.543    2.923
 461.10   23.923   23.926   24.008   -0.406    1.976   -1.077   -0.406    1.976   -2.128    0.437   -0.802    2.614    1.158
 461.20   24.979   25.061   25.063    2.023    0.326   -0.021    2.023    0.326   -0.007   -0.043    0.659    2.100    0.330
 461.30   25.014   25.030   25.068    0.913    1.370    0.014    0.913    1.370    0.019    0.012    1.251    1.356    0.626
 461.40   24.287   24.301   24.345    0.829    1.451   -0.713    0.829    1.451   -1.035   -0.591    1.203    1.651    0.846
 461.50   25.646   25.711   25.711    1.827    0.097    0.646    1.827    0.097    0.063    1.180    0.178    1.883    0.598
 461.60   25.312   25.322   25.328    0.711   -0.558    0.312    0.711   -0.558   -0.174    0.222   -0.397    0.457    0.244
 461.70   26.635   26.636   26.636   -0.203   -0.057    1.635   -0.203   -0.057   -0.094   -0.332    0.012    1.358    0.173
 461.80   25.673   25.687   25.706    0.848   -0.989    0.673    0.848   -0.989   -0.665    0.571   -0.838    1.075    0.606
 461.90   24.969   25.056   25.177    2.081   -2.471   -0.031    2.081   -2.471    0.076   -0.064   -5.142    5.218    2.571
 462.00   24.508   24.646   24.711    2.603   -1.797   -0.492    2.603   -1.797    0.883   -1.280   -4.676    5.122    2.464
 462.10   25.142   25.229   25.316    2.090   -2.102    0.142    2.090   -2.102   -0.299    0.297   -4.395    4.405    2.207
 462.20   25.234   25.489   25.657    3.597   -2.932    0.234    3.597   -2.932   -0.686    0.842  -10.546   10.794    5.301
 462.30   25.148   25.312   25.547    2.880   -3.457    0.148    2.880   -3.457   -0.511    0.426   -9.956   10.133    4.989
 462.40   24.127   24.310   24.637    2.977   -4.001   -0.873    2.977   -4.001    3.494   -2.600  -11.910   12.815    6.341
 462.50   23.961   24.085   24.262    2.444   -2.922   -1.039    2.444   -2.922    3.035   -2.540   -7.141    7.795    4.082
 462.60   23.420   23.469   23.532    1.522   -1.727   -1.580    1.522   -1.727    2.729   -2.406   -2.628    3.898    2.244
 462.70   24.602   24.639   24.639    1.353    0.022   -0.398    1.353    0.022   -0.009   -0.538    0.029    0.994    0.270
 462.80   26.364   26.398   26.428    1.334    1.257    1.364    1.334    1.257    1.715    1.819    1.676    2.610    1.505
 462.90   27.308   27.323   27.369   -0.912   -1.581    2.308   -0.912   -1.581   -3.649   -2.105    1.443    4.329    2.227
 463.00   26.151   26.151   26.228    0.001   -2.004    1.151    0.001   -2.004   -2.308    0.002   -0.003    2.671    1.154
 463.10   26.991   26.993   27.088   -0.317   -2.262    1.991   -0.317   -2.262   -4.504   -0.631    0.716    4.590    2.302
 463.20   29.245   29.245   29.503   -0.156   -3.895    4.245   -0.156   -3.895  -16.531   -0.661    0.607   16.604    8.278
 463.30   29.880   29.880   30.148   -0.147   -4.010    4.880   -0.147   -4.010  -19.567   -0.716    0.588   19.956    9.794
 463.40   29.088   29.100   29.246   -0.841   -2.917    4.088   -0.841   -2.917  -11.924   -3.437    2.452   12.964    6.325
 463.50   28.292   28.442   28.605   -2.922   -3.043    3.292   -2.922   -3.043  -10.015   -9.617    8.889   14.314    8.243
 463.60   25.971   26.083   26.421   -2.421   -4.210    0.971   -2.421   -4.210   -4.087   -2.350   10.191   12.263    5.614
 463.70   25.567   25.837   26.085   -3.727   -3.588    0.567   -3.727   -3.588   -2.035   -2.114   13.373   13.543    6.846
 463.80   25.747   26.024   26.197   -3.789   -3.003    0.747   -3.789   -3.003   -2.242   -2.829   11.381   11.968    5.970
 463.90   25.450   25.816   25.906   -4.331   -2.158    0.450   -4.331   -2.158   -0.971   -1.949    9.346   11.809    4.798
 464.00   25.289   25.626   25.771   -4.143   -2.730    0.289   -4.143   -2.730   -0.789   -1.197   11.311   12.351    5.701
 464.10   27.167   27.272   27.525   -2.391   -3.724    2.167   -2.391   -3.724   -8.070   -5.182    8.904   12.141    6.543
 464.20   27.064   27.069   27.314   -0.521   -3.648    2.064   -0.521   -3.648   -7.529   -1.075    1.900    8.918    3.919
 464.30   27.852   27.856   27.901   -0.468   -1.586    2.852   -0.468   -1.586   -4.524   -1.335    0.742    5.435    2.388
 464.40   26.599   26.609   26.772   -0.725   -2.946    1.599   -0.725   -2.946   -4.711   -1.160    2.137    5.881    2.651
 464.50   24.690   24.690   25.060   -0.164   -4.289   -0.310   -0.164   -4.289    1.331    0.051    0.702    9.258    0.753
 464.60   26.332   26.342   26.539   -0.735   -3.223    1.332   -0.735   -3.223   -4.293   -0.979    2.369    6.352    2.500
 464.70   26.937   26.975   27.100   -1.430   -2.605    1.937   -1.430   -2.605   -5.045   -2.770    3.725    6.291    3.428
 464.80   26.824   26.864   26.888   -1.452   -1.156    1.824   -1.452   -1.156   -2.109   -2.650    1.679    3.387    1.890
 464.90   25.671   25.847   25.888   -3.012   -1.453    0.671   -3.012   -1.453   -0.976   -2.022    4.377    5.817    2.460
 465.00   25.533   25.758   25.778   -3.396   -1.013    0.533   -3.396   -1.013   -0.540   -1.811    3.439    6.421    1.962
 465.10   24.373   24.429   24.429   -1.660    0.039   -0.627   -1.660    0.039   -0.025    1.041   -0.065    1.575    0.522
 465.20   23.545   23.545   23.545   -0.103   -0.119   -1.455   -0.103   -0.119    0.173    0.150    0.012    1.071    0.115
 465.30   24.616   24.631   24.639    0.861   -0.633   -0.384    0.861   -0.633    0.243   -0.331   -0.546    0.645    0.341
 465.40   24.557   24.585   24.598    1.156    0.820   -0.443    1.156    0.820   -0.363   -0.512    0.948    1.103    0.569
 465.50   24.231   24.231   24.279    0.136    1.525   -0.769    0.136    1.525   -1.173   -0.105    0.208    1.469    0.598
 465.60   24.771   24.772   24.843    0.245    1.882   -0.229    0.245    1.882   -0.432   -0.056    0.461    1.828    0.317
 465.70   25.317   25.325   25.418   -0.608    2.171    0.317   -0.608    2.171    0.689   -0.193   -1.320    2.593    0.751
 465.80   25.253   25.254   25.271   -0.105    0.928    0.253   -0.105    0.928    0.235   -0.027   -0.098    0.469    0.128
 465.90   25.552   25.575   25.579    1.096    0.452    0.552    1.096    0.452    0.250    0.605    0.496    0.855    0.410
 466.00   25.843   25.863   25.872    1.022   -0.682    0.843    1.022   -0.682   -0.575    0.861   -0.697    1.110    0.624
 466.10   24.659   24.672   24.710    0.798   -1.369   -0.341    0.798   -1.369    0.467   -0.272   -1.093    1.314    0.609
 466.20   24.965   25.153   25.154    3.070   -0.160   -0.035    3.070   -0.160    0.006   -0.107   -0.492    4.725    0.252
 466.30   25.705   25.889   25.890    3.083   -0.250    0.705    3.083   -0.250   -0.177    2.173   -0.772    5.032    1.156
 466.40   26.772   26.868   26.944    2.266   -2.024    1.772    2.266   -2.024   -3.588    4.015   -4.586    6.186    3.537
 466.50   27.921   28.068   28.164    2.868   -2.329    2.921    2.868   -2.329   -6.802    8.378   -6.680   11.091    6.346
 466.60   27.492   27.624   27.625    2.699    0.205    2.492    2.699    0.205    0.511    6.726    0.553    6.769    3.384
 466.70   26.003   26.013   26.031    0.716   -0.968    1.003    0.716   -0.968   -0.971    0.718   -0.693    1.227    0.696
 466.80   25.736   25.755   25.771    1.011   -0.903    0.736    1.011   -0.903   -0.664    0.743   -0.913    1.189    0.676
 466.90   25.566   25.579   25.587   -0.813   -0.666    0.566   -0.813   -0.666   -0.377   -0.460    0.542    0.713    0.402
 467.00   25.486   25.504   25.505   -0.962   -0.060    0.486   -0.962   -0.060   -0.029   -0.468    0.057    0.582    0.236
 467.10   27.507   27.541   27.601    1.386   -1.813    2.507    1.386   -1.813   -4.544    3.475   -2.513    5.745    3.124
 467.20   28.206   28.218   28.257    0.796   -1.482    3.206    0.796   -1.482   -4.753    2.554   -1.181    6.556    2.762
 467.30   26.675   26.682   26.690    0.586   -0.679    1.675    0.586   -0.679   -1.137    0.982   -0.398    1.805    0.777
 467.40   26.660   26.670   26.675    0.753   -0.518    1.660    0.753   -0.518   -0.860    1.249   -0.390    1.794    0.783
 467.50   28.402   28.492   28.551    2.257   -1.839    3.402    2.257   -1.839   -6.258    7.678   -4.151   10.025    5.370
 467.60   28.381   28.396   28.491    0.925   -2.317    3.381    0.925   -2.317   -7.833    3.128   -2.143    8.827    4.351
 467.70   28.952   29.022   29.180    2.017   -3.039    3.952    2.017   -3.039  -12.008    7.970   -6.129   14.458    7.831
 467.80   28.340   28.358   28.425    1.020   -1.947    3.340    1.020   -1.947   -6.504    3.406   -1.986    7.993    3.803
 467.90   29.234   29.238   29.322    0.454   -2.217    4.234    0.454   -2.217   -9.388    1.922   -1.007   11.525    4.818
 468.00   27.929   27.933   28.121   -0.473   -3.242    2.929   -0.473   -3.242   -9.498   -1.386    1.534    9.659    4.860
 468.10   25.005   25.046   25.199   -1.442   -2.770    0.005   -1.442   -2.770   -0.013   -0.007    3.994    4.876    1.997
 468.20   24.778   24.914   25.046   -2.600   -2.573   -0.222   -2.600   -2.573    0.572    0.578    6.688    6.713    3.369
 468.30   26.127   26.319   26.649   -3.175   -4.183    1.127   -3.175   -4.183   -4.712   -3.577   13.283   14.425    7.270
 468.40   27.050   27.192   27.328   -2.780   -2.722    2.050   -2.780   -2.722   -5.579   -5.699    7.567    9.670    5.497
 468.50   29.192   29.394   29.500   -3.439   -2.504    4.192   -3.439   -2.504  -10.496  -14.415    8.610   17.833    9.900
 468.60   29.639   29.667   29.679   -1.307   -0.828    4.639   -1.307   -0.828   -3.839   -6.061    1.081   11.954    3.628
 468.70   28.776   28.860   28.862   -2.208   -0.360    3.776   -2.208   -0.360   -1.361   -8.336    0.796    9.630    4.242
 468.80   29.757   29.795   29.797   -1.507   -0.299    4.757   -1.507   -0.299   -1.423   -7.167    0.451   12.494    3.660
 468.90   30.979   31.043   31.061   -1.984   -1.062    5.979   -1.984   -1.062   -6.348  -11.861    2.106   20.408    6.808
 469.00   30.463   30.550   30.553   -2.294   -0.478    5.463   -2.294   -0.478   -2.609  -12.532    1.095   17.670    6.424
 469.10   28.472   28.772   28.792   -4.149    1.060    3.472   -4.149    1.060    3.679  -14.405   -4.397   15.197    7.752
 469.20   29.270   29.563   29.632   -4.156    2.012    4.270   -4.156    2.012    8.591  -17.746   -8.362   19.776   10.708
 469.30   27.579   27.833   27.833   -3.750   -0.087    2.579   -3.750   -0.087   -0.225   -9.672    0.327   10.361    4.840
 469.40   27.549   27.855   27.855   -4.115    0.152    2.549   -4.115    0.152    0.388  -10.490   -0.627   11.728    5.258
 469.50   28.103   28.253   28.254   -2.908   -0.228    3.103   -2.908   -0.228   -0.708   -9.024    0.664    9.069    4.538
 469.60   27.265   27.541   27.551   -3.888   -0.772    2.265   -3.888   -0.772   -1.748   -8.804    3.000   10.419    4.732
 469.70   28.656   29.149   29.246   -5.342   -2.380    3.656   -5.342   -2.380   -8.700  -19.529   12.712   23.782   12.437
 469.80   29.111   29.340   29.354   -3.659   -0.925    4.111   -3.659   -0.925   -3.801  -15.042    3.384   15.572    7.940
 469.90   28.281   28.352   28.416   -2.006   -1.908    3.281   -2.006   -1.908   -6.259   -6.582    3.827    9.214    4.928
 470.00   28.361   28.488   28.489   -2.688   -0.223    3.361   -2.688   -0.223   -0.750   -9.035    0.600    9.286    4.543
 470.10   28.949   29.007   29.009   -1.836   -0.308    3.949   -1.836   -0.308   -1.215   -7.249    0.565    9.530    3.686
 470.20   26.845   26.916   26.918   -1.956   -0.362    1.845   -1.956   -0.362   -0.667   -3.608    0.707    3.680    1.868
 470.30   26.782   26.790   26.790   -0.635   -0.021    1.782   -0.635   -0.021   -0.038   -1.132    0.013    1.790    0.566
 470.40   26.806   26.823   26.868   -0.947    1.557    1.806   -0.947    1.557    2.812   -1.710   -1.475    3.292    1.803
 470.50   26.620   26.632   26.639   -0.797    0.583    1.620   -0.797    0.583    0.945   -1.291   -0.464    1.800    0.833
 470.60   26.313   26.337   26.351   -1.120   -0.869    1.313   -1.120   -0.869   -1.141   -1.470    0.973    1.867    1.050
 470.70   27.030   27.032   27.064    0.323   -1.332    2.030    0.323   -1.332   -2.704    0.655   -0.430    2.999    1.408
 470.80   28.948   28.983   29.007    1.425   -1.165    3.948    1.425   -1.165   -4.598    5.625   -1.659    9.487    3.726
 470.90   30.159   30.163   30.206    0.500   -1.601    5.159    0.500   -1.601   -8.260    2.582   -0.801   14.715    4.345
 471.00   28.694   28.695   28.710   -0.048   -0.954    3.694   -0.048   -0.954   -3.526   -0.179    0.046    7.281    1.765
 471.10   28.035   28.052   28.052    0.971    0.044    3.035    0.971    0.044    0.134    2.948    0.043    5.077    1.476
 471.20   27.792   27.837   27.837    1.581   -0.067    2.792    1.581   -0.067   -0.187    4.414   -0.106    5.150    2.210
 471.30   29.256   29.299   29.301    1.582   -0.355    4.256    1.582   -0.355   -1.512    6.732   -0.562   10.371    3.461
 471.40   28.911   28.937   29.038    1.220    2.420    3.911    1.220    2.420    9.464    4.770    2.951   11.320    5.501
 471.50   30.914   30.927   31.006    0.907    2.215    5.914    0.907    2.215   13.100    5.365    2.010   20.351    7.149
 471.60   29.293   29.418   29.418    2.709   -0.080    4.293    2.709   -0.080   -0.344   11.628   -0.217   12.887    5.818
 471.70   31.409   31.484   31.519    2.179   -1.470    6.409    2.179   -1.470   -9.424   13.963   -3.204   23.992    8.574
 471.80   31.047   31.271   31.277    3.740   -0.586    6.047    3.740   -0.586   -3.544   22.618   -2.192   25.450   11.499
 471.90   29.015   29.451   29.452    5.048   -0.292    4.015    5.048   -0.292   -1.172   20.265   -1.473   20.841   10.176
 472.00   28.699   29.149   29.149    5.103    0.077    3.699    5.103    0.077    0.284   18.877    0.392   19.866    9.441
 472.10   29.701   29.970   29.990    4.006    1.090    4.701    4.006    1.090    5.123   18.833    4.366   19.668   10.000
 472.20   30.380   30.536   30.538    3.083   -0.358    5.380    3.083   -0.358   -1.925   16.587   -1.103   19.289    8.367
 472.30   29.783   29.818   29.831    1.433   -0.877    4.783    1.433   -0.877   -4.195    6.855   -1.257   12.851    4.068
 472.40   29.655   29.742   29.777    2.271   -1.455    4.655    2.271   -1.455   -6.774   10.569   -3.304   14.470    6.491
 472.50   30.492   30.627   30.634    2.868   -0.664    5.492    2.868   -0.664   -3.650   15.753   -1.906   19.417    8.141
 472.60   30.542   30.567   30.599    1.226   -1.398    5.542    1.226   -1.398   -7.746    6.796   -1.714   17.086    5.223
 472.70   29.796   29.796   29.932   -0.021   -2.848    4.796   -0.021   -2.848  -13.661   -0.102    0.060   15.559    6.831
 472.80   29.079   29.080   29.120   -0.305   -1.520    4.079   -0.305   -1.520   -6.201   -1.245    0.464    9.520    3.171
 472.90   29.183   29.232   29.310    1.686   -2.137    4.183    1.686   -2.137   -8.939    7.053   -3.603   12.453    5.971
 473.00   28.469   28.490   28.663    1.101   -3.143    3.469    1.101   -3.143  -10.904    3.818   -3.459   11.563    6.030
 473.10   27.234   27.277   27.345    1.519   -1.928    2.234    1.519   -1.928   -4.309    3.394   -2.929    5.509    3.109
 473.20   26.164   26.207   26.216    1.510   -0.693    1.164    1.510   -0.693   -0.807    1.757   -1.047    2.057    1.099
 473.30   25.847   25.851   25.865    0.469   -0.855    0.847    0.469   -0.855   -0.725    0.398   -0.402    0.835    0.459
 473.40   26.244   26.294   26.299    1.626    0.518    1.244    1.626    0.518    0.644    2.022    0.842    2.229    1.141
 473.50   28.359   28.371   28.371    0.822   -0.050    3.359    0.822   -0.050   -0.167    2.760   -0.041    5.979    1.383
 473.60   29.730   29.732   29.741   -0.311   -0.721    4.730   -0.311   -0.721   -3.412   -1.471    0.224   11.496    1.861
 473.70   29.478   29.479   29.480    0.276   -0.233    4.478    0.276   -0.233   -1.044    1.234   -0.064   10.092    0.809
 473.80   30.119   30.160   30.168    1.574    0.682    5.119    1.574    0.682    3.491    8.055    1.073   14.573    4.422
 473.90   29.397   29.414   29.425    0.990    0.804    4.397    0.990    0.804    3.536    4.353    0.796   10.482    2.832
 474.00   28.403   28.419   28.429    0.963    0.751    3.403    0.963    0.751    2.555    3.276    0.723    6.536    2.108
 474.10   27.235   27.316   27.362    2.104    1.588    2.235    2.104    1.588    3.550    4.703    3.341    5.972    3.387
 474.20   26.908   26.908   26.937    0.175    1.241    1.908    0.175    1.241    2.368    0.333    0.217    2.606    1.201
 474.30   26.697   26.698   26.731   -0.194    1.341    1.697   -0.194    1.341    2.275   -0.329   -0.260    2.357    1.157
 474.40   27.532   27.557   27.726   -1.178    3.062    2.532   -1.178    3.062    7.752   -2.983   -3.607    8.587    4.528
 474.50   27.109   27.145   27.291   -1.396    2.817    2.109   -1.396    2.817    5.941   -2.944   -3.931    7.165    3.854
 474.60   27.460   27.461   27.566   -0.093    2.413    2.460   -0.093    2.413    5.938   -0.230   -0.225    5.944    2.973
 474.70   27.756   27.766   27.854   -0.745    2.214    2.756   -0.745    2.214    6.102   -2.055   -1.650    6.527    3.323
 474.80   27.914   27.935   27.947   -1.078   -0.812    2.914   -1.078   -0.812   -2.365   -3.140    0.875    5.156    2.014
 474.90   27.631   27.632   27.650    0.219   -1.019    2.631    0.219   -1.019   -2.681    0.575   -0.223    4.003    1.376
 475.00   27.301   27.330   27.334    1.256    0.514    2.301    1.256    0.514    1.183    2.889    0.646    3.567    1.594
 475.10   25.025   25.027   25.027    0.269    0.077    0.025    0.269    0.077    0.002    0.007    0.021    0.040    0.011
 475.20   25.100   25.101   25.101   -0.190   -0.025    0.100   -0.190   -0.025   -0.003   -0.019    0.005    0.023    0.010
 475.30   24.496   24.645   24.662   -2.703    0.929   -0.504   -2.703    0.929   -0.468    1.362   -2.510    4.210    1.447
 475.40   24.591   24.605   24.626   -0.821    1.009   -0.409   -0.821    1.009   -0.412    0.335   -0.828    0.929    0.492
 475.50   25.735   25.739   25.752    0.483   -0.811    0.735    0.483   -0.811   -0.596    0.355   -0.391    0.715    0.398
 475.60   26.311   26.312   26.354   -0.253   -1.476    1.311   -0.253   -1.476   -1.935   -0.332    0.374    1.980    0.999
 475.70   26.757   26.759   26.807    0.374   -1.603    1.757    0.374   -1.603   -2.816    0.657   -0.600    2.898    1.477
 475.80   27.742   27.742   27.873   -0.088   -2.701    2.742   -0.088   -2.701   -7.406   -0.242    0.238    7.411    3.707
 475.90   27.814   27.815   27.871   -0.228   -1.779    2.814   -0.228   -1.779   -5.006   -0.641    0.405    5.567    2.532
 476.00   27.598   27.612   27.621    0.876   -0.697    2.598    0.876   -0.697   -1.811    2.276   -0.611    4.002    1.486
 476.10   28.567   28.568   28.568   -0.188   -0.000    3.567   -0.188   -0.000   -0.002   -0.671    0.000    6.380    0.335
 476.20   27.873   27.879   27.879   -0.582   -0.127    2.873   -0.582   -0.127   -0.366   -1.673    0.074    4.303    0.857
 476.30   27.769   27.807   27.814   -1.463   -0.639    2.769   -1.463   -0.639   -1.769   -4.050    0.935    5.106    2.259
 476.40   26.676   26.683   26.687   -0.613    0.451    1.676   -0.613    0.451    0.755   -1.028   -0.276    1.695    0.652
 476.50   26.066   26.103   26.115   -1.383   -0.795    1.066   -1.383   -0.795   -0.847   -1.474    1.099    1.840    1.012
 476.60   26.227   26.236   26.253   -0.681   -0.957    1.227   -0.681   -0.957   -1.175   -0.835    0.652    1.443    0.791
 476.70   25.700   25.719   25.775    0.985   -1.699    0.700    0.985   -1.699   -1.190    0.690   -1.674    2.174    1.083
 476.80   25.573   25.656   25.721    2.065   -1.820    0.573    2.065   -1.820   -1.043    1.183   -3.758    3.952    2.038
 476.90   26.056   26.102   26.103    1.541    0.309    1.056    1.541    0.309    0.327    1.627    0.477    1.793    0.863
 477.00   27.491   27.521   27.527    1.279    0.616    2.491    1.279    0.616    1.535    3.186    0.788    4.110    1.812
 477.10   28.914   28.917   28.919    0.358    0.403    3.914    0.358    0.403    1.577    1.401    0.144    7.806    1.057
 477.20   29.273   29.281   29.313    0.649    1.374    4.273    0.649    1.374    5.873    2.775    0.893   10.286    3.278
 477.30   27.158   27.159   27.161   -0.281    0.323    2.158   -0.281    0.323    0.698   -0.607   -0.091    2.420    0.465
 477.40   27.571   27.593   27.620   -1.092   -1.238    2.571   -1.092   -1.238   -3.182   -2.807    1.351    4.667    2.227
 477.50   28.382   28.405   28.406   -1.148   -0.266    3.382   -1.148   -0.266   -0.899   -3.883    0.305    6.412    1.998
 477.60   28.401   28.411   28.418    0.773    0.642    3.401    0.773    0.642    2.182    2.629    0.496    6.286    1.726
 477.70   27.886   27.889   28.004    0.409    2.535    2.886    0.409    2.535    7.315    1.179    1.036    7.460    3.741
 477.80   26.459   26.492   26.609    1.315    2.493    1.459    1.315    2.493    3.637    1.919    3.278    5.036    2.630
 477.90   26.947   27.083   27.083    2.706    0.141    1.947    2.706    0.141    0.275    5.270    0.382    5.568    2.645
 478.00   26.093   26.326   26.348    3.495   -1.068    1.093    3.495   -1.068   -1.167    3.820   -3.732    7.275    2.733
 478.10   26.108   26.398   26.469    3.905   -1.941    1.108    3.905   -1.941   -2.149    4.325   -7.578   10.120    4.493
 478.20   25.449   25.529   25.555    2.009   -1.165    0.449    2.009   -1.165   -0.524    0.903   -2.342    2.799    1.282
 478.30   25.389   25.538   25.564    2.756   -1.141    0.389    2.756   -1.141   -0.444    1.073   -3.145    4.524    1.676
 478.40   25.735   25.771   25.771    1.351    0.060    0.735    1.351    0.060    0.044    0.993    0.082    1.184    0.499
 478.50   25.159   25.162   25.170    0.402   -0.616    0.159    0.402   -0.616   -0.098    0.064   -0.248    0.283    0.137
 478.60   23.612   23.658   23.872    1.477   -3.192   -1.388    1.477   -3.192    4.431   -2.050   -4.715    7.149    3.394
 478.70   23.968   23.974   24.131    0.532   -2.745   -1.032    0.532   -2.745    2.833   -0.549   -1.462    4.443    1.617
 478.80   24.673   24.739   24.791   -1.816   -1.592   -0.327   -1.816   -1.592    0.521    0.594    2.891    2.970    1.499
 478.90   24.511   24.540   24.571   -1.186   -1.225   -0.489   -1.186   -1.225    0.598    0.580    1.453    1.573    0.837
 479.00   24.910   24.933   25.003   -1.089   -1.860   -0.090   -1.089   -1.860    0.168    0.098    2.025    2.326    1.017
 479.10   24.489   24.548   24.628   -1.690   -1.989   -0.511   -1.690   -1.989    1.015    0.863    3.360    3.535    1.807
 479.20   23.567   23.599   23.611   -1.240   -0.752   -1.433   -1.240   -0.752    1.078    1.778    0.933    2.079    1.139
 479.30   22.996   23.005   23.009    0.629    0.434   -2.004    0.629    0.434   -0.870   -1.261    0.273    2.300    0.778
 479.40   23.284   23.301   23.302    0.896   -0.104   -1.716    0.896   -0.104    0.178   -1.538   -0.093    1.879    0.776
 479.50   24.099   24.138   24.162   -1.364   -1.079   -0.901   -1.364   -1.079    0.972    1.229    1.471    1.917    1.074
 479.60   24.390   24.399   24.439   -0.677   -1.398   -0.610   -0.677   -1.398    0.853    0.413    0.946    1.392    0.669
 479.70   23.379   23.387   23.423   -0.626   -1.291   -1.621   -0.626   -1.291    2.093    1.015    0.808    2.343    1.231
 479.80   23.762   23.792   23.818   -1.192   -1.116   -1.238   -1.192   -1.116    1.381    1.476    1.331    2.100    1.210
 479.90   24.327   24.409   24.429   -1.996   -1.001   -0.673   -1.996   -1.001    0.674    1.344    1.999    2.720    1.251
 480.00   26.343   26.416   26.420   -1.963   -0.414    1.343   -1.963   -0.414   -0.556   -2.637    0.812    2.915    1.408
 480.10   26.801   26.915   26.916   -2.477   -0.160    1.801   -2.477   -0.160   -0.288   -4.461    0.396    4.702    2.244
 480.20   26.890   27.172   27.183   -3.900   -0.781    1.890   -3.900   -0.781   -1.476   -7.372    3.045    9.697    4.056
 480.30   26.093   26.382   26.482   -3.892   -2.302    1.093   -3.892   -2.302   -2.517   -4.256    8.958   10.822    5.116
 480.40   24.780   25.119   25.142   -4.109   -1.088   -0.220   -4.109   -1.088    0.239    0.903    4.471    9.059    2.284
 480.50   25.935   26.095   26.132   -2.881    1.402    0.935   -2.881    1.402    1.311   -2.694   -4.037    5.568    2.514
 480.60   25.377   25.628   25.648   -3.579    1.016    0.377   -3.579    1.016    0.383   -1.348   -3.638    6.993    1.949
 480.70   25.410   25.449   25.453   -1.405   -0.431    0.410   -1.405   -0.431   -0.177   -0.576    0.606    1.164    0.427
 480.80   26.068   26.070   26.071   -0.309   -0.219    1.068   -0.309   -0.219   -0.234   -0.330    0.068    0.642    0.205
 480.90   24.981   24.983   24.997   -0.287    0.846   -0.019   -0.287    0.846   -0.016    0.006   -0.243    0.399    0.122
 481.00   25.967   26.008   26.009   -1.459    0.230    0.967   -1.459    0.230    0.222   -1.410   -0.335    1.557    0.733
 481.10   24.909   25.044   25.052   -2.594    0.633   -0.091   -2.594    0.633   -0.058    0.236   -1.642    3.569    0.830
 481.20   24.938   25.132   25.137   -3.124    0.453   -0.062   -3.124    0.453   -0.028    0.195   -1.414    4.984    0.714
 481.30   23.954   24.080   24.086   -2.462    0.519   -1.046   -2.462    0.519   -0.543    2.576   -1.278    3.713    1.463
 481.40   24.641   24.705   24.711   -1.774    0.551   -0.359   -1.774    0.551   -0.198    0.637   -0.977    1.789    0.591
 481.50   24.015   24.324   24.400   -3.867   -1.924   -0.985   -3.867   -1.924    1.895    3.810    7.440    9.814    4.285
 481.60   25.365   25.398   25.580   -1.310   -3.040    0.365   -1.310   -3.040   -1.108   -0.478    3.982    5.545    2.081
 481.70   25.166   25.168   25.246   -0.301   -1.995    0.166   -0.301   -1.995   -0.331   -0.050    0.601    2.048    0.344
 481.80   26.682   26.702   26.711    1.028    0.724    1.682    1.028    0.724    1.217    1.729    0.744    2.205    1.121
 481.90   24.940   24.954   24.954    0.858    0.095   -0.060    0.858    0.095   -0.006   -0.052    0.082    0.374    0.048
 482.00   25.283   25.290   25.299    0.596    0.671    0.283    0.596    0.671    0.190    0.168    0.400    0.443    0.237
 482.10   25.532   25.593   25.603   -1.765    0.716    0.532   -1.765    0.716    0.380   -0.938   -1.263    1.955    0.809
 482.20   27.163   27.303   27.313   -2.761   -0.737    2.163   -2.761   -0.737   -1.593   -5.972    2.034    6.422    3.253
 482.30   26.014   26.210   26.226   -3.199    0.908    1.014   -3.199    0.908    0.921   -3.245   -2.905    6.043    2.226
 482.40   25.983   26.410   26.479   -4.727   -1.916    0.983   -4.727   -1.916   -1.884   -4.648    9.056   13.493    5.176
 482.50   24.049   24.372   24.373   -3.952   -0.219   -0.951   -3.952   -0.219    0.209    3.759    0.867    8.286    1.932
 482.60   23.004   23.226   23.237   -3.201   -0.721   -1.996   -3.201   -0.721    1.439    6.389    2.309    7.375    3.472
 482.70   24.486   24.686   24.872   -3.135   -3.036   -0.514   -3.135   -3.036    1.561    1.612    9.517    9.655    4.889
 482.80   25.803   26.102   26.191   -3.937   -2.161    0.803   -3.937   -2.161   -1.736   -3.162    8.509   10.409    4.621
 482.90   24.781   25.620   25.632   -6.502   -0.800   -0.219   -6.502   -0.800    0.175    1.422    5.200   21.482    2.697
 483.00   24.173   24.827   24.837   -5.660    0.711   -0.827   -5.660    0.711   -0.588    4.683   -4.023   16.615    3.101
 483.10   23.466   23.672   23.849   -3.116    2.900   -1.534   -3.116    2.900   -4.449    4.780   -9.037   10.237    5.575
 483.20   23.941   24.244   24.511   -3.819    3.609   -1.059   -3.819    3.609   -3.822    4.044  -13.781   14.364    7.431
 483.30   23.148   23.886   23.924   -5.889    1.361   -1.852   -5.889    1.361   -2.520   10.905   -8.015   19.981    6.883
 483.40   22.748   23.649   23.682   -6.464    1.247   -2.252   -6.464    1.247   -2.809   14.557   -8.062   24.206    8.438
 483.50   23.632   24.564   24.572   -6.703    0.616   -1.368   -6.703    0.616   -0.843    9.170   -4.131   23.589    5.046
 483.60   22.394   23.180   23.181   -5.986   -0.232   -2.606   -5.986   -0.232    0.604   15.600    1.387   21.338    7.837
 483.70   23.111   23.682   23.719   -5.166   -1.327   -1.889   -5.166   -1.327    2.506    9.758    6.856   16.010    6.093
 483.80   23.618   24.421   24.633   -6.208   -3.225   -1.382   -6.208   -3.225    4.456    8.577   20.020   25.424   11.116
 483.90   23.942   25.270   25.324   -8.083   -1.659   -1.058   -8.083   -1.659    1.755    8.550   13.410   34.600    8.000
 484.00   22.769   23.749   23.754   -6.752   -0.484   -2.231   -6.752   -0.484    1.081   15.065    3.270   25.400    7.727
 484.10   22.053   23.125   23.163   -6.958   -1.326   -2.947   -6.958   -1.326    3.906   20.502    9.224   29.425   11.409
 484.20   20.706   21.583   21.586   -6.091   -0.385   -4.294   -6.091   -0.385    1.653   26.155    2.344   27.843   13.156
 484.30   22.392   22.755   22.816   -4.045    1.669   -2.608   -4.045    1.669   -4.351   10.547   -6.749   12.971    6.628
 484.40   23.932   24.415   24.420   -4.833    0.507   -1.068   -4.833    0.507   -0.542    5.163   -2.451   12.377    2.870
 484.50   22.890   23.450   23.475   -5.095   -1.078   -2.110   -5.095   -1.078    2.274   10.752    5.491   15.788    6.143
 484.60   22.668   23.374   23.391   -5.701   -0.878   -2.332   -5.701   -0.878    2.047   13.294    5.005   19.355    7.176
 484.70   23.283   24.306   24.311   -6.977   -0.490   -1.717   -6.977   -0.490    0.841   11.981    3.417   25.933    6.243
 484.80   23.075   23.903   24.034   -6.237   -2.507   -1.925   -6.237   -2.507    4.828   12.008   15.638   24.445   10.150
 484.90   23.008   23.768   23.768   -5.961    0.058   -1.992   -5.961    0.058   -0.115   11.872   -0.345   19.750    5.939
 485.00   23.339   23.741   23.746   -4.352   -0.468   -1.661   -4.352   -0.468    0.777    7.227    2.035   10.957    3.774
 485.10   23.844   24.391   24.491   -5.138   -2.212   -1.156   -5.138   -2.212    2.558    5.940   11.367   16.315    6.539
 485.20   24.326   24.705   24.791   -4.314   -2.056   -0.674   -4.314   -2.056    1.387    2.909    8.871   11.648    4.719
 485.30   24.050   24.543   24.544   -4.898    0.140   -0.950   -4.898    0.140   -0.133    4.656   -0.684   12.457    2.354
 485.40   24.371   24.682   24.778   -3.901   -2.185   -0.629   -3.901   -2.185    1.374    2.453    8.524   10.194    4.488
 485.50   24.882   25.285   25.414   -4.500   -2.557   -0.118   -4.500   -2.557    0.303    0.532   11.508   13.402    5.762
 485.60   24.648   24.871   25.053   -3.323   -3.017   -0.352   -3.323   -3.017    1.062    1.170   10.026   10.135    5.075
 485.70   23.327   23.469   23.573   -2.573   -2.215   -1.673   -2.573   -2.215    3.705    4.303    5.700    7.163    4.023
 485.80   23.844   23.994   24.128   -2.676   -2.535   -1.156   -2.676   -2.535    2.930    3.093    6.785    7.463    4.006
 485.90   23.295   23.423   23.665   -2.438   -3.379   -1.705   -2.438   -3.379    5.760    4.156    8.238   10.133    5.439
 486.00   22.844   23.014   23.115   -2.793   -2.153   -2.156   -2.793   -2.153    4.641    6.022    6.013    8.542    4.847
 486.10   22.187   22.403   22.800   -3.100   -4.235   -2.813   -3.100   -4.235   11.912    8.720   13.130   17.729    9.878
 486.20   20.041   20.245   20.714   -2.867   -4.383   -4.959   -2.867   -4.383   21.736   14.216   12.565   26.010   14.426
 486.30   20.789   20.956   21.144   -2.640   -2.813   -4.211   -2.640   -2.813   11.846   11.119    7.426   16.309    8.932
 486.40   20.843   21.012   21.195   -2.657   -2.778   -4.157   -2.657   -2.778   11.549   11.043    7.381   16.029    8.801
 486.50   20.941   21.071   21.683   -2.343   -5.114   -4.059   -2.343   -5.114   20.760    9.510   11.981   24.061   12.893
 486.60   21.266   21.301   21.690   -1.231   -4.090   -3.734   -1.231   -4.090   15.273    4.599    5.036   16.094    8.363
 486.70   20.576   20.745   20.904   -2.641   -2.576   -4.424   -2.641   -2.576   11.395   11.685    6.802   16.591    8.841
 486.80   21.461   21.656   21.741   -2.900   -1.920   -3.539   -2.900   -1.920    6.796   10.262    5.569   12.310    6.754
 486.90   22.514   22.705   22.735   -2.938   -1.161   -2.486   -2.938   -1.161    2.885    7.304    3.411    8.080    4.281
 487.00   21.903   22.285   22.290   -4.112   -0.484   -3.097   -4.112   -0.484    1.498   12.736    1.988   13.367    6.488
 487.10   21.982   22.158   22.161   -2.785   -0.388   -3.018   -2.785   -0.388    1.172    8.404    1.082    8.507    4.277
 487.20   21.500   21.734   21.751   -3.185   -0.842   -3.500   -3.185   -0.842    2.948   11.149    2.682   11.554    5.920
 487.30   21.537   21.875   21.884   -3.828   -0.640   -3.463   -3.828   -0.640    2.217   13.256    2.451   13.528    6.831
 487.40   21.706   21.859   21.863   -2.579   -0.398   -3.294   -2.579   -0.398    1.311    8.495    1.027    8.829    4.328
 487.50   21.302   21.588   21.590   -3.504    0.256   -3.698   -3.504    0.256   -0.947   12.959   -0.897   13.010    6.512
 487.60   22.622   22.882   22.883   -3.445   -0.106   -2.378   -3.445   -0.106    0.253    8.194    0.366    8.769    4.103
 487.70   21.780   22.178   22.211   -4.182   -1.215   -3.220   -4.182   -1.215    3.912   13.464    5.081   14.665    7.457
 487.80   23.464   23.672   23.743   -3.125   -1.837   -1.536   -3.125   -1.837    2.821    4.798    5.741    7.749    3.998
 487.90   24.596   24.747   24.786   -2.724   -1.399   -0.404   -2.724   -1.399    0.565    1.099    3.810    4.769    2.002
 488.00   23.707   23.835   23.838   -2.466   -0.370   -1.293   -2.466   -0.370    0.478    3.189    0.911    3.944    1.675
 488.10   22.429   22.648   22.655   -3.138    0.582   -2.571   -3.138    0.582   -1.497    8.067   -1.828    8.398    4.203
 488.20   22.251   22.489   22.505   -3.264    0.829   -2.749   -3.264    0.829   -2.279    8.971   -2.706    9.447    4.822
 488.30   22.512   22.850   22.871   -3.917   -0.978   -2.488   -3.917   -0.978    2.435    9.746    3.833   11.245    5.376
 488.40   21.740   22.468   22.487   -5.675   -0.931   -3.260   -5.675   -0.931    3.035   18.502    5.283   21.851    9.740
 488.50   22.682   23.383   23.394   -5.681   -0.714   -2.318   -5.681   -0.714    1.654   13.166    4.053   19.076    6.937
 488.60   23.653   24.220   24.220   -5.211    0.096   -1.347   -5.211    0.096   -0.130    7.019   -0.501   14.488    3.519
 488.70   24.258   24.733   24.733   -4.825    0.070   -0.742   -4.825    0.070   -0.052    3.580   -0.336   11.920    1.798
 488.80   23.617   23.839   23.872   -3.248    1.250   -1.383   -3.248    1.250   -1.728    4.493   -4.059    7.013    3.148
 488.90   23.906   24.130   24.169   -3.282    1.364   -1.094   -3.282    1.364   -1.492    3.590   -4.477    6.915    2.965
 489.00   24.342   24.734   24.754   -4.388   -0.995   -0.658   -4.388   -0.995    0.655    2.887    4.368   10.338    2.638
 489.10   25.035   25.335   25.342   -3.889    0.592    0.035   -3.889    0.592    0.021   -0.135   -2.301    7.738    1.153
 489.20   23.743   23.997   24.016   -3.480   -0.966   -1.257   -3.480   -0.966    1.213    4.373    3.360    7.312    2.824
 489.30   27.680   27.686   27.690   -0.575    0.505    2.680   -0.575    0.505    1.353   -1.540   -0.290    3.883    1.035
 489.40   30.311   30.357   30.363    1.667   -0.591    5.311    1.667   -0.591   -3.138    8.855   -0.985   15.670    4.723
 489.50   30.423   30.437   30.440    0.929    0.461    5.423    0.929    0.461    2.502    5.040    0.429   15.241    2.821
 489.60   29.818   29.849   29.898    1.358    1.717    4.818    1.358    1.717    8.273    6.541    2.331   14.002    5.401
 489.70   31.364   31.422   31.422    1.898   -0.226    6.364    1.898   -0.226   -1.436   12.079   -0.428   22.078    6.086
 489.80   31.540   31.622   31.635    2.272   -0.900    6.540    2.272   -0.900   -5.884   14.859   -2.044   24.374    8.056
 489.90   30.624   30.660   30.661    1.500    0.218    5.624    1.500    0.218    1.225    8.434    0.327   16.962    4.264
 490.00   30.657   30.788   30.797    2.840    0.742    5.657    2.840    0.742    4.198   16.066    2.107   20.309    8.369
 490.10   30.847   30.847   30.847   -0.081    0.082    5.847   -0.081    0.082    0.481   -0.472   -0.007   17.100    0.337
 490.20   29.792   29.795   29.799   -0.417    0.498    4.792   -0.417    0.498    2.385   -2.000   -0.208   11.694    1.560
 490.30   30.189   30.214   30.250   -1.248    1.472    5.189   -1.248    1.472    7.640   -6.476   -1.838   15.324    5.091
 490.40   29.678   29.860   29.967   -3.292    2.533    4.678   -3.292    2.533   11.852  -15.400   -8.340   19.570   10.573
 490.50   30.209   30.275   30.316   -2.009    1.575    5.209   -2.009    1.575    8.201  -10.463   -3.163   16.823    6.833
 490.60   29.444   29.446   29.472    0.379    1.237    4.444    0.379    1.237    5.496    1.686    0.469   10.710    2.884
 490.70   28.486   28.495   28.522   -0.691    1.245    3.486   -0.691    1.245    4.340   -2.409   -0.860    7.091    2.519
 490.80   28.178   28.199   28.200   -1.083   -0.168    3.178   -1.083   -0.168   -0.533   -3.443    0.182    5.651    1.744
 490.90   30.314   30.353   30.382   -1.533   -1.338    5.314   -1.533   -1.338   -7.108   -8.146    2.051   16.188    5.502
 491.00   32.883   33.006   33.067   -2.857   -2.007    7.883   -2.857   -2.007  -15.821  -22.519    5.734   37.162   14.056
 491.10   33.868   33.958   33.966   -2.476   -0.728    8.868   -2.476   -0.728   -6.457  -21.954    1.803   42.648   11.478
 491.20   33.279   33.383   33.393   -2.628   -0.814    8.279   -2.628   -0.814   -6.742  -21.759    2.140   38.056   11.440
 491.30   33.981   33.982   33.982   -0.305   -0.138    8.981   -0.305   -0.138   -1.239   -2.735    0.042   40.382    1.501
 491.40   33.167   33.167   33.171   -0.033   -0.496    8.167   -0.033   -0.496   -4.054   -0.274    0.017   33.476    2.032
 491.50   31.775   31.804   31.823   -1.354    1.102    6.775   -1.354    1.102    7.464   -9.173   -1.492   24.475    5.960
 491.60   31.214   31.216   31.219    0.421    0.404    6.214    0.421    0.404    2.508    2.613    0.170   19.474    1.813
 491.70   31.438   31.469   31.523   -1.397   -1.846    6.438   -1.397   -1.846  -11.885   -8.995    2.579   23.405    7.563
 491.80   31.827   31.835   31.879   -0.723   -1.657    6.827   -0.723   -1.657  -11.314   -4.938    1.199   24.940    6.201
 491.90   31.855   31.859   31.900   -0.461   -1.618    6.855   -0.461   -1.618  -11.090   -3.158    0.745   24.913    5.777
 492.00   28.723   28.753   28.757   -1.315   -0.454    3.723   -1.315   -0.454   -1.689   -4.894    0.596    7.898    2.606
 492.10   28.244   28.263   28.263   -1.020    0.047    3.244   -1.020    0.047    0.153   -3.311   -0.048    5.784    1.657
 492.20   27.360   27.360   27.361   -0.023   -0.257    2.360   -0.023   -0.257   -0.606   -0.054    0.006    2.817    0.304
 492.30   25.742   25.780   25.974   -1.390   -3.168    0.742   -1.390   -3.168   -2.352   -1.032    4.405    6.261    2.549
 492.40   27.232   27.378   27.496   -2.827   -2.539    2.232   -2.827   -2.539   -5.667   -6.309    7.177    9.709    5.555
 492.50   27.869   27.997   28.071   -2.673   -2.047    2.869   -2.673   -2.047   -5.871   -7.668    5.470    9.781    5.550
 492.60   27.002   27.024   27.090   -1.102   -1.890    2.002   -1.102   -1.890   -3.782   -2.205    2.081    4.395    2.424
 492.70   26.397   26.398   26.422    0.261   -1.136    1.397    0.261   -1.136   -1.587    0.365   -0.297    1.655    0.828
 492.80   27.602   27.608   27.772   -0.564   -3.016    2.602   -0.564   -3.016   -7.846   -1.468    1.701    8.091    4.081
 492.90   28.248   28.327   28.392   -2.103   -1.923    3.248   -2.103   -1.923   -6.247   -6.831    4.044    9.336    5.051
 493.00   28.224   28.395   28.413   -3.115   -0.992    3.224   -3.115   -0.992   -3.198  -10.041    3.089   10.539    5.491
 493.10   28.900   28.988   29.004   -2.259   -0.962    3.900   -2.259   -0.962   -3.753   -8.810    2.174   10.620    4.910
 493.20   28.300   28.319   28.320   -1.031   -0.263    3.300   -1.031   -0.263   -0.867   -3.402    0.271    6.011    1.760
 493.30   28.119   28.165   28.181   -1.614   -0.933    3.119   -1.614   -0.933   -2.910   -5.033    1.505    6.602    3.003
 493.40   29.346   29.399   29.418   -1.763   -1.069    4.346   -1.763   -1.069   -4.647   -7.662    1.885   11.569    4.578
 493.50   30.445   30.500   30.553   -1.834   -1.792    5.445   -1.834   -1.792   -9.755   -9.985    3.285   18.109    7.170
 493.60   30.337   30.358   30.376   -1.105   -1.047    5.337   -1.105   -1.047   -5.588   -5.897    1.157   15.403    4.103
 493.70   29.783   29.801   29.803   -1.037   -0.361    4.783   -1.037   -0.361   -1.727   -4.961    0.375   12.042    2.633
 493.80   29.227   29.308   29.312   -2.179    0.484    4.227   -2.179    0.484    2.046   -9.210   -1.055   11.426    4.747
 493.90   30.141   30.145   30.228   -0.521   -2.234    5.141   -0.521   -2.234  -11.485   -2.680    1.165   15.845    5.925
 494.00   30.923   30.938   30.965   -0.979   -1.296    5.923   -0.979   -1.296   -7.674   -5.801    1.269   18.858    4.851
 494.10   30.070   30.075   30.075   -0.562   -0.047    5.070   -0.562   -0.047   -0.240   -2.851    0.027   13.012    1.430
 494.20   28.359   28.441   28.444    2.156    0.429    3.359    2.156    0.429    1.441    7.243    0.925    8.059    3.721
 494.30   27.857   27.884   27.885    1.243   -0.127    2.857    1.243   -0.127   -0.363    3.550   -0.158    4.861    1.786
 494.40   28.567   28.568   28.594    0.207   -1.229    3.567    0.207   -1.229   -4.384    0.738   -0.254    7.139    2.226
 494.50   30.753   30.844   30.861    2.370   -1.006    5.753    2.370   -1.006   -5.785   13.637   -2.384   19.864    7.502
 494.60   30.966   31.141   31.155    3.304   -0.925    5.966    3.304   -0.925   -5.520   19.713   -3.058   23.682   10.349
 494.70   31.716   31.991   31.998    4.185    0.699    6.716    4.185    0.699    4.695   28.105    2.925   31.552   14.322
 494.80   27.722   27.814   27.842    2.255    1.246    2.722    2.255    1.246    3.391    6.139    2.809    7.024    3.778
 494.90   29.205   29.206   29.233    0.256    1.253    4.205    0.256    1.253    5.269    1.076    0.321    9.659    2.694
 495.00   31.304   31.305   31.321    0.173    1.020    6.304    0.173    1.020    6.431    1.093    0.177   20.406    3.263
 495.10   30.725   30.769   30.772   -1.649    0.439    5.725   -1.649    0.439    2.514   -9.439   -0.724   17.842    4.897
 495.20   29.267   29.350   29.354   -2.213    0.442    4.267   -2.213    0.442    1.887   -9.442   -0.978   11.650    4.839
 495.30   27.792   27.833   27.833   -1.504    0.011    2.792   -1.504    0.011    0.031   -4.199   -0.017    5.029    2.100
 495.40   28.268   28.335   28.340   -1.945   -0.572    3.268   -1.945   -0.572   -1.870   -6.355    1.113    7.394    3.359
 495.50   28.671   28.735   28.769   -1.923    1.390    3.671   -1.923    1.390    5.104   -7.058   -2.673    9.552    4.555
 495.60   28.687   28.919   29.030   -3.655    2.529    3.687   -3.655    2.529    9.325  -13.479   -9.243   16.676    9.408
 495.70   28.129   28.367   28.368   -3.673    0.200    3.129   -3.673    0.200    0.627  -11.491   -0.736   11.659    5.766
 495.80   29.482   29.614   29.662   -2.790    1.698    4.482   -2.790    1.698    7.610  -12.505   -4.738   15.378    7.693
 495.90   28.095   28.586   28.688   -5.275    2.417    3.095   -5.275    2.417    7.479  -16.326  -12.748   21.623   11.011
 496.00   28.359   28.674   28.820   -4.237    2.895    3.359   -4.237    2.895    9.725  -14.232  -12.265   18.808   10.578
 496.10   28.898   29.340   29.360   -5.076    1.076    3.898   -5.076    1.076    4.196  -19.785   -5.464   21.059   10.475
 496.20   28.361   28.650   28.657   -4.063   -0.622    3.361   -4.063   -0.622   -2.090  -13.653    2.527   14.093    7.021
 496.30   28.246   28.759   28.897   -5.408    2.819    3.246   -5.408    2.819    9.150  -17.556  -15.245   23.867   12.494
 496.40   28.295   28.651   28.761   -4.501    2.514    3.295   -4.501    2.514    8.284  -14.834  -11.316   18.721   10.207
 496.50   27.438   27.694   27.739   -3.756    1.588    2.438   -3.756    1.588    3.871   -9.157   -5.963   11.286    5.797
 496.60   26.469   26.751   26.901   -3.877    2.840    1.469   -3.877    2.840    4.170   -5.694  -11.011   12.627    6.539
 496.70   27.085   27.360   27.492   -3.869    2.693    2.085   -3.869    2.693    5.615   -8.067  -10.418   13.284    7.162
 496.80   25.909   26.071   26.160   -2.901    2.163    0.909   -2.901    2.163    1.966   -2.636   -6.276    6.961    3.543
 496.90   25.274   25.295   25.319   -1.039    1.084    0.274   -1.039    1.084    0.297   -0.285   -1.126    1.165    0.600
 497.00   25.459   25.496   25.513   -1.378    0.923    0.459   -1.378    0.923    0.423   -0.633   -1.271    1.481    0.741
 497.10   24.738   24.751   24.780   -0.788    1.190   -0.262   -0.788    1.190   -0.311    0.206   -0.938    1.053    0.505
 497.20   24.893   24.898   24.923    0.469    1.131   -0.107    0.469    1.131   -0.121   -0.050    0.531    0.756    0.273
 497.30   25.196   25.201   25.253   -0.521    1.612    0.196   -0.521    1.612    0.316   -0.102   -0.839    1.453    0.451
 497.40   24.421   24.521   24.851   -2.208    4.040   -0.579   -2.208    4.040   -2.339    1.278   -8.921   10.767    4.655
 497.50   24.780   25.030   25.363   -3.535    4.092   -0.220   -3.535    4.092   -0.902    0.779  -14.467   14.646    7.258
 497.60   24.925   25.042   25.224   -2.418    3.026   -0.075   -2.418    3.026   -0.227    0.182   -7.317    7.505    3.661
 497.70   25.039   25.073   25.148   -1.306    1.942    0.039   -1.306    1.942    0.076   -0.051   -2.536    2.739    1.269
 497.80   24.195   24.343   24.359   -2.683   -0.886   -0.805   -2.683   -0.886    0.714    2.161    2.377    4.317    1.646
 497.90   24.216   24.542   24.545   -3.990   -0.353   -0.784   -3.990   -0.353    0.277    3.128    1.407    8.328    1.721
 498.00   25.312   25.774   25.775   -4.862   -0.129    0.312   -4.862   -0.129   -0.040   -1.515    0.625   11.877    0.820
 498.10   24.871   25.080   25.080   -3.233    0.034   -0.129   -3.233    0.034   -0.004    0.419   -0.109    5.235    0.216
 498.20   24.948   25.260   25.306   -3.955   -1.526   -0.052   -3.955   -1.526    0.079    0.205    6.036    8.987    3.020
 498.30   24.657   25.001   25.017   -4.133   -0.913   -0.343   -4.133   -0.913    0.313    1.419    3.772    9.017    2.021
 498.40   24.293   24.436   24.437   -2.634    0.273   -0.707   -2.634    0.273   -0.193    1.861   -0.719    3.756    1.002
 498.50   23.367   23.499   23.503   -2.488   -0.424   -1.633   -2.488   -0.424    0.693    4.063    1.055    4.518    2.127
 498.60   23.102   23.404   23.407   -3.750   -0.374   -1.898   -3.750   -0.374    0.710    7.119    1.404    8.904    3.645
 498.70   23.728   23.904   23.908   -2.893   -0.475   -1.272   -2.893   -0.475    0.604    3.680    1.373    5.106    1.987
 498.80   27.312   27.624   27.631   -4.140    0.636    2.312   -4.140    0.636    1.471   -9.570   -2.634   11.443    5.017
 498.90   27.429   27.869   27.875   -4.933   -0.581    2.429   -4.933   -0.581   -1.410  -11.982    2.864   15.287    6.200
 499.00   27.490   28.177   28.194   -6.184   -0.980    2.490   -6.184   -0.980   -2.441  -15.400    6.062   22.703    8.365
 499.10   26.968   27.576   27.578   -5.758    0.361    1.968   -5.758    0.361    0.711  -11.330   -2.080   18.577    5.771
 499.20   27.082   27.472   27.497   -4.613   -1.173    2.082   -4.613   -1.173   -2.443   -9.602    5.412   13.493    5.645
 499.30   27.981   28.090   28.098   -2.465   -0.683    2.981   -2.465   -0.683   -2.035   -7.350    1.683    7.716    3.905
 499.40   27.332   27.588   27.591   -3.754   -0.373    2.332   -3.754   -0.373   -0.869   -8.754    1.400    9.835    4.454
 499.50   27.849   28.594   28.598   -6.485    0.513    2.849   -6.485    0.513    1.461  -18.474   -3.326   25.217    9.414
 499.60   27.868   28.699   28.699   -6.853    0.233    2.868   -6.853    0.233    0.667  -19.657   -1.594   27.625    9.866
 499.70   27.834   28.285   28.307   -5.032    1.108    2.834   -5.032    1.108    3.139  -14.260   -5.575   17.290    7.815
 499.80   27.904   28.195   28.200   -4.039    0.555    2.904   -4.039    0.555    1.612  -11.729   -2.242   12.527    6.025
 499.90   28.437   28.901   28.917   -5.161    0.965    3.437   -5.161    0.965    3.317  -17.737   -4.981   19.689    9.359
 500.00   28.491   29.249   29.285   -6.617    1.442    3.491   -6.617    1.442    5.034  -23.098   -9.542   29.025   12.747
 500.10   29.376   29.842   29.843   -5.253    0.199    4.376   -5.253    0.199    0.870  -22.987   -1.044   23.391   11.513
 500.20   28.822   29.321   29.328   -5.386    0.648    3.822   -5.386    0.648    2.477  -20.588   -3.491   22.022   10.514
 500.30   28.965   29.348   29.352   -4.731   -0.425    3.965   -4.731   -0.425   -1.684  -18.758    2.010   19.142    9.470
 500.40   29.274   29.681   29.692   -4.903   -0.774    4.274   -4.903   -0.774   -3.309  -20.955    3.796   21.453   10.776
 500.50   29.641   30.145   30.147   -5.487    0.333    4.641   -5.487    0.333    1.545  -25.467   -1.826   25.881   12.790
 500.60   31.604   31.895   31.896   -4.302    0.155    6.604   -4.302    0.155    1.022  -28.411   -0.666   31.072   14.219
 500.70   31.663   31.941   31.943   -4.209    0.331    6.663   -4.209    0.331    2.208  -28.041   -1.395   31.107   14.081
 500.80   30.920   31.136   31.142   -3.657    0.597    5.920   -3.657    0.597    3.536  -21.654   -2.185   24.393   11.025
 500.90   31.076   31.385   31.386   -4.393   -0.328    6.076   -4.393   -0.328   -1.992  -26.692    1.441   28.161   13.403
 501.00   29.891   30.117   30.166   -3.681   -1.725    4.891   -3.681   -1.725   -8.435  -18.005    6.349   20.224   10.436
 501.10   28.520   28.695   28.853   -3.165   -3.016    3.520   -3.165   -3.016  -10.617  -11.141    9.544   15.751    9.054
 501.20   28.199   28.455   28.487   -3.805   -1.359    3.199   -3.805   -1.359   -4.347  -12.172    5.169   13.278    6.960
 501.30   30.024   30.209   30.229   -3.339   -1.093    5.024   -3.339   -1.093   -5.489  -16.775    3.648   18.791    9.012
 501.40   30.965   31.145   31.170   -3.346   -1.257    5.965   -3.346   -1.257   -7.496  -19.955    4.204   24.174   10.863
 501.50   30.815   31.074   31.109   -4.009   -1.461    5.815   -4.009   -1.461   -8.494  -23.310    5.856   26.008   12.746
 501.60   31.064   31.228   31.244   -3.197   -0.998    6.064   -3.197   -0.998   -6.049  -19.384    3.189   23.991   10.278
 501.70   31.364   31.405   31.406   -1.618   -0.116    6.364   -1.618   -0.116   -0.741  -10.295    0.188   21.563    5.162
 501.80   30.760   30.811   30.819   -1.778   -0.705    5.760   -1.778   -0.705   -4.060  -10.242    1.253   18.417    5.544
 501.90   30.306   30.374   30.374   -2.034   -0.125    5.306   -2.034   -0.125   -0.663  -10.790    0.254   16.152    5.407
 502.00   29.136   29.238   29.239   -2.445   -0.167    4.136   -2.445   -0.167   -0.692  -10.114    0.409   11.557    5.073
 502.10   29.576   29.637   29.673   -1.905   -1.472    4.576   -1.905   -1.472   -6.734   -8.719    2.805   13.366    5.684
 502.20   29.362   29.376   29.376   -0.883   -0.013    4.362   -0.883   -0.013   -0.058   -3.852    0.012    9.904    1.926
 502.30   29.731   29.760   29.760   -1.311    0.024    4.731   -1.311    0.024    0.113   -6.203   -0.031   12.051    3.102
 502.40   30.874   31.080   31.097   -3.577   -1.022    5.874   -3.577   -1.022   -6.002  -21.009    3.655   24.169   11.076
 502.50   31.199   31.449   31.479   -3.958   -1.391    6.199   -3.958   -1.391   -8.623  -24.532    5.506   28.011   13.290
 502.60   30.185   30.286   30.377   -2.474   -2.352    5.185   -2.474   -2.352  -12.196  -12.827    5.819   19.268    9.316
 502.70   28.885   29.214   29.243   -4.373   -1.309    3.885   -4.373   -1.309   -5.084  -16.987    5.722   17.962    9.316
 502.80   30.134   30.552   30.564   -5.037   -0.849    5.134   -5.037   -0.849   -4.356  -25.859    4.274   26.223   13.285
 502.90   29.588   30.171   30.179   -5.906    0.685    4.588   -5.906    0.685    3.143  -27.093   -4.046   28.197   13.787
 503.00   29.534   29.801   29.840   -3.985    1.520    4.534   -3.985    1.520    6.893  -18.067   -6.059   19.373   10.132
 503.10   28.280   28.398   28.426   -2.591    1.259    3.280   -2.591    1.259    4.131   -8.496   -3.263    9.527    4.997
 503.20   28.999   29.293   29.309   -4.139    0.962    3.999   -4.139    0.962    3.845  -16.551   -3.979   17.023    8.726
 503.30   28.705   29.197   29.199   -5.336   -0.396    3.705   -5.336   -0.396   -1.469  -19.769    2.115   21.178    9.968
 503.40   26.349   26.577   26.628   -3.472   -1.648    1.349   -3.472   -1.648   -2.223   -4.684    5.722    8.296    3.861
 503.50   26.314   26.579   26.581   -3.743   -0.268    1.314   -3.743   -0.268   -0.352   -4.920    1.002    7.905    2.517
 503.60   25.934   26.037   26.066   -2.312   -1.242    0.934   -2.312   -1.242   -1.160   -2.159    2.871    3.879    1.887
 503.70   25.311   25.411   25.411   -2.250    0.083    0.311   -2.250    0.083    0.026   -0.699   -0.186    2.584    0.362
 503.80   24.792   24.871   24.880   -1.988    0.651   -0.208   -1.988    0.651   -0.136    0.414   -1.293    2.208    0.682
 503.90   24.431   24.570   24.570   -2.604   -0.041   -0.569   -2.604   -0.041    0.024    1.480    0.108    3.552    0.742
 504.00   25.100   25.221   25.227   -2.474   -0.543    0.100   -2.474   -0.543   -0.054   -0.246    1.344    3.214    0.684
 504.10   25.703   25.775   25.776   -1.927   -0.271    0.703   -1.927   -0.271   -0.190   -1.354    0.522    2.140    0.732
 504.20   26.301   26.357   26.368   -1.717   -0.749    1.301   -1.717   -0.749   -0.975   -2.235    1.287    2.602    1.378
 504.30   26.267   26.364   26.379   -2.265   -0.893    1.267   -2.265   -0.893   -1.131   -2.869    2.022    3.766    1.844
 504.40   27.214   27.469   27.469   -3.732    0.141    2.214   -3.732    0.141    0.313   -8.262   -0.528    9.423    4.142
 504.50   26.922   27.044   27.052   -2.574    0.620    1.922   -2.574    0.620    1.190   -4.946   -1.595    5.351    2.666
 504.60   26.807   26.809   26.886    0.351    2.024    1.807    0.351    2.024    3.658    0.634    0.710    3.743    1.890
 504.70   26.100   26.163   26.222    1.808    1.753    1.100    1.808    1.753    1.928    1.990    3.169    3.776    2.105
 504.80   26.539   26.544   26.583   -0.533    1.441    1.539   -0.533    1.441    2.218   -0.820   -0.768    2.365    1.243
 504.90   27.106   27.185   27.210   -2.072    1.153    2.106   -2.072    1.153    2.428   -4.364   -2.388    5.029    2.768
 505.00   27.830   27.892   27.960   -1.865    1.946    2.830   -1.865    1.946    5.505   -5.277   -3.628    7.635    4.222
 505.10   28.636   28.675   28.746   -1.505    2.020    3.636   -1.505    2.020    7.345   -5.470   -3.040    9.782    4.825
 505.20   27.648   27.842   27.934   -3.281    2.253    2.648   -3.281    2.253    5.967   -8.691   -7.393   11.429    6.438
 505.30   27.413   27.439   27.445   -1.209    0.551    2.413   -1.209    0.551    1.330   -2.916   -0.666    3.793    1.637
 505.40   25.512   25.512   25.514   -0.100   -0.292    0.512   -0.100   -0.292   -0.149   -0.051    0.029    0.178    0.080
 505.50   25.600   25.613   25.613   -0.821   -0.014    0.600   -0.821   -0.014   -0.008   -0.493    0.011    0.517    0.246
 505.60   24.533   24.563   24.598   -1.219    1.310   -0.467   -1.219    1.310   -0.612    0.570   -1.597    1.710    0.901
 505.70   25.432   25.486   25.584   -1.665    2.240    0.432   -1.665    2.240    0.967   -0.719   -3.729    3.988    1.960
 505.80   26.654   26.695   26.866   -1.471    3.027    1.654   -1.471    3.027    5.008   -2.433   -4.453    7.033    3.565
 505.90   25.484   25.508   25.592   -1.108    2.072    0.484   -1.108    2.072    1.003   -0.536   -2.295    2.876    1.281
 506.00   25.618   25.679   25.747   -1.764    1.865    0.618   -1.764    1.865    1.153   -1.091   -3.288    3.485    1.826
 506.10   26.125   26.126   26.244   -0.085    2.496    1.125   -0.085    2.496    2.808   -0.095   -0.212    3.751    1.409
 506.20   26.968   27.077   27.082   -2.421    0.528    1.968   -2.421    0.528    1.038   -4.765   -1.278    5.007    2.521
 506.30   27.333   27.580   27.592   -3.686   -0.800    2.333   -3.686   -0.800   -1.866   -8.599    2.947    9.833    4.640
 506.40   28.242   28.436   28.460   -3.319   -1.178    3.242   -3.319   -1.178   -3.820  -10.759    3.911   11.456    6.034
 506.50   27.550   27.775   27.778   -3.527    0.411    2.550   -3.527    0.411    1.047   -8.993   -1.449    9.555    4.584
 506.60   27.602   27.672   27.672   -1.967   -0.056    2.602   -1.967   -0.056   -0.147   -5.118    0.111    5.321    2.561
 506.70   26.121   26.162   26.191   -1.472    1.223    1.121   -1.472    1.223    1.371   -1.649   -1.800    2.459    1.400
 506.80   25.411   25.413   25.415   -0.337    0.308    0.411   -0.337    0.308    0.126   -0.138   -0.104    0.189    0.107
 506.90   23.838   23.839   23.849   -0.261    0.680   -1.162   -0.261    0.680   -0.790    0.303   -0.177    0.941    0.432
 507.00   22.374   22.425   22.430   -1.500   -0.484   -2.626   -1.500   -0.484    1.271    3.939    0.726    4.689    2.101
 507.10   23.311   23.339   23.339   -1.132    0.023   -1.689   -1.132    0.023   -0.039    1.912   -0.026    2.067    0.956
 507.20   24.263   24.310   24.316   -1.519    0.551   -0.737   -1.519    0.551   -0.406    1.120   -0.837    1.578    0.728
 507.30   22.697   22.714   22.735   -0.873    0.983   -2.303   -0.873    0.983   -2.262    2.009   -0.857    3.515    1.572
 507.40   22.426   22.542   22.598   -2.285    1.590   -2.574   -2.285    1.590   -4.093    5.881   -3.634    7.187    4.017
 507.50   22.989   23.114   23.283   -2.395    2.808   -2.011   -2.395    2.808   -5.646    4.816   -6.725    8.832    5.007
 507.60   23.432   23.474   23.944   -1.403    4.721   -1.568   -1.403    4.721   -7.402    2.200   -6.625   13.359    5.087
 507.70   22.907   22.915   23.094   -0.625    2.867   -2.093   -0.625    2.867   -6.002    1.308   -1.791    6.496    3.199
 507.80   23.024   23.165   23.294   -2.554    2.448   -1.976   -2.554    2.448   -4.836    5.045   -6.251    8.208    4.688
 507.90   20.922   21.161   21.323   -3.167    2.627   -4.078   -3.167    2.627  -10.711   12.914   -8.319   16.779    9.364
 508.00   22.099   22.158   22.442   -1.616    3.557   -2.901   -1.616    3.557  -10.320    4.688   -5.749   11.841    6.355
 508.10   21.191   21.429   21.530   -3.184    2.090   -3.809   -3.184    2.090   -7.962   12.128   -6.655   14.508    7.981
 508.20   19.369   19.457   19.514   -1.847    1.490   -5.631   -1.847    1.490   -8.388   10.399   -2.751   18.667    6.821
 508.30   20.352   20.411   20.443   -1.552    1.136   -4.648   -1.552    1.136   -5.278    7.214   -1.762   12.651    4.555
 508.40   20.923   20.986   21.032   -1.626    1.383   -4.077   -1.626    1.383   -5.639    6.628   -2.249   10.589    4.494
 508.50   21.297   21.433   21.444   -2.410    0.685   -3.703   -2.410    0.685   -2.537    8.925   -1.652    9.994    4.712
 508.60   21.690   21.838   21.900   -2.536   -1.646   -3.310   -2.536   -1.646    5.447    8.392    4.173   10.046    5.420
 508.70   21.981   22.140   22.202   -2.654   -1.650   -3.019   -2.654   -1.650    4.982    8.012    4.379    9.440    5.200
 508.80   21.966   22.320   22.387   -3.956   -1.731   -3.034   -3.956   -1.731    5.250   12.001    6.846   13.924    7.390
 508.90   21.556   21.757   21.826   -2.948   -1.734   -3.444   -2.948   -1.734    5.972   10.152    5.112   11.778    6.420
 509.00   22.328   22.615   22.703   -3.589   -1.996   -2.672   -3.589   -1.996    5.331    9.589    7.162   12.001    6.551
 509.10   23.512   23.784   23.927   -3.586   -2.613   -1.488   -3.586   -2.613    3.888    5.334    9.370   10.949    5.731
 509.20   23.869   24.034   24.083   -2.806   -1.534   -1.131   -2.806   -1.534    1.735    3.172    4.306    5.753    2.811
 509.30   25.294   25.541   25.547   -3.542   -0.570    0.294   -3.542   -0.570   -0.168   -1.041    2.020    6.478    1.139
 509.40   23.607   24.042   24.043   -4.553   -0.185   -1.393   -4.553   -0.185    0.257    6.341    0.840   11.350    3.201
 509.50   22.821   23.041   23.042   -3.178    0.177   -2.179   -3.178    0.177   -0.385    6.926   -0.561    7.441    3.480
 509.60   22.320   22.510   22.514   -2.917   -0.447   -2.680   -2.917   -0.447    1.199    7.817    1.304    7.945    4.007
 509.70   24.004   24.239   24.256   -3.370   -0.895   -0.996   -3.370   -0.895    0.891    3.357    3.015    6.575    2.300
 509.80   23.969   24.333   24.394   -4.188   -1.737   -1.031   -4.188   -1.737    1.790    4.317    7.275   10.811    4.323
 509.90   23.807   23.988   24.046   -2.937   -1.666   -1.193   -2.937   -1.666    1.987    3.502    4.892    6.411    3.168
 510.00   24.590   24.803   24.906   -3.249   -2.257   -0.410   -3.249   -2.257    0.926    1.333    7.335    7.911    3.756
 510.10   24.568   24.708   24.755   -2.619   -1.525   -0.432   -2.619   -1.525    0.658    1.130    3.994    4.685    2.101
 510.20   24.825   24.859   24.987   -1.287   -2.528   -0.175   -1.287   -2.528    0.442    0.225    3.255    4.040    1.646
 510.30   24.632   24.655   24.758   -1.063   -2.259   -0.368   -1.063   -2.259    0.832    0.391    2.401    3.185    1.285
 510.40   25.121   25.148   25.258   -1.162   -2.354    0.121   -1.162   -2.354   -0.284   -0.140    2.736    3.453    1.377
 510.50   24.944   24.944   25.090   -0.021   -2.704   -0.056   -0.021   -2.704    0.152    0.001    0.057    3.658    0.081
 510.60   24.168   24.170   24.399    0.342   -3.331   -0.832    0.342   -3.331    2.771   -0.284   -1.138    5.951    1.505
 510.70   24.856   24.892   25.020    1.350   -2.521   -0.144    1.350   -2.521    0.363   -0.195   -3.404    4.100    1.714
 510.80   23.838   23.868   24.057    1.190   -3.009   -1.162    1.190   -3.009    3.496   -1.383   -3.581    5.910    2.596
 510.90   23.437   23.451   23.451    0.797   -0.136   -1.563    0.797   -0.136    0.213   -1.245   -0.108    1.548    0.634
 511.00   24.054   24.102   24.105    1.519    0.389   -0.946    1.519    0.389   -0.367   -1.437    0.590    1.677    0.798
 511.10   24.612   24.878   24.883    3.627    0.502   -0.388    3.627    0.502   -0.195   -1.407    1.822    6.780    1.155
 511.20   26.282   26.404   26.431    2.533    1.208    1.282    2.533    1.208    1.548    3.247    3.059    4.758    2.361
 511.30   25.979   26.020   26.033    1.469    0.814    0.979    1.469    0.814    0.797    1.438    1.195    1.889    1.016
 511.40   24.269   24.296   24.437    1.151    2.617   -0.731    1.151    2.617   -1.914   -0.841    3.012    4.355    1.833
 511.50   23.212   23.217   23.220    0.499   -0.358   -1.788    0.499   -0.358    0.641   -0.892   -0.179    1.788    0.556
 511.60   22.209   22.234   22.294    1.072   -1.629   -2.791    1.072   -1.629    4.548   -2.993   -1.747    5.798    2.859
 511.70   19.856   19.905   20.043    1.396   -2.343   -5.144    1.396   -2.343   12.053   -7.179   -3.271   16.948    7.203
 511.80   19.323   19.324   19.407    0.166   -1.799   -5.677    0.166   -1.799   10.212   -0.941   -0.298   17.745    5.130
 511.90   20.904   20.906   21.050   -0.265   -2.457   -4.096   -0.265   -2.457   10.064    1.085    0.651   11.442    5.072
 512.00   22.368   22.372   22.520    0.432   -2.578   -2.632    0.432   -2.578    6.786   -1.136   -1.112    6.880    3.485
 512.10   23.986   23.988   24.063   -0.279   -1.908   -1.014   -0.279   -1.908    1.935    0.282    0.532    2.374    1.013
 512.20   23.029   23.030   23.049    0.196   -0.936   -1.971    0.196   -0.936    1.845   -0.386   -0.183    2.399    0.947
 512.30   22.242   22.250   22.261   -0.574   -0.707   -2.758   -0.574   -0.707    1.949    1.582    0.405    4.217    1.271
 512.40   22.900   22.935   23.030   -1.270   -2.086   -2.100   -1.270   -2.086    4.381    2.667    2.650    5.187    2.886
 512.50   23.442   23.461   23.461   -0.952   -0.118   -1.558   -0.952   -0.118    0.183    1.483    0.112    1.674    0.749
 512.60   24.177   24.241   24.253   -1.756    0.765   -0.823   -1.756    0.765   -0.630    1.446   -1.344    2.174    1.036
 512.70   23.644   23.676   23.701   -1.249    1.083   -1.356   -1.249    1.083   -1.469    1.694   -1.352    2.286    1.309
 512.80   23.618   23.636   23.637   -0.923    0.223   -1.382   -0.923    0.223   -0.308    1.276   -0.206    1.406    0.664
 512.90   24.172   24.267   24.293   -2.146   -1.133   -0.828   -2.146   -1.133    0.939    1.778    2.433    3.289    1.578
 513.00   23.389   23.754   23.802   -4.148   -1.503   -1.611   -4.148   -1.503    2.422    6.682    6.236   11.031    4.728
 513.10   24.085   24.193   24.239   -2.285   -1.492   -0.915   -2.285   -1.492    1.365    2.090    3.409    4.142    2.113
 513.20   24.441   24.478   24.617   -1.349   -2.614   -0.559   -1.349   -2.614    1.463    0.755    3.526    4.484    1.946
 513.30   25.357   25.422   25.501   -1.819   -2.004    0.357   -1.819   -2.004   -0.716   -0.650    3.645    3.726    1.886
 513.40   26.969   26.971   26.993    0.343   -1.090    1.969    0.343   -1.090   -2.146    0.676   -0.374    2.591    1.141
 513.50   26.899   26.900   26.904    0.248   -0.433    1.899    0.248   -0.433   -0.822    0.470   -0.107    1.928    0.477
 513.60   26.221   26.248   26.251    1.197   -0.395    1.221    1.197   -0.395   -0.482    1.461   -0.473    1.539    0.805
 513.70   25.558   25.634   25.639    1.978   -0.484    0.558    1.978   -0.484   -0.270    1.103   -0.958    2.229    0.743
 513.80   27.094   27.154   27.154    1.801    0.112    2.094    1.801    0.112    0.234    3.771    0.201    3.821    1.892
 513.90   26.609   26.653   26.699    1.528   -1.576    1.609    1.528   -1.576   -2.535    2.458   -2.407    3.702    2.136
 514.00   28.514   28.561   28.587    1.648   -1.206    3.514    1.648   -1.206   -4.238    5.789   -1.987    8.257    3.722
 514.10   28.850   28.867   28.869    0.994   -0.311    3.850    0.994   -0.311   -1.198    3.826   -0.309    7.953    2.010
 514.20   28.373   28.449   28.472    2.081    1.137    3.373    2.081    1.137    3.835    7.021    2.366    8.501    4.171
 514.30   28.361   28.403   28.421    1.526    1.035    3.361    1.526    1.035    3.481    5.131    1.581    7.351    3.199
 514.40   27.290   27.297   27.297    0.624   -0.024    2.290    0.624   -0.024   -0.056    1.430   -0.015    2.818    0.715
 514.50   28.981   28.982   28.986   -0.117   -0.500    3.981   -0.117   -0.500   -1.991   -0.468    0.059    8.058    1.023
 514.60   27.874   27.875   27.881    0.238    0.557    2.874    0.238    0.557    1.601    0.684    0.133    4.313    0.873
 514.70   27.967   27.971   27.982    0.431   -0.799    2.967    0.431   -0.799   -2.371    1.278   -0.344    4.815    1.358
 514.80   29.294   29.333   29.333    1.510    0.126    4.294    1.510    0.126    0.543    6.483    0.191   10.368    3.254
 514.90   29.129   29.161   29.162    1.361   -0.305    4.129    1.361   -0.305   -1.257    5.618   -0.414    9.496    2.886
 515.00   28.578   28.594   28.594    0.965    0.073    3.578    0.965    0.073    0.260    3.452    0.070    6.869    1.731
 515.10   27.991   28.052   28.065    1.849    0.829    2.991    1.849    0.829    2.479    5.532    1.533    6.527    3.126
 515.20   25.727   25.842   25.855    2.431    0.825    0.727    2.431    0.825    0.600    1.767    2.007    3.560    1.370
 515.30   27.618   27.733   27.785    2.521    1.710    2.618    2.521    1.710    4.476    6.599    4.311    8.066    4.532
 515.40   30.041   30.212   30.224    3.208    0.844    5.041    3.208    0.844    4.253   16.175    2.707   18.211    8.471
 515.50   30.094   30.245   30.284    3.017    1.554    5.094    3.017    1.554    7.917   15.366    4.689   18.731    8.955
 515.60   29.694   29.826   29.864    2.804    1.509    4.694    2.804    1.509    7.084   13.162    4.233   16.086    7.768
 515.70   28.956   28.979   28.986    1.168    0.632    3.956    1.168    0.632    2.498    4.620    0.738    8.705    2.652
 515.80   27.547   27.557   27.567    0.736    0.734    2.547    0.736    0.734    1.869    1.874    0.540    3.784    1.351
 515.90   27.938   27.938   27.960   -0.052   -1.104    2.938   -0.052   -1.104   -3.244   -0.152    0.057    4.928    1.624
 516.00   28.059   28.059   28.060    0.026   -0.190    3.059    0.026   -0.190   -0.580    0.079   -0.005    4.699    0.293
 516.10   29.950   29.959   30.003   -0.721   -1.623    4.950   -0.721   -1.623   -8.037   -3.569    1.170   13.830    4.435
 516.20   29.967   29.974   29.974    0.648    0.021    4.967    0.648    0.021    0.103    3.216    0.013   12.545    1.609
 516.30   29.565   29.645   29.658    2.185    0.848    4.565    2.185    0.848    3.872    9.973    1.853   13.165    5.429
 516.40   31.232   31.275   31.282    1.639   -0.670    6.232    1.639   -0.670   -4.175   10.216   -1.098   20.985    5.545
 516.50   31.874   31.875   31.880    0.175   -0.548    6.874    0.175   -0.548   -3.764    1.204   -0.096   23.794    1.977
 516.60   31.292   31.300   31.327   -0.709   -1.288    6.292   -0.709   -1.288   -8.107   -4.458    0.913   20.878    4.648
 516.70   30.869   30.915   30.949    1.698   -1.446    5.869    1.698   -1.446   -8.485    9.967   -2.456   19.708    6.659
 516.80   31.507   31.549   31.565    1.637   -1.005    6.507    1.637   -1.005   -6.540   10.650   -1.645   23.013    6.303
 516.90   30.976   30.982   30.993    0.599    0.820    5.976    0.599    0.820    4.898    3.582    0.491   18.372    3.044
 517.00   32.888   32.888   32.896    0.132    0.737    7.888    0.132    0.737    5.816    1.040    0.097   31.390    2.955
 517.10   33.773   33.777   33.777   -0.486    0.085    8.773   -0.486    0.085    0.744   -4.260   -0.041   38.604    2.162
 517.20   34.414   34.415   34.429   -0.190   -0.985    9.414   -0.190   -0.985   -9.271   -1.793    0.188   44.817    4.722
 517.30   33.370   33.422   33.423   -1.852    0.353    8.370   -1.852    0.353    2.955  -15.502   -0.654   36.808    7.898
 517.40   33.739   33.749   33.766   -0.824    1.060    8.739   -0.824    1.060    9.265   -7.201   -0.874   39.089    5.883
 517.50   32.726   32.726   32.746    0.141    1.130    7.726    0.141    1.130    8.733    1.088    0.159   30.494    4.401
 517.60   31.783   31.786   31.791    0.487    0.515    6.783    0.487    0.515    3.494    3.301    0.251   23.254    2.407
 517.70   32.289   32.294   32.296    0.570    0.325    7.289    0.570    0.325    2.368    4.158    0.185   26.779    2.394
 517.80   31.739   31.739   31.739    0.019   -0.169    6.739    0.019   -0.169   -1.141    0.127   -0.003   22.720    0.574
 517.90   31.118   31.123   31.126   -0.606   -0.417    6.118   -0.606   -0.417   -2.552   -3.707    0.253   18.983    2.254
 518.00   31.848   31.866   31.877   -1.050    0.864    6.848   -1.050    0.864    5.914   -7.191   -0.907   24.374    4.677
 518.10   31.657   31.658   31.716    0.333    1.918    6.657    0.333    1.918   12.766    2.214    0.638   24.050    6.486
 518.20   30.821   30.856   30.936    1.464    2.222    5.821    1.464    2.222   12.933    8.524    3.253   20.484    7.914
 518.30   31.007   31.063   31.123    1.865    1.931    6.007    1.865    1.931   11.600   11.202    3.601   21.646    8.261
 518.40   31.939   32.270   32.311    4.611    1.638    6.939    4.611    1.638   11.365   31.991    7.552   36.042   17.390
 518.50   30.453   30.733   30.735    4.144    0.328    5.453    4.144    0.328    1.788   22.596    1.359   23.506   11.354
 518.60   30.661   30.934   31.005    4.102    2.098    5.661    4.102    2.098   11.878   23.223    8.608   26.638   13.734
 518.70   30.730   31.016   31.055    4.206    1.547    5.730    4.206    1.547    8.861   24.100    6.505   26.456   13.244
 518.80   30.396   30.575   30.584    3.306    0.753    5.396    3.306    0.753    4.061   17.838    2.489   20.304    9.231
 518.90   29.747   30.278   30.365    5.646    2.295    4.747    5.646    2.295   10.895   26.798   12.958   29.836   15.849
 519.00   30.555   31.163   31.217    6.122    1.844    5.555    6.122    1.844   10.246   34.011   11.291   35.872   18.636
 519.10   30.208   30.964   30.969    6.799    0.570    5.208    6.799    0.570    2.970   35.412    3.878   36.841   17.874
 519.20   30.755   31.280   31.296    5.705   -0.993    5.755    5.705   -0.993   -5.716   32.833   -5.666   33.327   16.902
 519.30   32.309   33.233   33.244    7.784   -0.841    7.309    7.784   -0.841   -6.150   56.893   -6.550   57.360   28.799
 519.40   30.485   31.912   31.927    9.434   -0.994    5.485    9.434   -0.994   -5.453   51.749   -9.379   60.037   26.437
 519.50   30.001   31.663   31.671   10.123   -0.691    5.001   10.123   -0.691   -3.457   50.627   -6.997   63.982   25.613
 519.60   30.716   31.862   31.863    8.467   -0.282    5.716    8.467   -0.282   -1.613   48.398   -2.390   52.222   24.242
 519.70   31.529   32.684   32.711    8.611   -1.318    6.529    8.611   -1.318   -8.606   56.226  -11.350   59.262   29.001
 519.80   30.809   31.516   31.518    6.638   -0.337    5.809    6.638   -0.337   -1.956   38.561   -2.235   38.961   19.337
 519.90   29.901   30.827   30.828    7.497    0.291    4.901    7.497    0.291    1.425   36.744    2.180   40.158   18.418
 520.00   31.804   32.531   32.534    6.838    0.450    6.804    6.838    0.450    3.063   46.526    3.079   46.628   23.364
 520.10   30.570   31.101   31.111    5.718    0.788    5.570    5.718    0.788    4.388   31.854    4.505   32.175   16.234
 520.20   29.925   30.492   30.493    5.849   -0.276    4.925    5.849   -0.276   -1.359   28.810   -1.614   29.274   14.443
 520.30   31.587   32.579   32.580    7.981   -0.162    6.587    7.981   -0.162   -1.069   52.566   -1.295   53.551   26.297
 520.40   30.636   31.090   31.098    5.289   -0.721    5.636    5.289   -0.721   -4.063   29.813   -3.813   30.133   15.165
 520.50   31.138   31.320   31.320    3.375   -0.121    6.138    3.375   -0.121   -0.742   20.713   -0.408   24.537   10.365
 520.60   30.168   30.272   30.272    2.505    0.015    5.168    2.505    0.015    0.079   12.944    0.038   16.491    6.472
 520.70   30.729   30.879   30.881    3.036   -0.407    5.729    3.036   -0.407   -2.331   17.395   -1.235   21.103    8.797
 520.80   30.091   30.194   30.307    2.497   -2.608    5.091    2.497   -2.608  -13.275   12.712   -6.511   19.475    9.749
 520.90   30.939   31.106   31.210    3.221   -2.544    5.939    3.221   -2.544  -15.108   19.128   -8.194   26.057   12.858
 521.00   32.162   32.307   32.446    3.056   -3.008    7.162    3.056   -3.008  -21.544   21.885   -9.193   34.840   16.028
 521.10   32.776   33.042   33.316    4.190   -4.261    7.776    4.190   -4.261  -33.135   32.580  -17.855   48.088   24.891
 521.20   31.844   32.407   32.674    6.013   -4.170    6.844    6.013   -4.170  -28.537   41.153  -25.071   50.191   28.002
 521.30   32.891   33.524   33.647    6.485   -2.871    7.891    6.485   -2.871  -22.655   51.172  -18.619   56.282   29.489
 521.40   33.016   33.575   33.686    6.098   -2.739    8.016    6.098   -2.739  -21.955   48.883  -16.700   54.474   28.064
 521.50   32.941   33.556   33.579    6.397   -1.229    7.941    6.397   -1.229   -9.762   50.799   -7.865   52.746   26.161
 521.60   33.542   34.278   34.321    7.064   -1.719    8.542    7.064   -1.719  -14.682   60.342  -12.140   62.912   31.639
 521.70   34.877   35.536   35.574    6.814   -1.655    9.877    6.814   -1.655  -16.344   67.297  -11.276   73.356   35.082
 521.80   33.296   34.321   34.355    8.325   -1.529    8.296    8.325   -1.529  -12.688   69.063  -12.732   70.233   35.682
 521.90   30.388   31.292   31.330    7.467   -1.540    5.388    7.467   -1.540   -8.295   40.230  -11.496   43.575   21.327
 522.00   30.873   31.550   31.595    6.503   -1.679    5.873    6.503   -1.679   -9.860   38.190  -10.918   39.797   20.463
 522.10   30.945   31.655   31.727    6.671   -2.130    5.945    6.671   -2.130  -12.660   39.654  -14.207   42.185   21.992
 522.20   29.725   30.650   30.893    7.471   -3.867    4.725    7.471   -3.867  -18.272   35.304  -28.889   46.549   24.570
 522.30   29.431   29.946   30.208    5.529   -3.972    4.431    5.529   -3.972  -17.598   24.499  -21.962   32.990   18.656
 522.40   29.261   29.687   29.889    5.010   -3.472    4.261    5.010   -3.472  -14.795   21.349  -17.396   27.657   15.631
 522.50   29.060   29.381   29.541    4.330   -3.065    4.060    4.330   -3.065  -12.446   17.579  -13.271   22.313   12.650
 522.60   29.115   29.519   29.720    4.870   -3.445    4.115    4.870   -3.445  -14.175   20.040  -16.777   26.258   14.866
 522.70   28.912   29.265   29.335    4.534   -2.029    3.912    4.534   -2.029   -7.937   17.735   -9.199   19.987   10.749
 522.80   28.681   28.750   28.815    1.988   -1.935    3.681    1.988   -1.935   -7.124    7.317   -3.847   10.623    5.456
 522.90   29.397   29.501   29.546    2.469   -1.631    4.397    2.469   -1.631   -7.174   10.856   -4.028   14.046    6.811
 523.00   29.824   29.950   30.117    2.735   -3.172    4.824    2.735   -3.172  -15.305   13.196   -8.678   20.410   10.996
 523.10   29.646   29.670   29.838    1.195   -3.161    4.646    1.195   -3.161  -14.686    5.551   -3.777   16.501    8.074
 523.20   28.390   28.405   28.843   -0.939   -5.004    3.390   -0.939   -5.004  -16.962   -3.183    4.698   18.706    8.943
 523.30   26.648   26.649   26.889   -0.244   -3.584    1.648   -0.244   -3.584   -5.906   -0.402    0.874    7.811    2.992
 523.40   26.998   27.136   27.667    2.726   -5.397    1.998    2.726   -5.397  -10.784    5.448  -14.714   20.275    9.519
 523.50   26.286   26.407   26.931    2.528   -5.287    1.286    2.528   -5.287   -6.797    3.249  -13.364   17.999    7.671
 523.60   26.598   26.816   27.277    3.412   -4.994    1.598    3.412   -4.994   -7.978    5.452  -17.041   19.567    9.795
 523.70   27.243   27.308   27.496    1.882   -3.209    2.243    1.882   -3.209   -7.199    4.222   -6.040    9.437    5.151
 523.80   26.730   26.782   26.880    1.678   -2.289    1.730    1.678   -2.289   -3.959    2.903   -3.841    5.523    3.117
 523.90   27.101   27.104   27.172    0.445   -1.924    2.101    0.445   -1.924   -4.042    0.934   -0.856    4.156    2.118
 524.00   28.316   28.386   28.471    1.983   -2.208    3.316    1.983   -2.208   -7.321    6.577   -4.379    9.903    5.386
 524.10   28.766   28.851   28.874    2.210   -1.145    3.766    2.210   -1.145   -4.313    8.324   -2.531   10.190    4.855
 524.20   26.497   26.524   26.537   -1.188    0.841    1.497   -1.188    0.841    1.258   -1.778   -0.999    2.179    1.198
 524.30   25.093   25.096   25.106   -0.393    0.723    0.093   -0.393    0.723    0.067   -0.036   -0.284    0.343    0.147
 524.40   24.598   24.600   24.638   -0.315    1.359   -0.402   -0.315    1.359   -0.546    0.127   -0.429    1.054    0.353
 524.50   25.220   25.349   25.402   -2.554    1.650    0.220   -2.554    1.650    0.362   -0.561   -4.214    4.647    2.133
 524.60   24.310   24.427   24.428   -2.393    0.146   -0.690   -2.393    0.146   -0.101    1.651   -0.349    3.111    0.845
 524.70   24.195   24.210   24.226   -0.853   -0.885   -0.805   -0.853   -0.885    0.712    0.687    0.755    1.079    0.622
 524.80   24.283   24.425   24.427   -2.631   -0.315   -0.717   -2.631   -0.315    0.226    1.886    0.829    3.767    1.036
 524.90   24.412   24.720   24.773   -3.893   -1.613   -0.588   -3.893   -1.613    0.949    2.290    6.280    9.051    3.376
 525.00   23.985   24.120   24.208   -2.544   -2.070   -1.015   -2.544   -2.070    2.100    2.581    5.264    5.891    3.114
 525.10   24.201   24.239   24.274   -1.344   -1.304   -0.799   -1.344   -1.304    1.041    1.073    1.753    2.072    1.152
 525.20   23.238   23.327   23.328   -2.044   -0.171   -1.762   -2.044   -0.171    0.301    3.602    0.348    3.656    1.815
 525.30   23.191   23.422   23.424   -3.282    0.274   -1.809   -3.282    0.274   -0.496    5.937   -0.901    7.060    3.013
 525.40   23.224   23.421   23.424   -3.032    0.338   -1.776   -3.032    0.338   -0.601    5.384   -1.026    6.230    2.757
 525.50   23.059   23.248   23.352   -2.959    2.197   -1.941   -2.959    2.197   -4.263    5.742   -6.499    8.672    4.832
 525.60   22.964   23.097   23.109   -2.476    0.738   -2.036   -2.476    0.738   -1.502    5.041   -1.827    5.410    2.784
 525.70   22.581   22.868   22.869   -3.608    0.241   -2.419   -3.608    0.241   -0.583    8.728   -0.869    9.464    4.395
 525.80   23.568   23.912   23.912   -4.040    0.034   -1.432   -4.040    0.034   -0.049    5.784   -0.137    9.185    2.893
 525.90   24.769   25.113   25.138   -4.147   -1.118   -0.231   -4.147   -1.118    0.259    0.960    4.637    9.252    2.371
 526.00   25.470   25.661   25.664   -3.127   -0.410    0.470   -3.127   -0.410   -0.192   -1.468    1.282    5.084    0.979
 526.10   24.854   24.940   24.957   -2.061   -0.934   -0.146   -2.061   -0.934    0.136    0.301    1.926    2.572    0.977
 526.20   24.778   24.866   24.949   -2.089   -2.026   -0.222   -2.089   -2.026    0.449    0.463    4.232    4.258    2.140
 526.30   25.080   25.187   25.354   -2.318   -2.905    0.080   -2.318   -2.905   -0.232   -0.185    6.734    6.909    3.370
 526.40   23.021   23.455   23.527   -4.492   -1.834   -1.979   -4.492   -1.834    3.630    8.889    8.239   13.728    6.326
 526.50   23.080   23.578   23.650   -4.824   -1.844   -1.920   -4.824   -1.844    3.541    9.264    8.895   15.179    6.661
 526.60   23.330   23.465   23.468   -2.516   -0.325   -1.670   -2.516   -0.325    0.542    4.201    0.816    4.611    2.157
 526.70   22.642   22.953   22.957   -3.767   -0.442   -2.358   -3.767   -0.442    1.042    8.884    1.665    9.974    4.549
 526.80   20.940   20.970   21.037   -1.121   -1.674   -4.060   -1.121   -1.674    6.797    4.549    1.876   10.270    4.196
 526.90   20.470   20.501   20.587   -1.126   -1.878   -4.530   -1.126   -1.878    8.507    5.100    2.114   12.656    5.070
 527.00   21.597   21.598   21.775    0.151   -2.771   -3.403    0.151   -2.771    9.430   -0.513   -0.417    9.641    4.727
 527.10   20.977   20.978   21.028    0.257   -1.437   -4.023    0.257   -1.437    5.780   -1.032   -0.369    9.158    2.941
 527.20   22.292   22.326   22.514   -1.235   -2.903   -2.708   -1.235   -2.903    7.861    3.343    3.584    8.642    4.632
 527.30   22.399   22.403   22.592    0.424   -2.917   -2.601    0.424   -2.917    7.587   -1.103   -1.237    7.727    3.883
 527.40   21.922   22.073   22.339    2.577   -3.439   -3.078    2.577   -3.439   10.586   -7.934   -8.863   13.972    7.962
 527.50   22.736   22.914   22.978    2.849   -1.726   -2.264    2.849   -1.726    3.908   -6.451   -4.918    8.112    4.502
 527.60   22.343   22.625   22.694    3.563   -1.764   -2.657    3.563   -1.764    4.686   -9.469   -6.284   11.435    6.146
 527.70   21.769   22.088   22.113    3.741   -1.036   -3.231    3.741   -1.036    3.346  -12.086   -3.874   12.753    6.563
 527.80   21.442   22.080   22.080    5.270   -0.005   -3.558    5.270   -0.005    0.018  -18.751   -0.027   20.216    9.375
 527.90   23.014   23.308   23.339    3.690   -1.191   -1.986    3.690   -1.191    2.365   -7.327   -4.394    9.488    4.432
 528.00   24.088   24.210   24.221    2.431   -0.711   -0.912    2.431   -0.711    0.648   -2.217   -1.729    3.623    1.442
 528.10   23.255   23.490   23.491    3.316   -0.211   -1.745    3.316   -0.211    0.368   -5.785   -0.699    7.041    2.919
 528.20   24.742   24.774   24.774    1.259    0.082   -0.258    1.259    0.082   -0.021   -0.324    0.103    0.829    0.171
 528.30   25.154   25.215   25.224    1.749   -0.681    0.154    1.749   -0.681   -0.105    0.269   -1.192    1.774    0.613
 528.40   22.785   22.848   22.854    1.698   -0.489   -2.215    1.698   -0.489    1.082   -3.760   -0.829    4.013    2.000
 528.50   22.843   22.956   22.956    2.277    0.143   -2.157    2.277    0.143   -0.308   -4.912    0.325    4.930    2.466
 528.60   22.200   22.328   22.330    2.383    0.322   -2.800    2.383    0.322   -0.901   -6.673    0.767    6.812    3.389
 528.70   22.820   23.054   23.170    3.277    2.312   -2.180    3.277    2.312   -5.039   -7.143    7.574   10.416    5.783
 528.80   21.749   21.964   22.000    3.062    1.262   -3.251    3.062    1.262   -4.103   -9.955    3.865   10.769    5.720
 528.90   21.532   21.532   21.545    0.054    0.750   -3.468    0.054    0.750   -2.599   -0.188    0.041    6.296    1.303
 529.00   22.309   22.317   22.317    0.569   -0.131   -2.691    0.569   -0.131    0.352   -1.531   -0.074    3.790    0.786
 529.10   21.433   21.638   21.659    2.971   -0.949   -3.567    2.971   -0.949    3.387  -10.597   -2.821   11.225    5.739
 529.20   21.132   21.195   21.208    1.642   -0.738   -3.868    1.642   -0.738    2.855   -6.352   -1.212    9.103    3.534
 529.30   21.155   21.398   21.517    3.219   -2.258   -3.845    3.219   -2.258    8.683  -12.378   -7.269   15.123    8.388
 529.40   19.538   19.620   19.677    1.790   -1.502   -5.462    1.790   -1.502    8.204   -9.775   -2.688   17.646    6.521
 529.50   20.005   20.036   20.044    1.117   -0.561   -4.995    1.117   -0.561    2.801   -5.581   -0.627   13.259    3.138
 529.60   21.111   21.111   21.129   -0.020   -0.859   -3.889   -0.020   -0.859    3.341    0.080    0.018    7.930    1.671
 529.70   21.175   21.189   21.213    0.756    1.020   -3.825    0.756    1.020   -3.902   -2.893    0.772    8.120    2.459
 529.80   21.184   21.431   21.452    3.246    0.957   -3.816    3.246    0.957   -3.651  -12.385    3.105   13.006    6.640
 529.90   21.170   21.468   21.472    3.565   -0.426   -3.830    3.565   -0.426    1.633  -13.653   -1.520   13.779    6.917
 530.00   21.659   21.997   22.016    3.844    0.903   -3.341    3.844    0.903   -3.018  -12.845    3.472   13.380    6.822
 530.10   24.185   24.537   24.539    4.140    0.302   -0.815    4.140    0.302   -0.246   -3.372    1.251    8.947    1.803
 530.20   26.356   26.618   26.626    3.726    0.634    1.356    3.726    0.634    0.861    5.053    2.364    8.061    2.822
 530.30   27.935   28.238   28.290    4.129    1.713    2.935    4.129    1.713    5.028   12.117    7.073   14.297    7.452
 530.40   25.855   25.945   25.948    2.155    0.380    0.855    2.155    0.380    0.325    1.843    0.819    2.761    1.022
 530.50   24.999   25.268   25.270    3.681    0.281   -0.001    3.681    0.281   -0.000   -0.005    1.034    6.816    0.517
 530.60   24.848   25.295   25.295    4.735   -0.108   -0.152    4.735   -0.108    0.016   -0.719   -0.510   11.226    0.441
 530.70   24.591   24.979   24.979    4.388   -0.034   -0.409    4.388   -0.034    0.014   -1.796   -0.151    9.711    0.901
 530.80   24.896   25.774   25.847    6.672    1.940   -0.104    6.672    1.940   -0.202   -0.696   12.945   24.143    6.483
 530.90   23.191   24.143   24.145    6.712    0.241   -1.809    6.712    0.241   -0.435  -12.140    1.616   24.192    6.127
 531.00   24.305   25.305   25.314    7.043   -0.688   -0.695    7.043   -0.688    0.478   -4.897   -4.847   25.280    3.453
 531.10   24.469   25.360   25.361    6.665    0.207   -0.531    6.665    0.207   -0.110   -3.538    1.382   22.371    1.900
 531.20   23.960   24.607   24.643    5.607   -1.324   -1.040    5.607   -1.324    1.378   -5.833   -7.425   17.136    4.771
 531.30   24.616   25.095   25.191    4.877   -2.205   -0.384    4.877   -2.205    0.846   -1.872  -10.753   14.398    5.474
 531.40   25.897   26.269   26.277    4.409   -0.648    0.897    4.409   -0.648   -0.581    3.953   -2.859   10.332    2.456
 531.50   26.521   26.903   27.033    4.515   -2.648    1.521    4.515   -2.648   -4.028    6.868  -11.957   14.857    7.183
 531.60   27.120   27.325   27.473    3.339   -2.857    2.120    3.339   -2.857   -6.056    7.077   -9.539   11.902    6.666
 531.70   26.892   27.174   27.188    3.910   -0.849    1.892    3.910   -0.849   -1.606    7.397   -3.319    9.794    4.132
 531.80   26.673   27.093   27.173    4.748   -2.092    1.673    4.748   -2.092   -3.501    7.945   -9.935   14.863    6.597
 531.90   25.253   25.812   25.812    5.341   -0.043    0.253    5.341   -0.043   -0.011    1.353   -0.232   14.299    0.686
 532.00   24.467   24.961   24.991    4.938   -1.238   -0.533    4.938   -1.238    0.660   -2.631   -6.114   13.100    3.344
 532.10   24.853   25.440   25.445    5.436   -0.525   -0.147    5.436   -0.525    0.077   -0.802   -2.852   14.922    1.482
 532.20   25.221   25.572   25.572    4.222   -0.075    0.221    4.222   -0.075   -0.017    0.934   -0.315    8.940    0.493
 532.30   23.940   24.582   24.586    5.583    0.457   -1.060    5.583    0.457   -0.484   -5.919    2.550   16.251    3.232
 532.40   23.875   24.484   24.484    5.427   -0.026   -1.125    5.427   -0.026    0.030   -6.104   -0.143   15.360    3.053
 532.50   23.963   24.820   24.820    6.464   -0.107   -1.037    6.464   -0.107    0.111   -6.704   -0.689   21.437    3.370
 532.60   23.943   24.893   24.893    6.812   -0.087   -1.057    6.812   -0.087    0.092   -7.202   -0.591   23.768    3.614
 532.70   24.068   24.715   24.720    5.620    0.503   -0.932    5.620    0.503   -0.469   -5.239    2.828   16.353    2.986
 532.80   23.753   24.665   24.666    6.645    0.203   -1.247    6.645    0.203   -0.253   -8.284    1.347   22.878    4.198
 532.90   23.498   24.608   24.620    7.308   -0.785   -1.502    7.308   -0.785    1.180  -10.979   -5.739   28.141    6.222
 533.00   22.212   23.418   23.458    7.421   -1.362   -2.788    7.421   -1.362    3.798  -20.692  -10.108   32.349   11.670
 533.10   22.166   23.145   23.146    6.661   -0.264   -2.834    6.661   -0.264    0.748  -18.879   -1.757   26.234    9.488
 533.20   23.328   24.389   24.389    7.113   -0.132   -1.672    7.113   -0.132    0.221  -11.889   -0.942   26.702    5.964
 533.30   22.717   23.609   23.633    6.430   -1.060   -2.283    6.430   -1.060    2.419  -14.680   -6.813   23.838    8.182
 533.40   23.986   24.905   24.908    6.701   -0.403   -1.014    6.701   -0.403    0.409   -6.792   -2.703   23.045    3.661
 533.50   24.996   25.738   25.777    6.136   -1.416   -0.004    6.136   -1.416    0.005   -0.023   -8.688   19.827    4.344
 533.60   25.809   26.797   26.798    7.210    0.221    0.809    7.210    0.221    0.179    5.831    1.596   26.346    3.024
 533.70   27.682   28.496   28.524    6.763    1.262    2.682    6.763    1.262    3.384   18.136    8.533   27.258   10.163
 533.80   26.137   27.475   27.522    8.469    1.622    1.137    8.469    1.622    1.844    9.627   13.736   37.825    8.437
 533.90   25.062   26.817   26.877    9.540    1.801    0.062    9.540    1.801    0.112    0.592   17.180   47.133    8.595
 534.00   26.477   28.144   28.187    9.541    1.560    1.477    9.541    1.560    2.304   14.096   14.881   47.824   10.313
 534.10   26.908   28.485   28.620    9.347    2.777    1.908    9.347    2.777    5.300   17.836   25.961   49.362   15.970
 534.20   25.386   26.998   27.058    9.188    1.800    0.386    9.188    1.800    0.695    3.548   16.537   43.907    8.464
 534.30   26.857   28.089   28.154    8.226    1.913    1.857    8.226    1.913    3.554   15.279   15.739   37.386   11.111
 534.40   27.120   28.491   28.514    8.731    1.155    2.120    8.731    1.155    2.448   18.512   10.081   41.028   10.610
 534.50   26.834   27.946   27.959    7.805    0.839    1.834    7.805    0.839    1.539   14.316    6.547   32.489    7.909
 534.60   27.700   29.051   29.052    8.755    0.263    2.700    8.755    0.263    0.711   23.638    2.304   42.002   11.880
 534.70   28.581   29.441   29.462    7.064    1.120    3.581    7.064    1.120    4.010   25.297    7.910   31.990   13.403
 534.80   28.426   29.083   29.108    6.149    1.211    3.426    6.149    1.211    4.147   21.065    7.445   25.508   11.362
 534.90   28.309   28.772   28.796    5.142    1.180    3.309    5.142    1.180    3.905   17.014    6.070   19.393    9.241
 535.00   28.062   28.649   28.792    5.769    2.868    3.062    5.769    2.868    8.780   17.664   16.544   25.441   12.872
 535.10   27.431   27.738   27.837    4.112    2.345    2.431    4.112    2.345    5.701    9.997    9.644   14.160    7.507
 535.20   26.999   27.555   27.560    5.510    0.522    1.999    5.510    0.522    1.044   11.011    2.878   17.311    5.714
 535.30   27.284   27.495   27.497    3.406    0.259    2.284    3.406    0.259    0.592    7.779    0.883    8.442    3.926
 535.40   27.108   27.147   27.165    1.449    0.983    2.108    1.449    0.983    2.072    3.055    1.424    3.756    1.978
 535.50   27.695   27.818   27.833    2.614    0.901    2.695    2.614    0.901    2.428    7.046    2.355    7.456    3.908
 535.60   28.016   28.467   28.471    5.048    0.477    3.016    5.048    0.477    1.438   15.225    2.407   17.404    7.741
 535.70   26.903   27.286   27.295    4.552    0.714    1.903    4.552    0.714    1.359    8.664    3.249   12.425    4.676
 535.80   26.124   26.261   26.263    2.677    0.320    1.124    2.677    0.320    0.360    3.009    0.858    4.266    1.575
 535.90   27.222   27.393   27.410    3.056   -0.978    2.222    3.056   -0.978   -2.174    6.790   -2.989    7.616    3.865
 536.00   27.934   28.117   28.132    3.201    0.923    2.934    3.201    0.923    2.709    9.392    2.956    9.854    5.106
 536.10   28.942   29.016   29.016    2.070    0.122    3.942    2.070    0.122    0.481    8.161    0.252    9.920    4.089
 536.20   30.143   30.169   30.193    1.252   -1.203    5.143    1.252   -1.203   -6.185    6.441   -1.506   14.733    4.528
 536.30   29.525   29.596   29.629    2.058   -1.387    4.525    2.058   -1.387   -6.276    9.311   -2.854   13.315    5.793
 536.40   28.020   28.029   28.205    0.725   -3.142    3.020    0.725   -3.142   -9.489    2.191   -2.280    9.759    5.001
 536.50   26.928   26.929   26.999    0.168   -1.939    1.928    0.168   -1.939   -3.740    0.323   -0.325    3.754    1.884
 536.60   28.137   28.149   28.194    0.816   -1.591    3.137    0.816   -1.591   -4.991    2.561   -1.299    6.519    2.879
 536.70   27.758   27.779   27.792    1.077    0.842    2.758    1.077    0.842    2.321    2.970    0.906    4.738    1.939
 536.80   26.331   26.337   26.390    0.548    1.673    1.331    0.548    1.673    2.228    0.730    0.917    2.437    1.259
 536.90   26.257   26.266   26.281   -0.661    0.883    1.257   -0.661    0.883    1.110   -0.831   -0.583    1.399    0.752
 537.00   26.590   26.590   26.596    0.107   -0.551    1.590    0.107   -0.551   -0.877    0.171   -0.059    1.421    0.448
 537.10   27.412   27.413   27.414    0.136   -0.248    2.412    0.136   -0.248   -0.597    0.329   -0.034    2.949    0.341
 537.20   27.482   27.524   27.529   -1.508   -0.535    2.482   -1.508   -0.535   -1.327   -3.744    0.806    4.362    2.027
 537.30   29.114   29.300   29.336   -3.292    1.455    4.114   -3.292    1.455    5.985  -13.542   -4.789   14.939    7.781
 537.40   29.170   29.204   29.204   -1.415    0.119    4.170   -1.415    0.119    0.497   -5.902   -0.169    9.701    2.963
 537.50   29.672   29.740   29.771   -2.006   -1.363    4.672   -2.006   -1.363   -6.368   -9.371    2.734   13.855    5.827
 537.60   28.430   28.579   28.587   -2.919    0.658    3.430   -2.919    0.658    2.258  -10.012   -1.922   10.359    5.221
 537.70   29.080   29.328   29.347   -3.806    1.042    4.080   -3.806    1.042    4.253  -15.529   -3.967   16.110    8.291
 537.80   28.148   28.333   28.346   -3.227    0.867    3.148   -3.227    0.867    2.729  -10.159   -2.797   10.538    5.442
 537.90   28.445   28.570   28.624   -2.673    1.747    3.445   -2.673    1.747    6.020   -9.209   -4.671   11.034    5.976
 538.00   29.584   29.771   29.838   -3.329    2.009    4.584   -3.329    2.009    9.210  -15.262   -6.690   18.067    9.520
 538.10   28.007   28.059   28.135   -1.701    2.071    3.007   -1.701    2.071    6.230   -5.115   -3.523    8.114    4.398
 538.20   28.448   28.488   28.493   -1.517   -0.534    3.448   -1.517   -0.534   -1.842   -5.231    0.810    7.237    2.802
 538.30   28.916   28.972   29.024   -1.814   -1.727    3.916   -1.814   -1.727   -6.762   -7.101    3.132   10.802    5.147
 538.40   29.212   29.409   29.442   -3.397   -1.382    4.212   -3.397   -1.382   -5.822  -14.310    4.696   15.597    8.073
 538.50   30.131   30.427   30.472   -4.235   -1.656    5.131   -4.235   -1.656   -8.496  -21.731    7.012   23.503   12.181
 538.60   30.620   30.795   30.837   -3.277   -1.608    5.620   -3.277   -1.608   -9.036  -18.417    5.269   22.455   10.590
 538.70   31.083   31.105   31.179   -1.175   -2.148    6.083   -1.175   -2.148  -13.068   -7.147    2.524   21.497    7.553
 538.80   30.414   30.423   30.468    0.760   -1.651    5.414    0.760   -1.651   -8.936    4.115   -1.254   16.306    4.959
 538.90   31.471   31.490   31.533   -1.081   -1.649    6.471   -1.081   -1.649  -10.672   -6.996    1.783   22.881    6.442
 539.00   30.664   30.665   30.670   -0.274   -0.535    5.664   -0.274   -0.535   -3.032   -1.551    0.147   16.220    1.705
 539.10   30.328   30.336   30.355    0.713    1.059    5.328    0.713    1.059    5.643    3.800    0.755   15.007    3.422
 539.20   31.670   31.699   31.732    1.350    1.450    6.670    1.350    1.450    9.670    9.003    1.956   24.209    6.678
 539.30   31.267   31.321   31.363    1.845    1.613    6.267    1.845    1.613   10.111   11.564    2.977   22.640    7.823
 539.40   31.168   31.214   31.222    1.685    0.743    6.168    1.685    0.743    4.583   10.390    1.252   20.718    5.713
 539.50   29.855   29.857   29.897   -0.346    1.544    4.855   -0.346    1.544    7.496   -1.679   -0.534   13.037    3.850
 539.60   30.856   30.861   30.925   -0.566    1.987    5.856   -0.566    1.987   11.633   -3.316   -1.125   19.278    6.074
 539.70   32.256   32.262   32.275    0.617    0.916    7.256    0.617    0.916    6.650    4.473    0.565   26.934    4.017
 539.80   31.965   32.022   32.023    1.906    0.206    6.965    1.906    0.206    1.437   13.277    0.393   26.096    6.680
 539.90   32.776   32.864   32.864    2.410   -0.161    7.776    2.410   -0.161   -1.251   18.742   -0.388   33.147    9.394
 540.00   31.168   31.253   31.343    2.316   -2.362    6.168    2.316   -2.362  -14.567   14.284   -5.470   24.490   10.561
 540.10   30.721   30.745   30.749    1.204   -0.523    5.721    1.204   -0.523   -2.993    6.890   -0.630   17.227    3.769
 540.20   31.617   31.623   31.696    0.589   -2.147    6.617    0.589   -2.147  -14.207    3.898   -1.265   24.373    7.393
 540.30   31.802   31.803   31.810    0.196    0.659    6.802    0.196    0.659    4.485    1.334    0.129   23.371    2.340
 540.40   32.179   32.181   32.220   -0.345    1.591    7.179   -0.345    1.591   11.419   -2.477   -0.549   27.092    5.849
 540.50   32.350   32.351   32.351    0.230    0.173    7.350    0.230    0.173    1.269    1.689    0.040   27.053    1.056
 540.60   29.746   29.758   29.765    0.870   -0.637    4.746    0.870   -0.637   -3.023    4.127   -0.554   11.842    2.573
 540.70   31.027   31.033   31.044   -0.602   -0.806    6.027   -0.602   -0.806   -4.856   -3.631    0.485   18.670    3.042
 540.80   30.340   30.347   30.381    0.654   -1.437    5.340    0.654   -1.437   -7.674    3.491   -0.940   15.503    4.241
 540.90   29.813   29.845   29.970    1.388   -2.733    4.813    1.388   -2.733  -13.154    6.683   -3.795   16.282    7.617
 541.00   29.807   29.807   29.837    0.120   -1.324    4.807    0.120   -1.324   -6.364    0.576   -0.159   12.438    3.196
 541.10   30.268   30.270   30.271   -0.357    0.293    5.268   -0.357    0.293    1.542   -1.882   -0.105   13.981    1.217
 541.20   29.954   29.956   30.023    0.317    2.007    4.954    0.317    2.007    9.940    1.569    0.635   14.334    5.042
 541.30   28.598   28.630   28.733    1.360    2.429    3.598    1.360    2.429    8.740    4.893    3.304   10.348    5.274
 541.40   28.626   28.626   28.781    0.104    2.979    3.626    0.104    2.979   10.801    0.377    0.310   11.016    5.406
 541.50   28.617   28.621   28.678    0.423    1.808    3.617    0.423    1.808    6.539    1.531    0.765    8.266    3.379
 541.60   29.685   29.703   29.709    1.033   -0.607    4.685    1.033   -0.607   -2.845    4.839   -0.627   11.693    2.824
 541.70   30.672   30.675   30.727    0.466   -1.776    5.672    0.466   -1.776  -10.072    2.642   -0.827   17.770    5.223
 541.80   29.948   29.950   29.950   -0.332   -0.040    4.948   -0.332   -0.040   -0.199   -1.642    0.013   12.297    0.827
 541.90   29.811   29.844   29.947    1.397    2.488    4.811    1.397    2.488   11.967    6.721    3.475   15.642    7.079
 542.00   30.072   30.128   30.318    1.829    3.392    5.072    1.829    3.392   17.203    9.276    6.203   20.287   10.253
 542.10   30.481   30.493   30.493    0.856    0.057    5.481    0.856    0.057    0.313    4.689    0.049   15.386    2.350
 542.20   31.031   31.033   31.034    0.397   -0.138    6.031    0.397   -0.138   -0.833    2.393   -0.055   18.273    1.267
 542.30   31.099   31.100   31.129    0.194    1.358    6.099    0.194    1.358    8.281    1.185    0.264   19.541    4.185
 542.40   32.179   32.190   32.191   -0.837   -0.245    7.179   -0.837   -0.245   -1.755   -6.011    0.205   26.152    3.133
 542.50   31.314   31.324   31.332   -0.784    0.717    6.314   -0.784    0.717    4.529   -4.948   -0.562   20.500    3.366
 542.60   30.713   30.713   30.748    0.225   -1.451    5.713    0.225   -1.451   -8.286    1.284   -0.326   17.394    4.196
 542.70   30.218   30.241   30.328    1.189   -2.295    5.218    1.189   -2.295  -11.973    6.203   -2.728   16.953    6.879
 542.80   29.628   29.628   29.683    0.069   -1.803    4.628    0.069   -1.803   -8.344    0.320   -0.125   12.336    4.176
 542.90   30.571   30.599   30.601   -1.307   -0.295    5.571   -1.307   -0.295   -1.645   -7.284    0.386   16.417    3.739
 543.00   30.891   30.957   31.054   -2.017   -2.459    5.891   -2.017   -2.459  -14.486  -11.881    4.960   22.409    9.690
 543.10   31.138   31.210   31.388   -2.125   -3.334    6.138   -2.125   -3.334  -20.463  -13.045    7.086   26.652   12.640
 543.20   30.275   30.436   30.507   -3.129   -2.072    5.275   -3.129   -2.072  -10.931  -16.507    6.485   20.956   10.417
 543.30   30.745   30.800   31.008   -1.843   -3.584    5.745   -1.843   -3.584  -20.592  -10.590    6.607   24.626   12.040
 543.40   30.278   30.379   30.519   -2.474   -2.925    5.278   -2.474   -2.925  -15.438  -13.059    7.238   21.267   10.739
 543.50   29.547   29.618   29.618   -2.038   -0.193    4.547   -2.038   -0.193   -0.877   -9.269    0.393   12.435    4.660
 543.60   28.871   28.898   28.898   -1.260    0.168    3.871   -1.260    0.168    0.651   -4.877   -0.212    8.298    2.463
 543.70   30.159   30.309   30.351   -3.017   -1.599    5.159   -3.017   -1.599   -8.246  -15.562    4.822   19.134    9.130
 543.80   30.095   30.148   30.171   -1.781   -1.178    5.095   -1.781   -1.178   -6.005   -9.075    2.099   15.262    5.541
 543.90   30.826   30.886   30.895   -1.926   -0.731    5.826   -1.926   -0.731   -4.257  -11.221    1.408   19.093    6.042
 544.00   29.126   29.164   29.187   -1.496   -1.151    4.126   -1.496   -1.151   -4.750   -6.172    1.722   10.293    3.988
 544.10   28.142   28.217   28.235   -2.056   -1.015    3.142   -2.056   -1.015   -3.190   -6.460    2.087    7.565    3.750
 544.20   29.187   29.231   29.318   -1.603   -2.259    4.187   -1.603   -2.259   -9.460   -6.710    3.621   12.601    6.075
 544.30   29.460   29.482   29.546   -1.148   -1.941    4.460   -1.148   -1.941   -8.656   -5.121    2.229   12.488    5.151
 544.40   30.380   30.396   30.398   -0.996   -0.312    5.380   -0.996   -0.312   -1.677   -5.357    0.310   15.015    2.811
 544.50   32.107   32.124   32.124   -1.049   -0.092    7.107   -1.049   -0.092   -0.650   -7.454    0.096   25.807    3.742
 544.60   30.240   30.337   30.338   -2.432   -0.089    5.240   -2.432   -0.089   -0.465  -12.744    0.216   16.689    6.377
 544.70   30.036   30.107   30.109   -2.058    0.345    5.036   -2.058    0.345    1.736  -10.363   -0.709   14.859    5.266
 544.80   28.551   28.593   28.596   -1.548   -0.374    3.551   -1.548   -0.374   -1.330   -5.497    0.580    7.574    2.843
 544.90   27.395   27.513   27.518   -2.550    0.493    2.395   -2.550    0.493    1.180   -6.106   -1.256    6.240    3.172
 545.00   29.000   29.002   29.051   -0.327   -1.690    4.000   -0.327   -1.690   -6.760   -1.310    0.553    9.482    3.454
 545.10   29.876   29.880   29.887   -0.476    0.671    4.876   -0.476    0.671    3.273   -2.322   -0.320   12.226    2.013
 545.20   29.447   29.452   29.465    0.548    0.884    4.447    0.548    0.884    3.932    2.437    0.485   10.427    2.326
 545.30   28.818   28.853   28.853    1.421   -0.022    3.818    1.421   -0.022   -0.083    5.425   -0.031    8.299    2.713
 545.40   28.882   29.074   29.105    3.332    1.346    3.882    3.332    1.346    5.226   12.935    4.485   13.992    7.327
 545.50   29.316   29.356   29.371    1.539   -0.930    4.316    1.539   -0.930   -4.013    6.641   -1.431   10.929    3.945
 545.60   29.021   29.075   29.103    1.774   -1.276    4.021    1.774   -1.276   -5.129    7.134   -2.263   10.472    4.537
 545.70   30.100   30.109   30.118    0.724   -0.745    5.100    0.724   -0.745   -3.798    3.691   -0.539   13.546    2.662
 545.80   31.153   31.159   31.249    0.592   -2.373    6.153    0.592   -2.373  -14.600    3.640   -1.404   21.920    7.556
 545.90   29.449   29.534   29.542    2.241   -0.708    4.449    2.241   -0.708   -3.152    9.971   -1.588   12.658    5.289
 546.00   30.248   30.326   30.335    2.175    0.732    5.248    2.175    0.732    3.843   11.416    1.593   16.406    6.075
 546.10   28.862   28.913   29.001    1.714    2.261    3.862    1.714    2.261    8.731    6.618    3.874   11.481    5.810
 546.20   28.451   28.496   28.518    1.598    1.114    3.451    1.598    1.114    3.845    5.516    1.781    7.854    3.478
 546.30   28.276   28.309   28.326    1.367    0.964    3.276    1.367    0.964    3.160    4.479    1.319    6.766    2.819
 546.40   27.882   27.898   27.906   -0.962    0.670    2.882   -0.962    0.670    1.930   -2.773   -0.645    4.839    1.720
 546.50   27.142   27.170   27.170   -1.241   -0.063    2.142   -1.241   -0.063   -0.134   -2.657    0.078    3.065    1.331
 546.60   27.722   27.726   27.731   -0.473   -0.528    2.722   -0.473   -0.528   -1.436   -1.287    0.249    3.957    0.972
 546.70   29.326   29.374   29.374   -1.678   -0.028    4.326   -1.678   -0.028   -0.120   -7.260    0.046   10.767    3.631
 546.80   28.821   28.900   28.902   -2.135   -0.333    3.821   -2.135   -0.333   -1.273   -8.157    0.711    9.634    4.143
 546.90   28.301   28.398   28.398   -2.347    0.058    3.301   -2.347    0.058    0.190   -7.746   -0.135    8.202    3.875
 547.00   27.849   27.862   27.866   -0.855    0.456    2.849   -0.855    0.456    1.300   -2.436   -0.390    4.527    1.394
 547.10   27.689   27.718   27.719   -1.274   -0.271    2.689   -1.274   -0.271   -0.728   -3.426    0.345    4.463    1.760
 547.20   27.459   27.469   27.471    0.747   -0.339    2.459    0.747   -0.339   -0.834    1.836   -0.253    3.359    1.016
 547.30   28.693   28.705   28.723    0.851   -1.021    3.693    0.851   -1.021   -3.769    3.144   -0.869    7.701    2.492
 547.40   26.659   26.750   26.750   -2.199   -0.114    1.659   -2.199   -0.114   -0.189   -3.649    0.250    3.801    1.831
 547.50   26.754   26.821   26.821   -1.884   -0.031    1.754   -1.884   -0.031   -0.055   -3.305    0.059    3.314    1.653
 547.60   25.208   25.222   25.254    0.844   -1.255    0.208    0.844   -1.255   -0.261    0.176   -1.059    1.166    0.553
 547.70   27.454   27.487   27.496    1.349    0.700    2.454    1.349    0.700    1.719    3.311    0.945    4.167    1.924
 547.80   27.781   27.817   27.850    1.419    1.364    2.781    1.419    1.364    3.793    3.946    1.936    5.803    2.903
 547.90   27.586   27.710   27.734    2.621    1.140    2.586    2.621    1.140    2.948    6.778    2.988    7.429    3.986
 548.00   27.860   27.872   27.891    0.827    1.027    2.860    0.827    1.027    2.936    2.364    0.849    4.958    1.932
 548.10   28.155   28.214   28.277    1.828    1.882    3.155    1.828    1.882    5.939    5.767    3.441    8.419    4.482
 548.20   27.819   27.948   27.981    2.680    1.362    2.819    2.680    1.362    3.839    7.557    3.650    8.494    4.615
 548.30   26.497   26.524   26.525    1.205   -0.209    1.497    1.205   -0.209   -0.313    1.804   -0.252    1.868    0.924
 548.40   27.140   27.266   27.266    2.625    0.091    2.140    2.625    0.091    0.195    5.617    0.239    5.738    2.813
 548.50   28.525   28.706   28.724    3.221   -1.020    3.525    3.221   -1.020   -3.594   11.351   -3.284   11.917    6.176
 548.60   27.853   28.048   28.110    3.300   -1.866    2.853    3.300   -1.866   -5.325    9.416   -6.158   11.257    6.224
 548.70   27.155   27.290   27.299    2.715   -0.684    2.155    2.715   -0.684   -1.473    5.851   -1.856    6.241    3.156
 548.80   26.452   26.650   26.653    3.239    0.384    1.452    3.239    0.384    0.558    4.704    1.244    6.373    2.449
 548.90   27.588   27.926   28.135    4.334    3.420    2.588    4.334    3.420    8.852   11.216   14.822   18.589   10.294
 549.00   29.297   29.325   29.364    1.288    1.506    4.297    1.288    1.506    6.471    5.535    1.940   11.194    4.367
 549.10   27.990   27.998   28.002    0.686    0.478    2.990    0.686    0.478    1.429    2.051    0.328    4.819    1.261
 549.20   27.073   27.081   27.115    0.643    1.363    2.073    0.643    1.363    2.826    1.333    0.876    3.285    1.623
 549.30   27.311   27.341   27.341    1.286   -0.085    2.311    1.286   -0.085   -0.197    2.973   -0.110    3.502    1.491
 549.40   26.761   26.790   26.799    1.250   -0.674    1.761    1.250   -0.674   -1.186    2.201   -0.842    2.559    1.319
 549.50   25.468   25.492   25.500    1.105   -0.620    0.468    1.105   -0.620   -0.290    0.517   -0.685    0.912    0.453
 549.60   26.505   26.506   26.506    0.225    0.068    1.505    0.225    0.068    0.102    0.338    0.015    1.161    0.177
 549.70   27.265   27.271   27.272    0.590    0.223    2.265    0.590    0.223    0.505    1.336    0.131    2.764    0.717
 549.80   28.987   29.089   29.090    2.442   -0.119    3.987    2.442   -0.119   -0.473    9.735   -0.290   10.935    4.876
 549.90   29.315   29.627   29.628    4.289   -0.283    4.315    4.289   -0.283   -1.220   18.506   -1.213   18.547    9.293
 550.00   28.620   28.944   28.958    4.318    0.894    3.620    4.318    0.894    3.236   15.631    3.860   16.274    8.211
 550.10   27.813   28.109   28.115    4.071    0.579    2.813    4.071    0.579    1.627   11.451    2.356   12.411    5.902
 550.20   27.635   28.130   28.130    5.254   -0.070    2.635    5.254   -0.070   -0.184   13.844   -0.366   17.277    6.925
 550.30   29.488   29.755   29.824    3.974    2.029    4.488    3.974    2.029    9.108   17.836    8.064   20.027   10.795
 550.40   30.230   30.350   30.395    2.699    1.640    5.230    2.699    1.640    8.575   14.116    4.425   18.663    8.550
 550.50   29.580   29.606   29.628    1.239   -1.148    4.580    1.239   -1.148   -5.258    5.675   -1.423   11.914    3.933
 550.60   30.607   30.667   30.706    1.917   -1.540    5.607    1.917   -1.540   -8.636   10.747   -2.952   18.742    7.050
 550.70   30.859   30.885   30.922    1.247   -1.526    5.859    1.247   -1.526   -8.942    7.304   -1.902   19.108    5.851
 550.80   30.090   30.252   30.325    3.127   -2.099    5.090    3.127   -2.099  -10.683   15.916   -6.562   20.046   10.130
 550.90   30.294   30.351   30.477    1.850   -2.777    5.294    1.850   -2.777  -14.704    9.793   -5.138   19.582    9.199
 551.00   31.506   31.671   31.893    3.225   -3.757    6.506    3.225   -3.757  -24.443   20.980  -12.115   33.422   17.208
 551.10   32.198   32.317   32.477    2.766   -3.227    7.198    2.766   -3.227  -23.227   19.910   -8.925   34.938   15.934
 551.20   33.301   33.390   33.498    2.443   -2.688    8.301    2.443   -2.688  -22.314   20.280   -6.568   41.048   15.430
 551.30   32.035   32.247   32.503    3.690   -4.069    7.035    3.690   -4.069  -28.628   25.964  -15.017   39.837   20.732
 551.40   31.699   31.889   31.946    3.479   -1.903    6.699    3.479   -1.903  -12.747   23.305   -6.620   30.299   13.688
 551.50   30.273   30.343   30.445    2.058   -2.492    5.273    2.058   -2.492  -13.144   10.853   -5.130   19.128    8.900
 551.60   29.866   30.070   30.142    3.500   -2.071    4.866    3.500   -2.071  -10.075   17.032   -7.247   20.108   10.537
 551.70   28.070   28.424   28.492    4.473   -1.957    3.070    4.473   -1.957   -6.009   13.732   -8.754   16.631    8.679
 551.80   26.756   27.155   27.189    4.638   -1.361    1.756    4.638   -1.361   -2.391    8.145   -6.314   13.224    5.290
 551.90   26.406   26.748   26.795    4.262   -1.593    1.406    4.262   -1.593   -2.240    5.992   -6.789   11.338    4.664
 552.00   25.850   26.373   26.414    5.224   -1.479    0.850    5.224   -1.479   -1.257    4.441   -7.726   15.099    4.500
 552.10   26.461   26.520   26.530    1.763   -0.730    1.461    1.763   -0.730   -1.066    2.576   -1.286    2.887    1.535
 552.20   27.546   27.678   27.696    2.703   -0.993    2.546    2.703   -0.993   -2.528    6.880   -2.684    7.386    3.903
 552.30   28.632   28.772   28.774    2.828    0.379    3.632    2.828    0.379    1.377   10.273    1.072   10.669    5.210
 552.40   29.317   29.361   29.378    1.605    1.003    4.317    1.605    1.003    4.328    6.926    1.609   11.107    4.162
 552.50   29.382   29.491   29.509    2.527   -1.030    4.382    2.527   -1.030   -4.514   11.075   -2.604   13.326    6.120
 552.60   29.947   29.964   29.964    0.999   -0.164    4.947    0.999   -0.164   -0.814    4.942   -0.164   12.749    2.506
 552.70   29.457   29.469   29.522    0.827   -1.773    4.457    0.827   -1.773   -7.902    3.686   -1.466   11.848    4.421
 552.80   29.018   29.138   29.250    2.639   -2.558    4.018    2.639   -2.558  -10.278   10.606   -6.751   14.828    8.119
 552.90   28.433   28.455   28.500    1.114   -1.600    3.433    1.114   -1.600   -5.493    3.825   -1.783    7.793    3.464
 553.00   26.835   26.843   26.922    0.676   -2.062    1.835    0.676   -2.062   -3.783    1.241   -1.394    4.037    2.109
 553.10   25.896   25.903   25.927   -0.599   -1.128    0.896   -0.599   -1.128   -1.010   -0.537    0.675    1.216    0.664
 553.20   25.802   25.909   25.943   -2.352   -1.320    0.802   -2.352   -1.320   -1.059   -1.887    3.104    3.959    1.892
 553.30   25.933   25.986   25.990   -1.663   -0.492    0.933   -1.663   -0.492   -0.458   -1.551    0.818    1.938    0.906
 553.40   27.297   27.299   27.300    0.296    0.313    2.297    0.296    0.313    0.719    0.680    0.093    2.731    0.497
 553.50   26.339   26.342   26.419    0.428    2.008    1.339    0.428    2.008    2.689    0.573    0.859    3.004    1.440
 553.60   26.589   26.590   26.636    0.225    1.574    1.589    0.225    1.574    2.500    0.358    0.355    2.526    1.275
 553.70   26.187   26.203   26.227    0.919    1.107    1.187    0.919    1.107    1.314    1.091    1.017    1.740    0.994
 553.80   27.326   27.330   27.477    0.464    2.834    2.326    0.464    2.834    6.592    1.079    1.314    6.828    3.404
 553.90   26.909   26.910   26.911    0.216    0.138    1.909    0.216    0.138    0.264    0.413    0.030    1.856    0.246
 554.00   26.993   27.002   27.002    0.699   -0.079    1.993    0.699   -0.079   -0.157    1.392   -0.055    2.234    0.701
 554.10   25.483   25.490   25.496   -0.593    0.577    0.483   -0.593    0.577    0.278   -0.286   -0.342    0.458    0.263
 554.20   25.881   25.881   25.881    0.080    0.112    0.881    0.080    0.112    0.099    0.070    0.009    0.397    0.061
 554.30   27.114   27.166   27.177    1.669   -0.765    2.114    1.669   -0.765   -1.617    3.528   -1.276    3.920    2.043
 554.40   27.616   27.792   27.792    3.123    0.080    2.616    3.123    0.080    0.210    8.171    0.251    8.303    4.089
 554.50   28.156   28.269   28.276    2.528   -0.633    3.156    2.528   -0.633   -1.997    7.977   -1.600    8.374    4.189
 554.60   28.968   29.058   29.075    2.280   -0.992    3.968    2.280   -0.992   -3.938    9.047   -2.262   10.965    5.061
 554.70   27.440   27.452   27.472    0.793    1.067    2.440    0.793    1.067    2.603    1.936    0.847    3.861    1.677
 554.80   27.167   27.209   27.285    1.504    2.041    2.167    1.504    2.041    4.422    3.259    3.069    5.562    3.147
 554.90   26.102   26.176   26.210    1.964    1.330    1.102    1.964    1.330    1.466    2.165    2.611    3.420    1.847
 555.00   25.514   25.587   25.602    1.927    0.887    0.514    1.927    0.887    0.456    0.991    1.709    2.382    1.014
 555.10   25.364   25.812   25.843    4.787    1.260    0.364    4.787    1.260    0.459    1.743    6.032   12.318    3.148
 555.20   25.266   25.707   25.845    4.745    2.663    0.266    4.745    2.663    0.708    1.261   12.635   14.838    6.359
 555.30   26.010   26.533   26.721    5.241    3.162    1.010    5.241    3.162    3.194    5.295   16.573   19.245    8.845
 555.40   27.260   27.811   28.098    5.512    4.000    2.260    5.512    4.000    9.039   12.455   22.046   25.742   13.443
 555.50   27.075   27.547   27.597    5.081    1.653    2.075    5.081    1.653    3.429   10.542    8.398   16.427    6.954
 555.60   26.220   26.577   26.634    4.344    1.736    1.220    4.344    1.736    2.117    5.298    7.541   11.685    4.728
 555.70   24.630   24.946   24.966    3.959    1.004   -0.370    3.959    1.004   -0.372   -1.465    3.976    8.409    2.127
 555.80   23.860   24.009   24.021    2.667    0.782   -1.140    2.667    0.782   -0.892   -3.040    2.086    4.512    1.897
 555.90   24.326   24.333   24.339    0.609    0.543   -0.674    0.609    0.543   -0.366   -0.411    0.331    0.561    0.321
 556.00   22.804   22.824   22.857    0.958    1.222   -2.196    0.958    1.222   -2.683   -2.103    1.170    3.616    1.802
 556.10   21.849   21.849   21.874   -0.096    1.039   -3.151   -0.096    1.039   -3.273    0.301   -0.099    5.508    1.644
 556.20   22.012   22.013   22.027   -0.216   -0.790   -2.988   -0.216   -0.790    2.362    0.646    0.171    4.800    1.227
 556.30   23.138   23.139   23.330   -0.045   -2.984   -1.862   -0.045   -2.984    5.555    0.083    0.133    6.186    2.779
 556.40   22.782   22.801   23.180    0.924   -4.173   -2.218    0.924   -4.173    9.255   -2.050   -3.858   11.594    5.117
 556.50   25.483   25.506   25.663    1.080   -2.834    0.483    1.080   -2.834   -1.370    0.522   -3.060    4.716    1.697
 556.60   25.119   25.123   25.319    0.458   -3.140    0.119    0.458   -3.140   -0.375    0.055   -1.439    5.042    0.744
 556.70   25.211   25.211   25.370   -0.080   -2.837    0.211   -0.080   -2.837   -0.597   -0.017    0.226    4.050    0.319
 556.80   26.345   26.345   26.591   -0.099   -3.612    1.345   -0.099   -3.612   -4.858   -0.133    0.357    7.433    2.436
 556.90   25.022   25.088   25.152    1.819   -1.801    0.022    1.819   -1.801   -0.039    0.039   -3.275    3.276    1.638
 557.00   24.991   25.098   25.125    2.316   -1.161   -0.009    2.316   -1.161    0.010   -0.021   -2.688    3.356    1.344
 557.10   25.924   26.219   26.222    3.923   -0.349    0.924    3.923   -0.349   -0.322    3.626   -1.368    8.182    1.944
 557.20   25.828   26.139   26.160    4.017    1.051    0.828    4.017    1.051    0.870    3.326    4.220    8.962    2.722
 557.30   25.949   26.231   26.265    3.842    1.332    0.949    3.842    1.332    1.264    3.644    5.118    8.717    3.204
 557.40   27.051   27.389   27.425    4.291    1.405    2.051    4.291    1.405    2.882    8.801    6.029   12.297    5.525
 557.50   27.675   27.972   28.228    4.065    3.787    2.675    4.065    3.787   10.132   10.876   15.397   19.014   10.701
 557.60   27.259   27.587   27.783    4.246    3.293    2.259    4.246    3.293    7.438    9.589   13.983   16.987    9.258
 557.70   27.673   28.012   28.159    4.343    2.875    2.673    4.343    2.875    7.686   11.610   12.485   17.136    9.351
 557.80   27.224   27.569   27.826    4.350    3.768    2.224    4.350    3.768    8.379    9.675   16.391   19.033   10.398
 557.90   27.282   27.494   27.676    3.408    3.177    2.282    3.408    3.177    7.247    7.775   10.826   13.455    7.586
 558.00   27.725   27.927   27.998    3.351    1.986    2.725    3.351    1.986    5.412    9.134    6.656   11.302    6.265
 558.10   28.469   28.793   28.955    4.307    3.065    3.469    4.307    3.065   10.630   14.938   13.199   19.986   11.296
 558.20   29.111   29.262   29.512    2.968    3.834    4.111    2.968    3.834   15.764   12.202   11.380   20.207   11.477
 558.30   28.720   28.854   29.066    2.778    3.504    3.720    2.778    3.504   13.035   10.333    9.734   16.916    9.636
 558.40   26.816   26.819   27.138    0.374    4.148    1.816    0.374    4.148    7.533    0.679    1.550   10.321    3.860
 558.50   26.917   26.943   27.176    1.183    3.545    1.917    1.183    3.545    6.797    2.269    4.194    8.821    4.152
 558.60   28.272   28.273   28.596   -0.284    4.284    3.272   -0.284    4.284   14.015   -0.931   -1.218   14.568    7.050
 558.70   28.781   28.866   28.916   -2.213    1.703    3.781   -2.213    1.703    6.438   -8.368   -3.768   11.046    5.605
 558.80   29.829   29.849   29.884   -1.092    1.450    4.829   -1.092    1.450    7.001   -5.271   -1.583   13.306    4.453
 558.90   28.923   28.955   29.011   -1.367    1.796    3.923   -1.367    1.796    7.046   -5.362   -2.455   10.242    4.594
 559.00   26.629   26.693   26.695   -1.846    0.329    1.629   -1.846    0.329    0.536   -3.007   -0.607    3.085    1.557
 559.10   26.290   26.328   26.349   -1.419    1.043    1.290   -1.419    1.043    1.345   -1.830   -1.479    2.382    1.355
 559.20   26.386   26.400   26.405   -0.874   -0.493    1.386   -0.874   -0.493   -0.683   -1.211    0.430    1.463    0.728
 559.30   26.708   26.731   26.829    1.108    2.290    1.708    1.108    2.290    3.912    1.893    2.538    4.695    2.516
 559.40   25.690   25.770   25.926    2.029    2.842    0.690    2.029    2.842    1.960    1.399    5.767    6.336    3.125
 559.50   27.117   27.119   27.360    0.331    3.629    2.117    0.331    3.629    7.682    0.701    1.202    8.881    3.903
 559.60   27.896   27.921   28.270    1.177    4.426    2.896    1.177    4.426   12.819    3.407    5.208   14.682    7.125
 559.70   26.937   26.980   27.065    1.515    2.142    1.937    1.515    2.142    4.150    2.935    3.245    5.318    3.015
 559.80   28.500   28.501   28.739    0.302    3.685    3.500    0.302    3.685   12.898    1.056    1.112   12.961    6.494
 559.90   27.925   27.952   28.126   -1.235    3.124    2.925   -1.235    3.124    9.138   -3.613   -3.859    9.921    5.278
 560.00   27.452   27.452   27.697    0.147    3.672    2.452    0.147    3.672    9.005    0.360    0.539    9.760    4.514
 560.10   27.786   27.792   28.058   -0.568    3.854    2.786   -0.568    3.854   10.739   -1.584   -2.191   11.470    5.537
 560.20   25.819   25.850   25.993   -1.271    2.721    0.819   -1.271    2.721    2.227   -1.040   -3.457    4.843    2.121
 560.30   24.012   24.012   24.067    0.006    1.630   -0.988    0.006    1.630   -1.610   -0.006    0.009    1.816    0.805
 560.40   24.333   24.381   24.592    1.529    3.214   -0.667    1.529    3.214   -2.142   -1.019    4.915    6.555    2.729
 560.50   24.064   24.151   24.367    2.047    3.237   -0.936    2.047    3.237   -3.028   -1.915    6.625    7.770    3.766
 560.60   22.488   22.615   22.703    2.388    2.004   -2.512    2.388    2.004   -5.035   -5.999    4.787    8.016    4.590
 560.70   22.414   22.458   22.499    1.404    1.359   -2.586    1.404    1.359   -3.515   -3.631    1.909    5.253    2.701
 560.80   23.037   23.114   23.150    1.894    1.282   -1.963    1.894    1.282   -2.517   -3.719    2.428    4.543    2.553
 560.90   22.741   23.066   23.087    3.859    0.978   -2.259    3.859    0.978   -2.210   -8.717    3.775   10.476    4.876
 561.00   22.755   23.084   23.088    3.883    0.451   -2.245    3.883    0.451   -1.013   -8.718    1.752   10.162    4.475
 561.10   22.210   22.314   22.331    2.153    0.853   -2.790    2.153    0.853   -2.380   -6.006    1.837    6.573    3.358
 561.20   21.209   21.327   21.328    2.237   -0.214   -3.791    2.237   -0.214    0.810   -8.481   -0.478    9.710    4.267
 561.30   22.379   22.408   22.439    1.138   -1.172   -2.621    1.138   -1.172    3.071   -2.981   -1.333    4.767    2.241
 561.40   20.714   20.722   20.723   -0.574    0.215   -4.286   -0.574    0.215   -0.919    2.458   -0.123    9.372    1.314
 561.50   21.153   21.174   21.175   -0.948    0.240   -3.847   -0.948    0.240   -0.925    3.646   -0.228    7.878    1.884
 561.60   22.049   22.113   22.114   -1.681   -0.194   -2.951   -1.681   -0.194    0.572    4.960    0.326    5.786    2.502
 561.70   24.016   24.194   24.199   -2.936   -0.472   -0.984   -2.936   -0.472    0.465    2.890    1.386    4.905    1.619
 561.80   24.087   24.355   24.368   -3.601    0.804   -0.913   -3.601    0.804   -0.734    3.287   -2.895    7.222    2.221
 561.90   21.911   22.036   22.123   -2.352    1.950   -3.089   -2.352    1.950   -6.025    7.267   -4.587    9.440    5.248
 562.00   22.275   22.352   22.411   -1.847    1.633   -2.725   -1.847    1.633   -4.449    5.032   -3.016    6.751    3.682
 562.10   22.310   22.431   22.616   -2.324    2.886   -2.690   -2.324    2.886   -7.763    6.252   -6.707   10.483    6.007
 562.20   24.206   24.254   24.519    1.534    3.593   -0.794    1.534    3.593   -2.855   -1.219    5.511    7.947    3.163
 562.30   25.096   25.097   25.235   -0.187    2.637    0.096   -0.187    2.637    0.253   -0.018   -0.494    3.499    0.278
 562.40   23.945   23.956   23.981   -0.727    1.095   -1.055   -0.727    1.095   -1.155    0.766   -0.796    1.420    0.799
 562.50   24.160   24.215   24.234   -1.637    0.964   -0.840   -1.637    0.964   -0.810    1.375   -1.578    2.157    1.122
 562.60   23.108   23.108   23.125    0.040    0.885   -1.892    0.040    0.885   -1.674   -0.076    0.035    2.182    0.838
 562.70   24.795   24.917   24.979   -2.462   -1.760   -0.205   -2.462   -1.760    0.362    0.506    4.334    4.601    2.189
 562.80   24.181   24.222   24.280   -1.410   -1.674   -0.819   -1.410   -1.674    1.371    1.155    2.360    2.730    1.482
 562.90   23.481   23.552   23.582   -1.825   -1.191   -1.519   -1.825   -1.191    1.809    2.772    2.173    3.528    1.980
 563.00   23.517   23.578   23.608   -1.694   -1.187   -1.483   -1.694   -1.187    1.760    2.512    2.011    3.238    1.834
 563.10   21.767   21.803   21.803   -1.241    0.152   -3.233   -1.241    0.152   -0.491    4.013   -0.188    6.008    2.024
 563.20   20.322   20.349   20.359   -1.057    0.626   -4.678   -1.057    0.626   -2.930    4.946   -0.662   11.699    2.893
 563.30   20.465   20.615   20.751   -2.487    2.371   -4.535   -2.487    2.371  -10.755   11.278   -5.897   16.188    8.331
 563.40   22.391   22.547   22.620   -2.646    1.821   -2.609   -2.646    1.821   -4.751    6.904   -4.818    8.562    4.833
 563.50   23.106   23.253   23.561   -2.612    3.797   -1.894   -2.612    3.797   -7.191    4.947   -9.917   12.413    6.606
 563.60   21.620   21.864   22.104   -3.258    3.252   -3.380   -3.258    3.252  -10.991   11.012  -10.593   16.306    9.411
 563.70   20.786   21.130   21.431   -3.797    3.577   -4.214   -3.797    3.577  -15.073   15.999  -13.583   22.484   12.920
 563.80   21.517   21.877   21.920   -3.952    1.371   -3.483   -3.952    1.371   -4.774   13.763   -5.418   14.813    7.771
 563.90   21.990   22.277   22.297   -3.562    0.947   -3.010   -3.562    0.947   -2.851   10.723   -3.375   11.324    5.799
 564.00   21.204   21.491   21.546   -3.496    1.541   -3.796   -3.496    1.541   -5.848   13.271   -5.387   14.503    7.735
 564.10   21.450   21.583   21.841   -2.396    3.347   -3.550   -2.396    3.347  -11.883    8.505   -8.020   14.773    8.335
 564.20   19.981   20.119   20.273   -2.350    2.493   -5.019   -2.350    2.493  -12.511   11.795   -5.858   18.463    9.083
 564.30   21.322   21.532   21.602   -3.003    1.738   -3.678   -3.003    1.738   -6.392   11.047   -5.219   12.784    6.894
 564.40   21.575   21.829   21.830   -3.317    0.286   -3.425   -3.317    0.286   -0.980   11.359   -0.949   11.406    5.720
 564.50   22.756   22.945   22.956   -2.942    0.689   -2.244   -2.942    0.689   -1.547    6.603   -2.028    7.084    3.539
 564.60   24.508   24.551   24.563   -1.444    0.767   -0.492   -1.444    0.767   -0.377    0.710   -1.107    1.457    0.684
 564.70   25.730   25.767   25.899   -1.386    2.608    0.730   -1.386    2.608    1.903   -1.012   -3.615    4.628    2.105
 564.80   24.396   24.413   24.486   -0.901    1.892   -0.604   -0.901    1.892   -1.142    0.544   -1.704    2.378    1.061
 564.90   25.046   25.052   25.102    0.528    1.584    0.046    0.528    1.584    0.074    0.025    0.836    1.395    0.420
 565.00   26.096   26.100   26.106    0.491    0.547    1.096    0.491    0.547    0.600    0.538    0.269    0.870    0.425
 565.10   25.721   25.729   25.753    0.618    1.109    0.721    0.618    1.109    0.800    0.446    0.686    1.066    0.572
 565.20   25.641   25.658   25.770   -0.937    2.400    0.641   -0.937    2.400    1.537   -0.600   -2.248    3.523    1.394
 565.30   26.023   26.025   26.134   -0.347    2.383    1.023   -0.347    2.383    2.438   -0.355   -0.827    3.423    1.299
 565.40   27.185   27.191   27.222   -0.608    1.294    2.185   -0.608    1.294    2.828   -1.328   -0.787    3.409    1.611
 565.50   24.691   24.694   24.695    0.396    0.227   -0.309    0.396    0.227   -0.070   -0.123    0.090    0.152    0.084
 565.60   24.067   24.082   24.082   -0.854   -0.090   -0.933   -0.854   -0.090    0.084    0.797    0.077    0.804    0.402
 565.70   23.331   23.331   23.347    0.042    0.871   -1.669    0.042    0.871   -1.453   -0.071    0.037    1.773    0.728
 565.80   24.013   24.024   24.064    0.746   -1.379   -0.987    0.746   -1.379    1.361   -0.736   -1.028    1.716    0.929
 565.90   22.753   22.759   22.773    0.512   -0.825   -2.247    0.512   -0.825    1.855   -1.150   -0.422    2.997    1.111
 566.00   23.862   23.909   23.914    1.505    0.476   -1.138    1.505    0.476   -0.542   -1.713    0.717    1.893    0.967
 566.10   24.460   24.557   24.557    2.179   -0.197   -0.540    2.179   -0.197    0.107   -1.177   -0.430    2.540    0.629
 566.20   23.787   24.168   24.214    4.270   -1.493   -1.213    4.270   -1.493    1.810   -5.177   -6.373   10.965    4.204
 566.30   25.176   25.778   25.925    5.535   -2.761    0.176    5.535   -2.761   -0.487    0.976  -15.280   19.144    7.660
 566.40   24.644   24.835   24.880    3.080   -1.480   -0.356    3.080   -1.480    0.527   -1.098   -4.559    5.903    2.360
 566.50   23.474   23.776   23.851    3.774   -1.896   -1.526    3.774   -1.896    2.893   -5.757   -7.156   10.082    4.815
 566.60   22.255   22.312   22.312    1.594   -0.075   -2.745    1.594   -0.075    0.205   -4.374   -0.119    5.039    2.190
 566.70   22.588   22.660   22.694    1.799    1.247   -2.412    1.799    1.247   -3.008   -4.339    2.244    5.305    2.868
 566.80   22.825   22.832   22.905    0.528    1.835   -2.175    0.528    1.835   -3.990   -1.149    0.969    4.187    2.132
 566.90   24.101   24.106   24.140   -0.470    1.292   -0.899   -0.470    1.292   -1.161    0.423   -0.607    1.349    0.688
 567.00   24.971   25.016   25.017    1.491   -0.219   -0.029    1.491   -0.219    0.006   -0.043   -0.326    1.135    0.164
 567.10   24.305   24.371   24.450    1.787    1.962   -0.695    1.787    1.962   -1.363   -1.241    3.505    3.762    1.980
 567.20   24.537   24.670   24.798    2.552    2.522   -0.463    2.552    2.522   -1.167   -1.181    6.435    6.542    3.323
 567.30   24.720   24.814   24.999    2.155    3.039   -0.280    2.155    3.039   -0.851   -0.603    6.547    6.977    3.315
 567.40   22.351   22.411   22.448    1.639    1.279   -2.649    1.639    1.279   -3.389   -4.343    2.097    5.670    2.947
 567.50   22.309   22.365   22.370    1.589    0.441   -2.691    1.589    0.441   -1.186   -4.276    0.700    4.980    2.246
 567.60   22.583   22.671   22.742    1.998    1.793   -2.417    1.998    1.793   -4.333   -4.828    3.581    6.523    3.705
 567.70   23.418   23.604   23.653    2.961    1.513   -1.582    2.961    1.513   -2.395   -4.685    4.481    6.780    3.455
 567.80   23.912   24.126   24.154    3.204    1.168   -1.088    3.204    1.168   -1.271   -3.486    3.743    6.407    2.635
 567.90   25.280   25.669   25.675    4.454    0.548    0.280    4.454    0.548    0.153    1.246    2.440   10.110    1.372
 568.00   26.095   26.271   26.271    3.030    0.064    1.095    3.030    0.064    0.070    3.319    0.194    5.192    1.663
 568.10   25.999   26.134   26.143    2.648    0.706    0.999    2.648    0.706    0.705    2.646    1.869    4.254    1.657
 568.20   25.744   25.838   25.865    2.203    1.177    0.744    2.203    1.177    0.875    1.639    2.593    3.396    1.595
 568.30   25.417   25.480   25.481    1.789   -0.166    0.417    1.789   -0.166   -0.069    0.747   -0.296    1.701    0.403
 568.40   26.407   26.503   26.506    2.246   -0.431    1.407    2.246   -0.431   -0.607    3.161   -0.968    3.606    1.681
 568.50   25.337   25.407   25.414    1.875   -0.595    0.337    1.875   -0.595   -0.201    0.633   -1.115    1.992    0.649
 568.60   26.183   26.364   26.374    3.082   -0.736    1.183    3.082   -0.736   -0.871    3.647   -2.268    5.719    2.191
 568.70   28.258   28.502   28.504    3.715   -0.411    3.258    3.715   -0.411   -1.340   12.106   -1.528   12.295    6.138
 568.80   27.239   27.336   27.342    2.297    0.586    2.239    2.297    0.586    1.312    5.144    1.346    5.317    2.738
 568.90   27.139   27.307   27.308    3.026   -0.235    2.139    3.026   -0.235   -0.503    6.472   -0.711    6.893    3.265
 569.00   25.511   25.649   25.666    2.656   -0.940    0.511    2.656   -0.940   -0.480    1.357   -2.497    4.100    1.441
 569.10   25.662   25.662   25.693   -0.168   -1.260    0.662   -0.168   -1.260   -0.834   -0.111    0.212    1.027    0.434
 569.20   25.741   25.744   25.816   -0.341   -1.934    0.741   -0.341   -1.934   -1.434   -0.253    0.659    2.204    0.799
 569.30   24.445   24.627   24.726   -2.992   -2.209   -0.555   -2.992   -2.209    1.226    1.660    6.608    7.068    3.461
 569.40   24.726   24.998   24.998   -3.672   -0.180   -0.274   -3.672   -0.180    0.049    1.005    0.662    6.797    0.602
 569.50   25.659   25.704   25.862   -1.528   -2.851    0.659   -1.528   -2.851   -1.878   -1.007    4.356    5.448    2.425
 569.60   25.538   25.552   25.630   -0.840   -2.005    0.538   -0.840   -2.005   -1.079   -0.452    1.684    2.507    1.025
 569.70   24.193   24.196   24.301    0.343   -2.262   -0.807    0.343   -2.262    1.825   -0.277   -0.776    2.942    1.001
 569.80   21.972   22.048   22.155   -1.833   -2.175   -3.028   -1.833   -2.175    6.588    5.551    3.987    8.631    4.746
 569.90   22.172   22.246   22.358   -1.822   -2.231   -2.828   -1.822   -2.231    6.310    5.153    4.064    8.148    4.552
 570.00   22.542   22.544   22.605    0.307   -1.654   -2.458    0.307   -1.654    4.066   -0.755   -0.508    4.436    2.083
 570.10   24.892   24.901   24.915    0.673   -0.846   -0.108    0.673   -0.846    0.092   -0.073   -0.569    0.590    0.291
 570.20   25.720   25.721   25.744    0.223   -1.076    0.720    0.223   -1.076   -0.775    0.161   -0.240    0.863    0.413
 570.30   25.354   25.476   25.513    2.493    1.374    0.354    2.493    1.374    0.486    0.883    3.424    4.113    1.785
 570.40   25.486   25.543   25.566    1.704    1.095    0.486    1.704    1.095    0.532    0.828    1.866    2.169    1.055
 570.50   24.639   24.743   24.767    2.272   -1.081   -0.361    2.272   -1.081    0.391   -0.821   -2.455    3.230    1.309
 570.60   25.190   25.305   25.309    2.412    0.444    0.190    2.412    0.444    0.084    0.459    1.071    3.026    0.584
 570.70   26.566   26.834   26.835    3.781   -0.237    1.566    3.781   -0.237   -0.371    5.922   -0.895    8.402    3.000
 570.80   28.368   28.598   28.602    3.622    0.508    3.368    3.622    0.508    1.712   12.199    1.841   12.360    6.228
 570.90   28.412   28.710   28.769    4.126    1.844    3.412    4.126    1.844    6.293   14.078    7.609   16.033    8.598
 571.00   27.609   27.774   27.774    3.022    0.005    2.609    3.022    0.005    0.012    7.885    0.014    7.970    3.943
 571.10   26.251   26.407   26.426    2.864    1.009    1.251    2.864    1.009    1.262    3.584    2.889    5.394    2.387
 571.20   26.008   26.243   26.245    3.509    0.288    1.008    3.509    0.288    0.290    3.536    1.011    6.706    1.844
 571.30   25.167   25.508   25.556    4.160    1.552    0.167    4.160    1.552    0.259    0.695    6.456    9.870    3.249
 571.40   25.930   26.561   26.742    5.752    3.109    0.930    5.752    3.109    2.892    5.351   17.882   21.807    9.444
 571.50   27.180   27.615   27.674    4.881    1.815    2.180    4.881    1.815    3.956   10.641    8.858   15.935    7.200
 571.60   26.547   26.929   27.046    4.524    2.513    1.547    4.524    2.513    3.886    6.996   11.367   14.584    6.951
 571.70   26.673   26.887   27.065    3.384    3.097    1.673    3.384    3.097    5.182    5.663   10.482   11.923    6.496
 571.80   27.942   27.990   28.101    1.633    2.494    2.942    1.633    2.494    7.338    4.805    4.074    8.772    4.836
 571.90   27.078   27.103   27.139    1.165    1.399    2.078    1.165    1.399    2.906    2.421    1.630    3.815    2.059
 572.00   27.412   27.503   27.504    2.234    0.183    2.412    2.234    0.183    0.442    5.390    0.410    5.422    2.712
 572.10   28.643   28.958   28.977    4.255    1.064    3.643    4.255    1.064    3.877   15.503    4.528   16.257    8.305
 572.20   28.922   29.017   29.101    2.348    2.205    3.922    2.348    2.205    8.647    9.208    5.177   12.878    6.826
 572.30   28.688   28.791   28.853    2.431    1.887    3.688    2.431    1.887    6.958    8.967    4.587   11.536    6.121
 572.40   29.383   29.737   29.812    4.575    2.122    4.383    4.575    2.122    9.301   20.051    9.709   22.322   12.071
 572.50   30.375   30.650   30.717    4.090    2.033    5.375    4.090    2.033   10.929   21.987    8.316   24.879   12.962
 572.60   29.701   29.958   30.095    3.912    2.868    4.701    3.912    2.868   13.483   18.390   11.218   22.814   12.706
 572.70   28.701   28.930   29.078    3.630    2.934    3.701    3.630    2.934   10.861   13.437   10.653   17.745   10.149
 572.80   27.060   27.295   27.314    3.575    1.027    2.060    3.575    1.027    2.115    7.364    3.671    9.040    4.248
 572.90   27.620   27.799   27.911    3.148    2.499    2.620    3.148    2.499    6.548    8.248    7.867   11.510    6.573
 573.00   27.752   27.868   27.983    2.550    2.529    2.752    2.550    2.529    6.959    7.016    6.448   10.234    5.900
 573.10   28.023   28.083   28.086    1.836    0.432    3.023    1.836    0.432    1.306    5.549    0.793    6.347    2.878
 573.20   27.573   27.642   27.657    1.961    0.887    2.573    1.961    0.887    2.282    5.045    1.739    5.625    2.902
 573.30   28.700   28.998   29.007    4.146    0.688    3.700    4.146    0.688    2.545   15.341    2.851   15.677    7.905
 573.40   27.714   28.030   28.185    4.195    2.950    2.714    4.195    2.950    8.007   11.385   12.377   16.834    9.313
 573.50   26.956   27.317   27.357    4.423    1.486    1.956    4.423    1.486    2.908    8.653    6.574   12.801    5.625
 573.60   26.420   26.795   26.876    4.470    2.078    1.420    4.470    2.078    2.950    6.347    9.289   13.159    5.815
 573.70   25.404   25.852   25.883    4.793    1.257    0.404    4.793    1.257    0.508    1.938    6.027   12.359    3.176
 573.80   26.501   26.763   26.782    3.738    1.001    1.501    3.738    1.001    1.502    5.610    3.742    8.615    3.454
 573.90   25.547   25.769   25.771    3.373    0.326    0.547    3.373    0.326    0.179    1.847    1.101    5.893    1.079
 574.00   27.072   27.276   27.277    3.328   -0.272    2.072    3.328   -0.272   -0.564    6.895   -0.905    7.721    3.489
 574.10   26.137   26.297   26.426    2.904   -2.602    1.137    2.904   -2.602   -2.958    3.300   -7.557    8.248    4.380
 574.20   27.764   27.905   27.932    2.798   -1.242    2.764    2.798   -1.242   -3.432    7.734   -3.474    8.505    4.573
 574.30   27.794   28.028   28.093    3.615   -1.917    2.794    3.615   -1.917   -5.355   10.100   -6.929   12.274    6.684
 574.40   28.057   28.505   28.662    5.034   -2.995    3.057    5.034   -2.995   -9.155   15.391  -15.076   21.829   11.704
 574.50   28.882   29.395   29.565    5.468   -3.170    3.882    5.468   -3.170  -12.305   21.223  -17.333   27.506   15.019
 574.60   28.607   28.848   28.903    3.723   -1.774    3.607    3.723   -1.774   -6.397   13.429   -6.603   15.008    8.137
 574.70   27.724   28.158   28.176    4.924   -1.026    2.724    4.924   -1.026   -2.795   13.412   -5.052   16.358    7.301
 574.80   27.201   27.703   27.766    5.251   -1.877    2.201    5.251   -1.877   -4.131   11.556   -9.857   17.971    7.870
 574.90   25.454   25.687   25.779    3.456   -2.167    0.454    3.456   -2.167   -0.983    1.568   -7.489    8.423    3.857
 575.00   25.663   25.756   25.869    2.187   -2.420    0.663    2.187   -2.420   -1.603    1.449   -5.291    5.538    2.858
 575.10   25.740   25.921   25.925    3.064   -0.467    0.740    3.064   -0.467   -0.345    2.266   -1.430    5.075    1.351
 575.20   25.651   25.884   25.945    3.462   -1.773    0.651    3.462   -1.773   -1.155    2.255   -6.136    7.775    3.319
 575.30   25.826   26.162   26.306    4.178   -2.745    0.826    4.178   -2.745   -2.269    3.453  -11.469   12.838    6.095
 575.40   26.505   27.180   27.240    6.019   -1.807    1.505    6.019   -1.807   -2.719    9.057  -10.876   20.881    7.206
 575.50   27.349   28.001   28.002    6.007    0.214    2.349    6.007    0.214    0.502   14.112    1.283   20.822    7.089
 575.60   27.002   27.677   27.683    6.075   -0.567    2.002    6.075   -0.567   -1.136   12.163   -3.445   20.616    6.346
 575.70   25.493   26.080   26.081    5.505   -0.195    0.493    5.505   -0.195   -0.096    2.711   -1.072   15.293    1.459
 575.80   24.366   25.208   25.216    6.460   -0.628   -0.634    6.460   -0.628    0.398   -4.094   -4.056   21.262    2.888
 575.90   23.133   23.832   23.837    5.726   -0.490   -1.867    5.726   -0.490    0.915  -10.689   -2.807   18.259    5.545
 576.00   21.953   22.575   22.601    5.261   -1.097   -3.047    5.261   -1.097    3.341  -16.031   -5.770   19.084    8.681
 576.10   22.133   22.540   22.541    4.261   -0.261   -2.867    4.261   -0.261    0.748  -12.214   -1.111   13.219    6.144
 576.20   21.509   21.664   21.729    2.586    1.675   -3.491    2.586    1.675   -5.846   -9.029    4.331   10.840    5.798
 576.30   22.862   23.073   23.192    3.116    2.341   -2.138    3.116    2.341   -5.006   -6.663    7.295    9.881    5.538
 576.40   24.604   24.657   24.661    1.625    0.402   -0.396    1.625    0.402   -0.159   -0.644    0.653    1.480    0.466
 576.50   23.580   23.612   23.615    1.239    0.353   -1.420    1.239    0.353   -0.501   -1.760    0.437    1.839    0.941
 576.60   25.151   25.151   25.153   -0.077    0.314    0.151   -0.077    0.314    0.047   -0.012   -0.024    0.064    0.027
 576.70   25.510   25.515   25.537    0.493    1.055    0.510    0.493    1.055    0.539    0.251    0.520    0.809    0.395
 576.80   24.538   24.538   24.573   -0.059    1.302   -0.462   -0.059    1.302   -0.601    0.027   -0.076    0.956    0.303
 576.90   26.169   26.199   26.213   -1.244    0.852    1.169   -1.244    0.852    0.996   -1.455   -1.060    1.820    1.028
 577.00   26.570   26.631   26.678   -1.802    1.589    1.570   -1.802    1.589    2.495   -2.828   -2.864    4.118    2.368
 577.10   26.828   26.849   26.887   -1.063    1.416    1.828   -1.063    1.416    2.589   -1.943   -1.505    3.239    1.785
 577.20   25.236   25.237   25.300    0.158    1.780    0.236    0.158    1.780    0.421    0.037    0.281    1.625    0.254
 577.30   23.590   23.675   23.740    2.000    1.753   -1.410    2.000    1.753   -2.471   -2.820    3.507    4.531    2.567
 577.40   23.162   23.166   23.177   -0.414    0.713   -1.838   -0.414    0.713   -1.310    0.760   -0.295    2.029    0.772
 577.50   23.187   23.189   23.211   -0.269    1.006   -1.813   -0.269    1.006   -1.823    0.488   -0.271    2.185    0.953
 577.60   25.101   25.108   25.141   -0.596    1.270    0.101   -0.596    1.270    0.129   -0.060   -0.757    0.990    0.385
 577.70   24.001   24.043   24.084   -1.425   -1.405   -0.999   -1.425   -1.405    1.403    1.423    2.002    2.501    1.415
 577.80   24.202   24.285   24.515   -2.007   -3.354   -0.798   -2.007   -3.354    2.677    1.602    6.731    7.956    3.709
 577.90   25.418   25.651   25.942   -3.453   -3.869    0.418   -3.453   -3.869   -1.617   -1.443   13.362   13.535    6.768
 578.00   27.142   27.255   27.539   -2.475   -3.948    2.142   -2.475   -3.948   -8.457   -5.302    9.770   13.150    6.984
 578.10   26.594   26.604   26.818   -0.760   -3.382    1.594   -0.760   -3.382   -5.389   -1.211    2.571    7.277    3.046
 578.20   26.515   26.530   26.534   -0.916   -0.451    1.515   -0.916   -0.451   -0.683   -1.387    0.413    1.668    0.800
 578.30   28.257   28.300   28.349   -1.559   -1.677    3.257   -1.559   -1.677   -5.460   -5.079    2.615    7.925    3.951
 578.40   28.297   28.297   28.402   -0.064   -2.446    3.297   -0.064   -2.446   -8.064   -0.212    0.157    8.428    4.034
 578.50   27.162   27.169   27.278    0.631   -2.434    2.162    0.631   -2.434   -5.262    1.364   -1.536    5.499    2.825
 578.60   27.502   27.532   27.865    1.288   -4.296    2.502    1.288   -4.296  -10.747    3.223   -5.534   13.186    6.256
 578.70   25.615   25.669   25.797    1.672   -2.564    0.615    1.672   -2.564   -1.576    1.028   -4.289    4.875    2.342
 578.80   25.582   25.623   25.762    1.445   -2.670    0.582    1.445   -2.670   -1.554    0.841   -3.857    4.777    2.121
 578.90   28.561   28.567   28.709   -0.609   -2.852    3.561   -0.609   -2.852  -10.155   -2.170    1.738   10.592    5.265
 579.00   26.994   27.088   27.210   -2.257   -2.574    1.994   -2.257   -2.574   -5.132   -4.500    5.808    7.846    4.481
 579.10   27.648   27.687   27.833   -1.471   -2.847    2.648   -1.471   -2.847   -7.537   -3.895    4.188    8.639    4.731
 579.20   28.058   28.079   28.160   -1.076   -2.138    3.058   -1.076   -2.138   -6.537   -3.292    2.301    7.540    3.836
 579.30   26.399   26.417   26.422    0.970   -0.502    1.399    0.970   -0.502   -0.702    1.357   -0.486    1.575    0.802
 579.40   26.145   26.167   26.167    1.052   -0.211    1.145    1.052   -0.211   -0.242    1.205   -0.222    1.232    0.625
 579.50   25.970   26.070   26.071    2.271    0.244    0.970    2.271    0.244    0.237    2.204    0.555    3.079    1.142
 579.60   26.702   26.742   26.798    1.462    1.721    1.702    1.462    1.721    2.930    2.489    2.517    3.999    2.298
 579.70   25.560   25.603   25.709    1.484    2.338    0.560    1.484    2.338    1.309    0.831    3.469    3.990    1.900
 579.80   26.010   26.059   26.089    1.591    1.255    1.010    1.591    1.255    1.268    1.608    1.997    2.564    1.430
 579.90   26.269   26.493   26.504    3.440    0.769    1.269    3.440    0.769    0.975    4.364    2.645    7.018    2.598
 580.00   24.266   24.389   24.435    2.440    1.505   -0.734    2.440    1.505   -1.104   -1.790    3.672    4.378    2.116
 580.10   21.788   21.791   21.827    0.377    1.260   -3.212    0.377    1.260   -4.048   -1.210    0.475    6.024    2.126
 580.20   22.778   22.789   22.892   -0.713    2.163   -2.222   -0.713    2.163   -4.806    1.584   -1.542    5.061    2.645
 580.30   23.803   23.877   24.039   -1.878    2.785   -1.197   -1.878    2.785   -3.332    2.247   -5.229    6.356    3.297
 580.40   22.457   22.474   22.533    0.872    1.637   -2.543    0.872    1.637   -4.163   -2.219    1.428    4.954    2.464
 580.50   24.358   24.375   24.437    0.923    1.730   -0.642    0.923    1.730   -1.111   -0.593    1.597    2.129    1.017
 580.60   26.227   26.304   26.349    2.006    1.534    1.227    2.006    1.534    1.883    2.462    3.077    3.942    2.184
 580.70   28.449   28.505   28.547    1.786    1.540    3.449    1.786    1.540    5.312    6.160    2.751    8.729    4.293
 580.80   29.054   29.114   29.115    1.865    0.173    4.054    1.865    0.173    0.703    7.561    0.323    9.973    3.800
 580.90   29.964   30.235   30.286    4.038    1.758    4.964    4.038    1.758    8.726   20.044    7.098   22.019   11.492
 581.00   29.103   29.449   29.456    4.499    0.627    4.103    4.499    0.627    2.575   18.460    2.823   18.735    9.426
 581.10   29.007   29.197   29.200    3.321    0.432    4.007    3.321    0.432    1.730   13.308    1.434   13.636    6.748
 581.20   27.801   28.020   28.057    3.502    1.434    2.801    3.502    1.434    4.017    9.807    5.023   11.081    5.864
 581.30   27.434   27.476   27.494    1.509    1.001    2.434    1.509    1.001    2.436    3.672    1.509    4.601    2.329
 581.40   27.012   27.018   27.037    0.574    1.009    2.012    0.574    1.009    2.030    1.156    0.579    2.698    1.203
 581.50   27.480   27.490   27.552    0.729    1.845    2.480    0.729    1.845    4.575    1.809    1.345    5.043    2.550
 581.60   27.647   27.658   27.688    0.786    1.298    2.647    0.786    1.298    3.436    2.081    1.021    4.654    2.072
 581.70   27.679   27.734   27.747    1.749    0.837    2.679    1.749    0.837    2.241    4.685    1.463    5.467    2.698
 581.80   29.417   29.558   29.561    2.889   -0.381    4.417    2.889   -0.381   -1.683   12.758   -1.101   13.999    6.458
 581.90   28.788   29.018   29.042    3.646    1.178    3.788    3.646    1.178    4.463   13.813    4.296   14.517    7.569
 582.00   28.308   28.480   28.586    3.125    2.459    3.308    3.125    2.459    8.134   10.336    7.683   13.376    7.616
 582.10   27.467   27.749   27.866    3.946    2.559    2.467    3.946    2.559    6.312    9.734   10.099   14.103    7.691
 582.20   28.396   28.453   28.479    1.804    1.215    3.396    1.804    1.215    4.124    6.124    2.191    8.129    3.851
 582.30   29.650   29.721   29.724    2.064    0.428    4.650    2.064    0.428    1.989    9.597    0.883   13.031    4.921
 582.40   30.051   30.095   30.095    1.635   -0.061    5.051    1.635   -0.061   -0.310    8.258   -0.100   14.094    4.132
 582.50   28.470   28.472   28.485    0.353   -0.865    3.470    0.353   -0.865   -3.001    1.224   -0.305    6.456    1.628
 582.60   28.710   28.724   28.735    0.908    0.790    3.710    0.908    0.790    2.931    3.370    0.718    7.605    2.262
 582.70   29.490   29.498   29.508    0.660   -0.760    4.490    0.660   -0.760   -3.411    2.966   -0.502   10.589    2.274
 582.80   30.568   30.571   30.583    0.435   -0.867    5.568    0.435   -0.867   -4.828    2.423   -0.377   15.971    2.708
 582.90   29.947   29.950   29.964   -0.415   -0.924    4.947   -0.415   -0.924   -4.573   -2.054    0.384   12.751    2.514
 583.00   28.905   29.025   29.046   -2.634   -1.098    3.905   -2.634   -1.098   -4.289  -10.286    2.893   11.697    5.757
 583.10   27.907   28.038   28.053   -2.698   -0.927    2.907   -2.698   -0.927   -2.696   -7.845    2.502    8.297    4.332
 583.20   26.046   26.318   26.321   -3.778   -0.373    1.046   -3.778   -0.373   -0.390   -3.950    1.408    7.752    2.106
 583.30   26.333   26.540   26.548   -3.303    0.656    1.333   -3.303    0.656    0.875   -4.404   -2.167    6.558    2.493
 583.40   25.779   26.118   26.206   -4.199    2.142    0.779   -4.199    2.142    1.668   -3.270   -8.992   11.411    4.856
 583.50   27.115   27.692   27.860   -5.623    3.059    2.115   -5.623    3.059    6.470  -11.893  -17.199   22.722   10.944
 583.60   28.919   29.325   29.453   -4.862    2.744    3.919   -4.862    2.744   10.756  -19.055  -13.343   23.265   12.814
 583.70   31.406   31.582   31.660   -3.328    2.227    6.406   -3.328    2.227   14.267  -21.318   -7.412   28.535   13.350
 583.80   31.769   32.063   32.109   -4.335    1.723    6.769   -4.335    1.723   11.661  -29.339   -7.468   33.786   16.222
 583.90   31.393   31.856   31.950   -5.410    2.452    6.393   -5.410    2.452   15.676  -34.591  -13.266   38.080   20.114
 584.00   30.980   31.592   31.638   -6.187    1.704    5.980   -6.187    1.704   10.191  -36.997  -10.543   38.471   19.899
 584.10   31.911   32.412   32.465   -5.677    1.855    6.911   -5.677    1.855   12.819  -39.230  -10.531   41.712   21.297
 584.20   31.078   31.494   31.601   -5.101    2.600    6.078   -5.101    2.600   15.804  -31.006  -13.265   34.864   18.622
 584.30   30.706   31.281   31.416   -5.974    2.902    5.706   -5.974    2.902   16.560  -34.084  -17.337   38.332   20.836
 584.40   30.222   30.722   30.928   -5.520    3.563    5.222   -5.520    3.563   18.608  -28.825  -19.671   35.219   19.774
 584.50   29.450   29.909   30.070   -5.220    3.105    4.450   -5.220    3.105   13.816  -23.228  -16.208   28.345   15.757
 584.60   28.601   29.029   29.099   -4.967    2.021    3.601   -4.967    2.021    7.277  -17.886  -10.037   20.861   10.881
 584.70   28.120   28.689   28.822   -5.682    2.765    3.120   -5.682    2.765    8.627  -17.732  -15.709   24.835   12.606
 584.80   28.132   28.385   28.663   -3.776    3.984    3.132   -3.776    3.984   12.478  -11.828  -15.041   19.969   11.422
 584.90   28.968   29.082   29.451   -2.566    4.647    3.968   -2.566    4.647   18.441  -10.181  -11.922   21.962   12.102
 585.00   27.782   28.073   28.594   -4.031    5.430    2.782   -4.031    5.430   15.109  -11.216  -21.889   26.739   14.433
 585.10   27.733   27.843   28.224   -2.471    4.622    2.733   -2.471    4.622   12.633   -6.753  -11.418   17.468    9.159
 585.20   27.043   27.082   27.192   -1.464    2.437    2.043   -1.464    2.437    4.977   -2.991   -3.567    6.126    3.407
 585.30   24.729   24.810   24.924   -2.001    2.387   -0.271   -2.001    2.387   -0.647    0.542   -4.777    4.888    2.425
 585.40   23.996   24.010   24.195   -0.835    2.984   -1.004   -0.835    2.984   -2.996    0.839   -2.492    5.304    1.993
 585.50   23.457   23.506   23.571   -1.514    1.756   -1.543   -1.514    1.756   -2.710    2.336   -2.658    3.878    2.229
 585.60   23.601   23.879   23.905   -3.632    1.115   -1.399   -3.632    1.115   -1.560    5.081   -4.050    8.195    3.341
 585.70   23.353   23.543   23.546   -2.984   -0.381   -1.647   -2.984   -0.381    0.628    4.915    1.137    5.881    2.542
 585.80   22.135   22.474   22.474   -3.887    0.042   -2.865   -3.887    0.042   -0.121   11.134   -0.164   11.658    5.568
 585.90   23.171   23.460   23.474   -3.672    0.793   -1.829   -3.672    0.793   -1.449    6.715   -2.910    8.727    3.730
 586.00   23.619   23.823   23.843   -3.109    0.980   -1.381   -3.109    0.980   -1.354    4.294   -3.047    6.267    2.718
 586.10   24.140   24.299   24.397   -2.767    2.190   -0.860   -2.767    2.190   -1.883    2.379   -6.061    6.597    3.389
 586.20   24.425   24.484   24.549   -1.699    1.781   -0.575   -1.699    1.781   -1.024    0.977   -3.027    3.196    1.671
 586.30   21.726   21.797   21.847   -1.761    1.484   -3.274   -1.761    1.484   -4.859    5.764   -2.612    8.011    3.989
 586.40   20.746   20.787   20.814   -1.303    1.057   -4.254   -1.303    1.057   -4.498    5.543   -1.378   10.455    3.635
 586.50   21.217   21.420   21.428   -2.938   -0.608   -3.783   -2.938   -0.608    2.300   11.113    1.786   11.655    5.744
 586.60   23.376   23.912   24.029   -5.034   -2.371   -1.624   -5.034   -2.371    3.851    8.177   11.935   16.801    7.485
 586.70   22.303   22.582   22.838   -3.534   -3.415   -2.697   -3.534   -3.415    9.208    9.529   12.068   15.711    8.962
 586.80   22.689   23.120   23.314   -4.441   -3.004   -2.311   -4.441   -3.004    6.941   10.262   13.340   17.043    9.103
 586.90   21.218   21.843   21.981   -5.190   -2.458   -3.782   -5.190   -2.458    9.296   19.629   12.756   23.641   12.594
 587.00   20.332   20.855   21.047   -4.641   -2.834   -4.668   -4.641   -2.834   13.229   21.665   13.153   25.681   14.295
 587.10   20.635   21.212   21.359   -4.917   -2.496   -4.365   -4.917   -2.496   10.898   21.467   12.276   24.735   13.512
 587.20   21.145   21.830   21.915   -5.424   -1.928   -3.855   -5.424   -1.928    7.433   20.908   10.459   23.998   12.266
 587.30   22.043   22.710   22.823   -5.462   -2.269   -2.957   -5.462   -2.269    6.710   16.154   12.394   21.866   10.719
 587.40   20.918   21.919   22.104   -6.549   -2.854   -4.082   -6.549   -2.854   11.651   26.730   18.692   33.847   17.318
 587.50   22.660   23.289   23.414   -5.378   -2.410   -2.340   -5.378   -2.410    5.640   12.588   12.962   20.106    9.464
 587.60   21.464   22.213   22.319   -5.718   -2.178   -3.536   -5.718   -2.178    7.700   20.216   12.453   24.968   12.480
 587.70   20.176   20.773   20.971   -4.947   -2.869   -4.824   -4.947   -2.869   13.839   23.866   14.192   27.988   15.512
 587.80   20.217   20.701   21.103   -4.449   -4.098   -4.783   -4.449   -4.098   19.598   21.277   18.231   29.729   17.096
 587.90   19.538   19.690   19.965   -2.441   -3.303   -5.462   -2.441   -3.303   18.037   13.330    8.060   23.346   11.916
 588.00   20.071   20.072   20.485   -0.255   -4.093   -4.929   -0.255   -4.093   20.175    1.259    1.045   20.557   10.121
 588.10   20.865   21.026   21.208   -2.592   -2.774   -4.135   -2.592   -2.774   11.468   10.716    7.188   15.753    8.632
 588.20   22.404   22.606   22.889   -3.016   -3.589   -2.596   -3.016   -3.589    9.318    7.832   10.825   14.359    8.145
 588.30   22.939   23.221   23.532   -3.607   -3.814   -2.061   -3.607   -3.814    7.861    7.433   13.757   15.903    8.751
 588.40   23.450   23.664   24.097   -3.177   -4.548   -1.550   -3.177   -4.548    7.051    4.926   14.449   16.590    8.407
 588.50   24.439   24.458   24.605   -0.988   -2.681   -0.561   -0.988   -2.681    1.505    0.555    2.648    4.240    1.548
 588.60   24.162   24.162   24.270    0.061   -2.278   -0.838    0.061   -2.278    1.908   -0.051   -0.139    2.947    0.957
 588.70   23.302   23.401   23.608   -2.149   -3.118   -1.698   -2.149   -3.118    5.294    3.648    6.699    8.610    4.642
 588.80   23.376   23.456   23.495   -1.930   -1.358   -1.624   -1.930   -1.358    2.205    3.135    2.621    4.103    2.321
 588.90   22.634   22.783   22.864   -2.602   -1.917   -2.366   -2.602   -1.917    4.535    6.155    4.988    8.020    4.564
 589.00   24.477   24.508   24.509   -1.250    0.180   -0.523   -1.250    0.180   -0.094    0.654   -0.225    0.934    0.349
 589.10   25.724   25.736   25.779   -0.780   -1.484    0.724   -0.780   -1.484   -1.074   -0.565    1.157    1.667    0.838
 589.20   25.527   25.621   25.742   -2.188   -2.491    0.527   -2.188   -2.491   -1.314   -1.154    5.450    5.635    2.862
 589.30   25.199   25.233   25.364   -1.305   -2.578    0.199   -1.305   -2.578   -0.513   -0.260    3.364    4.194    1.706
 589.40   24.968   24.995   24.997    1.178   -0.248   -0.032    1.178   -0.248    0.008   -0.038   -0.293    0.725    0.148
 589.50   25.832   25.832   25.833    0.163    0.228    0.832    0.163    0.228    0.190    0.136    0.037    0.385    0.118
 589.60   24.711   24.712   24.736    0.247    1.095   -0.289    0.247    1.095   -0.317   -0.071    0.271    0.672    0.211
 589.70   25.227   25.231   25.234   -0.443    0.382    0.227   -0.443    0.382    0.087   -0.100   -0.169    0.197    0.107
 589.80   24.726   24.755   24.755   -1.182   -0.050   -0.274   -1.182   -0.050    0.014    0.323    0.060    0.737    0.165
 589.90   23.958   23.996   23.996   -1.359    0.066   -1.042   -1.359    0.066   -0.069    1.417   -0.090    1.469    0.711
 590.00   24.417   24.506   24.524   -2.084   -0.944   -0.583   -2.084   -0.944    0.551    1.216    1.968    2.788    1.189
 590.10   23.596   23.792   23.925   -3.041   -2.523   -1.404   -3.041   -2.523    3.541    4.269    7.673    8.792    4.734
 590.20   25.018   25.111   25.233   -2.159   -2.480    0.018   -2.159   -2.480   -0.044   -0.038    5.356    5.408    2.678
 590.30   26.015   26.207   26.275   -3.167   -1.893    1.015   -3.167   -1.893   -1.920   -3.213    5.993    7.320    3.533
 590.40   25.181   25.297   25.357   -2.412   -1.753    0.181   -2.412   -1.753   -0.318   -0.438    4.227    4.461    2.131
 590.50   24.325   24.437   24.522   -2.333   -2.035   -0.675   -2.333   -2.035    1.373    1.574    4.749    5.021    2.594
 590.60   25.229   25.235   25.239   -0.542   -0.433    0.229   -0.542   -0.433   -0.099   -0.124    0.235    0.267    0.142
 590.70   24.985   24.986   25.024   -0.130    1.391   -0.015   -0.130    1.391   -0.020    0.002   -0.181    0.976    0.091
 590.80   24.806   24.823   24.837    0.901    0.827   -0.194    0.901    0.827   -0.160   -0.174    0.745    0.766    0.391
 590.90   25.692   25.907   25.941    3.333    1.323    0.692    3.333    1.323    0.916    2.306    4.410    6.668    2.530
 591.00   27.134   27.274   27.274    2.750   -0.077    2.134    2.750   -0.077   -0.164    5.871   -0.211    6.063    2.938
 591.10   26.387   26.456   26.458    1.907   -0.359    1.387    1.907   -0.359   -0.498    2.646   -0.685    2.845    1.389
 591.20   27.138   27.138   27.235   -0.067    2.292    2.138   -0.067    2.292    4.900   -0.143   -0.154    4.914    2.452
 591.30   29.063   29.088   29.090    1.200    0.376    4.063    1.200    0.376    1.528    4.875    0.451    9.045    2.564
 591.40   29.445   29.474   29.484    1.308   -0.763    4.445    1.308   -0.763   -3.393    5.815   -0.998   11.028    3.403
 591.50   28.640   28.646   28.652    0.624   -0.580    3.640    0.624   -0.580   -2.110    2.271   -0.362    6.986    1.561
 591.60   29.851   29.853   29.863    0.275   -0.782    4.851    0.275   -0.782   -3.794    1.332   -0.215   12.111    2.013
 591.70   32.388   32.403   32.406   -1.001   -0.416    7.388   -1.001   -0.416   -3.075   -7.397    0.417   27.876    4.011
 591.80   32.741   32.754   32.766   -0.902   -0.891    7.741   -0.902   -0.891   -6.895   -6.984    0.804   30.769    4.923
 591.90   32.763   32.772   32.791   -0.775    1.113    7.763   -0.775    1.113    8.640   -6.017   -0.863   31.050    5.282
 592.00   32.154   32.157   32.172   -0.446    0.965    7.154   -0.446    0.965    6.907   -3.189   -0.430   26.157    3.810
 592.10   32.018   32.029   32.032    0.850   -0.426    7.018    0.850   -0.426   -2.988    5.966   -0.362   25.078    3.341
 592.20   32.933   33.007   33.012    2.207    0.527    7.933    2.207    0.527    4.184   17.507    1.164   34.044    9.019
 592.30   33.334   33.445   33.480    2.732    1.527    8.334    2.732    1.527   12.723   22.770    4.172   39.623   13.208
 592.40   33.006   33.102   33.122    2.519    1.141    8.006    2.519    1.141    9.136   20.167    2.874   35.873   11.163
 592.50   34.859   34.912   34.914    1.918   -0.372    9.859    1.918   -0.372   -3.670   18.912   -0.714   50.513    9.639
 592.60   34.581   34.594   34.629   -0.942    1.554    9.581   -0.942    1.554   14.893   -9.024   -1.464   47.548    8.737
 592.70   33.939   33.939   33.944   -0.055    0.632    8.939   -0.055    0.632    5.646   -0.488   -0.034   40.150    2.834
 592.80   33.083   33.085   33.088   -0.308    0.492    8.083   -0.308    0.492    3.976   -2.487   -0.151   32.837    2.346
 592.90   31.355   31.416   31.416   -1.957   -0.215    6.355   -1.957   -0.215   -1.367  -12.437    0.421   22.130    6.259
 593.00   30.644   30.777   30.777   -2.863   -0.123    5.644   -2.863   -0.123   -0.693  -16.157    0.352   20.031    8.088
 593.10   31.096   31.101   31.102    0.566   -0.077    6.096    0.566   -0.077   -0.470    3.449   -0.044   18.746    1.740
 593.20   31.012   31.026   31.026    0.937    0.069    6.012    0.937    0.069    0.415    5.633    0.065   18.513    2.824
 593.30   32.180   32.181   32.182    0.329   -0.216    7.180    0.329   -0.216   -1.548    2.360   -0.071   25.851    1.412
 593.40   32.343   32.397   32.398    1.869   -0.189    7.343    1.869   -0.189   -1.390   13.726   -0.354   28.726    6.901
 593.50   31.773   31.885   31.886    2.671    0.233    6.773    2.671    0.233    1.577   18.090    0.622   26.532    9.084
 593.60   32.772   33.008   33.008    3.936   -0.175    7.772    3.936   -0.175   -1.358   30.589   -0.688   37.964   15.314
 593.70   32.556   32.702   32.703    3.092    0.088    7.556    3.092    0.088    0.668   23.362    0.273   33.330   11.687
 593.80   32.541   32.659   32.659    2.770    0.067    7.541    2.770    0.067    0.508   20.886    0.187   32.272   10.447
 593.90   32.073   32.126   32.133    1.845    0.663    7.073    1.845    0.663    4.692   13.051    1.224   26.935    6.961
 594.00   30.369   30.390   30.417    1.110    1.295    5.369    1.110    1.295    6.953    5.962    1.438   15.870    4.636
 594.10   30.086   30.126   30.250    1.550    2.739    5.086    1.550    2.739   13.928    7.885    4.246   17.884    8.279
 594.20   30.525   30.535   30.538    0.770    0.474    5.525    0.770    0.474    2.617    4.255    0.365   15.671    2.505
 594.30   30.734   30.757   30.784    1.184   -1.279    5.734    1.184   -1.279   -7.334    6.788   -1.514   17.960    5.054
 594.40   30.487   30.510   30.511    1.195   -0.213    5.487    1.195   -0.213   -1.171    6.558   -0.255   15.790    3.333
 594.50   30.041   30.072   30.076   -1.369    0.477    5.041   -1.369    0.477    2.405   -6.898   -0.653   13.755    3.667
 594.60   29.943   30.088   30.178   -2.946    2.329    4.943   -2.946    2.329   11.514  -14.561   -6.860   19.269    9.895
 594.70   29.951   30.073   30.115   -2.702    1.584    4.951   -2.702    1.584    7.845  -13.380   -4.282   17.164    8.045
 594.80   28.316   28.395   28.412   -2.119    0.972    3.316   -2.119    0.972    3.225   -7.027   -2.060    8.216    4.001
 594.90   27.377   27.622   27.642   -3.673    1.062    2.377   -3.673    1.062    2.524   -8.730   -3.901   10.134    4.945
 595.00   27.281   27.425   27.561   -2.807    2.735    2.281   -2.807    2.735    6.238   -6.403   -7.678   10.281    5.892
 595.10   27.268   27.323   27.343   -1.740    1.047    2.268   -1.740    1.047    2.375   -3.945   -1.823    4.633    2.476
 595.20   28.232   28.232   28.246    0.064   -0.874    3.232    0.064   -0.874   -2.826    0.206   -0.056    5.608    1.417
 595.30   28.414   28.429   28.430    0.939   -0.113    3.414    0.939   -0.113   -0.385    3.207   -0.106    6.275    1.616
 595.40   29.108   29.132   29.193    1.187    1.891    4.108    1.187    1.891    7.768    4.876    2.244   10.929    4.721
 595.50   29.387   29.388   29.484   -0.138    2.378    4.387   -0.138    2.378   10.432   -0.606   -0.328   12.461    5.227
 595.60   29.971   29.972   30.032    0.293    1.888    4.971    0.293    1.888    9.387    1.455    0.553   14.180    4.758
 595.70   29.511   29.512   29.665    0.257    3.016    4.511    0.257    3.016   13.606    1.158    0.774   14.755    6.838
 595.80   29.451   29.490   29.602   -1.514    2.580    4.451   -1.514    2.580   11.481   -6.737   -3.905   14.378    6.937
 595.90   29.607   29.608   29.671   -0.227    1.932    4.607   -0.227    1.932    8.901   -1.044   -0.438   12.504    4.486
 596.00   29.516   29.519   29.613   -0.363    2.364    4.516   -0.363    2.364   10.678   -1.637   -0.857   13.059    5.418
 596.10   29.538   29.545   29.902   -0.610    4.609    4.538   -0.610    4.609   20.917   -2.766   -2.809   21.106   10.643
 596.20   30.285   30.286   30.760    0.211    5.376    5.285    0.211    5.376   28.417    1.117    1.137   28.443   14.231
 596.30   30.548   30.563   31.067    0.962    5.574    5.548    0.962    5.574   30.923    5.339    5.364   31.386   15.918
 596.40   29.592   29.607   30.168   -0.949    5.790    4.592   -0.949    5.790   26.589   -4.359   -5.496   27.757   13.749
 596.50   28.514   28.514   29.089   -0.102    5.755    3.514   -0.102    5.755   20.225   -0.358   -0.586   22.742   10.118
 596.60   28.931   28.934   29.361   -0.446    4.988    3.931   -0.446    4.988   19.607   -1.754   -2.225   20.265    9.905
 596.70   28.075   28.097   28.373    1.118    3.951    3.075    1.118    3.951   12.150    3.437    4.417   13.159    6.688
 596.80   27.973   28.017   28.115    1.584    2.337    2.973    1.584    2.337    6.948    4.708    3.701    8.404    4.586
 596.90   30.447   30.468   30.624    1.128    3.093    5.447    1.128    3.093   16.846    6.147    3.490   20.254    9.135
 597.00   33.043   33.193   33.249    3.145    1.935    8.043    3.145    1.935   15.565   25.294    6.086   39.165   15.158
 597.10   31.355   31.463   31.595    2.601    2.887    6.355    2.601    2.887   18.350   16.529    7.510   27.745   12.907
 597.20   30.237   30.283   30.645    1.667    4.696    5.237    1.667    4.696   24.594    8.730    7.829   26.130   13.623
 597.30   32.658   32.665   32.868    0.649    3.653    7.658    0.649    3.653   27.974    4.969    2.370   36.207   14.255
 597.40   34.039   34.047   34.196    0.712    3.192    9.039    0.712    3.192   28.851    6.433    2.271   46.202   14.823
 597.50   33.525   33.609   33.698    2.377    2.450    8.525    2.377    2.450   20.887   20.260    5.823   42.161   14.838
 597.60   33.767   33.781   33.839    0.957    1.981    8.767    0.957    1.981   17.367    8.386    1.895   40.850    9.689
 597.70   32.577   32.578   32.588    0.073    0.824    7.578    0.073    0.824    6.244    0.550    0.060   29.051    3.134
 597.80   31.985   31.985   32.020   -0.089    1.504    6.985   -0.089    1.504   10.508   -0.623   -0.134   25.529    5.264
 597.90   31.663   31.663   31.755    0.102    2.406    6.663    0.102    2.406   16.030    0.681    0.246   25.098    8.023
 598.00   32.499   32.518   32.557    1.095    1.596    7.499    1.095    1.596   11.969    8.213    1.748   29.992    7.311
 598.10   31.662   31.662   31.667    0.145    0.580    6.662    0.145    0.580    3.867    0.968    0.084   22.369    1.993
 598.20   32.183   32.204   32.220   -1.176    1.005    7.183   -1.176    1.005    7.221   -8.449   -1.183   26.993    5.588
 598.30   30.712   30.735   30.742   -1.198    0.655    5.712   -1.198    0.655    3.743   -6.841   -0.785   17.243    3.919
 598.40   32.308   32.313   32.353   -0.562    1.607    7.308   -0.562    1.607   11.747   -4.104   -0.903   28.152    6.238
 598.50   33.529   33.531   33.694   -0.363    3.311    8.529   -0.363    3.311   28.244   -3.097   -1.202   41.922   14.219
 598.60   31.996   32.013   32.188   -1.035    3.348    6.996   -1.035    3.348   23.427   -7.241   -3.465   30.616   12.382
 598.70   31.250   31.254   31.497    0.542    3.899    6.250    0.542    3.899   24.368    3.386    2.112   27.278   12.346
 598.80   31.899   31.910   31.999    0.841    2.386    6.899    0.841    2.386   16.464    5.801    2.007   26.999    8.785
 598.90   30.651   30.661   30.835    0.808    3.267    5.651    0.808    3.267   18.460    4.563    2.638   21.628    9.599
 599.00   30.445   30.450   30.532   -0.501    2.238    5.445   -0.501    2.238   12.185   -2.730   -1.122   17.455    6.268
 599.10   28.882   28.909   28.909   -1.233   -0.065    3.882   -1.233   -0.065   -0.251   -4.786    0.080    8.298    2.397
 599.20   29.213   29.213   29.221   -0.088   -0.676    4.213   -0.088   -0.676   -2.847   -0.373    0.060    9.107    1.436
 599.30   28.332   28.332   28.346   -0.100    0.878    3.332   -0.100    0.878    2.927   -0.332   -0.088    5.942    1.473
 599.40   27.658   27.661   27.685   -0.449    1.147    2.658   -0.449    1.147    3.048   -1.194   -0.516    4.290    1.657
 599.50   27.493   27.505   27.508   -0.797    0.432    2.493   -0.797    0.432    1.076   -1.986   -0.344    3.519    1.143
 599.60   26.481   26.485   26.490   -0.472   -0.533    1.481   -0.472   -0.533   -0.790   -0.699    0.252    1.350    0.542
 599.70   26.436   26.436   26.451   -0.054   -0.901    1.436   -0.054   -0.901   -1.294   -0.078    0.049    1.438    0.649
 599.80   25.722   25.750   25.751   -1.205    0.066    0.722   -1.205    0.066    0.047   -0.870   -0.079    0.989    0.437
 599.90   24.392   24.431   24.435   -1.379   -0.452   -0.608   -1.379   -0.452    0.275    0.838    0.623    1.238    0.540
 600.00   24.638   24.660   24.698   -1.023   -1.383   -0.362   -1.023   -1.383    0.500    0.370    1.415    1.545    0.773
 600.10   24.498   24.501   24.526    0.396   -1.097   -0.502    0.396   -1.097    0.551   -0.199   -0.434    0.807    0.365
 600.20   25.126   25.126   25.134    0.152    0.620    0.126    0.152    0.620    0.078    0.019    0.094    0.212    0.062
 600.30   25.793   25.826   25.829    1.319   -0.346    0.793    1.319   -0.346   -0.274    1.046   -0.456    1.244    0.587
 600.40   24.158   24.158   24.186    0.159   -1.158   -0.842    0.159   -1.158    0.976   -0.134   -0.184    1.038    0.501
 600.50   23.982   23.996   24.031    0.829   -1.300   -1.018    0.829   -1.300    1.323   -0.844   -1.077    1.706    0.952
 600.60   25.707   25.758   25.758    1.618   -0.023    0.707    1.618   -0.023   -0.016    1.145   -0.037    1.560    0.573
 600.70   24.624   24.638   24.638    0.827    0.039   -0.376    0.827    0.039   -0.015   -0.311    0.032    0.413    0.157
 600.80   25.134   25.140   25.157    0.524   -0.928    0.134    0.524   -0.928   -0.124    0.070   -0.487    0.577    0.254
 600.90   25.422   25.443   25.451    1.032    0.635    0.422    1.032    0.635    0.268    0.435    0.655    0.822    0.415
 601.00   26.118   26.171   26.219    1.655    1.597    1.118    1.655    1.597    1.786    1.850    2.642    3.269    1.844
 601.10   26.524   26.572   26.602    1.594    1.265    1.524    1.594    1.265    1.928    2.430    2.016    3.232    1.850
 601.20   26.850   26.871   26.877    1.078    0.565    1.850    1.078    0.565    1.046    1.994    0.609    2.452    1.166
 601.30   25.464   25.485   25.488    1.041    0.378    0.464    1.041    0.378    0.176    0.483    0.394    0.721    0.324
 601.40   26.608   26.662   26.709    1.700    1.579    1.608    1.700    1.579    2.539    2.734    2.685    3.985    2.298
 601.50   24.957   25.069   25.072    2.368    0.413   -0.043    2.368    0.413   -0.018   -0.102    0.978    2.891    0.492
 601.60   23.798   23.874   23.875    1.905    0.211   -1.202    1.905    0.211   -0.254   -2.290    0.402    2.559    1.169
 601.70   23.992   23.992   23.992   -0.010    0.104   -1.008   -0.010    0.104   -0.105    0.010   -0.001    0.513    0.053
 601.80   25.524   25.528   25.547    0.435   -0.988    0.524    0.435   -0.988   -0.518    0.228   -0.430    0.720    0.355
 601.90   23.711   24.033   24.037    3.926   -0.433   -1.289    3.926   -0.433    0.558   -5.062   -1.699    8.631    2.684
 602.00   23.931   24.307   24.315    4.259    0.623   -1.069    4.259    0.623   -0.666   -4.552    2.655    9.834    2.656
 602.10   23.438   23.575   23.594    2.536    0.958   -1.562    2.536    0.958   -1.497   -3.961    2.430    4.895    2.441
 602.20   22.689   22.763   22.841    1.830    1.895   -2.311    1.830    1.895   -4.379   -4.228    3.467    6.140    3.503
 602.30   23.071   23.375   23.575    3.758    3.068   -1.929    3.758    3.068   -5.919   -7.250   11.528   13.627    7.424
 602.40   23.729   23.979   24.066    3.452    2.051   -1.271    3.452    2.051   -2.607   -4.386    7.080    8.868    4.363
 602.50   22.788   22.971   23.011    2.897    1.346   -2.212    2.897    1.346   -2.978   -6.408    3.900    7.549    4.036
 602.60   24.255   24.345   24.348    2.086    0.363   -0.745    2.086    0.363   -0.270   -1.553    0.758    2.519    0.875
 602.70   24.473   24.521   24.521    1.533   -0.059   -0.527    1.533   -0.059    0.031   -0.808   -0.090    1.316    0.407
 602.80   25.112   25.170   25.288    1.710   -2.439    0.112    1.710   -2.439   -0.273    0.191   -4.169    4.441    2.091
 602.90   26.240   26.288   26.305    1.588   -0.957    1.240    1.588   -0.957   -1.186    1.968   -1.520    2.487    1.378
 603.00   26.126   26.192   26.233    1.857   -1.472    1.126    1.857   -1.472   -1.657    2.091   -2.734    3.442    1.910
 603.10   25.511   25.649   25.669    2.663   -0.996    0.511    2.663   -0.996   -0.509    1.360   -2.654    4.173    1.513
 603.20   26.294   26.398   26.451    2.342   -1.680    1.294    2.342   -1.680   -2.174    3.031   -3.934    4.991    2.710
 603.30   25.365   25.476   25.569    2.373   -2.181    0.365    2.373   -2.181   -0.796    0.867   -5.176    5.261    2.654
 603.40   24.305   24.426   24.487    2.429   -1.717   -0.695    2.429   -1.717    1.193   -1.687   -4.171    4.665    2.327
 603.50   23.888   23.892   23.904    0.472   -0.754   -1.112    0.472   -0.754    0.838   -0.524   -0.355    1.014    0.525
 603.60   23.954   23.957   23.970   -0.337    0.816   -1.046   -0.337    0.816   -0.854    0.352   -0.275    0.937    0.482
 603.70   25.298   25.337   25.362   -1.410    1.122    0.298   -1.410    1.122    0.334   -0.420   -1.581    1.667    0.835
 603.80   24.083   24.218   24.241   -2.553   -1.042   -0.917   -2.553   -1.042    0.955    2.340    2.661    4.222    1.835
 603.90   23.326   23.634   23.647   -3.803   -0.793   -1.674   -3.803   -0.793    1.328    6.366    3.017    8.947    3.584
 604.00   22.066   22.477   22.483   -4.282    0.507   -2.934   -4.282    0.507   -1.488   12.566   -2.171   13.602    6.419
 604.10   22.684   23.015   23.080   -3.891   -1.729   -2.316   -3.891   -1.729    4.004    9.013    6.727   11.748    5.969
 604.20   23.342   24.150   24.176   -6.193   -1.118   -1.658   -6.193   -1.118    1.852   10.265    6.921   21.174    6.259
 604.30   22.407   23.139   23.190   -5.773   -1.541   -2.593   -5.773   -1.541    3.997   14.971    8.898   21.214    8.934
 604.40   21.166   21.752   21.834   -5.015   -1.890   -3.834   -5.015   -1.890    7.248   19.229    9.480   21.712   11.315
 604.50   21.223   21.498   21.525   -3.432   -1.071   -3.777   -3.432   -1.071    4.045   12.964    3.675   13.597    7.035
 604.60   22.481   22.738   22.781   -3.411   -1.384   -2.519   -3.411   -1.384    3.486    8.590    4.720    9.946    5.202
 604.70   21.045   21.697   21.710   -5.276   -0.749   -3.955   -5.276   -0.749    2.963   20.863    3.953   22.016   10.720
 604.80   21.206   21.786   21.805   -4.993    0.903   -3.794   -4.993    0.903   -3.428   18.945   -4.511   20.072    9.887
 604.90   21.640   22.258   22.273   -5.207    0.828   -3.360   -5.207    0.828   -2.780   17.495   -4.309   19.543    9.116
 605.00   22.286   22.834   22.835   -4.971   -0.211   -2.714   -4.971   -0.211    0.573   13.491    1.049   16.060    6.772
 605.10   22.618   23.627   23.635   -6.830   -0.584   -2.382   -6.830   -0.584    1.390   16.267    3.987   26.334    8.403
 605.20   23.282   24.241   24.247   -6.749    0.546   -1.718   -6.749    0.546   -0.938   11.592   -3.687   24.398    6.100
 605.30   23.968   24.792   24.808   -6.339    0.872   -1.032   -6.339    0.872   -0.899    6.539   -5.526   21.003    4.304
 605.40   26.155   26.605   26.607   -4.869   -0.364    1.155   -4.869   -0.364   -0.420   -5.626    1.770   12.586    2.956
 605.50   24.145   24.840   24.905   -5.836   -1.797   -0.855   -5.836   -1.797    1.536    4.988   10.485   19.007    5.856
 605.60   24.621   25.454   25.471   -6.457   -0.932   -0.379   -6.457   -0.932    0.353    2.445    6.018   21.351    3.253
 605.70   24.773   26.389   26.403   -9.091   -0.870   -0.227   -9.091   -0.870    0.197    2.062    7.913   41.732    4.090
 605.80   27.555   28.659   28.730   -7.876   -2.023    2.555   -7.876   -2.023   -5.169  -20.125   15.931   36.324   13.092
 605.90   28.971   29.393   29.418   -4.960   -1.216    3.971   -4.960   -1.216   -4.829  -19.696    6.032   20.925   10.579
 606.00   27.048   27.655   27.672   -5.762   -0.945    2.048   -5.762   -0.945   -1.937  -11.804    5.448   19.148    6.572
 606.10   24.814   25.397   25.419   -5.412   -1.048   -0.186   -5.412   -1.048    0.195    1.006    5.672   15.209    2.882
 606.20   24.488   24.849   24.987   -4.223   -2.615   -0.512   -4.223   -2.615    1.339    2.163   11.044   12.468    5.667
 606.30   27.026   27.128   27.163   -2.358   -1.375    2.026   -2.358   -1.375   -2.786   -4.776    3.243    5.777    3.205
 606.40   27.826   27.981   27.994   -2.936   -0.863    2.826   -2.936   -0.863   -2.438   -8.299    2.533    8.678    4.507
 606.50   27.985   28.219   28.263   -3.631   -1.578    2.985   -3.631   -1.578   -4.709  -10.837    5.729   12.290    6.566
 606.60   26.451   26.530   26.531   -2.048    0.257    1.451   -2.048    0.257    0.373   -2.971   -0.527    3.183    1.520
 606.70   26.887   26.988   27.003   -2.326    0.913    1.887   -2.326    0.913    1.723   -4.390   -2.123    4.902    2.586
 606.80   27.695   27.754   27.766   -1.814    0.819    2.695   -1.814    0.819    2.208   -4.890   -1.486    5.613    2.783
 606.90   26.940   27.027   27.030   -2.163    0.406    1.940   -2.163    0.406    0.789   -4.198   -0.879    4.305    2.180
 607.00   26.949   27.137   27.144   -3.192   -0.619    1.949   -3.192   -0.619   -1.206   -6.220    1.975    7.185    3.318
 607.10   26.908   27.166   27.176   -3.734    0.765    1.908   -3.734    0.765    1.458   -7.124   -2.855    9.084    3.906
 607.20   26.572   27.106   27.155   -5.354    1.631    1.572   -5.354    1.631    2.563   -8.414   -8.730   16.896    6.196
 607.30   27.394   27.823   27.840   -4.868    0.965    2.394   -4.868    0.965    2.310  -11.654   -4.699   15.182    6.388
 607.40   26.976   27.431   27.435   -4.979   -0.438    1.976   -4.979   -0.438   -0.866   -9.837    2.182   14.443    5.057
 607.50   26.295   26.744   26.750   -4.885   -0.550    1.295   -4.885   -0.550   -0.712   -6.323    2.686   12.919    3.453
 607.60   25.199   25.754   25.758   -5.319    0.466    0.199   -5.319    0.466    0.092   -1.057   -2.476   14.274    1.347
 607.70   26.919   27.220   27.275   -4.042   -1.731    1.919   -4.042   -1.731   -3.322   -7.755    6.998   11.508    5.481
 607.80   27.334   27.664   27.702   -4.261   -1.436    2.334   -4.261   -1.436   -3.352   -9.947    6.119   12.833    6.075
 607.90   26.913   27.278   27.283   -4.447   -0.504    1.913   -4.447   -0.504   -0.964   -8.507    2.241   11.843    4.425
 608.00   26.336   26.835   26.860   -5.149   -1.177    1.336   -5.149   -1.177   -1.572   -6.879    6.058   14.840    4.650
 608.10   26.119   26.399   26.405   -3.834    0.573    1.119   -3.834    0.573    0.642   -4.291   -2.198    8.141    2.432
 608.20   27.522   27.895   27.914   -4.548    1.025    2.522   -4.548    1.025    2.584  -11.469   -4.661   14.047    6.323
 608.30   28.556   28.756   28.765   -3.392    0.705    3.556   -3.392    0.705    2.506  -12.060   -2.390   12.322    6.274
 608.40   27.839   27.960   27.979   -2.600   -1.024    2.839   -2.600   -1.024   -2.908   -7.383    2.663    7.936    4.185
 608.50   28.686   28.778   28.809   -2.307   -1.334    3.686   -2.307   -1.334   -4.916   -8.502    3.077   10.343    5.146
 608.60   29.625   29.845   29.899   -3.620   -1.792    4.625   -3.620   -1.792   -8.286  -16.741    6.485   18.851    9.887
 608.70   29.049   29.403   29.421   -4.548   -1.012    4.049   -4.548   -1.012   -4.099  -18.418    4.604   19.055    9.711
 608.80   29.646   30.021   30.064   -4.730   -1.613    4.646   -4.730   -1.613   -7.495  -21.974    7.630   23.279   12.219
 608.90   31.804   32.206   32.293   -5.069   -2.368    6.804   -5.069   -2.368  -16.115  -34.492   12.006   38.801   19.959
 609.00   31.979   32.419   32.773   -5.324   -4.806    6.979   -5.324   -4.806  -33.541  -37.155   25.589   50.074   28.108
 609.10   31.347   31.555   31.757   -3.620   -3.577    6.347   -3.620   -3.577  -22.703  -22.976   12.950   33.091   17.400
 609.20   31.339   31.431   31.572   -2.398   -2.985    6.339   -2.398   -2.985  -18.921  -15.203    7.159   27.423   12.653
 609.30   29.311   29.523   29.539   -3.527   -0.980    4.311   -3.527   -0.980   -4.224  -15.205    3.456   15.993    8.077
 609.40   30.065   30.220   30.230   -3.065   -0.770    5.065   -3.065   -0.770   -3.900  -15.525    2.360   17.820    8.090
 609.50   29.894   30.163   30.201   -4.024   -1.509    4.894   -4.024   -1.509   -7.383  -19.690    6.070   21.207   10.944
 609.60   27.595   27.782   27.794   -3.212   -0.843    2.595   -3.212   -0.843   -2.187   -8.337    2.707    8.882    4.517
 609.70   27.215   27.300   27.360   -2.157   -1.805    2.215   -2.157   -1.805   -3.998   -4.777    3.892    6.408    3.673
 609.80   28.268   28.419   28.541   -2.927   -2.635    3.268   -2.927   -2.635   -8.611   -9.564    7.713   13.094    7.502
 609.90   28.025   28.070   28.318   -1.584   -3.746    3.025   -1.584   -3.746  -11.330   -4.792    5.934   12.845    6.829
 610.00   28.149   28.199   28.378   -1.668   -3.181    3.149   -1.668   -3.181  -10.019   -5.255    5.308   11.412    6.248
 610.10   29.009   29.020   29.138   -0.799   -2.614    4.009   -0.799   -2.614  -10.480   -3.205    2.090   11.773    5.578
 610.20   30.782   30.833   30.961   -1.765   -2.812    5.782   -1.765   -2.812  -16.258  -10.203    4.961   22.227    9.912
 610.30   32.155   32.277   32.519   -2.800   -3.962    7.155   -2.800   -3.962  -28.352  -20.034   11.095   37.368   18.223
 610.40   32.399   32.497   32.708   -2.529   -3.709    7.399   -2.529   -3.709  -27.444  -18.712    9.381   37.447   17.258
 610.50   30.930   31.109   31.174   -3.329   -2.018    5.930   -3.329   -2.018  -11.968  -19.745    6.719   25.163   12.023
 610.60   31.415   31.570   31.731   -3.125   -3.194    6.415   -3.125   -3.194  -20.490  -20.047    9.983   30.558   15.177
 610.70   32.316   32.492   32.683   -3.384   -3.524    7.316   -3.384   -3.524  -25.780  -24.759   11.926   38.695   18.840
 610.80   31.671   31.907   32.113   -3.881   -3.626    6.671   -3.881   -3.626  -24.185  -25.889   14.071   36.352   19.060
 610.90   31.946   32.091   32.265   -3.049   -3.350    6.946   -3.049   -3.350  -23.270  -21.178   10.215   34.382   16.540
 611.00   31.683   31.841   31.841   -3.167   -0.069    6.683   -3.167   -0.069   -0.464  -21.166    0.220   27.350   10.586
 611.10   30.930   31.268   31.268   -4.586    0.165    5.930   -4.586    0.165    0.977  -27.197   -0.756   28.112   13.612
 611.20   29.451   29.771   29.833   -4.356   -1.918    4.451   -4.356   -1.918   -8.537  -19.388    8.355   21.232   11.386
 611.30   29.166   29.636   29.658   -5.253   -1.148    4.166   -5.253   -1.148   -4.783  -21.887    6.031   23.137   11.601
 611.40   31.060   31.518   31.605   -5.356   -2.344    6.060   -5.356   -2.344  -14.203  -32.456   12.554   35.450   18.793
 611.50   31.686   31.883   31.902   -3.539   -1.103    6.686   -3.539   -1.103   -7.373  -23.663    3.903   29.222   12.545
 611.60   32.274   32.289   32.295   -0.961   -0.612    7.274   -0.961   -0.612   -4.456   -6.990    0.589   27.108    4.155
 611.70   30.366   30.381   30.382   -0.956    0.312    5.366   -0.956    0.312    1.676   -5.127   -0.298   14.901    2.701
 611.80   30.776   30.801   30.864   -1.239   -1.973    5.776   -1.239   -1.973  -11.397   -7.155    2.444   19.395    6.839
 611.90   31.338   31.611   31.640   -4.147   -1.361    6.338   -4.147   -1.361   -8.626  -26.282    5.644   29.608   14.116
 612.00   30.697   31.099   31.208   -4.981   -2.614    5.697   -4.981   -2.614  -14.894  -28.378   13.022   32.052   17.297
 612.10   30.405   30.726   30.751   -4.433   -1.235    5.405   -4.433   -1.235   -6.674  -23.959    5.473   25.194   12.733
 612.20   29.785   30.033   30.034   -3.844   -0.269    4.785   -3.844   -0.269   -1.289  -18.397    1.036   18.876    9.235
 612.30   29.511   29.790   29.800   -4.066    0.791    4.511   -4.066    0.791    3.566  -18.343   -3.215   18.754    9.480
 612.40   28.721   28.900   28.904   -3.214   -0.448    3.721   -3.214   -0.448   -1.666  -11.959    1.439   12.188    6.080
 612.50   26.814   27.324   27.324   -5.255    0.139    1.814   -5.255    0.139    0.253   -9.531   -0.732   15.462    4.781
 612.60   27.371   27.759   27.856   -4.625    2.324    2.371   -4.625    2.324    5.510  -10.966  -10.747   16.205    8.157
 612.70   25.796   25.951   26.164   -2.832    3.332    0.796   -2.832    3.332    2.653   -2.255   -9.437    9.879    5.029
 612.80   26.423   26.535   26.610   -2.430    2.006    1.423   -2.430    2.006    2.855   -3.458   -4.875    5.977    3.312
 612.90   26.520   26.816   26.830   -3.975   -0.848    1.520   -3.975   -0.848   -1.289   -6.042    3.371    9.416    3.519
 613.00   27.625   28.054   28.054   -4.888    0.128    2.625   -4.888    0.128    0.335  -12.828   -0.625   15.396    6.424
 613.10   29.500   29.925   29.952   -5.025    1.281    4.500   -5.025    1.281    5.763  -22.613   -6.436   23.571   12.104
 613.20   29.942   30.445   30.483   -5.512   -1.516    4.942   -5.512   -1.516   -7.490  -27.238    8.353   28.549   14.729
 613.30   29.873   30.120   30.180   -3.854   -1.898    4.873   -3.854   -1.898   -9.250  -18.778    7.315   21.099   11.087
 613.40   29.296   29.409   29.429   -2.582   -1.079    4.296   -2.582   -1.079   -4.635  -11.091    2.786   13.141    6.169
 613.50   29.645   29.670   29.670   -1.236   -0.032    4.645   -1.236   -0.032   -0.147   -5.740    0.039   11.551    2.871
 613.60   29.138   29.215   29.220   -2.118    0.557    4.138   -2.118    0.557    2.306   -8.765   -1.180   10.960    4.570
 613.70   28.688   28.711   28.713   -1.156   -0.260    3.688   -1.156   -0.260   -0.958   -4.263    0.300    7.503    2.190
 613.80   26.668   26.671   26.715    0.393   -1.539    1.668    0.393   -1.539   -2.567    0.655   -0.604    2.653    1.359
 613.90   26.730   26.730   26.737    0.121    0.584    1.730    0.121    0.584    1.010    0.209    0.071    1.674    0.517
 614.00   26.062   26.065   26.069   -0.419    0.465    1.062   -0.419    0.465    0.494   -0.445   -0.195    0.760    0.346
 614.10   25.188   25.188   25.190   -0.165    0.317    0.188   -0.165    0.317    0.060   -0.031   -0.052    0.082    0.043
 614.20   26.298   26.311   26.317    0.822    0.564    1.298    0.822    0.564    0.733    1.067    0.464    1.340    0.688
 614.30   26.865   26.889   26.889   -1.155    0.083    1.865   -1.155    0.083    0.154   -2.154   -0.096    2.409    1.081
 614.40   27.448   27.472   27.482   -1.146    0.719    2.448   -1.146    0.719    1.761   -2.805   -0.824    3.912    1.706
 614.50   27.436   27.445   27.472    0.696    1.223    2.436    0.696    1.223    2.979    1.696    0.851    3.957    1.766
 614.60   27.376   27.386   27.389    0.745    0.413    2.376    0.745    0.413    0.982    1.771    0.308    3.185    1.024
 614.70   26.235   26.316   26.338    2.066    1.066    1.235    2.066    1.066    1.317    2.551    2.203    3.465    1.809
 614.80   26.033   26.035   26.035   -0.259   -0.090    1.033   -0.259   -0.090   -0.093   -0.268    0.023    0.572    0.142
 614.90   25.342   25.343   25.356   -0.165    0.826    0.342   -0.165    0.826    0.283   -0.057   -0.137    0.413    0.160
 615.00   27.732   27.734   27.834    0.357    2.352    2.732    0.357    2.352    6.425    0.976    0.840    6.561    3.276
 615.10   27.870   27.872   27.974    0.268    2.387    2.870    0.268    2.387    6.851    0.768    0.639    7.004    3.462
 615.20   26.856   26.903   27.043    1.586    2.752    1.856    1.586    2.752    5.108    2.943    4.364    6.767    3.667
 615.30   26.776   26.995   27.149    3.433    2.885    1.776    3.433    2.885    5.124    6.096    9.903   11.630    6.354
 615.40   27.302   27.484   27.621    3.161    2.744    2.302    3.161    2.744    6.316    7.276    8.673   11.409    6.482
 615.50   25.159   25.198   25.284    1.407    2.079    0.159    1.407    2.079    0.330    0.224    2.924    3.163    1.476
 615.60   26.711   26.721   26.822    0.717    2.331    1.711    0.717    2.331    3.989    1.228    1.672    4.438    2.248
 615.70   25.568   25.571   25.758    0.382    3.103    0.568    0.382    3.103    1.763    0.217    1.185    5.048    1.068
 615.80   25.932   25.946   26.077    0.863    2.606    0.932    0.863    2.606    2.428    0.804    2.248    4.203    1.703
 615.90   24.899   24.899   25.041    0.087    2.658   -0.101    0.087    2.658   -0.269   -0.009    0.230    3.541    0.177
 616.00   25.251   25.283   25.289    1.272    0.556    0.251    1.272    0.556    0.140    0.320    0.707    0.995    0.394
 616.10   24.674   24.678   24.721   -0.395    1.470   -0.326   -0.395    1.470   -0.479    0.129   -0.581    1.211    0.382
 616.20   24.390   24.398   24.458   -0.612    1.715   -0.610   -0.612    1.715   -1.046    0.373   -1.049    1.844    0.764
 616.30   25.130   25.144   25.203   -0.816    1.731    0.130   -0.816    1.731    0.226   -0.106   -1.412    1.840    0.717
 616.40   25.235   25.303   25.373   -1.850    1.885    0.235   -1.850    1.885    0.443   -0.435   -3.486    3.514    1.770
 616.50   25.548   25.567   25.683   -0.979    2.442    0.548   -0.979    2.442    1.339   -0.537   -2.390    3.611    1.396
 616.60   24.223   24.233   24.313   -0.704    1.967   -0.777   -0.704    1.967   -1.528    0.547   -1.384    2.483    1.066
 616.70   25.498   25.521   25.628   -1.095    2.331    0.498   -1.095    2.331    1.160   -0.545   -2.553    3.440    1.428
 616.80   28.577   28.583   28.586   -0.623    0.414    3.577   -0.623    0.414    1.482   -2.227   -0.258    6.676    1.344
 616.90   27.919   27.920   27.936   -0.091    0.949    2.919   -0.091    0.949    2.772   -0.265   -0.086    4.716    1.393
 617.00   28.830   28.830   28.847    0.152    0.979    3.830    0.152    0.979    3.749    0.584    0.149    7.824    1.899
 617.10   28.582   28.608   28.728    1.210    2.632    3.582    1.210    2.632    9.429    4.336    3.186   10.612    5.428
 617.20   29.581   29.581   29.711   -0.113    2.776    4.581   -0.113    2.776   12.715   -0.519   -0.314   14.351    6.365
 617.30   28.687   28.689   28.790    0.336    2.416    3.687    0.336    2.416    8.907    1.240    0.813    9.771    4.515
 617.40   27.587   27.658   27.731    1.982    2.001    2.587    1.982    2.001    5.178    5.127    3.966    7.313    4.148
 617.50   26.600   26.697   26.752    2.272    1.712    1.600    2.272    1.712    2.740    3.636    3.891    5.328    2.994
 617.60   28.685   28.749   28.755    1.919    0.584    3.685    1.919    0.584    2.152    7.070    1.120    8.801    3.738
 617.70   30.035   30.035   30.095    0.111    1.900    5.035    0.111    1.900    9.565    0.558    0.211   14.486    4.792
 617.80   29.821   29.824   30.005    0.375    3.288    4.821    0.375    3.288   15.855    1.808    1.233   17.101    8.003
 617.90   29.359   29.364   29.434    0.516    2.037    4.359    0.516    2.037    8.879    2.249    1.051   11.709    4.610
 618.00   29.766   29.839   30.130    2.083    4.174    4.766    2.083    4.174   19.897    9.930    8.697   22.243   11.939
 618.10   29.920   29.980   30.257    1.898    4.089    4.920    1.898    4.089   20.116    9.335    7.759   22.262   11.747
 618.20   30.891   30.904   31.254    0.911    4.664    5.891    0.911    4.664   27.476    5.368    4.250   28.644   14.158
 618.30   29.359   29.390   29.765    1.341    4.707    4.359    1.341    4.707   20.520    5.845    6.311   21.480   11.125
 618.40   29.729   29.790   29.862    1.911    2.065    4.729    1.911    2.065    9.765    9.038    3.947   15.139    6.939
 618.50   31.159   31.160   31.227    0.203    2.051    6.159    0.203    2.051   12.634    1.249    0.416   21.091    6.351
 618.60   30.077   30.079   30.148   -0.309    2.048    5.077   -0.309    2.048   10.398   -1.570   -0.633   15.033    5.268
 618.70   30.809   30.828   30.849   -1.078    1.145    5.809   -1.078    1.145    6.653   -6.261   -1.234   18.109    4.609
 618.80   29.905   29.922   29.944   -0.991    1.152    4.905   -0.991    1.152    5.651   -4.859   -1.141   13.184    3.770
 618.90   29.265   29.266   29.282    0.222   -0.968    4.265    0.222   -0.968   -4.130    0.945   -0.215    9.589    2.121
 619.00   29.527   29.548   29.555    1.125   -0.642    4.527    1.125   -0.642   -2.907    5.092   -0.722   11.085    2.954
 619.10   30.646   30.647   30.697   -0.169   -1.754    5.646   -0.169   -1.754   -9.903   -0.955    0.297   17.491    4.977
 619.20   28.658   28.695   28.747    1.459   -1.731    3.658    1.459   -1.731   -6.333    5.336   -2.526    9.252    4.329
 619.30   27.918   27.920   27.921   -0.344   -0.210    2.918   -0.344   -0.210   -0.613   -1.003    0.072    4.338    0.589
 619.40   27.838   27.847   27.854   -0.699    0.641    2.838   -0.699    0.641    1.818   -1.983   -0.448    4.477    1.364
 619.50   28.415   28.415   28.417   -0.145   -0.302    3.415   -0.145   -0.302   -1.033   -0.496    0.044    5.886    0.573
 619.60   28.413   28.417   28.463   -0.496    1.616    3.413   -0.496    1.616    5.515   -1.693   -0.802    7.253    2.912
 619.70   27.985   27.985   28.119   -0.035    2.745    2.985   -0.035    2.745    8.192   -0.105   -0.096    8.222    4.097
 619.80   26.999   27.038   27.116   -1.434    2.064    1.999   -1.434    2.064    4.126   -2.867   -2.959    5.156    2.916
 619.90   27.456   27.619   27.628   -2.995    0.708    2.456   -2.995    0.708    1.738   -7.355   -2.119    7.751    3.925
 620.00   26.942   27.070   27.134   -2.630    1.860    1.942   -2.630    1.860    3.613   -5.108   -4.892    7.075    3.971
 620.10   27.559   27.583   27.607   -1.156    1.153    2.559   -1.156    1.153    2.951   -2.958   -1.333    4.607    2.193
 620.20   27.565   27.573   27.574   -0.652   -0.282    2.565   -0.652   -0.282   -0.723   -1.673    0.184    3.542    0.916
 620.30   26.819   26.819   26.859   -0.136    1.470    1.819   -0.136    1.470    2.673   -0.248   -0.200    2.744    1.346
 620.40   26.389   26.410   26.422   -1.041    0.814    1.389   -1.041    0.814    1.130   -1.446   -0.847    1.838    1.011
 620.50   26.373   26.383   26.388   -0.743    0.499    1.373   -0.743    0.499    0.684   -1.019   -0.370    1.342    0.641
 620.60   27.270   27.359   27.361    2.203    0.357    2.270    2.203    0.357    0.811    5.001    0.787    5.067    2.563
 620.70   27.941   27.984   27.985    1.552    0.244    2.941    1.552    0.244    0.719    4.564    0.379    5.558    2.318
 620.80   28.026   28.036   28.037   -0.747    0.288    3.026   -0.747    0.288    0.870   -2.261   -0.215    4.898    1.216
 620.90   28.213   28.218   28.222    0.494   -0.480    3.213    0.494   -0.480   -1.544    1.589   -0.238    5.401    1.114
 621.00   28.777   28.778   28.778    0.244   -0.078    3.777    0.244   -0.078   -0.296    0.923   -0.019    7.167    0.485
 621.10   30.686   30.729   30.730    1.621   -0.199    5.686    1.621   -0.199   -1.132    9.219   -0.323   17.500    4.647
 621.20   30.658   30.705   30.707    1.696    0.337    5.658    1.696    0.337    1.907    9.598    0.572   17.503    4.901
 621.30   31.714   31.716   31.723    0.350    0.672    6.714    0.350    0.672    4.515    2.352    0.236   22.827    2.548
 621.40   30.756   30.855   30.855   -2.468    0.051    5.756   -2.468    0.051    0.291  -14.208   -0.125   19.615    7.106
 621.50   29.700   29.701   29.710   -0.310    0.708    4.700   -0.310    0.708    3.329   -1.459   -0.220   11.342    1.821
 621.60   28.673   28.733   28.751   -1.860    1.005    3.673   -1.860    1.005    3.692   -6.833   -1.870    8.981    3.994
 621.70   29.665   29.749   29.777   -2.232    1.296    4.665   -2.232    1.296    6.047  -10.414   -2.894   14.212    6.193
 621.80   31.359   31.475   31.475   -2.696   -0.028    6.359   -2.696   -0.028   -0.180  -17.146    0.076   23.855    8.574
 621.90   31.080   31.168   31.168   -2.341   -0.100    6.080   -2.341   -0.100   -0.606  -14.234    0.233   21.226    7.124
 622.00   30.562   30.590   30.595   -1.312   -0.521    5.562   -1.312   -0.521   -2.897   -7.296    0.683   16.464    3.940
 622.10   28.719   28.758   28.840   -1.504   -2.174    3.719   -1.504   -2.174   -8.086   -5.595    3.271   10.411    5.182
 622.20   28.570   28.570   28.615   -0.032   -1.606    3.570   -0.032   -1.606   -5.732   -0.114    0.051    7.661    2.867
 622.30   28.458   28.460   28.462   -0.328   -0.387    3.458   -0.328   -0.387   -1.339   -1.134    0.127    6.107    0.880
 622.40   27.383   27.385   27.386   -0.265   -0.205    2.383   -0.265   -0.205   -0.490   -0.632    0.054    2.897    0.401
 622.50   28.031   28.065   28.066    1.383    0.204    3.031    1.383    0.204    0.619    4.191    0.282    5.570    2.123
 622.60   26.741   26.745   26.769    0.471    1.143    1.741    0.471    1.143    1.989    0.820    0.538    2.279    1.109
 622.70   25.769   25.790   25.799    1.038    0.695    0.769    1.038    0.695    0.534    0.798    0.721    1.076    0.601
 622.80   26.579   26.604   26.609    1.155   -0.549    1.579    1.155   -0.549   -0.867    1.824   -0.635    2.064    1.058
 622.90   26.488   26.556   26.581    1.906    1.152    1.488    1.906    1.152    1.714    2.835    2.196    3.586    1.987
 623.00   27.227   27.272   27.301    1.574    1.241    2.227    1.574    1.241    2.764    3.505    1.953    4.488    2.436
 623.10   27.408   27.435   27.538    1.207    2.379    2.408    1.207    2.379    5.728    2.907    2.872    6.458    3.518
 623.20   25.532   25.556   25.563   -1.116    0.598    0.532   -1.116    0.598    0.318   -0.593   -0.667    0.942    0.474
 623.30   24.729   24.751   24.822    1.041    1.881   -0.271    1.041    1.881   -0.509   -0.282    1.957    2.347    1.021
 623.40   26.943   26.967   27.103    1.136    2.713    1.943    1.136    2.713    5.272    2.208    3.083    6.214    3.247
 623.50   28.399   28.399   28.571    0.133    3.127    3.399    0.133    3.127   10.628    0.453    0.417   10.674    5.323
 623.60   27.951   27.988   28.078    1.442    2.251    2.951    1.442    2.251    6.641    4.254    3.244    7.925    4.264
 623.70   27.944   28.243   28.354    4.096    2.508    2.944    4.096    2.508    7.384   12.061   10.273   15.869    8.740
 623.80   27.025   27.193   27.345    3.024    2.874    2.025    3.024    2.874    5.820    6.124    8.693   10.754    6.061
 623.90   27.462   27.668   27.731    3.370    1.868    2.462    3.370    1.868    4.598    8.297    6.295   10.454    5.692
 624.00   27.459   27.663   27.669    3.361    0.529    2.459    3.361    0.529    1.299    8.263    1.776    8.809    4.275
 624.10   27.500   27.849   27.855    4.395    0.616    2.500    4.395    0.616    1.539   10.986    2.706   12.973    5.710
 624.20   27.576   27.924   28.018    4.395    2.291    2.576    4.395    2.291    5.903   11.323   10.071   15.603    8.132
 624.30   28.203   28.570   28.654    4.560    2.202    3.203    4.560    2.202    7.055   14.606   10.042   17.951    9.539
 624.40   27.584   28.187   28.294    5.802    2.452    2.584    5.802    2.452    6.335   14.991   14.228   23.178   10.809
 624.50   27.223   27.873   27.885    5.985    0.831    2.223    5.985    0.831    1.847   13.302    4.972   20.724    7.160
 624.60   27.667   28.058   28.065    4.668    0.603    2.667    4.668    0.603    1.609   12.450    2.816   14.633    6.433
 624.70   27.761   27.940   27.940    3.156    0.083    2.761    3.156    0.083    0.229    8.714    0.262    8.795    4.360
 624.80   26.678   26.856   26.874    3.085    0.992    1.678    3.085    0.992    1.665    5.178    3.061    6.660    3.121
 624.90   25.423   25.500   25.634    1.987    2.614    0.423    1.987    2.614    1.105    0.840    5.194    5.480    2.688
 625.00   25.009   25.063   25.231    1.644    2.910    0.009    1.644    2.910    0.025    0.014    4.783    5.584    2.391
 625.10   24.520   24.523   24.585    0.336    1.752   -0.480    0.336    1.752   -0.840   -0.161    0.588    1.705    0.519
 625.20   24.472   24.493   24.508    0.997    0.860   -0.528    0.997    0.860   -0.454   -0.526    0.858    1.006    0.552
 625.30   24.816   24.858   24.864    1.439    0.561   -0.184    1.439    0.561   -0.103   -0.265    0.807    1.210    0.428
 625.40   24.146   24.149   24.163    0.406    0.825   -0.854    0.406    0.825   -0.705   -0.347    0.335    0.788    0.427
 625.50   24.236   24.238   24.333    0.337    2.147   -0.764    0.337    2.147   -1.641   -0.257    0.723    2.654    0.906
 625.60   24.880   24.881   24.894   -0.100    0.828   -0.120   -0.100    0.828   -0.099    0.012   -0.083    0.355    0.065
 625.70   24.844   24.871   24.891    1.163    0.998   -0.156    1.163    0.998   -0.156   -0.181    1.161    1.187    0.593
 625.80   25.011   25.220   25.247    3.241    1.185    0.011    3.241    1.185    0.012    0.034    3.841    5.955    1.921
 625.90   25.126   25.203   25.228    1.973    1.121    0.126    1.973    1.121    0.141    0.249    2.211    2.582    1.115
 626.00   25.397   25.447   25.451    1.598    0.455    0.397    1.598    0.455    0.180    0.634    0.727    1.459    0.491
 626.10   25.041   25.067   25.074    1.155   -0.593    0.041    1.155   -0.593   -0.024    0.047   -0.685    0.844    0.344
 626.20   25.391   25.449   25.457    1.711   -0.640    0.391    1.711   -0.640   -0.250    0.670   -1.095    1.746    0.654
 626.30   27.458   27.471   27.507    0.855   -1.398    2.458    0.855   -1.398   -3.437    2.102   -1.196    4.364    2.101
 626.40   26.306   26.358   26.374    1.656   -0.908    1.306    1.656   -0.908   -1.186    2.163   -1.504    2.636    1.444
 626.50   25.252   25.253   25.259   -0.149   -0.559    0.252   -0.149   -0.559   -0.141   -0.038    0.083    0.199    0.084
 626.60   23.820   23.831   23.886    0.721   -1.626   -1.180    0.721   -1.626    1.919   -0.851   -1.173    2.278    1.202
 626.70   21.615   21.761   21.834    2.518   -1.784   -3.385    2.518   -1.784    6.041   -8.525   -4.494   10.493    5.687
 626.80   22.288   22.364   22.412    1.846   -1.460   -2.712    1.846   -1.460    3.960   -5.007   -2.696    6.448    3.465
 626.90   20.967   21.194   21.243    3.099   -1.435   -4.033    3.099   -1.435    5.786  -12.500   -4.446   13.965    7.237
 627.00   21.255   21.618   21.767    3.945   -2.543   -3.745    3.945   -2.543    9.524  -14.773  -10.034   18.028   10.120
 627.10   21.321   21.907   22.061    5.035   -2.599   -3.679    5.035   -2.599    9.564  -18.525  -13.086   22.821   12.307
 627.20   20.302   20.697   21.220    4.028   -4.680   -4.698    4.028   -4.680   21.989  -18.925  -18.852   30.101   17.299
 627.30   21.101   21.319   21.924    3.036   -5.115   -3.899    3.036   -5.115   19.940  -11.834  -15.526   25.287   13.953
 627.40   21.217   21.499   21.761    3.471   -3.363   -3.783    3.471   -3.363   12.722  -13.132  -11.674   18.835   10.846
 627.50   19.779   19.962   20.060    2.696   -1.978   -5.221    2.696   -1.978   10.325  -14.076   -5.332   19.218    9.126
 627.60   19.801   19.936   19.968    2.316   -1.116   -5.199    2.316   -1.116    5.803  -12.040   -2.585   16.818    6.806
 627.70   19.893   19.954   19.974    1.557   -0.903   -5.107    1.557   -0.903    4.613   -7.950   -1.406   14.661    4.649
 627.80   22.555   22.575   22.610    0.960   -1.248   -2.445    0.960   -1.248    3.052   -2.348   -1.199    4.229    2.017
 627.90   21.211   21.259   21.265    1.427   -0.496   -3.789    1.427   -0.496    1.878   -5.408   -0.707    8.320    2.884
 628.00   20.959   21.366   21.372    4.152   -0.521   -4.041    4.152   -0.521    2.104  -16.779   -2.162   16.921    8.524
 628.10   22.505   22.779   22.779    3.526    0.065   -2.495    3.526    0.065   -0.162   -8.799    0.229    9.332    4.402
 628.20   22.027   22.388   22.388    4.001   -0.133   -2.973    4.001   -0.133    0.394  -11.895   -0.530   12.432    5.957
 628.30   21.962   22.229   22.230    3.433    0.180   -3.038    3.433    0.180   -0.547  -10.430    0.619   10.524    5.231
 628.40   21.691   22.066   22.071    4.051    0.474   -3.309    4.051    0.474   -1.567  -13.405    1.919   13.793    6.816
 628.50   23.000   23.318   23.347    3.834    1.169   -2.000    3.834    1.169   -2.338   -7.667    4.483   10.033    4.592
 628.60   22.519   23.290   23.319    5.945    1.158   -2.481    5.945    1.158   -2.873  -14.752    6.885   21.423    8.266
 628.70   23.079   23.936   24.151    6.348    3.219   -1.921    6.348    3.219   -6.185  -12.197   20.434   27.176   12.294
 628.80   24.554   25.943   26.051    8.374    2.374   -0.446    8.374    2.374   -1.059   -3.735   19.877   37.976   10.126
 628.90   24.250   25.366   25.393    7.441    1.184   -0.750    7.441    1.184   -0.889   -5.584    8.813   28.668    5.236
 629.00   23.010   23.840   24.068    6.235    3.303   -1.990    6.235    3.303   -6.571  -12.405   20.593   26.872   12.461
 629.10   22.723   23.091   23.136    4.107    1.446   -2.277    4.107    1.446   -3.293   -9.353    5.939   12.073    5.779
 629.20   22.469   22.874   22.995    4.284    2.353   -2.531    4.284    2.353   -5.955  -10.842   10.082   15.148    7.979
 629.30   22.400   22.575   22.614    2.804    1.319   -2.600    2.804    1.319   -3.429   -7.289    3.699    8.180    4.432
 629.40   23.394   23.661   23.676    3.545    0.828   -1.606    3.545    0.828   -1.330   -5.692    2.937    7.916    3.271
 629.50   22.375   22.882   22.882    4.789   -0.012   -2.625    4.789   -0.012    0.031  -12.570   -0.056   14.911    6.285
 629.60   21.596   21.963   21.964    4.002    0.150   -3.404    4.002    0.150   -0.511  -13.625    0.601   13.815    6.824
 629.70   20.898   21.393   21.458    4.573    1.674   -4.102    4.573    1.674   -6.865  -18.756    7.654   20.267   10.694
 629.80   21.629   21.806   21.892    2.774    1.934   -3.371    2.774    1.934   -6.520   -9.350    5.366   11.399    6.299
 629.90   20.320   20.738   20.820    4.143    1.853   -4.680    4.143    1.853   -8.674  -19.388    7.677   21.250   11.292
 630.00   21.247   22.039   22.370    5.853    3.834   -3.753    5.853    3.834  -14.387  -21.967   22.440   31.522   17.271
 630.10   21.660   21.925   22.117    3.404    2.907   -3.340    3.404    2.907   -9.711  -11.370    9.895   15.598    8.965
 630.20   22.501   22.917   22.934    4.348    0.876   -2.499    4.348    0.876   -2.188  -10.865    3.808   12.958    5.860
 630.30   24.054   24.360   24.360    3.853    0.039   -0.946    3.853    0.039   -0.037   -3.647    0.150    7.871    1.825
 630.40   23.344   23.914   23.914    5.191   -0.043   -1.656    5.191   -0.043    0.072   -8.596   -0.225   14.846    4.300
 630.50   24.366   25.048   25.072    5.807    1.099   -0.634    5.807    1.099   -0.697   -3.682    6.382   17.667    3.701
 630.60   24.238   24.902   24.941    5.711    1.395   -0.762    5.711    1.395   -1.063   -4.352    7.964   17.568    4.569
 630.70   23.420   23.550   23.722    2.471    2.846   -1.580    2.471    2.846   -4.496   -3.904    7.034    8.351    4.608
 630.80   23.382   23.642   23.700    3.494    1.651   -1.618    3.494    1.651   -2.671   -5.652    5.769    8.775    4.253
 630.90   24.858   25.112   25.274    3.568    2.855   -0.142    3.568    2.855   -0.406   -0.507   10.186   10.451    5.104
 631.00   25.598   25.718   25.782    2.479    1.815    0.598    2.479    1.815    1.085    1.482    4.499    4.898    2.430
 631.10   24.965   25.164   25.164    3.159    0.100   -0.035    3.159    0.100   -0.003   -0.110    0.315    4.996    0.167
 631.20   25.353   25.415   25.416    1.778    0.202    0.353    1.778    0.202    0.071    0.627    0.358    1.663    0.363
 631.30   25.939   25.965   26.040    1.162    1.979    0.939    1.162    1.979    1.858    1.091    2.299    3.073    1.575
 631.40   25.430   25.431   25.434    0.248    0.392    0.430    0.248    0.392    0.169    0.106    0.097    0.200    0.111
 631.50   24.733   24.899   24.907    2.869   -0.610   -0.267    2.869   -0.610    0.163   -0.765   -1.751    4.337    0.959
 631.60   23.741   24.253   24.269    4.955   -0.886   -1.259    4.955   -0.886    1.115   -6.238   -4.390   13.462    3.855
 631.70   22.993   23.562   23.629    5.147   -1.776   -2.007    5.147   -1.776    3.564  -10.328   -9.142   16.837    7.123
 631.80   23.584   24.056   24.080    4.742   -1.078   -1.416    4.742   -1.078    1.526   -6.716   -5.109   12.825    4.288
 631.90   24.011   24.286   24.319    3.650   -1.261   -0.989    3.650   -1.261    1.248   -3.612   -4.603    7.946    2.991
 632.00   23.800   23.926   23.958    2.455   -1.243   -1.200    2.455   -1.243    1.491   -2.947   -3.051    4.506    2.248
 632.10   23.056   23.202   23.275    2.595   -1.847   -1.944    2.595   -1.847    3.591   -5.045   -4.794    6.963    3.916
 632.20   23.010   23.509   23.541    4.818   -1.219   -1.990    4.818   -1.219    2.425   -9.588   -5.872   14.331    5.751
 632.30   23.317   23.672   23.694    4.086   -1.015   -1.683    4.086   -1.015    1.709   -6.877   -4.148   10.278    4.105
 632.40   21.968   22.436   22.457    4.559   -0.967   -3.032    4.559   -0.967    2.933  -13.823   -4.410   15.456    7.401
 632.50   23.706   23.881   23.897    2.886   -0.879   -1.294    2.886   -0.879    1.137   -3.736   -2.536    5.389    2.328
 632.60   23.961   23.994   24.059    1.255   -1.773   -1.039    1.255   -1.773    1.842   -1.304   -2.225    2.899    1.585
 632.70   25.216   25.335   25.373    2.453   -1.393    0.216    2.453   -1.393   -0.300    0.529   -3.417    4.002    1.735
 632.80   25.879   25.990   26.000    2.401   -0.702    0.879    2.401   -0.702   -0.617    2.111   -1.685    3.516    1.385
 632.90   26.292   26.386   26.392    2.217    0.589    1.292    2.217    0.589    0.761    2.865    1.305    3.466    1.619
 633.00   24.830   24.834   24.841    0.445    0.608   -0.170    0.445    0.608   -0.104   -0.076    0.270    0.298    0.150
 633.10   23.894   23.897   23.904    0.413   -0.588   -1.106    0.413   -0.588    0.651   -0.457   -0.243    0.870    0.416
 633.20   23.736   23.830   23.875    2.116    1.459   -1.264    2.116    1.459   -1.844   -2.675    3.087    4.103    2.241
 633.30   23.928   23.963   24.032    1.301    1.824   -1.072    1.301    1.824   -1.955   -1.395    2.373    3.084    1.688
 633.40   24.417   24.523   24.587    2.278    1.777   -0.583    2.278    1.777   -1.036   -1.328    4.049    4.344    2.193
 633.50   26.212   26.395   26.477    3.101    2.086    1.212    3.101    2.086    2.529    3.759    6.470    7.719    3.949
 633.60   27.850   27.938   28.039    2.215    2.382    2.850    2.215    2.382    6.789    6.312    5.276    9.351    5.333
 633.70   27.467   27.467   27.546    0.099    2.092    2.467    0.099    2.092    5.159    0.245    0.208    5.234    2.584
 633.80   29.499   29.521   29.557    1.164    1.445    4.499    1.164    1.445    6.500    5.236    1.682   11.840    4.257
 633.90   28.866   28.918   29.033    1.723    2.581    3.866    1.723    2.581    9.977    6.662    4.447   12.289    6.397
 634.00   29.622   29.626   29.757    0.529    2.788    4.622    0.529    2.788   12.886    2.445    1.475   14.707    6.599
 634.10   30.104   30.279   30.319    3.252    1.545    5.104    3.252    1.545    7.888   16.599    5.026   19.508    9.527
 634.20   30.679   30.715   30.788    1.475    2.117    5.679    1.475    2.117   12.023    8.376    3.122   19.455    7.491
 634.30   31.296   31.306   31.483    0.786    3.332    6.296    0.786    3.332   20.979    4.948    2.619   25.681   10.857
 634.40   31.448   31.552   31.794    2.548    3.917    6.448    2.548    3.917   25.262   16.431    9.982   31.711   15.873
 634.50   29.981   30.140   30.221    3.093    2.216    4.981    3.093    2.216   11.036   15.407    6.853   19.643   10.076
 634.60   29.611   29.658   29.956    1.678    4.218    4.611    1.678    4.218   19.447    7.738    7.079   20.932   11.047
 634.70   28.708   28.708   28.979   -0.043    3.952    3.708   -0.043    3.952   14.654   -0.160   -0.171   14.685    7.328
 634.80   28.768   28.793   29.582    1.193    6.788    3.768    1.193    6.788   25.579    4.495    8.099   30.852   13.602
 634.90   27.533   27.554   28.175    1.076    5.884    2.533    1.076    5.884   14.902    2.724    6.328   21.094    8.209
 635.00   26.500   26.514   26.661    0.854    2.794    1.500    0.854    2.794    4.192    1.282    2.387    5.394    2.496
 635.10   27.998   28.014   28.185    0.943    3.102    2.998    0.943    3.102    9.299    2.828    2.926    9.750    5.075
 635.20   26.655   26.681   26.758    1.176    2.030    1.655    1.176    2.030    3.360    1.946    2.387    4.122    2.279
 635.30   27.537   27.573   27.741    1.410    3.046    2.537    1.410    3.046    7.727    3.577    4.295    8.851    4.768
 635.40   27.210   27.312   27.440    2.361    2.645    2.210    2.361    2.645    5.845    5.218    6.247    8.728    5.010
 635.50   26.357   26.488   26.636    2.628    2.808    1.357    2.628    2.808    3.811    3.566    7.382    8.318    4.520
 635.60   24.617   24.825   24.913    3.208    2.087   -0.383    3.208    2.087   -0.799   -1.228    6.696    7.398    3.427
 635.70   25.548   25.704   25.712    2.825    0.672    0.548    2.825    0.672    0.368    1.548    1.898    4.367    1.238
 635.80   25.480   25.781   25.848    3.926    1.863    0.480    3.926    1.863    0.894    1.884    7.313    9.556    3.802
 635.90   25.079   25.396   25.426    3.999    1.248    0.079    3.999    1.248    0.098    0.315    4.989    8.777    2.500
 636.00   26.546   26.855   26.906    4.063    1.656    1.546    4.063    1.656    2.560    6.279    6.730   10.819    4.777
 636.10   27.189   27.327   27.327    2.740   -0.012    2.189    2.740   -0.012   -0.027    5.999   -0.034    6.151    3.000
 636.20   26.651   26.938   26.944    3.927   -0.570    1.651    3.927   -0.570   -0.941    6.482   -2.238    9.235    3.461
 636.30   25.167   25.480   25.481    3.985   -0.215    0.167    3.985   -0.215   -0.036    0.665   -0.856    7.979    0.542
 636.40   26.738   27.109   27.109    4.469   -0.071    1.738    4.469   -0.071   -0.124    7.766   -0.319   11.500    3.887
 636.50   26.718   27.063   27.066    4.308   -0.406    1.718    4.308   -0.406   -0.698    7.401   -1.750   10.836    3.819
 636.60   27.646   28.032   28.061    4.638   -1.278    2.646    4.638   -1.278   -3.382   12.270   -5.929   15.071    7.020
 636.70   27.160   27.420   27.464    3.770   -1.545    2.160    3.770   -1.545   -3.337    8.143   -5.824   10.633    5.276
 636.80   26.514   26.675   26.699    2.922   -1.141    1.514    2.922   -1.141   -1.728    4.425   -3.336    6.068    2.902
 636.90   25.088   25.228   25.575    2.653   -4.194    0.088    2.653   -4.194   -0.371    0.235  -11.127   12.318    5.568
 637.00   24.000   24.324   24.515    3.958   -3.053   -1.000    3.958   -3.053    3.053   -3.958  -12.085   12.994    6.539
 637.10   24.074   24.315   24.315    3.416   -0.026   -0.926    3.416   -0.026    0.024   -3.163   -0.088    6.263    1.582
 637.20   24.681   24.831   24.837    2.727    0.512   -0.319    2.727    0.512   -0.163   -0.869    1.396    3.900    0.826
 637.30   24.697   24.870   24.900    2.925   -1.235   -0.303    2.925   -1.235    0.374   -0.887   -3.613    5.088    1.870
 637.40   24.195   24.248   24.279    1.601   -1.214   -0.805    1.601   -1.214    0.976   -1.289   -1.943    2.342    1.264
 637.50   24.820   24.886   24.924    1.813   -1.379   -0.180    1.813   -1.379    0.248   -0.326   -2.500    2.610    1.267
 637.60   25.861   25.965   26.020    2.325   -1.689    0.861    2.325   -1.689   -1.454    2.001   -3.926    4.499    2.320
 637.70   27.295   27.563   27.582    3.832   -1.028    2.295    3.832   -1.028   -2.359    8.797   -3.938   10.506    4.961
 637.80   27.026   27.339   27.357    4.123   -0.985    2.026    4.123   -0.985   -1.995    8.354   -4.060   11.037    4.750
 637.90   26.062   26.156   26.167    2.206    0.777    1.062    2.206    0.777    0.826    2.343    1.715    3.299    1.509
 638.00   26.679   26.779   26.779    2.318    0.088    1.679    2.318    0.088    0.148    3.891    0.204    4.099    1.949
 638.10   26.406   26.741   26.747    4.217   -0.580    1.406    4.217   -0.580   -0.815    5.929   -2.445   10.047    3.232
 638.20   27.241   27.595   27.602    4.404   -0.637    2.241    4.404   -0.637   -1.428    9.870   -2.808   12.414    5.180
 638.30   26.551   27.004   27.058    4.927   -1.706    1.551    4.927   -1.706   -2.646    7.641   -8.404   14.793    5.831
 638.40   24.410   24.784   24.874    4.288   -2.115   -0.590    4.288   -2.115    1.248   -2.530   -9.069   11.603    4.749
 638.50   24.355   24.505   24.519    2.704   -0.839   -0.645    2.704   -0.839    0.541   -1.745   -2.270    4.217    1.457
 638.60   24.850   25.029   25.031    2.987   -0.333   -0.150    2.987   -0.333    0.050   -0.448   -0.995    4.527    0.546
 638.70   23.557   23.611   23.611    1.598    0.082   -1.443    1.598    0.082   -0.118   -2.305    0.130    2.321    1.156
 638.80   24.405   24.447   24.490    1.429   -1.455   -0.595    1.429   -1.455    0.866   -0.850   -2.080    2.257    1.204
 638.90   23.959   23.968   24.023    0.649   -1.616   -1.041    0.649   -1.616    1.681   -0.676   -1.049    2.057    1.047
 639.00   25.487   25.514   25.514    1.176    0.120    0.487    1.176    0.120    0.058    0.572    0.141    0.817    0.296
 639.10   23.929   23.955   23.974    1.099   -0.962   -1.071    1.099   -0.962    1.030   -1.177   -1.057    1.640    0.944
 639.20   23.154   23.210   23.211    1.610   -0.252   -1.846    1.610   -0.252    0.466   -2.972   -0.406    3.031    1.518
 639.30   22.540   22.561   22.607    0.960    1.438   -2.460    0.960    1.438   -3.536   -2.360    1.380    4.519    2.235
 639.40   22.064   22.078   22.102    0.763    1.036   -2.936    0.763    1.036   -3.040   -2.241    0.790    5.137    1.929
 639.50   23.794   23.800   23.808    0.566   -0.588   -1.206    0.566   -0.588    0.709   -0.683   -0.333    1.061    0.520
 639.60   24.440   24.441   24.524    0.225   -2.016   -0.560    0.225   -2.016    1.129   -0.126   -0.453    2.213    0.612
 639.70   22.669   22.685   22.697    0.859   -0.733   -2.331    0.859   -0.733    1.709   -2.003   -0.630    3.355    1.354
 639.80   23.638   23.643   23.663   -0.503   -0.973   -1.362   -0.503   -0.973    1.325    0.685    0.489    1.527    0.785
 639.90   23.468   23.473   23.523    0.486   -1.538   -1.532    0.486   -1.538    2.357   -0.744   -0.747    2.475    1.291
 640.00   24.006   24.105   24.142    2.183   -1.322   -0.994    2.183   -1.322    1.314   -2.168   -2.886    3.750    1.921
 640.10   24.433   24.554   24.591    2.426   -1.361   -0.567    2.426   -1.361    0.771   -1.375   -3.302    4.030    1.829
 640.20   25.360   25.540   25.647    3.025   -2.342    0.360    3.025   -2.342   -0.843    1.089   -7.083    7.382    3.608
 640.30   25.596   25.737   25.995    2.695   -3.653    0.596    2.695   -3.653   -2.176    1.605   -9.845   10.482    5.105
 640.40   25.819   25.875   26.137    1.712   -3.689    0.819    1.712   -3.689   -3.020    1.402   -6.315    8.604    3.570
 640.50   25.731   25.732   25.956    0.184   -3.405    0.731    0.184   -3.405   -2.489    0.135   -0.628    6.083    1.285
 640.60   25.504   25.505   25.813   -0.289   -3.972    0.504   -0.289   -3.972   -2.001   -0.146    1.149    8.059    1.156
 640.70   25.486   25.487   25.951   -0.225   -4.885    0.486   -0.225   -4.885   -2.376   -0.109    1.097   12.076    1.310
 640.80   25.974   25.982   26.673   -0.640   -6.030    0.974   -0.640   -6.030   -5.876   -0.624    3.859   18.860    3.529
 640.90   25.122   25.204   25.884   -2.034   -5.892    0.122   -2.034   -5.892   -0.720   -0.248   11.986   19.433    6.005
 641.00   25.216   25.220   25.471   -0.449   -3.568    0.216   -0.449   -3.568   -0.769   -0.097    1.604    6.489    0.891
 641.10   26.878   26.879   27.065    0.150   -3.173    1.878    0.150   -3.173   -5.959    0.282   -0.476    6.808    2.992
 641.20   27.148   27.225   27.313   -2.055   -2.185    2.148   -2.055   -2.185   -4.692   -4.413    4.490    6.804    3.926
 641.30   26.765   26.889   27.034   -2.588   -2.787    1.765   -2.588   -2.787   -4.918   -4.567    7.211    8.788    4.926
 641.40   26.502   26.772   26.945   -3.789   -3.054    1.502   -3.789   -3.054   -4.588   -5.693   11.573   12.972    6.845
 641.50   26.341   26.536   26.585   -3.215   -1.614    1.341   -3.215   -1.614   -2.165   -4.311    5.191    7.371    3.543
 641.60   27.314   27.417   27.458   -2.380   -1.492    2.314   -2.380   -1.492   -3.452   -5.506    3.551    6.622    3.703
 641.70   26.721   26.870   27.012   -2.824   -2.765    1.721   -2.824   -2.765   -4.759   -4.860    7.808    9.291    5.178
 641.80   26.997   27.012   27.112   -0.919   -2.322    1.997   -0.919   -2.322   -4.636   -1.835    2.133    5.111    2.711
 641.90   26.172   26.174   26.245   -0.352   -1.930    1.172   -0.352   -1.930   -2.261   -0.413    0.680    2.611    1.199
 642.00   25.494   25.496   25.590   -0.362   -2.185    0.494   -0.362   -2.185   -1.079   -0.179    0.790    2.574    0.675
 642.10   26.347   26.355   26.468   -0.656   -2.449    1.347   -0.656   -2.449   -3.298   -0.883    1.606    4.120    1.886
 642.20   26.303   26.303   26.612    0.038   -4.042    1.303    0.038   -4.042   -5.267    0.049   -0.153    9.020    2.635
 642.30   27.676   27.694   27.930   -0.994   -3.624    2.676   -0.994   -3.624   -9.701   -2.660    3.603   10.644    5.342
 642.40   26.186   26.255   26.474   -1.891   -3.400    1.186   -1.891   -3.400   -4.033   -2.243    6.428    8.270    3.956
 642.50   26.478   26.636   26.795   -2.897   -2.911    1.478   -2.897   -2.911   -4.302   -4.282    8.432    9.525    5.195
 642.60   28.376   28.490   28.686   -2.552   -3.342    3.376   -2.552   -3.342  -11.281   -8.615    8.527   14.538    8.280
 642.70   27.689   27.939   28.189   -3.725   -3.743    2.689   -3.725   -3.743  -10.067  -10.019   13.943   17.560    9.951
 642.80   26.912   27.071   27.252   -2.936   -3.130    1.912   -2.936   -3.130   -5.984   -5.613    9.190   11.036    6.160
 642.90   28.918   29.261   29.314   -4.464   -1.755    3.918   -4.464   -1.755   -6.878  -17.493    7.837   19.183   10.183
 643.00   28.408   28.709   28.723   -4.148   -0.879    3.408   -4.148   -0.879   -2.996  -14.135    3.646   14.795    7.451
 643.10   27.334   27.412   27.440   -2.067   -1.237    2.334   -2.067   -1.237   -2.886   -4.824    2.556    5.624    3.088
 643.20   27.864   27.900   28.069   -1.402   -3.082    2.864   -1.402   -3.082   -8.829   -4.016    4.322    9.836    5.310
 643.30   29.352   29.564   29.909   -3.537   -4.528    4.352   -3.537   -4.528  -19.707  -15.393   16.017   25.978   14.848
 643.40   29.441   29.676   29.759   -3.728   -2.224    4.441   -3.728   -2.224   -9.875  -16.558    8.290   19.284   10.493
 643.50   28.487   28.495   28.525   -0.707   -1.301    3.487   -0.707   -1.301   -4.536   -2.464    0.919    7.174    2.622
 643.60   26.569   26.621   26.634   -1.651   -0.831    1.569   -1.651   -0.831   -1.304   -2.591    1.372    2.940    1.604
 643.70   26.597   26.606   26.670   -0.714   -1.835    1.597   -0.714   -1.835   -2.931   -1.140    1.311    3.214    1.703
 643.80   27.012   27.016   27.197   -0.470   -3.135    2.012   -0.470   -3.135   -6.306   -0.945    1.473    7.047    3.272
 643.90   27.384   27.390   27.543   -0.583   -2.896    2.384   -0.583   -2.896   -6.904   -1.389    1.687    7.204    3.621
 644.00   27.384   27.389   27.532   -0.530   -2.794    2.384   -0.530   -2.794   -6.661   -1.265    1.482    6.886    3.470
 644.10   25.659   25.671   25.729    0.789   -1.726    0.659    0.789   -1.726   -1.138    0.520   -1.362    2.018    0.925
 644.20   27.086   27.090   27.344    0.442   -3.716    2.086    0.442   -3.716   -7.753    0.922   -1.643    9.179    3.990
 644.30   27.049   27.104   27.158   -1.716   -1.706    2.049   -1.716   -1.706   -3.497   -3.518    2.928    5.029    2.880
 644.40   27.115   27.340   27.497   -3.493   -2.936    2.115   -3.493   -2.936   -6.211   -7.390   10.257   12.649    7.043
 644.50   27.966   28.066   28.228   -2.369   -3.023    2.966   -2.369   -3.023   -8.967   -7.025    7.161   11.774    6.728
 644.60   29.187   29.240   29.428   -1.756   -3.324    4.187   -1.756   -3.324  -13.917   -7.354    5.837   15.832    8.394
 644.70   29.307   29.378   29.579   -2.043   -3.438    4.307   -2.043   -3.438  -14.806   -8.800    7.023   17.271    9.300
 644.80   29.317   29.408   29.605   -2.306   -3.410    4.317   -2.306   -3.410  -14.721   -9.958    7.864   17.793    9.717
 644.90   30.041   30.089   30.298   -1.706   -3.552    5.041   -1.706   -3.552  -17.905   -8.598    6.058   20.468   10.383
 645.00   28.305   28.308   28.359   -0.419   -1.709    3.305   -0.419   -1.709   -5.649   -1.384    0.716    7.009    2.930
 645.10   27.541   27.543   27.713    0.360   -3.061    2.541    0.360   -3.061   -7.777    0.914   -1.101    7.977    3.954
 645.20   26.486   26.523   26.608    1.401   -2.119    1.486    1.401   -2.119   -3.149    2.082   -2.968    4.330    2.401
 645.30   26.908   26.968   26.975    1.792    0.640    1.908    1.792    0.640    1.221    3.420    1.146    3.631    1.904
 645.40   27.984   28.142   28.184    2.979    1.534    2.984    2.979    1.534    4.576    8.888    4.569   10.064    5.496
 645.50   28.071   28.240   28.248    3.089    0.646    3.071    3.089    0.646    1.983    9.487    1.995    9.696    4.948
 645.60   28.157   28.362   28.403    3.404    1.531    3.157    3.404    1.531    4.833   10.745    5.213   11.948    6.442
 645.70   29.104   29.340   29.342    3.716    0.341    4.104    3.716    0.341    1.401   15.251    1.269   15.385    7.684
 645.80   29.083   29.410   29.421    4.375   -0.789    4.083    4.375   -0.789   -3.222   17.861   -3.453   18.215    9.237
 645.90   27.678   28.636   28.643    7.344   -0.673    2.678    7.344   -0.673   -1.802   19.665   -4.942   30.777   10.178
 646.00   28.841   29.611   29.629    6.710    1.011    3.841    6.710    1.011    3.882   25.773    6.781   30.399   13.466
 646.10   28.086   28.888   28.909    6.757   -1.107    3.086    6.757   -1.107   -3.416   20.856   -7.478   28.205   11.209
 646.20   27.330   27.824   27.864    5.220   -1.478    2.330    5.220   -1.478   -3.444   12.163   -7.714   17.429    7.405
 646.30   25.890   26.185   26.286    3.918   -2.303    0.890    3.918   -2.303   -2.050    3.488   -9.024   10.725    4.945
 646.40   26.543   27.018   27.142    5.046   -2.584    1.543    5.046   -2.584   -3.987    7.786  -13.036   17.259    7.850
 646.50   28.272   28.565   28.744    4.086   -3.200    3.272    4.086   -3.200  -10.468   13.368  -13.075   18.819   10.715
 646.60   28.766   28.928   29.096    3.056   -3.123    3.766    3.056   -3.123  -11.760   11.508   -9.543   16.636    9.511
 646.70   28.302   28.507   28.625    3.413   -2.600    3.302    3.413   -2.600   -8.585   11.270   -8.876   14.657    8.359
 646.80   25.787   25.955   26.013    2.951   -1.739    0.787    2.951   -1.739   -1.369    2.322   -5.132    6.176    2.899
 646.90   25.428   25.598   25.600    2.939    0.314    0.428    2.939    0.314    0.134    1.259    0.922    4.459    0.783
 647.00   24.376   24.424   24.452    1.524   -1.173   -0.624    1.524   -1.173    0.732   -0.950   -1.787    2.043    1.076
 647.10   21.898   21.998   22.063    2.097   -1.687   -3.102    2.097   -1.687    5.232   -6.506   -3.538    8.433    4.534
 647.20   21.363   21.458   21.890    2.016   -4.327   -3.637    2.016   -4.327   15.735   -7.332   -8.723   18.006    9.714
 647.30   20.596   20.648   21.036    1.470   -4.019   -4.404    1.470   -4.019   17.700   -6.472   -5.907   18.854    9.875
 647.40   21.395   21.397   21.712   -0.279   -3.684   -3.605   -0.279   -3.684   13.279    1.007    1.029   13.321    6.678
 647.50   21.336   21.374   21.481   -1.267   -2.142   -3.664   -1.267   -2.142    7.848    4.643    2.715    9.809    4.757
 647.60   21.335   21.494   21.559   -2.607   -1.673   -3.665   -2.607   -1.673    6.130    9.555    4.361   11.514    6.081
 647.70   19.921   19.988   20.006   -1.644   -0.831   -5.079   -1.644   -0.831    4.221    8.351    1.366   14.597    4.728
 647.80   19.051   19.062   19.062   -0.627    0.146   -5.949   -0.627    0.146   -0.871    3.728   -0.092   17.901    1.915
 647.90   18.570   18.663   18.712   -1.863    1.354   -6.430   -1.863    1.354   -8.703   11.976   -2.521   23.322    7.509
 648.00   17.762   18.090   18.115   -3.431   -0.948   -7.238   -3.431   -0.948    6.860   24.834    3.252   32.530   12.984
 648.10   15.613   15.733   15.738   -1.937   -0.423   -9.387   -1.937   -0.423    3.971   18.181    0.819   46.024    9.314
 648.20   15.859   15.863   15.917   -0.383   -1.309   -9.141   -0.383   -1.309   11.967    3.500    0.501   42.711    6.239
 648.30   15.469   15.489   15.626   -0.774   -2.072   -9.531   -0.774   -2.072   19.743    7.378    1.604   47.863   10.569
 648.40   15.040   15.091   15.128    1.242   -1.058   -9.960    1.242   -1.058   10.542  -12.368   -1.314   50.935    8.152
 648.50   16.533   16.718   16.721    2.477    0.326   -8.467    2.477    0.326   -2.757  -20.975    0.807   38.965   10.585
 648.60   18.667   18.672   18.672    0.464   -0.012   -6.333    0.464   -0.012    0.075   -2.939   -0.005   20.163    1.470
 648.70   18.243   18.449   18.608   -2.746    2.427   -6.757   -2.746    2.427  -16.396   18.554   -6.664   29.541   12.821
 648.80   18.568   18.649   18.742   -1.734    1.874   -6.432   -1.734    1.874  -12.052   11.151   -3.248   23.945    8.369
 648.90   20.552   20.558   20.646    0.493    1.909   -4.448    0.493    1.909   -8.490   -2.191    0.940   11.835    4.409
 649.00   20.393   20.445   20.590   -1.465    2.434   -4.607   -1.465    2.434  -11.216    6.748   -3.566   14.649    6.783
 649.10   21.078   21.087   21.096   -0.628    0.622   -3.922   -0.628    0.622   -2.440    2.462   -0.390    8.083    1.744
 649.20   19.246   19.260   19.270    0.744    0.608   -5.754    0.744    0.608   -3.496   -4.284    0.452   17.017    2.774
 649.30   18.901   18.901   18.906   -0.125   -0.426   -6.099   -0.125   -0.426    2.600    0.760    0.053   18.699    1.355
 649.40   20.559   20.559   20.563   -0.093    0.410   -4.441   -0.093    0.410   -1.821    0.413   -0.038    9.949    0.934
 649.50   19.922   19.980   20.012   -1.524    1.130   -5.078   -1.524    1.130   -5.738    7.738   -1.722   14.692    4.893
 649.60   19.403   19.476   19.515   -1.688    1.228   -5.597   -1.688    1.228   -6.871    9.445   -2.072   17.840    5.931
 649.70   20.359   20.481   20.512   -2.235   -1.126   -4.641   -2.235   -1.126    5.226   10.374    2.517   13.902    5.943
 649.80   20.638   20.835   20.938   -2.852   -2.080   -4.362   -2.852   -2.080    9.070   12.438    5.930   15.740    8.248
 649.90   21.337   21.639   21.683   -3.602   -1.386   -3.663   -3.602   -1.386    5.079   13.193    4.994   14.156    7.497
 650.00   23.004   23.460   23.461   -4.606    0.191   -1.996   -4.606    0.191   -0.382    9.196   -0.881   12.621    4.623
 650.10   21.554   22.239   22.267   -5.480    1.118   -3.446   -5.480    1.118   -3.855   18.885   -6.129   21.578   10.113
 650.20   22.857   23.637   23.693   -6.022    1.628   -2.143   -6.022    1.628   -3.489   12.905   -9.805   21.754    8.289
 650.30   22.678   23.393   23.448   -5.739    1.608   -2.322   -5.739    1.608   -3.734   13.323   -9.228   20.453    8.316
 650.40   22.800   23.013   23.127   -3.121    2.294   -2.200   -3.121    2.294   -5.045    6.865   -7.159    9.920    5.564
 650.50   24.061   24.170   24.195   -2.291    1.101   -0.939   -2.291    1.101   -1.034    2.151   -2.523    3.671    1.736
 650.60   21.809   22.008   22.008   -2.947   -0.083   -3.191   -2.947   -0.083    0.264    9.401    0.244    9.434    4.704
 650.70   21.812   22.020   22.020   -3.019    0.099   -3.188   -3.019    0.099   -0.316    9.625   -0.299    9.644    4.817
 650.80   21.137   21.352   21.355   -3.020   -0.331   -3.863   -3.020   -0.331    1.279   11.665    1.000   12.075    5.889
 650.90   19.962   20.174   20.177   -2.922   -0.312   -5.038   -2.922   -0.312    1.574   14.723    0.913   17.011    7.418
 651.00   19.671   19.839   19.839   -2.570   -0.187   -5.329   -2.570   -0.187    0.996   13.693    0.480   17.516    6.869
 651.10   20.332   20.487   20.541   -2.516   -1.484   -4.668   -2.516   -1.484    6.929   11.746    3.735   15.163    7.070
 651.20   20.951   20.988   21.148   -1.239   -2.600   -4.049   -1.239   -2.600   10.527    5.018    3.222   12.345    6.049
 651.30   22.484   22.485   22.528   -0.172   -1.400   -2.516   -0.172   -1.400    3.523    0.432    0.241    4.160    1.779
 651.40   21.826   21.834   21.921    0.612   -1.950   -3.174    0.612   -1.950    6.191   -1.942   -1.193    7.127    3.298
 651.50   22.149   22.153   22.267   -0.426   -2.252   -2.851   -0.426   -2.252    6.422    1.214    0.959    6.691    3.303
 651.60   23.383   23.395   23.458   -0.730   -1.726   -1.617   -0.730   -1.726    2.791    1.181    1.261    3.064    1.641
 651.70   23.580   23.628   23.708   -1.505   -1.938   -1.420   -1.505   -1.938    2.751    2.136    2.915    4.017    2.271
 651.80   23.232   23.247   23.547   -0.822   -3.746   -1.768   -0.822   -3.746    6.623    1.454    3.081    8.917    3.724
 651.90   25.155   25.155   25.287   -0.043   -2.579    0.155   -0.043   -2.579   -0.399   -0.007    0.112    3.337    0.207
 652.00   24.685   24.692   24.984    0.587   -3.814   -0.315    0.587   -3.814    1.203   -0.185   -2.240    7.496    1.275
 652.10   23.941   24.175   24.392    3.357   -3.244   -1.059    3.357   -3.244    3.435   -3.555  -10.889   11.456    5.980
 652.20   23.178   23.578   23.578    4.320   -0.216   -1.822    4.320   -0.216    0.393   -7.869   -0.931   11.013    3.967
 652.30   23.485   23.560   23.604    1.869   -1.454   -1.515    1.869   -1.454    2.202   -2.831   -2.717    3.950    2.249
 652.40   24.721   24.761   24.833    1.410   -1.888   -0.279    1.410   -1.888    0.528   -0.394   -2.662    2.815    1.371
 652.50   27.410   27.458   27.460    1.628   -0.290    2.410    1.628   -0.290   -0.699    3.923   -0.472    4.270    2.006
 652.60   28.038   28.099   28.123    1.840    1.178    3.038    1.840    1.178    3.580    5.589    2.168    7.002    3.491
 652.70   29.383   29.463   29.496    2.179    1.391    4.383    2.179    1.391    6.096    9.549    3.031   12.944    5.864
 652.80   28.937   29.109   29.129    3.159    1.090    3.937    3.159    1.090    4.291   12.438    3.444   13.334    6.800
 652.90   28.762   29.001   29.041    3.716    1.524    3.762    3.716    1.524    5.735   13.980    5.665   15.143    8.069
 653.00   27.799   28.056   28.081    3.784    1.183    2.799    3.784    1.183    3.312   10.594    4.477   11.779    5.984
 653.10   26.859   27.002   27.010    2.775    0.618    1.859    2.775    0.618    1.150    5.160    1.716    5.771    2.779
 653.20   25.538   25.678   25.683    2.671    0.497    0.538    2.671    0.497    0.267    1.438    1.327    3.835    0.987
 653.30   24.529   24.696   24.782    2.868   -2.058   -0.471    2.868   -2.058    0.968   -1.349   -5.900    6.339    3.065
 653.40   24.487   24.611   24.619    2.463   -0.614   -0.513    2.463   -0.614    0.314   -1.262   -1.511    3.353    0.997
 653.50   23.303   23.408   23.413    2.210    0.506   -1.697    2.210    0.506   -0.859   -3.749    1.118    4.008    2.003
 653.60   22.390   22.530   22.563    2.506    1.217   -2.610    2.506    1.217   -3.175   -6.541    3.049    7.286    3.942
 653.70   21.887   22.135   22.174    3.302    1.321   -3.113    3.302    1.321   -4.111  -10.279    4.361   11.169    5.949
 653.80   21.564   21.584   21.637    0.914   -1.513   -3.436    0.914   -1.513    5.198   -3.141   -1.383    7.465    3.115
 653.90   23.430   23.481   23.481    1.549   -0.027   -1.570    1.549   -0.027    0.042   -2.432   -0.041    2.433    1.216
 654.00   23.079   23.279   23.361    3.039   -1.960   -1.921    3.039   -1.960    3.765   -5.837   -5.957    8.384    4.575
 654.10   23.276   23.421   23.467    2.603   -1.471   -1.724    2.603   -1.471    2.536   -4.489   -3.829    5.957    3.211
 654.20   23.707   23.742   23.794    1.283   -1.571   -1.293    1.283   -1.571    2.032   -1.659   -2.017    2.894    1.654
 654.30   22.465   22.585   22.605    2.325   -0.955   -2.535    2.325   -0.955    2.421   -5.893   -2.220    6.371    3.373
 654.40   22.143   22.230   22.230    1.969   -0.024   -2.857    1.969   -0.024    0.068   -5.626   -0.047    6.021    2.813
 654.50   22.562   22.582   22.582    0.955   -0.091   -2.438    0.955   -0.091    0.221   -2.329   -0.087    3.432    1.170
 654.60   21.475   21.515   21.522    1.319    0.538   -3.525    1.319    0.538   -1.895   -4.649    0.709    7.229    2.535
 654.70   21.409   21.444   21.467    1.228    0.999   -3.591    1.228    0.999   -3.588   -4.409    1.227    7.702    2.908
 654.80   22.243   22.261   22.338    0.894    1.860   -2.757    0.894    1.860   -5.128   -2.466    1.664    5.931    2.964
 654.90   22.825   22.981   22.997    2.676    0.845   -2.175    2.676    0.845   -1.838   -5.821    2.261    6.303    3.255
 655.00   21.982   22.046   22.058    1.685   -0.723   -3.018    1.685   -0.723    2.181   -5.086   -1.218    6.236    2.833
 655.10   22.339   22.407   22.411    1.749   -0.405   -2.661    1.749   -0.405    1.077   -4.655   -0.708    5.153    2.415
 655.20   20.192   20.228   20.233    1.212   -0.453   -4.808    1.212   -0.453    2.179   -5.829   -0.549   12.398    3.123
 655.30   19.538   19.812   19.818    3.285   -0.504   -5.462    3.285   -0.504    2.754  -17.942   -1.656   20.440    9.114
 655.40   20.830   21.100   21.114    3.369    0.752   -4.170    3.369    0.752   -3.135  -14.051    2.533   14.655    7.309
 655.50   22.010   22.012   22.065    0.331    1.523   -2.990    0.331    1.523   -4.554   -0.989    0.504    5.685    2.343
 655.60   23.374   23.375   23.376   -0.104    0.275   -1.626   -0.104    0.275   -0.447    0.169   -0.029    1.365    0.239
 655.70   24.133   24.148   24.148    0.842    0.002   -0.867    0.842    0.002   -0.001   -0.730    0.001    0.730    0.365
 655.80   24.677   24.700   24.724    1.062    1.107   -0.323    1.062    1.107   -0.358   -0.343    1.176    1.229    0.638
 655.90   25.264   25.268   25.285    0.486    0.908    0.264    0.486    0.908    0.239    0.128    0.441    0.565    0.259
 656.00   26.412   26.412   26.414   -0.104   -0.359    1.412   -0.104   -0.359   -0.507   -0.147    0.037    1.066    0.264
 656.10   27.051   27.068   27.069    0.954    0.277    2.051    0.954    0.277    0.569    1.957    0.265    2.597    1.028
 656.20   27.974   28.040   28.112    1.923    2.010    2.974    1.923    2.010    5.979    5.719    3.865    8.292    4.566
 656.30   28.993   29.081   29.090    2.262    0.738    3.993    2.262    0.738    2.947    9.030    1.669   10.801    4.822
 656.40   27.759   27.886   27.930    2.661    1.575    2.759    2.661    1.575    4.345    7.341    4.191    8.586    4.752
 656.50   27.643   27.674   27.781    1.313    2.427    2.643    1.313    2.427    6.416    3.470    3.186    7.301    3.980
 656.60   29.651   29.794   29.994    2.916    3.463    4.651    2.916    3.463   16.106   13.561   10.098   21.063   11.676
 656.70   28.405   28.632   28.863    3.594    3.645    3.405    3.594    3.645   12.413   12.239   13.102   18.901   10.904
 656.80   27.708   27.890   27.971    3.179    2.128    2.708    3.179    2.128    5.764    8.609    6.767   10.985    6.187
 656.90   27.301   27.430   27.474    2.650    1.557    2.301    2.650    1.557    3.583    6.099    4.127    7.372    4.095
 657.00   26.155   26.181   26.258    1.150    2.015    1.155    1.150    2.015    2.329    1.328    2.317    3.359    1.772
 657.10   25.058   25.061   25.093   -0.388    1.270    0.058   -0.388    1.270    0.073   -0.022   -0.493    0.883    0.250
 657.20   25.507   25.515   25.517    0.649    0.291    0.507    0.649    0.291    0.148    0.329    0.189    0.382    0.204
 657.30   26.646   26.671   26.683   -1.162   -0.779    1.646   -1.162   -0.779   -1.283   -1.912    0.905    2.333    1.237
 657.40   27.559   27.590   27.613   -1.314   -1.121    2.559   -1.314   -1.121   -2.868   -3.363    1.474    4.765    2.330
 657.50   27.563   27.750   27.754   -3.214    0.477    2.563   -3.214    0.477    1.223   -8.238   -1.533    8.563    4.234
 657.60   27.463   27.794   27.799   -4.279    0.492    2.463   -4.279    0.492    1.211  -10.538   -2.103   12.307    5.407
 657.70   26.733   27.002   27.041   -3.803    1.449    1.733   -3.803    1.449    2.511   -6.590   -5.510    9.781    4.475
 657.80   26.544   26.784   26.804   -3.572    1.037    1.544   -3.572    1.037    1.601   -5.517   -3.704    8.110    3.417
 657.90   26.105   26.263   26.340   -2.879    2.004    1.105   -2.879    2.004    2.215   -3.182   -5.771    6.765    3.476
 658.00   25.448   25.570   25.573   -2.492    0.424    0.448   -2.492    0.424    0.190   -1.116   -1.057    3.295    0.774
 658.10   26.587   26.673   26.681   -2.140    0.648    1.587   -2.140    0.648    1.029   -3.398   -1.388    3.761    1.906
 658.20   26.234   26.273   26.309   -1.429    1.392    1.234   -1.429    1.392    1.717   -1.763   -1.989    2.751    1.582
 658.30   27.456   27.462   27.518   -0.576    1.760    2.456   -0.576    1.760    4.323   -1.414   -1.014    4.730    2.330
 658.40   28.763   28.763   28.898    0.149    2.787    3.763    0.149    2.787   10.487    0.562    0.416   10.975    5.255
 658.50   29.399   29.414   29.517   -0.921    2.469    4.399   -0.921    2.469   10.863   -4.054   -2.275   13.150    5.908
 658.60   29.500   29.561   29.601    1.904    1.539    4.500    1.904    1.539    6.926    8.569    2.931   13.123    5.701
 658.70   28.878   28.917   28.957    1.502    1.522    3.878    1.502    1.522    5.901    5.823    2.285    9.804    4.300
 658.80   29.433   29.664   29.742    3.700    2.151    4.433    3.700    2.151    9.534   16.400    7.958   18.982   10.286
 658.90   28.841   28.915   28.938    2.069    1.151    3.841    2.069    1.151    4.421    7.948    2.382   10.179    4.701
 659.00   28.526   28.579   28.603    1.752    1.166    3.526    1.752    1.166    4.110    6.175    2.042    8.429    3.847
 659.10   27.586   27.654   27.661    1.937    0.647    2.586    1.937    0.647    1.673    5.009    1.253    5.429    2.714
