
This hub-height turbulence-parameter file was generated by TurbSim (from OpenFAST-Unversioned from 08fffef240461a8334596179f1de462be43ad3e9) on 10-Oct-2023 at 13:38:20.

   Time      U       Uh       Ut        V        W        u'       v'       w'      u'w'     u'v'     v'w'     TKE      CTKE
   0.00   22.179   22.185   22.194   -0.472    0.649    1.179   -0.472    0.649    0.766   -0.556   -0.306    1.018    0.497
   0.10   21.312   21.323   21.407   -0.679    1.890    0.312   -0.679    1.890    0.590   -0.212   -1.283    2.065    0.714
   0.20   20.334   20.369   20.485   -1.189    2.179   -0.666   -1.189    2.179   -1.451    0.792   -2.592    3.304    1.537
   0.30   20.201   20.366   20.590   -2.583    3.029   -0.799   -2.583    3.029   -2.420    2.064   -7.824    8.243    4.223
   0.40   22.034   22.173   22.410   -2.479    3.251    1.034   -2.479    3.251    3.362   -2.563   -8.058    8.890    4.550
   0.50   22.551   22.606   22.835   -1.583    3.221    1.551   -1.583    3.221    4.995   -2.455   -5.099    7.643    3.774
   0.60   22.926   23.003   23.217   -1.888    3.140    1.926   -1.888    3.140    6.046   -3.636   -5.929    8.565    4.608
   0.70   22.275   22.378   22.652   -2.143    3.513    1.275   -2.143    3.513    4.480   -2.733   -7.527    9.279    4.588
   0.80   21.655   21.699   21.942   -1.394    3.252    0.655   -1.394    3.252    2.129   -0.912   -4.533    6.474    2.545
   0.90   21.666   21.688   21.909   -0.984    3.101    0.666   -0.984    3.101    2.064   -0.655   -3.052    5.513    1.871
   1.00   20.495   20.501   20.685   -0.500    2.750   -0.505   -0.500    2.750   -1.388    0.253   -1.376    4.033    0.985
   1.10   21.198   21.201   21.362   -0.371    2.618    0.198   -0.371    2.618    0.517   -0.073   -0.971    3.515    0.551
   1.20   21.804   21.807   21.917   -0.330    2.198    0.804   -0.330    2.198    1.768   -0.265   -0.725    2.794    0.965
   1.30   21.290   21.337   21.370    1.418    1.192    0.290    1.418    1.192    0.345    0.411    1.689    1.757    0.886
   1.40   21.242   21.353   21.391    2.179    1.270    0.242    2.179    1.270    0.307    0.527    2.768    3.210    1.417
   1.50   22.959   23.106   23.133    2.605    1.121    1.959    2.605    1.121    2.195    5.101    2.919    5.938    3.137
   1.60   24.374   24.603   24.633    3.350    1.211    3.374    3.350    1.211    4.085   11.304    4.056   12.037    6.343
   1.70   23.767   24.205   24.207    4.584   -0.291    2.767    4.584   -0.291   -0.804   12.683   -1.332   14.376    6.389
   1.80   25.590   25.850   25.851    3.657   -0.231    4.590    3.657   -0.231   -1.060   16.783   -0.845   17.245    8.419
   1.90   23.978   24.289   24.322    3.876    1.269    2.978    3.876    1.269    3.779   11.543    4.919   12.752    6.552
   2.00   24.580   24.699   24.699    2.423   -0.050    3.580    2.423   -0.050   -0.180    8.674   -0.122    9.344    4.338
   2.10   23.472   23.581   23.582    2.264   -0.134    2.472    2.264   -0.134   -0.330    5.598   -0.302    5.628    2.808
   2.20   23.365   23.412   23.412    1.481   -0.163    2.365    1.481   -0.163   -0.385    3.501   -0.241    3.905    1.765
   2.30   23.462   23.546   23.546    1.987    0.030    2.462    1.987    0.030    0.073    4.891    0.059    5.004    2.446
   2.40   24.166   24.382   24.383    3.240    0.135    3.166    3.240    0.135    0.426   10.257    0.436   10.269    5.138
   2.50   23.814   24.075   24.090    3.536    0.865    2.814    3.536    0.865    2.435    9.948    3.060   10.584    5.345
   2.60   24.272   24.570   24.589    3.817    0.945    3.272    3.817    0.945    3.093   12.491    3.608   13.086    6.682
   2.70   22.732   23.110   23.180    4.163    1.809    1.732    4.163    1.809    3.133    7.209    7.532   11.800    5.443
   2.80   23.201   23.492   23.495    3.687    0.400    2.201    3.687    0.400    0.880    8.113    1.475    9.297    4.146
   2.90   24.873   25.156   25.162    3.760   -0.555    3.873    3.760   -0.555   -2.149   14.565   -2.086   14.725    7.435
   3.00   24.672   24.858   24.859    3.033   -0.194    3.672    3.033   -0.194   -0.714   11.138   -0.590   11.361    5.588
   3.10   24.844   25.201   25.203    4.231    0.259    3.844    4.231    0.259    0.994   16.264    1.095   16.373    8.166
   3.20   24.266   24.745   24.798    4.845    1.628    3.266    4.845    1.628    5.317   15.823    7.888   18.396    9.231
   3.30   25.100   25.717   25.766    5.602    1.586    4.100    5.602    1.586    6.501   22.966    8.884   25.352   12.734
   3.40   25.473   25.847   25.931    4.380    2.080    4.473    4.380    2.080    9.303   19.591    9.108   21.758   11.761
   3.50   25.232   25.889   25.969    5.794    2.039    4.232    5.794    2.039    8.631   24.522   11.817   27.821   14.278
   3.60   24.982   26.048   26.265    7.374    3.371    3.982    7.374    3.371   13.422   29.366   24.855   40.800   20.373
   3.70   26.444   27.588   27.656    7.865    1.934    5.444    7.865    1.934   10.529   42.812   15.211   47.613   23.319
   3.80   26.278   27.618   27.633    8.497   -0.902    5.278    8.497   -0.902   -4.760   44.852   -7.662   50.438   22.875
   3.90   25.023   26.192   26.219    7.735   -1.193    4.023    7.735   -1.193   -4.801   31.121   -9.230   38.723   16.407
   4.00   25.533   26.550   26.561    7.278   -0.784    4.533    7.278   -0.784   -3.553   32.990   -5.705   37.064   16.834
   4.10   27.583   28.265   28.304    6.172   -1.490    6.583    6.172   -1.490   -9.806   40.628   -9.193   41.822   21.397
   4.20   27.173   27.658   27.688    5.157   -1.288    6.173    5.157   -1.288   -7.948   31.837   -6.640   33.181   16.739
   4.30   26.653   27.085   27.125    4.820   -1.473    5.653    4.820   -1.473   -8.327   27.246   -7.099   28.678   14.681
   4.40   26.195   26.562   26.612    4.397   -1.635    5.195    4.397   -1.635   -8.494   22.845   -7.189   24.500   12.706
   4.50   24.868   25.200   25.206    4.077    0.567    3.868    4.077    0.567    2.195   15.769    2.313   15.952    8.044
   4.60   26.074   26.295   26.332    3.403    1.408    5.074    3.403    1.408    7.145   17.266    4.793   19.653    9.646
   4.70   26.365   26.569   26.588    3.285    1.018    5.365    3.285    1.018    5.463   17.625    3.345   20.306    9.376
   4.80   25.413   25.742   25.752    4.104    0.711    4.413    4.104    0.711    3.136   18.112    2.916   18.413    9.306
   4.90   25.258   25.390   25.405    2.594    0.859    4.258    2.594    0.859    3.656   11.043    2.227   12.796    5.922
   5.00   25.397   25.570   25.578    2.965   -0.650    4.397    2.965   -0.650   -2.860   13.038   -1.929   14.275    6.743
   5.10   24.734   24.827   24.841    2.146   -0.858    3.734    2.146   -0.858   -3.204    8.014   -1.842    9.642    4.412
   5.20   25.892   26.003   26.007    2.394    0.458    4.892    2.394    0.458    2.243   11.714    1.098   14.940    5.989
   5.30   26.442   26.495   26.507    1.683    0.786    5.442    1.683    0.786    4.279    9.161    1.324   16.533    5.099
   5.40   25.985   25.988   26.065    0.389    1.998    4.985    0.389    1.998    9.962    1.939    0.777   14.499    5.089
   5.50   25.424   25.426   25.450    0.320    1.109    4.424    0.320    1.109    4.904    1.415    0.355   10.451    2.558
   5.60   24.970   24.976   24.994    0.557    0.941    3.970    0.557    0.941    3.737    2.211    0.524    8.479    2.187
   5.70   24.942   24.956   25.022   -0.834    1.817    3.942   -0.834    1.817    7.162   -3.287   -1.515    9.767    4.012
   5.80   24.112   24.113   24.197   -0.179    2.011    3.112   -0.179    2.011    6.258   -0.557   -0.360    6.881    3.146
   5.90   22.917   22.944   22.994    1.104    1.525    1.917    1.104    1.525    2.924    2.116    1.683    3.610    1.991
   6.00   23.558   23.592   23.670   -1.269    1.919    2.558   -1.269    1.919    4.909   -3.246   -2.435    5.918    3.184
   6.10   24.508   24.516   24.667   -0.620    2.726    3.508   -0.620    2.726    9.561   -2.176   -1.691   10.059    4.975
   6.20   24.674   24.722   24.748   -1.543    1.142    3.674   -1.543    1.142    4.194   -5.667   -1.761    8.590    3.633
   6.30   24.364   24.382   24.451   -0.932    1.839    3.364   -0.932    1.839    6.187   -3.136   -1.714    7.785    3.572
   6.40   23.060   23.073   23.215   -0.763    2.564    2.060   -0.763    2.564    5.282   -1.572   -1.956    5.700    2.924
   6.50   22.954   22.955   22.967    0.212    0.738    1.954    0.212    0.738    1.443    0.414    0.157    2.204    0.755
   6.60   23.531   23.531   23.612    0.004    1.956    2.531    0.004    1.956    4.952    0.010    0.008    5.117    2.476
   6.70   24.531   24.531   24.548   -0.170    0.889    3.531   -0.170    0.889    3.139   -0.599   -0.151    6.643    1.599
   6.80   25.671   25.680   25.686    0.683    0.556    4.671    0.683    0.556    2.597    3.191    0.380   11.298    2.066
   6.90   27.023   27.031   27.107    0.666    2.022    6.023    0.666    2.022   12.177    4.012    1.346   20.405    6.445
   7.00   26.684   26.684   26.699    0.012    0.885    5.684    0.012    0.885    5.030    0.070    0.011   16.548    2.515
   7.10   26.275   26.275   26.307    0.089    1.296    5.275    0.089    1.296    6.837    0.469    0.115   14.757    3.427
   7.20   25.358   25.386   25.431   -1.195    1.505    4.358   -1.195    1.505    6.560   -5.207   -1.798   11.344    4.283
   7.30   24.254   24.290   24.344   -1.326    1.631    3.254   -1.326    1.631    5.307   -4.313   -2.162    7.502    3.586
   7.40   24.142   24.201   24.207   -1.686    0.516    3.142   -1.686    0.516    1.621   -5.299   -0.870    6.492    2.805
   7.50   24.201   24.273   24.273   -1.862   -0.070    3.201   -1.862   -0.070   -0.223   -5.959    0.129    6.859    2.982
   7.60   23.733   23.782   23.797   -1.532   -0.832    2.733   -1.532   -0.832   -2.273   -4.186    1.274    5.253    2.466
   7.70   23.218   23.284   23.289   -1.748    0.487    2.218   -1.748    0.487    1.081   -3.878   -0.852    4.107    2.058
   7.80   21.820   21.831   21.837   -0.694   -0.508    0.820   -0.694   -0.508   -0.417   -0.569    0.353    0.706    0.394
   7.90   20.342   20.353   20.353    0.660    0.058   -0.658    0.660    0.058   -0.038   -0.434    0.038    0.436    0.219
   8.00   19.989   20.053   20.054    1.594   -0.207   -1.011    1.594   -0.207    0.210   -1.612   -0.331    1.803    0.829
   8.10   21.983   22.002   22.008    0.916   -0.477    0.983    0.916   -0.477   -0.469    0.901   -0.437    1.017    0.553
   8.20   21.369   21.378   21.402   -0.643   -0.996    0.369   -0.643   -0.996   -0.367   -0.237    0.640    0.771    0.388
   8.30   21.493   21.644   21.651   -2.549   -0.553    0.493   -2.549   -0.553   -0.273   -1.258    1.409    3.523    0.954
   8.40   21.177   21.379   21.380   -2.937   -0.145    0.177   -2.937   -0.145   -0.026   -0.519    0.425    4.339    0.336
   8.50   21.849   22.035   22.035   -2.860    0.080    0.849   -2.860    0.080    0.068   -2.427   -0.228    4.453    1.219
   8.60   21.196   21.675   21.676   -4.533    0.216    0.196   -4.533    0.216    0.042   -0.887   -0.979   10.314    0.661
   8.70   21.202   21.775   21.776   -4.961    0.207    0.202   -4.961    0.207    0.042   -1.005   -1.029   12.348    0.719
   8.80   21.776   21.977   22.014   -2.966    1.277    0.776   -2.966    1.277    0.990   -2.300   -3.787    5.515    2.270
   8.90   22.412   22.521   22.575   -2.216    1.564    1.412   -2.216    1.564    2.209   -3.129   -3.467    4.676    2.583
   9.00   22.803   22.896   22.964   -2.058    1.765    1.803   -2.058    1.765    3.182   -3.710   -3.632    5.300    3.045
   9.10   24.690   24.695   24.752   -0.500    1.683    3.690   -0.500    1.683    6.211   -1.845   -0.842    8.350    3.267
   9.20   25.137   25.140   25.196    0.376    1.674    4.137    0.376    1.674    6.926    1.558    0.630   10.030    3.564
   9.30   24.952   24.952   24.982    0.005    1.210    3.952    0.005    1.210    4.781    0.020    0.006    8.542    2.390
   9.40   24.233   24.233   24.292   -0.176    1.695    3.233   -0.176    1.695    5.478   -0.568   -0.298    6.676    2.758
   9.50   23.758   23.774   23.783   -0.864    0.678    2.758   -0.864    0.678    1.869   -2.383   -0.586    4.406    1.543
   9.60   22.963   22.967   23.022   -0.404    1.588    1.963   -0.404    1.588    3.118   -0.793   -0.641    3.270    1.640
   9.70   21.649   21.649   21.707    0.015    1.584    0.649    0.015    1.584    1.028    0.010    0.024    1.465    0.514
   9.80   21.492   21.493   21.576    0.218    1.895    0.492    0.218    1.895    0.932    0.107    0.412    1.940    0.512
   9.90   21.488   21.553   21.665    1.664    2.206    0.488    1.664    2.206    1.077    0.813    3.670    3.936    1.955
  10.00   20.877   21.045   21.171    2.649    2.313   -0.123    2.649    2.313   -0.284   -0.325    6.127    6.191    3.071
  10.10   20.033   20.148   20.180    2.149    1.136   -0.967    2.149    1.136   -1.098   -2.077    2.441    3.421    1.694
  10.20   20.220   20.239   20.436    0.882    2.829   -0.780    0.882    2.829   -2.208   -0.689    2.496    4.696    1.701
  10.30   20.975   21.077   21.264    2.071    2.817   -0.025    2.071    2.817   -0.071   -0.052    5.833    6.112    2.917
  10.40   22.215   22.555   22.609    3.903    1.558    1.215    3.903    1.558    1.893    4.741    6.082    9.569    3.970
  10.50   21.004   21.360   21.384    3.881    1.013    0.004    3.881    1.013    0.004    0.017    3.932    8.043    1.966
  10.60   20.392   20.486   20.705    1.959    3.004   -0.608    1.959    3.004   -1.826   -1.191    5.884    6.616    3.138
  10.70   20.115   20.181   20.304    1.630    2.235   -0.885    1.630    2.235   -1.979   -1.443    3.644    4.220    2.196
  10.80   19.001   19.051   19.063    1.379    0.686   -1.999    1.379    0.686   -1.371   -2.757    0.946    3.185    1.611
  10.90   18.517   18.571   18.598    1.406    1.005   -2.483    1.406    1.005   -2.494   -3.491    1.413    4.575    2.259
  11.00   18.253   18.266   18.276    0.687    0.605   -2.747    0.687    0.605   -1.661   -1.887    0.416    4.191    1.274
  11.10   16.751   16.909   16.911    2.303    0.304   -4.249    2.303    0.304   -1.293   -9.786    0.701   11.726    4.948
  11.20   16.486   16.545   16.551    1.395    0.439   -4.514    1.395    0.439   -1.981   -6.299    0.612   11.258    3.316
  11.30   17.360   17.360   17.380    0.009    0.841   -3.640    0.009    0.841   -3.062   -0.033    0.008    6.979    1.531
  11.40   15.552   15.694   15.797    2.102    1.807   -5.448    2.102    1.807   -9.842  -11.449    3.797   18.680    7.784
  11.50   16.298   16.321   16.345    0.878    0.875   -4.702    0.878    0.875   -4.116   -4.128    0.768   11.824    2.940
  11.60   16.006   16.013   16.122   -0.469    1.872   -4.994   -0.469    1.872   -9.350    2.341   -0.877   14.333    4.839
  11.70   15.645   15.670   15.778   -0.887    1.840   -5.355   -0.887    1.840   -9.853    4.752   -1.633   16.425    5.530
  11.80   16.174   16.299   16.299   -2.018   -0.053   -4.826   -2.018   -0.053    0.257    9.739    0.107   13.684    4.871
  11.90   17.339   17.379   17.379   -1.189   -0.043   -3.661   -1.189   -0.043    0.158    4.353    0.051    7.411    2.178
  12.00   17.758   17.758   17.760    0.054    0.299   -3.242    0.054    0.299   -0.970   -0.176    0.016    5.303    0.493
  12.10   18.778   18.787   18.832   -0.590    1.295   -2.222   -0.590    1.295   -2.877    1.311   -0.764    3.481    1.626
  12.20   20.630   20.655   20.685   -1.028    1.106   -0.370   -1.028    1.106   -0.409    0.381   -1.136    1.208    0.633
  12.30   20.535   20.649   20.795   -2.163    2.457   -0.465   -2.163    2.457   -1.141    1.005   -5.313    5.464    2.763
  12.40   21.000   21.075   21.373   -1.775    3.556   -0.000   -1.775    3.556   -0.000    0.000   -6.313    7.899    3.157
  12.50   21.701   21.701   21.933    0.087    3.181    0.701    0.087    3.181    2.230    0.061    0.277    5.308    1.124
  12.60   21.711   21.720   21.836   -0.610    2.255    0.711   -0.610    2.255    1.604   -0.433   -1.375    2.982    1.078
  12.70   20.860   20.860   21.103    0.019    3.197   -0.140    0.019    3.197   -0.449   -0.003    0.060    5.120    0.226
  12.80   21.526   21.526   21.662   -0.094    2.419    0.526   -0.094    2.419    1.273   -0.049   -0.227    3.069    0.647
  12.90   21.199   21.218   21.254   -0.892    1.235    0.199   -0.892    1.235    0.246   -0.178   -1.102    1.180    0.571
  13.00   21.403   21.407   21.431    0.391    1.019    0.403    0.391    1.019    0.411    0.157    0.398    0.677    0.297
  13.10   20.231   20.233   20.328    0.246    1.967   -0.769    0.246    1.967   -1.512   -0.189    0.483    2.261    0.799
  13.20   19.689   19.689   19.719   -0.038    1.084   -1.311   -0.038    1.084   -1.421    0.050   -0.041    1.447    0.711
  13.30   20.418   20.424   20.459   -0.502    1.204   -0.582   -0.502    1.204   -0.701    0.292   -0.604    1.020    0.485
  13.40   19.127   19.207   19.223   -1.747    0.784   -1.873   -1.747    0.784   -1.468    3.271   -1.369    3.586    1.919
  13.50   19.293   19.440   19.443   -2.388   -0.342   -1.707   -2.388   -0.342    0.584    4.076    0.818    4.367    2.099
  13.60   19.503   19.592   19.649   -1.866   -1.492   -1.497   -1.866   -1.492    2.234    2.794    2.785    3.976    2.267
  13.70   18.825   18.902   18.958   -1.704   -1.451   -2.175   -1.704   -1.451    3.155    3.706    2.473    4.869    2.730
  13.80   17.194   17.245   17.319   -1.330   -1.596   -3.806   -1.330   -1.596    6.073    5.063    2.123    9.401    4.094
  13.90   18.964   18.966   18.987    0.280   -0.886   -2.036    0.280   -0.886    1.804   -0.569   -0.248    2.504    0.954
  14.00   19.193   19.198   19.198    0.427    0.025   -1.807    0.427    0.025   -0.046   -0.772    0.011    1.724    0.387
  14.10   18.741   18.786   18.797    1.307    0.622   -2.259    1.307    0.622   -1.404   -2.952    0.812    3.599    1.684
  14.20   18.584   18.584   18.644   -0.090    1.487   -2.416   -0.090    1.487   -3.593    0.217   -0.134    4.028    1.801
  14.30   18.556   18.557   18.638    0.119    1.734   -2.444    0.119    1.734   -4.237   -0.292    0.207    4.496    2.126
  14.40   18.724   18.737   18.774    0.700    1.185   -2.276    0.700    1.185   -2.698   -1.592    0.829    3.538    1.620
  14.50   18.142   18.154   18.193    0.674    1.187   -2.858    0.674    1.187   -3.393   -1.926    0.800    5.016    1.992
  14.60   19.481   19.542   19.542    1.547    0.009   -1.519    1.547    0.009   -0.013   -2.350    0.013    2.350    1.175
  14.70   18.759   18.882   18.899    2.153    0.781   -2.241    2.153    0.781   -1.751   -4.824    1.682    5.134    2.700
  14.80   20.845   21.090   21.173    3.201    1.879   -0.155    3.201    1.879   -0.290   -0.495    6.014    6.901    3.021
  14.90   21.665   21.863   21.915    2.934    1.512    0.665    2.934    1.512    1.006    1.952    4.437    5.670    2.475
  15.00   21.702   21.763   21.824    1.621    1.632    0.702    1.621    1.632    1.146    1.139    2.645    2.892    1.550
  15.10   21.888   21.897   21.898    0.639   -0.142    0.888    0.639   -0.142   -0.126    0.568   -0.091    0.609    0.294
  15.20   22.638   22.639   22.661   -0.201   -0.998    1.638   -0.201   -0.998   -1.634   -0.330    0.201    1.860    0.840
  15.30   22.617   22.686   22.688   -1.768   -0.262    1.617   -1.768   -0.262   -0.423   -2.860    0.463    2.905    1.464
  15.40   22.776   22.876   22.877   -2.134    0.197    1.776   -2.134    0.197    0.350   -3.790   -0.421    3.874    1.915
  15.50   23.526   23.568   23.596   -1.419    1.137    2.526   -1.419    1.137    2.872   -3.584   -1.614    4.842    2.434
  15.60   22.779   22.785   22.830    0.546    1.426    1.779    0.546    1.426    2.537    0.971    0.779    2.748    1.413
  15.70   22.581   22.639   22.793    1.620    2.641    1.581    1.620    2.641    4.176    2.562    4.280    6.050    3.253
  15.80   22.770   22.776   23.010    0.530    3.274    1.770    0.530    3.274    5.795    0.939    1.736    7.066    3.061
  15.90   23.120   23.130   23.472    0.705    3.988    2.120    0.705    3.988    8.453    1.494    2.811   10.448    4.516
  16.00   24.306   24.320   24.535   -0.824    3.244    3.306   -0.824    3.244   10.724   -2.724   -2.673   11.065    5.691
  16.10   23.902   23.932   24.085   -1.197    2.711    2.902   -1.197    2.711    7.867   -3.474   -3.245    8.601    4.596
  16.20   22.386   22.537   22.842   -2.605    3.723    1.386   -2.605    3.723    5.160   -3.611   -9.699   11.284    5.782
  16.30   21.526   21.673   21.759   -2.522    1.935    0.526   -2.522    1.935    1.017   -1.326   -4.880    5.190    2.579
  16.40   20.326   20.460   20.578   -2.332    2.200   -0.674   -2.332    2.200   -1.482    1.571   -5.131    5.366    2.783
  16.50   19.221   19.407   19.436   -2.675    1.074   -1.779   -2.675    1.074   -1.910    4.759   -2.873    5.737    2.939
  16.60   20.125   20.188   20.231   -1.594    1.324   -0.875   -1.594    1.324   -1.160    1.396   -2.112    2.531    1.392
  16.70   20.583   20.640   20.650   -1.535    0.622   -0.417   -1.535    0.622   -0.259    0.640   -0.955    1.459    0.589
  16.80   20.927   20.937   21.081   -0.654    2.461   -0.073   -0.654    2.461   -0.180    0.048   -1.610    3.244    0.810
  16.90   20.767   20.769   20.933   -0.286    2.616   -0.233   -0.286    2.616   -0.610    0.067   -0.747    3.491    0.483
  17.00   21.279   21.298   21.314    0.899    0.819    0.279    0.899    0.819    0.228    0.251    0.736    0.778    0.405
  17.10   22.077   22.077   22.082   -0.135    0.455    1.077   -0.135    0.455    0.490   -0.146   -0.062    0.692    0.257
  17.20   21.669   21.677   21.705    0.611    1.103    0.669    0.611    1.103    0.738    0.409    0.674    1.019    0.540
  17.30   20.969   21.025   21.043    1.528    0.880   -0.031    1.528    0.880   -0.027   -0.047    1.344    1.555    0.673
  17.40   22.205   22.289   22.297    1.933    0.570    1.205    1.933    0.570    0.687    2.330    1.102    2.757    1.334
  17.50   22.810   22.894   22.896    1.960   -0.270    1.810    1.960   -0.270   -0.490    3.547   -0.530    3.595    1.810
  17.60   22.981   23.081   23.082    2.146    0.168    1.981    2.146    0.168    0.334    4.252    0.361    4.280    2.140
  17.70   22.867   22.948   22.965    1.925   -0.885    1.867    1.925   -0.885   -1.652    3.593   -1.704    3.986    2.153
  17.80   23.313   23.402   23.455    2.033   -1.583    2.313    2.033   -1.583   -3.663    4.702   -3.219    5.995    3.387
  17.90   23.898   24.068   24.182    2.860   -2.342    2.898    2.860   -2.342   -6.786    8.288   -6.699   11.031    6.317
  18.00   22.579   22.899   23.025    3.811   -2.408    1.579    3.811   -2.408   -3.803    6.019   -9.178   11.409    5.808
  18.10   22.631   22.788   22.788    2.670   -0.185    1.631    2.670   -0.185   -0.301    4.353   -0.493    4.910    2.196
  18.20   22.051   22.093   22.106    1.357   -0.762    1.051    1.357   -0.762   -0.801    1.426   -1.033    1.763    0.967
  18.30   22.360   22.388   22.396    1.109   -0.608    1.360    1.109   -0.608   -0.827    1.509   -0.675    1.725    0.924
  18.40   22.422   22.423   22.425    0.243    0.312    1.422    0.243    0.312    0.444    0.345    0.076    1.089    0.284
  18.50   21.128   21.166   21.210    1.268    1.357    0.128    1.268    1.357    0.174    0.163    1.721    1.734    0.869
  18.60   20.503   20.510   20.579    0.537    1.687   -0.497    0.537    1.687   -0.839   -0.267    0.905    1.690    0.631
  18.70   20.346   20.425   20.442    1.798    0.829   -0.654    1.798    0.829   -0.542   -1.176    1.491    2.174    0.987
  18.80   19.963   20.187   20.205    3.001   -0.851   -1.037    3.001   -0.851    0.882   -3.111   -2.553    5.401    2.060
  18.90   19.306   19.466   19.632    2.488   -2.551   -1.694    2.488   -2.551    4.321   -4.215   -6.348    7.784    4.380
  19.00   19.239   19.378   19.481    2.323   -1.998   -1.761    2.323   -1.998    3.519   -4.092   -4.640    6.244    3.559
  19.10   19.226   19.418   19.458    2.723   -1.246   -1.774    2.723   -1.246    2.210   -4.832   -3.392    6.058    3.152
  19.20   18.477   18.729   18.827    3.062   -1.922   -2.523    3.062   -1.922    4.849   -7.728   -5.885    9.720    5.428
  19.30   19.104   19.319   19.343    2.871   -0.972   -1.896    2.871   -0.972    1.843   -5.442   -2.790    6.390    3.194
  19.40   19.592   19.776   19.777    2.693   -0.225   -1.408    2.693   -0.225    0.317   -3.793   -0.607    4.644    1.927
  19.50   19.670   20.110   20.122    4.184    0.699   -1.330    4.184    0.699   -0.929   -5.565    2.924    9.883    3.177
  19.60   18.894   19.325   19.431    4.056    2.025   -2.106    4.056    2.025   -4.264   -8.540    8.215   12.494    6.297
  19.70   19.491   19.727   19.747    3.039    0.893   -1.509    3.039    0.893   -1.348   -4.586    2.715    6.155    2.748
  19.80   19.027   19.192   19.212    2.515   -0.871   -1.973    2.515   -0.871    1.718   -4.962   -2.190    5.488    2.845
  19.90   20.061   20.427   20.457    3.850   -1.111   -0.939    3.850   -1.111    1.043   -3.616   -4.277    8.471    2.849
  20.00   19.906   20.074   20.092    2.592   -0.846   -1.094    2.592   -0.846    0.925   -2.835   -2.192    4.315    1.851
  20.10   20.554   20.679   20.698    2.270   -0.894   -0.446    2.270   -0.894    0.399   -1.014   -2.031    3.077    1.152
  20.20   20.455   20.668   20.670    2.960   -0.277   -0.545    2.960   -0.277    0.151   -1.613   -0.819    4.567    0.908
  20.30   19.320   19.449   19.489    2.238   -1.245   -1.680    2.238   -1.245    2.092   -3.761   -2.787    4.692    2.564
  20.40   18.889   18.898   19.015   -0.570   -2.111   -2.111   -0.570   -2.111    4.455    1.204    1.203    4.617    2.384
  20.50   19.537   19.540   19.646   -0.319   -2.041   -1.463   -0.319   -2.041    2.985    0.467    0.651    3.203    1.545
  20.60   18.685   18.689   18.703   -0.414   -0.706   -2.315   -0.414   -0.706    1.634    0.959    0.292    3.015    0.959
  20.70   19.193   19.226   19.235    1.126   -0.564   -1.807    1.126   -0.564    1.019   -2.034   -0.635    2.424    1.181
  20.80   19.088   19.143   19.144    1.451   -0.192   -1.912    1.451   -0.192    0.367   -2.774   -0.278    2.899    1.406
  20.90   18.847   19.152   19.153    3.404    0.145   -2.153    3.404    0.145   -0.311   -7.329    0.492    8.123    3.676
  21.00   18.592   18.750   18.752    2.426    0.279   -2.408    2.426    0.279   -0.672   -5.841    0.677    5.880    2.959
  21.10   18.432   18.503   18.519    1.624   -0.750   -2.568    1.624   -0.750    1.926   -4.170   -1.218    4.897    2.376
  21.20   19.284   19.474   19.506    2.716    1.102   -1.716    2.716    1.102   -1.890   -4.660    2.992    5.766    2.926
  21.30   18.885   19.010   19.085    2.174    1.692   -2.115    2.174    1.692   -3.579   -4.597    3.679    6.030    3.445
  21.40   18.206   18.281   18.329    1.659    1.316   -2.794    1.659    1.316   -3.676   -4.636    2.183    6.146    3.153
  21.50   18.007   18.012   18.069    0.418    1.431   -2.993    0.418    1.431   -4.281   -1.250    0.597    5.589    2.250
  21.60   17.253   17.319   17.338    1.507    0.806   -3.747    1.507    0.806   -3.021   -5.645    1.215    8.479    3.258
  21.70   16.635   16.767   16.772    2.099   -0.431   -4.365    2.099   -0.431    1.883   -9.161   -0.905   11.822    4.698
  21.80   15.573   15.828   15.876    2.831    1.228   -5.427    2.831    1.228   -6.663  -15.363    3.476   19.488    8.552
  21.90   16.116   16.628   16.646    4.096    0.768   -4.884    4.096    0.768   -3.750  -20.004    3.145   20.610   10.297
  22.00   16.158   16.443   16.443    3.048    0.080   -4.842    3.048    0.080   -0.386  -14.758    0.243   16.371    7.382
  22.10   16.078   16.460   16.474    3.528   -0.670   -4.922    3.528   -0.670    3.299  -17.364   -2.365   18.561    8.916
  22.20   15.527   15.950   15.953    3.651   -0.328   -5.473    3.651   -0.328    1.796  -19.983   -1.198   21.698   10.050
  22.30   14.637   15.333   15.426    4.565   -1.697   -6.363    4.565   -1.697   10.796  -29.042   -7.746   32.098   15.969
  22.40   14.908   15.712   15.753    4.962   -1.129   -6.092    4.962   -1.129    6.876  -30.229   -5.601   31.504   15.752
  22.50   15.950   16.986   16.986    5.840   -0.114   -5.050    5.840   -0.114    0.578  -29.493   -0.669   29.812   14.753
  22.60   15.885   17.518   17.518    7.387   -0.019   -5.115    7.387   -0.019    0.095  -37.786   -0.137   40.366   18.893
  22.70   15.363   16.427   16.431    5.818    0.329   -5.637    5.818    0.329   -1.857  -32.796    1.916   32.867   16.452
  22.80   15.709   16.812   16.825    5.991   -0.644   -5.291    5.991   -0.644    3.410  -31.699   -3.861   32.152   16.058
  22.90   15.092   16.187   16.189    5.854   -0.265   -5.908    5.854   -0.265    1.566  -34.588   -1.551   34.625   17.329
  23.00   14.321   15.522   15.542    5.988    0.789   -6.679    5.988    0.789   -5.272  -39.996    4.726   40.546   20.309
  23.10   14.740   15.843   15.888    5.809    1.191   -6.260    5.809    1.191   -7.459  -36.366    6.922   37.178   18.882
  23.20   13.632   15.050   15.098    6.378   -1.199   -7.368    6.378   -1.199    8.838  -46.995   -7.650   48.205   24.214
  23.30   13.358   14.432   14.561    5.464   -1.932   -7.642    5.464   -1.932   14.765  -41.758  -10.558   45.996   22.766
  23.40   13.555   14.180   14.240    4.164   -1.300   -7.445    4.164   -1.300    9.678  -30.996   -5.412   37.224   16.460
  23.50   12.704   13.613   13.678    4.890   -1.328   -8.296    4.890   -1.328   11.017  -40.571   -6.495   47.251   21.269
  23.60   13.344   15.106   15.123    7.080   -0.704   -7.656    7.080   -0.704    5.388  -54.204   -4.983   54.617   27.349
  23.70   16.042   17.229   17.250    6.284   -0.852   -4.958    6.284   -0.852    4.223  -31.156   -5.353   32.397   15.947
  23.80   19.073   19.859   19.880    5.532   -0.915   -1.927    5.532   -0.915    1.764  -10.663   -5.062   17.577    5.967
  23.90   20.036   20.640   20.653    4.953   -0.748   -0.964    4.953   -0.748    0.721   -4.773   -3.705   13.012    3.043
  24.00   18.940   19.276   19.278    3.579   -0.277   -2.060    3.579   -0.277    0.571   -7.371   -0.992    8.564    3.730
  24.10   18.647   19.118   19.123    4.215   -0.458   -2.353    4.215   -0.458    1.078   -9.919   -1.932   11.758    5.081
  24.20   18.596   19.325   19.330    5.256   -0.435   -2.404    5.256   -0.435    1.046  -12.636   -2.288   16.800    6.442
  24.30   17.998   18.732   18.733    5.195   -0.184   -3.002    5.195   -0.184    0.552  -15.597   -0.956   18.018    7.818
  24.40   17.712   18.258   18.260    4.433    0.243   -3.288    4.433    0.243   -0.798  -14.578    1.075   15.263    7.320
  24.50   18.241   18.645   18.654    3.860    0.591   -2.759    3.860    0.591   -1.630  -10.649    2.280   11.429    5.506
  24.60   17.248   17.657   17.660    3.781   -0.270   -3.752    3.781   -0.270    1.014  -14.188   -1.022   14.225    7.131
  24.70   18.074   18.381   18.393    3.344   -0.671   -2.926    3.344   -0.671    1.964   -9.782   -2.244   10.094    5.113
  24.80   18.418   18.669   18.692    3.053    0.930   -2.582    3.053    0.930   -2.401   -7.882    2.839    8.425    4.357
  24.90   17.332   17.431   17.433    1.853    0.261   -3.668    1.853    0.261   -0.959   -6.797    0.485    8.477    3.441
  25.00   17.423   17.546   17.552    2.074    0.433   -3.577    2.074    0.433   -1.549   -7.418    0.898    8.641    3.816
  25.10   17.523   17.712   17.713    2.577    0.158   -3.477    2.577    0.158   -0.549   -8.960    0.407    9.377    4.493
  25.20   18.853   18.906   18.911    1.403    0.458   -2.147    1.403    0.458   -0.984   -3.012    0.643    3.393    1.617
  25.30   19.243   19.247   19.258    0.408   -0.656   -1.757    0.408   -0.656    1.152   -0.717   -0.268    1.842    0.692
  25.40   18.946   18.950   18.950    0.366    0.053   -2.054    0.366    0.053   -0.109   -0.752    0.020    2.177    0.380
  25.50   17.054   17.062   17.078    0.525   -0.736   -3.946    0.525   -0.736    2.903   -2.072   -0.386    8.193    1.794
  25.60   16.831   16.842   16.842   -0.621    0.016   -4.169   -0.621    0.016   -0.068    2.589   -0.010    8.884    1.295
  25.70   16.753   16.755   16.840    0.220   -1.691   -4.247    0.220   -1.691    7.180   -0.933   -0.372   10.470    3.625
  25.80   16.498   16.652   16.774    2.261   -2.019   -4.502    2.261   -2.019    9.092  -10.182   -4.566   14.732    7.197
  25.90   16.435   16.578   16.700    2.172   -2.020   -4.565    2.172   -2.020    9.223   -9.915   -4.387   14.820    7.117
  26.00   17.723   17.907   18.331    2.563   -3.919   -3.277    2.563   -3.919   12.844   -8.398  -10.044   16.334    9.170
  26.10   18.072   18.375   18.826    3.322   -4.094   -2.928    3.322   -4.094   11.987   -9.725  -13.600   18.184   10.286
  26.20   17.614   17.885   18.385    3.103   -4.258   -3.386    3.103   -4.258   14.420  -10.507  -13.212   19.614   11.101
  26.30   19.164   19.477   19.685    3.480   -2.851   -1.836    3.480   -2.851    5.236   -6.391   -9.923   11.807    6.456
  26.40   18.982   19.211   19.485    2.960   -3.256   -2.018    2.960   -3.256    6.572   -5.975   -9.638   11.719    6.553
  26.50   19.632   19.779   20.130    2.405   -3.745   -1.368    2.405   -3.745    5.123   -3.289   -9.008   10.842    5.436
  26.60   18.851   18.877   19.228    0.998   -3.655   -2.149    0.998   -3.655    7.855   -2.144   -3.646    9.485    4.461
  26.70   17.456   17.496   17.745   -1.178   -2.964   -3.544   -1.178   -2.964   10.503    4.175    3.492   11.365    5.915
  26.80   16.339   16.340   16.489    0.196   -2.209   -4.661    0.196   -2.209   10.297   -0.914   -0.433   13.321    5.173
  26.90   17.360   17.370   17.470    0.592   -1.865   -3.640    0.592   -1.865    6.788   -2.154   -1.104    8.539    3.603
  27.00   17.191   17.215   17.379    0.908   -2.386   -3.809    0.908   -2.386    9.089   -3.460   -2.168   10.514    4.982
  27.10   17.773   17.813   17.971   -1.190   -2.380   -3.227   -1.190   -2.380    7.680    3.839    2.832    8.746    4.520
  27.20   16.350   16.350   16.631   -0.167   -3.041   -4.650   -0.167   -3.041   14.143    0.776    0.507   15.452    7.087
  27.30   17.122   17.130   17.299   -0.532   -2.407   -3.878   -0.532   -2.407    9.335    2.064    1.281   10.558    4.823
  27.40   18.433   18.447   18.701   -0.709   -3.071   -2.567   -0.709   -3.071    7.883    1.821    2.179    8.262    4.189
  27.50   16.915   16.974   17.232   -1.418   -2.971   -4.085   -1.418   -2.971   12.137    5.794    4.214   13.763    7.047
  27.60   16.223   16.250   16.386   -0.936   -2.106   -4.777   -0.936   -2.106   10.060    4.473    1.972   14.066    5.592
  27.70   16.915   16.916   17.015    0.184   -1.828   -4.085    0.184   -1.828    7.469   -0.753   -0.337   10.032    3.757
  27.80   18.236   18.239   18.392    0.347   -2.365   -2.764    0.347   -2.365    6.536   -0.960   -0.821    6.676    3.328
  27.90   18.720   18.739   18.840    0.843   -1.947   -2.280    0.843   -1.947    4.440   -1.923   -1.642    4.851    2.555
  28.00   19.137   19.295   19.313    2.463   -0.820   -1.863    2.463   -0.820    1.528   -4.588   -2.021    5.104    2.620
  28.10   18.869   18.883   19.019    0.732   -2.273   -2.131    0.732   -2.273    4.845   -1.560   -1.664    5.123    2.678
  28.20   19.616   19.621   19.723    0.430   -2.008   -1.384    0.430   -2.008    2.778   -0.594   -0.863    3.065    1.484
  28.30   19.075   19.090   19.128    0.744   -1.203   -1.925    0.744   -1.203    2.315   -1.432   -0.895    2.852    1.433
  28.40   18.273   18.323   18.323    1.342   -0.054   -2.727    1.342   -0.054    0.147   -3.659   -0.073    4.619    1.832
  28.50   19.478   19.491   19.491    0.707    0.145   -1.522    0.707    0.145   -0.221   -1.076    0.103    1.419    0.552
  28.60   19.929   19.934   19.936    0.445   -0.251   -1.071    0.445   -0.251    0.269   -0.477   -0.112    0.704    0.279
  28.70   19.536   19.550   19.598    0.753   -1.366   -1.464    0.753   -1.366    2.000   -1.103   -1.029    2.289    1.253
  28.80   20.534   20.544   20.641   -0.638   -2.000   -0.466   -0.638   -2.000    0.931    0.297    1.276    2.312    0.804
  28.90   18.939   18.940   18.974   -0.097   -1.138   -2.061   -0.097   -1.138    2.346    0.200    0.111    2.776    1.179
  29.00   19.630   19.637   19.659    0.517   -0.918   -1.370    0.517   -0.918    1.257   -0.709   -0.475    1.493    0.760
  29.10   19.008   19.019   19.031    0.628   -0.687   -1.992    0.628   -0.687    1.368   -1.250   -0.431    2.416    0.951
  29.20   18.942   18.967   18.984    0.974   -0.803   -2.058    0.974   -0.803    1.653   -2.004   -0.782    2.915    1.357
  29.30   19.905   19.918   19.924    0.711   -0.483   -1.095    0.711   -0.483    0.529   -0.779   -0.344    0.969    0.501
  29.40   21.244   21.252   21.297    0.590   -1.377    0.244    0.590   -1.377   -0.336    0.144   -0.812    1.152    0.445
  29.50   21.381   21.387   21.695   -0.524   -3.639    0.381   -0.524   -3.639   -1.385   -0.200    1.907    6.830    1.183
  29.60   21.154   21.192   21.569    1.272   -4.015    0.154    1.272   -4.015   -0.619    0.196   -5.108    8.881    2.575
  29.70   21.116   21.128   21.696    0.708   -4.930    0.116    0.708   -4.930   -0.573    0.082   -3.491   12.408    1.769
  29.80   21.011   21.034   21.459   -0.995   -4.247    0.011   -0.995   -4.247   -0.046   -0.011    4.224    9.514    2.112
  29.90   20.817   20.823   21.081    0.493   -3.285   -0.183    0.493   -3.285    0.600   -0.090   -1.619    5.533    0.865
  30.00   21.038   21.075   21.198    1.247   -2.278    0.038    1.247   -2.278   -0.086    0.047   -2.842    3.373    1.422
  30.10   20.866   20.870   20.931    0.396   -1.602   -0.134    0.396   -1.602    0.214   -0.053   -0.635    1.371    0.336
  30.20   19.730   19.757   19.774    1.044   -0.807   -1.270    1.044   -0.807    1.025   -1.326   -0.843    1.677    0.938
  30.30   20.664   20.664   20.845   -0.079   -2.741   -0.336   -0.079   -2.741    0.921    0.026    0.216    3.815    0.473
  30.40   20.973   20.975   21.230   -0.257   -3.286   -0.027   -0.257   -3.286    0.089    0.007    0.844    5.432    0.424
  30.50   21.264   21.295   21.432    1.152   -2.422    0.264    1.152   -2.422   -0.639    0.304   -2.791    3.632    1.440
  30.60   21.237   21.303   21.385    1.682   -1.868    0.237    1.682   -1.868   -0.443    0.399   -3.141    3.186    1.599
  30.70   22.519   22.581   22.658    1.676   -1.860    1.519    1.676   -1.860   -2.824    2.546   -3.117    4.287    2.458
  30.80   22.466   22.517   22.649    1.526   -2.440    1.466    1.526   -2.440   -3.576    2.236   -3.723    5.215    2.813
  30.90   21.373   21.374   21.452    0.284   -1.826    0.373    0.284   -1.826   -0.680    0.106   -0.519    1.776    0.431
  31.00   21.484   21.517   21.556    1.204   -1.290    0.484    1.204   -1.290   -0.624    0.582   -1.553    1.673    0.886
  31.10   21.664   21.678   21.764    0.776   -1.928    0.664    0.776   -1.928   -1.281    0.515   -1.495    2.379    1.018
  31.20   21.671   21.755   21.756    1.911    0.164    0.671    1.911    0.164    0.110    1.282    0.314    2.064    0.662
  31.30   21.902   21.984   21.997    1.904   -0.749    0.902    1.904   -0.749   -0.675    1.716   -1.425    2.499    1.166
  31.40   22.336   22.411   22.593    1.825   -2.859    1.336    1.825   -2.859   -3.821    2.439   -5.218    6.646    3.456
  31.50   21.373   21.429   21.510    1.547   -1.875    0.373    1.547   -1.875   -0.699    0.577   -2.902    3.025    1.520
  31.60   21.259   21.388   21.443    2.343   -1.532    0.259    2.343   -1.532   -0.397    0.607   -3.591    3.953    1.832
  31.70   20.101   20.276   20.375    2.659   -2.005   -0.899    2.659   -2.005    1.803   -2.391   -5.331    5.949    3.057
  31.80   20.342   20.345   20.371    0.364   -1.029   -0.658    0.364   -1.029    0.678   -0.239   -0.374    0.813    0.405
  31.90   21.054   21.058   21.058   -0.409    0.018    0.054   -0.409    0.018    0.001   -0.022   -0.008    0.085    0.012
  32.00   21.348   21.352   21.353   -0.454   -0.083    0.348   -0.454   -0.083   -0.029   -0.158    0.038    0.167    0.082
  32.10   21.332   21.366   21.381    1.194   -0.798    0.332    1.194   -0.798   -0.265    0.397   -0.953    1.086    0.533
  32.20   22.061   22.075   22.096   -0.783   -0.965    1.061   -0.783   -0.965   -1.024   -0.831    0.756    1.335    0.760
  32.30   22.707   22.732   22.846   -1.062   -2.276    1.707   -1.062   -2.276   -3.886   -1.814    2.418    4.612    2.461
  32.40   22.523   22.574   22.597   -1.516   -1.028    1.523   -1.516   -1.028   -1.566   -2.309    1.559    2.838    1.598
  32.50   21.669   21.797   21.797   -2.357   -0.025    0.669   -2.357   -0.025   -0.016   -1.578    0.058    3.001    0.789
  32.60   21.132   21.195   21.196   -1.628   -0.223    0.132   -1.628   -0.223   -0.030   -0.216    0.364    1.360    0.212
  32.70   20.238   20.310   20.320   -1.709    0.613   -0.762   -1.709    0.613   -0.467    1.301   -1.047    1.937    0.867
  32.80   20.258   20.734   20.736   -4.419   -0.236   -0.742   -4.419   -0.236    0.175    3.278    1.044   10.066    1.722
  32.90   20.224   20.441   20.462   -2.975   -0.906   -0.776   -2.975   -0.906    0.703    2.309    2.695    5.136    1.809
  33.00   20.518   20.766   20.813   -3.201   -1.392   -0.482   -3.201   -1.392    0.671    1.543    4.456    6.208    2.381
  33.10   19.178   19.338   19.370   -2.481   -1.125   -1.822   -2.481   -1.125    2.050    4.521    2.792    5.371    2.848
  33.20   20.047   20.117   20.122   -1.687   -0.450   -0.953   -1.687   -0.450    0.429    1.608    0.758    1.978    0.914
  33.30   20.063   20.249   20.260   -2.740    0.686   -0.937   -2.740    0.686   -0.643    2.569   -1.880    4.429    1.624
  33.40   19.423   19.628   19.628   -2.826   -0.044   -1.577   -2.826   -0.044    0.070    4.456    0.125    5.237    2.229
  33.50   20.989   21.435   21.444   -4.349   -0.618   -0.011   -4.349   -0.618    0.007    0.047    2.687    9.649    1.344
  33.60   21.152   21.524   21.525   -3.982   -0.244    0.152   -3.982   -0.244   -0.037   -0.606    0.973    7.971    0.574
  33.70   21.069   21.380   21.388   -3.632   -0.614    0.069   -3.632   -0.614   -0.042   -0.250    2.231    6.786    1.123
  33.80   21.471   21.585   21.593   -2.211   -0.597    0.471   -2.211   -0.597   -0.281   -1.042    1.319    2.733    0.852
  33.90   20.717   20.768   20.768   -1.444    0.029   -0.283   -1.444    0.029   -0.008    0.408   -0.042    1.083    0.205
  34.00   20.859   20.972   20.973   -2.171    0.186   -0.141   -2.171    0.186   -0.026    0.305   -0.403    2.383    0.253
  34.10   20.671   20.682   20.700   -0.680    0.859   -0.329   -0.680    0.859   -0.282    0.223   -0.584    0.654    0.343
  34.20   20.984   21.057   21.092   -1.757    1.206   -0.016   -1.757    1.206   -0.019    0.028   -2.119    2.271    1.060
  34.30   20.863   21.144   21.166   -3.434    0.965   -0.137   -3.434    0.965   -0.132    0.470   -3.314    6.371    1.675
  34.40   20.231   20.753   20.770   -4.625    0.838   -0.769   -4.625    0.838   -0.644    3.554   -3.877   11.340    2.650
  34.50   20.090   20.579   20.581   -4.461   -0.217   -0.910   -4.461   -0.217    0.197    4.059    0.968   10.388    2.089
  34.60   18.380   18.852   18.852   -4.191    0.090   -2.620   -4.191    0.090   -0.235   10.978   -0.377   12.216    5.494
  34.70   18.038   18.282   18.282   -2.980    0.123   -2.962   -2.980    0.123   -0.366    8.828   -0.368    8.836    4.422
  34.80   17.969   18.089   18.099   -2.080    0.587   -3.031   -2.080    0.587   -1.779    6.303   -1.221    6.927    3.331
  34.90   17.908   17.934   17.966   -0.973    1.066   -3.092   -0.973    1.066   -3.297    3.007   -1.037    5.823    2.291
  35.00   18.089   18.109   18.122   -0.853    0.679   -2.911   -0.853    0.679   -1.976    2.483   -0.579    4.832    1.613
  35.10   15.679   15.685   15.789   -0.433    1.809   -5.321   -0.433    1.809   -9.626    2.304   -0.783   15.886    4.964
  35.20   15.840   15.840   15.950    0.044    1.872   -5.160    0.044    1.872   -9.659   -0.229    0.083   15.068    4.831
  35.30   18.526   18.567   18.655   -1.236    1.810   -2.474   -1.236    1.810   -4.478    3.058   -2.236    5.462    2.933
  35.40   18.056   18.056   18.056   -0.097   -0.052   -2.944   -0.097   -0.052    0.153    0.285    0.005    4.341    0.162
  35.50   18.202   18.205   18.214    0.340    0.561   -2.798    0.340    0.561   -1.570   -0.951    0.191    4.129    0.922
  35.60   18.749   18.836   18.842    1.804    0.492   -2.251    1.804    0.492   -1.107   -4.061    0.887    4.282    2.151
  35.70   18.570   18.764   18.842    2.685    1.721   -2.430    2.685    1.721   -4.182   -6.524    4.623    8.039    4.512
  35.80   19.962   20.179   20.288    2.953    2.103   -1.038    2.953    2.103   -2.183   -3.065    6.209    7.109    3.630
  35.90   19.102   19.232   19.325    2.236    1.897   -1.898    2.236    1.897   -3.602   -4.246    4.243    6.102    3.500
  36.00   18.628   18.641   18.651    0.689    0.625   -2.372    0.689    0.625   -1.482   -1.634    0.430    3.246    1.124
  36.10   19.611   19.620   19.637    0.601    0.813   -1.389    0.601    0.813   -1.129   -0.835    0.488    1.475    0.743
  36.20   19.961   20.036   20.061    1.734    0.993   -1.039    1.734    0.993   -1.031   -1.801    1.721    2.535    1.348
  36.30   20.889   20.928   20.948    1.275    0.915   -0.111    1.275    0.915   -0.102   -0.142    1.166    1.238    0.590
  36.40   20.621   20.636   20.641    0.788    0.454   -0.379    0.788    0.454   -0.172   -0.299    0.358    0.485    0.248
  36.50   20.906   20.967   21.002    1.601    1.223   -0.094    1.601    1.223   -0.116   -0.151    1.957    2.033    0.983
  36.60   22.484   22.492   22.513    0.618    0.954    1.484    0.618    0.954    1.416    0.916    0.589    1.747    0.893
  36.70   21.399   21.428   21.463    1.114    1.236    0.399    1.114    1.236    0.493    0.444    1.376    1.463    0.764
  36.80   21.722   21.842   21.856    2.285    0.774    0.722    2.285    0.774    0.559    1.651    1.768    3.172    1.241
  36.90   21.390   21.569   21.616    2.769    1.429    0.390    2.769    1.429    0.557    1.080    3.958    4.932    2.070
  37.00   20.598   20.789   20.891    2.814    2.061   -0.402    2.814    2.061   -0.829   -1.132    5.800    6.165    2.984
  37.10   18.644   18.944   18.962    3.359    0.819   -2.356    3.359    0.819   -1.928   -7.912    2.749    8.750    4.297
  37.20   18.914   19.113   19.190    2.747    1.726   -2.086    2.747    1.726   -3.600   -5.729    4.741    7.437    4.131
  37.30   19.886   20.010   20.022    2.223    0.711   -1.114    2.223    0.711   -0.792   -2.477    1.581    3.345    1.522
  37.40   19.038   19.164   19.164    2.188    0.111   -1.962    2.188    0.111   -0.217   -4.292    0.242    4.323    2.152
  37.50   19.063   19.397   19.399    3.583    0.262   -1.937    3.583    0.262   -0.507   -6.939    0.937    8.329    3.510
  37.60   19.349   19.926   19.941    4.762   -0.770   -1.651    4.762   -0.770    1.271   -7.861   -3.667   12.997    4.384
  37.70   18.948   19.537   19.568    4.763   -1.093   -2.052    4.763   -1.093    2.243   -9.775   -5.206   14.047    5.650
  37.80   17.280   17.675   17.676    3.713    0.220   -3.720    3.713    0.220   -0.819  -13.810    0.818   13.834    6.929
  37.90   17.230   17.421   17.421    2.566    0.079   -3.770    2.566    0.079   -0.296   -9.674    0.202   10.401    4.840
  38.00   17.506   17.849   17.877    3.479    1.014   -3.494    3.479    1.014   -3.542  -12.153    3.527   12.668    6.571
  38.10   18.619   18.873   18.875    3.088    0.269   -2.381    3.088    0.269   -0.640   -7.353    0.830    7.639    3.714
  38.20   19.140   19.457   19.480    3.497    0.947   -1.860    3.497    0.947   -1.762   -6.505    3.312    8.293    3.755
  38.30   19.017   19.088   19.095    1.647   -0.516   -1.983    1.647   -0.516    1.023   -3.265   -0.850    3.455    1.763
  38.40   19.076   19.157   19.159    1.758    0.318   -1.924    1.758    0.318   -0.612   -3.382    0.559    3.446    1.741
  38.50   18.820   19.086   19.089    3.178   -0.334   -2.180    3.178   -0.334    0.728   -6.928   -1.061    7.481    3.523
  38.60   20.488   20.589   20.590    2.040    0.189   -0.512    2.040    0.189   -0.097   -1.045    0.385    2.230    0.559
  38.70   19.429   19.457   19.522    1.043    1.598   -1.571    1.043    1.598   -2.511   -1.638    1.666    3.055    1.715
  38.80   19.120   19.146   19.230    1.000    1.794   -1.880    1.000    1.794   -3.372   -1.880    1.794    3.876    2.129
  38.90   20.025   20.033   20.119    0.551    1.865   -0.975    0.551    1.865   -1.818   -0.537    1.027    2.366    1.078
  39.00   19.702   19.713   19.720    0.657    0.553   -1.298    0.657    0.553   -0.718   -0.853    0.363    1.211    0.586
  39.10   19.348   19.374   19.413    1.018    1.227   -1.652    1.018    1.227   -2.028   -1.682    1.250    2.637    1.458
  39.20   19.352   19.407   19.435    1.469   -1.037   -1.648    1.469   -1.037    1.709   -2.421   -1.522    2.974    1.666
  39.30   19.229   19.408   19.478    2.634   -1.646   -1.771    2.634   -1.646    2.916   -4.665   -4.336    6.392    3.502
  39.40   20.043   20.054   20.066    0.652   -0.699   -0.957    0.652   -0.699    0.669   -0.624   -0.456    0.915    0.511
  39.50   19.520   19.522   19.552    0.230   -1.092   -1.480    0.230   -1.092    1.615   -0.340   -0.251    1.717    0.835
  39.60   19.569   19.582   19.673    0.734   -1.885   -1.431    0.734   -1.885    2.698   -1.051   -1.384    3.071    1.605
  39.70   19.567   19.581   19.581   -0.728   -0.134   -1.433   -0.728   -0.134    0.192    1.043    0.098    1.301    0.533
  39.80   19.851   19.853   19.855    0.240   -0.306   -1.149    0.240   -0.306    0.351   -0.276   -0.073    0.736    0.226
  39.90   19.573   19.583   19.585   -0.647    0.212   -1.427   -0.647    0.212   -0.302    0.924   -0.137    1.250    0.491
  40.00   20.280   20.294   20.294   -0.746    0.075   -0.720   -0.746    0.075   -0.054    0.537   -0.056    0.540    0.271
  40.10   19.964   19.984   19.987    0.891   -0.347   -1.036    0.891   -0.347    0.360   -0.923   -0.309    0.994    0.519
  40.20   20.737   20.739   20.746    0.270   -0.533   -0.263    0.270   -0.533    0.140   -0.071   -0.144    0.213    0.107
  40.30   20.121   20.130   20.148   -0.590   -0.848   -0.879   -0.590   -0.848    0.745    0.519    0.501    0.920    0.519
  40.40   20.095   20.095   20.112   -0.056   -0.833   -0.905   -0.056   -0.833    0.754    0.051    0.047    0.758    0.378
  40.50   19.206   19.214   19.221   -0.536   -0.526   -1.794   -0.536   -0.526    0.944    0.962    0.282    1.891    0.688
  40.60   19.685   19.688   19.692    0.352    0.404   -1.315    0.352    0.404   -0.532   -0.463    0.142    1.008    0.360
  40.70   19.962   19.993   20.027   -1.113    1.157   -1.038   -1.113    1.157   -1.201    1.155   -1.288    1.827    1.053
  40.80   21.183   21.242   21.285   -1.584    1.348    0.183   -1.584    1.348    0.247   -0.290   -2.135    2.179    1.084
  40.90   21.095   21.130   21.138   -1.213    0.607    0.095   -1.213    0.607    0.058   -0.115   -0.736    0.924    0.374
  41.00   20.716   20.805   20.833   -1.916   -1.080   -0.284   -1.916   -1.080    0.307    0.544    2.070    2.460    1.081
  41.10   21.900   22.024   22.058   -2.334   -1.222    0.900   -2.334   -1.222   -1.100   -2.102    2.852    3.876    1.855
  41.20   21.508   21.554   21.572   -1.414   -0.866    0.508   -1.414   -0.866   -0.440   -0.718    1.225    1.504    0.744
  41.30   21.036   21.056   21.057   -0.918   -0.179    0.036   -0.918   -0.179   -0.007   -0.033    0.164    0.438    0.084
  41.40   21.905   22.042   22.051   -2.459   -0.633    0.905   -2.459   -0.633   -0.573   -2.225    1.557    3.633    1.388
  41.50   20.249   20.373   20.430   -2.241   -1.533   -0.751   -2.241   -1.533    1.151    1.683    3.435    3.967    1.997
  41.60   18.883   19.033   19.123   -2.380   -1.852   -2.117   -2.380   -1.852    3.920    5.038    4.407    6.787    3.878
  41.70   18.460   18.631   18.708   -2.517   -1.690   -2.540   -2.517   -1.690    4.291    6.392    4.253    7.820    4.398
  41.80   19.636   19.768   19.885   -2.287   -2.149   -1.364   -2.287   -2.149    2.931    3.120    4.915    5.855    3.259
  41.90   19.145   19.259   19.387   -2.095   -2.221   -1.855   -2.095   -2.221    4.120    3.886    4.653    6.381    3.665
  42.00   18.910   19.042   19.096   -2.235   -1.437   -2.090   -2.235   -1.437    3.003    4.672    3.211    5.714    3.208
  42.10   19.676   19.690   19.817   -0.735   -2.242   -1.324   -0.735   -2.242    2.967    0.973    1.648    3.658    1.765
  42.20   19.723   19.816   19.862   -1.918   -1.344   -1.277   -1.918   -1.344    1.716    2.449    2.579    3.559    1.975
  42.30   19.569   19.595   19.666   -0.998   -1.673   -1.431   -0.998   -1.673    2.394    1.427    1.670    2.921    1.624
  42.40   18.630   18.766   18.933   -2.256   -2.506   -2.370   -2.256   -2.506    5.939    5.347    5.655    8.494    4.895
  42.50   17.998   18.020   18.066   -0.895   -1.287   -3.002   -0.895   -1.287    3.865    2.687    1.152    5.736    2.423
  42.60   18.295   18.300   18.328   -0.409   -1.020   -2.705   -0.409   -1.020    2.759    1.106    0.417    4.262    1.501
  42.70   18.900   18.928   18.974   -1.028   -1.324   -2.100   -1.028   -1.324    2.781    2.159    1.362    3.611    1.888
  42.80   18.498   18.500   18.603   -0.266   -1.954   -2.502   -0.266   -1.954    4.889    0.664    0.519    5.074    2.481
  42.90   19.836   19.901   19.917   -1.607   -0.799   -1.164   -1.607   -0.799    0.930    1.870    1.284    2.287    1.226
  43.00   19.435   19.438   19.465   -0.318   -1.039   -1.565   -0.318   -1.039    1.626    0.497    0.330    1.814    0.866
  43.10   19.096   19.152   19.164   -1.465   -0.681   -1.904   -1.465   -0.681    1.297    2.789    0.998    3.117    1.617
  43.20   19.479   19.499   19.503   -0.885    0.405   -1.521   -0.885    0.405   -0.616    1.346   -0.359    1.630    0.762
  43.30   20.480   20.490   20.502   -0.645    0.681   -0.520   -0.645    0.681   -0.354    0.335   -0.439    0.575    0.328
  43.40   21.174   21.348   21.375   -2.716    1.079    0.174   -2.716    1.079    0.188   -0.474   -2.930    4.285    1.487
  43.50   20.746   21.324   21.436   -4.927    2.194   -0.254   -4.927    2.194   -0.556    1.249  -10.812   14.578    5.449
  43.60   21.486   21.787   21.849   -3.608    1.640    0.486   -3.608    1.640    0.797   -1.754   -5.916    7.972    3.111
  43.70   21.489   21.704   21.834   -3.045    2.376    0.489   -3.045    2.376    1.163   -1.490   -7.233    7.576    3.738
  43.80   20.527   20.793   20.926   -3.313    2.361   -0.473   -3.313    2.361   -1.117    1.567   -7.822    8.387    4.028
  43.90   18.954   19.125   19.361   -2.555    3.008   -2.046   -2.555    3.008   -6.155    5.227   -7.686    9.882    5.574
  44.00   19.871   20.003   20.110   -2.295    2.064   -1.129   -2.295    2.064   -2.329    2.590   -4.737    5.401    2.940
  44.10   20.184   20.374   20.386   -2.777    0.698   -0.816   -2.777    0.698   -0.569    2.265   -1.938    4.431    1.517
  44.20   21.212   21.400   21.405   -2.829    0.443    0.212   -2.829    0.443    0.094   -0.601   -1.252    4.121    0.696
  44.30   22.964   23.000   23.000   -1.297   -0.118    1.964   -1.297   -0.118   -0.232   -2.547    0.153    2.776    1.281
  44.40   22.929   22.966   22.972   -1.295    0.527    1.929   -1.295    0.527    1.017   -2.499   -0.682    2.838    1.391
  44.50   22.844   23.042   23.053   -3.021    0.690    1.844   -3.021    0.690    1.271   -5.569   -2.083    6.499    3.040
  44.60   20.847   20.994   20.998   -2.480   -0.389   -0.153   -2.480   -0.389    0.059    0.379    0.964    3.162    0.519
  44.70   20.326   20.657   20.725   -3.685   -1.674   -0.674   -3.685   -1.674    1.128    2.483    6.169    8.417    3.373
  44.80   20.797   21.072   21.108   -3.392   -1.240   -0.203   -3.392   -1.240    0.252    0.689    4.205    6.541    2.134
  44.90   21.615   21.815   21.829   -2.943   -0.793    0.615   -2.943   -0.793   -0.488   -1.811    2.334    4.834    1.497
  45.00   23.764   24.053   24.055   -3.714   -0.292    2.764   -3.714   -0.292   -0.808  -10.267    1.086   10.760    5.178
  45.10   23.928   24.280   24.282   -4.115    0.302    2.928   -4.115    0.302    0.883  -12.051   -1.241   12.800    6.073
  45.20   23.778   24.212   24.213   -4.561    0.254    2.778   -4.561    0.254    0.705  -12.670   -1.157   14.291    6.371
  45.30   24.836   25.278   25.280   -4.709   -0.331    3.836   -4.709   -0.331   -1.271  -18.064    1.561   18.500    9.088
  45.40   25.799   26.622   26.624   -6.571    0.282    4.799   -6.571    0.282    1.356  -31.529   -1.856   33.140   15.807
  45.50   25.163   25.716   25.727   -5.303    0.738    4.163   -5.303    0.738    3.071  -22.080   -3.913   23.002   11.317
  45.60   24.955   25.354   25.362   -4.485    0.606    3.955   -4.485    0.606    2.398  -17.738   -2.720   18.062    9.052
  45.70   25.330   25.656   25.665   -4.076    0.680    4.330   -4.076    0.680    2.945  -17.650   -2.773   17.914    9.054
  45.80   25.761   26.075   26.079   -4.039    0.440    4.761   -4.039    0.440    2.096  -19.230   -1.778   19.587    9.713
  45.90   26.999   27.382   27.473   -4.562    2.230    5.999   -4.562    2.230   13.379  -27.372  -10.174   30.891   16.060
  46.00   26.736   27.169   27.339   -4.830    3.049    5.736   -4.830    3.049   17.488  -27.703  -14.726   32.762   17.960
  46.10   27.924   28.586   28.668   -6.118    2.163    6.924   -6.118    2.163   14.974  -42.360  -13.230   45.024   23.418
  46.20   25.997   26.833   26.853   -6.648    1.022    4.997   -6.648    1.022    5.108  -33.216   -6.796   35.102   17.144
  46.30   25.901   26.737   26.745   -6.636   -0.626    4.901   -6.636   -0.626   -3.066  -32.521    4.151   34.222   16.464
  46.40   25.714   26.291   26.301   -5.479    0.715    4.714   -5.479    0.715    3.372  -25.827   -3.920   26.376   13.170
  46.50   24.748   25.501   25.538   -6.149    1.384    3.748   -6.149    1.384    5.186  -23.049   -8.508   26.889   12.555
  46.60   24.273   24.765   24.815   -4.915    1.570    3.273   -4.915    1.570    5.139  -16.084   -7.718   18.665    9.283
  46.70   23.320   23.815   23.972   -4.829    2.738    2.320   -4.829    2.738    6.353  -11.205  -13.221   18.100    9.229
  46.80   23.403   24.036   24.158   -5.482    2.423    2.403   -5.482    2.423    5.823  -13.172  -13.284   20.849    9.796
  46.90   24.531   24.969   25.029   -4.656    1.720    3.531   -4.656    1.720    6.075  -16.443   -8.011   18.556    9.637
  47.00   24.564   24.737   24.784   -2.919    1.538    3.564   -2.919    1.538    5.481  -10.403   -4.490   11.794    6.293
  47.10   25.174   25.352   25.358   -2.998    0.530    4.174   -2.998    0.530    2.213  -12.515   -1.590   13.348    6.404
  47.20   24.070   24.458   24.474   -4.336    0.894    3.070   -4.336    0.894    2.745  -13.311   -3.876   14.511    7.067
  47.30   23.933   24.034   24.078   -2.210    1.452    2.933   -2.210    1.452    4.257   -6.481   -3.208    7.795    4.196
  47.40   23.550   23.590   23.590   -1.368    0.141    2.550   -1.368    0.141    0.360   -3.489   -0.193    4.198    1.756
  47.50   24.228   24.313   24.313   -2.029    0.161    3.228   -2.029    0.161    0.520   -6.548   -0.327    7.281    3.289
  47.60   24.362   24.461   24.464   -2.201    0.383    3.362   -2.201    0.383    1.289   -7.399   -0.844    8.147    3.779
  47.70   23.840   23.874   23.877   -1.270   -0.389    2.840   -1.270   -0.389   -1.105   -3.607    0.494    4.915    1.903
  47.80   23.509   23.700   23.707   -3.002   -0.579    2.509   -3.002   -0.579   -1.453   -7.532    1.738    7.821    3.933
  47.90   23.922   24.137   24.151   -3.211   -0.826    2.922   -3.211   -0.826   -2.414   -9.384    2.653    9.767    5.023
  48.00   23.260   23.385   23.388   -2.406    0.397    2.260   -2.406    0.397    0.898   -5.440   -0.956    5.529    2.798
  48.10   22.310   22.340   22.355   -1.153    0.814    1.310   -1.153    0.814    1.067   -1.511   -0.939    1.855    1.037
  48.20   23.347   23.347   23.348   -0.041    0.270    2.347   -0.041    0.270    0.634   -0.096   -0.011    2.791    0.321
  48.30   22.709   22.856   22.868   -2.590    0.750    1.709   -2.590    0.750    1.281   -4.425   -1.941    5.094    2.500
  48.40   22.740   22.835   22.841   -2.082    0.525    1.740   -2.082    0.525    0.914   -3.622   -1.094    3.818    1.946
  48.50   23.007   23.059   23.060   -1.558   -0.078    2.007   -1.558   -0.078   -0.156   -3.126    0.121    3.230    1.566
  48.60   23.184   23.247   23.247   -1.717   -0.031    2.184   -1.717   -0.031   -0.067   -3.748    0.053    3.858    1.875
  48.70   23.120   23.182   23.259   -1.692    1.891    2.120   -1.692    1.891    4.010   -3.587   -3.199    5.467    3.130
  48.80   22.270   22.479   22.547   -3.059    1.748    1.270   -3.059    1.748    2.220   -3.884   -5.347    7.012    3.486
  48.90   22.621   22.873   22.975   -3.385    2.166    1.621   -3.385    2.166    3.511   -5.486   -7.331    9.387    4.903
  49.00   22.425   22.483   22.589   -1.618    2.186    1.425   -1.618    2.186    3.115   -2.305   -3.537    4.713    2.623
  49.10   22.783   22.853   22.989   -1.796    2.496    1.783   -1.796    2.496    4.450   -3.202   -4.484    6.317    3.541
  49.20   23.114   23.171   23.325   -1.628    2.670    2.114   -1.628    2.670    5.645   -3.442   -4.347    7.124    3.956
  49.30   23.516   23.576   23.669   -1.673    2.106    2.516   -1.673    2.106    5.299   -4.209   -3.522    6.782    3.814
  49.40   22.510   22.510   22.697   -0.107    2.904    1.510   -0.107    2.904    4.384   -0.161   -0.310    5.362    2.199
  49.50   21.930   21.983   22.282   -1.527    3.636    0.930   -1.527    3.636    3.381   -1.420   -5.551    8.207    3.326
  49.60   21.736   21.741   22.094    0.454    3.934    0.736    0.454    3.934    2.896    0.334    1.787    8.112    1.710
  49.70   20.950   20.954   21.096    0.443    2.442   -0.050    0.443    2.442   -0.123   -0.022    1.082    3.080    0.544
  49.80   20.104   20.114   20.195    0.636    1.802   -0.896    0.636    1.802   -1.614   -0.570    1.146    2.227    1.030
  49.90   19.560   19.560   19.575   -0.155    0.758   -1.440   -0.155    0.758   -1.091    0.223   -0.118    1.336    0.560
  50.00   19.160   19.170   19.186    0.616    0.783   -1.840    0.616    0.783   -1.441   -1.134    0.483    2.189    0.948
  50.10   18.916   18.934   18.938    0.842    0.354   -2.084    0.842    0.354   -0.737   -1.755    0.298    2.589    0.963
  50.20   19.119   19.124   19.129    0.429   -0.461   -1.881    0.429   -0.461    0.867   -0.807   -0.198    1.968    0.600
  50.30   18.127   18.128   18.129    0.176   -0.123   -2.873    0.176   -0.123    0.354   -0.505   -0.022    4.149    0.309
  50.40   18.230   18.317   18.319    1.787   -0.242   -2.770    1.787   -0.242    0.670   -4.951   -0.432    5.464    2.508
  50.50   18.933   19.087   19.089    2.415    0.297   -2.067    2.415    0.297   -0.613   -4.991    0.717    5.096    2.540
  50.60   19.352   19.452   19.457    1.973   -0.438   -1.648    1.973   -0.438    0.723   -3.253   -0.865    3.402    1.721
  50.70   18.957   19.086   19.089    2.214   -0.373   -2.043    2.214   -0.373    0.763   -4.523   -0.826    4.607    2.330
  50.80   18.724   19.004   19.014    3.245   -0.637   -2.276    3.245   -0.637    1.449   -7.385   -2.066    8.058    3.902
  50.90   18.030   18.325   18.328    3.273   -0.313   -2.970    3.273   -0.313    0.930   -9.720   -1.025    9.816    4.909
  51.00   18.615   18.644   18.648    1.042    0.376   -2.385    1.042    0.376   -0.897   -2.487    0.392    3.459    1.336
  51.10   16.941   17.027   17.061    1.703    1.087   -4.059    1.703    1.087   -4.412   -6.910    1.851   10.277    4.202
  51.20   18.461   18.589   18.611    2.171    0.911   -2.539    2.171    0.911   -2.314   -5.512    1.979    5.995    3.148
  51.30   19.654   19.794   19.796    2.345   -0.278   -1.346    2.345   -0.278    0.375   -3.156   -0.653    3.695    1.622
  51.40   17.840   18.015   18.061    2.505    1.290   -3.160    2.505    1.290   -4.076   -7.917    3.232    8.963    4.736
  51.50   16.550   16.707   16.721    2.288    0.688   -4.450    2.288    0.688   -3.060  -10.181    1.573   12.755    5.373
  51.60   16.466   16.723   16.738    2.920   -0.712   -4.534    2.920   -0.712    3.228  -13.238   -2.079   14.794    6.892
  51.70   16.550   17.115   17.116    4.360   -0.210   -4.450    4.360   -0.210    0.932  -19.403   -0.914   19.429    9.724
  51.80   17.393   18.101   18.104    5.012   -0.306   -3.607    5.012   -0.306    1.102  -18.078   -1.532   19.112    9.088
  51.90   18.528   19.346   19.363    5.568   -0.792   -2.472    5.568   -0.792    1.957  -13.764   -4.408   18.869    7.292
  52.00   18.225   19.041   19.165    5.513   -2.174   -2.775    5.513   -2.174    6.032  -15.298  -11.986   21.411   10.175
  52.10   17.954   18.845   18.969    5.727   -2.170   -3.046    5.727   -2.170    6.609  -17.446  -12.424   23.391   11.207
  52.20   17.492   18.681   18.720    6.558   -1.205   -3.508    6.558   -1.205    4.228  -23.007   -7.904   28.384   12.346
  52.30   18.466   19.430   19.432    6.044   -0.273   -2.534    6.044   -0.273    0.691  -15.315   -1.649   21.511    7.709
  52.40   18.715   19.317   19.335    4.785   -0.835   -2.285    4.785   -0.835    1.907  -10.931   -3.994   14.405    5.897
  52.50   18.591   19.321   19.352    5.262   -1.093   -2.409    5.262   -1.093    2.632  -12.674   -5.749   17.340    7.082
  52.60   19.542   20.099   20.183    4.699   -1.847   -1.458    4.699   -1.847    2.694   -6.853   -8.682   13.811    5.692
  52.70   18.821   19.025   19.207    2.779   -2.638   -2.179    2.779   -2.638    5.747   -6.054   -7.329    9.713    5.554
  52.80   18.042   18.303   18.452    3.082   -2.335   -2.958    3.082   -2.335    6.907   -9.115   -7.196   11.849    6.756
  52.90   18.707   19.178   19.223    4.222   -1.307   -2.293    4.222   -1.307    2.998   -9.680   -5.521   12.397    5.770
  53.00   18.335   18.796   18.820    4.140   -0.944   -2.665    4.140   -0.944    2.517  -11.034   -3.910   12.567    5.987
  53.10   18.146   18.458   18.468    3.380   -0.619   -2.854    3.380   -0.619    1.768   -9.648   -2.094    9.978    5.015
  53.20   18.975   19.351   19.358    3.796   -0.511   -2.025    3.796   -0.511    1.036   -7.686   -1.941    9.385    3.998
  53.30   18.844   19.080   19.082    2.992   -0.200   -2.156    2.992   -0.200    0.431   -6.449   -0.598    6.818    3.245
  53.40   18.412   18.627   18.644    2.824   -0.793   -2.588    2.824   -0.793    2.054   -7.309   -2.240    7.651    3.958
  53.50   19.392   19.823   19.824    4.112   -0.035   -1.608    4.112   -0.035    0.056   -6.610   -0.143    9.746    3.306
  53.60   18.557   19.254   19.265    5.136   -0.632   -2.443    5.136   -0.632    1.544  -12.549   -3.244   16.374    6.527
  53.70   18.681   19.408   19.413    5.264   -0.431   -2.319    5.264   -0.431    0.998  -12.208   -2.266   16.638    6.228
  53.80   18.582   19.175   19.176    4.732    0.145   -2.418    4.732    0.145   -0.350  -11.442    0.685   14.131    5.734
  53.90   18.549   19.153   19.155    4.773   -0.240   -2.451    4.773   -0.240    0.588  -11.700   -1.145   14.426    5.885
  54.00   18.418   18.840   18.840    3.964   -0.044   -2.582    3.964   -0.044    0.114  -10.237   -0.176   11.193    5.120
  54.10   18.822   19.437   19.454    4.852    0.791   -2.178    4.852    0.791   -1.723  -10.569    3.839   14.458    5.688
  54.20   17.849   18.298   18.308    4.028    0.610   -3.151    4.028    0.610   -1.921  -12.689    2.456   13.259    6.533
  54.30   19.061   19.303   19.311    3.043   -0.563   -1.939    3.043   -0.563    1.091   -5.900   -1.713    6.669    3.120
  54.40   18.130   18.440   18.440    3.369    0.025   -2.870    3.369    0.025   -0.071   -9.667    0.083    9.792    4.834
  54.50   18.924   18.991   18.992    1.601    0.203   -2.076    1.601    0.203   -0.422   -3.324    0.326    3.458    1.683
  54.60   18.649   18.734   18.735    1.785    0.139   -2.351    1.785    0.139   -0.327   -4.195    0.248    4.365    2.108
  54.70   18.395   18.737   18.738    3.566   -0.191   -2.605    3.566   -0.191    0.497   -9.288   -0.680    9.768    4.663
  54.80   18.745   19.173   19.173    4.029    0.113   -2.255    4.029    0.113   -0.255   -9.085    0.456   10.665    4.550
  54.90   18.413   18.945   18.946    4.458    0.240   -2.587    4.458    0.240   -0.622  -11.535    1.072   13.314    5.800
  55.00   17.219   17.495   17.513    3.095   -0.802   -3.781    3.095   -0.802    3.034  -11.703   -2.483   12.260    6.171
  55.10   17.984   18.293   18.310    3.345   -0.788   -3.016    3.345   -0.788    2.376  -10.088   -2.635   10.453    5.347
  55.20   19.324   19.508   19.531    2.671   -0.954   -1.676    2.671   -0.954    1.598   -4.477   -2.547    5.426    2.696
  55.30   18.633   18.678   18.777    1.300   -1.919   -2.367    1.300   -1.919    4.543   -3.078   -2.495    5.489    3.014
  55.40   17.757   17.820   17.854    1.500   -1.108   -3.243    1.500   -1.108    3.594   -4.863   -1.662    6.998    3.136
  55.50   16.292   16.342   16.411    1.277   -1.495   -4.708    1.277   -1.495    7.037   -6.011   -1.909   13.013    4.725
  55.60   17.088   17.439   17.617    3.484   -2.494   -3.912    3.484   -2.494    9.757  -13.629   -8.688   16.831    9.440
  55.70   17.608   17.709   17.954    1.890   -2.958   -3.392    1.890   -2.958   10.034   -6.411   -5.590   11.914    6.577
  55.80   18.114   18.290   18.433    2.536   -2.287   -2.886    2.536   -2.287    6.602   -7.321   -5.801    9.998    5.719
  55.90   18.869   19.141   19.259    3.217   -2.129   -2.131    3.217   -2.129    4.538   -6.857   -6.849    9.713    5.351
  56.00   19.590   19.744   20.060    2.460   -3.545   -1.410    2.460   -3.545    4.999   -3.468   -8.720   10.304    5.316
  56.10   18.343   18.412   18.463    1.593   -1.366   -2.657    1.593   -1.366    3.629   -4.232   -2.176    5.731    2.992
  56.20   19.337   19.447   19.482    2.063    1.159   -1.663    2.063    1.159   -1.928   -3.430    2.392    4.183    2.303
  56.30   17.457   17.606   17.610    2.289    0.365   -3.543    2.289    0.365   -1.292   -8.111    0.835    8.964    4.128
  56.40   18.226   18.577   18.630    3.593   -1.404   -2.774    3.593   -1.404    3.894   -9.968   -5.044   11.288    5.915
  56.50   19.586   19.750   19.751    2.545   -0.168   -1.414    2.545   -0.168    0.238   -3.599   -0.428    4.253    1.816
  56.60   19.794   19.910   19.916    2.143    0.483   -1.206    2.143    0.483   -0.582   -2.585    1.035    3.141    1.422
  56.70   20.231   20.452   20.454    3.000   -0.250   -0.769    3.000   -0.250    0.193   -2.308   -0.751    4.829    1.217
  56.80   19.747   19.770   19.819    0.956   -1.394   -1.253    0.956   -1.394    1.748   -1.198   -1.332    2.214    1.251
  56.90   19.744   19.748   19.769    0.414   -0.921   -1.256    0.414   -0.921    1.158   -0.521   -0.382    1.300    0.663
  57.00   19.826   19.862   19.863    1.188    0.193   -1.174    1.188    0.193   -0.227   -1.394    0.230    1.413    0.715
  57.10   20.581   20.641   20.686    1.572    1.364   -0.419    1.572    1.364   -0.571   -0.658    2.144    2.253    1.157
  57.20   22.308   22.450   22.452    2.522    0.329    1.308    2.522    0.329    0.430    3.299    0.830    4.091    1.714
  57.30   21.725   21.996   21.998    3.438   -0.309    0.725    3.438   -0.309   -0.224    2.493   -1.064    6.222    1.360
  57.40   21.772   21.838   21.858    1.693    0.934    0.772    1.693    0.934    0.721    1.307    1.582    2.168    1.088
  57.50   21.658   21.660   21.661    0.301   -0.131    0.658    0.301   -0.131   -0.086    0.198   -0.039    0.271    0.110
  57.60   21.573   21.647   21.662   -1.796   -0.804    0.573   -1.796   -0.804   -0.460   -1.028    1.444    2.099    0.916
  57.70   22.163   22.263   22.282   -2.112    0.920    1.163   -2.112    0.920    1.070   -2.456   -1.943    3.330    1.655
  57.80   22.385   22.477   22.585   -2.027    2.209    1.385   -2.027    2.209    3.059   -2.807   -4.477    5.452    3.053
  57.90   21.171   21.199   21.214   -1.094    0.794    0.171   -1.094    0.794    0.136   -0.187   -0.869    0.928    0.449
  58.00   20.135   20.240   20.317   -2.058    1.772   -0.865   -2.058    1.772   -1.533    1.781   -3.647    4.062    2.169
  58.10   20.333   20.408   20.554   -1.758    2.441   -0.667   -1.758    2.441   -1.629    1.173   -4.291    4.747    2.369
  58.20   19.176   19.176   19.557    0.053    3.843   -1.824    0.053    3.843   -7.011   -0.096    0.203    9.049    3.507
  58.30   19.753   19.760   20.039    0.496    3.337   -1.247    0.496    3.337   -4.160   -0.619    1.656    6.468    2.260
  58.40   21.042   21.047   21.336   -0.476    3.498    0.042   -0.476    3.498    0.146   -0.020   -1.664    6.233    0.835
  58.50   20.400   20.430   20.703   -1.107    3.349   -0.600   -1.107    3.349   -2.009    0.664   -3.707    6.399    2.134
  58.60   22.133   22.135   22.374   -0.297    3.258    1.133   -0.297    3.258    3.692   -0.336   -0.966    5.994    1.916
  58.70   21.858   21.858   21.898   -0.115    1.320    0.858   -0.115    1.320    1.132   -0.098   -0.151    1.245    0.573
  58.80   21.985   21.988   22.024   -0.338    1.265    0.985   -0.338    1.265    1.246   -0.333   -0.427    1.342    0.679
  58.90   22.291   22.296   22.433    0.482    2.477    1.291    0.482    2.477    3.198    0.622    1.194    4.018    1.735
  59.00   22.718   22.760   22.902    1.378    2.550    1.718    1.378    2.550    4.380    2.367    3.513    5.675    3.047
  59.10   21.215   21.293   21.349    1.820    1.549    0.215    1.820    1.549    0.332    0.391    2.819    2.878    1.432
  59.20   21.205   21.259   21.426    1.523    2.666    0.205    1.523    2.666    0.546    0.312    4.059    4.734    2.054
  59.30   21.330   21.422   21.562    1.982    2.453    0.330    1.982    2.453    0.809    0.653    4.862    5.027    2.486
  59.40   20.552   20.669   20.799    2.192    2.325   -0.448    2.192    2.325   -1.041   -0.982    5.097    5.206    2.647
  59.50   20.591   20.634   20.805    1.319    2.663   -0.409    1.319    2.663   -1.088   -0.539    3.513    4.499    1.858
  59.60   19.899   19.899   20.170   -0.077    3.294   -1.101   -0.077    3.294   -3.628    0.085   -0.254    6.035    1.819
  59.70   20.087   20.201   20.494    2.141    3.453   -0.913    2.141    3.453   -3.152   -1.954    7.392    8.669    4.135
  59.80   18.377   18.381   18.473   -0.384    1.844   -2.623   -0.384    1.844   -4.838    1.006   -0.708    5.215    2.496
  59.90   18.263   18.266   18.499    0.340    2.929   -2.737    0.340    2.929   -8.016   -0.931    0.996    8.092    4.066
  60.00   19.870   19.928   20.026    1.514    1.978   -1.130    1.514    1.978   -2.235   -1.711    2.995    3.741    2.055
  60.10   20.870   20.885   20.925    0.812    1.294   -0.130    0.812    1.294   -0.169   -0.106    1.051    1.176    0.535
  60.20   20.190   20.200   20.249   -0.641    1.411   -0.810   -0.641    1.411   -1.143    0.519   -0.904    1.529    0.774
  60.30   19.290   19.297   19.876   -0.516    4.763   -1.710   -0.516    4.763   -8.142    0.883   -2.459   12.936    4.276
  60.40   18.773   18.826   19.374   -1.409    4.578   -2.227   -1.409    4.578  -10.195    3.139   -6.452   13.952    6.234
  60.50   18.797   18.822   19.069    0.967    3.057   -2.203    0.967    3.057   -6.734   -2.129    2.955    7.566    3.828
  60.60   19.240   19.259   19.319    0.868    1.514   -1.760    0.868    1.514   -2.665   -1.528    1.314    3.072    1.671
  60.70   20.178   20.232   20.287    1.483    1.482   -0.822    1.483    1.482   -1.218   -1.219    2.198    2.536    1.397
  60.80   19.914   19.944   19.960    1.106    0.779   -1.086    1.106    0.779   -0.847   -1.201    0.862    1.505    0.852
  60.90   22.011   22.072   22.091    1.640    0.897    1.011    1.640    0.897    0.907    1.659    1.471    2.259    1.198
  61.00   21.331   21.528   21.617    2.904    1.966    0.331    2.904    1.966    0.651    0.962    5.709    6.203    2.913
  61.10   19.584   19.733   19.875    2.415    2.377   -1.416    2.415    2.377   -3.365   -3.419    5.741    6.744    3.741
  61.20   21.243   21.355   21.392    2.192    1.251    0.242    2.192    1.251    0.303    0.532    2.743    3.214    1.405
  61.30   21.114   21.114   21.273    0.113    2.597    0.114    0.113    2.597    0.295    0.013    0.293    3.386    0.208
  61.40   20.555   20.555   20.683   -0.071    2.297   -0.445   -0.071    2.297   -1.022    0.032   -0.163    2.740    0.518
  61.50   20.712   20.736   20.741    1.003   -0.444   -0.288    1.003   -0.444    0.128   -0.289   -0.445    0.643    0.273
  61.60   21.624   21.756   21.757    2.398    0.147    0.624    2.398    0.147    0.092    1.496    0.353    3.081    0.770
  61.70   21.189   21.193   21.195   -0.438   -0.290    0.189   -0.438   -0.290   -0.055   -0.083    0.127    0.156    0.081
  61.80   21.072   21.073   21.126    0.146   -1.492    0.072    0.146   -1.492   -0.108    0.011   -0.218    1.126    0.122
  61.90   20.829   20.830   20.893   -0.184   -1.621   -0.171   -0.184   -1.621    0.278    0.032    0.299    1.346    0.205
  62.00   20.802   20.851   20.882   -1.432   -1.143   -0.198   -1.432   -1.143    0.227    0.284    1.637    1.698    0.838
  62.10   21.795   21.873   21.875   -1.839   -0.283    0.795   -1.839   -0.283   -0.225   -1.462    0.521    2.047    0.784
  62.20   20.635   20.678   20.690   -1.327    0.721   -0.365   -1.327    0.721   -0.263    0.484   -0.957    1.208    0.552
  62.30   22.320   22.342   22.371   -1.001    1.130    1.320   -1.001    1.130    1.491   -1.321   -1.131    2.010    1.145
  62.40   21.478   21.530   21.565   -1.501    1.234    0.478   -1.501    1.234    0.589   -0.717   -1.852    2.002    1.036
  62.50   20.524   20.585   20.590   -1.575   -0.479   -0.476   -1.575   -0.479    0.228    0.750    0.754    1.468    0.544
  62.60   22.148   22.182   22.183   -1.232    0.098    1.148   -1.232    0.098    0.112   -1.414   -0.121    1.422    0.712
  62.70   22.660   22.744   22.824   -1.949    1.917    1.660   -1.949    1.917    3.182   -3.236   -3.737    5.115    2.939
  62.80   22.868   22.983   23.023   -2.299    1.357    1.868   -2.299    1.357    2.535   -4.294   -3.120    5.308    2.941
  62.90   21.964   21.972   21.986   -0.572    0.792    0.964   -0.572    0.792    0.764   -0.551   -0.453    0.942    0.523
  63.00   21.846   21.864   21.910    0.878    1.418    0.846    0.878    1.418    1.200    0.743    1.245    1.749    0.941
  63.10   20.877   20.931   21.000    1.492    1.705   -0.123    1.492    1.705   -0.209   -0.183    2.543    2.573    1.279
  63.20   21.573   21.692   21.717    2.269    1.043    0.573    2.269    1.043    0.598    1.301    2.367    3.283    1.383
  63.30   21.564   21.584   21.655    0.940    1.755    0.564    0.940    1.755    0.989    0.530    1.649    2.139    0.997
  63.40   22.367   22.367   22.379   -0.125    0.706    1.367   -0.125    0.706    0.965   -0.171   -0.088    1.191    0.492
  63.50   23.031   23.031   23.055    0.084   -1.054    2.031    0.084   -1.054   -2.141    0.171   -0.089    2.622    1.075
  63.60   22.055   22.056   22.065    0.047   -0.653    1.055    0.047   -0.653   -0.689    0.050   -0.031    0.771    0.346
  63.70   22.398   22.426   22.440    1.115   -0.805    1.398    1.115   -0.805   -1.126    1.559   -0.898    1.923    1.061
  63.80   21.909   21.947   21.960    1.281    0.755    0.909    1.281    0.755    0.687    1.165    0.967    1.519    0.831
  63.90   20.965   20.974   20.974   -0.585    0.107   -0.035   -0.585    0.107   -0.004    0.020   -0.063    0.178    0.033
  64.00   21.584   21.610   21.614   -1.074    0.399    0.584   -1.074    0.399    0.233   -0.627   -0.429    0.827    0.397
  64.10   21.505   21.521   21.565   -0.822    1.377    0.505   -0.822    1.377    0.695   -0.415   -1.131    1.413    0.695
  64.20   21.598   21.722   21.725   -2.318    0.391    0.598   -2.318    0.391    0.234   -1.385   -0.906    2.942    0.836
  64.30   22.136   22.191   22.191   -1.556    0.113    1.136   -1.556    0.113    0.129   -1.768   -0.176    1.862    0.891
  64.40   21.687   21.689   21.691    0.320    0.269    0.687    0.320    0.269    0.185    0.219    0.086    0.323    0.150
  64.50   21.470   21.493   21.499   -0.983   -0.539    0.470   -0.983   -0.539   -0.253   -0.462    0.530    0.739    0.374
  64.60   23.528   23.535   23.561   -0.584   -1.100    2.528   -0.584   -1.100   -2.781   -1.477    0.643    3.971    1.607
  64.70   22.607   22.607   22.614    0.061   -0.559    1.607    0.061   -0.559   -0.898    0.097   -0.034    1.449    0.452
  64.80   23.443   23.457   23.462   -0.782   -0.509    2.443   -0.782   -0.509   -1.245   -1.910    0.398    3.421    1.157
  64.90   24.062   24.145   24.151   -1.999   -0.549    3.062   -1.999   -0.549   -1.682   -6.120    1.098    6.836    3.221
  65.00   23.296   23.307   23.313   -0.730    0.523    2.296   -0.730    0.523    1.201   -1.676   -0.382    3.039    1.049
  65.10   21.670   21.670   21.700    0.064    1.139    0.670    0.064    1.139    0.763    0.043    0.073    0.875    0.384
  65.20   22.406   22.406   22.406   -0.075    0.190    1.406   -0.075    0.190    0.268   -0.105   -0.014    1.009    0.144
  65.30   21.476   21.476   21.478    0.097   -0.281    0.476    0.097   -0.281   -0.134    0.046   -0.027    0.157    0.072
  65.40   22.299   22.302   22.302    0.372   -0.153    1.299    0.372   -0.153   -0.198    0.483   -0.057    0.924    0.263
  65.50   22.785   22.812   22.821    1.095   -0.656    1.785    1.095   -0.656   -1.171    1.956   -0.718    2.409    1.195
  65.60   23.935   23.938   23.966    0.381   -1.145    2.935    0.381   -1.145   -3.362    1.120   -0.437    5.036    1.785
  65.70   24.244   24.245   24.246    0.200   -0.190    3.244    0.200   -0.190   -0.618    0.648   -0.038    5.300    0.448
  65.80   23.549   23.564   23.572    0.832    0.618    2.549    0.832    0.618    1.575    2.120    0.514    3.786    1.345
  65.90   23.733   23.755   23.755    1.028    0.030    2.733    1.028    0.030    0.083    2.811    0.031    4.264    1.406
  66.00   23.130   23.143   23.144   -0.768   -0.265    2.130   -0.768   -0.265   -0.565   -1.635    0.203    2.598    0.871
  66.10   23.819   23.847   23.890   -1.156   -1.430    2.819   -1.156   -1.430   -4.032   -3.260    1.654    5.664    2.721
  66.20   24.665   24.729   24.811   -1.775   -2.025    3.665   -1.775   -2.025   -7.423   -6.506    3.596   10.343    5.253
  66.30   24.120   24.121   24.430   -0.248   -3.871    3.120   -0.248   -3.871  -12.080   -0.773    0.959   12.393    6.071
  66.40   23.151   23.151   23.587    0.080   -4.514    2.151    0.080   -4.514   -9.709    0.172   -0.362   12.504    4.859
  66.50   23.926   23.929   24.213    0.376   -3.695    2.926    0.376   -3.695  -10.812    1.102   -1.391   11.178    5.478
  66.60   23.387   23.391   23.695   -0.438   -3.781    2.387   -0.438   -3.781   -9.024   -1.045    1.656   10.091    4.617
  66.70   23.131   23.277   23.353   -2.605   -1.886    2.131   -2.605   -1.886   -4.019   -5.550    4.913    7.441    4.216
  66.80   23.763   23.849   23.885   -2.020   -1.313    2.763   -2.020   -1.313   -3.628   -5.582    2.653    6.720    3.583
  66.90   24.355   24.364   24.375   -0.659   -0.713    3.355   -0.659   -0.713   -2.392   -2.213    0.470    6.101    1.646
  67.00   24.338   24.344   24.353   -0.522    0.669    3.338   -0.522    0.669    2.235   -1.743   -0.350    5.932    1.428
  67.10   22.966   22.968   22.968   -0.300   -0.095    1.966   -0.300   -0.095   -0.186   -0.589    0.028    1.981    0.309
  67.20   22.534   22.555   22.561    0.964    0.526    1.534    0.964    0.526    0.807    1.479    0.507    1.780    0.880
  67.30   22.249   22.253   22.258    0.402   -0.460    1.249    0.402   -0.460   -0.574    0.502   -0.185    0.967    0.392
  67.40   23.107   23.107   23.121    0.135   -0.788    2.107    0.135   -0.788   -1.660    0.285   -0.107    2.539    0.844
  67.50   22.640   22.656   22.679   -0.865   -1.027    1.640   -0.865   -1.027   -1.684   -1.418    0.888    2.245    1.187
  67.60   21.994   22.006   22.042   -0.722   -1.265    0.994   -0.722   -1.265   -1.258   -0.717    0.913    1.555    0.856
  67.70   21.644   21.661   21.738   -0.861   -1.833    0.644   -0.861   -1.833   -1.180   -0.555    1.579    2.259    1.024
  67.80   21.961   21.982   22.033   -0.956   -1.512    0.961   -0.956   -1.512   -1.452   -0.918    1.445    2.061    1.122
  67.90   23.216   23.236   23.249   -0.950   -0.778    2.216   -0.950   -0.778   -1.725   -2.105    0.740    3.210    1.410
  68.00   22.652   22.663   22.663    0.709   -0.084    1.652    0.709   -0.084   -0.139    1.171   -0.060    1.619    0.591
  68.10   24.812   24.893   24.901    2.003   -0.647    3.812    2.003   -0.647   -2.467    7.636   -1.296    9.481    4.064
  68.20   25.023   25.078   25.082    1.668   -0.431    4.023    1.668   -0.431   -1.734    6.709   -0.719    9.575    3.483
  68.30   24.300   24.521   24.537    3.285   -0.904    3.300    3.285   -0.904   -2.984   10.838   -2.971   11.247    5.813
  68.40   23.912   24.347   24.386    4.578   -1.387    2.912    4.578   -1.387   -4.040   13.333   -6.351   15.684    7.656
  68.50   23.713   23.891   24.012    2.913   -2.408    2.713    2.913   -2.408   -6.533    7.904   -7.016   10.823    6.212
  68.60   22.767   22.903   23.018    2.496   -2.297    1.767    2.496   -2.297   -4.058    4.410   -5.732    7.312    4.146
  68.70   23.409   23.543   23.565    2.505   -1.024    2.409    2.505   -1.024   -2.467    6.035   -2.566    6.564    3.503
  68.80   23.197   23.295   23.300    2.131   -0.469    2.197    2.131   -0.469   -1.031    4.683   -1.000    4.795    2.449
  68.90   22.736   22.765   22.799    1.160   -1.238    1.736    1.160   -1.238   -2.148    2.013   -1.435    2.944    1.637
  69.00   22.074   22.105   22.122    1.155   -0.880    1.074    1.155   -0.880   -0.945    1.240   -1.016    1.630    0.930
  69.10   22.224   22.369   22.391    2.543   -0.991    1.224    2.543   -0.991   -1.213    3.112   -2.520    4.473    2.092
  69.20   23.032   23.367   23.436    3.945   -1.794    2.032    3.945   -1.794   -3.646    8.016   -7.078   11.455    5.649
  69.30   22.937   23.288   23.296    4.032   -0.585    1.937    4.032   -0.585   -1.134    7.809   -2.360   10.175    4.118
  69.40   23.117   23.346   23.389    3.258    1.425    2.117    3.258    1.425    3.018    6.898    4.644    8.564    4.423
  69.50   23.713   23.913   23.914    3.085   -0.188    2.713    3.085   -0.188   -0.510    8.371   -0.580    8.458    4.203
  69.60   23.876   24.147   24.148    3.612    0.191    2.876    3.612    0.191    0.551   10.387    0.692   10.676    5.212
  69.70   24.312   24.546   24.549    3.376    0.373    3.312    3.376    0.373    1.236   11.184    1.260   11.256    5.661
  69.80   23.993   24.007   24.012    0.842   -0.458    2.993    0.842   -0.458   -1.371    2.519   -0.386    4.937    1.447
  69.90   23.823   23.902   23.924    1.947   -1.027    2.823    1.947   -1.027   -2.900    5.496   -2.000    6.407    3.264
  70.00   23.804   23.947   23.955    2.609    0.621    2.804    2.609    0.621    1.742    7.317    1.620    7.529    3.847
  70.10   24.330   24.403   24.413    1.885   -0.703    3.330    1.885   -0.703   -2.342    6.279   -1.326    7.569    3.416
  70.20   23.166   23.278   23.299    2.282   -0.988    2.166    2.282   -0.988   -2.141    4.943   -2.256    5.439    2.920
  70.30   24.048   24.048   24.050    0.023   -0.300    3.048    0.023   -0.300   -0.916    0.071   -0.007    4.692    0.459
  70.40   23.976   24.191   24.208    3.224   -0.885    2.976    3.224   -0.885   -2.634    9.594   -2.854   10.016    5.175
  70.50   23.563   23.888   23.982    3.927   -2.125    2.563    3.927   -2.125   -5.446   10.064   -8.343   13.251    7.081
  70.60   23.983   24.430   24.620    4.651   -3.056    2.983    4.651   -3.056   -9.115   13.874  -14.213   19.935   10.927
  70.70   23.918   24.274   24.348    4.141   -1.897    2.918    4.141   -1.897   -5.535   12.085   -7.855   14.632    7.720
  70.80   24.050   24.286   24.352    3.374   -1.791    3.050    3.374   -1.791   -5.464   10.293   -6.045   11.950    6.564
  70.90   25.039   25.255   25.382    3.300   -2.531    4.039    3.300   -2.531  -10.224   13.327   -8.353   16.804    9.380
  71.00   24.742   24.917   24.982    2.944   -1.810    3.742    2.944   -1.810   -6.772   11.016   -5.327   12.973    6.993
  71.10   24.733   25.013   25.037    3.732   -1.105    3.733    3.732   -1.105   -4.126   13.933   -4.125   14.544    7.553
  71.20   25.226   25.370   25.471    2.704   -2.260    4.226    2.704   -2.260   -9.549   11.428   -6.111   15.138    8.049
  71.30   26.046   26.145   26.180    2.272   -1.350    5.046    2.272   -1.350   -6.813   11.465   -3.068   16.223    6.843
  71.40   26.496   26.638   26.665    2.753   -1.199    5.496    2.753   -1.199   -6.592   15.128   -3.302   19.610    8.414
  71.50   26.034   26.241   26.306    3.283   -1.850    5.034    3.283   -1.850   -9.313   16.527   -6.073   19.772    9.959
  71.60   27.428   27.544   27.640    2.519   -2.308    6.428    2.519   -2.308  -14.838   16.193   -5.814   26.499   11.360
  71.70   28.140   28.204   28.313    1.900   -2.486    7.140    1.900   -2.486  -17.747   13.568   -4.724   30.382   11.417
  71.80   27.468   27.661   27.675    3.264   -0.880    6.468    3.264   -0.880   -5.692   21.109   -2.872   26.630   11.025
  71.90   28.103   28.218   28.218    2.547    0.084    7.103    2.547    0.084    0.598   18.088    0.214   28.470    9.050
  72.00   28.404   28.575   28.612    3.119   -1.451    7.404    3.119   -1.451  -10.743   23.097   -4.526   33.331   12.936
  72.10   27.373   27.463   27.477    2.231   -0.850    6.373    2.231   -0.850   -5.417   14.218   -1.897   23.155    7.666
  72.20   26.311   26.395   26.443    2.107   -1.587    5.311    2.107   -1.587   -8.427   11.190   -3.344   17.581    7.201
  72.30   26.439   26.539   26.661    2.303   -2.545    5.439    2.303   -2.545  -13.843   12.528   -5.862   20.683    9.784
  72.40   26.026   26.110   26.712    2.084   -5.638    5.026    2.084   -5.638  -28.339   10.475  -11.750   30.698   16.209
  72.50   27.143   27.157   27.796    0.882   -5.925    6.143    0.882   -5.925  -36.393    5.417   -5.225   36.806   18.581
  72.60   27.750   27.756   28.297    0.597   -5.506    6.750    0.597   -5.506  -37.167    4.031   -3.289   38.118   18.765
  72.70   27.253   27.262   27.740    0.691   -5.125    6.253    0.691   -5.125  -32.047    4.319   -3.539   32.922   16.265
  72.80   26.420   26.473   26.961    1.685   -5.106    5.420    1.685   -5.106  -27.673    9.132   -8.604   29.142   15.192
  72.90   26.734   26.840   27.264    2.383   -4.791    5.734    2.383   -4.791  -27.468   13.666  -11.418   30.754   16.368
  73.00   26.416   26.427   26.740    0.748   -4.082    5.416    0.748   -4.082  -22.109    4.052   -3.054   23.280   11.342
  73.10   26.174   26.219   26.486    1.527   -3.751    5.174    1.527   -3.751  -19.407    7.901   -5.728   21.586   10.861
  73.20   27.095   27.145   27.297    1.656   -2.874    6.095    1.656   -2.874  -17.513   10.093   -4.759   24.072   10.383
  73.30   26.597   26.616   26.696    1.021   -2.058    5.597    1.021   -2.058  -11.517    5.715   -2.101   18.300    6.514
  73.40   26.447   26.450   26.454   -0.390   -0.440    5.447   -0.390   -0.440   -2.399   -2.124    0.172   15.010    1.604
  73.50   25.681   25.681   25.690   -0.180   -0.654    4.681   -0.180   -0.654   -3.059   -0.841    0.117   11.184    1.587
  73.60   26.327   26.328   26.355   -0.225   -1.197    5.327   -0.225   -1.197   -6.376   -1.196    0.269   14.928    3.246
  73.70   24.994   24.994   25.045    0.063   -1.586    3.994    0.063   -1.586   -6.335    0.253   -0.100    9.237    3.170
  73.80   23.171   23.172   23.267    0.105   -2.101    2.171    0.105   -2.101   -4.561    0.228   -0.220    4.569    2.286
  73.90   23.276   23.374   23.509    2.132   -2.514    2.276    2.132   -2.514   -5.723    4.852   -5.359    8.023    4.610
  74.00   22.955   22.970   23.105    0.820   -2.498    1.955    0.820   -2.498   -4.884    1.603   -2.048    5.368    2.767
  74.10   23.039   23.117   23.124    1.887   -0.570    2.039    1.887   -0.570   -1.162    3.848   -1.075    4.022    2.081
  74.20   24.642   24.672   24.699    1.207   -1.167    3.642    1.207   -1.167   -4.251    4.394   -1.408    8.042    3.137
  74.30   25.380   25.515   25.561    2.618   -1.528    4.380    2.618   -1.528   -6.693   11.468   -4.001   14.188    6.934
  74.40   24.932   25.259   25.346    4.051   -2.091    3.932    4.051   -2.091   -8.221   15.931   -8.470   18.123    9.914
  74.50   23.327   23.588   23.598    3.501   -0.692    2.327    3.501   -0.692   -1.610    8.147   -2.423    9.076    4.326
  74.60   23.649   23.859   23.874    3.157   -0.827    2.649    3.157   -0.827   -2.192    8.364   -2.612    8.835    4.516
  74.70   24.475   24.625   24.721    2.715   -2.175    3.475    2.715   -2.175   -7.558    9.433   -5.905   12.088    6.726
  74.80   25.166   25.254   25.355    2.106   -2.266    4.166    2.106   -2.266   -9.440    8.772   -4.771   13.462    6.871
  74.90   25.514   25.720   25.857    3.244   -2.656    4.514    3.244   -2.656  -11.991   14.644   -8.616   18.979   10.398
  75.00   25.699   25.904   25.981    3.255   -1.996    4.699    3.255   -1.996   -9.380   15.296   -6.498   18.331    9.542
  75.10   24.357   24.512   24.657    2.749   -2.672    3.357    2.749   -2.672   -8.970    9.230   -7.345   12.984    7.410
  75.20   22.972   23.290   23.342    3.835   -1.549    1.972    3.835   -1.549   -3.056    7.564   -5.941   10.499    5.046
  75.30   23.833   24.112   24.112    3.654    0.007    2.833    3.654    0.007    0.021   10.354    0.027   10.691    5.177
  75.40   24.250   24.475   24.490    3.312   -0.852    3.250    3.312   -0.852   -2.769   10.765   -2.823   11.130    5.734
  75.50   24.232   24.254   24.285    1.030   -1.237    3.232    1.030   -1.237   -3.998    3.328   -1.274    6.518    2.678
  75.60   24.215   24.237   24.238    1.022   -0.187    3.215    1.022   -0.187   -0.603    3.286   -0.192    5.709    1.673
  75.70   25.976   25.978   26.013    0.339    1.350    4.976    0.339    1.350    6.715    1.684    0.457   13.347    3.469
  75.80   25.942   25.945   25.946    0.425   -0.224    4.942    0.425   -0.224   -1.106    2.102   -0.095   12.327    1.189
  75.90   27.053   27.055   27.090    0.261    1.383    6.053    0.261    1.383    8.374    1.581    0.361   19.312    4.265
  76.00   27.698   27.747   27.780   -1.654    1.341    6.698   -1.654    1.341    8.979  -11.075   -2.217   24.696    7.214
  76.10   27.308   27.322   27.395   -0.856    1.994    6.308   -0.856    1.994   12.576   -5.403   -1.707   22.252    6.897
  76.20   26.734   26.757   26.897   -1.107    2.740    5.734   -1.107    2.740   15.713   -6.350   -3.034   20.808    8.608
  76.30   26.121   26.123   26.174   -0.391    1.622    5.121   -0.391    1.622    8.307   -2.001   -0.634   14.502    4.284
  76.40   26.289   26.303   26.385    0.843    2.087    5.289    0.843    2.087   11.040    4.457    1.759   16.521    6.018
  76.50   26.462   26.504   26.682   -1.496    3.077    5.462   -1.496    3.077   16.807   -8.173   -4.605   20.769    9.624
  76.60   27.224   27.289   27.406   -1.878    2.533    6.224   -1.878    2.533   15.766  -11.691   -4.758   24.343   10.098
  76.70   28.079   28.087   28.122   -0.665    1.398    7.079   -0.665    1.398    9.899   -4.709   -0.930   26.256    5.501
  76.80   28.709   28.715   28.734   -0.590    1.017    7.709   -0.590    1.017    7.844   -4.546   -0.600   30.409    4.543
  76.90   27.935   27.939   27.949   -0.457    0.746    6.935   -0.457    0.746    5.172   -3.170   -0.341   24.428    3.038
  77.00   29.119   29.157   29.163   -1.507    0.552    8.119   -1.507    0.552    4.481  -12.234   -0.832   34.243    6.528
  77.10   27.892   27.945   27.985   -1.721    1.511    6.892   -1.721    1.511   10.410  -11.860   -2.599   26.369    7.997
  77.20   27.731   27.824   27.868   -2.274    1.571    6.731   -2.274    1.571   10.576  -15.302   -3.573   26.469    9.471
  77.30   27.849   27.896   27.906   -1.614    0.749    6.849   -1.614    0.749    5.129  -11.058   -1.209   25.041    6.125
  77.40   27.876   27.879   27.927   -0.382    1.628    6.876   -0.382    1.628   11.197   -2.627   -0.622   25.041    5.759
  77.50   27.208   27.228   27.281   -1.032    1.699    6.208   -1.032    1.699   10.551   -6.410   -1.755   21.249    6.235
  77.60   27.652   27.740   27.788   -2.210    1.641    6.652   -2.210    1.641   10.914  -14.698   -3.626   25.909    9.331
  77.70   28.423   28.462   28.483   -1.492    1.101    7.423   -1.492    1.101    8.171  -11.076   -1.643   29.268    6.931
  77.80   26.548   26.571   26.662    1.109    2.196    5.548    1.109    2.196   12.183    6.152    2.435   18.416    6.932
  77.90   25.917   25.924   25.978    0.591   -1.673    4.917    0.591   -1.673   -8.228    2.904   -0.988   13.664    4.391
  78.00   27.360   27.381   27.399    1.080   -0.992    6.360    1.080   -0.992   -6.306    6.871   -1.071   21.300    4.694
  78.10   27.331   27.331   27.342   -0.075   -0.752    6.331   -0.075   -0.752   -4.762   -0.476    0.057   20.328    2.393
  78.20   27.240   27.255   27.362    0.909   -2.418    6.240    0.909   -2.418  -15.090    5.673   -2.199   22.805    8.135
  78.30   27.700   27.701   27.740    0.290   -1.467    6.700    0.290   -1.467   -9.828    1.946   -0.426   23.560    5.014
  78.40   27.128   27.168   27.200    1.473   -1.301    6.128    1.473   -1.301   -7.976    9.030   -1.918   20.711    6.100
  78.50   27.552   27.557   27.624    0.525   -1.915    6.552    0.525   -1.915  -12.547    3.440   -1.005   23.438    6.524
  78.60   27.549   27.621   27.629    1.993   -0.652    6.549    1.993   -0.652   -4.271   13.054   -1.300   23.645    6.898
  78.70   26.376   26.438   26.439    1.814    0.187    5.376    1.814    0.187    1.007    9.753    0.340   16.114    4.905
  78.80   25.766   25.771   25.780    0.533    0.665    4.766    0.533    0.665    3.167    2.542    0.354   11.720    2.038
  78.90   25.092   25.112   25.112    1.002   -0.032    4.092    1.002   -0.032   -0.133    4.100   -0.033    8.876    2.051
  79.00   24.780   24.785   24.801   -0.471   -0.899    3.780   -0.471   -0.899   -3.398   -1.779    0.423    7.659    1.929
  79.10   25.961   25.974   25.996    0.829    1.057    4.961    0.829    1.057    5.242    4.110    0.875   13.208    3.359
  79.20   25.685   25.687   25.692    0.335    0.505    4.685    0.335    0.505    2.365    1.571    0.169   11.156    1.422
  79.30   24.001   24.017   24.017    0.874   -0.137    3.001    0.874   -0.137   -0.410    2.623   -0.119    4.894    1.329
  79.40   24.810   24.812   24.821    0.300    0.682    3.810    0.300    0.682    2.600    1.144    0.205    7.537    1.424
  79.50   23.862   23.862   23.889    0.053    1.135    2.862    0.053    1.135    3.249    0.153    0.061    4.741    1.626
  79.60   23.393   23.458   23.501    1.749    1.423    2.393    1.749    1.423    3.405    4.186    2.489    5.405    2.971
  79.70   24.027   24.057   24.118    1.210    1.707    3.027    1.210    1.707    5.167    3.661    2.065    6.769    3.331
  79.80   22.802   22.826   22.840    1.028    0.823    1.802    1.028    0.823    1.483    1.853    0.846    2.491    1.260
  79.90   23.386   23.386   23.388   -0.108    0.266    2.386   -0.108    0.266    0.636   -0.258   -0.029    2.888    0.343
  80.00   24.785   24.792   24.811    0.593    0.976    3.785    0.593    0.976    3.696    2.246    0.579    7.816    2.182
  80.10   26.337   26.347   26.347    0.725   -0.006    5.337    0.725   -0.006   -0.030    3.868   -0.004   14.503    1.934
  80.20   26.036   26.036   26.038    0.162   -0.345    5.036    0.162   -0.345   -1.740    0.815   -0.056   12.751    0.961
  80.30   25.351   25.404   25.404    1.638   -0.165    4.351    1.638   -0.165   -0.717    7.127   -0.270   10.820    3.584
  80.40   25.500   25.500   25.501   -0.092   -0.216    4.500   -0.092   -0.216   -0.970   -0.416    0.020   10.152    0.528
  80.50   25.234   25.324   25.325   -2.139    0.237    4.234   -2.139    0.237    1.004   -9.058   -0.507   11.279    4.564
  80.60   24.099   24.114   24.127   -0.864    0.770    3.099   -0.864    0.770    2.387   -2.679   -0.666    5.472    1.825
  80.70   24.923   24.927   24.928    0.413    0.261    3.923    0.413    0.261    1.025    1.619    0.108    7.815    0.960
  80.80   24.250   24.250   24.252   -0.179    0.251    3.250   -0.179    0.251    0.815   -0.583   -0.045    5.328    0.502
  80.90   24.586   24.607   24.609   -1.022   -0.338    3.586   -1.022   -0.338   -1.211   -3.663    0.345    7.008    1.937
  81.00   24.110   24.113   24.114   -0.371   -0.213    3.110   -0.371   -0.213   -0.661   -1.155    0.079    4.927    0.666
  81.10   23.960   24.024   24.026   -1.753    0.283    2.960   -1.753    0.283    0.836   -5.188   -0.495    5.957    2.639
  81.20   25.580   25.621   25.635   -1.456    0.856    4.580   -1.456    0.856    3.920   -6.667   -1.246   11.912    3.917
  81.30   24.296   24.311   24.318   -0.849   -0.596    3.296   -0.849   -0.596   -1.965   -2.799    0.506    5.969    1.729
  81.40   24.903   24.989   24.990   -2.071   -0.118    3.903   -2.071   -0.118   -0.462   -8.084    0.245    9.770    4.050
  81.50   24.779   24.835   24.835   -1.669    0.143    3.779   -1.669    0.143    0.539   -6.306   -0.238    8.542    3.167
  81.60   23.607   23.638   23.655   -1.205    0.890    2.607   -1.205    0.890    2.321   -3.141   -1.072    4.521    2.025
  81.70   24.039   24.102   24.122   -1.734    0.995    3.039   -1.734    0.995    3.023   -5.270   -1.725    6.617    3.158
  81.80   23.989   24.000   24.008   -0.730   -0.622    2.989   -0.730   -0.622   -1.859   -2.182    0.454    4.927    1.451
  81.90   23.911   23.918   23.921    0.550    0.412    2.911    0.550    0.412    1.200    1.602    0.227    4.474    1.007
  82.00   23.990   23.991   24.029    0.060    1.358    2.990    0.060    1.358    4.062    0.178    0.081    5.396    2.033
  82.10   25.168   25.168   25.255   -0.092    2.083    4.168   -0.092    2.083    8.684   -0.385   -0.192   10.862    4.347
  82.20   23.864   23.866   23.893   -0.335    1.127    2.864   -0.335    1.127    3.227   -0.960   -0.378    4.791    1.694
  82.30   23.758   23.763   23.765    0.486    0.300    2.758    0.486    0.300    0.827    1.339    0.146    3.965    0.790
  82.40   23.547   23.552   23.588    0.470    1.313    2.547    0.470    1.313    3.344    1.196    0.617    4.215    1.802
  82.50   24.645   24.646   24.661   -0.216    0.864    3.645   -0.216    0.864    3.149   -0.786   -0.186    7.041    1.626
  82.60   24.899   24.950   24.980   -1.601    1.225    3.899   -1.601    1.225    4.776   -6.243   -1.962    9.632    4.051
  82.70   24.642   24.683   24.760   -1.420    1.945    3.642   -1.420    1.945    7.083   -5.171   -2.761    9.532    4.597
  82.80   23.713   23.713   23.814    0.020    2.198    2.713    0.020    2.198    5.962    0.055    0.044    6.094    2.981
  82.90   23.373   23.374   23.477   -0.053    2.206    2.373   -0.053    2.206    5.235   -0.127   -0.118    5.250    2.619
  83.00   23.637   23.745   23.752   -2.269    0.561    2.637   -2.269    0.561    1.478   -5.983   -1.272    6.208    3.146
  83.10   22.322   22.382   22.382   -1.635    0.145    1.322   -1.635    0.145    0.191   -2.161   -0.237    2.221    1.091
  83.20   22.418   22.473   22.473   -1.575    0.002    1.418   -1.575    0.002    0.002   -2.234   -0.003    2.246    1.117
  83.30   24.189   24.369   24.375   -2.959    0.525    3.189   -2.959    0.525    1.675   -9.434   -1.554    9.599    4.854
  83.40   24.762   24.943   24.959   -2.998    0.901    3.762   -2.998    0.901    3.390  -11.278   -2.701   11.976    6.041
  83.50   24.352   24.843   24.888   -4.911    1.507    3.352   -4.911    1.507    5.051  -16.464   -7.400   18.815    9.372
  83.60   24.863   25.367   25.375   -5.034    0.620    3.863   -5.034    0.620    2.394  -19.447   -3.120   20.325    9.920
  83.70   24.623   25.251   25.252   -5.597   -0.170    3.623   -5.597   -0.170   -0.616  -20.278    0.952   22.241   10.155
  83.80   23.115   23.622   23.639   -4.865   -0.908    2.115   -4.865   -0.908   -1.922  -10.291    4.420   14.484    5.682
  83.90   24.237   24.750   24.757   -5.012   -0.597    3.237   -5.012   -0.597   -1.932  -16.223    2.992   17.978    8.305
  84.00   23.867   24.468   24.501   -5.390   -1.282    2.867   -5.390   -1.282   -3.676  -15.451    6.911   19.457    8.660
  84.10   23.111   23.907   23.932   -6.116   -1.097    2.111   -6.116   -1.097   -2.316  -12.914    6.710   21.535    7.368
  84.20   23.036   23.952   24.027   -6.561   -1.891    2.036   -6.561   -1.891   -3.850  -13.359   12.409   25.387    9.318
  84.30   22.061   22.625   22.791   -5.020   -2.742    1.061   -5.020   -2.742   -2.910   -5.328   13.764   16.923    7.521
  84.40   22.650   22.831   22.997   -2.868   -2.759    1.650   -2.868   -2.759   -4.553   -4.732    7.914    9.281    5.142
  84.50   21.730   21.975   22.110   -3.266   -2.441    0.730   -3.266   -2.441   -1.783   -2.386    7.972    8.580    4.255
  84.60   22.641   22.778   22.829   -2.495   -1.512    1.641   -2.495   -1.512   -2.482   -4.095    3.773    5.603    3.048
  84.70   22.160   22.265   22.299   -2.158   -1.228    1.160   -2.158   -1.228   -1.425   -2.504    2.651    3.756    1.957
  84.80   21.510   21.587   21.611   -1.824   -1.007    0.510   -1.824   -1.007   -0.514   -0.930    1.838    2.301    1.061
  84.90   20.955   21.048   21.069   -1.969   -0.947   -0.045   -1.969   -0.947    0.042    0.088    1.865    2.388    0.934
  85.00   20.967   21.033   21.134   -1.665   -2.063   -0.033   -1.665   -2.063    0.068    0.055    3.436    3.516    1.719
  85.10   20.274   20.423   20.651   -2.459   -3.063   -0.726   -2.459   -3.063    2.224    1.785    7.532    7.978    4.027
  85.20   20.544   20.719   20.799   -2.690   -1.814   -0.456   -2.690   -1.814    0.827    1.227    4.880    5.368    2.550
  85.30   18.758   19.044   19.216   -3.286   -2.569   -2.242   -3.286   -2.569    5.758    7.366    8.441   11.211    6.298
  85.40   18.472   18.688   18.747   -2.834   -1.487   -2.528   -2.834   -1.487    3.760    7.166    4.215    8.318    4.562
  85.50   18.254   18.285   18.289   -1.053    0.391   -2.746   -1.053    0.391   -1.075    2.891   -0.412    4.400    1.556
  85.60   19.787   19.857   19.859   -1.668    0.222   -1.213   -1.668    0.222   -0.269    2.023   -0.369    2.151    1.037
  85.70   20.521   20.549   20.570   -1.074    0.930   -0.479   -1.074    0.930   -0.445    0.514   -0.999    1.124    0.604
  85.80   22.364   22.364   22.364    0.020    0.056    1.364    0.020    0.056    0.077    0.028    0.001    0.932    0.041
  85.90   20.377   20.424   20.436   -1.385   -0.678   -0.623   -1.385   -0.678    0.422    0.862    0.939    1.383    0.671
  86.00   20.600   20.729   20.734   -2.313    0.451   -0.400   -2.313    0.451   -0.180    0.926   -1.043    2.857    0.703
  86.10   21.745   21.870   21.871   -2.337   -0.123    0.745   -2.337   -0.123   -0.092   -1.741    0.289    3.017    0.884
  86.20   22.202   22.366   22.382   -2.700   -0.843    1.202   -2.700   -0.843   -1.013   -3.246    2.275    4.723    2.046
  86.30   22.271   22.388   22.388   -2.292    0.030    1.271   -2.292    0.030    0.039   -2.913   -0.070    3.435    1.457
  86.40   21.143   21.226   21.227   -1.877    0.195    0.143   -1.877    0.195    0.028   -0.268   -0.366    1.791    0.227
  86.50   20.538   20.637   20.671   -2.024    1.184   -0.462   -2.024    1.184   -0.547    0.935   -2.396    2.855    1.315
  86.60   20.896   21.029   21.118   -2.362    1.935   -0.104   -2.362    1.935   -0.201    0.246   -4.570    4.666    2.290
  86.70   21.415   21.543   21.680   -2.344    2.434    0.415   -2.344    2.434    1.011   -0.973   -5.706    5.796    2.938
  86.80   22.150   22.225   22.370   -1.825    2.549    1.150   -1.825    2.549    2.930   -2.098   -4.651    5.574    2.942
  86.90   22.386   22.446   22.496   -1.637    1.502    1.386   -1.637    1.502    2.082   -2.269   -2.459    3.428    1.970
  87.00   22.615   22.616   22.780   -0.211    2.726    1.615   -0.211    2.726    4.403   -0.340   -0.574    5.041    2.227
  87.10   22.498   22.505   22.592   -0.573    1.977    1.498   -0.573    1.977    2.960   -0.858   -1.132    3.239    1.642
  87.20   20.281   20.326   20.418   -1.352    1.937   -0.719   -1.352    1.937   -1.393    0.972   -2.620    3.049    1.561
  87.30   20.104   20.112   20.178   -0.575    1.628   -0.896   -0.575    1.628   -1.459    0.515   -0.936    1.892    0.904
  87.40   20.863   20.941   20.953   -1.809    0.713   -0.137   -1.809    0.713   -0.098    0.248   -1.289    1.900    0.658
  87.50   20.449   20.589   20.637   -2.396    1.410   -0.551   -2.396    1.410   -0.777    1.320   -3.378    4.016    1.854
  87.60   19.877   19.917   19.978   -1.267    1.557   -1.123   -1.267    1.557   -1.749    1.423   -1.974    2.646    1.498
  87.70   20.127   20.207   20.208   -1.801    0.177   -0.873   -1.801    0.177   -0.154    1.573   -0.318    2.019    0.806
  87.80   20.675   20.807   20.809   -2.342   -0.295   -0.325   -2.342   -0.295    0.096    0.762    0.691    2.838    0.517
  87.90   19.839   19.922   19.926   -1.815   -0.386   -1.161   -1.815   -0.386    0.448    2.107    0.701    2.395    1.132
  88.00   18.481   18.741   18.754   -3.114    0.704   -2.519   -3.114    0.704   -1.773    7.845   -2.192    8.270    4.168
  88.10   20.233   20.405   20.421   -2.645    0.801   -0.767   -2.645    0.801   -0.614    2.029   -2.119    4.114    1.499
  88.20   19.883   20.058   20.093   -2.646    1.183   -1.117   -2.646    1.183   -1.321    2.955   -3.130    4.824    2.252
  88.30   19.988   20.211   20.215   -2.998    0.364   -1.012   -2.998    0.364   -0.369    3.035   -1.092    5.073    1.623
  88.40   20.431   20.665   20.669   -3.103    0.409   -0.569   -3.103    0.409   -0.233    1.767   -1.268    5.059    1.093
  88.50   19.998   20.321   20.324   -3.607    0.362   -1.002   -3.607    0.362   -0.363    3.615   -1.306    7.074    1.930
  88.60   19.908   20.117   20.187   -2.889    1.685   -1.092   -2.889    1.685   -1.839    3.153   -4.867    6.187    3.042
  88.70   18.351   18.516   18.524   -2.465    0.540   -2.649   -2.465    0.540   -1.432    6.529   -1.332    6.692    3.408
  88.80   18.013   18.142   18.180   -2.163    1.169   -2.987   -2.163    1.169   -3.493    6.463   -2.530    7.486    3.885
  88.90   18.706   18.879   18.986   -2.547    2.010   -2.294   -2.547    2.010   -4.610    5.843   -5.120    7.895    4.517
  89.00   17.886   17.897   17.978   -0.626    1.707   -3.114   -0.626    1.707   -5.315    1.951   -1.069    6.502    2.881
  89.10   17.925   17.954   18.302   -1.032    3.549   -3.075   -1.032    3.549  -10.913    3.172   -3.661   11.557    5.970
  89.20   18.589   18.625   18.767   -1.154    2.304   -2.411   -1.154    2.304   -5.554    2.782   -2.658    6.225    3.378
  89.30   18.906   18.944   19.052   -1.199    2.026   -2.094   -1.199    2.026   -4.243    2.512   -2.430    4.965    2.749
  89.40   19.852   19.886   20.024   -1.162    2.346   -1.148   -1.162    2.346   -2.692    1.333   -2.725    4.084    2.028
  89.50   17.778   17.825   17.911   -1.296    1.750   -3.222   -1.296    1.750   -5.637    4.177   -2.268    7.562    3.687
  89.60   16.911   16.930   17.288   -0.800    3.501   -4.089   -0.800    3.501  -14.317    3.270   -2.799   14.810    7.475
  89.70   16.978   17.069   17.343   -1.758    3.069   -4.022   -1.758    3.069  -12.341    7.068   -5.393   14.339    7.605
  89.80   16.914   16.987   17.323   -1.567    3.394   -4.086   -1.567    3.394  -13.865    6.402   -5.318   15.332    8.086
  89.90   17.266   17.272   17.530   -0.441    2.997   -3.734   -0.441    2.997  -11.190    1.647   -1.322   11.559    5.694
  90.00   16.673   16.677   17.125    0.385    3.889   -4.327    0.385    3.889  -16.831   -1.668    1.499   17.001    8.490
  90.10   16.833   16.850   17.045    0.764    2.567   -4.167    0.764    2.567  -10.698   -3.184    1.962   12.270    5.667
  90.20   17.370   17.465   17.616   -1.817    2.302   -3.630   -1.817    2.302   -8.355    6.596   -4.182   10.889    5.719
  90.30   18.492   18.600   18.695   -2.002    1.880   -2.508   -2.002    1.880   -4.715    5.021   -3.765    6.917    3.925
  90.40   18.377   18.473   18.603   -1.885    2.193   -2.623   -1.885    2.193   -5.754    4.944   -4.134    7.622    4.320
  90.50   20.103   20.109   20.325   -0.474    2.954   -0.897   -0.474    2.954   -2.648    0.425   -1.400    4.876    1.513
  90.60   18.861   18.866   19.149    0.432    3.285   -2.139    0.432    3.285   -7.027   -0.923    1.418    7.776    3.614
  90.70   17.052   17.056   17.255   -0.369    2.616   -3.948   -0.369    2.616  -10.328    1.459   -0.966   11.284    5.238
  90.80   17.826   17.828   18.066   -0.239    2.925   -3.174   -0.239    2.925   -9.283    0.758   -0.699    9.343    4.670
  90.90   18.972   19.058   19.300    1.807    3.045   -2.028    1.807    3.045   -6.175   -3.664    5.501    8.324    4.523
  91.00   18.716   18.734   18.841    0.816    1.999   -2.284    0.816    1.999   -4.564   -1.864    1.632    4.938    2.597
  91.10   18.405   18.423   18.460    0.813    1.161   -2.595    0.813    1.161   -3.014   -2.109    0.944    4.371    1.899
  91.20   17.724   17.744   17.773    0.849    1.005   -3.276    0.849    1.005   -3.293   -2.782    0.853    6.232    2.197
  91.30   19.182   19.195   19.227   -0.692    1.107   -1.818   -0.692    1.107   -2.013    1.259   -0.767    2.505    1.247
  91.40   18.516   18.516   18.580   -0.017    1.540   -2.484   -0.017    1.540   -3.826    0.041   -0.026    4.271    1.913
  91.50   18.036   18.036   18.104   -0.032    1.562   -2.964   -0.032    1.562   -4.630    0.094   -0.049    5.613    2.316
  91.60   18.778   18.816   18.924    1.194    2.020   -2.222    1.194    2.020   -4.487   -2.652    2.411    5.220    2.871
  91.70   19.081   19.131   19.180    1.385    1.364   -1.919    1.385    1.364   -2.618   -2.659    1.890    3.732    2.091
  91.80   20.277   20.294   20.468    0.830    2.670   -0.723    0.830    2.670   -1.931   -0.600    2.215    4.170    1.500
  91.90   20.483   20.483   20.694    0.100    2.946   -0.517    0.100    2.946   -1.523   -0.052    0.295    4.477    0.776
  92.00   21.314   21.316   21.447   -0.272    2.367    0.314   -0.272    2.367    0.744   -0.086   -0.645    2.887    0.494
  92.10   21.020   21.020   21.027    0.094    0.533    0.020    0.094    0.533    0.011    0.002    0.050    0.146    0.026
  92.20   19.552   19.553   19.564   -0.110    0.671   -1.448   -0.110    0.671   -0.971    0.160   -0.074    1.279    0.493
  92.30   18.708   18.755   18.781   -1.318    0.987   -2.292   -1.318    0.987   -2.263    3.020   -1.301    3.982    1.996
  92.40   19.460   19.590   19.597   -2.255    0.515   -1.540   -2.255    0.515   -0.793    3.472   -1.161    3.861    1.873
  92.50   18.952   19.014   19.031   -1.534   -0.814   -2.048   -1.534   -0.814    1.667    3.142    1.249    3.605    1.885
  92.60   18.185   18.228   18.238   -1.253   -0.589   -2.815   -1.253   -0.589    1.657    3.528    0.738    4.920    1.983
  92.70   17.392   17.504   17.544   -1.978   -1.193   -3.608   -1.978   -1.193    4.307    7.138    2.361    9.179    4.332
  92.80   17.613   17.826   17.866   -2.747   -1.188   -3.387   -2.747   -1.188    4.023    9.303    3.263   10.213    5.324
  92.90   16.899   17.110   17.119   -2.676   -0.553   -4.101   -2.676   -0.553    2.269   10.974    1.481   12.142    5.652
  93.00   15.659   15.703   15.871   -1.177   -2.300   -5.341   -1.177   -2.300   12.287    6.284    2.707   17.602    7.032
  93.10   14.989   14.993   15.054   -0.341   -1.353   -6.011   -0.341   -1.353    8.131    2.049    0.461   19.040    4.199
  93.20   16.630   16.635   16.635   -0.415   -0.066   -4.370   -0.415   -0.066    0.288    1.816    0.027    9.637    0.919
  93.30   17.029   17.038   17.039    0.545    0.191   -3.971    0.545    0.191   -0.759   -2.163    0.104    8.051    1.148
  93.40   17.390   17.443   17.445    1.355   -0.251   -3.610    1.355   -0.251    0.906   -4.892   -0.340    7.464    2.494
  93.50   16.783   16.816   16.816    1.044   -0.029   -4.217    1.044   -0.029    0.123   -4.403   -0.030    9.435    2.203
  93.60   17.360   17.362   17.364    0.263    0.285   -3.640    0.263    0.285   -1.038   -0.957    0.075    6.700    0.707
  93.70   18.585   18.615   18.641   -1.065   -0.984   -2.415   -1.065   -0.984    2.376    2.573    1.048    3.968    1.828
  93.80   18.083   18.398   18.404   -3.389   -0.491   -2.917   -3.389   -0.491    1.432    9.886    1.663   10.117    5.063
  93.90   18.593   18.784   18.816   -2.673   -1.098   -2.407   -2.673   -1.098    2.643    6.435    2.936    7.074    3.775
  94.00   19.173   19.452   19.537   -3.279   -1.824   -1.827   -3.279   -1.824    3.332    5.990    5.983    8.710    4.549
  94.10   20.154   20.438   20.593   -3.399   -2.520   -0.846   -3.399   -2.520    2.133    2.877    8.567    9.311    4.643
  94.20   20.551   20.734   20.748   -2.751   -0.764   -0.449   -2.751   -0.764    0.343    1.236    2.103    4.178    1.232
  94.30   20.118   20.198   20.200   -1.785    0.342   -0.882   -1.785    0.342   -0.302    1.574   -0.611    2.040    0.857
  94.40   19.391   19.668   19.679   -3.293   -0.654   -1.609   -3.293   -0.654    1.053    5.299    2.154    6.930    2.908
  94.50   20.414   20.791   20.812   -3.945   -0.934   -0.586   -3.945   -0.934    0.548    2.312    3.686    8.388    2.193
  94.60   20.046   20.656   20.659   -4.984   -0.365   -0.954   -4.984   -0.365    0.348    4.756    1.819   12.943    2.552
  94.70   19.869   20.397   20.405   -4.608   -0.594   -1.131   -4.608   -0.594    0.672    5.210    2.737   11.430    2.962
  94.80   19.934   20.381   20.382   -4.246   -0.136   -1.066   -4.246   -0.136    0.145    4.526    0.577    9.593    2.283
  94.90   20.042   20.162   20.183   -2.197    0.913   -0.958   -2.197    0.913   -0.874    2.104   -2.005    3.288    1.517
  95.00   19.742   19.811   19.834   -1.657   -0.962   -1.258   -1.657   -0.962    1.210    2.085    1.594    2.627    1.445
  95.10   20.637   20.929   21.080   -3.487   -2.513   -0.363   -3.487   -2.513    0.913    1.266    8.763    9.304    4.450
  95.20   20.475   20.555   20.685   -1.817   -2.314   -0.525   -1.817   -2.314    1.216    0.955    4.205    4.466    2.240
  95.30   20.552   20.616   20.726   -1.634   -2.126   -0.448   -1.634   -2.126    0.953    0.733    3.474    3.696    1.838
  95.40   19.985   20.330   20.350   -3.733   -0.898   -1.015   -3.733   -0.898    0.911    3.790    3.352    7.887    2.570
  95.50   18.465   18.642   18.647   -2.557   -0.463   -2.535   -2.557   -0.463    1.174    6.481    1.185    6.589    3.346
  95.60   18.780   18.884   18.892   -1.974   -0.550   -2.220   -1.974   -0.550    1.221    4.382    1.086    4.563    2.338
  95.70   18.673   18.840   18.879   -2.499   -1.215   -2.327   -2.499   -1.215    2.828    5.815    3.038    6.569    3.572
  95.80   18.676   18.987   19.086   -3.419   -1.941   -2.324   -3.419   -1.941    4.511    7.945    6.637   10.429    5.646
  95.90   18.489   18.584   18.680   -1.882   -1.886   -2.511   -1.882   -1.886    4.738    4.726    3.550    6.703    3.787
  96.00   19.343   19.385   19.527   -1.279   -2.353   -1.657   -1.279   -2.353    3.899    2.120    3.010    4.960    2.681
  96.10   19.643   19.661   19.678   -0.855   -0.804   -1.357   -0.855   -0.804    1.092    1.161    0.688    1.610    0.868
  96.20   19.219   19.220   19.234    0.122   -0.734   -1.781    0.122   -0.734    1.308   -0.217   -0.089    1.863    0.664
  96.30   19.796   19.797   19.931   -0.190   -2.306   -1.204   -0.190   -2.306    2.776    0.229    0.439    3.402    1.410
  96.40   20.826   20.829   21.081   -0.326   -3.250   -0.174   -0.326   -3.250    0.564    0.056    1.058    5.348    0.600
  96.50   20.575   20.620   20.687   -1.352   -1.672   -0.425   -1.352   -1.672    0.710    0.574    2.261    2.402    1.219
  96.60   20.324   20.402   20.486   -1.777   -1.857   -0.676   -1.777   -1.857    1.255    1.201    3.300    3.532    1.865
  96.70   21.114   21.160   21.294   -1.390   -2.384    0.114   -1.390   -2.384   -0.272   -0.159    3.314    3.815    1.664
  96.80   20.957   20.964   21.001   -0.537   -1.250   -0.043   -0.537   -1.250    0.053    0.023    0.672    0.926    0.337
  96.90   19.228   19.228   19.236    0.145   -0.528   -1.772    0.145   -0.528    0.936   -0.257   -0.077    1.721    0.487
  97.00   18.651   18.654   18.694    0.376   -1.222   -2.349    0.376   -1.222    2.870   -0.883   -0.459    3.576    1.519
  97.10   19.358   19.399   19.530   -1.264   -2.258   -1.642   -1.264   -2.258    3.707    2.075    2.854    4.696    2.559
  97.20   20.322   20.382   20.529   -1.565   -2.452   -0.678   -1.565   -2.452    1.663    1.061    3.838    4.462    2.158
  97.30   19.372   19.477   19.866   -2.024   -3.914   -1.628   -2.024   -3.914    6.373    3.296    7.923   11.034    5.345
  97.40   18.756   19.028   19.214   -3.209   -2.667   -2.244   -3.209   -2.667    5.985    7.200    8.558   11.223    6.343
  97.50   19.457   19.656   19.752   -2.794   -1.940   -1.543   -2.794   -1.940    2.993    4.312    5.419    6.975    3.772
  97.60   19.485   19.715   19.718   -3.003   -0.333   -1.515   -3.003   -0.333    0.504    4.549    1.000    5.711    2.342
  97.70   19.438   19.732   19.732   -3.392   -0.099   -1.562   -3.392   -0.099    0.154    5.298    0.334    6.978    2.655
  97.80   22.531   22.693   22.742   -2.705   -1.487    1.531   -2.705   -1.487   -2.277   -4.142    4.022    5.937    3.103
  97.90   21.591   21.662   21.784   -1.761   -2.301    0.591   -1.761   -2.301   -1.359   -1.040    4.052    4.372    2.199
  98.00   21.024   21.074   21.139   -1.441   -1.655    0.024   -1.441   -1.655   -0.040   -0.035    2.385    2.408    1.193
  98.10   20.029   20.043   20.206   -0.738   -2.569   -0.971   -0.738   -2.569    2.494    0.717    1.897    4.043    1.607
  98.20   19.651   19.652   19.764    0.163   -2.100   -1.349    0.163   -2.100    2.833   -0.220   -0.343    3.128    1.431
  98.30   20.270   20.296   20.296    1.014    0.019   -0.730    1.014    0.019   -0.014   -0.740    0.019    0.780    0.370
  98.40   19.587   19.661   19.669    1.709   -0.547   -1.413    1.709   -0.547    0.774   -2.416   -0.935    2.609    1.352
  98.50   18.765   18.995   19.006    2.947    0.631   -2.235    2.947    0.631   -1.409   -6.586    1.859    7.039    3.494
  98.60   17.387   17.468   17.472    1.679    0.400   -3.613    1.679    0.400   -1.445   -6.067    0.671    8.017    3.136
  98.70   18.503   18.559   18.656    1.440    1.900   -2.497    1.440    1.900   -4.744   -3.596    2.736    5.959    3.276
  98.80   18.600   18.670   18.698    1.614    1.010   -2.400    1.614    1.010   -2.423   -3.872    1.629    4.690    2.425
  98.90   20.316   20.465   20.467    2.467   -0.281   -0.684    2.467   -0.281    0.193   -1.687   -0.694    3.316    0.917
  99.00   19.086   19.371   19.413    3.312   -1.272   -1.914    3.312   -1.272    2.435   -6.338   -4.214    8.125    3.996
  99.10   19.226   19.453   19.461    2.963    0.562   -1.774    2.963    0.562   -0.996   -5.256    1.664    6.121    2.801
  99.20   19.682   19.728   19.814    1.339    1.849   -1.318    1.339    1.849   -2.437   -1.765    2.476    3.475    1.948
  99.30   18.950   18.959   19.026    0.601    1.591   -2.050    0.601    1.591   -3.262   -1.233    0.957    3.548    1.808
  99.40   20.420   20.425   20.465    0.458    1.266   -0.580    0.458    1.266   -0.734   -0.266    0.580    1.074    0.486
  99.50   20.296   20.317   20.358    0.920    1.297   -0.704    0.920    1.297   -0.913   -0.647    1.193    1.512    0.818
  99.60   21.199   21.287   21.438    1.934    2.545    0.199    1.934    2.545    0.506    0.384    4.922    5.129    2.481
  99.70   22.066   22.131   22.265    1.698    2.442    1.066    1.698    2.442    2.603    1.810    4.147    4.992    2.610
  99.80   22.946   22.971   23.083    1.067    2.268    1.946    1.067    2.268    4.414    2.076    2.420    5.035    2.723
  99.90   22.307   22.328   22.577    0.985    3.339    1.307    0.985    3.339    4.363    1.288    3.291    6.915    2.807
 100.00   21.322   21.323   21.366    0.164    1.364    0.322    0.164    1.364    0.439    0.053    0.224    0.995    0.248
 100.10   19.201   19.207   19.216    0.487    0.584   -1.799    0.487    0.584   -1.051   -0.875    0.284    1.907    0.698
 100.20   18.539   18.543   18.567   -0.367    0.947   -2.461   -0.367    0.947   -2.331    0.903   -0.348    3.544    1.262
 100.30   19.519   19.519   19.644   -0.130    2.211   -1.481   -0.130    2.211   -3.275    0.192   -0.287    3.550    1.647
 100.40   20.052   20.058   20.337   -0.486    3.357   -0.948   -0.486    3.357   -3.181    0.460   -1.631    6.201    1.802
 100.50   19.658   19.663   19.861   -0.428    2.799   -1.342   -0.428    2.799   -3.755    0.574   -1.197    4.908    1.991
 100.60   19.160   19.161   19.376   -0.230    2.873   -1.840   -0.230    2.873   -5.285    0.423   -0.660    5.845    2.672
 100.70   20.191   20.280   20.392    1.893    2.138   -0.809    1.893    2.138   -1.730   -1.531    4.048    4.405    2.330
 100.80   20.568   20.787   20.921    3.012    2.357   -0.432    3.012    2.357   -1.018   -1.301    7.100    7.408    3.645
 100.90   21.088   21.340   21.432    3.270    1.975    0.088    3.270    1.975    0.174    0.289    6.459    7.301    3.234
 101.00   21.219   21.495   21.532    3.433    1.259    0.219    3.433    1.259    0.275    0.751    4.324    6.711    2.199
 101.10   20.922   21.215   21.367    3.514    2.550   -0.078    3.514    2.550   -0.200   -0.275    8.961    9.429    4.484
 101.20   20.863   21.177   21.369    3.637    2.854   -0.137    3.637    2.854   -0.391   -0.499   10.380   10.695    5.199
 101.30   21.530   21.921   21.977    4.120    1.579    0.530    4.120    1.579    0.837    2.183    6.506    9.875    3.457
 101.40   21.531   22.017   22.028    4.602    0.705    0.531    4.602    0.705    0.374    2.442    3.244   10.977    2.039
 101.50   20.396   20.595   20.596    2.856   -0.109   -0.604    2.856   -0.109    0.066   -1.724   -0.311    4.266    0.877
 101.60   19.745   19.834   19.866    1.875   -1.136   -1.255    1.875   -1.136    1.425   -2.353   -2.130    3.190    1.740
 101.70   20.638   20.731   20.768    1.962   -1.236   -0.362    1.962   -1.236    0.447   -0.709   -2.425    2.753    1.283
 101.80   19.761   19.881   19.901    2.187   -0.877   -1.239    2.187   -0.877    1.087   -2.710   -1.919    3.544    1.747
 101.90   20.004   20.387   20.418    3.933    1.107   -0.996    3.933    1.107   -1.102   -3.915    4.356    8.844    2.980
 102.00   19.277   19.613   19.663    3.615    1.403   -1.723    3.615    1.403   -2.418   -6.231    5.072    9.005    4.195
 102.10   18.979   19.386   19.424    3.953    1.205   -2.021    3.953    1.205   -2.435   -7.987    4.763   10.579    4.807
 102.20   17.663   18.303   18.303    4.798   -0.045   -3.337    4.798   -0.045    0.149  -16.008   -0.214   17.076    8.005
 102.30   18.421   18.940   18.947    4.407   -0.510   -2.579    4.407   -0.510    1.315  -11.367   -2.247   13.167    5.831
 102.40   18.617   18.965   18.969    3.617    0.377   -2.383    3.617    0.377   -0.898   -8.621    1.363    9.454    4.387
 102.50   17.722   18.032   18.076    3.331   -1.256   -3.278    3.331   -1.256    4.118  -10.922   -4.185   11.712    6.200
 102.60   17.599   18.011   18.189    3.831   -2.541   -3.401    3.831   -2.541    8.641  -13.028   -9.733   16.348    9.208
 102.70   17.395   17.938   17.967    4.380   -1.012   -3.605    4.380   -1.012    3.649  -15.789   -4.433   16.602    8.401
 102.80   17.676   18.312   18.419    4.785   -1.978   -3.324    4.785   -1.978    6.573  -15.905   -9.463   18.929    9.820
 102.90   18.837   19.294   19.426    4.176   -2.256   -2.163    4.176   -2.256    4.881   -9.034   -9.424   13.606    6.968
 103.00   18.203   18.847   19.098    4.886   -3.083   -2.797    4.886   -3.083    8.623  -13.666  -15.064   20.601   11.046
 103.10   17.611   18.248   18.272    4.780   -0.930   -3.389    4.780   -0.930    3.153  -16.199   -4.446   17.598    8.546
 103.20   18.083   18.762   18.809    5.001   -1.331   -2.917    5.001   -1.331    3.883  -14.588   -6.656   17.644    8.249
 103.30   18.218   19.058   19.106    5.594   -1.354   -2.782    5.594   -1.354    3.768  -15.562   -7.577   20.434    8.857
 103.40   18.154   18.684   18.690    4.419   -0.444   -2.846    4.419   -0.444    1.264  -12.574   -1.963   13.910    6.394
 103.50   18.918   19.435   19.449    4.452   -0.728   -2.082    4.452   -0.728    1.515   -9.268   -3.241   12.343    4.967
 103.60   18.510   19.154   19.177    4.926    0.932   -2.490    4.926    0.932   -2.320  -12.266    4.589   15.666    6.650
 103.70   20.417   20.888   20.978    4.410    1.948   -0.583    4.410    1.948   -1.135   -2.571    8.589   11.791    4.519
 103.80   20.085   20.952   21.019    5.964    1.672   -0.915    5.964    1.672   -1.529   -5.455    9.973   19.603    5.735
 103.90   18.807   20.331   20.375    7.724    1.338   -2.193    7.724    1.338   -2.936  -16.943   10.338   33.135   10.032
 104.00   17.785   19.293   19.328    7.477    1.156   -3.215    7.477    1.156   -3.717  -24.036    8.644   33.787   12.906
 104.10   18.192   19.016   19.044    5.539    1.028   -2.808    5.539    1.028   -2.886  -15.557    5.692   19.814    8.408
 104.20   18.885   19.997   20.073    6.576    1.738   -2.115    6.576    1.738   -3.675  -13.906   11.428   25.366    9.186
 104.30   19.009   20.262   20.403    7.016    2.393   -1.991    7.016    2.393   -4.765  -13.968   16.791   29.457   11.178
 104.40   18.316   19.139   19.155    5.553    0.786   -2.684    5.553    0.786   -2.111  -14.906    4.367   19.328    7.838
 104.50   18.274   18.730   18.732    4.108   -0.234   -2.726    4.108   -0.234    0.637  -11.197   -0.960   12.180    5.628
 104.60   17.819   18.316   18.316    4.237    0.113   -3.181    4.237    0.113   -0.360  -13.476    0.480   14.040    6.745
 104.70   18.370   18.618   18.619    3.030   -0.075   -2.630    3.030   -0.075    0.196   -7.968   -0.226    8.050    3.987
 104.80   18.748   18.966   18.966    2.864    0.028   -2.252    2.864    0.028   -0.062   -6.448    0.079    6.636    3.224
 104.90   18.974   19.358   19.358    3.833    0.033   -2.026    3.833    0.033   -0.068   -7.765    0.128    9.398    3.883
 105.00   18.876   19.496   19.508    4.879   -0.678   -2.124    4.879   -0.678    1.441  -10.364   -3.310   14.389    5.487
 105.10   17.716   18.984   18.984    6.822    0.030   -3.284    6.822    0.030   -0.099  -22.406    0.206   28.662   11.203
 105.20   17.352   18.779   18.827    7.180   -1.347   -3.648    7.180   -1.347    4.915  -26.192   -9.674   33.338   14.175
 105.30   16.392   17.562   17.624    6.301   -1.480   -4.608    6.301   -1.480    6.818  -29.036   -9.323   31.565   15.625
 105.40   16.033   17.287   17.314    6.462   -0.976   -4.967    6.462   -0.976    4.846  -32.098   -6.305   33.693   16.534
 105.50   16.121   17.296   17.360    6.267   -1.484   -4.879    6.267   -1.484    7.240  -30.578   -9.300   32.643   16.386
 105.60   15.687   16.452   16.504    4.956   -1.314   -5.313    4.956   -1.314    6.982  -26.330   -6.514   27.257   14.004
 105.70   16.426   17.486   17.574    5.997   -1.755   -4.574    5.997   -1.755    8.027  -27.430  -10.524   29.983   15.228
 105.80   17.079   18.464   18.498    7.016   -1.132   -3.921    7.016   -1.132    4.440  -27.509   -7.944   32.938   14.488
 105.90   16.982   17.907   17.920    5.680   -0.697   -4.018    5.680   -0.697    2.802  -22.820   -3.961   24.444   11.665
 106.00   16.749   17.910   17.910    6.342   -0.038   -4.251    6.342   -0.038    0.161  -26.956   -0.240   29.143   13.479
 106.10   15.702   16.522   16.549    5.141   -0.935   -5.298    5.141   -0.935    4.953  -27.240   -4.807   27.689   14.051
 106.20   17.597   17.833   17.958    2.894   -2.117   -3.403    2.894   -2.117    7.204   -9.849   -6.126   12.219    6.827
 106.30   17.831   18.033   18.112    2.696   -1.682   -3.169    2.696   -1.682    5.330   -8.546   -4.534   10.072    5.523
 106.40   16.766   17.369   17.465    4.538   -1.829   -4.234    4.538   -1.829    7.746  -19.212   -8.302   20.932   11.158
 106.50   16.212   16.791   16.985    4.373   -2.561   -4.788    4.373   -2.561   12.261  -20.938  -11.198   24.303   13.362
 106.60   16.712   17.743   17.820    5.959   -1.657   -4.288    5.959   -1.657    7.106  -25.548   -9.875   28.318   14.149
 106.70   17.215   18.238   18.249    6.023   -0.630   -3.785    6.023   -0.630    2.385  -22.798   -3.795   25.500   11.617
 106.80   16.006   16.778   16.779    5.029   -0.197   -4.994    5.029   -0.197    0.982  -25.114   -0.989   25.134   12.576
 106.90   15.916   16.343   16.343    3.708   -0.041   -5.084    3.708   -0.041    0.206  -18.852   -0.150   19.799    9.427
 107.00   14.746   15.238   15.248    3.839   -0.548   -6.254    3.839   -0.548    3.428  -24.009   -2.105   27.074   12.172
 107.10   16.111   16.373   16.373    2.919   -0.027   -4.889    2.919   -0.027    0.134  -14.272   -0.080   16.214    7.137
 107.20   17.697   17.719   17.722    0.886   -0.323   -3.303    0.886   -0.323    1.067   -2.928   -0.286    5.900    1.565
 107.30   16.350   16.438   16.452    1.703    0.664   -4.650    1.703    0.664   -3.087   -7.920    1.131   12.483    4.288
 107.40   16.264   16.350   16.361    1.672    0.607   -4.736    1.672    0.607   -2.873   -7.918    1.014   12.796    4.242
 107.50   15.544   15.594   15.599    1.245   -0.415   -5.456    1.245   -0.415    2.265   -6.791   -0.517   15.745    3.589
 107.60   16.642   16.754   16.769    1.932   -0.710   -4.358    1.932   -0.710    3.096   -8.420   -1.373   11.614    4.538
 107.70   17.222   17.273   17.278    1.332   -0.388   -3.778    1.332   -0.388    1.466   -5.032   -0.517    8.100    2.633
 107.80   16.365   16.709   16.806    3.369    1.807   -4.635    3.369    1.807   -8.373  -15.616    6.087   18.049    9.368
 107.90   16.001   16.286   16.487    3.034    2.565   -4.999    3.034    2.565  -12.824  -15.167    7.783   20.387   10.666
 108.00   18.744   18.783   18.872    1.215    1.827   -2.256    1.215    1.827   -4.122   -2.741    2.219    4.952    2.712
 108.10   19.458   19.508   19.559    1.405    1.408   -1.542    1.405    1.408   -2.171   -2.167    1.978    3.168    1.825
 108.20   19.692   19.764   19.961    1.696    2.794   -1.308    1.696    2.794   -3.656   -2.220    4.739    6.198    3.192
 108.30   19.184   19.207   19.311    0.940    2.009   -1.816    0.940    2.009   -3.649   -1.707    1.887    4.108    2.224
 108.40   19.756   19.757   19.771   -0.101    0.760   -1.244   -0.101    0.760   -0.945    0.126   -0.077    1.067    0.478
 108.50   20.667   20.669   20.718   -0.256    1.435   -0.333   -0.256    1.435   -0.478    0.085   -0.367    1.117    0.304
 108.60   18.214   18.245   18.263   -1.059    0.823   -2.786   -1.059    0.823   -2.293    2.951   -0.872    4.781    1.919
 108.70   17.772   17.790   17.793    0.788    0.325   -3.228    0.788    0.325   -1.048   -2.545    0.256    5.573    1.382
 108.80   18.106   18.122   18.146   -0.775    0.929   -2.894   -0.775    0.929   -2.688    2.242   -0.719    4.920    1.787
 108.90   18.890   18.890   18.920   -0.072    1.067   -2.110   -0.072    1.067   -2.252    0.152   -0.077    2.799    1.129
 109.00   17.246   17.367   17.467    2.053    1.861   -3.754    2.053    1.861   -6.989   -7.709    3.822   10.888    5.542
 109.10   17.309   17.338   17.559    1.016    2.773   -3.691    1.016    2.773  -10.236   -3.750    2.817   11.174    5.630
 109.20   17.391   17.391   17.692   -0.121    3.250   -3.609   -0.121    3.250  -11.729    0.437   -0.394   11.801    5.872
 109.30   18.806   18.806   18.936   -0.066    2.217   -2.194   -0.066    2.217   -4.865    0.145   -0.146    4.867    2.435
 109.40   18.552   18.559   18.608   -0.511    1.349   -2.448   -0.511    1.349   -3.303    1.250   -0.689    4.036    1.799
 109.50   19.115   19.122   19.218   -0.514    1.925   -1.885   -0.514    1.925   -3.629    0.969   -0.990    3.762    1.942
 109.60   19.136   19.220   19.355   -1.798    2.281   -1.864   -1.798    2.281   -4.251    3.351   -4.100    5.953    3.395
 109.70   19.098   19.194   19.428   -1.922    3.001   -1.902   -1.922    3.001   -5.708    3.656   -5.768    8.158    4.450
 109.80   18.317   18.319   18.458    0.281    2.256   -2.683    0.281    2.256   -6.052   -0.755    0.635    6.183    3.066
 109.90   17.192   17.205   17.256   -0.666    1.325   -3.808   -0.666    1.325   -5.045    2.536   -0.882    8.349    2.857
 110.00   16.618   16.644   16.673   -0.932    0.992   -4.382   -0.932    0.992   -4.348    4.084   -0.925   10.529    3.018
 110.10   16.442   16.462   16.476    0.807    0.682   -4.558    0.807    0.682   -3.109   -3.677    0.550   10.946    2.423
 110.20   17.340   17.340   17.347   -0.149    0.470   -3.660   -0.149    0.470   -1.720    0.545   -0.070    6.821    0.903
 110.30   19.469   19.474   19.538   -0.438    1.589   -1.531   -0.438    1.589   -2.433    0.670   -0.695    2.531    1.309
 110.40   20.231   20.238   20.322   -0.534    1.849   -0.769   -0.534    1.849   -1.422    0.411   -0.988    2.148    0.890
 110.50   19.168   19.168   19.410   -0.061    3.053   -1.832   -0.061    3.053   -5.593    0.113   -0.187    6.340    2.799
 110.60   17.767   17.798   17.978   -1.048    2.534   -3.233   -1.048    2.534   -8.191    3.389   -2.656    8.984    4.627
 110.70   18.583   18.586   18.589   -0.318    0.307   -2.417   -0.318    0.307   -0.743    0.769   -0.098    3.018    0.537
 110.80   18.832   18.832   18.842    0.144    0.586   -2.168    0.144    0.586   -1.272   -0.312    0.084    2.533    0.656
 110.90   17.646   17.725   17.738    1.674    0.674   -3.354    1.674    0.674   -2.260   -5.615    1.128    7.254    3.078
 111.00   17.088   17.131   17.131    1.215   -0.099   -3.912    1.215   -0.099    0.386   -4.752   -0.120    8.394    2.385
 111.10   17.306   17.337   17.349    1.025    0.650   -3.694    1.025    0.650   -2.401   -3.785    0.666    7.558    2.266
 111.20   17.251   17.697   17.700    3.946    0.329   -3.749    3.946    0.329   -1.234  -14.792    1.299   14.866    7.450
 111.30   15.753   16.013   16.054    2.875    1.141   -5.247    2.875    1.141   -5.985  -15.085    3.279   18.549    8.278
 111.40   17.337   17.424   17.466    1.737    1.209   -3.663    1.737    1.209   -4.429   -6.363    2.101    8.948    4.016
 111.50   17.283   17.578   17.617    3.205    1.171   -3.717    3.205    1.171   -4.353  -11.914    3.754   12.730    6.614
 111.60   16.222   16.383   16.535    2.289    2.235   -4.778    2.289    2.235  -10.679  -10.937    5.117   16.531    8.060
 111.70   15.730   16.169   16.940    3.740    5.052   -5.270    3.740    5.052  -26.620  -19.708   18.893   33.637   19.065
 111.80   16.543   16.851   17.132    3.206    3.092   -4.457    3.206    3.092  -13.781  -14.288    9.912   19.851   11.094
 111.90   17.272   17.601   17.802    3.383    2.670   -3.728    3.383    2.670   -9.952  -12.612    9.032   16.235    9.215
 112.00   15.923   16.838   17.016    5.473    2.459   -5.077    5.473    2.459  -12.485  -27.788   13.460   30.891   16.653
 112.10   18.177   18.618   18.722    4.026    1.973   -2.823    4.026    1.973   -5.570  -11.366    7.944   14.037    7.472
 112.20   18.536   19.278   19.356    5.297    1.737   -2.464    5.297    1.737   -4.281  -13.054    9.201   18.574    8.267
 112.30   17.496   18.075   18.175    4.537    1.904   -3.504    4.537    1.904   -6.671  -15.896    8.639   18.243    9.641
 112.40   17.147   17.523   17.728    3.611    2.685   -3.853    3.611    2.685  -10.347  -13.914    9.698   17.549    9.934
 112.50   16.467   17.052   17.325    4.427    3.066   -4.533    4.427    3.066  -13.897  -20.068   13.574   24.774   13.965
 112.60   16.802   17.262   17.437    3.956    2.469   -4.198    3.956    2.469  -10.365  -16.607    9.768   19.684   10.939
 112.70   17.761   18.257   18.271    4.229    0.704   -3.239    4.229    0.704   -2.281  -13.700    2.977   14.437    7.102
 112.80   18.509   19.027   19.037    4.411   -0.616   -2.491    4.411   -0.616    1.534  -10.986   -2.716   13.018    5.710
 112.90   19.879   20.141   20.171    3.243    1.087   -1.121    3.243    1.087   -1.219   -3.637    3.525    6.479    2.605
 113.00   19.388   19.625   19.659    3.040    1.152   -1.612    3.040    1.152   -1.857   -4.899    3.502    6.582    3.151
 113.10   18.472   18.767   18.793    3.312    0.984   -2.528    3.312    0.984   -2.488   -8.372    3.261    9.164    4.661
 113.20   18.724   18.802   18.807    1.713    0.417   -2.276    1.713    0.417   -0.950   -3.899    0.715    4.145    2.038
 113.30   18.902   19.221   19.278    3.483    1.481   -2.098    3.483    1.481   -3.106   -7.307    5.158    9.363    4.734
 113.40   19.687   20.205   20.420    4.547    2.952   -1.313    4.547    2.952   -3.876   -5.969   13.422   15.555    7.596
 113.50   20.063   20.438   20.748    3.895    3.573   -0.937    3.895    3.573   -3.347   -3.649   13.916   14.407    7.385
 113.60   20.691   21.387   21.449    5.412    1.625   -0.309    5.412    1.625   -0.502   -1.672    8.796   16.012    4.484
 113.70   20.111   20.467   20.478    3.801    0.676   -0.889    3.801    0.676   -0.601   -3.379    2.568    7.846    2.143
 113.80   20.104   20.661   20.710    4.764    1.423   -0.896    4.764    1.423   -1.275   -4.269    6.778   12.763    4.056
 113.90   20.209   20.863   20.895    5.184    1.154   -0.791    5.184    1.154   -0.913   -4.102    5.982   14.414    3.655
 114.00   19.755   20.238   20.304    4.396    1.629   -1.245    4.396    1.629   -2.028   -5.474    7.163   11.766    4.620
 114.10   19.157   19.418   19.423    3.170    0.465   -1.843    3.170    0.465   -0.856   -5.841    1.473    6.829    3.042
 114.20   19.439   19.725   19.727    3.347    0.253   -1.561    3.347    0.253   -0.394   -5.224    0.846    6.851    2.653
 114.30   18.533   19.013   19.034    4.243    0.893   -2.467    4.243    0.893   -2.202  -10.465    3.787   12.441    5.673
 114.40   19.435   19.948   19.998    4.496    1.410   -1.565    4.496    1.410   -2.207   -7.038    6.337   12.326    4.862
 114.50   18.714   19.168   19.170    4.150    0.255   -2.286    4.150    0.255   -0.582   -9.490    1.056   11.259    4.783
 114.60   18.709   19.011   19.011    3.375   -0.084   -2.291    3.375   -0.084    0.192   -7.733   -0.282    8.324    3.870
 114.70   18.763   18.996   19.000    2.966    0.379   -2.237    2.966    0.379   -0.847   -6.633    1.123    6.971    3.390
 114.80   18.238   18.648   18.668    3.890   -0.864   -2.762    3.890   -0.864    2.387  -10.744   -3.362   11.753    5.754
 114.90   19.292   19.473   19.517    2.650   -1.317   -1.708    2.650   -1.317    2.250   -4.527   -3.489    5.838    3.071
 115.00   19.220   19.267   19.271    1.340   -0.394   -1.780    1.340   -0.394    0.701   -2.385   -0.528    2.559    1.271
 115.10   19.096   19.201   19.254    2.003    1.429   -1.904    2.003    1.429   -2.720   -3.812    2.861    4.838    2.744
 115.20   20.288   20.321   20.379    1.147    1.540   -0.712    1.147    1.540   -1.096   -0.816    1.766    2.096    1.116
 115.30   20.558   20.567   20.574    0.605    0.548   -0.442    0.605    0.548   -0.242   -0.267    0.332    0.431    0.245
 115.40   20.221   20.224   20.225    0.313    0.234   -0.779    0.313    0.234   -0.182   -0.244    0.073    0.380    0.157
 115.50   20.782   20.827   20.835    1.378    0.585   -0.218    1.378    0.585   -0.128   -0.301    0.806    1.145    0.435
 115.60   20.150   20.151   20.163    0.211    0.712   -0.850    0.211    0.712   -0.606   -0.180    0.150    0.637    0.325
 115.70   20.677   20.685   20.686    0.558    0.244   -0.323    0.558    0.244   -0.079   -0.180    0.136    0.237    0.119
 115.80   19.676   19.687   19.693   -0.665    0.494   -1.324   -0.665    0.494   -0.655    0.881   -0.329    1.220    0.573
 115.90   20.042   20.059   20.069   -0.814    0.634   -0.958   -0.814    0.634   -0.607    0.780   -0.516    0.991    0.557
 116.00   19.923   19.923   19.936    0.129    0.713   -1.077    0.129    0.713   -0.769   -0.139    0.092    0.843    0.393
 116.10   21.381   21.400   21.403    0.917   -0.349    0.381    0.917   -0.349   -0.133    0.349   -0.320    0.553    0.246
 116.20   19.918   19.919   19.919    0.164    0.025   -1.082    0.164    0.025   -0.027   -0.177    0.004    0.599    0.090
 116.30   18.852   18.909   18.909    1.464    0.101   -2.148    1.464    0.101   -0.216   -3.144    0.147    3.383    1.577
 116.40   17.335   17.350   17.384    0.703    1.098   -3.665    0.703    1.098   -4.025   -2.576    0.772    7.565    2.421
 116.50   15.937   15.983   16.012    1.213    0.965   -5.063    1.213    0.965   -4.888   -6.144    1.171   14.019    3.969
 116.60   15.381   15.394   15.411    0.651    0.725   -5.619    0.651    0.725   -4.076   -3.660    0.472   16.264    2.749
 116.70   16.487   16.519   16.562    1.035    1.194   -4.513    1.035    1.194   -5.391   -4.673    1.237   11.434    3.620
 116.80   17.258   17.265   17.322    0.505    1.394   -3.742    0.505    1.394   -5.215   -1.889    0.703    8.100    2.795
 116.90   17.436   17.436   17.492    0.056    1.394   -3.564    0.056    1.394   -4.966   -0.200    0.078    7.323    2.485
 117.00   17.304   17.325   17.812    0.846    4.139   -3.696    0.846    4.139  -15.296   -3.127    3.502   15.752    8.000
 117.10   16.380   16.393   16.654    0.651    2.937   -4.620    0.651    2.937  -13.571   -3.007    1.912   15.199    7.016
 117.20   16.003   16.021   16.102    0.750    1.612   -4.997    0.750    1.612   -8.054   -3.745    1.208   14.063    4.482
 117.30   16.301   16.410   16.414    1.890    0.349   -4.699    1.890    0.349   -1.640   -8.883    0.660   12.888    4.529
 117.40   17.331   17.666   17.689    3.426    0.902   -3.669    3.426    0.902   -3.310  -12.572    3.091   13.009    6.682
 117.50   16.998   17.621   17.634    4.643    0.694   -4.002    4.643    0.694   -2.779  -18.581    3.224   19.027    9.531
 117.60   18.181   18.805   18.809    4.803    0.374   -2.819    4.803    0.374   -1.054  -13.538    1.796   15.576    6.849
 117.70   18.604   18.851   18.896    3.044    1.309   -2.396    3.044    1.309   -3.137   -7.294    3.985    8.361    4.442
 117.80   19.179   19.480   19.537    3.412    1.493   -1.821    3.412    1.493   -2.719   -6.214    5.094    8.594    4.241
 117.90   18.744   19.169   19.329    4.018    2.482   -2.256    4.018    2.482   -5.599   -9.066    9.970   13.696    7.296
 118.00   18.823   19.551   19.576    5.288    0.975   -2.177    5.288    0.975   -2.123  -11.515    5.155   16.829    6.397
 118.10   17.772   18.262   18.351    4.201    1.798   -3.228    4.201    1.798   -5.804  -13.559    7.555   15.650    8.286
 118.20   17.607   18.205   18.291    4.625    1.773   -3.393    4.625    1.773   -6.014  -15.691    8.198   18.021    9.349
 118.30   18.799   19.142   19.186    3.606    1.304   -2.201    3.606    1.304   -2.870   -7.939    4.702    9.776    4.831
 118.40   17.693   17.917   17.926    2.825   -0.551   -3.307    2.825   -0.551    1.821   -9.344   -1.556    9.611    4.823
 118.50   17.048   17.332   17.366    3.128   -1.085   -3.952    3.128   -1.085    4.290  -12.362   -3.395   13.291    6.759
 118.60   18.509   18.700   18.702    2.660   -0.271   -2.491    2.660   -0.271    0.675   -6.625   -0.721    6.676    3.349
 118.70   17.876   18.219   18.232    3.515   -0.712   -3.124    3.515   -0.712    2.224  -10.980   -2.502   11.309    5.739
 118.80   16.562   17.215   17.217    4.699    0.197   -4.438    4.699    0.197   -0.875  -20.855    0.926   20.909   10.447
 118.90   17.159   17.257   17.259    1.840    0.260   -3.841    1.840    0.260   -1.000   -7.066    0.479    9.103    3.576
 119.00   16.754   16.779   16.782    0.907   -0.339   -4.246    0.907   -0.339    1.438   -3.852   -0.307    9.482    2.062
 119.10   16.628   16.630   16.679    0.268   -1.278   -4.372    0.268   -1.278    5.588   -1.172   -0.343   10.410    2.860
 119.20   16.124   16.200   16.217    1.562   -0.761   -4.876    1.562   -0.761    3.709   -7.615   -1.188   13.396    4.277
 119.30   17.113   17.151   17.151    1.149    0.051   -3.887    1.149    0.051   -0.200   -4.465    0.059    8.216    2.235
 119.40   17.228   17.232   17.233    0.351    0.184   -3.772    0.351    0.184   -0.694   -1.324    0.065    7.192    0.748
 119.50   16.853   16.854   16.881    0.184    0.943   -4.147    0.184    0.943   -3.912   -0.761    0.173    9.059    1.994
 119.60   17.345   17.349   17.419   -0.346    1.566   -3.655   -0.346    1.566   -5.724    1.265   -0.542    7.965    2.943
 119.70   17.649   17.654   17.662    0.404    0.529   -3.351    0.404    0.529   -1.771   -1.355    0.214    5.836    1.120
 119.80   18.014   18.145   18.174    2.174   -1.033   -2.986    2.174   -1.033    3.085   -6.492   -2.246    7.355    3.765
 119.90   17.710   17.782   17.784    1.596   -0.257   -3.290    1.596   -0.257    0.847   -5.251   -0.411    6.718    2.667
 120.00   18.236   18.340   18.344    1.947    0.418   -2.764    1.947    0.418   -1.156   -5.380    0.814    5.802    2.781
 120.10   17.772   17.840   17.882    1.551    1.230   -3.228    1.551    1.230   -3.969   -5.006    1.907    7.167    3.333
 120.20   17.377   17.573   17.598    2.615    0.945   -3.623    2.615    0.945   -3.424   -9.473    2.471   10.427    5.186
 120.30   19.535   19.697   19.733    2.519    1.185   -1.465    2.519    1.185   -1.735   -3.690    2.985    4.948    2.526
 120.40   19.001   19.168   19.173    2.526   -0.431   -1.999    2.526   -0.431    0.861   -5.050   -1.087    5.281    2.618
 120.50   18.178   18.544   18.545    3.669   -0.193   -2.822    3.669   -0.193    0.544  -10.355   -0.708   10.732    5.197
 120.60   17.992   18.725   18.767    5.190   -1.250   -3.008    5.190   -1.250    3.760  -15.613   -6.487   18.774    8.660
 120.70   17.698   18.082   18.107    3.709   -0.952   -3.302    3.709   -0.952    3.143  -12.247   -3.530   12.782    6.564
 120.80   18.885   19.388   19.388    4.389   -0.080   -2.115    4.389   -0.080    0.169   -9.284   -0.350   11.872    4.646
 120.90   18.930   19.505   19.507    4.704   -0.217   -2.070    4.704   -0.217    0.448   -9.738   -1.018   13.228    4.901
 121.00   20.872   21.098   21.149    3.078    1.471   -0.128    3.078    1.471   -0.188   -0.393    4.529    5.828    2.275
 121.10   20.187   20.647   20.657    4.333    0.661   -0.813    4.333    0.661   -0.537   -3.522    2.863    9.934    2.285
 121.20   18.546   18.919   18.952    3.738    1.117   -2.454    3.738    1.117   -2.741   -9.172    4.174   10.620    5.222
 121.30   18.575   18.937   18.937    3.685   -0.006   -2.425    3.685   -0.006    0.015   -8.934   -0.023    9.728    4.467
 121.40   18.171   18.304   18.305    2.201    0.234   -2.829    2.201    0.234   -0.661   -6.228    0.514    6.452    3.142
 121.50   18.106   18.234   18.234    2.153   -0.121   -2.894    2.153   -0.121    0.349   -6.229   -0.260    6.511    3.122
 121.60   17.626   17.811   17.831    2.561    0.856   -3.374    2.561    0.856   -2.888   -8.640    2.192    9.337    4.685
 121.70   17.263   17.321   17.370    1.405    1.305   -3.737    1.405    1.305   -4.875   -5.249    1.833    8.819    3.697
 121.80   16.512   16.566   16.572    1.341    0.440   -4.488    1.341    0.440   -1.975   -6.018    0.590   11.067    3.181
 121.90   16.780   16.855   16.884    1.590    0.985   -4.220    1.590    0.985   -4.158   -6.710    1.567   10.654    4.024
 122.00   16.963   16.978   16.989    0.711    0.589   -4.037    0.711    0.589   -2.376   -2.869    0.418    8.573    1.874
 122.10   16.386   16.390   16.398   -0.363   -0.535   -4.614   -0.363   -0.535    2.471    1.673    0.194   10.856    1.495
 122.20   18.167   18.168   18.183    0.170    0.759   -2.833    0.170    0.759   -2.150   -0.481    0.129    4.316    1.103
 122.30   18.078   18.078   18.096    0.065    0.802   -2.922    0.065    0.802   -2.344   -0.189    0.052    4.592    1.176
 122.40   16.035   16.104   16.124   -1.489    0.806   -4.965   -1.489    0.806   -4.004    7.395   -1.201   13.762    4.248
 122.50   15.199   15.369   15.371   -2.281   -0.240   -5.801   -2.281   -0.240    1.392   13.229    0.547   19.455    6.657
 122.60   16.236   16.423   16.438   -2.476   -0.691   -4.764   -2.476   -0.691    3.291   11.799    1.710   14.654    6.184
 122.70   15.974   16.207   16.212   -2.739    0.385   -5.026   -2.739    0.385   -1.935   13.765   -1.054   16.454    6.970
 122.80   16.968   16.979   16.985   -0.622    0.460   -4.032   -0.622    0.460   -1.854    2.509   -0.286    8.429    1.566
 122.90   16.074   16.102   16.103   -0.949   -0.164   -4.926   -0.949   -0.164    0.807    4.674    0.155   12.596    2.373
 123.00   16.226   16.386   16.458   -2.286   -1.535   -4.774   -2.286   -1.535    7.330   10.915    3.510   15.189    6.804
 123.10   16.125   16.141   16.210   -0.720   -1.502   -4.875   -0.720   -1.502    7.324    3.512    1.082   13.273    4.097
 123.20   15.686   15.688   15.711    0.230   -0.841   -5.314    0.230   -0.841    4.471   -1.220   -0.193   14.498    2.319
 123.30   16.199   16.233   16.236    1.052   -0.263   -4.801    1.052   -0.263    1.264   -5.051   -0.277   12.111    2.607
 123.40   15.829   15.897   15.900    1.466    0.319   -5.171    1.466    0.319   -1.649   -7.582    0.468   14.495    3.887
 123.50   14.714   14.743   14.781    0.914    1.060   -6.286    0.914    1.060   -6.660   -5.746    0.969   20.735    4.425
 123.60   15.841   15.842   15.849   -0.142    0.492   -5.159   -0.142    0.492   -2.537    0.730   -0.070   13.438    1.321
 123.70   15.800   15.889   15.905   -1.673   -0.721   -5.200   -1.673   -0.721    3.747    8.701    1.206   15.179    4.775
 123.80   15.412   15.477   15.532   -1.425   -1.299   -5.588   -1.425   -1.299    7.259    7.963    1.851   17.474    5.466
 123.90   15.941   16.298   16.472   -3.393   -2.387   -5.059   -3.393   -2.387   12.076   17.164    8.098   21.401   11.247
 124.00   15.738   16.092   16.299   -3.355   -2.586   -5.262   -3.355   -2.586   13.608   17.650    8.676   22.813   11.958
 124.10   14.997   15.457   15.857   -3.742   -3.536   -6.003   -3.742   -3.536   21.227   22.461   13.232   31.269   16.809
 124.20   16.401   16.809   17.129   -3.681   -3.296   -4.599   -3.681   -3.296   15.159   16.930   12.133   22.783   12.880
 124.30   16.147   16.798   17.338   -4.631   -4.292   -4.853   -4.631   -4.292   20.832   22.474   19.878   31.712   18.263
 124.40   15.205   15.921   16.359   -4.723   -3.758   -5.795   -4.723   -3.758   21.780   27.369   17.749   35.007   19.612
 124.50   15.274   16.277   16.563   -5.626   -3.060   -5.726   -5.626   -3.060   17.521   32.211   17.216   36.899   20.254
 124.60   15.750   16.980   17.046   -6.343   -1.508   -5.250   -6.343   -1.508    7.918   33.296    9.567   35.031   17.768
 124.70   14.373   15.618   15.742   -6.111   -1.977   -6.627   -6.111   -1.977   13.102   40.498   12.081   42.585   22.123
 124.80   15.037   16.258   16.330   -6.183   -1.524   -5.963   -6.183   -1.524    9.086   36.869    9.421   38.054   19.562
 124.90   15.444   16.523   16.532   -5.874   -0.542   -5.556   -5.874   -0.542    3.010   32.634    3.182   32.831   16.463
 125.00   14.764   15.722   15.726   -5.404    0.350   -6.236   -5.404    0.350   -2.180   33.696   -1.889   34.103   16.909
 125.10   14.443   15.116   15.226   -4.459    1.829   -6.557   -4.459    1.829  -11.992   29.235   -8.155   33.109   16.317
 125.20   13.968   14.508   14.615   -3.923    1.763   -7.032   -3.923    1.763  -12.395   27.585   -6.914   33.972   15.511
 125.30   14.555   14.973   14.976   -3.513    0.313   -6.445   -3.513    0.313   -2.019   22.639   -1.101   26.989   11.378
 125.40   14.871   15.528   15.535   -4.468   -0.450   -6.129   -4.468   -0.450    2.757   27.383    2.010   28.863   13.798
 125.50   15.689   16.541   16.553   -5.240   -0.623   -5.311   -5.240   -0.623    3.310   27.828    3.266   28.024   14.107
 125.60   16.709   17.218   17.234   -4.156   -0.736   -4.291   -4.156   -0.736    3.159   17.834    3.060   18.114    9.184
 125.70   17.692   17.947   17.971   -3.017   -0.921   -3.308   -3.017   -0.921    3.048    9.982    2.779   10.449    5.400
 125.80   16.527   16.881   16.972   -3.437   -1.754   -4.473   -3.437   -1.754    7.845   15.374    6.029   17.449    9.141
 125.90   16.975   17.484   17.533   -4.187   -1.321   -4.025   -4.187   -1.321    5.319   16.856    5.533   17.742    9.260
 126.00   16.797   17.306   17.432   -4.164   -2.096   -4.203   -4.164   -2.096    8.810   17.500    8.729   19.698   10.725
 126.10   17.453   17.974   18.045   -4.298   -1.597   -3.547   -4.298   -1.597    5.665   15.246    6.864   16.803    8.827
 126.20   17.428   17.753   17.786   -3.386   -1.081   -3.572   -3.386   -1.081    3.860   12.096    3.659   12.697    6.607
 126.30   17.549   18.181   18.232   -4.753   -1.365   -3.451   -4.753   -1.365    4.711   16.402    6.487   18.180    9.128
 126.40   18.096   18.611   18.637   -4.348   -0.972   -2.904   -4.348   -0.972    2.822   12.626    4.226   14.142    6.805
 126.50   18.794   19.061   19.073   -3.183   -0.673   -2.206   -3.183   -0.673    1.486    7.023    2.143    7.726    3.746
 126.60   18.878   19.252   19.319   -3.775   -1.608   -2.122   -3.775   -1.608    3.411    8.008    6.068   10.667    5.305
 126.70   18.459   18.807   18.807   -3.602    0.150   -2.541   -3.602    0.150   -0.381    9.156   -0.540    9.730    4.590
 126.80   18.104   18.623   18.625   -4.367   -0.239   -2.896   -4.367   -0.239    0.691   12.647    1.042   13.758    6.354
 126.90   18.488   18.938   18.956   -4.102    0.825   -2.512   -4.102    0.825   -2.072   10.304   -3.384   11.909    5.521
 127.00   18.651   19.507   19.540   -5.715    1.133   -2.349   -5.715    1.133   -2.661   13.422   -6.475   19.728    7.569
 127.10   18.987   19.848   20.040   -5.782    2.765   -2.013   -5.782    2.765   -5.565   11.638  -15.986   22.563   10.271
 127.20   19.058   19.637   19.863   -4.731    2.987   -1.942   -4.731    2.987   -5.801    9.186  -14.133   17.538    8.913
 127.30   18.998   19.434   19.582   -4.096    2.401   -2.002   -4.096    2.401   -4.807    8.201   -9.833   13.274    6.838
 127.40   19.834   20.254   20.308   -4.106    1.475   -1.166   -4.106    1.475   -1.720    4.790   -6.055   10.199    3.955
 127.50   18.691   19.054   19.082   -3.702    1.039   -2.309   -3.702    1.039   -2.398    8.549   -3.845   10.059    4.838
 127.60   18.115   18.361   18.368   -2.996    0.514   -2.885   -2.996    0.514   -1.483    8.643   -1.540    8.781    4.452
 127.70   19.391   19.570   19.570   -2.637   -0.024   -1.609   -2.637   -0.024    0.039    4.243    0.063    4.772    2.122
 127.80   19.424   19.530   19.585   -2.033    1.471   -1.576   -2.033    1.471   -2.318    3.204   -2.989    4.390    2.479
 127.90   18.267   18.703   18.953   -4.013    3.068   -2.733   -4.013    3.068   -8.385   10.966  -12.313   16.493    9.249
 128.00   18.039   18.492   18.888   -4.065    3.847   -2.961   -4.065    3.847  -11.389   12.033  -15.637   20.043   11.391
 128.10   18.027   18.538   19.222   -4.320    5.083   -2.973   -4.320    5.083  -15.110   12.842  -21.959   26.668   14.794
 128.20   19.277   19.674   20.069   -3.933    3.965   -1.723   -3.933    3.965   -6.833    6.778  -15.593   17.079    9.162
 128.30   19.616   20.008   20.279   -3.944    3.301   -1.384   -3.944    3.301   -4.569    5.458  -13.020   14.184    7.419
 128.40   18.985   19.470   19.514   -4.321    1.306   -2.015   -4.321    1.306   -2.631    8.706   -5.641   12.216    5.351
 128.50   19.504   19.975   20.028   -4.313    1.453   -1.496   -4.313    1.453   -2.174    6.451   -6.267   11.474    4.626
 128.60   21.380   21.615   21.616   -3.181    0.187    0.380   -3.181    0.187    0.071   -1.209   -0.596    5.149    0.675
 128.70   21.636   21.791   21.838   -2.592    1.426    0.636   -2.592    1.426    0.907   -1.649   -3.695    4.578    2.074
 128.80   20.915   21.062   21.099   -2.481    1.256   -0.085   -2.481    1.256   -0.106    0.210   -3.117    3.870    1.563
 128.90   20.383   20.535   20.603   -2.487    1.682   -0.617   -2.487    1.682   -1.037    1.534   -4.183    4.698    2.287
 129.00   19.102   19.338   19.473   -3.014    2.293   -1.898   -3.014    2.293   -4.353    5.723   -6.911    8.973    4.986
 129.10   18.396   18.679   18.743   -3.238    1.553   -2.604   -3.238    1.553   -4.044    8.432   -5.029    9.839    5.309
 129.20   18.869   19.065   19.073   -2.729    0.535   -2.131   -2.729    0.535   -1.140    5.816   -1.459    6.137    3.052
 129.30   18.550   18.800   18.802   -3.058   -0.267   -2.450   -3.058   -0.267    0.655    7.494    0.817    7.714    3.783
 129.40   17.622   17.810   17.887   -2.581   -1.656   -3.378   -2.581   -1.656    5.593    8.717    4.273   10.405    5.602
 129.50   18.534   19.056   19.155   -4.427   -1.952   -2.466   -4.427   -1.952    4.812   10.916    8.640   14.743    7.365
 129.60   19.247   19.654   19.702   -3.982   -1.368   -1.753   -3.982   -1.368    2.399    6.981    5.448   10.401    4.587
 129.70   19.289   19.755   19.855   -4.264   -1.992   -1.711   -4.264   -1.992    3.408    7.295    8.496   12.540    5.852
 129.80   18.737   19.247   19.247   -4.401   -0.065   -2.263   -4.401   -0.065    0.148    9.960    0.287   12.246    4.983
 129.90   18.404   18.696   18.697   -3.292    0.189   -2.596   -3.292    0.189   -0.491    8.545   -0.623    8.806    4.291
 130.00   18.064   18.583   18.583   -4.359    0.047   -2.936   -4.359    0.047   -0.138   12.798   -0.205   13.812    6.400
 130.10   19.080   19.787   19.801   -5.239   -0.749   -1.920   -5.239   -0.749    1.438   10.056    3.924   15.845    5.445
 130.20   18.193   18.921   18.955   -5.198   -1.129   -2.807   -5.198   -1.129    3.169   14.588    5.869   18.084    8.020
 130.30   18.197   18.613   18.639   -3.913   -0.984   -2.803   -3.913   -0.984    2.759   10.969    3.851   12.069    5.974
 130.40   18.488   18.708   18.711   -2.864   -0.329   -2.512   -2.864   -0.329    0.827    7.196    0.943    7.312    3.652
 130.50   18.493   18.647   18.687   -2.390   -1.213   -2.507   -2.390   -1.213    3.040    5.992    2.899    6.734    3.659
 130.60   17.439   17.674   17.973   -2.870   -3.266   -3.561   -2.870   -3.266   11.628   10.220    9.373   15.790    9.049
 130.70   17.591   17.947   18.440   -3.557   -4.233   -3.409   -3.557   -4.233   14.428   12.125   15.056   21.094   12.061
 130.80   17.372   17.860   18.045   -4.149   -2.577   -3.628   -4.149   -2.577    9.349   15.053   10.691   18.509   10.348
 130.90   17.460   17.550   17.789   -1.781   -2.903   -3.540   -1.781   -2.903   10.278    6.305    5.170   12.067    6.560
 131.00   18.257   18.387   18.429   -2.176   -1.253   -2.743   -2.176   -1.253    3.438    5.970    2.728    6.915    3.705
 131.10   17.440   17.553   17.582   -1.987   -1.006   -3.560   -1.987   -1.006    3.580    7.073    1.998    8.815    4.088
 131.20   16.104   16.166   16.166   -1.416    0.016   -4.896   -1.416    0.016   -0.079    6.931   -0.023   12.988    3.466
 131.30   16.177   16.240   16.241   -1.432   -0.214   -4.823   -1.432   -0.214    1.034    6.906    0.307   12.681    3.495
 131.40   16.906   16.927   16.941   -0.857   -0.683   -4.094   -0.857   -0.683    2.798    3.507    0.585    8.982    2.262
 131.50   19.028   19.046   19.093   -0.834    1.337   -1.972   -0.834    1.337   -2.636    1.645   -1.115    3.186    1.651
 131.60   18.255   18.477   18.556   -2.855    1.715   -2.745   -2.855    1.715   -4.709    7.839   -4.898    9.316    5.187
 131.70   16.729   17.163   17.175   -3.834    0.640   -4.271   -3.834    0.640   -2.733   16.377   -2.454   16.677    8.392
 131.80   16.607   17.008   17.020   -3.674   -0.626   -4.393   -3.674   -0.626    2.750   16.140    2.299   16.595    8.266
 131.90   17.541   18.133   18.134   -4.595    0.163   -3.459   -4.595    0.163   -0.565   15.894   -0.751   16.553    7.961
 132.00   16.551   16.795   16.795   -2.857    0.005   -4.449   -2.857    0.005   -0.023   12.712   -0.014   13.980    6.356
 132.10   16.481   16.802   16.873   -3.268   -1.544   -4.519   -3.268   -1.544    6.978   14.766    5.046   16.741    8.547
 132.20   16.153   16.478   16.543   -3.257   -1.458   -4.847   -3.257   -1.458    7.069   15.788    4.750   18.115    8.969
 132.30   15.437   15.597   15.599   -2.229   -0.238   -5.563   -2.229   -0.238    1.322   12.401    0.530   17.986    6.241
 132.40   15.500   15.745   15.768   -2.767   -0.841   -5.500   -2.767   -0.841    4.628   15.218    2.328   19.307    8.038
 132.50   15.955   16.133   16.166   -2.388   -1.045   -5.045   -2.388   -1.045    5.273   12.050    2.496   16.125    6.694
 132.60   16.097   16.134   16.150   -1.090   -0.734   -4.903   -1.090   -0.734    3.600    5.343    0.800   12.884    3.246
 132.70   16.685   16.691   16.780   -0.444   -1.731   -4.315   -0.444   -1.731    7.471    1.914    0.768   10.908    3.875
 132.80   16.587   16.587   16.820   -0.089   -2.791   -4.413   -0.089   -2.791   12.319    0.393    0.248   13.638    6.164
 132.90   17.556   17.579   17.736   -0.899   -2.353   -3.444   -0.899   -2.353    8.105    3.097    2.116    9.104    4.465
 133.00   18.344   18.399   18.713   -1.427   -3.415   -2.656   -1.427   -3.415    9.072    3.791    4.874   10.378    5.487
 133.10   18.400   18.475   18.503   -1.659   -1.031   -2.600   -1.659   -1.031    2.682    4.314    1.711    5.288    2.680
 133.20   18.035   18.159   18.163   -2.123   -0.354   -2.965   -2.123   -0.354    1.051    6.296    0.752    6.713    3.214
 133.30   16.711   16.832   16.868   -2.010   -1.112   -4.289   -2.010   -1.112    4.769    8.619    2.234   11.834    5.050
 133.40   16.599   17.188   17.405   -4.461   -2.740   -4.401   -4.461   -2.740   12.059   19.632   12.223   23.388   13.041
 133.50   16.719   17.283   17.313   -4.381   -1.009   -4.281   -4.381   -1.009    4.319   18.754    4.420   19.268    9.873
 133.60   17.143   17.721   17.743   -4.489   -0.896   -3.857   -4.489   -0.896    3.455   17.315    4.021   17.916    9.054
 133.70   16.783   17.514   17.521   -5.005   -0.494   -4.217   -5.005   -0.494    2.084   21.103    2.474   21.536   10.675
 133.80   17.025   17.843   17.868   -5.339   -0.952   -3.975   -5.339   -0.952    3.782   21.221    5.081   22.605   11.073
 133.90   15.636   16.941   16.975   -6.522   -1.063   -5.364   -6.522   -1.063    5.702   34.985    6.932   36.220   18.059
 134.00   14.738   15.705   15.733   -5.424   -0.944   -6.262   -5.424   -0.944    5.911   33.961    5.120   34.757   17.425
 134.10   15.863   16.889   16.898   -5.796   -0.539   -5.137   -5.796   -0.539    2.768   29.771    3.123   30.134   15.031
 134.20   16.403   17.020   17.059   -4.543   -1.148   -4.597   -4.543   -1.148    5.278   20.885    5.216   21.545   11.082
 134.30   16.382   16.571   16.597   -2.493   -0.928   -4.618   -2.493   -0.928    4.285   11.512    2.313   14.200    6.250
 134.40   16.182   16.248   16.401   -1.455   -2.240   -4.818   -1.455   -2.240   10.794    7.011    3.261   15.174    6.639
 134.50   16.443   16.480   16.590   -1.106   -1.907   -4.557   -1.106   -1.907    8.692    5.040    2.110   12.814    5.133
 134.60   16.232   16.336   16.461   -1.848   -2.023   -4.768   -1.848   -2.023    9.645    8.810    3.737   15.122    6.794
 134.70   17.061   17.104   17.139   -1.213   -1.093   -3.939   -1.213   -1.093    4.304    4.776    1.325    9.090    3.282
 134.80   16.969   17.010   17.060   -1.190   -1.294   -4.031   -1.190   -1.294    5.217    4.795    1.539    9.671    3.626
 134.90   18.756   18.862   18.866   -1.996    0.378   -2.244   -1.996    0.378   -0.849    4.478   -0.755    4.580    2.310
 135.00   17.450   17.473   17.474   -0.901    0.157   -3.550   -0.901    0.157   -0.558    3.197   -0.142    6.719    1.624
 135.10   17.363   17.383   17.403    0.824    0.835   -3.637    0.824    0.835   -3.038   -2.996    0.688    7.301    2.161
 135.20   17.557   17.557   17.589   -0.029    1.057   -3.443   -0.029    1.057   -3.640    0.098   -0.030    6.486    1.821
 135.30   15.965   15.974   15.975   -0.554    0.148   -5.035   -0.554    0.148   -0.747    2.788   -0.082   12.841    1.444
 135.40   15.321   15.393   15.395   -1.493   -0.231   -5.679   -1.493   -0.231    1.313    8.476    0.345   17.267    4.292
 135.50   15.516   15.609   15.609   -1.702    0.065   -5.484   -1.702    0.065   -0.357    9.336   -0.111   16.488    4.672
 135.60   15.085   15.087   15.160   -0.208    1.490   -5.915   -0.208    1.490   -8.812    1.228   -0.309   18.623    4.451
 135.70   13.950   14.053   14.140   -1.696    1.567   -7.050   -1.696    1.567  -11.045   11.957   -2.657   27.516    8.247
 135.80   13.300   13.354   13.427   -1.198    1.398   -7.700   -1.198    1.398  -10.762    9.226   -1.675   31.338    7.137
 135.90   14.088   14.202   14.217   -1.791    0.660   -6.912   -1.791    0.660   -4.558   12.377   -1.181   25.706    6.621
 136.00   12.400   12.569   12.570   -2.056    0.173   -8.600   -2.056    0.173   -1.486   17.678   -0.355   39.108    8.872
 136.10   14.060   14.299   14.331   -2.600    0.968   -6.940   -2.600    0.968   -6.721   18.045   -2.518   27.929    9.710
 136.20   13.932   14.247   14.270   -2.976   -0.817   -7.068   -2.976   -0.817    5.775   21.035    2.432   29.739   10.974
 136.30   13.879   14.129   14.196   -2.646   -1.377   -7.121   -2.646   -1.377    9.807   18.840    3.644   29.800   10.775
 136.40   13.774   13.972   13.987   -2.346   -0.659   -7.226   -2.346   -0.659    4.759   16.953    1.545   29.080    8.838
 136.50   14.372   14.586   14.614   -2.489   -0.904   -6.628   -2.489   -0.904    5.991   16.496    2.250   25.468    8.847
 136.60   14.470   14.736   14.738   -2.789    0.207   -6.530   -2.789    0.207   -1.351   18.209   -0.577   25.229    9.134
 136.70   13.391   13.594   13.619   -2.340    0.820   -7.609   -2.340    0.820   -6.242   17.806   -1.920   32.023    9.483
 136.80   13.023   13.420   13.468   -3.240    1.136   -7.977   -3.240    1.136   -9.060   25.848   -3.681   37.709   13.818
 136.90   11.745   12.182   12.212   -3.234    0.850   -9.255   -3.234    0.850   -7.866   29.929   -2.748   48.418   15.534
 137.00   11.629   11.920   11.920   -2.618    0.026   -9.371   -2.618    0.026   -0.240   24.530   -0.067   47.337   12.266
 137.10   11.771   12.488   12.559   -4.172    1.325   -9.229   -4.172    1.325  -12.231   38.506   -5.529   52.170   20.389
 137.20   11.486   12.118   12.160   -3.865    1.006   -9.514   -3.865    1.006   -9.572   36.773   -3.888   53.238   19.098
 137.30   10.952   11.648   11.652   -3.966   -0.308  -10.048   -3.966   -0.308    3.094   39.847    1.221   58.392   19.993
 137.40   11.078   11.976   11.976   -4.551    0.040   -9.922   -4.551    0.040   -0.398   45.153   -0.182   59.581   22.577
 137.50    9.983   11.178   11.217   -5.028   -0.940  -11.017   -5.028   -0.940   10.357   55.393    4.727   73.769   28.275
 137.60   10.747   11.562   11.715   -4.266   -1.886  -10.253   -4.266   -1.886   19.334   43.740    8.044   63.443   24.247
 137.70   12.222   12.619   12.883   -3.138   -2.595   -8.778   -3.138   -2.595   22.780   27.546    8.144   46.815   18.331
 137.80   13.676   13.938   14.168   -2.693   -2.538   -7.324   -2.693   -2.538   18.587   19.725    6.835   33.669   13.976
 137.90   12.655   12.821   13.016   -2.059   -2.244   -8.345   -2.059   -2.244   18.729   17.183    4.621   39.459   12.917
 138.00   12.700   12.829   12.974   -1.816   -1.931   -8.300   -1.816   -1.931   16.027   15.070    3.506   37.956   11.138
 138.10   12.560   13.015   13.146   -3.411   -1.850   -8.440   -3.411   -1.850   15.615   28.787    6.311   43.143   16.676
 138.20   13.037   13.569   13.762   -3.763   -2.299   -7.963   -3.763   -2.299   18.309   29.965    8.651   41.431   18.083
 138.30   13.084   13.720   14.305   -4.130   -4.051   -7.916   -4.130   -4.051   32.066   32.693   16.728   48.066   24.376
 138.40   13.570   14.492   14.742   -5.086   -2.704   -7.430   -5.086   -2.704   20.087   37.789   13.751   44.189   22.475
 138.50   12.885   13.910   14.198   -5.240   -2.845   -8.115   -5.240   -2.845   23.085   42.524   14.908   50.701   25.315
 138.60   12.888   13.849   13.885   -5.070   -0.997   -8.112   -5.070   -0.997    8.087   41.125    5.054   46.251   21.108
 138.70   13.209   13.764   13.889   -3.867   -1.860   -7.791   -3.867   -1.860   14.491   30.132    7.194   39.559   17.100
 138.80   12.659   13.004   13.075   -2.974   -1.361   -8.341   -2.974   -1.361   11.348   24.810    4.047   40.135   13.790
 138.90   11.562   11.678   11.687   -1.639   -0.464   -9.438   -1.639   -0.464    4.380   15.471    0.761   45.989    8.049
 139.00   12.720   12.910   12.913   -2.206   -0.255   -8.280   -2.206   -0.255    2.108   18.268    0.562   36.743    9.199
 139.10   12.087   12.279   12.289   -2.163   -0.487   -8.913   -2.163   -0.487    4.345   19.275    1.054   42.175    9.893
 139.20   12.759   12.856   12.895   -1.576    1.007   -8.241   -1.576    1.007   -8.300   12.990   -1.587   35.710    7.748
 139.30   14.025   14.043   14.101    0.723    1.272   -6.975    0.723    1.272   -8.871   -5.046    0.920   25.399    5.124
 139.40   13.576   13.593   13.606    0.686    0.595   -7.424    0.686    0.595   -4.415   -5.093    0.408   27.971    3.376
 139.50   14.457   14.569   14.594   -1.806    0.846   -6.543   -1.806    0.846   -5.532   11.814   -1.527   23.393    6.567
 139.60   15.603   15.785   15.808   -2.384    0.860   -5.397   -2.384    0.860   -4.640   12.867   -2.050   17.773    6.915
 139.70   14.321   14.558   14.572   -2.617    0.639   -6.679   -2.617    0.639   -4.265   17.475   -1.671   25.931    9.033
 139.80   15.139   15.242   15.275   -1.775    1.003   -5.861   -1.775    1.003   -5.881   10.404   -1.781   19.257    6.042
 139.90   14.789   14.832   14.872   -1.126    1.084   -6.211   -1.126    1.084   -6.735    6.994   -1.221   20.508    4.893
 140.00   13.411   13.555   13.610   -1.971    1.217   -7.589   -1.971    1.217   -9.237   14.955   -2.399   31.476    8.870
 140.10   12.563   12.742   12.753   -2.124   -0.549   -8.437   -2.124   -0.549    4.628   17.922    1.165   37.996    9.273
 140.20   11.610   12.027   12.264   -3.140   -2.400   -9.390   -3.140   -2.400   22.538   29.484    7.537   51.895   18.934
 140.30   12.350   12.590   12.659   -2.445   -1.320   -8.650   -2.445   -1.320   11.416   21.147    3.227   41.269   12.123
 140.40   12.938   13.257   13.258   -2.890   -0.188   -8.062   -2.890   -0.188    1.514   23.299    0.543   36.693   11.677
 140.50   13.651   14.067   14.084   -3.396    0.702   -7.349   -3.396    0.702   -5.157   24.957   -2.383   33.019   12.798
 140.60   14.386   14.984   14.998   -4.189    0.654   -6.614   -4.189    0.654   -4.324   27.705   -2.739   30.859   14.087
 140.70   14.265   14.520   14.533   -2.712    0.603   -6.735   -2.712    0.603   -4.059   18.264   -1.634   26.539    9.390
 140.80   14.162   14.768   14.792   -4.189    0.834   -6.838   -4.189    0.834   -5.705   28.647   -3.495   32.503   14.709
 140.90   12.497   13.359   13.370   -4.722    0.534   -8.503   -4.722    0.534   -4.544   40.149   -2.523   47.443   20.242
 141.00   13.526   14.363   14.373   -4.831    0.525   -7.474   -4.831    0.525   -3.925   36.104   -2.537   39.733   18.202
 141.10   13.466   14.081   14.090   -4.117   -0.508   -7.534   -4.117   -0.508    3.826   31.013    2.091   36.981   15.659
 141.20   13.189   13.760   13.763   -3.922   -0.300   -7.811   -3.922   -0.300    2.342   30.637    1.176   38.243   15.374
 141.30   15.707   16.402   16.405   -4.724   -0.340   -5.293   -4.724   -0.340    1.799   25.005    1.605   25.225   12.560
 141.40   14.920   15.626   15.672   -4.644    1.207   -6.080   -4.644    1.207   -7.342   28.238   -5.608   29.999   14.856
 141.50   14.182   14.480   14.530   -2.923    1.207   -6.818   -2.923    1.207   -8.227   19.926   -3.526   28.241   10.922
 141.60   14.659   14.756   14.757   -1.693   -0.165   -6.341   -1.693   -0.165    1.045   10.735    0.279   21.551    5.395
 141.70   16.458   16.511   16.574   -1.317    1.443   -4.542   -1.317    1.443   -6.552    5.981   -1.900   12.222    4.536
 141.80   15.665   15.746   15.747   -1.596   -0.103   -5.335   -1.596   -0.103    0.551    8.517    0.165   15.511    4.268
 141.90   15.340   15.441   15.445   -1.765   -0.339   -5.660   -1.765   -0.339    1.921    9.989    0.599   17.632    5.095
 142.00   15.861   15.994   16.005   -2.059   -0.607   -5.139   -2.059   -0.607    3.119   10.583    1.250   15.511    5.552
 142.10   16.137   16.151   16.152    0.687   -0.101   -4.863    0.687   -0.101    0.491   -3.341   -0.069   12.066    1.689
 142.20   15.780   15.781   15.784   -0.170    0.312   -5.220   -0.170    0.312   -1.631    0.887   -0.053   13.689    0.928
 142.30   16.673   16.736   16.737   -1.443   -0.225   -4.327   -1.443   -0.225    0.975    6.243    0.325   10.427    3.164
 142.40   17.543   17.584   17.586   -1.201   -0.256   -3.457   -1.201   -0.256    0.885    4.153    0.308    6.729    2.129
 142.50   16.949   16.970   16.998   -0.843    0.979   -4.051   -0.843    0.979   -3.966    3.415   -0.825    9.041    2.649
 142.60   17.207   17.213   17.225   -0.442    0.659   -3.793   -0.442    0.659   -2.499    1.677   -0.291    7.508    1.511
 142.70   16.867   16.868   16.881    0.178    0.669   -4.133    0.178    0.669   -2.767   -0.734    0.119    8.780    1.433
 142.80   17.611   17.611   17.661    0.157    1.326   -3.389    0.157    1.326   -4.495   -0.532    0.208    6.635    2.266
 142.90   18.042   18.044   18.384   -0.262    3.520   -2.958   -0.262    3.520  -10.412    0.776   -0.923   10.605    5.241
 143.00   19.042   19.042   19.362   -0.130    3.505   -1.958   -0.130    3.505   -6.864    0.254   -0.454    8.070    3.442
 143.10   19.196   19.198   19.551   -0.298    3.697   -1.804   -0.298    3.697   -6.670    0.537   -1.101    8.505    3.391
 143.20   20.412   20.413   20.585   -0.206    2.661   -0.588   -0.206    2.661   -1.566    0.121   -0.548    3.735    0.832
 143.30   20.204   20.254   20.299   -1.424    1.344   -0.796   -1.424    1.344   -1.070    1.133   -1.913    2.233    1.234
 143.40   20.138   20.216   20.224   -1.779    0.546   -0.862   -1.779    0.546   -0.471    1.534   -0.972    2.103    0.938
 143.50   19.758   19.793   19.807   -1.176    0.750   -1.242   -1.176    0.750   -0.932    1.461   -0.883    1.745    0.973
 143.60   20.638   20.754   20.781   -2.192    1.060   -0.362   -2.192    1.060   -0.384    0.794   -2.323    3.030    1.242
 143.70   21.475   21.627   21.765   -2.562    2.451    0.475   -2.562    2.451    1.163   -1.216   -6.281    6.400    3.251
 143.80   20.186   20.187   20.497   -0.186    3.552   -0.814   -0.186    3.552   -2.891    0.152   -0.662    6.657    1.485
 143.90   19.625   19.628   19.801   -0.340    2.606   -1.375   -0.340    2.606   -3.582    0.467   -0.886    4.398    1.860
 144.00   18.321   18.322   18.564    0.111    2.986   -2.679    0.111    2.986   -7.999   -0.299    0.333    8.053    4.006
 144.10   17.297   17.304   17.404   -0.485    1.871   -3.703   -0.485    1.871   -6.929    1.794   -0.907    8.724    3.607
 144.20   17.182   17.207   17.424   -0.936    2.741   -3.818   -0.936    2.741  -10.465    3.573   -2.565   11.483    5.676
 144.30   18.030   18.042   18.387   -0.659    3.542   -2.970   -0.659    3.542  -10.521    1.957   -2.335   10.902    5.477
 144.40   17.851   17.852   18.309   -0.168    4.068   -3.149   -0.168    4.068  -12.809    0.528   -0.682   13.245    6.419
 144.50   18.351   18.369   18.832   -0.810    4.150   -2.649   -0.810    4.150  -10.994    2.145   -3.361   12.447    5.847
 144.60   20.761   20.774   21.067   -0.737    3.502   -0.239   -0.737    3.502   -0.836    0.176   -2.583    6.433    1.360
 144.70   19.082   19.206   19.423   -2.181    2.892   -1.918   -2.181    2.892   -5.547    4.184   -6.307    8.399    4.692
 144.80   18.253   18.486   18.583   -2.922    1.898   -2.747   -2.922    1.898   -5.213    8.026   -5.546    9.843    5.531
 144.90   18.436   18.518   18.539   -1.741    0.891   -2.564   -1.741    0.891   -2.285    4.465   -1.551    5.201    2.625
 145.00   19.063   19.197   19.217   -2.265    0.873   -1.937   -2.265    0.873   -1.692    4.387   -1.978    4.822    2.550
 145.10   20.363   20.581   20.726   -2.985    2.451   -0.637   -2.985    2.451   -1.561    1.901   -7.318    7.663    3.860
 145.20   21.045   21.060   21.421   -0.789    3.918    0.045   -0.789    3.918    0.176   -0.035   -3.090    7.987    1.548
 145.30   20.140   20.140   20.472   -0.001    3.670   -0.860   -0.001    3.670   -3.155    0.001   -0.005    7.104    1.578
 145.40   18.829   18.832   19.202   -0.364    3.748   -2.171   -0.364    3.748   -8.137    0.790   -1.364    9.446    4.144
 145.50   18.818   18.820   18.951    0.289    2.221   -2.182    0.289    2.221   -4.847   -0.630    0.642    4.890    2.465
 145.60   18.273   18.273   18.500   -0.113    2.884   -2.727   -0.113    2.884   -7.864    0.309   -0.326    7.883    3.939
 145.70   17.793   17.944   18.466   -2.325    4.357   -3.207   -2.325    4.357  -13.974    7.457  -10.131   17.338    9.401
 145.80   17.214   17.356   17.687   -2.214    3.404   -3.786   -2.214    3.404  -12.888    8.381   -7.537   15.411    8.561
 145.90   18.019   18.135   18.713   -2.046    4.615   -2.981   -2.046    4.615  -13.756    6.100   -9.444   17.185    8.883
 146.00   17.816   17.856   18.122   -1.195    3.094   -3.184   -1.195    3.094   -9.851    3.805   -3.698   10.569    5.595
 146.10   17.570   17.575   17.850    0.382    3.125   -3.430    0.382    3.125  -10.717   -1.308    1.192   10.836    5.431
 146.20   17.494   17.529   17.822    1.099    3.223   -3.506    1.099    3.223  -11.298   -3.854    3.542   11.943    6.226
 146.30   18.314   18.325   18.532    0.633    2.759   -2.686    0.633    2.759   -7.411   -1.701    1.748    7.614    3.901
 146.40   18.123   18.218   18.438    1.854    2.844   -2.877    1.854    2.844   -8.182   -5.335    5.274    9.902    5.550
 146.50   15.640   15.868   16.076    2.680    2.580   -5.360    2.680    2.580  -13.829  -14.362    6.914   21.283   10.551
 146.60   16.338   16.363   16.456    0.915    1.740   -4.662    0.915    1.740   -8.113   -4.265    1.592   12.801    4.651
 146.70   16.185   16.232   16.371    1.235    2.133   -4.815    1.235    2.133  -10.274   -5.946    2.634   14.633    6.080
 146.80   16.853   16.904   16.966    1.319    1.445   -4.147    1.319    1.445   -5.991   -5.471    1.906   10.514    4.167
 146.90   15.364   15.379   15.525    0.677    2.124   -5.636    0.677    2.124  -11.971   -3.816    1.438   18.366    6.323
 147.00   15.842   15.969   16.012    2.014    1.176   -5.158    2.014    1.176   -6.067  -10.387    2.368   16.023    6.130
 147.10   17.454   17.948   17.954    4.185    0.431   -3.546    4.185    0.431   -1.529  -14.843    1.804   15.141    7.515
 147.20   18.046   18.632   18.639    4.638    0.493   -2.954    4.638    0.493   -1.456  -13.701    2.287   15.241    6.983
 147.30   19.826   20.247   20.247    4.106   -0.080   -1.174    4.106   -0.080    0.094   -4.819   -0.329    9.120    2.416
 147.40   19.595   20.056   20.058    4.277   -0.304   -1.405    4.277   -0.304    0.428   -6.010   -1.302   10.181    3.082
 147.50   19.134   19.462   19.483    3.558    0.904   -1.866    3.558    0.904   -1.686   -6.638    3.216    8.477    3.783
 147.60   17.873   18.327   18.333    4.054    0.463   -3.127    4.054    0.463   -1.447  -12.678    1.875   13.215    6.449
 147.70   16.695   16.899   16.899    2.620    0.037   -4.305    2.620    0.037   -0.160  -11.280    0.097   12.701    5.641
 147.80   15.841   16.019   16.020    2.382   -0.132   -5.159    2.382   -0.132    0.681  -12.287   -0.314   16.151    6.155
 147.90   16.009   16.067   16.216    1.368    2.196   -4.991    1.368    2.196  -10.962   -6.827    3.004   15.804    6.629
 148.00   15.907   15.929   16.067    0.841    2.102   -5.093    0.841    2.102  -10.707   -4.282    1.768   15.533    5.833
 148.10   15.898   15.918   15.960    0.783    1.164   -5.102    0.783    1.164   -5.937   -3.997    0.912   13.997    3.607
 148.20   16.475   16.488   16.488    0.637    0.150   -4.525    0.637    0.150   -0.679   -2.883    0.096   10.451    1.482
 148.30   18.875   18.932   18.969    1.467    1.184   -2.125    1.467    1.184   -2.516   -3.118    1.737    4.035    2.183
 148.40   18.749   18.760   18.781    0.652    0.876   -2.251    0.652    0.876   -1.971   -1.468    0.571    3.130    1.262
 148.50   18.286   18.286   18.289   -0.105   -0.323   -2.714   -0.105   -0.323    0.876    0.285    0.034    3.741    0.461
 148.60   18.286   18.286   18.287    0.014   -0.204   -2.714    0.014   -0.204    0.553   -0.037   -0.003    3.705    0.277
 148.70   18.003   18.003   18.004    0.105    0.147   -2.997    0.105    0.147   -0.441   -0.314    0.015    4.507    0.271
 148.80   18.711   18.721   18.750    0.600    1.041   -2.289    0.600    1.041   -2.382   -1.372    0.624    3.341    1.410
 148.90   18.032   18.033   18.089   -0.208    1.418   -2.968   -0.208    1.418   -4.208    0.617   -0.295    5.432    2.132
 149.00   17.238   17.241   17.343   -0.332    1.876   -3.762   -0.332    1.876   -7.059    1.250   -0.623    8.893    3.598
 149.10   17.064   17.064   17.133   -0.117    1.537   -3.936   -0.117    1.537   -6.051    0.460   -0.180    8.935    3.035
 149.20   15.928   16.003   16.013   -1.544    0.566   -5.072   -1.544    0.566   -2.869    7.833   -0.874   14.213    4.193
 149.30   16.207   16.330   16.344   -2.000   -0.693   -4.793   -2.000   -0.693    3.323    9.587    1.387   13.728    5.121
 149.40   16.805   16.927   17.022   -2.034   -1.791   -4.195   -2.034   -1.791    7.513    8.532    3.642   12.472    5.969
 149.50   17.517   17.541   17.585   -0.914   -1.247   -3.483   -0.914   -1.247    4.344    3.185    1.141    7.262    2.753
 149.60   16.996   17.004   17.056   -0.534   -1.327   -4.004   -0.534   -1.327    5.314    2.140    0.709    9.041    2.886
 149.70   16.997   17.001   17.099    0.363   -1.832   -4.003    0.363   -1.832    7.335   -1.454   -0.666    9.757    3.753
 149.80   17.607   17.612   17.618    0.415   -0.467   -3.393    0.415   -0.467    1.585   -1.406   -0.194    5.951    1.064
 149.90   17.542   17.545   17.548    0.323    0.328   -3.458    0.323    0.328   -1.134   -1.119    0.106    6.085    0.798
 150.00   17.307   17.319   17.321   -0.644    0.227   -3.693   -0.644    0.227   -0.839    2.378   -0.146    7.050    1.263
 150.10   16.199   16.229   16.280   -0.972    1.292   -4.801   -0.972    1.292   -6.204    4.666   -1.256   12.830    3.932
 150.20   16.345   16.473   16.477   -2.052   -0.379   -4.655   -2.052   -0.379    1.766    9.554    0.779   13.014    4.874
 150.30   16.679   16.874   16.875   -2.561   -0.082   -4.321   -2.561   -0.082    0.355   11.068    0.210   12.620    5.538
 150.40   17.394   17.409   17.409   -0.716    0.107   -3.606   -0.716    0.107   -0.385    2.580   -0.076    6.763    1.305
 150.50   18.413   18.420   18.487   -0.527    1.574   -2.587   -0.527    1.574   -4.071    1.364   -0.830    4.724    2.187
 150.60   18.313   18.313   18.316    0.051    0.328   -2.687    0.051    0.328   -0.882   -0.138    0.017    3.665    0.446
 150.70   18.694   18.701   18.711    0.530    0.597   -2.306    0.530    0.597   -1.377   -1.222    0.316    2.978    0.934
 150.80   18.462   18.463   18.502    0.212    1.195   -2.538    0.212    1.195   -3.034   -0.538    0.253    3.958    1.546
 150.90   18.100   18.119   18.190    0.840    1.604   -2.900    0.840    1.604   -4.651   -2.435    1.347    5.844    2.710
 151.00   17.715   17.826   17.838    1.984    0.662   -3.285    1.984    0.662   -2.175   -6.517    1.314    7.582    3.497
 151.10   18.843   18.844   18.845    0.141    0.203   -2.157    0.141    0.203   -0.439   -0.303    0.029    2.356    0.267
 151.20   19.856   19.871   19.872    0.761   -0.216   -1.144    0.761   -0.216    0.247   -0.871   -0.165    0.967    0.460
 151.30   21.303   21.308   21.317    0.470   -0.638    0.303    0.470   -0.638   -0.193    0.142   -0.300    0.360    0.192
 151.40   21.958   21.989   21.992    1.181   -0.347    0.958    1.181   -0.347   -0.332    1.131   -0.410    1.216    0.624
 151.50   21.366   21.373   21.381    0.537   -0.572    0.366    0.537   -0.572   -0.210    0.197   -0.307    0.375    0.210
 151.60   21.717   21.741   21.761    1.022   -0.932    0.717    1.022   -0.932   -0.669    0.733   -0.953    1.214    0.688
 151.70   21.323   21.398   21.402    1.782   -0.449    0.323    1.782   -0.449   -0.145    0.576   -0.801    1.741    0.498
 151.80   21.449   21.493   21.498    1.370   -0.469    0.449    1.370   -0.469   -0.210    0.615   -0.642    1.150    0.457
 151.90   20.987   21.099   21.123    2.174    1.011   -0.013    2.174    1.011   -0.013   -0.029    2.197    2.873    1.099
 152.00   20.995   21.044   21.088    1.428    1.365   -0.005    1.428    1.365   -0.006   -0.007    1.948    1.950    0.974
 152.10   20.960   20.975   20.991    0.786    0.833   -0.040    0.786    0.833   -0.033   -0.031    0.655    0.657    0.329
 152.20   21.215   21.215   21.242    0.016    1.070    0.215    0.016    1.070    0.230    0.003    0.017    0.596    0.115
 152.30   20.418   20.420   20.486    0.269    1.650   -0.582    0.269    1.650   -0.960   -0.157    0.444    1.566    0.535
 152.40   22.011   22.138   22.312    2.366    2.781    1.011    2.366    2.781    2.812    2.393    6.580    7.177    3.772
 152.50   23.279   23.364   23.572    1.997    3.126    2.279    1.997    3.126    7.123    4.551    6.244    9.477    5.254
 152.60   23.935   23.935   23.957    0.191    1.023    2.935    0.191    1.023    3.003    0.559    0.195    4.848    1.531
 152.70   24.522   24.528   24.545   -0.540    0.914    3.522   -0.540    0.914    3.218   -1.901   -0.493    6.765    1.885
 152.80   23.359   23.366   23.369   -0.543    0.416    2.359   -0.543    0.416    0.980   -1.282   -0.226    3.017    0.815
 152.90   22.108   22.127   22.128   -0.912    0.238    1.108   -0.912    0.238    0.264   -1.011   -0.218    1.058    0.533
 153.00   21.801   21.822   21.889   -0.959    1.710    0.801   -0.959    1.710    1.369   -0.768   -1.640    2.243    1.135
 153.10   21.742   21.765   21.819   -1.011    1.532    0.742   -1.011    1.532    1.137   -0.750   -1.549    1.960    1.031
 153.20   19.315   19.480   19.567   -2.528    1.844   -1.685   -2.528    1.844   -3.107    4.259   -4.661    6.315    3.519
 153.30   20.826   21.293   21.311   -4.433    0.885   -0.174   -4.433    0.885   -0.154    0.770   -3.921   10.233    2.000
 153.40   20.794   21.510   21.511   -5.506    0.173   -0.206   -5.506    0.173   -0.036    1.137   -0.955   15.194    0.742
 153.50   19.974   20.601   20.601   -5.042   -0.015   -1.026   -5.042   -0.015    0.016    5.173    0.078   13.238    2.587
 153.60   21.173   21.800   21.802   -5.193    0.321    0.173   -5.193    0.321    0.055   -0.896   -1.669   13.550    0.948
 153.70   20.876   21.169   21.236   -3.508    1.686   -0.124   -3.508    1.686   -0.209    0.435   -5.913    7.580    2.966
 153.80   21.953   22.154   22.166   -2.972    0.756    0.953   -2.972    0.756    0.721   -2.833   -2.247    5.156    1.843
 153.90   21.478   21.744   21.765   -3.391    0.948    0.478   -3.391    0.948    0.453   -1.622   -3.216    6.314    1.815
 154.00   20.642   21.091   21.092   -4.331    0.150   -0.358   -4.331    0.150   -0.054    1.552   -0.650    9.455    0.842
 154.10   20.295   20.839   20.932   -4.733   -1.973   -0.705   -4.733   -1.973    1.391    3.338    9.337   13.395    5.006
 154.20   20.752   20.940   21.036   -2.799   -2.002   -0.248   -2.799   -2.002    0.496    0.693    5.603    5.952    2.834
 154.30   19.650   19.694   19.706   -1.322   -0.679   -1.350   -1.322   -0.679    0.916    1.784    0.897    2.015    1.099
 154.40   19.444   19.540   19.581   -1.933   -1.264   -1.556   -1.933   -1.264    1.966    3.007    2.442    3.877    2.172
 154.50   20.402   20.408   20.465   -0.479   -1.519   -0.598   -0.479   -1.519    0.908    0.286    0.728    1.447    0.599
 154.60   21.639   21.650   21.654   -0.701    0.411    0.639   -0.701    0.411    0.263   -0.448   -0.288    0.534    0.297
 154.70   20.788   20.798   20.802   -0.668   -0.409   -0.212   -0.668   -0.409    0.087    0.142    0.273    0.329    0.160
 154.80   20.503   20.569   20.596   -1.637   -1.059   -0.497   -1.637   -1.059    0.526    0.813    1.734    2.025    0.993
 154.90   20.606   20.748   20.751   -2.429   -0.313   -0.394   -2.429   -0.313    0.124    0.957    0.761    3.076    0.615
 155.00   20.898   21.347   21.352   -4.358   -0.465   -0.102   -4.358   -0.465    0.048    0.446    2.027    9.611    1.038
 155.10   19.825   19.956   19.963   -2.285   -0.520   -1.175   -2.285   -0.520    0.611    2.686    1.189    3.437    1.500
 155.20   20.470   20.529   20.662   -1.563   -2.343   -0.530   -1.563   -2.343    1.243    0.829    3.662    4.108    1.978
 155.30   19.807   19.848   19.938   -1.267   -1.901   -1.193   -1.267   -1.901    2.268    1.512    2.410    3.322    1.819
 155.40   20.436   20.755   20.760   -3.623   -0.481   -0.564   -3.623   -0.481    0.271    2.044    1.741    6.839    1.349
 155.50   20.815   21.322   21.346   -4.620    1.030   -0.185   -4.620    1.030   -0.191    0.855   -4.758   11.219    2.419
 155.60   20.502   21.171   21.184   -5.283    0.721   -0.498   -5.283    0.721   -0.359    2.633   -3.807   14.340    2.322
 155.70   20.840   21.245   21.262   -4.126   -0.849   -0.160   -4.126   -0.849    0.136    0.659    3.504    8.884    1.784
 155.80   20.414   21.014   21.051   -4.985    1.241   -0.586   -4.985    1.241   -0.727    2.920   -6.185   13.365    3.439
 155.90   21.427   22.019   22.077   -5.071    1.601    0.427   -5.071    1.601    0.684   -2.167   -8.118   14.231    4.215
 156.00   20.839   21.590   21.641   -5.645    1.489   -0.161   -5.645    1.489   -0.239    0.908   -8.403   17.052    4.228
 156.10   19.804   20.520   20.596   -5.373    1.768   -1.196   -5.373    1.768   -2.114    6.423   -9.502   16.712    5.831
 156.20   20.131   20.470   20.546   -3.712    1.769   -0.869   -3.712    1.769   -1.538    3.227   -6.567    8.832    3.738
 156.30   19.426   19.581   19.674   -2.462    1.915   -1.574   -2.462    1.915   -3.015    3.877   -4.716    6.105    3.404
 156.40   19.667   19.898   19.915   -3.022    0.828   -1.333   -3.022    0.828   -1.104    4.029   -2.504    5.799    2.435
 156.50   19.460   19.651   19.657   -2.731    0.500   -1.540   -2.731    0.500   -0.770    4.206   -1.366    5.040    2.244
 156.60   18.867   18.876   18.898   -0.560    0.917   -2.133   -0.560    0.917   -1.957    1.194   -0.514    2.852    1.174
 156.70   19.510   19.526   19.537   -0.798    0.633   -1.490   -0.798    0.633   -0.943    1.189   -0.505    1.629    0.800
 156.80   18.970   18.992   19.007   -0.902   -0.773   -2.030   -0.902   -0.773    1.568    1.832    0.697    2.766    1.255
 156.90   20.399   20.446   20.525   -1.397   -1.799   -0.601   -1.397   -1.799    1.082    0.840    2.515    2.776    1.432
 157.00   20.363   20.538   20.637   -2.670   -2.019   -0.637   -2.670   -2.019    1.285    1.700    5.392    5.806    2.899
 157.10   19.705   19.879   20.029   -2.620   -2.450   -1.295   -2.620   -2.450    3.172    3.392    6.419    7.271    3.961
 157.20   19.594   19.672   19.751   -1.750   -1.766   -1.406   -1.750   -1.766    2.483    2.460    3.090    4.079    2.333
 157.30   20.643   20.695   20.716   -1.475   -0.917   -0.357   -1.475   -0.917    0.328    0.527    1.353    1.573    0.744
 157.40   21.235   21.244   21.274   -0.617   -1.130    0.235   -0.617   -1.130   -0.266   -0.145    0.698    0.857    0.380
 157.50   21.155   21.156   21.168   -0.130   -0.717    0.155   -0.130   -0.717   -0.111   -0.020    0.093    0.277    0.073
 157.60   22.815   22.815   22.841    0.099   -1.075    1.815    0.099   -1.075   -1.951    0.180   -0.106    2.230    0.981
 157.70   23.619   23.640   23.642   -0.995   -0.299    2.619   -0.995   -0.299   -0.782   -2.605    0.297    3.969    1.368
 157.80   22.794   22.873   22.873   -1.894    0.039    1.794   -1.894    0.039    0.070   -3.399   -0.074    3.404    1.700
 157.90   21.966   22.092   22.131   -2.360    1.302    0.966   -2.360    1.302    1.258   -2.280   -3.073    4.100    2.014
 158.00   23.158   23.298   23.387   -2.549    2.035    2.158   -2.549    2.035    4.392   -5.501   -5.188    7.649    4.372
 158.10   22.997   23.204   23.438   -3.094    3.304    1.997   -3.094    3.304    6.597   -6.178  -10.224   12.239    6.823
 158.20   24.006   24.164   24.293   -2.759    2.502    3.006   -2.759    2.502    7.522   -8.294   -6.904   11.455    6.577
 158.30   24.114   24.204   24.237   -2.084    1.259    3.114   -2.084    1.259    3.920   -6.489   -2.623    7.813    4.011
 158.40   22.536   22.599   22.632   -1.685    1.232    1.536   -1.685    1.232    1.892   -2.588   -2.075    3.357    1.909
 158.50   22.343   22.481   22.496   -2.480    0.826    1.343   -2.480    0.826    1.110   -3.332   -2.049    4.320    2.033
 158.60   22.350   22.537   22.565   -2.898    1.137    1.350   -2.898    1.137    1.535   -3.912   -3.296    5.758    2.670
 158.70   22.900   23.232   23.280   -3.916    1.486    1.900   -3.916    1.486    2.824   -7.441   -5.822   10.579    4.930
 158.80   21.494   21.805   21.806   -3.670    0.208    0.494   -3.670    0.208    0.103   -1.813   -0.762    6.879    0.984
 158.90   20.261   20.503   20.515   -3.141    0.700   -0.739   -3.141    0.700   -0.517    2.321   -2.199    5.452    1.619
 159.00   19.494   19.584   19.590   -1.869   -0.476   -1.506   -1.869   -0.476    0.717    2.813    0.890    2.993    1.518
 159.10   18.686   18.695   18.696   -0.599    0.052   -2.314   -0.599    0.052   -0.120    1.386   -0.031    2.858    0.696
 159.20   20.113   20.118   20.118   -0.447    0.125   -0.887   -0.447    0.125   -0.111    0.396   -0.056    0.501    0.208
 159.30   20.191   20.191   20.198    0.059    0.523   -0.809    0.059    0.523   -0.423   -0.048    0.031    0.466    0.213
 159.40   19.717   19.717   19.718   -0.040   -0.206   -1.283   -0.040   -0.206    0.265    0.051    0.008    0.845    0.135
 159.50   20.842   20.842   20.845    0.036    0.331   -0.158    0.036    0.331   -0.052   -0.006    0.012    0.068    0.027
 159.60   19.915   19.917   19.943    0.278    1.017   -1.085    0.278    1.017   -1.103   -0.302    0.283    1.144    0.589
 159.70   19.292   19.293   19.378    0.113    1.821   -1.708    0.113    1.821   -3.110   -0.194    0.207    3.123    1.561
 159.80   20.744   20.768   20.862   -1.001    1.977   -0.256   -1.001    1.977   -0.507    0.257   -1.979    2.488    1.029
 159.90   21.869   21.870   21.897   -0.173    1.091    0.869   -0.173    1.091    0.948   -0.150   -0.188    0.988    0.489
 160.00   22.060   22.076   22.125   -0.838    1.475    1.060   -0.838    1.475    1.563   -0.888   -1.236    2.001    1.091
 160.10   20.905   20.971   20.983   -1.660    0.694   -0.095   -1.660    0.694   -0.066    0.157   -1.152    1.623    0.582
 160.20   21.695   21.699   21.703   -0.441    0.385    0.695   -0.441    0.385    0.268   -0.306   -0.170    0.413    0.220
 160.30   21.690   21.714   21.722   -1.031    0.567    0.690   -1.031    0.567    0.392   -0.712   -0.585    0.931    0.501
 160.40   21.877   21.877   21.888   -0.067   -0.713    0.877   -0.067   -0.713   -0.625   -0.059    0.048    0.640    0.315
 160.50   23.146   23.146   23.162   -0.116    0.847    2.146   -0.116    0.847    1.819   -0.249   -0.098    2.669    0.919
 160.60   23.928   23.935   23.943    0.589   -0.633    2.928    0.589   -0.633   -1.852    1.725   -0.373    4.659    1.279
 160.70   23.187   23.231   23.283    1.432   -1.552    2.187    1.432   -1.552   -3.393    3.130   -2.221    4.619    2.562
 160.80   22.921   22.921   23.030    0.093   -2.236    1.921    0.093   -2.236   -4.295    0.178   -0.207    4.349    2.152
 160.90   23.327   23.327   23.597   -0.107   -3.561    2.327   -0.107   -3.561   -8.284   -0.249    0.381    9.052    4.148
 161.00   23.776   23.781   23.894   -0.520   -2.323    2.776   -0.520   -2.323   -6.448   -1.443    1.208    6.686    3.359
 161.10   23.812   23.812   23.825   -0.057   -0.773    2.812   -0.057   -0.773   -2.174   -0.161    0.044    4.255    1.090
 161.20   22.910   22.911   22.970   -0.242   -1.649    1.910   -0.242   -1.649   -3.149   -0.462    0.399    3.212    1.604
 161.30   21.527   21.528   21.553    0.173   -1.025    0.527    0.173   -1.025   -0.541    0.091   -0.177    0.679    0.288
 161.40   21.076   21.082   21.169    0.526   -1.920    0.076    0.526   -1.920   -0.145    0.040   -1.010    1.984    0.510
 161.50   21.575   21.586   21.587    0.672   -0.258    0.575    0.672   -0.258   -0.148    0.387   -0.173    0.425    0.225
 161.60   21.824   21.827   21.866    0.352   -1.308    0.824    0.352   -1.308   -1.078    0.290   -0.460    1.257    0.603
 161.70   20.699   20.746   20.791    1.397   -1.376   -0.301    1.397   -1.376    0.415   -0.421   -1.923    1.968    1.006
 161.80   19.385   19.501   19.576    2.123   -1.713   -1.615    2.123   -1.713    2.766   -3.428   -3.636    5.024    2.856
 161.90   19.488   19.656   19.934    2.565   -3.320   -1.512    2.565   -3.320    5.022   -3.879   -8.516    9.945    5.310
 162.00   19.045   19.352   19.680    3.433   -3.579   -1.955    3.433   -3.579    6.998   -6.714  -12.287   14.210    7.827
 162.10   19.435   19.476   20.014    1.251   -4.610   -1.565    1.251   -4.610    7.212   -1.957   -5.766   12.631    4.719
 162.20   20.273   20.276   20.560    0.354   -3.406   -0.727    0.354   -3.406    2.476   -0.257   -1.206    6.128    1.383
 162.30   20.258   20.290   20.396    1.139   -2.074   -0.742    1.139   -2.074    1.538   -0.844   -2.362    3.074    1.471
 162.40   20.228   20.264   20.308    1.207   -1.344   -0.772    1.207   -1.344    1.038   -0.932   -1.623    1.930    1.070
 162.50   21.016   21.016   21.139   -0.150   -2.279    0.016   -0.150   -2.279   -0.036   -0.002    0.342    2.607    0.172
 162.60   22.263   22.264   22.574   -0.181   -3.726    1.263   -0.181   -3.726   -4.707   -0.228    0.673    7.756    2.380
 162.70   21.978   22.002   22.307   -1.011   -3.679    0.978   -1.011   -3.679   -3.600   -0.989    3.720    7.758    2.635
 162.80   21.592   21.628   21.939   -1.257   -3.680    0.592   -1.257   -3.680   -2.177   -0.743    4.624    7.734    2.582
 162.90   19.778   19.782   19.918   -0.368   -2.325   -1.222   -0.368   -2.325    2.840    0.450    0.856    3.516    1.500
 163.00   18.298   18.302   18.553    0.367   -3.041   -2.702    0.367   -3.041    8.215   -0.993   -1.117    8.340    4.175
 163.10   18.668   18.797   18.861    2.196   -1.561   -2.332    2.196   -1.561    3.641   -5.122   -3.429    6.350    3.579
 163.20   20.533   20.630   20.725    1.997   -1.981   -0.467    1.997   -1.981    0.924   -0.932   -3.957    4.066    2.084
 163.30   20.925   20.930   21.079    0.431   -2.503   -0.075    0.431   -2.503    0.187   -0.032   -1.079    3.229    0.548
 163.40   20.630   20.631   20.856    0.129   -3.061   -0.370    0.129   -3.061    1.132   -0.048   -0.396    4.761    0.600
 163.50   19.282   19.298   19.445   -0.770   -2.389   -1.718   -0.770   -2.389    4.103    1.323    1.840    4.625    2.344
 163.60   19.256   19.276   19.277   -0.878    0.133   -1.744   -0.878    0.133   -0.232    1.531   -0.117    1.914    0.776
 163.70   19.973   19.985   19.989   -0.691    0.397   -1.027   -0.691    0.397   -0.408    0.709   -0.274    0.845    0.431
 163.80   18.213   18.219   18.222   -0.467   -0.332   -2.787   -0.467   -0.332    0.926    1.300    0.155    4.047    0.802
 163.90   18.213   18.222   18.229   -0.567    0.512   -2.787   -0.567    0.512   -1.427    1.579   -0.290    4.174    1.074
 164.00   18.894   18.894   18.922    0.105    1.035   -2.106    0.105    1.035   -2.180   -0.221    0.108    2.759    1.097
 164.10   18.909   18.953   18.953    1.289    0.165   -2.091    1.289    0.165   -0.346   -2.696    0.213    3.032    1.363
 164.20   18.571   18.721   18.861    2.366   -2.295   -2.429    2.366   -2.295    5.574   -5.748   -5.430    8.383    4.837
 164.30   18.575   18.872   19.000    3.337   -2.204   -2.425    3.337   -2.204    5.345   -8.093   -7.354   10.937    6.086
 164.40   18.048   18.399   18.510    3.574   -2.022   -2.952    3.574   -2.022    5.968  -10.548   -7.227   12.786    7.055
 164.50   18.798   18.979   18.982    2.616   -0.312   -2.202    2.616   -0.312    0.687   -5.761   -0.816    5.896    2.930
 164.60   19.883   20.007   20.012    2.225   -0.443   -1.117    2.225   -0.443    0.494   -2.486   -0.985    3.198    1.360
 164.70   20.189   20.482   20.485    3.457   -0.344   -0.811    3.457   -0.344    0.279   -2.805   -1.189    6.364    1.530
 164.80   20.586   21.004   21.007    4.167   -0.378   -0.414    4.167   -0.378    0.156   -1.725   -1.574    8.837    1.170
 164.90   19.828   19.966   20.002    2.338    1.201   -1.172    2.338    1.201   -1.407   -2.739    2.808    4.141    2.084
 165.00   20.729   20.747   20.852    0.873    2.082   -0.271    0.873    2.082   -0.564   -0.237    1.819    2.586    0.960
 165.10   20.611   20.661   20.759    1.441    2.017   -0.389    1.441    2.017   -0.785   -0.561    2.907    3.148    1.531
 165.20   19.878   19.903   19.939    0.997    1.201   -1.122    0.997    1.201   -1.348   -1.118    1.197    1.847    1.061
 165.30   20.447   20.453   20.486   -0.505    1.163   -0.553   -0.505    1.163   -0.643    0.279   -0.588    0.957    0.458
 165.40   19.208   19.208   19.250    0.117    1.272   -1.792    0.117    1.272   -2.280   -0.209    0.148    2.422    1.147
 165.50   19.603   19.656   19.759    1.431    2.017   -1.397    1.431    2.017   -2.817   -1.999    2.887    4.033    2.251
 165.60   22.223   22.224   22.262   -0.188    1.309    1.223   -0.188    1.309    1.601   -0.230   -0.247    1.623    0.818
 165.70   19.647   19.773   19.883   -2.228    2.088   -1.353   -2.228    2.088   -2.826    3.015   -4.652    5.578    3.111
 165.80   18.571   18.635   18.784   -1.537    2.367   -2.429   -1.537    2.367   -5.749    3.734   -3.639    6.933    3.881
 165.90   19.205   19.389   19.705   -2.660    3.518   -1.795   -2.660    3.518   -6.314    4.774   -9.358   11.336    6.128
 166.00   18.992   19.240   19.727   -3.076    4.359   -2.008   -3.076    4.359   -8.754    6.177  -13.411   16.250    8.583
 166.10   18.721   19.139   19.455   -3.977    3.495   -2.279   -3.977    3.495   -7.966    9.063  -13.900   16.613    9.203
 166.20   18.878   19.299   19.644   -4.009    3.665   -2.122   -4.009    3.665   -7.775    8.506  -14.693   17.002    9.336
 166.30   18.189   18.360   18.498   -2.500    2.259   -2.811   -2.500    2.259   -6.350    7.028   -5.646    9.627    5.514
 166.40   17.727   17.863   17.971   -2.197    1.970   -3.273   -2.197    1.970   -6.447    7.190   -4.328    9.709    5.291
 166.50   19.149   19.289   19.400   -2.320    2.072   -1.851   -2.320    2.072   -3.835    4.292   -4.807    6.550    3.750
 166.60   18.542   18.813   19.036   -3.184    2.901   -2.458   -3.184    2.901   -7.131    7.827   -9.237   12.298    7.025
 166.70   18.750   19.150   19.163   -3.894    0.708   -2.250   -3.894    0.708   -1.593    8.763   -2.757   10.364    4.662
 166.80   18.888   19.190   19.216   -3.396   -0.986   -2.112   -3.396   -0.986    2.082    7.174    3.348    8.484    4.093
 166.90   18.573   18.782   18.806   -2.790   -0.955   -2.427   -2.790   -0.955    2.319    6.772    2.666    7.294    3.819
 167.00   19.422   19.565   19.587   -2.356   -0.927   -1.578   -2.356   -0.927    1.463    3.717    2.185    4.451    2.277
 167.10   19.509   19.870   20.002   -3.772   -2.290   -1.491   -3.772   -2.290    3.414    5.623    8.637   10.846    5.429
 167.20   19.120   19.710   19.831   -4.788   -2.183   -1.880   -4.788   -2.183    4.104    9.003   10.452   15.613    7.196
 167.30   20.055   20.445   20.603   -3.973   -2.542   -0.945   -3.973   -2.542    2.401    3.753   10.099   11.569    5.519
 167.40   19.755   20.417   20.484   -5.158   -1.657   -1.245   -5.158   -1.657    2.063    6.421    8.547   15.449    5.444
 167.50   21.359   21.976   22.103   -5.173   -2.367    0.359   -5.173   -2.367   -0.849   -1.856   12.244   16.246    6.206
 167.60   21.137   21.565   21.607   -4.279   -1.345    0.137   -4.279   -1.345   -0.184   -0.585    5.757   10.069    2.895
 167.70   21.804   21.968   21.973   -2.678    0.492    0.804   -2.678    0.492    0.395   -2.153   -1.317    4.030    1.278
 167.80   20.815   21.137   21.139   -3.673   -0.298   -0.185   -3.673   -0.298    0.055    0.678    1.095    6.806    0.645
 167.90   19.572   19.880   19.882   -3.489   -0.289   -1.428   -3.489   -0.289    0.413    4.984    1.010    7.149    2.551
 168.00   19.454   19.695   19.730   -3.075   -1.172   -1.546   -3.075   -1.172    1.812    4.754    3.602    6.608    3.117
 168.10   19.268   19.484   19.531   -2.891   -1.356   -1.732   -2.891   -1.356    2.348    5.007    3.919    6.597    3.389
 168.20   19.982   20.397   20.502   -4.097   -2.067   -1.018   -4.097   -2.067    2.105    4.172    8.468   11.046    4.836
 168.30   21.349   21.619   21.864   -3.406   -3.259    0.349   -3.406   -3.259   -1.138   -1.190   11.101   11.173    5.611
 168.40   20.579   20.664   21.087   -1.868   -4.201   -0.421   -1.868   -4.201    1.767    0.786    7.848   10.657    4.042
 168.50   20.451   20.605   20.749   -2.513   -2.441   -0.549   -2.513   -2.441    1.340    1.380    6.132    6.286    3.214
 168.60   20.804   20.920   20.974   -2.196   -1.509   -0.196   -2.196   -1.509    0.296    0.430    3.313    3.569    1.677
 168.70   20.105   20.132   20.230   -1.045   -1.982   -0.895   -1.045   -1.982    1.774    0.935    2.071    2.911    1.441
 168.80   20.238   20.294   20.450   -1.500   -2.523   -0.762   -1.500   -2.523    1.922    1.143    3.784    4.597    2.198
 168.90   21.389   21.474   21.542   -1.908   -1.700    0.389   -1.908   -1.700   -0.662   -0.743    3.243    3.340    1.696
 169.00   21.736   21.902   22.003   -2.691   -2.107    0.736   -2.691   -2.107   -1.550   -1.979    5.668    6.110    3.100
 169.10   22.820   22.857   22.900   -1.305   -1.391    1.820   -1.305   -1.391   -2.531   -2.376    1.815    3.475    1.959
 169.20   22.803   22.808   22.808   -0.484   -0.089    1.803   -0.484   -0.089   -0.161   -0.873    0.043    1.747    0.445
 169.30   22.103   22.111   22.226   -0.598   -2.252    1.103   -0.598   -2.252   -2.484   -0.660    1.347    3.323    1.451
 169.40   21.538   21.538   21.859    0.076   -3.731    0.538    0.076   -3.731   -2.007    0.041   -0.282    7.107    1.014
 169.50   20.761   20.792   21.085   -1.140   -3.501   -0.239   -1.140   -3.501    0.836    0.272    3.991    6.807    2.043
 169.60   19.832   19.919   20.118   -1.855   -2.824   -1.168   -1.855   -2.824    3.297    2.165    5.238    6.389    3.278
 169.70   19.077   19.098   19.202   -0.904   -1.994   -1.923   -0.904   -1.994    3.836    1.738    1.802    4.247    2.290
 169.80   18.957   19.098   19.220   -2.315   -2.164   -2.043   -2.315   -2.164    4.422    4.730    5.011    7.109    4.094
 169.90   18.593   18.718   18.753   -2.163   -1.141   -2.407   -2.163   -1.141    2.745    5.206    2.467    5.887    3.191
 170.00   19.287   19.342   19.346   -1.453   -0.415   -1.713   -1.453   -0.415    0.712    2.489    0.604    2.609    1.329
 170.10   18.222   18.229   18.236   -0.526   -0.485   -2.778   -0.526   -0.485    1.349    1.462    0.255    4.115    1.003
 170.20   16.238   16.239   16.243    0.158    0.388   -4.762    0.158    0.388   -1.849   -0.754    0.061   11.427    0.999
 170.30   17.145   17.159   17.164   -0.686   -0.446   -3.855   -0.686   -0.446    1.717    2.644    0.306    7.765    1.584
 170.40   17.735   17.741   17.853   -0.469   -1.995   -3.265   -0.469   -1.995    6.515    1.532    0.936    7.432    3.379
 170.50   17.325   17.336   17.358    0.628   -0.876   -3.675    0.628   -0.876    3.221   -2.308   -0.550    7.335    2.000
 170.60   17.396   17.399   17.425    0.337   -0.942   -3.604    0.337   -0.942    3.394   -1.213   -0.317    6.994    1.809
 170.70   18.966   19.013   19.028   -1.338   -0.755   -2.034   -1.338   -0.755    1.536    2.720    1.010    3.248    1.642
 170.80   18.902   18.908   18.954   -0.459   -1.326   -2.098   -0.459   -1.326    2.781    0.963    0.609    3.184    1.503
 170.90   18.278   18.278   18.333   -0.029   -1.419   -2.722   -0.029   -1.419    3.861    0.080    0.042    4.711    1.931
 171.00   17.623   17.624   17.726   -0.066   -1.901   -3.377   -0.066   -1.901    6.417    0.222    0.125    7.509    3.211
 171.10   18.123   18.124   18.178    0.233   -1.402   -2.877    0.233   -1.402    4.034   -0.670   -0.326    5.150    2.051
 171.20   18.579   18.581   18.595    0.295   -0.712   -2.421    0.295   -0.712    1.724   -0.714   -0.210    3.228    0.939
 171.30   18.550   18.551   18.551   -0.123    0.018   -2.450   -0.123    0.018   -0.044    0.301   -0.002    3.008    0.152
 171.40   18.956   18.958   18.976   -0.286   -0.810   -2.044   -0.286   -0.810    1.654    0.584    0.231    2.457    0.885
 171.50   19.536   19.540   19.548    0.393   -0.541   -1.464    0.393   -0.541    0.792   -0.576   -0.213    1.295    0.501
 171.60   18.386   18.401   18.416    0.744   -0.758   -2.614    0.744   -0.758    1.981   -1.945   -0.564    3.981    1.416
 171.70   19.615   19.628   19.630   -0.740    0.271   -1.385   -0.740    0.271   -0.375    1.025   -0.200    1.270    0.555
 171.80   20.986   21.028   21.028   -1.329    0.052   -0.014   -1.329    0.052   -0.001    0.018   -0.069    0.884    0.036
 171.90   21.454   21.499   21.505   -1.398   -0.484    0.454   -1.398   -0.484   -0.220   -0.635    0.677    1.198    0.477
 172.00   20.756   20.757   20.766   -0.277    0.597   -0.244   -0.277    0.597   -0.146    0.068   -0.166    0.247    0.115
 172.10   21.264   21.318   21.342    1.518    1.016    0.264    1.518    1.016    0.268    0.400    1.543    1.704    0.808
 172.20   21.066   21.067   21.088   -0.237    0.947    0.066   -0.237    0.947    0.062   -0.016   -0.224    0.478    0.116
 172.30   19.925   19.926   20.136    0.132    2.902   -1.075    0.132    2.902   -3.119   -0.142    0.382    4.797    1.573
 172.40   19.160   19.160   19.318   -0.085    2.466   -1.840   -0.085    2.466   -4.537    0.157   -0.210    4.736    2.272
 172.50   19.104   19.136   19.244   -1.106    2.037   -1.896   -1.106    2.037   -3.862    2.097   -2.253    4.484    2.469
 172.60   19.028   19.083   19.210   -1.448    2.206   -1.972   -1.448    2.206   -4.350    2.855   -3.193    5.425    3.053
 172.70   20.506   20.527   20.696   -0.917    2.640   -0.494   -0.917    2.640   -1.304    0.453   -2.421    4.028    1.393
 172.80   21.471   21.489   21.540   -0.875    1.488    0.471   -0.875    1.488    0.700   -0.412   -1.302    1.601    0.768
 172.90   21.247   21.247   21.355    0.002    2.148    0.247    0.002    2.148    0.531    0.001    0.005    2.339    0.265
 173.00   19.685   19.689   19.717    0.363    1.062   -1.315    0.363    1.062   -1.397   -0.477    0.386    1.494    0.763
 173.10   19.597   19.598   19.621   -0.247    0.952   -1.403   -0.247    0.952   -1.335    0.347   -0.236    1.468    0.700
 173.20   19.071   19.074   19.281   -0.352    2.814   -1.929   -0.352    2.814   -5.428    0.679   -0.990    5.881    2.779
 173.30   18.378   18.385   18.480    0.498    1.871   -2.622    0.498    1.871   -4.906   -1.306    0.932    5.312    2.581
 173.40   18.440   18.479   18.496    1.206    0.783   -2.560    1.206    0.783   -2.006   -3.088    0.945    4.312    1.901
 173.50   18.715   18.722   18.744    0.501    0.905   -2.285    0.501    0.905   -2.067   -1.144    0.453    3.144    1.203
 173.60   18.665   18.668   18.679    0.325    0.656   -2.335    0.325    0.656   -1.532   -0.759    0.213    2.995    0.861
 173.70   17.122   17.122   17.136    0.082   -0.693   -3.878    0.082   -0.693    2.687   -0.317   -0.057    7.762    1.353
 173.80   17.066   17.076   17.140   -0.565   -1.484   -3.934   -0.565   -1.484    5.838    2.222    0.838    8.998    3.151
 173.90   17.920   17.953   18.017   -1.078   -1.523   -3.080   -1.078   -1.523    4.689    3.319    1.641    6.482    2.987
 174.00   17.540   17.651   17.666   -1.977   -0.739   -3.460   -1.977   -0.739    2.558    6.841    1.462    8.215    3.724
 174.10   17.494   17.922   18.012   -3.893   -1.800   -3.506   -3.893   -1.800    6.309   13.647    7.006   15.342    8.294
 174.20   17.697   18.415   18.429   -5.094   -0.713   -3.303   -5.094   -0.713    2.354   16.826    3.630   18.682    8.687
 174.30   17.454   18.151   18.205   -4.979   -1.412   -3.546   -4.979   -1.412    5.005   17.654    7.029   19.678    9.825
 174.40   17.849   18.312   18.412   -4.091   -1.921   -3.151   -4.091   -1.921    6.053   12.891    7.858   15.178    8.133
 174.50   18.173   18.315   18.319   -2.277   -0.370   -2.827   -2.277   -0.370    1.047    6.438    0.843    6.657    3.288
 174.60   17.568   18.094   18.154   -4.332   -1.469   -3.432   -4.332   -1.469    5.043   14.867    6.365   16.351    8.470
 174.70   16.568   16.820   16.822   -2.900    0.257   -4.432   -2.900    0.257   -1.140   12.854   -0.746   14.060    6.463
 174.80   16.558   16.798   16.802   -2.829    0.362   -4.442   -2.829    0.362   -1.608   12.568   -1.024   13.934    6.356
 174.90   14.585   14.847   14.916   -2.778    1.436   -6.415   -2.778    1.436   -9.213   17.822   -3.989   25.467   10.228
 175.00   13.432   13.892   13.892   -3.544    0.126   -7.568   -3.544    0.126   -0.951   26.821   -0.445   34.925   13.421
 175.10   13.398   13.945   14.017   -3.868   -1.411   -7.602   -3.868   -1.411   10.723   29.402    5.456   37.368   15.884
 175.20   13.925   14.308   14.584   -3.289   -2.821   -7.075   -3.289   -2.821   19.962   23.266    9.278   34.416   16.015
 175.30   13.043   13.699   14.055   -4.190   -3.141   -7.957   -4.190   -3.141   24.994   33.337   13.159   45.368   21.847
 175.40   13.243   14.263   14.513   -5.297   -2.682   -7.757   -5.297   -2.682   20.806   41.092   14.209   47.714   24.100
 175.50   13.694   14.340   14.376   -4.258   -1.005   -7.306   -4.258   -1.005    7.345   31.110    4.280   36.261   16.125
 175.60   13.234   13.977   13.998   -4.497   -0.767   -7.766   -4.497   -0.767    5.957   34.922    3.449   40.563   17.797
 175.70   13.005   13.529   13.532   -3.730   -0.264   -7.995   -3.730   -0.264    2.110   29.824    0.984   38.955   14.957
 175.80   14.357   15.075   15.112   -4.598    1.052   -6.643   -4.598    1.052   -6.989   30.545   -4.837   33.190   15.853
 175.90   15.180   16.428   16.496   -6.280    1.492   -5.820   -6.280    1.492   -8.681   36.552   -9.368   37.770   19.359
 176.00   15.347   16.315   16.384   -5.536    1.509   -5.653   -5.536    1.509   -8.533   31.299   -8.356   32.445   16.750
 176.10   14.567   15.395   15.451   -4.980    1.310   -6.433   -4.980    1.310   -8.428   32.037   -6.525   33.950   16.882
 176.20   15.660   16.271   16.393   -4.418    1.991   -5.340   -4.418    1.991  -10.634   23.593   -8.797   26.000   13.666
 176.30   15.081   15.584   16.020   -3.927    3.714   -5.919   -3.927    3.714  -21.982   23.245  -14.584   32.125   17.580
 176.40   14.932   15.257   15.452   -3.133    2.446   -6.068   -3.133    2.446  -14.841   19.013   -7.663   26.310   12.654
 176.50   14.356   14.388   14.480   -0.959    1.634   -6.644   -0.959    1.634  -10.853    6.374   -1.567   23.866    6.342
 176.60   14.429   14.614   14.642   -2.316    0.901   -6.571   -2.316    0.901   -5.923   15.218   -2.088   24.676    8.231
 176.70   14.512   14.762   14.770   -2.705    0.493   -6.488   -2.705    0.493   -3.199   17.550   -1.334   24.827    8.945
 176.80   14.234   14.699   14.782   -3.666    1.569   -6.766   -3.666    1.569  -10.615   24.800   -5.751   30.836   13.791
 176.90   14.307   14.871   15.088   -4.056    2.550   -6.693   -4.056    2.550  -17.070   27.144  -10.343   33.875   16.846
 177.00   14.098   14.816   14.856   -4.555    1.093   -6.902   -4.555    1.093   -7.542   31.439   -4.978   34.789   16.356
 177.10   13.565   14.244   14.465   -4.347    2.517   -7.435   -4.347    2.517  -18.714   32.318  -10.940   40.256   19.458
 177.20   14.173   15.010   15.095   -4.942    1.595   -6.827   -4.942    1.595  -10.885   33.735   -7.880   36.782   18.156
 177.30   15.867   16.898   16.903   -5.813    0.410   -5.133   -5.813    0.410   -2.103   29.837   -2.381   30.152   15.003
 177.40   15.667   16.469   16.493   -5.074    0.898   -5.333   -5.074    0.898   -4.788   27.060   -4.556   27.497   13.928
 177.50   16.001   16.957   16.975   -5.613    0.780   -4.999   -5.613    0.780   -3.897   28.057   -4.376   28.549   14.331
 177.60   15.877   16.486   16.572   -4.440    1.684   -5.123   -4.440    1.684   -8.628   22.747   -7.477   24.399   12.726
 177.70   15.727   16.344   16.410   -4.446    1.477   -5.273   -4.446    1.477   -7.786   23.442   -6.565   24.874   12.779
 177.80   15.087   15.563   15.607   -3.821    1.166   -5.913   -3.821    1.166   -6.895   22.590   -4.455   25.459   12.018
 177.90   15.313   15.633   15.679   -3.144    1.207   -5.687   -3.144    1.207   -6.863   17.879   -3.794   21.840    9.761
 178.00   14.490   14.898   14.915   -3.463    0.714   -6.510   -3.463    0.714   -4.648   22.544   -2.472   27.441   11.575
 178.10   13.769   14.358   14.362   -4.070    0.313   -7.231   -4.070    0.313   -2.262   29.426   -1.273   34.470   14.770
 178.20   12.945   13.446   13.605   -3.635    2.076   -8.055   -3.635    2.076  -16.724   29.282   -7.547   41.206   17.278
 178.30   12.514   12.920   12.973   -3.213    1.171   -8.486   -3.213    1.171   -9.937   27.266   -3.763   41.852   14.632
 178.40   12.138   12.281   12.328   -1.866    1.081   -8.862   -1.866    1.081   -9.582   16.538   -2.018   41.594    9.610
 178.50   11.414   11.477   11.478   -1.199    0.180   -9.586   -1.199    0.180   -1.730   11.492   -0.216   46.678    5.812
 178.60   11.853   12.118   12.144   -2.522   -0.791   -9.147   -2.522   -0.791    7.231   23.066    1.993   45.329   12.127
 178.70   11.821   11.936   11.937   -1.655   -0.139   -9.179   -1.655   -0.139    1.278   15.192    0.230   43.510    7.624
 178.80   11.112   11.127   11.182   -0.569   -1.106   -9.888   -0.569   -1.106   10.933    5.629    0.629   49.655    6.156
 178.90   10.350   10.356   10.384   -0.369   -0.753  -10.650   -0.369   -0.753    8.025    3.927    0.278   57.065    4.469
 179.00   10.737   10.738   10.787    0.065    1.029  -10.263    0.065    1.029  -10.562   -0.670    0.067   53.192    5.291
 179.10   11.696   11.712   11.712    0.622   -0.038   -9.304    0.622   -0.038    0.351   -5.788   -0.023   43.478    2.899
 179.20   11.721   11.757   11.757    0.917   -0.108   -9.279    0.917   -0.108    1.000   -8.507   -0.099   43.478    4.283
 179.30   12.375   12.378   12.379    0.284    0.089   -8.625    0.284    0.089   -0.771   -2.446    0.025   37.240    1.282
 179.40   12.739   12.764   12.781    0.801    0.660   -8.261    0.801    0.660   -5.448   -6.614    0.528   34.661    4.293
 179.50   13.029   13.037   13.038    0.442    0.134   -7.971    0.442    0.134   -1.067   -3.523    0.059   31.871    1.841
 179.60   14.542   14.567   14.570    0.853    0.308   -6.458    0.853    0.308   -1.986   -5.511    0.262   21.265    2.932
 179.70   13.655   13.665   13.703    0.522    1.025   -7.345    0.522    1.025   -7.529   -3.831    0.535   27.635    4.232
 179.80   14.189   14.210   14.319   -0.776    1.763   -6.811   -0.776    1.763  -12.010    5.284   -1.368   25.050    6.596
 179.90   13.668   13.684   13.705   -0.656    0.758   -7.332   -0.656    0.758   -5.561    4.807   -0.497   27.381    3.684
 180.00   12.402   12.526   12.529   -1.763   -0.268   -8.598   -1.763   -0.268    2.305   15.155    0.473   38.554    7.668
 180.10   14.153   14.268   14.302   -1.810   -0.980   -6.847   -1.810   -0.980    6.708   12.396    1.774   25.559    7.103
 180.20   14.222   14.228   14.258   -0.414    0.930   -6.778   -0.414    0.930   -6.305    2.803   -0.385   23.492    3.455
 180.30   13.261   13.275   13.300   -0.614    0.811   -7.739   -0.614    0.811   -6.273    4.752   -0.498   30.465    3.943
 180.40   13.509   13.674   13.812   -2.114    1.954   -7.491   -2.114    1.954  -14.638   15.836   -4.131   32.200   10.979
 180.50   14.451   14.663   14.776   -2.479    1.830   -6.549   -2.479    1.830  -11.983   16.236   -4.537   26.190   10.341
 180.60   15.463   15.527   15.603   -1.414    1.538   -5.537   -1.414    1.538   -8.517    7.827   -2.174   17.511    5.885
 180.70   15.305   15.339   15.379   -1.027    1.110   -5.695   -1.027    1.110   -6.321    5.850   -1.140   17.362    4.344
 180.80   15.645   15.734   15.737   -1.668    0.308   -5.355   -1.668    0.308   -1.650    8.931   -0.514   15.775    4.548
 180.90   16.365   16.596   16.596   -2.763    0.008   -4.635   -2.763    0.008   -0.037   12.806   -0.022   14.560    6.403
 181.00   16.448   16.665   16.691   -2.675    0.945   -4.552   -2.675    0.945   -4.299   12.175   -2.527   14.382    6.578
 181.10   15.227   15.551   15.563   -3.154    0.610   -5.773   -3.154    0.610   -3.519   18.209   -1.923   21.822    9.323
 181.20   16.539   17.143   17.172   -4.509    1.013   -4.461   -4.509    1.013   -4.518   20.116   -4.566   20.630   10.558
 181.30   16.333   16.905   16.913   -4.360    0.504   -4.667   -4.360    0.504   -2.351   20.350   -2.197   20.523   10.301
 181.40   16.102   16.591   16.626   -4.001    1.083   -4.898   -4.001    1.083   -5.306   19.597   -4.334   20.587   10.380
 181.50   17.664   17.965   18.072   -3.272    1.970   -3.336   -3.272    1.970   -6.570   10.916   -6.445   12.857    7.139
 181.60   18.622   18.968   19.154   -3.603    2.665   -2.378   -3.603    2.665   -6.338    8.567   -9.604   12.870    7.173
 181.70   19.138   19.364   19.489   -2.950    2.203   -1.862   -2.950    2.203   -4.102    5.495   -6.499    8.512    4.724
 181.80   18.701   18.932   19.133   -2.945    2.766   -2.299   -2.945    2.766   -6.358    6.771   -8.147   10.805    6.177
 181.90   18.148   18.342   18.410   -2.658    1.586   -2.852   -2.658    1.586   -4.522    7.580   -4.215    8.856    4.891
 182.00   19.548   19.667   19.720   -2.159    1.454   -1.452   -2.159    1.454   -2.111    3.135   -3.139    4.442    2.457
 182.10   20.620   20.625   20.777   -0.485    2.510   -0.380   -0.485    2.510   -0.955    0.185   -1.218    3.339    0.779
 182.20   20.522   20.560   20.840   -1.250    3.404   -0.478   -1.250    3.404   -1.628    0.598   -4.255    6.690    2.297
 182.30   19.131   19.131   19.383   -0.043    3.119   -1.869   -0.043    3.119   -5.830    0.080   -0.133    6.611    2.916
 182.40   19.165   19.215   19.302    1.377    1.835   -1.835    1.377    1.835   -3.368   -2.527    2.527    4.316    2.455
 182.50   18.181   18.181   18.201   -0.133    0.851   -2.819   -0.133    0.851   -2.400    0.375   -0.113    4.345    1.216
 182.60   19.696   19.699   19.700   -0.301    0.181   -1.304   -0.301    0.181   -0.237    0.392   -0.055    0.911    0.231
 182.70   17.374   17.409   17.444    1.093    1.117   -3.626    1.093    1.117   -4.049   -3.962    1.220    7.793    2.897
 182.80   17.151   17.204   17.212   -1.353    0.522   -3.849   -1.353    0.522   -2.009    5.207   -0.706    8.459    2.813
 182.90   17.434   17.560   17.561   -2.102    0.207   -3.566   -2.102    0.207   -0.738    7.494   -0.435    8.588    3.772
 183.00   16.721   16.799   16.808   -1.616    0.546   -4.279   -1.616    0.546   -2.335    6.914   -0.882   10.609    3.676
 183.10   15.716   15.743   15.760   -0.920    0.735   -5.284   -0.920    0.735   -3.885    4.862   -0.676   14.652    3.130
 183.20   15.118   15.155   15.157   -1.067   -0.208   -5.882   -1.067   -0.208    1.221    6.276    0.222   17.892    3.199
 183.30   16.823   16.841   16.861   -0.783   -0.816   -4.177   -0.783   -0.816    3.409    3.270    0.639    9.364    2.384
 183.40   17.200   17.220   17.235    0.827   -0.719   -3.800    0.827   -0.719    2.734   -3.142   -0.595    7.822    2.104
 183.50   15.899   15.946   15.972    1.223   -0.913   -5.101    1.223   -0.913    4.658   -6.241   -1.117   14.177    3.934
 183.60   16.219   16.234   16.309    0.691   -1.563   -4.781    0.691   -1.563    7.472   -3.306   -1.081   12.889    4.121
 183.70   16.373   16.387   16.413    0.686   -0.921   -4.627    0.686   -0.921    4.264   -3.174   -0.632   11.366    2.677
 183.80   18.315   18.347   18.409    1.076   -1.509   -2.685    1.076   -1.509    4.052   -2.888   -1.623    5.322    2.617
 183.90   19.190   19.269   19.498    1.740   -2.984   -1.810    1.740   -2.984    5.402   -3.149   -5.192    7.605    4.064
 184.00   18.421   18.428   18.494    0.509   -1.567   -2.579    0.509   -1.567    4.042   -1.313   -0.798    4.684    2.162
 184.10   17.615   17.625   17.706    0.587   -1.684   -3.385    0.587   -1.684    5.700   -1.988   -0.989    7.318    3.059
 184.20   17.903   17.911   18.151    0.536   -2.946   -3.097    0.536   -2.946    9.126   -1.660   -1.579    9.281    4.704
 184.30   17.678   17.831   17.925    2.337   -1.824   -3.322    2.337   -1.824    6.059   -7.766   -4.263    9.914    5.366
 184.40   17.129   17.278   17.306    2.258   -0.992   -3.871    2.258   -0.992    3.838   -8.739   -2.239   10.531    4.902
 184.50   17.796   17.970   18.048    2.500   -1.669   -3.204    2.500   -1.669    5.347   -8.011   -4.172    9.651    5.248
 184.60   17.805   17.986   18.021    2.546   -1.118   -3.195    2.546   -1.118    3.571   -8.134   -2.845    8.969    4.664
 184.70   18.246   18.374   18.374    2.160   -0.117   -2.754    2.160   -0.117    0.323   -5.949   -0.254    6.132    2.982
 184.80   18.146   18.331   18.360    2.601    1.023   -2.854    2.601    1.023   -2.918   -7.423    2.660    7.978    4.204
 184.90   18.713   18.809   18.865    1.900    1.459   -2.287    1.900    1.459   -3.337   -4.346    2.772    5.485    3.070
 185.00   18.757   18.797   18.823    1.229    0.993   -2.243    1.229    0.993   -2.228   -2.757    1.221    3.765    1.875
 185.10   18.045   18.156   18.217    2.003    1.483   -2.955    2.003    1.483   -4.383   -5.919    2.972    7.472    3.971
 185.20   18.029   18.096   18.117    1.555    0.869   -2.971    1.555    0.869   -2.582   -4.619    1.351    6.000    2.731
 185.30   19.947   19.986   20.011    1.260    0.999   -1.053    1.260    0.999   -1.052   -1.327    1.258    1.847    1.055
 185.40   21.045   21.144   21.146    2.051    0.283    0.045    2.051    0.283    0.013    0.091    0.580    2.144    0.294
 185.50   21.415   21.453   21.455    1.279   -0.291    0.415    1.279   -0.291   -0.121    0.531   -0.373    0.947    0.330
 185.60   19.766   19.872   19.956    2.053   -1.822   -1.234    2.053   -1.822    2.248   -2.533   -3.739    4.527    2.522
 185.70   18.870   18.916   19.071    1.328   -2.423   -2.130    1.328   -2.423    5.163   -2.830   -3.219    6.088    3.355
 185.80   19.567   19.656   19.809    1.860   -2.459   -1.433    1.860   -2.459    3.523   -2.665   -4.575    5.781    3.180
 185.90   19.450   19.522   19.750    1.672   -2.990   -1.550    1.672   -2.990    4.633   -2.591   -4.998    7.067    3.645
 186.00   19.486   19.492   20.094    0.467   -4.881   -1.514    0.467   -4.881    7.388   -0.707   -2.279   13.165    3.882
 186.10   20.000   20.015   20.409    0.791   -3.990   -1.000    0.791   -3.990    3.991   -0.791   -3.154    8.772    2.574
 186.20   18.903   18.941   19.075    1.201   -2.260   -2.097    1.201   -2.260    4.740   -2.518   -2.713    5.474    3.007
 186.30   20.399   20.488   20.595    1.907   -2.093   -0.601    1.907   -2.093    1.258   -1.145   -3.992    4.189    2.169
 186.40   21.195   21.257   21.322    1.620   -1.673    0.195    1.620   -1.673   -0.326    0.316   -2.712    2.732    1.375
 186.50   20.089   20.137   20.163    1.382   -1.040   -0.911    1.382   -1.040    0.947   -1.259   -1.437    1.911    1.066
 186.60   19.146   19.322   19.358    2.604   -1.174   -1.854    2.604   -1.174    2.176   -4.827   -3.056    5.797    3.057
 186.70   20.042   20.074   20.074    1.120   -0.161   -0.958    1.120   -0.161    0.155   -1.072   -0.181    1.098    0.549
 186.80   20.623   20.625   20.638    0.242    0.726   -0.377    0.242    0.726   -0.273   -0.091    0.176    0.364    0.169
 186.90   20.134   20.135   20.238    0.152    2.041   -0.866    0.152    2.041   -1.767   -0.132    0.311    2.469    0.899
 187.00   20.452   20.460   20.463   -0.548    0.384   -0.548   -0.548    0.384   -0.210    0.300   -0.211    0.374    0.211
 187.10   19.698   19.708   19.718   -0.614    0.643   -1.302   -0.614    0.643   -0.837    0.799   -0.394    1.242    0.611
 187.20   20.940   20.948   20.963   -0.562   -0.796   -0.060   -0.562   -0.796    0.047    0.033    0.447    0.476    0.226
 187.30   19.898   19.901   19.918   -0.353   -0.818   -1.102   -0.353   -0.818    0.901    0.389    0.288    1.004    0.511
 187.40   19.601   19.623   19.642    0.939   -0.845   -1.399    0.939   -0.845    1.182   -1.314   -0.793    1.776    0.969
 187.50   19.139   19.139   19.151   -0.034   -0.655   -1.861   -0.034   -0.655    1.218    0.063    0.022    1.946    0.610
 187.60   19.815   19.828   19.860   -0.718    1.126   -1.185   -0.718    1.126   -1.334    0.851   -0.809    1.594    0.889
 187.70   20.474   20.526   20.585    1.461    1.564   -0.526    1.461    1.564   -0.823   -0.769    2.285    2.429    1.274
 187.80   20.760   20.760   20.831   -0.145    1.707   -0.240   -0.145    1.707   -0.410    0.035   -0.248    1.496    0.240
 187.90   20.946   20.969   20.977   -0.963    0.582   -0.054   -0.963    0.582   -0.031    0.052   -0.560    0.635    0.282
 188.00   20.975   20.990   21.076   -0.811    1.901   -0.025   -0.811    1.901   -0.048    0.020   -1.541    2.136    0.771
 188.10   21.329   21.345   21.499    0.843    2.563    0.329    0.843    2.563    0.842    0.277    2.160    3.693    1.168
 188.20   21.041   21.050   21.151    0.614    2.064    0.041    0.614    2.064    0.084    0.025    1.268    2.320    0.635
 188.30   20.013   20.013   20.019    0.051    0.505   -0.987    0.051    0.505   -0.499   -0.050    0.026    0.616    0.251
 188.40   20.569   20.577   20.632   -0.570    1.495   -0.431   -0.570    1.495   -0.643    0.246   -0.852    1.372    0.548
 188.50   19.286   19.315   19.456   -1.047    2.339   -1.714   -1.047    2.339   -4.009    1.794   -2.449    4.752    2.514
 188.60   19.769   19.854   19.907   -1.833    1.459   -1.231   -1.833    1.459   -1.796    2.256   -2.674    3.501    1.966
 188.70   19.463   19.539   19.678   -1.725    2.328   -1.537   -1.725    2.328   -3.579    2.650   -4.015    5.379    2.998
 188.80   19.178   19.180   19.303    0.307    2.173   -1.822    0.307    2.173   -3.960   -0.559    0.666    4.069    2.027
 188.90   20.022   20.023   20.120   -0.216    1.976   -0.978   -0.216    1.976   -1.933    0.212   -0.428    2.454    0.995
 189.00   20.907   20.911   21.016   -0.407    2.097   -0.093   -0.407    2.097   -0.195    0.038   -0.853    2.287    0.438
 189.10   20.001   20.001   20.007    0.102    0.472   -0.999    0.102    0.472   -0.471   -0.102    0.048    0.615    0.242
 189.20   20.266   20.324   20.328    1.537   -0.376   -0.734    1.537   -0.376    0.276   -1.129   -0.578    1.522    0.649
 189.30   20.408   20.446   20.487    1.231   -1.300   -0.592    1.231   -1.300    0.769   -0.728   -1.599    1.777    0.959
 189.40   19.862   19.865   19.975    0.340   -2.100   -1.138    0.340   -2.100    2.390   -0.387   -0.714    2.910    1.262
 189.50   20.015   20.060   20.108   -1.348   -1.387   -0.985   -1.348   -1.387    1.367    1.328    1.870    2.356    1.335
 189.60   19.597   19.603   19.607   -0.491   -0.360   -1.403   -0.491   -0.360    0.506    0.689    0.177    1.169    0.436
 189.70   18.971   18.993   19.017   -0.913   -0.962   -2.029   -0.913   -0.962    1.952    1.852    0.878    2.938    1.415
 189.80   18.168   18.176   18.238   -0.558   -1.494   -2.832   -0.558   -1.494    4.230    1.579    0.833    5.282    2.296
 189.90   18.764   18.789   18.794   -0.974   -0.444   -2.236   -0.974   -0.444    0.993    2.178    0.433    3.073    1.216
 190.00   17.670   17.681   17.702    0.615   -0.866   -3.330    0.615   -0.866    2.885   -2.047   -0.533    6.109    1.789
 190.10   18.242   18.307   18.315    1.538   -0.563   -2.758    1.538   -0.563    1.552   -4.243   -0.866    5.145    2.300
 190.20   18.387   18.559   18.578    2.519   -0.852   -2.613    2.519   -0.852    2.226   -6.583   -2.146    6.950    3.636
 190.30   18.121   18.365   18.370    2.985   -0.450   -2.879    2.985   -0.450    1.295   -8.594   -1.342    8.701    4.397
 190.40   17.422   17.783   17.789    3.563    0.464   -3.578    3.563    0.464   -1.661  -12.749    1.654   12.856    6.481
 190.50   16.999   17.468   17.549    4.022    1.680   -4.001    4.022    1.680   -6.721  -16.094    6.756   17.504    9.352
 190.60   16.504   16.653   16.677    2.221    0.897   -4.496    2.221    0.897   -4.031   -9.986    1.991   12.976    5.476
 190.70   16.780   17.151   17.171    3.548    0.844   -4.220    3.548    0.844   -3.564  -14.974    2.996   15.556    7.840
 190.80   15.234   15.479   15.486    2.743    0.458   -5.766    2.743    0.458   -2.643  -15.816    1.257   20.490    8.042
 190.90   16.227   16.228   16.281   -0.104    1.320   -4.773   -0.104    1.320   -6.302    0.498   -0.138   12.267    3.162
 191.00   16.437   16.438   16.615   -0.189    2.412   -4.563   -0.189    2.412  -11.005    0.861   -0.455   13.335    5.524
 191.10   15.244   15.244   15.317   -0.041    1.493   -5.756   -0.041    1.493   -8.592    0.236   -0.061   17.679    4.298
 191.20   15.933   15.935   15.980    0.268    1.206   -5.067    0.268    1.206   -6.112   -1.356    0.323   13.603    3.135
 191.30   15.259   15.263   15.281   -0.357    0.751   -5.741   -0.357    0.751   -4.313    2.052   -0.268   16.827    2.392
 191.40   15.542   15.546   15.553   -0.315    0.464   -5.458   -0.315    0.464   -2.534    1.721   -0.146   15.050    1.533
 191.50   14.556   14.575   14.577   -0.742   -0.261   -6.444   -0.742   -0.261    1.680    4.779    0.193   21.073    2.535
 191.60   15.503   15.503   15.542   -0.036    1.101   -5.497   -0.036    1.101   -6.052    0.200   -0.040   15.716    3.028
 191.70   16.039   16.039   16.040    0.027    0.086   -4.961    0.027    0.086   -0.427   -0.133    0.002   12.308    0.223
 191.80   14.535   14.537   14.538    0.241    0.116   -6.465    0.241    0.116   -0.748   -1.556    0.028   20.933    0.863
 191.90   14.864   14.864   14.866    0.010    0.289   -6.136    0.010    0.289   -1.773   -0.063    0.003   18.870    0.887
 192.00   15.531   15.531   15.535   -0.085    0.359   -5.469   -0.085    0.359   -1.964    0.465   -0.031   15.025    1.009
 192.10   14.391   14.393   14.397   -0.202   -0.340   -6.609   -0.202   -0.340    2.245    1.336    0.069   21.914    1.307
 192.20   15.120   15.134   15.154   -0.638   -0.780   -5.880   -0.638   -0.780    4.588    3.754    0.498   17.794    2.974
 192.30   14.414   14.446   14.621   -0.963   -2.259   -6.586   -0.963   -2.259   14.879    6.342    2.175   24.705    8.160
 192.40   14.716   14.797   15.003   -1.552   -2.473   -6.284   -1.552   -2.473   15.542    9.754    3.839   24.009    9.373
 192.50   14.102   14.170   14.507   -1.382   -3.112   -6.898   -1.382   -3.112   21.465    9.533    4.301   29.587   11.938
 192.60   14.038   14.041   14.254    0.308   -2.457   -6.962    0.308   -2.457   17.104   -2.145   -0.757   27.302    8.627
 192.70   13.300   13.339   13.372    1.022   -0.928   -7.700    1.022   -0.928    7.148   -7.867   -0.949   30.596    5.336
 192.80   14.534   14.534   14.538   -0.033    0.316   -6.466   -0.033    0.316   -2.045    0.212   -0.010   20.953    1.028
 192.90   15.965   15.971   15.974    0.435    0.342   -5.035    0.435    0.342   -1.721   -2.190    0.149   12.831    1.395
 193.00   16.331   16.343   16.392   -0.628   -1.265   -4.669   -0.628   -1.265    5.908    2.933    0.795   11.899    3.322
 193.10   16.105   16.158   16.391   -1.313   -2.755   -4.895   -1.313   -2.755   13.489    6.429    3.618   16.641    7.687
 193.20   15.127   15.348   15.358   -2.592   -0.568   -5.873   -2.592   -0.568    3.334   15.223    1.472   20.764    7.827
 193.30   12.736   12.853   12.879   -1.731    0.818   -8.264   -1.731    0.818   -6.763   14.305   -1.417   35.981    7.943
 193.40   13.670   13.783   13.792   -1.761    0.489   -7.330   -1.761    0.489   -3.583   12.909   -0.861   28.535    6.712
 193.50   13.429   13.751   13.756   -2.958    0.384   -7.571   -2.958    0.384   -2.911   22.398   -1.137   33.109   11.307
 193.60   14.478   14.633   14.637   -2.127    0.335   -6.522   -2.127    0.335   -2.186   13.871   -0.713   23.588    7.030
 193.70   15.043   15.128   15.135   -1.597    0.468   -5.957   -1.597    0.468   -2.789    9.515   -0.748   19.128    4.972
 193.80   15.115   15.128   15.173   -0.623   -1.170   -5.885   -0.623   -1.170    6.885    3.665    0.729   18.194    3.917
 193.90   13.680   13.731   13.750   -1.176   -0.734   -7.320   -1.176   -0.734    5.375    8.608    0.863   27.752    5.092
 194.00   14.440   14.601   14.681   -2.157   -1.533   -6.560   -2.157   -1.533   10.053   14.148    3.306   25.014    8.834
 194.10   15.482   15.741   15.778   -2.842   -1.080   -5.518   -2.842   -1.080    5.960   15.684    3.070   19.847    8.528
 194.20   15.352   15.385   15.435   -1.012   -1.246   -5.648   -1.012   -1.246    7.038    5.719    1.262   17.241    4.578
 194.30   15.916   15.929   16.282   -0.636   -3.372   -5.084   -0.636   -3.372   17.142    3.232    2.144   18.809    8.788
 194.40   15.689   15.689   15.886    0.066   -2.492   -5.311    0.066   -2.492   13.233   -0.348   -0.163   17.210    6.619
 194.50   15.216   15.286   15.394   -1.460   -1.818   -5.784   -1.460   -1.818   10.517    8.445    2.655   19.446    6.873
 194.60   15.109   15.171   15.215   -1.375   -1.155   -5.891   -1.375   -1.155    6.802    8.102    1.588   18.966    5.349
 194.70   15.103   15.257   15.392   -2.163   -2.036   -5.897   -2.163   -2.036   12.005   12.757    4.404   21.802    9.032
 194.80   16.542   16.645   16.957   -1.852   -3.238   -4.458   -1.852   -3.238   14.434    8.258    5.998   16.894    8.839
 194.90   18.174   18.330   18.502   -2.388   -2.513   -2.826   -2.388   -2.513    7.101    6.750    6.002   10.003    5.745
 195.00   17.847   17.944   18.063   -1.863   -2.072   -3.153   -1.863   -2.072    6.533    5.873    3.859    8.852    4.797
 195.10   18.159   18.798   18.809   -4.859   -0.641   -2.841   -4.859   -0.641    1.822   13.803    3.116   16.044    7.134
 195.20   17.803   18.159   18.159   -3.578    0.083   -3.197   -3.578    0.083   -0.267   11.441   -0.299   11.517    5.724
 195.30   17.180   17.517   17.636   -3.422   -2.040   -3.820   -3.422   -2.040    7.794   13.072    6.981   15.233    8.372
 195.40   17.658   17.972   18.157   -3.343   -2.585   -3.342   -3.343   -2.585    8.639   11.172    8.642   14.513    8.278
 195.50   18.936   19.045   19.060   -2.034   -0.742   -2.064   -2.034   -0.742    1.532    4.197    1.510    4.473    2.358
 195.60   19.606   19.991   20.007   -3.908   -0.783   -1.394   -3.908   -0.783    1.092    5.449    3.060    8.914    3.172
 195.70   17.230   17.803   17.823   -4.480   -0.844   -3.770   -4.480   -0.844    3.181   16.892    3.781   17.500    8.800
 195.80   17.764   18.275   18.275   -4.292    0.128   -3.236   -4.292    0.128   -0.413   13.889   -0.548   14.454    6.953
 195.90   17.547   18.431   18.431   -5.639    0.018   -3.453   -5.639    0.018   -0.062   19.471   -0.101   21.859    9.735
 196.00   17.114   18.120   18.186   -5.954   -1.544   -3.886   -5.954   -1.544    6.001   23.137    9.194   26.467   12.805
 196.10   17.387   18.520   18.572   -6.380   -1.386   -3.613   -6.380   -1.386    5.006   23.051    8.840   27.839   12.595
 196.20   16.649   17.317   17.331   -4.761   -0.695   -4.351   -4.761   -0.695    3.024   20.714    3.309   21.040   10.597
 196.30   15.654   16.590   16.604   -5.493   -0.682   -5.346   -5.493   -0.682    3.644   29.364    3.744   29.607   14.913
 196.40   15.294   16.168   16.245   -5.246   -1.571   -5.706   -5.246   -1.571    8.962   29.937    8.240   31.276   16.159
 196.50   15.317   16.128   16.150   -5.048   -0.841   -5.683   -5.048   -0.841    4.777   28.688    4.244   29.242   14.695
 196.60   15.888   16.515   16.517   -4.508    0.266   -5.112   -4.508    0.266   -1.358   23.043   -1.197   23.261   11.557
 196.70   16.332   17.504   17.513   -6.297   -0.583   -4.668   -6.297   -0.583    2.724   29.396    3.674   30.892   14.875
 196.80   15.839   16.670   16.671   -5.199    0.195   -5.161   -5.199    0.195   -1.009   26.833   -1.016   26.853   13.436
 196.90   15.622   16.389   16.404   -4.956   -0.690   -5.378   -4.956   -0.690    3.712   26.653    3.420   26.980   13.563
 197.00   16.908   18.039   18.040   -6.288   -0.175   -4.092   -6.288   -0.175    0.717   25.733    1.101   28.159   12.883
 197.10   17.570   18.742   18.744   -6.522   -0.274   -3.430   -6.522   -0.274    0.941   22.370    1.790   27.190   11.230
 197.20   17.472   18.928   18.935   -7.280    0.503   -3.528   -7.280    0.503   -1.773   25.685   -3.660   32.851   13.002
 197.30   17.978   19.614   19.627   -7.842    0.717   -3.022   -7.842    0.717   -2.166   23.696   -5.622   35.570   12.225
 197.40   19.682   21.244   21.329   -7.995    1.904   -1.318   -7.995    1.904   -2.510   10.538  -15.225   34.643    9.343
 197.50   19.414   20.994   21.139   -7.989    2.477   -1.586   -7.989    2.477   -3.927   12.669  -19.785   36.235   11.910
 197.60   19.803   20.847   20.930   -6.513    1.859   -1.197   -6.513    1.859   -2.224    7.794  -12.105   23.653    7.284
 197.70   18.404   19.969   19.981   -7.749    0.703   -2.596   -7.749    0.703   -1.825   20.112   -5.449   33.635   10.458
 197.80   19.134   20.509   20.626   -7.385    2.194   -1.866   -7.385    2.194   -4.096   13.784  -16.206   31.419   10.833
 197.90   20.214   22.177   22.187   -9.123    0.645   -0.786   -9.123    0.645   -0.507    7.168   -5.887   42.127    4.645
 198.00   20.996   22.830   22.830   -8.964    0.148   -0.004   -8.964    0.148   -0.001    0.036   -1.323   40.190    0.662
 198.10   19.667   20.904   20.904   -7.085    0.034   -1.333   -7.085    0.034   -0.046    9.447   -0.243   25.985    4.725
 198.20   19.507   20.641   20.679   -6.748    1.246   -1.493   -6.748    1.246   -1.861   10.076   -8.411   24.658    6.628
 198.30   19.951   20.865   20.865   -6.106   -0.013   -1.049   -6.106   -0.013    0.013    6.403    0.077   19.191    3.202
 198.40   21.428   21.956   21.963   -4.786   -0.542    0.428   -4.786   -0.542   -0.232   -2.049    2.594   11.690    1.657
 198.50   21.105   21.740   21.740   -5.215   -0.014    0.105   -5.215   -0.014   -0.001   -0.549    0.072   13.605    0.277
 198.60   21.283   22.016   22.017   -5.635   -0.192    0.283   -5.635   -0.192   -0.054   -1.593    1.083   15.937    0.964
 198.70   22.637   23.360   23.362   -5.766   -0.310    1.637   -5.766   -0.310   -0.507   -9.438    1.787   18.014    4.810
 198.80   21.650   22.317   22.318   -5.414   -0.197    0.650   -5.414   -0.197   -0.128   -3.520    1.068   14.887    1.841
 198.90   20.944   21.345   21.373   -4.115   -1.090   -0.056   -4.115   -1.090    0.061    0.229    4.487    9.063    2.247
 199.00   22.139   22.392   22.393   -3.356   -0.230    1.139   -3.356   -0.230   -0.262   -3.824    0.770    6.306    1.955
 199.10   21.913   22.091   22.091   -2.798   -0.152    0.913   -2.798   -0.152   -0.139   -2.554    0.425    4.342    1.296
 199.20   20.715   21.219   21.222   -4.596   -0.353   -0.285   -4.596   -0.353    0.101    1.311    1.620   10.666    1.043
 199.30   20.568   21.290   21.305   -5.495   -0.807   -0.432   -5.495   -0.807    0.348    2.373    4.432   15.518    2.520
 199.40   21.508   22.016   22.016   -4.702    0.047    0.508   -4.702    0.047    0.024   -2.387   -0.220   11.187    1.199
 199.50   21.287   21.782   21.782   -4.616   -0.064    0.287   -4.616   -0.064   -0.019   -1.325    0.298   10.696    0.679
 199.60   22.017   22.350   22.351   -3.846   -0.176    1.017   -3.846   -0.176   -0.178   -3.910    0.675    7.929    1.986
 199.70   23.079   23.305   23.319   -3.241    0.791    2.079   -3.241    0.791    1.645   -6.738   -2.564    7.727    3.697
 199.80   21.880   22.052   22.052   -2.751   -0.035    0.880   -2.751   -0.035   -0.031   -2.420    0.098    4.172    1.211
 199.90   23.069   23.257   23.301   -2.955    1.430    2.069   -2.955    1.430    2.958   -6.113   -4.224    7.528    3.999
 200.00   23.492   23.833   23.834   -4.016    0.298    2.492   -4.016    0.298    0.743  -10.007   -1.197   11.214    5.053
 200.10   23.388   23.748   23.753   -4.115   -0.514    2.388   -4.115   -0.514   -1.228   -9.828    2.116   11.452    5.064
 200.20   22.827   23.155   23.191   -3.883    1.288    1.827   -3.883    1.288    2.354   -7.094   -5.002   10.037    4.497
 200.30   21.871   22.087   22.187   -3.082    2.102    0.871   -3.082    2.102    1.831   -2.685   -6.479    7.339    3.624
 200.40   22.443   22.676   22.695   -3.243    0.921    1.443   -3.243    0.921    1.329   -4.679   -2.987    6.723    2.854
 200.50   21.698   21.847   21.896   -2.545    1.465    0.698   -2.545    1.465    1.022   -1.777   -3.728    4.555    2.127
 200.60   21.472   21.479   21.483   -0.533    0.416    0.472   -0.533    0.416    0.196   -0.252   -0.222    0.340    0.194
 200.70   21.011   21.015   21.023    0.399    0.601    0.011    0.399    0.601    0.007    0.004    0.240    0.260    0.120
 200.80   19.805   19.814   19.814    0.577    0.156   -1.195    0.577    0.156   -0.187   -0.690    0.090    0.893    0.360
 200.90   18.431   18.452   18.600   -0.868    2.347   -2.569   -0.868    2.347   -6.030    2.231   -2.038    6.432    3.373
 201.00   18.151   18.151   18.258    0.000    1.979   -2.849    0.000    1.979   -5.638   -0.001    0.000    6.017    2.819
 201.10   18.494   18.496   18.564   -0.235    1.592   -2.506   -0.235    1.592   -3.988    0.590   -0.375    4.434    2.025
 201.20   18.257   18.259   18.305   -0.224    1.307   -2.743   -0.224    1.307   -3.583    0.614   -0.293    4.640    1.824
 201.30   18.755   18.768   18.771   -0.699   -0.326   -2.245   -0.699   -0.326    0.732    1.570    0.228    2.817    0.873
 201.40   19.826   19.866   19.870   -1.258    0.380   -1.174   -1.258    0.380   -0.446    1.476   -0.478    1.552    0.807
 201.50   20.485   20.538   20.562   -1.472    1.006   -0.515   -1.472    1.006   -0.518    0.758   -1.481    1.722    0.871
 201.60   22.309   22.520   22.598   -3.074    1.877    1.309   -3.074    1.877    2.458   -4.025   -5.771    7.344    3.726
 201.70   21.497   21.719   21.814   -3.100    2.029    0.497   -3.100    2.029    1.008   -1.541   -6.289    6.987    3.277
 201.80   21.207   21.261   21.398   -1.517    2.420    0.207   -1.517    2.420    0.500   -0.313   -3.671    4.100    1.859
 201.90   21.487   21.586   21.727   -2.063    2.473    0.487   -2.063    2.473    1.205   -1.005   -5.102    5.305    2.669
 202.00   20.644   20.704   20.808   -1.579    2.074   -0.356   -1.579    2.074   -0.739    0.563   -3.275    3.461    1.702
 202.10   20.199   20.347   20.399   -2.455    1.460   -0.801   -2.455    1.460   -1.170    1.968   -3.584    4.400    2.126
 202.20   20.932   21.183   21.190   -3.252   -0.535   -0.068   -3.252   -0.535    0.036    0.221    1.739    5.432    0.877
 202.30   20.355   20.370   20.371   -0.780    0.185   -0.645   -0.780    0.185   -0.119    0.503   -0.144    0.529    0.268
 202.40   19.424   19.465   19.466   -1.262   -0.199   -1.576   -1.262   -0.199    0.314    1.989    0.251    2.059    1.015
 202.50   19.457   19.468   19.473   -0.647    0.452   -1.543   -0.647    0.452   -0.697    0.999   -0.293    1.502    0.626
 202.60   18.198   18.201   18.210   -0.330    0.587   -2.802   -0.330    0.587   -1.645    0.925   -0.194    4.153    0.949
 202.70   18.011   18.024   18.052   -0.690    1.009   -2.989   -0.690    1.009   -3.016    2.062   -0.696    5.215    1.860
 202.80   17.011   17.036   17.038   -0.926   -0.285   -3.989   -0.926   -0.285    1.138    3.696    0.264    8.427    1.938
 202.90   17.102   17.197   17.255   -1.803    1.414   -3.898   -1.803    1.414   -5.512    7.028   -2.550   10.222    4.644
 203.00   17.372   17.432   17.482   -1.452    1.317   -3.628   -1.452    1.317   -4.779    5.269   -1.913    8.504    3.683
 203.10   17.586   17.664   17.669   -1.652    0.445   -3.414   -1.652    0.445   -1.518    5.640   -0.735    7.290    2.944
 203.20   18.768   18.780   18.783   -0.655   -0.365   -2.232   -0.655   -0.365    0.815    1.461    0.239    2.771    0.845
 203.30   18.474   18.506   18.568   -1.093    1.518   -2.526   -1.093    1.518   -3.834    2.760   -1.658    4.939    2.503
 203.40   19.359   19.403   19.424   -1.295    0.908   -1.641   -1.295    0.908   -1.491    2.125   -1.177    2.597    1.425
 203.50   18.099   18.169   18.175   -1.591    0.467   -2.901   -1.591    0.467   -1.353    4.616   -0.742    5.582    2.434
 203.60   17.867   17.959   17.959   -1.818    0.059   -3.133   -1.818    0.059   -0.183    5.695   -0.106    6.562    2.850
 203.70   19.327   19.367   19.380   -1.238   -0.705   -1.673   -1.238   -0.705    1.179    2.071    0.873    2.414    1.269
 203.80   19.494   19.595   19.600   -1.988   -0.437   -1.506   -1.988   -0.437    0.658    2.994    0.868    3.206    1.593
 203.90   19.535   19.593   19.611   -1.506   -0.835   -1.465   -1.506   -0.835    1.223    2.206    1.257    2.555    1.409
 204.00   20.006   20.135   20.153   -2.273   -0.861   -0.994   -2.273   -0.861    0.855    2.259    1.957    3.448    1.554
 204.10   19.777   19.917   19.951   -2.356   -1.173   -1.223   -2.356   -1.173    1.435    2.881    2.764    4.211    2.121
 204.20   20.621   20.720   20.720   -2.019   -0.021   -0.379   -2.019   -0.021    0.008    0.765    0.043    2.110    0.383
 204.30   20.394   20.410   20.445   -0.809   -1.197   -0.606   -0.809   -1.197    0.725    0.490    0.968    1.227    0.653
 204.40   20.400   20.500   20.625   -2.023   -2.267   -0.600   -2.023   -2.267    1.360    1.214    4.586    4.796    2.468
 204.50   20.590   20.650   20.673   -1.581   -0.968   -0.410   -1.581   -0.968    0.397    0.648    1.530    1.802    0.854
 204.60   19.117   19.203   19.230   -1.813   -1.028   -1.883   -1.813   -1.028    1.936    3.413    1.864    3.944    2.172
 204.70   19.626   19.658   19.698   -1.124   -1.245   -1.374   -1.124   -1.245    1.711    1.544    1.400    2.351    1.348
 204.80   19.003   19.005   19.010    0.286   -0.430   -1.997    0.286   -0.430    0.859   -0.571   -0.123    2.127    0.519
 204.90   18.039   18.080   18.101   -1.220   -0.875   -2.961   -1.220   -0.875    2.592    3.614    1.068    5.513    2.287
 205.00   17.528   17.635   17.654   -1.939   -0.818   -3.472   -1.939   -0.818    2.841    6.732    1.587    8.241    3.738
 205.10   18.044   18.176   18.177   -2.182   -0.247   -2.956   -2.182   -0.247    0.730    6.448    0.539    6.778    3.256
 205.20   18.345   18.509   18.531   -2.459   -0.903   -2.655   -2.459   -0.903    2.397    6.526    2.220    6.953    3.649
 205.30   16.510   16.800   16.807   -3.110   -0.475   -4.490   -3.110   -0.475    2.132   13.965    1.477   15.030    7.102
 205.40   16.586   16.604   16.606   -0.771   -0.302   -4.414   -0.771   -0.302    1.331    3.402    0.233   10.085    1.831
 205.50   16.776   16.777   16.799    0.145   -0.873   -4.224    0.145   -0.873    3.689   -0.614   -0.127    9.313    1.871
 205.60   17.289   17.289   17.289    0.004   -0.037   -3.711    0.004   -0.037    0.137   -0.015   -0.000    6.886    0.069
 205.70   18.870   18.873   18.904   -0.348   -1.081   -2.130   -0.348   -1.081    2.303    0.742    0.376    2.914    1.224
 205.80   17.782   17.782   17.783    0.062   -0.204   -3.218    0.062   -0.204    0.655   -0.199   -0.013    5.201    0.343
 205.90   16.739   16.796   16.797   -1.378   -0.241   -4.261   -1.378   -0.241    1.028    5.872    0.332   10.057    2.986
 206.00   17.254   17.287   17.394    1.054   -1.934   -3.746    1.054   -1.934    7.242   -3.949   -2.038    9.440    4.248
 206.10   17.879   17.881   17.884    0.305   -0.314   -3.121    0.305   -0.314    0.980   -0.953   -0.096    4.967    0.685
 206.20   18.357   18.375   18.380    0.811    0.412   -2.643    0.811    0.412   -1.088   -2.143    0.334    3.906    1.213
 206.30   17.300   17.303   17.304    0.368    0.151   -3.700    0.368    0.151   -0.557   -1.361    0.055    6.926    0.736
 206.40   17.846   17.846   17.847   -0.071   -0.202   -3.154   -0.071   -0.202    0.637    0.223    0.014    4.997    0.338
 206.50   18.523   18.590   18.591    1.584    0.051   -2.477    1.584    0.051   -0.127   -3.923    0.081    4.323    1.963
 206.60   19.013   19.035   19.063    0.926    1.030   -1.987    0.926    1.030   -2.047   -1.840    0.954    2.934    1.456
 206.70   19.116   19.166   19.280    1.386    2.091   -1.884    1.386    2.091   -3.940   -2.612    2.899    4.922    2.772
 206.80   19.773   19.875   19.936    2.004    1.561   -1.227    2.004    1.561   -1.915   -2.458    3.129    3.979    2.208
 206.90   19.727   19.787   19.932    1.542    2.399   -1.273    1.542    2.399   -3.055   -1.963    3.699    4.877    2.592
 207.00   19.996   20.080   20.139    1.833    1.538   -1.004    1.833    1.538   -1.544   -1.840    2.818    3.366    1.852
 207.10   21.971   22.059   22.199    1.966    2.490    0.971    1.966    2.490    2.418    1.908    4.896    5.505    2.892
 207.20   21.851   21.991   22.047    2.470    1.570    0.851    2.470    1.570    1.337    2.103    3.878    4.645    2.305
 207.30   22.084   22.111   22.162    1.079    1.509    1.084    1.079    1.509    1.636    1.170    1.628    2.308    1.294
 207.40   22.297   22.297   22.370    0.137    1.803    1.297    0.137    1.803    2.337    0.178    0.247    2.475    1.179
 207.50   22.592   22.592   22.631   -0.120    1.336    1.592   -0.120    1.336    2.127   -0.191   -0.160    2.167    1.071
 207.60   22.531   22.534   22.673    0.353    2.510    1.531    0.353    2.510    3.844    0.541    0.887    4.386    1.991
 207.70   22.032   22.063   22.177    1.181    2.241    1.032    1.181    2.241    2.313    1.218    2.646    3.741    1.860
 207.80   22.063   22.072   22.157    0.617    1.947    1.063    0.617    1.947    2.070    0.656    1.202    2.651    1.241
 207.90   22.616   22.650   22.715   -1.243    1.708    1.616   -1.243    1.708    2.761   -2.009   -2.123    3.537    2.010
 208.00   22.328   22.414   22.418   -1.964    0.384    1.328   -1.964    0.384    0.510   -2.608   -0.754    2.884    1.381
 208.10   22.271   22.334   22.343   -1.678   -0.612    1.271   -1.678   -0.612   -0.778   -2.133    1.027    2.403    1.246
 208.20   22.275   22.298   22.301   -1.016   -0.342    1.275   -1.016   -0.342   -0.436   -1.296    0.347    1.388    0.705
 208.30   23.383   23.389   23.398   -0.514    0.644    2.383   -0.514    0.644    1.535   -1.225   -0.331    3.179    0.996
 208.40   24.001   24.001   24.033    0.062    1.248    3.001    0.062    1.248    3.746    0.186    0.078    5.283    1.876
 208.50   24.743   24.767   24.843   -1.090    1.945    3.743   -1.090    1.945    7.280   -4.079   -2.120    9.490    4.305
 208.60   25.679   25.719   25.765   -1.448    1.526    4.679   -1.448    1.526    7.139   -6.776   -2.210   13.157    5.044
 208.70   24.589   24.663   24.738   -1.912    1.918    3.589   -1.912    1.918    6.883   -6.860   -3.666   10.106    5.193
 208.80   23.391   23.398   23.418   -0.557    0.975    2.391   -0.557    0.975    2.331   -1.331   -0.542    3.489    1.369
 208.90   23.179   23.189   23.232   -0.687    1.412    2.179   -0.687    1.412    3.076   -1.497   -0.970    3.606    1.778
 209.00   23.478   23.519   23.560   -1.381    1.387    2.478   -1.381    1.387    3.437   -3.423   -1.915    4.987    2.608
 209.10   23.059   23.144   23.175   -1.983    1.204    2.059   -1.983    1.204    2.479   -4.083   -2.387    4.811    2.670
 209.20   22.497   22.540   22.557   -1.390    0.870    1.497   -1.390    0.870    1.303   -2.082   -1.210    2.466    1.369
 209.30   23.686   23.688   23.688    0.242    0.198    2.686    0.242    0.198    0.533    0.650    0.048    3.657    0.421
 209.40   23.038   23.090   23.090    1.552   -0.120    2.038    1.552   -0.120   -0.244    3.162   -0.186    3.287    1.588
 209.50   23.030   23.045   23.045    0.828    0.134    2.030    0.828    0.134    0.271    1.681    0.111    2.412    0.853
 209.60   23.281   23.319   23.321    1.335    0.336    2.281    1.335    0.336    0.766    3.045    0.448    3.548    1.586
 209.70   22.669   22.693   22.699    1.057    0.511    1.669    1.057    0.511    0.853    1.764    0.541    2.082    1.016
 209.80   23.735   23.838   23.855    2.212   -0.903    2.735    2.212   -0.903   -2.471    6.049   -1.998    6.594    3.417
 209.90   24.220   24.271   24.337    1.579   -1.791    3.220    1.579   -1.791   -5.766    5.083   -2.827    8.034    4.095
 210.00   22.916   22.951   23.054    1.255   -2.183    1.916    1.255   -2.183   -4.184    2.405   -2.741    5.008    2.775
 210.10   23.139   23.182   23.461    1.403   -3.607    2.139    1.403   -3.607   -7.717    3.000   -5.059    9.778    4.851
 210.20   22.267   22.267   22.473    0.099   -3.029    1.267    0.099   -3.029   -3.839    0.125   -0.300    5.396    1.926
 210.30   21.053   21.059   21.109   -0.525   -1.445    0.053   -0.525   -1.445   -0.076   -0.028    0.759    1.183    0.382
 210.40   20.972   20.980   21.006    0.566   -1.037   -0.028    0.566   -1.037    0.029   -0.016   -0.586    0.698    0.294
 210.50   20.812   20.831   21.006    0.887   -2.711   -0.188    0.887   -2.711    0.510   -0.167   -2.406    4.086    1.232
 210.60   20.234   20.236   20.357   -0.281   -2.211   -0.766   -0.281   -2.211    1.693    0.215    0.621    2.777    0.908
 210.70   20.736   20.804   20.834   -1.687   -1.117   -0.264   -1.687   -1.117    0.295    0.446    1.885    2.082    0.980
 210.80   20.673   20.836   20.871   -2.604   -1.195   -0.327   -2.604   -1.195    0.391    0.852    3.112    4.158    1.625
 210.90   20.780   20.802   20.867   -0.957   -1.648   -0.220   -0.957   -1.648    0.362    0.210    1.578    1.841    0.816
 211.00   21.452   21.454   21.513   -0.317   -1.584    0.452   -0.317   -1.584   -0.716   -0.143    0.502    1.407    0.443
 211.10   21.767   21.793   21.966   -1.078   -2.747    0.767   -1.078   -2.747   -2.106   -0.826    2.960    4.647    1.863
 211.20   21.969   21.994   21.996   -1.042    0.320    0.969   -1.042    0.320    0.310   -1.010   -0.333    1.064    0.554
 211.30   22.146   22.211   22.215   -1.706    0.396    1.146   -1.706    0.396    0.453   -1.955   -0.675    2.190    1.059
 211.40   22.548   22.667   22.672   -2.324   -0.436    1.548   -2.324   -0.436   -0.675   -3.597    1.014    3.993    1.899
 211.50   23.355   23.496   23.509   -2.574   -0.764    2.355   -2.574   -0.764   -1.800   -6.061    1.967    6.377    3.311
 211.60   22.979   23.237   23.238   -3.452   -0.266    1.979   -3.452   -0.266   -0.526   -6.831    0.918    7.952    3.456
 211.70   23.259   23.411   23.427   -2.662    0.879    2.259   -2.662    0.879    1.985   -6.013   -2.340    6.480    3.375
 211.80   23.667   23.987   24.023   -3.901    1.327    2.667   -3.901    1.327    3.539  -10.404   -5.176   12.045    6.074
 211.90   24.057   24.421   24.464   -4.201    1.441    3.057   -4.201    1.441    4.405  -12.843   -6.054   14.535    7.433
 212.00   24.611   25.048   25.096   -4.657    1.547    3.611   -4.657    1.547    5.588  -16.817   -7.206   18.561    9.565
 212.10   23.194   23.663   23.714   -4.686    1.561    2.194   -4.686    1.561    3.425  -10.282   -7.314   14.605    6.537
 212.20   23.375   23.646   23.648   -3.571   -0.297    2.375   -3.571   -0.297   -0.706   -8.482    1.061    9.242    4.289
 212.30   24.112   24.588   24.590   -4.811   -0.303    3.112   -4.811   -0.303   -0.943  -14.973    1.458   16.460    7.537
 212.40   23.999   24.442   24.452   -4.630   -0.697    2.999   -4.630   -0.697   -2.092  -13.886    3.229   15.459    7.205
 212.50   25.028   25.288   25.289   -3.615   -0.213    4.028   -3.615   -0.213   -0.857  -14.564    0.769   14.672    7.305
 212.60   24.423   24.734   24.743   -3.909   -0.655    3.423   -3.909   -0.655   -2.241  -13.383    2.559   13.715    6.904
 212.70   24.164   24.692   24.705   -5.077   -0.806    3.164   -5.077   -0.806   -2.551  -16.065    4.093   18.220    8.387
 212.80   23.558   24.333   24.350   -6.089   -0.907    2.558   -6.089   -0.907   -2.320  -15.579    5.521   22.223    8.345
 212.90   23.162   23.594   23.613   -4.496   -0.936    2.162   -4.496   -0.936   -2.025   -9.721    4.210   12.882    5.393
 213.00   23.766   23.961   23.965   -3.055    0.408    2.766   -3.055    0.408    1.129   -8.449   -1.247    8.574    4.308
 213.10   24.625   24.793   24.819   -2.886    1.128    3.625   -2.886    1.128    4.090  -10.460   -3.256   11.370    5.847
 213.20   25.852   25.952   25.988   -2.271    1.366    4.852   -2.271    1.366    6.628  -11.021   -3.102   15.285    6.615
 213.30   26.317   26.580   26.697   -3.731    2.496    5.317   -3.731    2.496   13.269  -19.835   -9.310   24.208   12.808
 213.40   27.106   27.321   27.440   -3.417    2.553    6.106   -3.417    2.553   15.586  -20.862   -8.721   27.737   13.732
 213.50   25.922   26.568   26.594   -5.819    1.189    4.922   -5.819    1.189    5.851  -28.645   -6.917   29.754   15.022
 213.60   26.350   26.901   27.045   -5.415    2.789    5.350   -5.415    2.789   14.919  -28.970  -15.100   32.860   17.957
 213.70   24.779   25.177   25.430   -4.456    3.584    3.779   -4.456    3.584   13.543  -16.840  -15.970   23.491   13.436
 213.80   22.562   23.177   23.546   -5.302    4.154    1.562   -5.302    4.154    6.490   -8.282  -22.025   23.903   12.205
 213.90   22.681   23.236   23.612   -5.046    4.195    1.681   -5.046    4.195    7.054   -8.484  -21.168   22.944   11.936
 214.00   22.410   22.800   23.092   -4.197    3.663    1.410   -4.197    3.663    5.166   -5.919  -15.373   16.509    8.632
 214.10   23.164   23.468   23.858   -3.766    4.300    2.164   -3.766    4.300    9.303   -8.148  -16.194   18.677   10.188
 214.20   24.161   24.335   24.578   -2.904    3.443    3.161   -2.904    3.443   10.885   -9.180   -9.999   15.141    8.700
 214.30   24.761   24.988   25.059   -3.361    1.889    3.761   -3.361    1.889    7.102  -12.640   -6.348   14.503    7.913
 214.40   24.539   24.782   24.799   -3.464    0.895    3.539   -3.464    0.895    3.168  -12.259   -3.101   12.662    6.518
 214.50   24.325   24.610   24.613   -3.733    0.406    3.325   -3.733    0.406    1.349  -12.414   -1.515   12.579    6.289
 214.60   25.084   25.326   25.390   -3.489    1.807    4.084   -3.489    1.807    7.381  -14.251   -6.305   16.060    8.621
 214.70   24.467   24.597   24.721   -2.532    2.465    3.467   -2.532    2.465    8.546   -8.777   -6.241   12.253    6.874
 214.80   24.483   24.516   24.611   -1.264    2.163    3.483   -1.264    2.163    7.535   -4.402   -2.734    9.204    4.572
 214.90   24.730   24.730   24.817    0.189    2.066    3.730    0.189    2.066    7.705    0.703    0.389    9.107    3.873
 215.00   24.770   24.824   24.844    1.634    0.989    3.770    1.634    0.989    3.728    6.159    1.615    8.930    3.689
 215.10   25.747   25.821   25.898    1.947    2.005    4.747    1.947    2.005    9.516    9.244    3.903   15.173    6.914
 215.20   24.710   24.784   25.157    1.924    4.315    3.710    1.924    4.315   16.007    7.139    8.304   18.042    9.697
 215.30   23.429   23.530   23.769    2.179    3.358    2.429    2.179    3.358    8.158    5.294    7.319   10.964    6.086
 215.40   22.133   22.208   22.372    1.818    2.706    1.133    1.818    2.706    3.066    2.060    4.919    5.956    3.076
 215.50   22.937   22.987   23.137    1.522    2.627    1.937    1.522    2.627    5.087    2.947    3.996    6.483    3.555
 215.60   22.556   22.750   22.923    2.968    2.810    1.556    2.968    2.810    4.372    4.617    8.341    9.563    5.244
 215.70   21.804   22.029   22.074    3.136    1.416    0.804    3.136    1.416    1.138    2.522    4.439    6.243    2.615
 215.80   20.406   20.468   20.490    1.588    0.946   -0.594    1.588    0.946   -0.562   -0.943    1.502    1.884    0.930
 215.90   20.336   20.528   20.564    2.800    1.209   -0.664    2.800    1.209   -0.803   -1.859    3.387    4.872    1.973
 216.00   19.197   19.333   19.577    2.295    3.077   -1.803    2.295    3.077   -5.549   -4.138    7.061    8.993    4.944
 216.10   18.073   18.234   18.809    2.418    4.616   -2.927    2.418    4.616  -13.510   -7.078   11.163   17.861    9.450
 216.20   18.749   19.039   19.412    3.312    3.783   -2.251    3.312    3.783   -8.515   -7.455   12.529   15.173    8.442
 216.30   19.366   19.513   20.142    2.390    4.995   -1.634    2.390    4.995   -8.163   -3.905   11.937   16.666    7.490
 216.40   21.098   21.120   21.445    0.977    3.717    0.098    0.977    3.717    0.364    0.096    3.630    7.389    1.825
 216.50   21.028   21.033   21.300    0.490    3.356    0.028    0.490    3.356    0.093    0.014    1.645    5.752    0.824
 216.60   21.946   21.948   22.115    0.340    2.708    0.946    0.340    2.708    2.561    0.321    0.920    4.172    1.370
 216.70   22.975   22.992   23.236    0.865    3.361    1.975    0.865    3.361    6.640    1.708    2.906    7.974    3.723
 216.80   23.340   23.366   23.761    1.095    4.319    2.340    1.095    4.319   10.107    2.563    4.731   12.665    5.725
 216.90   21.870   21.890   21.994    0.918    2.143    0.870    0.918    2.143    1.865    0.799    1.966    3.095    1.413
 217.00   21.564   21.644   21.646    1.863    0.285    0.564    1.863    0.285    0.161    1.051    0.531    1.935    0.594
 217.10   21.364   21.759   21.776    4.129    0.868    0.364    4.129    0.868    0.316    1.502    3.583    8.966    1.949
 217.20   21.106   21.653   21.756    4.834    2.114    0.106    4.834    2.114    0.224    0.513   10.222   13.927    5.119
 217.30   21.635   22.017   22.067    4.083    1.474    0.635    4.083    1.474    0.936    2.594    6.017    9.625    3.310
 217.40   22.241   22.486   22.501    3.312    0.824    1.241    3.312    0.824    1.022    4.109    2.729    6.594    2.519
 217.50   21.799   21.937   21.945    2.456    0.605    0.799    2.456    0.605    0.484    1.963    1.486    3.518    1.254
 217.60   21.479   21.496   21.497    0.852   -0.184    0.479    0.852   -0.184   -0.088    0.408   -0.157    0.495    0.223
 217.70   22.238   22.238   22.249    0.002   -0.718    1.238    0.002   -0.718   -0.888    0.002   -0.001    1.023    0.444
 217.80   23.013   23.068   23.103    1.584    1.271    2.013    1.584    1.271    2.559    3.189    2.013    4.089    2.279
 217.90   22.598   22.692   22.804    2.058    2.261    1.598    2.058    2.261    3.613    3.289    4.654    5.951    3.374
 218.00   22.920   22.997   23.100    1.878    2.176    1.920    1.878    2.176    4.179    3.606    4.086    5.975    3.434
 218.10   22.785   23.038   23.069    3.404    1.205    1.785    3.404    1.205    2.150    6.075    4.101    8.112    3.819
 218.20   22.523   22.854   22.931    3.876    1.869    1.523    3.876    1.869    2.847    5.904    7.243   10.418    4.885
 218.30   23.337   23.645   23.653    3.806    0.596    2.337    3.806    0.596    1.392    8.893    2.267   10.149    4.641
 218.40   23.819   24.003   24.072    2.967    1.826    2.819    2.967    1.826    5.148    8.363    5.419   10.042    5.608
 218.50   24.171   24.454   24.549    3.713    2.148    3.171    3.713    2.148    6.811   11.773    7.974   14.226    7.883
 218.60   24.226   24.496   24.510    3.627    0.837    3.226    3.627    0.837    2.699   11.702    3.035   12.132    6.193
 218.70   24.320   24.670   24.707    4.141    1.344    3.320    4.141    1.344    4.463   13.748    5.566   14.988    7.744
 218.80   24.730   25.119   25.187    4.406    1.843    3.730    4.406    1.843    6.876   16.434    8.121   18.361    9.789
 218.90   24.078   24.811   24.946    5.984    2.595    3.078    5.984    2.595    7.989   18.419   15.529   26.007   12.691
 219.00   22.497   23.254   23.450    5.884    3.025    1.497    5.884    3.025    4.529    8.808   17.798   23.004   10.184
 219.10   23.368   24.191   24.377    6.258    3.004    2.368    6.258    3.004    7.113   14.819   18.796   26.895   12.485
 219.20   23.952   24.409   24.574    4.701    2.842    2.952    4.701    2.842    8.391   13.878   13.363   19.448   10.507
 219.30   23.670   23.848   24.226    2.906    4.266    2.670    2.906    4.266   11.392    7.758   12.397   16.887    9.269
 219.40   23.856   23.961   24.336    2.237    4.255    2.856    2.237    4.255   12.152    6.390    9.520   15.633    8.354
 219.50   23.381   23.454   23.622    1.841    2.818    2.381    1.841    2.818    6.711    4.384    5.189    8.501    4.774
 219.60   24.341   24.357   24.456    0.868    2.203    3.341    0.868    2.203    7.361    2.900    1.912    8.386    4.070
 219.70   24.680   24.795   24.850    2.377    1.654    3.680    2.377    1.654    6.085    8.748    3.931   10.965    5.679
 219.80   24.484   24.686   24.847    3.150    2.827    3.484    3.150    2.827    9.847   10.976    8.905   15.026    8.613
 219.90   24.351   24.754   24.862    4.449    2.323    3.351    4.449    2.323    7.783   14.906   10.334   18.207    9.869
 220.00   23.857   23.975   24.249    2.376    3.636    2.857    2.376    3.636   10.387    6.788    8.641   13.515    7.561
 220.10   23.716   23.739   23.939    1.044    3.091    2.716    1.044    3.091    8.394    2.835    3.227    9.009    4.715
 220.20   23.096   23.096   23.183   -0.111    2.009    2.096   -0.111    2.009    4.209   -0.233   -0.224    4.219    2.111
 220.30   23.089   23.100   23.154    0.715    1.571    2.089    0.715    1.571    3.282    1.493    1.123    3.672    1.888
 220.40   21.893   21.904   21.945    0.677    1.341    0.893    0.677    1.341    1.198    0.604    0.908    1.528    0.810
 220.50   22.654   22.671   22.695    0.871   -1.044    1.654    0.871   -1.044   -1.726    1.440   -0.909    2.292    1.212
 220.60   23.693   23.693   23.703    0.029    0.662    2.693    0.029    0.662    1.782    0.079    0.020    3.846    0.892
 220.70   23.521   23.564   23.573   -1.423    0.656    2.521   -1.423    0.656    1.653   -3.586   -0.933    4.405    2.029
 220.80   23.190   23.202   23.203   -0.740   -0.254    2.190   -0.740   -0.254   -0.555   -1.621    0.188    2.704    0.862
 220.90   22.209   22.211   22.307    0.217   -2.077    1.209    0.217   -2.077   -2.512    0.263   -0.451    2.912    1.283
 221.00   23.309   23.322   23.493    0.796   -2.825    2.309    0.796   -2.825   -6.521    1.837   -2.248    6.970    3.569
 221.10   23.407   23.431   23.445    1.060   -0.812    2.407    1.060   -0.812   -1.955    2.551   -0.861    3.789    1.664
 221.20   22.882   22.912   22.924    1.177   -0.724    1.882    1.177   -0.724   -1.363    2.216   -0.853    2.727    1.369
 221.30   22.592   22.699   22.762    2.201   -1.701    1.592    2.201   -1.701   -2.708    3.503   -3.744    5.136    2.899
 221.40   21.803   21.806   21.888    0.387   -1.889    0.803    0.387   -1.889   -1.517    0.311   -0.731    2.181    0.856
 221.50   19.841   19.944   19.959   -2.025   -0.789   -1.159   -2.025   -0.789    0.915    2.348    1.598    3.034    1.492
 221.60   19.068   19.138   19.162   -1.646   -0.948   -1.932   -1.646   -0.948    1.833    3.182    1.562    3.672    1.995
 221.70   19.636   19.653   19.736   -0.811   -1.807   -1.364   -0.811   -1.807    2.464    1.106    1.465    2.891    1.536
 221.80   20.923   20.925   21.026    0.300   -2.050   -0.077    0.300   -2.050    0.157   -0.023   -0.614    2.149    0.317
 221.90   18.884   18.885   18.998    0.202   -2.071   -2.116    0.202   -2.071    4.384   -0.427   -0.418    4.405    2.212
 222.00   19.091   19.122   19.239   -1.098   -2.114   -1.909   -1.098   -2.114    4.036    2.097    2.321    4.660    2.553
 222.10   19.838   20.015   20.023   -2.658   -0.587   -1.162   -2.658   -0.587    0.682    3.089    1.560    4.380    1.764
 222.20   20.016   20.412   20.416   -4.003   -0.367   -0.984   -4.003   -0.367    0.361    3.939    1.467    8.564    2.110
 222.30   20.389   20.927   20.976   -4.714    1.435   -0.611   -4.714    1.435   -0.877    2.880   -6.762   12.324    3.701
 222.40   20.405   20.704   20.707   -3.507    0.373   -0.595   -3.507    0.373   -0.222    2.088   -1.308    6.398    1.237
 222.50   20.719   20.981   20.984   -3.304    0.368   -0.281   -3.304    0.368   -0.103    0.929   -1.215    5.565    0.766
 222.60   21.304   21.357   21.404   -1.510    1.411    0.304   -1.510    1.411    0.429   -0.459   -2.130    2.181    1.110
 222.70   20.892   20.934   20.944   -1.320    0.643   -0.108   -1.320    0.643   -0.069    0.142   -0.849    1.084    0.432
 222.80   20.977   20.991   21.007   -0.750    0.819   -0.023   -0.750    0.819   -0.019    0.017   -0.614    0.617    0.307
 222.90   20.876   20.876   20.922    0.076    1.389   -0.124    0.076    1.389   -0.172   -0.009    0.106    0.976    0.101
 223.00   21.554   21.564   21.564   -0.651    0.020    0.554   -0.651    0.020    0.011   -0.361   -0.013    0.365    0.181
 223.10   21.444   21.472   21.473   -1.096    0.209    0.444   -1.096    0.209    0.093   -0.486   -0.229    0.720    0.272
 223.20   20.104   20.142   20.160   -1.239   -0.845   -0.896   -1.239   -0.845    0.758    1.110    1.048    1.527    0.852
 223.30   21.197   21.309   21.333   -2.189   -1.003    0.197   -2.189   -1.003   -0.197   -0.430    2.196    2.918    1.123
 223.40   22.156   22.220   22.223   -1.677   -0.372    1.156   -1.677   -0.372   -0.431   -1.939    0.624    2.143    1.041
 223.50   21.792   21.821   21.823   -1.140   -0.307    0.792   -1.140   -0.307   -0.243   -0.902    0.350    1.010    0.499
 223.60   21.973   21.993   21.993   -0.942   -0.086    0.973   -0.942   -0.086   -0.083   -0.917    0.081    0.921    0.462
 223.70   21.686   21.796   21.802   -2.186    0.527    0.686   -2.186    0.527    0.361   -1.499   -1.152    2.764    0.963
 223.80   20.565   20.789   20.812   -3.046    0.960   -0.435   -3.046    0.960   -0.418    1.325   -2.926    5.196    1.619
 223.90   20.867   21.046   21.141   -2.739    2.002   -0.133   -2.739    2.002   -0.266    0.364   -5.483    5.764    2.751
 224.00   20.777   20.974   21.295   -2.869    3.684   -0.223   -2.869    3.684   -0.822    0.640  -10.568   10.925    5.310
 224.10   18.486   18.650   18.886   -2.469    2.974   -2.514   -2.469    2.974   -7.476    6.207   -7.343   10.630    6.090
 224.20   18.186   18.280   18.576   -1.850    3.305   -2.814   -1.850    3.305   -9.300    5.208   -6.115   11.133    6.144
 224.30   18.623   18.741   18.889   -2.096    2.366   -2.377   -2.096    2.366   -5.624    4.981   -4.958    7.820    4.501
 224.40   19.235   19.355   19.396   -2.154    1.258   -1.765   -2.154    1.258   -2.221    3.801   -2.710    4.668    2.585
 224.50   19.286   19.365   19.378   -1.753    0.714   -1.714   -1.753    0.714   -1.224    3.004   -1.252    3.260    1.739
 224.60   18.865   19.085   19.416   -2.890    3.569   -2.135   -2.890    3.569   -7.618    6.170  -10.315   12.824    7.115
 224.70   19.625   19.853   19.964   -3.001    2.107   -1.375   -3.001    2.107   -2.898    4.128   -6.324    7.670    4.044
 224.80   18.771   18.872   18.914   -1.953    1.259   -2.229   -1.953    1.259   -2.807    4.353   -2.459    5.184    2.867
 224.90   21.167   21.172   21.176   -0.473    0.431    0.167   -0.473    0.431    0.072   -0.079   -0.204    0.218    0.115
 225.00   19.755   19.760   19.767    0.457    0.549   -1.245    0.457    0.549   -0.684   -0.569    0.251    1.031    0.462
 225.10   19.669   19.746   19.749    1.736    0.347   -1.331    1.736    0.347   -0.461   -2.310    0.602    2.452    1.215
 225.20   20.217   20.264   20.267    1.382   -0.323   -0.783    1.382   -0.323    0.252   -1.081   -0.446    1.313    0.598
 225.30   20.817   20.823   20.823    0.494   -0.147   -0.183    0.494   -0.147    0.027   -0.090   -0.073    0.149    0.060
 225.40   19.717   19.719   19.732    0.324   -0.703   -1.283    0.324   -0.703    0.902   -0.416   -0.228    1.123    0.510
 225.50   17.887   17.887   17.892   -0.042   -0.435   -3.113   -0.042   -0.435    1.355    0.132    0.018    4.942    0.681
 225.60   16.760   16.769   16.786   -0.578    0.736   -4.240   -0.578    0.736   -3.120    2.452   -0.426    9.429    1.996
 225.70   17.755   17.759   17.893    0.381    2.189   -3.245    0.381    2.189   -7.104   -1.235    0.834    7.734    3.630
 225.80   18.134   18.159   18.177    0.949    0.796   -2.866    0.949    0.796   -2.281   -2.719    0.755    4.872    1.814
 225.90   18.820   18.822   18.822   -0.300   -0.102   -2.180   -0.300   -0.102    0.223    0.654    0.031    2.427    0.346
 226.00   19.173   19.223   19.339   -1.388   -2.114   -1.827   -1.388   -2.114    3.862    2.536    2.934    4.867    2.737
 226.10   18.766   18.840   18.909   -1.672   -1.608   -2.234   -1.672   -1.608    3.593    3.737    2.690    5.188    2.920
 226.20   19.704   19.705   19.732    0.201   -1.024   -1.296    0.201   -1.024    1.328   -0.261   -0.206    1.385    0.684
 226.30   18.442   18.463   18.528    0.894   -1.554   -2.558    0.894   -1.554    3.976   -2.287   -1.390    4.880    2.397
 226.40   18.489   18.490   18.541    0.248   -1.368   -2.511    0.248   -1.368    3.437   -0.623   -0.340    4.121    1.755
 226.50   18.646   18.671   18.704    0.967   -1.125   -2.354    0.967   -1.125    2.648   -2.276   -1.087    3.871    1.829
 226.60   19.378   19.394   19.413    0.794   -0.844   -1.622    0.794   -0.844    1.369   -1.287   -0.670    1.987    0.998
 226.70   20.055   20.098   20.116    1.325    0.855   -0.945    1.325    0.855   -0.808   -1.252    1.133    1.690    0.936
 226.80   18.902   18.925   18.929    0.931    0.431   -2.098    0.931    0.431   -0.905   -1.954    0.401    2.728    1.095
 226.90   20.041   20.076   20.077    1.176    0.263   -0.959    1.176    0.263   -0.252   -1.127    0.309    1.185    0.598
 227.00   21.373   21.414   21.425    1.317    0.679    0.373    1.317    0.679    0.253    0.492    0.894    1.168    0.526
 227.10   20.972   21.011   21.087    1.274    1.794   -0.028    1.274    1.794   -0.050   -0.035    2.286    2.421    1.143
 227.20   20.924   20.952   21.163    1.081    2.980   -0.076    1.081    2.980   -0.226   -0.082    3.220    5.027    1.615
 227.30   21.215   21.215   21.298    0.097    1.878    0.215    0.097    1.878    0.404    0.021    0.183    1.792    0.222
 227.40   21.347   21.349   21.452    0.279    2.098    0.347    0.279    2.098    0.728    0.097    0.585    2.300    0.470
 227.50   21.039   21.051   21.248    0.724    2.888    0.039    0.724    2.888    0.111    0.028    2.091    4.432    1.047
 227.60   20.481   20.713   20.735    3.088    0.953   -0.519    3.088    0.953   -0.495   -1.602    2.943    5.357    1.694
 227.70   19.584   19.920   19.936    3.645    0.799   -1.416    3.645    0.799   -1.131   -5.161    2.911    7.964    3.016
 227.80   19.897   20.142   20.149    3.132   -0.533   -1.103    3.132   -0.533    0.588   -3.456   -1.670    5.657    1.942
 227.90   20.370   20.515   20.548    2.428   -1.164   -0.630    2.428   -1.164    0.733   -1.529   -2.827    3.824    1.648
 228.00   19.653   19.750   19.760    1.956   -0.602   -1.347    1.956   -0.602    0.811   -2.634   -1.178    3.000    1.498
 228.10   19.996   20.140   20.152    2.404    0.675   -1.004    2.404    0.675   -0.678   -2.413    1.624    3.621    1.493
 228.20   20.059   20.315   20.315    3.214    0.157   -0.941    3.214    0.157   -0.148   -3.025    0.506    5.621    1.536
 228.30   21.675   22.008   22.055    3.813    1.447    0.675    3.813    1.447    0.976    2.573    5.517    8.543    3.083
 228.40   21.745   21.881   21.900    2.435    0.920    0.745    2.435    0.920    0.685    1.815    2.240    3.665    1.481
 228.50   22.457   22.512   22.540    1.573    1.126    1.457    1.573    1.126    1.641    2.292    1.771    2.933    1.665
 228.60   21.307   21.539   21.723    3.149    2.822    0.307    3.149    2.822    0.868    0.968    8.887    8.988    4.491
 228.70   21.536   21.889   22.022    3.913    2.420    0.536    3.913    2.420    1.298    2.099    9.470   10.729    4.893
 228.80   20.790   20.962   21.233    2.676    3.383   -0.210    2.676    3.383   -0.710   -0.562    9.052    9.324    4.549
 228.90   20.790   20.877   21.029    1.901    2.520   -0.210    1.901    2.520   -0.529   -0.399    4.792    5.006    2.419
 229.00   21.604   21.750   21.785    2.509    1.235    0.604    2.509    1.235    0.747    1.516    3.100    4.094    1.765
 229.10   22.148   22.330   22.363    2.845    1.225    1.148    2.845    1.225    1.406    3.265    3.486    5.456    2.489
 229.20   22.416   22.422   22.431    0.512    0.628    1.416    0.512    0.628    0.889    0.726    0.322    1.332    0.596
 229.30   22.666   22.668   22.670   -0.259    0.295    1.666   -0.259    0.295    0.491   -0.432   -0.076    1.465    0.329
 229.40   23.876   23.886   23.888   -0.700    0.332    2.876   -0.700    0.332    0.953   -2.013   -0.232    4.434    1.120
 229.50   23.708   23.737   23.753    1.192   -0.856    2.708    1.192   -0.856   -2.319    3.227   -1.021    4.742    2.051
 229.60   22.938   22.973   22.974    1.258    0.253    1.938    1.258    0.253    0.491    2.437    0.318    2.701    1.253
 229.70   23.554   23.578   23.614    1.047    1.305    2.554    1.047    1.305    3.333    2.673    1.365    4.661    2.243
 229.80   23.904   23.905   23.905   -0.261    0.134    2.904   -0.261    0.134    0.390   -0.759   -0.035    4.258    0.427
 229.90   23.168   23.171   23.173    0.355    0.282    2.168    0.355    0.282    0.611    0.769    0.100    2.453    0.494
 230.00   23.323   23.351   23.383    1.126   -1.227    2.323    1.126   -1.227   -2.850    2.616   -1.381    4.085    2.054
 230.10   23.867   23.884   23.983    0.900   -2.174    2.867    0.900   -2.174   -6.233    2.581   -1.957    6.879    3.512
 230.20   23.352   23.450   23.451   -2.143   -0.198    2.352   -2.143   -0.198   -0.466   -5.040    0.425    5.082    2.540
 230.30   22.184   22.319   22.323   -2.447   -0.408    1.184   -2.447   -0.408   -0.483   -2.898    0.997    3.778    1.551
 230.40   22.782   22.873   22.876   -2.039   -0.380    1.782   -2.039   -0.380   -0.678   -3.633    0.776    3.738    1.888
 230.50   21.899   22.047   22.054   -2.556   -0.557    0.899   -2.556   -0.557   -0.500   -2.297    1.423    3.825    1.374
 230.60   23.741   23.865   23.889   -2.433   -1.062    2.741   -2.433   -1.062   -2.912   -6.669    2.585    7.280    3.861
 230.70   23.356   23.470   23.517   -2.311   -1.483    2.356   -2.311   -1.483   -3.494   -5.445    3.428    6.546    3.661
 230.80   23.899   24.185   24.219   -3.710   -1.282    2.899   -3.710   -1.282   -3.717  -10.755    4.757   11.905    6.167
 230.90   25.208   25.433   25.468   -3.376   -1.329    4.208   -3.376   -1.329   -5.592  -14.205    4.486   15.434    7.956
 231.00   25.502   25.786   25.839   -3.817   -1.660    4.502   -3.817   -1.660   -7.473  -17.183    6.336   18.795    9.890
 231.10   24.184   24.506   24.522   -3.962   -0.879    3.184   -3.962   -0.879   -2.798  -12.615    3.482   13.305    6.691
 231.20   22.985   23.143   23.178   -2.701   -1.274    1.985   -2.701   -1.274   -2.529   -5.360    3.441    6.428    3.426
 231.30   22.142   22.324   22.350   -2.846    1.070    1.142   -2.846    1.070    1.222   -3.251   -3.047    5.276    2.310
 231.40   21.644   21.753   21.782   -2.174    1.122    0.644   -2.174    1.122    0.723   -1.401   -2.440    3.201    1.453
 231.50   20.963   21.137   21.138   -2.704    0.231   -0.037   -2.704    0.231   -0.009    0.100   -0.624    3.684    0.316
 231.60   21.070   21.423   21.423   -3.871    0.139    0.070   -3.871    0.139    0.010   -0.271   -0.540    7.506    0.302
 231.70   20.537   20.796   20.801   -3.273    0.439   -0.463   -3.273    0.439   -0.203    1.516   -1.436    5.561    1.049
 231.80   21.188   21.280   21.311   -1.978    1.138    0.188   -1.978    1.138    0.214   -0.372   -2.251    2.622    1.146
 231.90   21.012   21.099   21.131   -1.906    1.173    0.012   -1.906    1.173    0.015   -0.024   -2.236    2.505    1.118
 232.00   21.714   21.950   21.968   -3.211    0.873    0.714   -3.211    0.873    0.623   -2.293   -2.803    5.792    1.837
 232.10   22.122   22.299   22.306   -2.808    0.560    1.122   -2.808    0.560    0.629   -3.149   -1.574    4.728    1.788
 232.20   21.472   21.861   21.862   -4.105   -0.233    0.472   -4.105   -0.233   -0.110   -1.938    0.957    8.565    1.082
 232.30   21.237   21.844   21.849   -5.113    0.478    0.237   -5.113    0.478    0.113   -1.213   -2.446   13.214    1.366
 232.40   21.017   21.380   21.518   -3.925    2.431    0.017   -3.925    2.431    0.040   -0.065   -9.540   10.656    4.770
 232.50   20.839   21.180   21.284   -3.790    2.095   -0.161   -3.790    2.095   -0.338    0.612   -7.939    9.390    3.985
 232.60   19.555   19.807   19.887   -3.152    1.779   -1.445   -3.152    1.779   -2.571    4.554   -5.609    7.594    3.834
 232.70   19.855   20.149   20.305   -3.432    2.515   -1.145   -3.432    2.515   -2.881    3.931   -8.633    9.709    4.957
 232.80   20.747   21.019   21.182   -3.368    2.622   -0.253   -3.368    2.622   -0.662    0.851   -8.831    9.142    4.448
 232.90   19.504   19.781   19.969   -3.300    2.733   -1.496   -3.300    2.733   -4.089    4.938   -9.019   10.300    5.533
 233.00   20.154   20.554   20.565   -4.037   -0.648   -0.846   -4.037   -0.648    0.548    3.415    2.616    8.715    2.168
 233.10   20.307   20.745   20.784   -4.243    1.271   -0.693   -4.243    1.271   -0.881    2.941   -5.392   10.048    3.102
 233.20   20.663   20.992   20.993   -3.698    0.229   -0.337   -3.698    0.229   -0.077    1.245   -0.847    6.922    0.754
 233.30   21.788   22.249   22.277   -4.506    1.104    0.788   -4.506    1.104    0.870   -3.552   -4.972   11.070    3.086
 233.40   21.040   21.803   21.904   -5.719    2.104    0.040   -5.719    2.104    0.083   -0.226  -12.033   18.569    6.017
 233.50   21.555   22.328   22.495   -5.824    2.738    0.555   -5.824    2.738    1.519   -3.232  -15.943   20.859    8.169
 233.60   21.753   22.201   22.331   -4.438    2.409    0.753   -4.438    2.409    1.813   -3.340  -10.690   13.032    5.673
 233.70   20.917   21.120   21.173   -2.920    1.503   -0.083   -2.920    1.503   -0.125    0.242   -4.389    5.397    2.199
 233.80   21.448   21.660   21.665   -3.026    0.465    0.448   -3.026    0.465    0.208   -1.354   -1.406    4.785    0.981
 233.90   21.787   21.845   21.852   -1.596    0.523    0.787   -1.596    0.523    0.412   -1.256   -0.835    1.719    0.782
 234.00   20.192   20.192   20.222    0.195   -1.094   -0.808    0.195   -1.094    0.884   -0.158   -0.213    0.944    0.462
 234.10   18.775   18.775   18.776    0.135   -0.151   -2.225    0.135   -0.151    0.336   -0.301   -0.020    2.496    0.226
 234.20   18.472   18.485   18.511    0.705    0.971   -2.528    0.705    0.971   -2.455   -1.781    0.684    3.916    1.555
 234.30   18.696   18.700   18.736    0.359    1.165   -2.304    0.359    1.165   -2.685   -0.826    0.418    3.397    1.420
 234.40   17.759   17.762   17.768   -0.349    0.469   -3.241   -0.349    0.469   -1.522    1.131   -0.164    5.424    0.952
 234.50   18.287   18.293   18.295   -0.478    0.269   -2.713   -0.478    0.269   -0.731    1.297   -0.129    3.831    0.747
 234.60   19.296   19.302   19.304    0.494   -0.269   -1.704    0.494   -0.269    0.458   -0.843   -0.133    1.611    0.484
 234.70   19.451   19.475   19.483    0.965    0.558   -1.549    0.965    0.558   -0.865   -1.495    0.538    1.821    0.904
 234.80   20.756   20.780   20.922   -1.008    2.430   -0.244   -1.008    2.430   -0.594    0.246   -2.449    3.490    1.266
 234.90   22.837   22.908   22.974   -1.801    1.740    1.837   -1.801    1.740    3.197   -3.308   -3.133    4.823    2.783
 235.00   23.147   23.243   23.326   -2.117    1.967    2.147   -2.117    1.967    4.224   -4.544   -4.165    6.480    3.736
 235.10   23.001   23.087   23.097   -1.984    0.686    2.001   -1.984    0.686    1.373   -3.970   -1.362    4.206    2.208
 235.20   22.479   22.610   22.630   -2.435   -0.953    1.479   -2.435   -0.953   -1.408   -3.601    2.319    4.511    2.254
 235.30   22.364   22.364   22.394   -0.045   -1.160    1.364   -0.045   -1.160   -1.583   -0.061    0.052    1.605    0.793
 235.40   21.350   21.353   21.362    0.355    0.613    0.350    0.355    0.613    0.215    0.124    0.217    0.312    0.165
 235.50   19.513   19.514   19.573    0.127    1.520   -1.487    0.127    1.520   -2.260   -0.188    0.193    2.269    1.138
 235.60   19.423   19.424   19.513    0.224    1.861   -1.577    0.224    1.861   -2.934   -0.353    0.416    2.999    1.492
 235.70   20.148   20.148   20.153    0.135    0.417   -0.852    0.135    0.417   -0.355   -0.115    0.056    0.459    0.189
 235.80   20.291   20.304   20.307   -0.741    0.334   -0.709   -0.741    0.334   -0.237    0.525   -0.247    0.582    0.314
 235.90   19.545   19.546   19.563   -0.075    0.818   -1.455   -0.075    0.818   -1.190    0.109   -0.062    1.396    0.599
 236.00   18.815   18.824   18.824   -0.574    0.037   -2.185   -0.574    0.037   -0.080    1.253   -0.021    2.552    0.628
 236.10   19.406   19.476   19.476   -1.644    0.027   -1.594   -1.644    0.027   -0.043    2.621   -0.044    2.623    1.311
 236.20   18.973   19.129   19.134   -2.437   -0.462   -2.027   -2.437   -0.462    0.936    4.940    1.125    5.130    2.576
 236.30   19.305   19.523   19.529   -2.908    0.491   -1.695   -2.908    0.491   -0.833    4.928   -1.429    5.785    2.599
 236.40   18.659   19.256   19.272   -4.758    0.786   -2.341   -4.758    0.786   -1.840   11.138   -3.740   14.369    5.946
 236.50   18.543   19.017   19.027   -4.216    0.624   -2.457   -4.216    0.624   -1.534   10.357   -2.633   12.100    5.398
 236.60   18.587   19.100   19.138   -4.399    1.210   -2.413   -4.399    1.210   -2.921   10.618   -5.325   13.322    6.116
 236.70   18.285   18.828   18.931   -4.487    1.972   -2.715   -4.487    1.972   -5.354   12.181   -8.849   15.696    7.990
 236.80   18.619   19.060   19.283   -4.076    2.923   -2.381   -4.076    2.923   -6.961    9.704  -11.915   15.414    8.435
 236.90   19.281   19.596   19.798   -3.495    2.825   -1.719   -3.495    2.825   -4.856    6.007   -9.875   11.576    6.268
 237.00   19.684   19.971   20.053   -3.375    1.811   -1.316   -3.375    1.811   -2.383    4.442   -6.110    8.200    3.961
 237.10   19.645   19.980   20.066   -3.646    1.855   -1.355   -3.646    1.855   -2.514    4.941   -6.762    9.285    4.372
 237.20   20.706   20.909   21.008   -2.909    2.039   -0.294   -2.909    2.039   -0.600    0.856   -5.931    6.353    3.011
 237.30   21.032   21.137   21.283   -2.110    2.488    0.032   -2.110    2.488    0.079   -0.067   -5.250    5.322    2.625
 237.40   21.025   21.365   21.566   -3.798    2.935    0.025   -3.798    2.935    0.073   -0.094  -11.148   11.521    5.574
 237.50   20.935   21.313   21.342   -3.998    1.102   -0.065   -3.998    1.102   -0.072    0.259   -4.407    8.601    2.208
 237.60   20.602   20.868   20.871   -3.322    0.301   -0.398   -3.322    0.301   -0.120    1.321   -0.999    5.641    0.830
 237.70   19.851   20.252   20.252   -4.011   -0.105   -1.149   -4.011   -0.105    0.120    4.610    0.420    8.710    2.315
 237.80   18.898   19.559   19.560   -5.042    0.229   -2.102   -5.042    0.229   -0.481   10.599   -1.152   14.945    5.336
 237.90   19.030   19.662   19.663   -4.946   -0.137   -1.970   -4.946   -0.137    0.270    9.745    0.678   14.183    4.886
 238.00   18.365   18.810   18.821   -4.066    0.632   -2.635   -4.066    0.632   -1.666   10.713   -2.572   11.939    5.571
 238.10   20.066   20.242   20.242   -2.659    0.115   -0.934   -2.659    0.115   -0.108    2.484   -0.307    3.979    1.252
 238.20   20.102   20.325   20.340   -3.004    0.760   -0.898   -3.004    0.760   -0.682    2.697   -2.282    5.203    1.799
 238.30   20.027   20.193   20.202   -2.583    0.592   -0.973   -2.583    0.592   -0.576    2.513   -1.529    3.985    1.499
 238.40   19.080   19.247   19.288   -2.537    1.255   -1.920   -2.537    1.255   -2.411    4.872   -3.184    5.849    3.150
 238.50   19.558   19.764   19.795   -2.845    1.111   -1.442   -2.845    1.111   -1.602    4.103   -3.160    5.704    2.711
 238.60   20.306   20.377   20.406   -1.699    1.103   -0.694   -1.699    1.103   -0.766    1.180   -1.874    2.293    1.171
 238.70   20.754   20.860   20.867   -2.093   -0.543   -0.246   -2.093   -0.543    0.133    0.514    1.135    2.367    0.627
 238.80   20.889   20.990   21.028   -2.059   -1.257   -0.111   -2.059   -1.257    0.140    0.229    2.588    2.916    1.301
 238.90   20.566   20.595   20.596   -1.092   -0.251   -0.434   -1.092   -0.251    0.109    0.474    0.274    0.722    0.279
 239.00   21.098   21.249   21.327   -2.521    1.826    0.098   -2.521    1.826    0.180   -0.248   -4.605    4.851    2.308
 239.10   20.961   21.139   21.152   -2.741    0.750   -0.039   -2.741    0.750   -0.030    0.108   -2.057    4.038    1.030
 239.20   19.983   20.082   20.082   -1.993    0.079   -1.017   -1.993    0.079   -0.080    2.028   -0.157    2.507    1.018
 239.30   21.461   21.466   21.467   -0.461    0.193    0.461   -0.461    0.193    0.089   -0.213   -0.089    0.231    0.124
 239.40   22.393   22.393   22.402    0.065    0.652    1.393    0.065    0.652    0.908    0.090    0.042    1.184    0.457
 239.50   22.416   22.421   22.458   -0.480    1.279    1.416   -0.480    1.279    1.811   -0.680   -0.614    1.936    1.015
 239.60   21.535   21.536   21.569   -0.200    1.182    0.535   -0.200    1.182    0.633   -0.107   -0.237    0.862    0.342
 239.70   22.518   22.543   22.627   -1.050    1.947    1.518   -1.050    1.947    2.956   -1.594   -2.044    3.599    1.966
 239.80   22.030   22.057   22.084   -1.096    1.093    1.030   -1.096    1.093    1.126   -1.128   -1.198    1.728    0.997
 239.90   20.750   20.786   20.795   -1.216    0.604   -0.250   -1.216    0.604   -0.151    0.303   -0.734    0.953    0.404
 240.00   21.264   21.310   21.321   -1.401    0.705    0.264   -1.401    0.705    0.186   -0.369   -0.987    1.264    0.535
 240.10   21.113   21.113   21.161    0.086    1.419    0.113    0.086    1.419    0.161    0.010    0.122    1.017    0.101
 240.20   20.083   20.165   20.169    1.815    0.407   -0.917    1.815    0.407   -0.374   -1.664    0.739    2.150    0.929
 240.30   18.681   18.718   18.720    1.174    0.287   -2.319    1.174    0.287   -0.666   -2.723    0.337    3.420    1.412
 240.40   18.557   18.562   18.590   -0.440    1.013   -2.443   -0.440    1.013   -2.474    1.076   -0.446    3.594    1.367
 240.50   18.586   18.593   18.629    0.536    1.143   -2.414    0.536    1.143   -2.760   -1.294    0.613    3.711    1.555
 240.60   17.608   17.664   17.837    1.396    2.480   -3.392    1.396    2.480   -8.412   -4.734    3.461    9.801    5.127
 240.70   17.312   17.587   17.677    3.095    1.790   -3.688    3.095    1.790   -6.602  -11.413    5.540   13.191    7.151
 240.80   16.630   17.204   17.462    4.406    2.993   -4.370    4.406    2.993  -13.079  -19.256   13.189   23.735   13.377
 240.90   17.657   18.297   18.378    4.797    1.729   -3.343    4.797    1.729   -5.779  -16.037    8.293   18.588    9.478
 241.00   20.029   20.405   20.513    3.897    2.101   -0.971    3.897    2.101   -2.040   -3.783    8.188   10.271    4.624
 241.10   20.624   20.677   21.154    1.483    4.466   -0.376    1.483    4.466   -1.681   -0.558    6.625   11.142    3.429
 241.20   20.451   20.608   21.075    2.536    4.411   -0.549    2.536    4.411   -2.419   -1.391   11.187   13.094    5.765
 241.30   21.137   21.257   21.536    2.257    3.460    0.137    2.257    3.460    0.472    0.308    7.809    8.541    3.914
 241.40   20.394   20.476   20.627    1.826    2.491   -0.606    1.826    2.491   -1.509   -1.106    4.549    4.953    2.459
 241.50   20.685   20.709   20.709    0.995    0.028   -0.315    0.995    0.028   -0.009   -0.313    0.028    0.545    0.157
 241.60   20.273   20.692   20.717    4.145    1.023   -0.727    4.145    1.023   -0.744   -3.015    4.240    9.378    2.628
 241.70   20.876   21.658   21.659    5.768   -0.190   -0.124    5.768   -0.190    0.024   -0.717   -1.098   16.658    0.656
 241.80   20.828   21.327   21.327    4.589   -0.017   -0.172    4.589   -0.017    0.003   -0.789   -0.078   10.542    0.396
 241.90   20.927   21.579   21.580    5.268    0.206   -0.073    5.268    0.206   -0.015   -0.387    1.083   13.899    0.575
 242.00   20.818   21.383   21.391    4.887    0.557   -0.182    4.887    0.557   -0.102   -0.891    2.721   12.111    1.433
 242.10   21.120   21.888   21.963    5.745    1.816    0.120    5.745    1.816    0.218    0.691   10.433   18.160    5.229
 242.20   20.436   20.844   20.847    4.106    0.341   -0.564    4.106    0.341   -0.193   -2.317    1.402    8.647    1.358
 242.30   21.441   22.204   22.260    5.769   -1.581    0.441    5.769   -1.581   -0.698    2.546   -9.122   17.990    4.748
 242.40   21.911   22.503   22.549    5.127   -1.436    0.911    5.127   -1.436   -1.308    4.673   -7.360   14.589    4.408
 242.50   22.440   23.509   23.548    7.008   -1.361    1.440    7.008   -1.361   -1.960   10.091   -9.538   26.520    7.012
 242.60   22.670   23.643   23.683    6.714   -1.365    1.670    6.714   -1.365   -2.280   11.213   -9.164   24.865    7.330
 242.70   22.807   23.562   23.598    5.913   -1.302    1.807    5.913   -1.302   -2.353   10.689   -7.698   19.965    6.690
 242.80   22.972   23.463   23.487    4.774   -1.069    1.972    4.774   -1.069   -2.108    9.414   -5.104   13.911    5.457
 242.90   22.420   22.927   23.041    4.796   -2.286    1.420    4.796   -2.286   -3.245    6.809  -10.962   15.120    6.653
 243.00   22.585   22.916   22.924    3.884   -0.618    1.585    3.884   -0.618   -0.979    6.155   -2.399    8.989    3.339
 243.10   21.546   21.708   21.710    2.651    0.256    0.546    2.651    0.256    0.139    1.446    0.677    3.696    0.802
 243.20   21.521   21.794   21.799    3.437   -0.474    0.521    3.437   -0.474   -0.247    1.791   -1.630    6.155    1.217
 243.30   21.507   22.037   22.048    4.804   -0.714    0.507    4.804   -0.714   -0.362    2.434   -3.431   11.923    2.111
 243.40   19.195   19.615   19.615    4.036   -0.068   -1.805    4.036   -0.068    0.123   -7.286   -0.275    9.776    3.646
 243.50   19.420   19.932   19.946    4.488   -0.749   -1.580    4.488   -0.749    1.184   -7.091   -3.362   11.598    3.968
 243.60   19.585   20.124   20.130    4.626   -0.467   -1.415    4.626   -0.467    0.660   -6.545   -2.158   11.809    3.461
 243.70   20.447   20.882   20.882    4.243   -0.038   -0.553    4.243   -0.038    0.021   -2.348   -0.160    9.154    1.177
 243.80   21.661   21.942   22.000    3.503    1.589    0.661    3.503    1.589    1.050    2.314    5.567    7.616    3.060
 243.90   21.092   21.261   21.280    2.678    0.876    0.092    2.678    0.876    0.081    0.247    2.345    3.974    1.180
 244.00   21.580   21.773   21.782    2.892    0.627    0.580    2.892    0.627    0.363    1.676    1.812    4.545    1.248
 244.10   21.073   21.318   21.327    3.221    0.608    0.073    3.221    0.608    0.045    0.236    1.958    5.375    0.987
 244.20   21.826   22.189   22.207    3.999    0.885    0.826    3.999    0.885    0.730    3.303    3.537    8.729    2.447
 244.30   24.478   24.612   24.615    2.567    0.427    3.478    2.567    0.427    1.487    8.927    1.097    9.433    4.558
 244.40   23.997   24.092   24.096    2.144    0.434    2.997    2.144    0.434    1.300    6.424    0.930    6.882    3.310
 244.50   23.384   23.613   23.621    3.283   -0.595    2.384    3.283   -0.595   -1.419    7.826   -1.954    8.407    4.095
 244.60   24.009   24.179   24.185    2.863   -0.520    3.009    2.863   -0.520   -1.566    8.616   -1.490    8.762    4.441
 244.70   22.818   22.959   22.965    2.544   -0.519    1.818    2.544   -0.519   -0.944    4.625   -1.320    5.023    2.451
 244.80   23.102   23.190   23.281    2.023   -2.057    2.102    2.023   -2.057   -4.324    4.252   -4.162    6.371    3.677
 244.90   22.724   22.936   23.004    3.108   -1.768    1.724    3.108   -1.768   -3.048    5.359   -5.496    7.880    4.130
 245.00   24.539   24.722   24.740    3.001   -0.957    3.539    3.001   -0.957   -3.387   10.621   -2.872   11.224    5.756
 245.10   25.204   25.493   25.502    3.828   -0.657    4.204    3.828   -0.657   -2.761   16.092   -2.514   16.379    8.260
 245.20   24.094   24.402   24.454    3.864   -1.594    3.094    3.864   -1.594   -4.932   11.954   -6.160   13.521    7.162
 245.30   24.600   25.023   25.039    4.583   -0.869    3.600    4.583   -0.869   -3.130   16.499   -3.984   17.360    8.630
 245.40   24.921   25.476   25.485    5.290    0.697    3.921    5.290    0.697    2.732   20.741    3.687   21.922   10.621
 245.50   25.850   26.515   26.520    5.900    0.534    4.850    5.900    0.534    2.590   28.618    3.151   29.312   14.454
 245.60   26.917   27.851   27.867    7.154    0.950    5.917    7.154    0.950    5.621   42.327    6.796   43.543   21.618
 245.70   26.405   26.979   27.002    5.535    1.111    5.405    5.535    1.111    6.003   29.916    6.147   30.541   15.563
 245.80   26.708   27.433   27.438    6.267    0.490    5.708    6.267    0.490    2.799   35.773    3.073   36.049   18.007
 245.90   26.005   26.519   26.521    5.195   -0.361    5.005    5.195   -0.361   -1.808   26.002   -1.877   26.085   13.066
 246.00   26.080   26.564   26.598    5.046    1.337    5.080    5.046    1.337    6.792   25.638    6.747   26.532   13.684
 246.10   26.191   26.473   26.521    3.853    1.591    5.191    3.853    1.591    8.257   20.001    6.128   22.161   11.245
 246.20   27.003   27.067   27.089    1.855    1.103    6.003    1.855    1.103    6.618   11.135    2.045   20.347    6.557
 246.30   26.419   26.701   26.757    3.868   -1.730    5.419    3.868   -1.730   -9.373   20.962   -6.690   23.660   11.958
 246.40   27.394   27.724   27.741    4.267   -0.954    6.394    4.267   -0.954   -6.101   27.282   -4.071   30.000   14.125
 246.50   26.985   27.368   27.396    4.560   -1.249    5.985    4.560   -1.249   -7.474   27.295   -5.695   29.090   14.434
 246.60   27.123   27.572   27.618    4.957   -1.586    6.123    4.957   -1.586   -9.712   30.351   -7.862   32.289   16.411
 246.70   28.058   28.628   28.660    5.684   -1.340    7.058    5.684   -1.340   -9.457   40.118   -7.615   41.960   20.957
 246.80   29.956   30.655   30.661    6.510    0.589    8.956    6.510    0.589    5.273   58.304    3.833   61.467   29.334
 246.90   29.894   30.419   30.421    5.626   -0.364    8.894    5.626   -0.364   -3.237   50.039   -2.047   55.446   25.092
 247.00   29.232   29.461   29.478    3.670    1.004    8.232    3.670    1.004    8.268   30.206    3.686   41.117   15.767
 247.10   28.596   28.789   28.851    3.322    1.894    7.596    3.322    1.894   14.390   25.236    6.293   36.165   14.862
 247.20   28.278   28.754   28.764    5.211    0.728    7.278    5.211    0.728    5.301   37.929    3.795   40.331   19.243
 247.30   27.986   28.286   28.292    4.107    0.595    6.986    4.107    0.595    4.159   28.689    2.445   33.011   14.546
 247.40   28.370   28.580   28.580    3.458    0.022    7.370    3.458    0.022    0.160   25.489    0.075   33.142   12.745
 247.50   27.671   27.814   27.833    2.808    1.030    6.671    2.808    1.030    6.870   18.733    2.892   26.726   10.081
 247.60   26.544   26.869   26.870    4.166   -0.222    5.544    4.166   -0.222   -1.234   23.097   -0.927   24.072   11.574
 247.70   26.504   26.879   26.901    4.476   -1.084    5.504    4.476   -1.084   -5.966   24.634   -4.851   25.750   12.903
 247.80   26.870   27.097   27.102    3.494   -0.541    5.870    3.494   -0.541   -3.173   20.513   -1.889   23.482   10.421
 247.90   26.834   27.031   27.035    3.260   -0.441    5.834    3.260   -0.441   -2.574   19.018   -1.438   22.427    9.623
 248.00   27.790   28.132   28.133    4.374    0.137    6.790    4.374    0.137    0.928   29.703    0.598   32.630   14.862
 248.10   28.707   29.280   29.285    5.765   -0.525    7.707    5.765   -0.525   -4.044   44.429   -3.025   46.454   22.358
 248.20   27.511   28.181   28.196    6.108   -0.915    6.511    6.108   -0.915   -5.957   39.770   -5.588   40.269   20.300
 248.30   26.396   27.249   27.294    6.766   -1.567    5.396    6.766   -1.567   -8.456   36.509  -10.602   38.675   19.473
 248.40   25.048   25.883   25.928    6.523   -1.526    4.048    6.523   -1.526   -6.177   26.403   -9.955   30.632   14.443
 248.50   24.271   24.767   24.796    4.933   -1.195    3.271    4.933   -1.195   -3.910   16.134   -5.897   18.231    8.809
 248.60   24.296   24.620   24.620    3.981    0.060    3.296    3.981    0.060    0.199   13.120    0.241   13.356    6.562
 248.70   24.264   24.576   24.577    3.906   -0.215    3.264    3.906   -0.215   -0.702   12.750   -0.840   12.979    6.398
 248.80   25.444   25.846   25.866    4.540   -1.003    4.444    4.540   -1.003   -4.458   20.177   -4.554   20.685   10.580
 248.90   24.819   25.301   25.305    4.916    0.443    3.819    4.916    0.443    1.690   18.776    2.176   19.476    9.488
 249.00   24.044   24.390   24.440    4.091   -1.559    3.044    4.091   -1.559   -4.746   12.456   -6.379   14.219    7.388
 249.10   24.250   24.487   24.497    3.405   -0.679    3.250    3.405   -0.679   -2.207   11.064   -2.313   11.307    5.758
 249.20   22.523   22.726   22.740    3.037   -0.777    1.523    3.037   -0.777   -1.183    4.623   -2.360    6.071    2.662
 249.30   22.240   22.479   22.491    3.270   -0.733    1.240    3.270   -0.733   -0.909    4.055   -2.397    6.385    2.399
 249.40   22.135   22.356   22.374    3.133   -0.887    1.135    3.133   -0.887   -1.007    3.557   -2.779    5.945    2.312
 249.50   22.679   22.853   22.868    2.816   -0.831    1.679    2.816   -0.831   -1.395    4.728   -2.339    5.719    2.728
 249.60   21.909   22.258   22.368    3.924   -2.215    0.909    3.924   -2.215   -2.014    3.568   -8.690   10.564    4.804
 249.70   21.197   21.493   21.504    3.553   -0.685    0.197    3.553   -0.685   -0.135    0.699   -2.434    6.567    1.268
 249.80   22.286   22.607   22.628    3.797   -0.969    1.286    3.797   -0.969   -1.246    4.882   -3.680    8.506    3.120
 249.90   21.183   21.772   21.874    5.031   -2.102    0.183    5.031   -2.102   -0.385    0.922  -10.574   14.879    5.310
 250.00   22.739   23.338   23.527    5.251   -2.977    1.739    5.251   -2.977   -5.178    9.135  -15.632   19.732    9.415
 250.10   22.048   22.643   22.940    5.158   -3.681    1.048    5.158   -3.681   -3.857    5.405  -18.990   20.630   10.059
 250.20   22.145   22.634   22.850    4.679   -3.133    1.145    4.679   -3.133   -3.588    5.359  -14.656   16.507    8.006
 250.30   22.504   22.930   23.005    4.401   -1.858    1.504    4.401   -1.858   -2.794    6.617   -8.178   12.542    5.443
 250.40   22.028   22.284   22.338    3.373   -1.549    1.028    3.373   -1.549   -1.592    3.466   -5.226    7.416    3.235
 250.50   21.764   22.163   22.176    4.190   -0.738    0.764    4.190   -0.738   -0.564    3.200   -3.092    9.344    2.243
 250.60   23.278   23.829   23.838    5.096   -0.623    2.278    5.096   -0.623   -1.419   11.610   -3.175   15.775    6.060
 250.70   23.662   24.112   24.127    4.639   -0.850    2.662    4.639   -0.850   -2.262   12.350   -3.942   14.666    6.580
 250.80   23.683   24.185   24.226    4.902   -1.401    2.683    4.902   -1.401   -3.760   13.153   -6.868   16.595    7.654
 250.90   22.070   22.403   22.421    3.845    0.914    1.070    3.845    0.914    0.978    4.115    3.514    8.384    2.750
 251.00   22.714   22.903   22.906    2.934    0.408    1.714    2.934    0.408    0.700    5.028    1.197    5.855    2.608
 251.10   21.525   21.792   21.814    3.398   -0.982    0.525    3.398   -0.982   -0.515    1.784   -3.336    6.393    1.909
 251.20   21.161   21.332   21.529    2.697   -2.910    0.161    2.697   -2.910   -0.467    0.433   -7.848    7.884    3.937
 251.30   21.759   21.967   22.129    3.018   -2.671    0.759    3.018   -2.671   -2.027    2.290   -8.061    8.409    4.311
 251.40   20.813   21.079   21.322    3.338   -3.213   -0.187    3.338   -3.213    0.602   -0.625  -10.724   10.750    5.380
 251.50   21.666   21.915   22.110    3.297   -2.926    0.666    3.297   -2.926   -1.949    2.196   -9.647    9.938    5.042
 251.60   23.146   23.367   23.521    3.206   -2.683    2.146    3.206   -2.683   -5.759    6.881   -8.604   11.044    6.216
 251.70   23.147   23.413   23.655    3.518   -3.379    2.147    3.518   -3.379   -7.254    7.553  -11.885   14.200    7.920
 251.80   22.945   23.224   23.409    3.588   -2.939    1.945    3.588   -2.939   -5.716    6.978  -10.545   12.647    6.938
 251.90   22.308   22.701   22.739    4.204   -1.318    1.308    4.204   -1.318   -1.724    5.498   -5.541   10.560    3.997
 252.00   22.703   23.101   23.101    4.267    0.030    1.703    4.267    0.030    0.051    7.269    0.127   10.555    3.635
 252.10   22.536   22.771   22.783    3.262   -0.748    1.536    3.262   -0.748   -1.149    5.011   -2.441    6.781    2.845
 252.20   22.433   22.524   22.572    2.024   -1.470    1.433    2.024   -1.470   -2.106    2.900   -2.976    4.156    2.329
 252.30   21.907   21.937   21.974    1.150   -1.274    0.907    1.150   -1.274   -1.155    1.043   -1.465    1.884    1.069
 252.40   21.279   21.285   21.557   -0.512   -3.413    0.279   -0.512   -3.413   -0.952   -0.143    1.747    5.994    0.997
 252.50   20.958   20.963   21.156   -0.430   -2.851   -0.042   -0.430   -2.851    0.119    0.018    1.225    4.159    0.616
 252.60   22.187   22.189   22.264   -0.341   -1.823    1.187   -0.341   -1.823   -2.163   -0.405    0.622    2.424    1.143
 252.70   23.179   23.197   23.364   -0.910   -2.788    2.179   -0.910   -2.788   -6.076   -1.983    2.537    6.676    3.438
 252.80   22.928   22.977   23.124   -1.502   -2.602    1.928   -1.502   -2.602   -5.017   -2.895    3.908    6.372    3.494
 252.90   21.820   21.822   21.944    0.306   -2.310    0.820    0.306   -2.310   -1.894    0.251   -0.707    3.051    1.019
 253.00   21.294   21.311   21.333    0.835   -0.982    0.294    0.835   -0.982   -0.289    0.246   -0.820    0.874    0.452
 253.10   22.204   22.241   22.279    1.288   -1.294    1.204    1.288   -1.294   -1.558    1.550   -1.666    2.391    1.379
 253.20   21.798   21.812   21.825   -0.759   -0.771    0.798   -0.759   -0.771   -0.615   -0.606    0.585    0.904    0.522
 253.30   21.599   21.599   21.627   -0.026   -1.094    0.599   -0.026   -1.094   -0.656   -0.016    0.028    0.779    0.328
 253.40   22.448   22.449   22.454    0.069   -0.485    1.448    0.069   -0.485   -0.702    0.100   -0.034    1.169    0.355
 253.50   22.288   22.325   22.330    1.286    0.507    1.287    1.286    0.507    0.652    1.656    0.651    1.784    0.947
 253.60   22.273   22.350   22.433    1.847    1.929    1.273    1.847    1.929    2.455    2.351    3.562    4.376    2.462
 253.70   22.187   22.316   22.428    2.399    2.232    1.187    2.399    2.232    2.650    2.847    5.355    6.074    3.309
 253.80   23.176   23.221   23.308    1.445    2.020    2.176    1.445    2.020    4.394    3.144    2.919    5.451    3.071
 253.90   24.106   24.193   24.246    2.043    1.611    3.106    2.043    1.611    5.003    6.345    3.290    8.208    4.362
 254.00   23.724   23.761   23.787    1.340    1.104    2.724    1.340    1.104    3.007    3.648    1.479    5.216    2.477
 254.10   23.639   23.645   23.793   -0.528    2.652    2.639   -0.528    2.652    6.997   -1.394   -1.401    7.137    3.636
 254.20   21.899   21.938   22.106   -1.302    2.725    0.899   -1.302    2.725    2.450   -1.170   -3.547    4.965    2.234
 254.30   22.151   22.158   22.242   -0.551    1.931    1.151   -0.551    1.931    2.223   -0.634   -1.064    2.679    1.272
 254.40   22.359   22.387   22.460   -1.107    1.819    1.359   -1.107    1.819    2.472   -1.504   -2.013    3.190    1.762
 254.50   21.827   21.916   21.954   -1.973    1.295    0.827   -1.973    1.295    1.071   -1.632   -2.555    3.127    1.607
 254.60   22.405   22.417   22.443   -0.742   -1.068    1.405   -0.742   -1.068   -1.501   -1.042    0.793    1.833    0.996
 254.70   22.255   22.256   22.256   -0.228    0.075    1.255   -0.228    0.075    0.094   -0.286   -0.017    0.816    0.151
 254.80   22.549   22.550   22.593   -0.248   -1.385    1.549   -0.248   -1.385   -2.145   -0.385    0.344    2.189    1.103
 254.90   21.781   21.789   21.793   -0.578   -0.414    0.781   -0.578   -0.414   -0.323   -0.452    0.239    0.558    0.302
 255.00   21.277   21.279   21.280    0.257   -0.186    0.277    0.257   -0.186   -0.052    0.071   -0.048    0.089    0.050
 255.10   21.819   21.828   21.906   -0.645   -1.841    0.819   -0.645   -1.841   -1.507   -0.528    1.187    2.238    0.995
 255.20   21.935   21.936   21.997    0.274   -1.632    0.935    0.274   -1.632   -1.526    0.256   -0.447    1.807    0.805
 255.30   21.219   21.232   21.325    0.759   -1.986    0.219    0.759   -1.986   -0.435    0.166   -1.508    2.285    0.789
 255.40   21.702   21.758   21.764    1.570   -0.506    0.702    1.570   -0.506   -0.355    1.101   -0.794    1.607    0.702
 255.50   22.472   22.544   22.655    1.807   -2.239    1.472    1.807   -2.239   -3.295    2.659   -4.045    5.221    2.928
 255.60   21.361   21.365   21.452    0.411   -1.933    0.361    0.411   -1.933   -0.697    0.148   -0.795    2.017    0.534
 255.70   21.077   21.079   21.140   -0.298   -1.604    0.077   -0.298   -1.604   -0.123   -0.023    0.477    1.334    0.247
 255.80   22.492   22.494   22.519   -0.308   -1.049    1.492   -0.308   -1.049   -1.565   -0.459    0.323    1.711    0.831
 255.90   23.044   23.081   23.194   -1.302   -2.284    2.044   -1.302   -2.284   -4.669   -2.662    2.974    5.546    3.071
 256.00   21.517   21.523   21.605    0.514   -1.878    0.517    0.514   -1.878   -0.971    0.266   -0.966    2.029    0.698
 256.10   21.659   21.677   21.917   -0.867   -3.234    0.659   -0.867   -3.234   -2.132   -0.572    2.804    5.823    1.784
 256.20   22.214   22.218   22.440   -0.379   -3.154    1.214   -0.379   -3.154   -3.830   -0.460    1.194    5.783    2.019
 256.30   22.062   22.096   22.380    1.227   -3.550    1.062    1.227   -3.550   -3.771    1.303   -4.356    7.619    2.954
 256.40   22.169   22.319   22.450    2.587   -2.421    1.169    2.587   -2.421   -2.829    3.024   -6.263    6.960    3.754
 256.50   22.613   22.714   23.004    2.137   -3.645    1.613    2.137   -3.645   -5.879    3.447   -7.788   10.227    5.175
 256.60   22.672   22.743   22.877    1.797   -2.472    1.672    1.797   -2.472   -4.134    3.004   -4.441    6.068    3.385
 256.70   23.556   23.574   23.696    0.934   -2.399    2.556    0.934   -2.399   -6.130    2.387   -2.240    6.578    3.475
 256.80   23.114   23.117   23.188   -0.387   -1.807    2.114   -0.387   -1.807   -3.819   -0.819    0.700    3.942    1.984
 256.90   23.961   23.972   24.055   -0.736   -1.995    2.961   -0.736   -1.995   -5.907   -2.179    1.469    6.644    3.233
 257.00   24.909   24.964   25.055   -1.656   -2.126    3.909   -1.656   -2.126   -8.310   -6.476    3.521   11.272    5.554
 257.10   24.957   25.001   25.003   -1.482   -0.272    3.957   -1.482   -0.272   -1.075   -5.864    0.403    8.965    2.988
 257.20   24.888   24.903   24.946   -0.851   -1.457    3.888   -0.851   -1.457   -5.666   -3.308    1.240    8.984    3.339
 257.30   24.258   24.267   24.272   -0.679   -0.458    3.258   -0.679   -0.458   -1.493   -2.212    0.311    5.642    1.344
 257.40   25.995   26.039   26.041   -1.504   -0.339    4.995   -1.504   -0.339   -1.695   -7.514    0.510   13.665    3.860
 257.50   25.058   25.065   25.102   -0.606   -1.358    4.058   -0.606   -1.358   -5.510   -2.461    0.823    9.339    3.045
 257.60   23.087   23.102   23.370   -0.817   -3.533    2.087   -0.817   -3.533   -7.373   -1.706    2.888    8.752    4.050
 257.70   23.213   23.276   23.369   -1.709   -2.084    2.213   -1.709   -2.084   -4.613   -3.783    3.563    6.082    3.474
 257.80   22.728   22.800   22.916   -1.804   -2.307    1.728   -1.804   -2.307   -3.987   -3.118    4.162    5.782    3.276
 257.90   22.810   22.840   22.984   -1.176   -2.563    1.810   -1.176   -2.563   -4.640   -2.129    3.014    5.615    2.964
 258.00   24.013   24.060   24.268    1.512   -3.173    3.013    1.512   -3.173   -9.559    4.555   -4.798   10.716    5.813
 258.10   23.405   23.409   23.623    0.436   -3.169    2.405    0.436   -3.169   -7.622    1.048   -1.381    8.009    3.908
 258.20   22.545   22.553   22.572   -0.600   -0.907    1.545   -0.600   -0.907   -1.402   -0.928    0.545    1.786    0.884
 258.30   22.718   22.748   22.796   -1.158   -1.475    1.718   -1.158   -1.475   -2.535   -1.990    1.708    3.235    1.824
 258.40   22.172   22.216   22.251   -1.396   -1.241    1.172   -1.396   -1.241   -1.454   -1.636    1.731    2.430    1.395
 258.50   21.420   21.607   21.608   -2.837   -0.179    0.420   -2.837   -0.179   -0.075   -1.193    0.509    4.130    0.649
 258.60   21.413   21.517   21.521   -2.119   -0.373    0.413   -2.119   -0.373   -0.154   -0.875    0.790    2.399    0.594
 258.70   21.350   21.456   21.570   -2.123   -2.218    0.350   -2.123   -2.218   -0.777   -0.744    4.708    4.774    2.415
 258.80   21.430   21.716   21.902   -3.510   -2.849    0.430   -3.510   -2.849   -1.225   -1.509    9.999   10.310    5.093
 258.90   22.265   22.618   22.734   -3.976   -2.303    1.265   -3.976   -2.303   -2.914   -5.031    9.156   11.356    5.423
 259.00   22.803   23.610   23.782   -6.117   -2.859    1.803   -6.117   -2.859   -5.156  -11.032   17.488   24.422   10.655
 259.10   22.015   22.802   22.956   -5.938   -2.658    1.015   -5.938   -2.658   -2.699   -6.029   15.781   21.675    8.554
 259.20   22.171   22.799   22.844   -5.313   -1.434    1.171   -5.313   -1.434   -1.679   -6.221    7.621   15.830    4.990
 259.30   20.973   22.044   22.069   -6.787   -1.056   -0.027   -6.787   -1.056    0.029    0.184    7.166   23.590    3.584
 259.40   21.431   22.940   22.983   -8.183   -1.394    0.431   -8.183   -1.394   -0.601   -3.529   11.411   34.548    5.979
 259.50   21.127   22.087   22.204   -6.442   -2.279    0.127   -6.442   -2.279   -0.290   -0.818   14.680   23.352    7.353
 259.60   20.996   21.584   21.833   -5.002   -3.288   -0.004   -5.002   -3.288    0.013    0.020   16.448   17.917    8.224
 259.70   21.021   21.693   21.772   -5.356   -1.856    0.021   -5.356   -1.856   -0.040   -0.115    9.941   16.066    4.971
 259.80   21.018   21.686   21.746   -5.341   -1.615    0.018   -5.341   -1.615   -0.029   -0.097    8.626   15.570    4.313
 259.90   20.636   21.475   21.555   -5.945   -1.846   -0.364   -5.945   -1.846    0.672    2.162   10.975   19.440    5.603
 260.00   20.385   21.257   21.327   -6.026   -1.724   -0.615   -6.026   -1.724    1.060    3.706   10.389   19.834    5.540
 260.10   20.801   21.419   21.419   -5.104   -0.167   -0.199   -5.104   -0.167    0.033    1.014    0.852   13.060    0.662
 260.20   20.031   21.218   21.225   -6.998   -0.517   -0.969   -6.998   -0.517    0.501    6.780    3.618   25.088    3.851
 260.30   19.367   20.742   20.773   -7.426   -1.127   -1.633   -7.426   -1.127    1.841   12.125    8.371   29.541    7.424
 260.40   20.183   21.018   21.107   -5.866   -1.934   -0.817   -5.866   -1.934    1.580    4.792   11.345   19.410    6.208
 260.50   18.557   19.583   19.756   -6.254   -2.607   -2.443   -6.254   -2.607    6.369   15.276   16.306   25.937   11.617
 260.60   18.249   19.071   19.136   -5.538   -1.576   -2.751   -5.538   -1.576    4.336   15.236    8.729   20.362    9.044
 260.70   16.641   17.161   17.375   -4.195   -2.715   -4.359   -4.195   -2.715   11.834   18.286   11.388   21.984   12.289
 260.80   17.565   17.836   17.935   -3.099   -1.885   -3.435   -3.099   -1.885    6.476   10.647    5.843   12.481    6.882
 260.90   17.405   18.256   18.257   -5.508    0.182   -3.595   -5.508    0.182   -0.655   19.798   -1.004   21.644    9.917
 261.00   17.295   17.733   17.750   -3.916    0.769   -3.705   -3.916    0.769   -2.849   14.507   -3.011   14.825    7.544
 261.10   18.832   19.407   19.579   -4.687    2.588   -2.168   -4.687    2.588   -5.610   10.160  -12.131   16.684    8.395
 261.20   19.225   20.315   20.443   -6.564    2.285   -1.775   -6.564    2.285   -4.055   11.647  -14.997   25.725    9.708
 261.30   19.257   20.246   20.248   -6.252    0.247   -1.743   -6.252    0.247   -0.430   10.900   -1.542   21.096    5.508
 261.40   20.760   21.735   21.751   -6.439    0.828   -0.240   -6.439    0.828   -0.199    1.548   -5.333   21.102    2.778
 261.50   20.989   21.807   21.808   -5.915    0.228   -0.011   -5.915    0.228   -0.002    0.063   -1.350   17.521    0.676
 261.60   20.477   21.642   21.650   -7.006   -0.577   -0.523   -7.006   -0.577    0.302    3.667    4.039   24.843    2.732
 261.70   21.681   22.948   22.991   -7.520    1.399    0.681   -7.520    1.399    0.952   -5.120  -10.518   29.488    5.868
 261.80   21.322   22.675   22.723   -7.715    1.476    0.322   -7.715    1.476    0.476   -2.485  -11.387   30.899    5.833
 261.90   20.867   22.328   22.346   -7.945    0.900   -0.133   -7.945    0.900   -0.120    1.058   -7.146   31.971    3.613
 262.00   21.929   23.354   23.359   -8.035    0.480    0.929   -8.035    0.480    0.446   -7.460   -3.860   32.825    4.206
 262.10   19.646   21.106   21.106   -7.713   -0.092   -1.354   -7.713   -0.092    0.125   10.443    0.712   30.665    5.234
 262.20   18.684   20.254   20.254   -7.817    0.080   -2.316   -7.817    0.080   -0.185   18.102   -0.624   33.240    9.057
 262.30   19.613   21.151   21.215   -7.916   -1.656   -1.387   -7.916   -1.656    2.296   10.977   13.106   33.666    8.624
 262.40   20.383   21.580   21.652   -7.087   -1.769   -0.617   -7.087   -1.769    1.092    4.374   12.536   26.868    6.661
 262.50   19.919   21.184   21.209   -7.213   -1.015   -1.081   -7.213   -1.015    1.097    7.801    7.318   27.115    5.376
 262.60   21.013   22.213   22.240   -7.203   -1.099    0.013   -7.203   -1.099   -0.014   -0.091    7.919   26.547    3.960
 262.70   21.117   22.488   22.488   -7.731   -0.118    0.117   -7.731   -0.118   -0.014   -0.908    0.915   29.898    0.645
 262.80   21.610   22.659   22.739   -6.816   -1.901    0.610   -6.816   -1.901   -1.159   -4.156   12.957   25.220    6.828
 262.90   21.454   22.234   22.293   -5.838   -1.619    0.454   -5.838   -1.619   -0.736   -2.653    9.448   18.451    4.921
 263.00   22.065   22.756   22.878   -5.564   -2.357    1.065   -5.564   -2.357   -2.511   -5.927   13.115   18.824    7.305
 263.10   21.196   22.003   22.072   -5.904   -1.739    0.196   -5.904   -1.739   -0.341   -1.158   10.268   18.958    5.169
 263.20   22.345   22.992   23.061   -5.418   -1.778    1.345   -5.418   -1.778   -2.391   -7.287    9.632   17.164    6.156
 263.30   22.521   23.069   23.292   -4.999   -3.215    1.521   -4.999   -3.215   -4.892   -7.605   16.073   18.820    9.221
 263.40   22.017   22.400   22.544   -4.122   -2.548    1.017   -4.122   -2.548   -2.591   -4.193   10.501   12.257    5.800
 263.50   21.981   22.514   22.688   -4.870   -2.804    0.981   -4.870   -2.804   -2.750   -4.777   13.656   16.271    7.363
 263.60   22.972   23.290   23.470   -3.835   -2.899    1.972   -3.835   -2.899   -5.718   -7.562   11.118   13.500    7.305
 263.70   23.321   23.799   23.968   -4.744   -2.842    2.321   -4.744   -2.842   -6.596  -11.012   13.480   17.983    9.307
 263.80   23.816   24.449   24.490   -5.526   -1.422    2.816   -5.526   -1.422   -4.005  -15.563    7.857   20.244    8.944
 263.90   23.415   24.022   24.064   -5.365   -1.434    2.415   -5.365   -1.434   -3.464  -12.955    7.696   18.336    7.731
 264.00   22.777   23.059   23.062   -3.593    0.403    1.777   -3.593    0.403    0.716   -6.386   -1.448    8.116    3.293
 264.10   24.147   24.538   24.538   -4.365    0.033    3.147   -4.365    0.033    0.104  -13.734   -0.144   14.476    6.868
 264.20   24.191   24.251   24.263   -1.699   -0.782    3.191   -1.699   -0.782   -2.494   -5.421    1.328    6.840    3.057
 264.30   23.860   23.897   23.931   -1.325   -1.274    2.860   -1.325   -1.274   -3.643   -3.791    1.688    5.780    2.761
 264.40   23.975   24.056   24.107   -1.972   -1.569    2.975   -1.972   -1.569   -4.667   -5.865    3.093    7.599    4.054
 264.50   23.550   23.647   23.647   -2.140    0.118    2.550   -2.140    0.118    0.300   -5.456   -0.252    5.547    2.735
 264.60   22.739   22.850   22.863   -2.253   -0.761    1.739   -2.253   -0.761   -1.324   -3.917    1.716    4.339    2.238
 264.70   23.938   24.014   24.040   -1.903   -1.117    2.938   -1.903   -1.117   -3.281   -5.592    2.125    6.751    3.411
 264.80   23.920   23.967   23.973   -1.490    0.553    2.920   -1.490    0.553    1.615   -4.352   -0.824    5.527    2.357
 264.90   24.150   24.416   24.417   -3.595    0.134    3.150   -3.595    0.134    0.424  -11.324   -0.483   11.432    5.671
 265.00   23.780   24.102   24.119   -3.926    0.902    2.780   -3.926    0.902    2.509  -10.914   -3.543   11.978    5.873
 265.10   24.766   25.145   25.163   -4.347    0.964    3.766   -4.347    0.964    3.632  -16.373   -4.191   17.006    8.643
 265.20   24.417   24.958   24.969   -5.171    0.715    3.417   -5.171    0.715    2.442  -17.668   -3.695   19.461    9.107
 265.30   22.723   23.124   23.149   -4.286    1.078    1.723   -4.286    1.078    1.857   -7.386   -4.618   11.250    4.453
 265.40   20.979   21.417   21.418   -4.311   -0.219   -0.021   -4.311   -0.219    0.005    0.091    0.945    9.317    0.474
 265.50   20.390   20.832   20.862   -4.270    1.114   -0.610   -4.270    1.114   -0.680    2.607   -4.758    9.925    2.734
 265.60   21.610   21.898   21.901   -3.543   -0.369    0.610   -3.543   -0.369   -0.225   -2.160    1.307    6.532    1.267
 265.70   20.859   21.040   21.063   -2.755   -0.972   -0.141   -2.755   -0.972    0.137    0.388    2.677    4.276    1.354
 265.80   20.908   21.140   21.147   -3.125    0.556   -0.092   -3.125    0.556   -0.051    0.288   -1.738    5.042    0.881
 265.90   21.072   21.148   21.177   -1.797   -1.108    0.072   -1.797   -1.108   -0.079   -0.129    1.991    2.231    0.998
 266.00   21.060   21.189   21.205   -2.336   -0.813    0.060   -2.336   -0.813   -0.049   -0.141    1.899    3.061    0.953
 266.10   22.308   22.379   22.407   -1.789    1.122    1.308   -1.789    1.122    1.467   -2.339   -2.007    3.084    1.707
 266.20   23.016   23.022   23.114   -0.557    2.053    2.016   -0.557    2.053    4.137   -1.123   -1.144    4.293    2.218
 266.30   22.172   22.177   22.178    0.448    0.222    1.172    0.448    0.222    0.260    0.526    0.099    0.812    0.297
 266.40   23.014   23.037   23.037    1.018    0.179    2.014    1.018    0.179    0.361    2.050    0.182    2.562    1.045
 266.50   23.449   23.474   23.576    1.089    2.190    2.449    1.089    2.190    5.364    2.666    2.384    5.990    3.223
 266.60   24.236   24.236   24.342   -0.020    2.270    3.236   -0.020    2.270    7.345   -0.066   -0.046    7.812    3.673
 266.70   23.752   23.831   23.962   -1.940    2.497    2.752   -1.940    2.497    6.872   -5.339   -4.843    8.786    4.980
 266.80   24.170   24.179   24.298   -0.664    2.395    3.170   -0.664    2.395    7.591   -2.106   -1.591    8.113    4.019
 266.90   23.883   23.904   23.946   -0.990    1.424    2.883   -0.990    1.424    4.105   -2.853   -1.409    5.660    2.597
 267.00   22.857   22.887   22.931   -1.173    1.413    1.857   -1.173    1.413    2.624   -2.179   -1.658    3.411    1.896
 267.10   23.679   23.691   23.728   -0.756    1.317    2.679   -0.756    1.317    3.529   -2.027   -0.996    4.742    2.095
 267.20   24.394   24.416   24.452   -1.028    1.322    3.394   -1.028    1.322    4.488   -3.488   -1.358    7.163    2.922
 267.30   25.418   25.453   25.526   -1.333    1.936    4.418   -1.333    1.936    8.551   -5.890   -2.581   12.520    5.349
 267.40   24.376   24.376   24.493    0.120    2.385    3.376    0.120    2.385    8.052    0.406    0.287    8.551    4.034
 267.50   24.303   24.316   24.438    0.797    2.433    3.303    0.797    2.433    8.036    2.634    1.939    8.733    4.338
 267.60   23.458   23.458   23.509   -0.122    1.542    2.458   -0.122    1.542    3.792   -0.300   -0.188    4.218    1.904
 267.70   24.182   24.182   24.290   -0.105    2.282    3.182   -0.105    2.282    7.263   -0.335   -0.240    7.673    3.637
 267.80   25.291   25.293   25.388   -0.339    2.194    4.291   -0.339    2.194    9.414   -1.454   -0.743   11.671    4.777
 267.90   25.233   25.237   25.415   -0.471    3.001    4.233   -0.471    3.001   12.703   -1.995   -1.414   13.573    6.468
 268.00   24.951   24.979   25.170   -1.182    3.096    3.951   -1.182    3.096   12.235   -4.672   -3.661   13.299    6.799
 268.10   25.124   25.195   25.433   -1.883    3.471    4.124   -1.883    3.471   14.316   -7.765   -6.534   16.301    8.774
 268.20   24.432   24.547   24.724   -2.373    2.955    3.432   -2.373    2.955   10.142   -8.144   -7.012   13.071    7.388
 268.30   23.640   23.748   23.854   -2.259    2.254    2.640   -2.259    2.254    5.951   -5.963   -5.092    8.577    4.922
 268.40   21.498   21.622   21.792   -2.314    2.714    0.498   -2.314    2.714    1.351   -1.152   -6.279    6.483    3.263
 268.50   21.687   21.737   21.840   -1.462    2.119    0.687   -1.462    2.119    1.457   -1.005   -3.099    3.551    1.784
 268.60   23.690   23.729   23.765   -1.368    1.310    2.690   -1.368    1.310    3.522   -3.680   -1.792    5.411    2.700
 268.70   22.554   22.683   22.688   -2.418    0.470    1.554   -2.418    0.470    0.730   -3.757   -1.137    4.241    1.996
 268.80   24.750   25.027   25.084   -3.715    1.685    3.750   -3.715    1.685    6.318  -13.930   -6.259   15.350    8.263
 268.90   25.016   25.205   25.250   -3.084    1.495    4.016   -3.084    1.495    6.003  -12.386   -4.610   13.937    7.258
 269.00   24.683   24.915   24.999   -3.393    2.048    3.683   -3.393    2.048    7.542  -12.496   -6.949   14.635    8.083
 269.10   25.102   25.296   25.374   -3.122    1.989    4.102   -3.122    1.989    8.161  -12.806   -6.210   15.265    8.203
 269.20   26.305   26.585   26.675   -3.849    2.190    5.305   -3.849    2.190   11.620  -20.418   -8.431   23.877   12.480
 269.30   26.445   26.784   26.916   -4.250    2.663    5.445   -4.250    2.663   14.498  -23.142  -11.317   27.401   14.780
 269.40   26.180   26.574   26.677   -4.561    2.343    5.180   -4.561    2.343   12.135  -23.625  -10.685   26.560   14.314
 269.50   24.845   25.513   25.656   -5.798    2.709    3.845   -5.798    2.709   10.416  -22.293  -15.704   27.867   14.595
 269.60   26.668   27.011   27.098   -4.290    2.165    5.668   -4.290    2.165   12.271  -24.316   -9.286   27.609   14.388
 269.70   27.661   27.825   27.839   -3.018    0.871    6.661   -3.018    0.871    5.801  -20.102   -2.628   27.119   10.543
 269.80   27.253   27.399   27.452   -2.819    1.710    6.253   -2.819    1.710   10.695  -17.627   -4.821   24.988   10.587
 269.90   27.532   27.685   27.716   -2.904    1.309    6.532   -2.904    1.309    8.548  -18.971   -3.801   26.409   10.576
 270.00   27.770   27.847   27.871   -2.068    1.145    6.770   -2.068    1.145    7.751  -13.999   -2.367   25.712    8.088
 270.10   27.232   27.262   27.303   -1.276    1.504    6.232   -1.276    1.504    9.371   -7.951   -1.919   21.362    6.219
 270.20   27.691   27.710   27.738   -1.034    1.238    6.691   -1.034    1.238    8.280   -6.921   -1.280   23.683    5.434
 270.30   26.678   26.686   26.743   -0.646    1.748    5.678   -0.646    1.748    9.926   -3.671   -1.130   17.859    5.322
 270.40   26.564   26.565   26.584   -0.245    1.012    5.564   -0.245    1.012    5.628   -1.361   -0.247   16.020    2.898
 270.50   28.022   28.027   28.045   -0.545    1.008    7.022   -0.545    1.008    7.079   -3.828   -0.550   25.308    4.033
 270.60   29.169   29.203   29.241   -1.407    1.498    8.169   -1.407    1.498   12.240  -11.497   -2.109   35.478    8.462
 270.70   30.103   30.260   30.287   -3.075    1.288    9.103   -3.075    1.288   11.723  -27.993   -3.960   46.991   15.303
 270.80   30.106   30.253   30.371   -2.971    2.678    9.106   -2.971    2.678   24.390  -27.057   -7.958   49.463   18.643
 270.90   29.713   29.838   29.933   -2.726    2.390    8.713   -2.726    2.390   20.821  -23.748   -6.514   44.526   16.124
 271.00   30.262   30.389   30.443   -2.766    1.821    9.262   -2.766    1.821   16.863  -25.618   -5.035   48.379   15.540
 271.10   28.769   29.016   29.065   -3.777    1.692    7.769   -3.777    1.692   13.148  -29.342   -6.392   38.741   16.391
 271.20   28.866   29.066   29.072   -3.402   -0.590    7.866   -3.402   -0.590   -4.638  -26.762    2.006   36.901   13.618
 271.30   27.326   27.384   27.421   -1.780   -1.420    6.326   -1.780   -1.420   -8.986  -11.260    2.528   22.602    7.313
 271.40   27.573   27.573   27.627    0.091   -1.715    6.573    0.091   -1.715  -11.276    0.599   -0.156   23.079    5.646
 271.50   27.652   27.653   27.691    0.254   -1.438    6.652    0.254   -1.438   -9.566    1.689   -0.365   23.191    4.860
 271.60   26.416   26.445   26.457   -1.246   -0.779    5.416   -1.246   -0.779   -4.216   -6.749    0.970   15.745    4.008
 271.70   26.117   26.139   26.142   -1.052   -0.393    5.117   -1.052   -0.393   -2.012   -5.382    0.413   13.724    2.880
 271.80   26.230   26.269   26.315   -1.417   -1.559    5.230   -1.417   -1.559   -8.154   -7.410    2.209   15.897    5.619
 271.90   25.465   25.553   25.573   -2.116   -1.014    4.465   -2.116   -1.014   -4.529   -9.450    2.147   12.721    5.348
 272.00   26.967   26.975   26.985   -0.654   -0.748    5.967   -0.654   -0.748   -4.464   -3.900    0.489   18.294    2.974
 272.10   27.530   27.530   27.530   -0.136   -0.133    6.530   -0.136   -0.133   -0.871   -0.887    0.018   21.337    0.622
 272.20   28.713   28.715   28.822    0.395   -2.471    7.713    0.395   -2.471  -19.061    3.045   -0.976   32.875    9.664
 272.30   29.646   29.649   29.818   -0.422   -3.173    8.646   -0.422   -3.173  -27.434   -3.652    1.340   42.497   13.854
 272.40   29.417   29.417   29.591   -0.004   -3.202    8.417   -0.004   -3.202  -26.952   -0.034    0.013   40.551   13.476
 272.50   27.743   27.745   27.816    0.353   -1.986    6.743    0.353   -1.986  -13.389    2.378   -0.700   24.769    6.808
 272.60   29.743   29.746   29.820   -0.415   -2.111    8.743   -0.415   -2.111  -18.457   -3.630    0.877   40.532    9.416
 272.70   29.109   29.109   29.125   -0.061   -0.961    8.109   -0.061   -0.961   -7.792   -0.495    0.059   33.339    3.904
 272.80   29.024   29.024   29.083   -0.031   -1.859    8.024   -0.031   -1.859  -14.916   -0.249    0.058   33.917    7.459
 272.90   28.335   28.336   28.350   -0.250   -0.877    7.335   -0.250   -0.877   -6.435   -1.832    0.219   27.319    3.347
 273.00   28.489   28.492   28.493   -0.470    0.081    7.489   -0.470    0.081    0.605   -3.522   -0.038   28.153    1.787
 273.10   29.483   29.533   29.535   -1.705   -0.393    8.483   -1.705   -0.393   -3.334  -14.464    0.670   37.515    7.429
 273.20   29.861   29.954   30.019   -2.356   -1.980    8.861   -2.356   -1.980  -17.547  -20.874    4.665   43.996   13.833
 273.30   27.921   27.963   28.046   -1.523   -2.155    6.921   -1.523   -2.155  -14.918  -10.540    3.282   27.435    9.279
 273.40   27.116   27.139   27.158   -1.118   -1.011    6.116   -1.118   -1.011   -6.181   -6.835    1.129   19.838    4.642
 273.50   27.743   27.812   27.837   -1.965   -1.169    6.743   -1.965   -1.169   -7.885  -13.251    2.298   25.347    7.795
 273.60   28.547   28.611   28.657   -1.923   -1.616    7.547   -1.923   -1.616  -12.198  -14.516    3.109   31.632    9.607
 273.70   28.844   28.902   28.956   -1.829   -1.770    7.844   -1.829   -1.770  -13.883  -14.343    3.236   34.004   10.111
 273.80   28.673   28.703   28.787   -1.303   -2.199    7.673   -1.303   -2.199  -16.875  -10.001    2.866   32.708    9.912
 273.90   28.175   28.175   28.175    0.024   -0.110    7.175    0.024   -0.110   -0.787    0.170   -0.003   25.745    0.402
 274.00   27.527   27.537   27.543   -0.731   -0.564    6.527   -0.731   -0.564   -3.681   -4.768    0.412   21.728    3.019
 274.10   27.613   27.615   27.737   -0.320   -2.604    6.613   -0.320   -2.604  -17.220   -2.114    0.832   25.305    8.685
 274.20   29.272   29.292   29.509   -1.071   -3.569    8.272   -1.071   -3.569  -29.523   -8.861    3.823   41.159   15.530
 274.30   28.859   28.859   28.974   -0.193   -2.572    7.859   -0.193   -2.572  -20.209   -1.517    0.496   34.204   10.136
 274.40   28.459   28.461   28.498    0.405   -1.446    7.459    0.405   -1.446  -10.785    3.020   -0.585   28.943    5.607
 274.50   28.429   28.434   28.521   -0.572   -2.219    7.429   -0.572   -2.219  -16.483   -4.252    1.270   30.218    8.535
 274.60   28.228   28.241   28.322   -0.859   -2.147    7.228   -0.859   -2.147  -15.520   -6.208    1.845   28.793    8.409
 274.70   29.039   29.048   29.181    0.728   -2.783    8.039    0.728   -2.783  -22.376    5.852   -2.026   36.453   11.609
 274.80   28.935   28.935   28.952   -0.209   -0.973    7.935   -0.209   -0.973   -7.718   -1.656    0.203   31.973    3.948
 274.90   29.827   29.835   29.857   -0.705   -1.155    8.827   -0.705   -1.155  -10.199   -6.221    0.814   39.871    5.987
 275.00   29.764   29.900   29.901   -2.843   -0.193    8.764   -2.843   -0.193   -1.690  -24.917    0.548   42.467   12.490
 275.10   29.558   29.595   29.596   -1.490   -0.175    8.558   -1.490   -0.175   -1.501  -12.749    0.261   37.741    6.420
 275.20   29.903   29.912   29.927    0.761   -0.943    8.903    0.761   -0.943   -8.396    6.773   -0.718   40.362    5.406
 275.30   27.854   27.881   28.010    1.226   -2.685    6.854    1.226   -2.685  -18.402    8.400   -3.291   27.842   10.247
 275.40   25.992   25.994   26.026   -0.309   -1.292    4.992   -0.309   -1.292   -6.449   -1.544    0.399   13.343    3.322
 275.50   26.736   26.738   26.750   -0.326   -0.789    5.736   -0.326   -0.789   -4.528   -1.869    0.257   16.815    2.453
 275.60   27.367   27.369   27.384   -0.398   -0.895    6.367   -0.398   -0.895   -5.699   -2.537    0.357   20.747    3.124
 275.70   27.816   27.859   27.913    1.535   -1.735    6.816    1.535   -1.735  -11.826   10.464   -2.663   25.915    8.007
 275.80   27.299   27.416   27.435    2.524   -1.015    6.299    2.524   -1.015   -6.395   15.901   -2.563   23.542    8.664
 275.90   27.423   27.430   27.434    0.610   -0.440    6.423    0.610   -0.440   -2.826    3.916   -0.268   20.913    2.418
 276.00   24.948   24.964   24.964    0.913   -0.046    3.948    0.913   -0.046   -0.181    3.603   -0.042    8.210    1.804
 276.10   25.516   25.587   25.636    1.913   -1.584    4.516    1.913   -1.584   -7.153    8.640   -3.031   13.280    5.809
 276.20   25.060   25.179   25.246    2.452   -1.838    4.060    2.452   -1.838   -7.464    9.956   -4.509   12.938    6.617
 276.30   26.594   26.676   26.679    2.095   -0.415    5.594    2.095   -0.415   -2.320   11.717   -0.869   17.924    5.988
 276.40   27.807   27.807   27.818    0.190   -0.790    6.807    0.190   -0.790   -5.375    1.292   -0.150   23.495    2.765
 276.50   26.297   26.301   26.358    0.415   -1.742    5.297    0.415   -1.742   -9.226    2.197   -0.722   15.633    4.756
 276.60   26.509   26.522   26.638    0.835   -2.483    5.509    0.835   -2.483  -13.678    4.601   -2.074   18.604    7.290
 276.70   26.170   26.181   26.333    0.748   -2.827    5.170    0.748   -2.827  -14.616    3.869   -2.115   17.641    7.633
 276.80   26.345   26.409   26.527    1.835   -2.504    5.345    1.835   -2.504  -13.382    9.809   -4.595   19.102    8.608
 276.90   25.516   25.529   25.648    0.799   -2.473    4.516    0.799   -2.473  -11.169    3.610   -1.976   13.576    5.951
 277.00   24.776   24.783   24.873    0.558   -2.118    3.776    0.558   -2.118   -7.997    2.107   -1.182    9.528    4.177
 277.10   24.944   24.948   25.241    0.423   -3.835    3.944    0.423   -3.835  -15.126    1.667   -1.621   15.222    7.652
 277.20   26.515   26.586   26.865    1.943   -3.861    5.515    1.943   -3.861  -21.291   10.713   -7.500   24.545   12.493
 277.30   25.894   26.106   26.272    3.326   -2.948    4.894    3.326   -2.948  -14.425   16.277   -9.805   21.850   11.928
 277.40   27.013   27.131   27.265    2.530   -2.698    6.013    2.530   -2.698  -16.225   15.211   -6.827   24.917   11.632
 277.50   25.577   25.800   25.854    3.385   -1.676    4.577    3.385   -1.676   -7.671   15.494   -5.674   17.609    9.098
 277.60   25.615   25.744   25.768    2.577   -1.121    4.615    2.577   -1.121   -5.172   11.890   -2.888   14.596    6.642
 277.70   23.962   23.969   24.008    0.557   -1.370    2.962    0.557   -1.370   -4.058    1.649   -0.762    5.481    2.223
 277.80   23.803   23.901   23.957    2.165   -1.635    2.803    2.165   -1.635   -4.583    6.068   -3.539    7.608    4.194
 277.90   24.419   24.423   24.458    0.415   -1.304    3.419    0.415   -1.304   -4.459    1.418   -0.541    6.782    2.355
 278.00   23.720   23.724   23.743   -0.435   -0.954    2.720   -0.435   -0.954   -2.594   -1.183    0.415    4.248    1.440
 278.10   23.853   23.861   23.878   -0.631   -0.891    2.853   -0.631   -0.891   -2.543   -1.800    0.562    4.666    1.583
 278.20   24.181   24.235   24.308   -1.622   -1.886    3.181   -1.622   -1.886   -5.999   -5.159    3.059    8.152    4.241
 278.30   24.680   24.680   24.680   -0.116    0.047    3.680   -0.116    0.047    0.172   -0.427   -0.005    6.778    0.230
 278.40   24.563   24.653   24.654    2.101   -0.203    3.563    2.101   -0.203   -0.724    7.485   -0.427    8.575    3.766
 278.50   24.851   24.918   24.951    1.831   -1.284    3.851    1.831   -1.284   -4.946    7.050   -2.352    9.916    4.464
 278.60   24.988   25.009   25.029    1.017   -1.014    3.988    1.017   -1.014   -4.043    4.055   -1.031    8.983    2.909
 278.70   25.311   25.395   25.465    2.064   -1.882    4.311    2.064   -1.882   -8.112    8.900   -3.885   13.193    6.327
 278.80   24.039   24.139   24.203    2.195   -1.768    3.039    2.195   -1.768   -5.372    6.670   -3.881    8.589    4.701
 278.90   23.995   24.160   24.178    2.821   -0.946    2.995    2.821   -0.946   -2.833    8.447   -2.669    8.910    4.650
 279.00   23.732   23.979   24.000    3.434   -1.007    2.732    3.434   -1.007   -2.750    9.380   -3.457   10.133    5.184
 279.10   22.215   22.286   22.488    1.787   -3.002    1.215    1.787   -3.002   -3.646    2.171   -5.365    6.841    3.420
 279.20   22.530   22.534   22.566   -0.393   -1.200    1.530   -0.393   -1.200   -1.836   -0.602    0.472    1.968    0.994
 279.30   23.711   23.718   23.760   -0.568   -1.419    2.711   -0.568   -1.419   -3.848   -1.540    0.806    4.844    2.111
 279.40   24.261   24.273   24.441   -0.764   -2.857    3.261   -0.764   -2.857   -9.319   -2.493    2.184    9.692    4.945
 279.50   22.994   22.996   23.122   -0.262   -2.414    1.994   -0.262   -2.414   -4.814   -0.522    0.633    4.936    2.442
 279.60   23.635   23.635   23.740   -0.194   -2.230    2.635   -0.194   -2.230   -5.874   -0.512    0.434    5.975    2.956
 279.70   23.360   23.384   23.428   -1.058   -1.435    2.360   -1.058   -1.435   -3.387   -2.496    1.518    4.374    2.236
 279.80   22.634   22.649   22.652   -0.834   -0.356    1.634   -0.834   -0.356   -0.582   -1.362    0.297    1.745    0.755
 279.90   21.399   21.400   21.404    0.228    0.419    0.399    0.228    0.419    0.167    0.091    0.096    0.193    0.106
 280.00   21.906   21.910   21.910   -0.414    0.007    0.906   -0.414    0.007    0.006   -0.375   -0.003    0.496    0.188
 280.10   22.941   23.031   23.046   -2.033    0.825    1.941   -2.033    0.825    1.601   -3.948   -1.677    4.292    2.289
 280.20   23.360   23.383   23.405   -1.051    1.015    2.360   -1.051    1.015    2.396   -2.479   -1.067    3.851    1.804
 280.30   23.791   23.802   23.858   -0.711    1.631    2.791   -0.711    1.631    4.554   -1.985   -1.160    5.480    2.551
 280.40   22.778   22.846   22.874   -1.770    1.123    1.778   -1.770    1.123    1.996   -3.147   -1.988    3.777    2.112
 280.50   22.235   22.243   22.252   -0.607    0.639    1.235   -0.607    0.639    0.789   -0.750   -0.388    1.151    0.578
 280.60   22.705   22.705   22.706   -0.046   -0.241    1.705   -0.046   -0.241   -0.411   -0.079    0.011    1.484    0.209
 280.70   21.268   21.290   21.343    0.975   -1.498    0.268    0.975   -1.498   -0.401    0.261   -1.460    1.633    0.768
 280.80   21.445   21.463   21.464    0.864    0.222    0.445    0.864    0.222    0.099    0.385    0.192    0.497    0.221
 280.90   22.063   22.063   22.072    0.121    0.634    1.063    0.121    0.634    0.674    0.128    0.076    0.773    0.345
 281.00   22.065   22.097   22.121   -1.194    1.042    1.065   -1.194    1.042    1.109   -1.272   -1.244    1.823    1.048
 281.10   22.100   22.108   22.108   -0.579    0.127    1.100   -0.579    0.127    0.140   -0.637   -0.073    0.781    0.328
 281.20   22.213   22.234   22.263    0.961    1.134    1.213    0.961    1.134    1.376    1.166    1.090    1.841    1.054
 281.30   21.835   21.839   22.051   -0.406    3.052    0.835   -0.406    3.052    2.549   -0.339   -1.240    5.088    1.427
 281.40   20.749   20.750   20.983    0.221    3.118   -0.251    0.221    3.118   -0.783   -0.056    0.691    4.917    0.523
 281.50   20.715   20.715   20.867    0.101    2.509   -0.285    0.101    2.509   -0.714   -0.029    0.252    3.193    0.379
 281.60   20.289   20.291   20.297   -0.231    0.488   -0.711   -0.231    0.488   -0.347    0.165   -0.113    0.398    0.200
 281.70   19.679   19.760   19.763    1.788   -0.359   -1.321    1.788   -0.359    0.474   -2.362   -0.642    2.535    1.246
 281.80   20.698   20.811   20.849    2.166   -1.254   -0.302    2.166   -1.254    0.379   -0.654   -2.716    3.178    1.410
 281.90   21.179   21.210   21.211    1.157   -0.150    0.179    1.157   -0.150   -0.027    0.207   -0.174    0.697    0.136
 282.00   20.630   20.658   20.660    1.085    0.245   -0.370    1.085    0.245   -0.091   -0.401    0.265    0.687    0.245
 282.10   21.221   21.350   21.366    2.337   -0.832    0.221    2.337   -0.832   -0.184    0.517   -1.943    3.100    1.010
 282.20   21.795   21.863   21.913    1.731   -1.471    0.795    1.731   -1.471   -1.169    1.376   -2.546    2.896    1.561
 282.30   20.665   20.785   20.841    2.235   -1.527   -0.335    2.235   -1.527    0.512   -0.750   -3.413    3.720    1.766
 282.40   20.119   20.124   20.143    0.432   -0.886   -0.881    0.432   -0.886    0.780   -0.380   -0.383    0.873    0.474
 282.50   20.648   20.678   20.780   -1.110   -2.061   -0.352   -1.110   -2.061    0.726    0.391    2.289    2.803    1.217
 282.60   20.116   20.127   20.223   -0.656   -1.973   -0.884   -0.656   -1.973    1.744    0.580    1.295    2.552    1.124
 282.70   21.333   21.355   21.389   -0.980   -1.204    0.333   -0.980   -1.204   -0.400   -0.326    1.180    1.260    0.644
 282.80   21.897   21.914   21.963   -0.843   -1.475    0.897   -0.843   -1.475   -1.324   -0.757    1.244    1.846    0.984
 282.90   22.157   22.159   22.216   -0.236   -1.591    1.157   -0.236   -1.591   -1.842   -0.273    0.376    1.964    0.950
 283.00   21.257   21.260   21.323   -0.357   -1.642    0.257   -0.357   -1.642   -0.422   -0.092    0.587    1.445    0.364
 283.10   21.994   21.999   22.005   -0.466   -0.530    0.994   -0.466   -0.530   -0.527   -0.463    0.247    0.743    0.372
 283.20   23.229   23.233   23.235   -0.430   -0.272    2.229   -0.430   -0.272   -0.606   -0.960    0.117    2.615    0.570
 283.30   24.886   24.889   24.905    0.419   -0.892    3.886    0.419   -0.892   -3.467    1.629   -0.374    8.036    1.924
 283.40   25.149   25.150   25.167   -0.161   -0.943    4.149   -0.161   -0.943   -3.914   -0.668    0.152    9.066    1.987
 283.50   25.071   25.071   25.077    0.097    0.536    4.071    0.097    0.536    2.184    0.395    0.052    8.435    1.110
 283.60   25.956   25.957   25.968    0.232    0.774    4.956    0.232    0.774    3.838    1.150    0.180   12.607    2.005
 283.70   25.375   25.392   25.410    0.944    0.948    4.375    0.944    0.948    4.148    4.129    0.895   10.464    2.960
 283.80   23.578   23.623   23.712    1.460    2.053    2.578    1.460    2.053    5.292    3.765    2.998    6.496    3.576
 283.90   23.024   23.026   23.140   -0.245    2.299    2.024   -0.245    2.299    4.655   -0.496   -0.563    4.723    2.358
 284.00   23.099   23.133   23.162   -1.257    1.169    2.099   -1.257    1.169    2.453   -2.638   -1.469    3.675    1.945
 284.10   22.782   22.782   22.857    0.147    1.846    1.782    0.147    1.846    3.288    0.262    0.271    3.301    1.655
 284.20   22.333   22.355   22.413   -0.994    1.617    1.333   -0.994    1.617    2.156   -1.324   -1.607    2.690    1.498
 284.30   21.394   21.395   21.469   -0.196    1.778    0.394   -0.196    1.778    0.701   -0.077   -0.348    1.678    0.393
 284.40   20.821   20.822   21.028    0.245    2.933   -0.179    0.245    2.933   -0.526   -0.044    0.718    4.348    0.446
 284.50   21.323   21.356   21.431   -1.182    1.789    0.323   -1.182    1.789    0.578   -0.382   -2.115    2.352    1.113
 284.60   21.585   21.615   21.625   -1.139    0.649    0.585   -1.139    0.649    0.379   -0.667   -0.739    1.030    0.533
 284.70   21.727   21.778   21.789   -1.486    0.688    0.727   -1.486    0.688    0.500   -1.081   -1.022    1.605    0.785
 284.80   21.861   21.879   21.879    0.892    0.125    0.861    0.892    0.125    0.108    0.767    0.112    0.776    0.391
 284.90   22.160   22.197   22.199    1.289    0.255    1.160    1.289    0.255    0.296    1.495    0.329    1.536    0.780
 285.00   23.566   23.566   23.623    0.016    1.642    2.566    0.016    1.642    4.214    0.042    0.027    4.641    2.107
 285.10   24.000   24.022   24.211    1.023    3.019    3.000    1.023    3.019    9.058    3.068    3.088    9.581    5.025
 285.20   24.593   24.596   24.703    0.370    2.305    3.593    0.370    2.305    8.282    1.330    0.853    9.180    4.216
 285.30   25.298   25.307   25.378   -0.649    1.905    4.298   -0.649    1.905    8.189   -2.791   -1.237   11.263    4.370
 285.40   24.492   24.629   24.829   -2.600    3.140    3.492   -2.600    3.140   10.963   -9.079   -8.164   14.406    8.205
 285.50   24.395   24.464   24.632   -1.838    2.878    3.395   -1.838    2.878    9.768   -6.240   -5.290   11.592    6.371
 285.60   25.534   25.534   25.619   -0.067    2.077    4.534   -0.067    2.077    9.419   -0.303   -0.139   12.439    4.712
 285.70   24.489   24.518   24.584    1.202    1.794    3.489    1.202    1.794    6.259    4.193    2.157    8.417    3.918
 285.80   23.180   23.318   23.337    2.542    0.930    2.180    2.542    0.930    2.028    5.541    2.365    6.039    3.178
 285.90   23.399   23.481   23.629    1.953    2.640    2.399    1.953    2.640    6.333    4.686    5.155    8.269    4.707
 286.00   23.532   23.703   24.029    2.841    3.946    2.532    2.841    3.946    9.992    7.192   11.210   15.027    8.325
 286.10   22.399   22.598   22.626    2.990    1.143    1.399    2.990    1.143    1.599    4.183    3.419    6.103    2.817
 286.20   23.245   23.269   23.302    1.044    1.250    2.245    1.044    1.250    2.806    2.345    1.305    3.847    1.941
 286.30   23.393   23.457   23.494    1.724    1.324    2.393    1.724    1.324    3.168    4.127    2.283    5.226    2.841
 286.40   24.568   24.602   24.624    1.296    1.048    3.568    1.296    1.048    3.737    4.623    1.357    7.753    3.049
 286.50   23.202   23.207   23.209    0.479    0.336    2.202    0.479    0.336    0.741    1.056    0.161    2.596    0.650
 286.60   22.505   22.547   22.549   -1.372   -0.281    1.505   -1.372   -0.281   -0.424   -2.065    0.386    2.114    1.072
 286.70   23.531   23.864   23.869   -3.973    0.492    2.531   -3.973    0.492    1.244  -10.054   -1.954   11.215    5.159
 286.80   23.633   24.203   24.213   -5.223    0.684    2.633   -5.223    0.684    1.802  -13.751   -3.575   17.342    7.161
 286.90   23.287   23.791   23.916   -4.871    2.445    2.287   -4.871    2.445    5.591  -11.140  -11.909   17.468    8.620
 287.00   22.752   23.165   23.207   -4.356    1.394    1.752   -4.356    1.394    2.442   -7.633   -6.073   11.995    5.027
 287.10   22.348   22.593   22.642   -3.317    1.487    1.348   -3.317    1.487    2.004   -4.471   -4.932    7.516    3.476
 287.20   21.084   21.302   21.466   -3.045    2.646    0.084   -3.045    2.646    0.221   -0.255   -8.055    8.139    4.031
 287.30   20.743   20.899   20.956   -2.550    1.542   -0.257   -2.550    1.542   -0.397    0.656   -3.932    4.473    2.003
 287.40   22.154   22.173   22.316   -0.926    2.526    1.154   -0.926    2.526    2.914   -1.069   -2.341    4.286    1.944
 287.50   21.837   21.837   21.949    0.084    2.220    0.837    0.084    2.220    1.857    0.070    0.187    2.818    0.934
 287.60   22.407   22.426   22.545    0.930    2.306    1.407    0.930    2.306    3.244    1.309    2.145    4.081    2.052
 287.70   21.429   21.470   21.503    1.318    1.184    0.429    1.318    1.184    0.508    0.566    1.560    1.661    0.868
 287.80   21.035   21.036   21.057    0.241    0.940    0.035    0.241    0.940    0.033    0.008    0.227    0.472    0.115
 287.90   20.225   20.267   20.268    1.303   -0.194   -0.775    1.303   -0.194    0.150   -1.010   -0.253    1.168    0.526
 288.00   20.044   20.079   20.085    1.186   -0.490   -0.956    1.186   -0.490    0.468   -1.134   -0.581    1.280    0.679
 288.10   18.179   18.210   18.244    1.059    1.116   -2.821    1.059    1.116   -3.147   -2.988    1.182    5.162    2.249
 288.20   19.427   19.590   19.631    2.526    1.265   -1.573    2.526    1.265   -1.990   -3.973    3.195    5.227    2.737
 288.30   18.569   19.062   19.115    4.310    1.416   -2.431    4.310    1.416   -3.442  -10.479    6.101   13.245    6.302
 288.40   19.789   19.886   19.890    1.956    0.401   -1.211    1.956    0.401   -0.486   -2.368    0.785    2.726    1.271
 288.50   19.218   19.221   19.225    0.359    0.384   -1.782    0.359    0.384   -0.684   -0.640    0.138    1.726    0.473
 288.60   20.052   20.107   20.148    1.484   -1.285   -0.948    1.484   -1.285    1.218   -1.407   -1.907    2.376    1.332
 288.70   20.276   20.334   20.348    1.536    0.765   -0.724    1.536    0.765   -0.554   -1.112    1.176    1.734    0.855
 288.80   21.028   21.180   21.200    2.532    0.932    0.028    2.532    0.932    0.026    0.071    2.360    3.641    1.180
 288.90   21.819   21.873   21.884    1.540    0.672    0.819    1.540    0.672    0.551    1.262    1.036    1.748    0.861
 289.00   21.527   21.640   21.696    2.205    1.558    0.527    2.205    1.558    0.821    1.163    3.435    3.784    1.859
 289.10   21.803   21.907   21.918    2.138    0.699    0.803    2.138    0.699    0.561    1.716    1.496    2.852    1.172
 289.20   20.854   20.975   21.000    2.253    1.008   -0.146    2.253    1.008   -0.147   -0.328    2.270    3.056    1.149
 289.30   19.015   19.437   19.473    4.028    1.177   -1.985    4.028    1.177   -2.337   -7.995    4.742   10.775    4.792
 289.40   19.580   19.894   19.894    3.519    0.067   -1.420    3.519    0.067   -0.095   -4.997    0.236    7.202    2.502
 289.50   19.727   20.061   20.063    3.650   -0.275   -1.273    3.650   -0.275    0.351   -4.648   -1.005    7.511    2.384
 289.60   20.656   21.006   21.018    3.819   -0.719   -0.344    3.819   -0.719    0.247   -1.314   -2.746    7.612    1.527
 289.70   19.829   20.013   20.014    2.713    0.053   -1.171    2.713    0.053   -0.062   -3.178    0.144    4.368    1.591
 289.80   20.869   20.987   20.988    2.227    0.192   -0.131    2.227    0.192   -0.025   -0.292    0.428    2.508    0.259
 289.90   21.731   21.938   21.976    3.006    1.300    0.731    3.006    1.300    0.950    2.198    3.907    5.630    2.291
 290.00   21.932   22.165   22.245    3.211    1.876    0.932    3.211    1.876    1.748    2.991    6.024    7.348    3.475
 290.10   22.488   22.666   22.673    2.834    0.588    1.488    2.834    0.588    0.875    4.216    1.666    5.294    2.308
 290.20   21.566   21.852   21.884    3.523    1.194    0.566    3.523    1.194    0.676    1.994    4.207    7.080    2.352
 290.30   21.693   21.976   21.996    3.513    0.945    0.693    3.513    0.945    0.655    2.434    3.320    6.857    2.084
 290.40   21.939   22.107   22.147    2.715    1.334    0.939    2.715    1.334    1.253    2.551    3.622    5.018    2.302
 290.50   21.691   21.864   21.866    2.742    0.310    0.691    2.742    0.310    0.214    1.895    0.851    4.045    1.044
 290.60   20.526   20.625   20.638    2.018   -0.732   -0.474    2.018   -0.732    0.347   -0.956   -1.478    2.416    0.897
 290.70   19.789   19.917   20.011    2.261   -1.933   -1.211    2.261   -1.933    2.341   -2.739   -4.369    5.157    2.832
 290.80   20.286   20.636   20.637    3.784   -0.223   -0.714    3.784   -0.223    0.159   -2.702   -0.845    7.440    1.418
 290.90   21.248   21.406   21.417    2.597    0.673    0.248    2.597    0.673    0.167    0.645    1.748    3.630    0.935
 291.00   22.497   22.649   22.654    2.617    0.493    1.497    2.617    0.493    0.739    3.918    1.291    4.666    2.095
 291.10   23.931   24.041   24.047    2.297    0.499    2.931    2.297    0.499    1.462    6.734    1.146    7.060    3.493
 291.20   22.936   23.064   23.067    2.428   -0.310    1.936    2.428   -0.310   -0.600    4.701   -0.752    4.869    2.399
 291.30   22.483   22.532   22.533    1.485    0.238    1.483    1.485    0.238    0.352    2.202    0.353    2.230    1.129
 291.40   21.249   21.420   21.423    2.701    0.366    0.249    2.701    0.366    0.091    0.672    0.990    3.745    0.600
 291.50   20.745   20.832   20.833    1.900   -0.206   -0.255    1.900   -0.206    0.052   -0.484   -0.391    1.859    0.312
 291.60   21.238   21.287   21.337    1.450   -1.461    0.238    1.450   -1.461   -0.347    0.345   -2.118    2.146    1.087
 291.70   19.510   19.597   19.694    1.844   -1.952   -1.490    1.844   -1.952    2.910   -2.748   -3.600    4.716    2.691
 291.80   19.730   20.013   20.155    3.353   -2.386   -1.270    3.353   -2.386    3.029   -4.257   -8.001    9.274    4.778
 291.90   19.622   20.369   20.458    5.464   -1.909   -1.378    5.464   -1.909    2.630   -7.528  -10.431   17.701    6.565
 292.00   18.970   19.664   19.735    5.179   -1.669   -2.030    5.179   -1.669    3.388  -10.515   -8.643   16.864    7.013
 292.10   19.854   20.269   20.464    4.079   -2.819   -1.146    4.079   -2.819    3.230   -4.674  -11.499   12.949    6.413
 292.20   19.881   20.059   20.213    2.664   -2.489   -1.119    2.664   -2.489    2.785   -2.981   -6.633    7.274    3.893
 292.30   20.405   20.465   20.714    1.566   -3.202   -0.595    1.566   -3.202    1.904   -0.931   -5.015    6.530    2.722
 292.40   21.006   21.015   21.199    0.621   -2.790    0.006    0.621   -2.790   -0.016    0.004   -1.733    4.085    0.867
 292.50   22.426   22.464   22.600    1.299   -2.473    1.426    1.299   -2.473   -3.527    1.853   -3.212    4.918    2.559
 292.60   21.155   21.288   21.290    2.378   -0.304    0.155    2.378   -0.304   -0.047    0.368   -0.723    2.886    0.406
 292.70   20.499   20.798   20.799    3.511    0.205   -0.501    3.511    0.205   -0.102   -1.758    0.718    6.309    0.951
 292.80   19.487   19.804   19.837    3.530    1.137   -1.513    3.530    1.137   -1.720   -5.341    4.013    8.020    3.449
 292.90   20.386   20.756   20.756    3.899    0.073   -0.614    3.899    0.073   -0.045   -2.392    0.284    7.792    1.205
 293.00   20.012   20.565   20.566    4.737    0.122   -0.988    4.737    0.122   -0.121   -4.678    0.579   11.714    2.358
 293.10   20.303   20.674   20.679    3.897    0.456   -0.697    3.897    0.456   -0.318   -2.716    1.776    7.939    1.630
 293.20   19.952   20.246   20.266    3.442    0.895   -1.048    3.442    0.895   -0.938   -3.608    3.080    6.874    2.418
 293.30   20.180   20.367   20.370    2.753    0.332   -0.820    2.753    0.332   -0.272   -2.256    0.913    4.181    1.225
 293.40   19.810   19.997   20.053    2.730    1.495   -1.190    2.730    1.495   -1.779   -3.248    4.081    5.551    2.755
 293.50   18.054   18.134   18.178    1.702    1.270   -2.946    1.702    1.270   -3.741   -5.015    2.162    6.595    3.310
 293.60   18.474   18.671   18.725    2.709    1.416   -2.526    2.709    1.416   -3.577   -6.844    3.836    7.864    4.312
 293.70   19.092   19.286   19.319    2.732    1.121   -1.908    2.732    1.121   -2.139   -5.214    3.062    6.181    3.207
 293.80   18.536   18.903   18.905    3.710   -0.231   -2.464    3.710   -0.231    0.569   -9.143   -0.857    9.946    4.600
 293.90   18.736   18.928   18.973    2.686    1.304   -2.264    2.686    1.304   -2.952   -6.082    3.503    7.021    3.807
 294.00   19.484   19.740   19.755    3.172    0.770   -1.516    3.172    0.770   -1.167   -4.809    2.441    6.475    2.759
 294.10   20.140   20.616   20.622    4.409   -0.468   -0.860    4.409   -0.468    0.403   -3.794   -2.063   10.199    2.169
 294.20   19.354   19.675   19.685    3.540   -0.614   -1.646    3.540   -0.614    1.010   -5.826   -2.173    7.810    3.150
 294.30   19.006   19.477   19.510    4.261   -1.128   -1.994    4.261   -1.128    2.249   -8.498   -4.805   11.703    5.009
 294.40   18.788   19.155   19.173    3.729   -0.823   -2.212    3.729   -0.823    1.821   -8.248   -3.071    9.739    4.494
 294.50   20.319   20.530   20.657    2.936   -2.285   -0.681    2.936   -2.285    1.556   -2.000   -6.709    7.154    3.586
 294.60   19.193   19.285   19.293    1.887   -0.546   -1.807    1.887   -0.546    0.987   -3.411   -1.031    3.563    1.849
 294.70   20.062   20.332   20.354    3.304   -0.935   -0.938    3.304   -0.935    0.877   -3.099   -3.090    6.336    2.232
 294.80   19.243   19.558   19.570    3.495   -0.696   -1.757    3.495   -0.696    1.224   -6.141   -2.434    7.894    3.359
 294.90   19.727   20.201   20.227    4.348    1.029   -1.273    4.348    1.029   -1.309   -5.533    4.474   10.790    3.617
 295.00   20.180   20.391   20.392    2.927   -0.210   -0.820    2.927   -0.210    0.172   -2.402   -0.614    4.643    1.242
 295.10   20.475   20.703   20.707    3.059   -0.408   -0.525    3.059   -0.408    0.214   -1.605   -1.249    4.899    1.022
 295.20   19.844   20.020   20.034    2.653   -0.741   -1.156    2.653   -0.741    0.857   -3.067   -1.966    4.461    1.871
 295.30   18.463   18.701   18.701    2.976    0.093   -2.537    2.976    0.093   -0.235   -7.551    0.276    7.651    3.780
 295.40   18.757   19.163   19.165    3.925   -0.241   -2.243    3.925   -0.241    0.541   -8.803   -0.947   10.248    4.435
 295.50   20.209   20.525   20.555    3.587   -1.117   -0.791    3.587   -1.117    0.884   -2.838   -4.008    7.370    2.495
 295.60   19.352   19.910   20.018    4.678   -2.082   -1.648    4.678   -2.082    3.430   -7.706   -9.737   14.464    6.441
 295.70   19.088   19.147   19.367    1.500   -2.917   -1.912    1.500   -2.917    5.578   -2.869   -4.376    7.208    3.824
 295.80   18.233   18.268   18.570    1.132   -3.332   -2.767    1.132   -3.332    9.219   -3.131   -3.771   10.019    5.220
 295.90   19.531   19.554   19.817    0.950   -3.215   -1.469    0.950   -3.215    4.723   -1.395   -3.054    6.699    2.897
 296.00   18.895   18.978   19.369    1.769   -3.871   -2.105    1.769   -3.871    8.146   -3.724   -6.848   11.271    5.637
 296.10   17.784   17.851   18.208    1.547   -3.588   -3.216    1.547   -3.588   11.540   -4.974   -5.549   12.805    6.869
 296.20   18.356   18.487   18.597    2.196   -2.016   -2.644    2.196   -2.016    5.329   -5.806   -4.428    7.938    4.520
 296.30   19.538   19.624   19.626    1.828   -0.292   -1.462    1.828   -0.292    0.426   -2.671   -0.533    2.781    1.379
 296.40   19.161   19.411   19.418    3.103   -0.515   -1.839    3.103   -0.515    0.947   -5.707   -1.598    6.639    3.001
 296.50   19.587   19.898   19.927    3.505   -1.077   -1.413    3.505   -1.077    1.522   -4.953   -3.775    7.720    3.206
 296.60   21.201   21.493   21.611    3.532   -2.251    0.201    3.532   -2.251   -0.452    0.709   -7.949    8.791    3.997
 296.70   22.913   23.180   23.357    3.505   -2.872    1.913    3.505   -2.872   -5.494    6.705  -10.065   12.095    6.642
 296.80   23.017   23.072   23.186    1.597   -2.293    2.017    1.597   -2.293   -4.624    3.221   -3.662    5.938    3.360
 296.90   23.548   23.584   23.723    1.312   -2.567    2.548    1.312   -2.567   -6.541    3.343   -3.369    7.402    4.041
 297.00   22.670   22.738   22.904    1.766   -2.753    1.670    1.766   -2.753   -4.596    2.948   -4.861    6.741    3.655
 297.10   20.772   20.840   20.882    1.689   -1.325   -0.228    1.689   -1.325    0.302   -0.386   -2.238    2.330    1.145
 297.20   22.413   22.572   22.577    2.675   -0.470    1.413    2.675   -0.470   -0.665    3.780   -1.259    4.687    2.020
 297.30   23.404   23.490   23.580    2.007   -2.064    2.404    2.007   -2.064   -4.961    4.824   -4.143    7.033    4.033
 297.40   22.841   22.955   22.980    2.290   -1.075    1.841    2.290   -1.075   -1.979    4.215   -2.462    4.894    2.634
 297.50   22.440   22.683   22.725    3.314   -1.383    1.440    3.314   -1.383   -1.991    4.771   -4.584    7.485    3.455
 297.60   22.852   23.053   23.065    3.040   -0.743    1.852    3.040   -0.743   -1.377    5.629   -2.260    6.611    3.110
 297.70   22.161   22.235   22.235    1.805    0.093    1.161    1.805    0.093    0.108    2.096    0.167    2.307    1.053
 297.80   22.370   22.384   22.384    0.775   -0.006    1.370    0.775   -0.006   -0.008    1.062   -0.005    1.239    0.531
 297.90   22.420   22.473   22.496    1.546   -1.012    1.420    1.546   -1.012   -1.437    2.195   -1.564    2.715    1.527
 298.00   22.202   22.231   22.293    1.130   -1.668    1.202    1.130   -1.668   -2.005    1.358   -1.885    2.752    1.534
 298.10   22.218   22.237   22.269    0.911   -1.186    1.218    0.911   -1.186   -1.445    1.110   -1.080    1.860    1.059
 298.20   23.326   23.362   23.431    1.302   -1.799    2.326    1.302   -1.799   -4.183    3.027   -2.341    5.169    2.834
 298.30   22.261   22.471   22.498    3.065   -1.102    1.261    3.065   -1.102   -1.389    3.865   -3.377    6.100    2.659
 298.40   21.341   21.627   21.631    3.505   -0.399    0.341    3.505   -0.399   -0.136    1.197   -1.400    6.281    0.924
 298.50   21.366   21.596   21.608    3.144   -0.706    0.366    3.144   -0.706   -0.259    1.151   -2.221    5.260    1.257
 298.60   21.394   21.582   21.590    2.839   -0.618    0.394    2.839   -0.618   -0.244    1.119   -1.754    4.299    1.047
 298.70   21.558   21.741   21.754    2.817   -0.762    0.558    2.817   -0.762   -0.425    1.571   -2.146    4.413    1.347
 298.80   21.931   22.041   22.068    2.200    1.079    0.931    2.200    1.079    1.005    2.049    2.375    3.437    1.647
 298.90   21.500   21.639   21.715    2.452    1.817    0.500    2.452    1.817    0.908    1.226    4.454    4.781    2.354
 299.00   22.180   22.469   22.617    3.591    2.588    1.180    3.591    2.588    3.054    4.237    9.293   10.492    5.330
 299.10   23.255   23.347   23.397    2.072    1.526    2.255    2.072    1.526    3.441    4.672    3.161    5.853    3.304
 299.20   21.705   21.705   21.707    0.050    0.335    0.705    0.050    0.335    0.236    0.035    0.017    0.305    0.119
 299.30   22.071   22.072   22.100   -0.216    1.105    1.071   -0.216    1.105    1.183   -0.232   -0.239    1.207    0.615
 299.40   21.414   21.420   21.500   -0.525    1.851    0.414   -0.525    1.851    0.766   -0.217   -0.972    1.937    0.628
 299.50   21.680   21.712   21.750    1.173    1.291    0.680    1.173    1.291    0.878    0.798    1.514    1.752    0.962
 299.60   21.218   21.294   21.302    1.806   -0.574    0.218    1.806   -0.574   -0.125    0.393   -1.037    1.820    0.558
 299.70   21.454   21.477   21.481    0.984   -0.435    0.454    0.984   -0.435   -0.198    0.447   -0.428    0.682    0.325
 299.80   19.818   19.818   19.818   -0.021   -0.071   -1.182   -0.021   -0.071    0.084    0.025    0.001    0.701    0.044
 299.90   19.392   19.467   19.504   -1.706    1.210   -1.608   -1.706    1.210   -1.946    2.743   -2.064    3.479    1.973
 300.00   19.076   19.126   19.170   -1.388    1.297   -1.924   -1.388    1.297   -2.496    2.671   -1.800    3.655    2.037
 300.10   20.473   20.817   20.852   -3.768    1.203   -0.527   -3.768    1.203   -0.634    1.985   -4.533    7.961    2.495
 300.20   19.707   19.920   19.996   -2.906    1.745   -1.293   -2.906    1.745   -2.257    3.759   -5.072    6.583    3.352
 300.30   17.807   17.879   18.102   -1.603    2.832   -3.193   -1.603    2.832   -9.044    5.118   -4.540   10.394    5.670
 300.40   18.110   18.110   18.239   -0.150    2.162   -2.890   -0.150    2.162   -6.250    0.433   -0.324    6.527    3.137
 300.50   18.914   19.013   19.064   -1.935    1.392   -2.086   -1.935    1.392   -2.904    4.036   -2.693    5.016    2.827
 300.60   17.512   17.717   17.982   -2.685    3.078   -3.488   -2.685    3.078  -10.735    9.363   -8.262   14.422    8.234
 300.70   17.297   17.460   17.756   -2.376    3.230   -3.703   -2.376    3.230  -11.959    8.799   -7.676   14.895    8.357
 300.80   17.574   17.843   18.113   -3.089    3.112   -3.426   -3.089    3.112  -10.664   10.584   -9.614   15.484    8.919
 300.90   17.737   18.050   18.329   -3.342    3.190   -3.263   -3.342    3.190  -10.407   10.904  -10.661   15.995    9.231
 301.00   17.134   17.240   17.765   -1.905    4.288   -3.866   -1.905    4.288  -16.576    7.363   -8.167   18.479    9.946
 301.10   16.919   17.127   17.654   -2.666    4.281   -4.081   -2.666    4.281  -17.472   10.880  -11.411   21.044   11.767
 301.20   16.439   16.708   17.067   -2.981    3.485   -4.561   -2.981    3.485  -15.891   13.596  -10.388   20.914   11.676
 301.30   17.125   17.605   17.829   -4.085    2.819   -3.875   -4.085    2.819  -10.924   15.831  -11.515   19.826   11.209
 301.40   17.603   17.861   18.046   -3.024    2.573   -3.397   -3.024    2.573   -8.740   10.270   -7.780   13.650    7.785
 301.50   17.801   18.130   18.214   -3.437    1.747   -3.199   -3.437    1.747   -5.587   10.994   -6.003   12.548    6.858
 301.60   18.767   19.157   19.221   -3.848    1.571   -2.233   -3.848    1.571   -3.508    8.594   -6.044   11.132    5.539
 301.70   18.985   19.352   19.356   -3.750    0.387   -2.015   -3.750    0.387   -0.779    7.555   -1.451    9.135    3.866
 301.80   19.124   19.316   19.329   -2.713    0.713   -1.876   -2.713    0.713   -1.338    5.090   -1.935    5.695    2.804
 301.90   19.334   19.416   19.429   -1.790    0.691   -1.666   -1.790    0.691   -1.152    2.983   -1.237    3.230    1.715
 302.00   19.146   19.206   19.312   -1.519    2.024   -1.854   -1.519    2.024   -3.753    2.816   -3.074    4.921    2.805
 302.10   20.612   20.612   20.716    0.092    2.075   -0.388    0.092    2.075   -0.806   -0.036    0.190    2.233    0.415
 302.20   21.170   21.215   21.271   -1.372    1.548    0.170   -1.372    1.548    0.264   -0.234   -2.124    2.154    1.076
 302.30   21.984   21.997   22.071   -0.750    1.800    0.984   -0.750    1.800    1.772   -0.738   -1.349    2.385    1.173
 302.40   21.252   21.276   21.536    1.007    3.339    0.252    1.007    3.339    0.842    0.254    3.361    6.111    1.737
 302.50   21.576   21.725   21.977    2.542    3.319    0.576    2.542    3.319    1.911    1.464    8.437    8.904    4.387
 302.60   22.410   22.578   22.872    2.749    3.655    1.410    2.749    3.655    5.153    3.876   10.049   11.453    5.970
 302.70   21.532   21.706   21.953    2.745    3.283    0.532    2.745    3.283    1.746    1.460    9.009    9.296    4.646
 302.80   21.618   21.759   21.873    2.471    2.235    0.618    2.471    2.235    1.381    1.527    5.523    5.742    2.947
 302.90   22.492   22.593   22.643    2.132    1.506    1.492    2.132    1.506    2.247    3.181    3.209    4.519    2.523
 303.00   22.394   22.583   22.603    2.912    0.956    1.394    2.912    0.956    1.333    4.059    2.785    5.669    2.550
 303.10   22.368   22.594   22.601    3.185   -0.563    1.368    3.185   -0.563   -0.770    4.359   -1.793    6.168    2.388
 303.20   24.064   24.144   24.145    1.965   -0.206    3.064    1.965   -0.206   -0.630    6.020   -0.404    6.644    3.033
 303.30   24.166   24.522   24.523    4.165   -0.234    3.166    4.165   -0.234   -0.741   13.187   -0.975   13.714    6.622
 303.40   23.094   23.334   23.335    3.334   -0.252    2.094    3.334   -0.252   -0.527    6.983   -0.839    7.784    3.527
 303.50   23.129   23.315   23.328    2.939   -0.774    2.129    2.939   -0.774   -1.647    6.257   -2.274    6.884    3.429
 303.60   22.832   22.951   22.985    2.331    1.261    1.832    2.331    1.261    2.310    4.270    2.939    5.190    2.838
 303.70   23.927   24.036   24.037    2.284   -0.165    2.927    2.284   -0.165   -0.484    6.687   -0.377    6.907    3.357
 303.80   24.856   24.919   24.919    1.760    0.141    3.856    1.760    0.141    0.544    6.789    0.249    8.995    3.408
 303.90   24.703   24.724   24.727    1.009    0.406    3.703    1.009    0.406    1.504    3.738    0.410    7.450    2.025
 304.00   24.483   24.487   24.492    0.481   -0.493    3.483    0.481   -0.493   -1.717    1.675   -0.237    6.301    1.205
 304.10   25.021   25.022   25.027    0.193   -0.475    4.021    0.193   -0.475   -1.912    0.777   -0.092    8.218    1.033
 304.20   24.483   24.512   24.588   -1.185   -1.939    3.483   -1.185   -1.939   -6.753   -4.127    2.297    8.647    4.120
 304.30   24.496   24.727   24.753   -3.378   -1.115    3.496   -3.378   -1.115   -3.898  -11.807    3.767   12.436    6.496
 304.40   23.279   23.383   23.432   -2.201   -1.520    2.279   -2.201   -1.520   -3.464   -5.017    3.345    6.175    3.477
 304.50   24.611   24.613   24.614    0.334   -0.164    3.611    0.334   -0.164   -0.594    1.205   -0.055    6.589    0.672
 304.60   23.357   23.377   23.404    0.949   -1.124    2.357    0.949   -1.124   -2.649    2.237   -1.066    3.860    1.814
 304.70   24.687   24.796   24.871    2.330   -1.924    3.687    2.330   -1.924   -7.093    8.589   -4.482   11.360    6.003
 304.80   24.960   24.987   25.128    1.177   -2.659    3.960    1.177   -2.659  -10.528    4.662   -3.130   12.067    5.966
 304.90   23.486   23.541   23.644    1.614   -2.200    2.486    1.614   -2.200   -5.469    4.013   -3.552    6.813    3.828
 305.00   23.841   23.900   23.916    1.672   -0.863    2.841    1.672   -0.863   -2.452    4.751   -1.443    5.807    2.769
 305.10   24.847   24.847   25.041   -0.116   -3.107    3.847   -0.116   -3.107  -11.954   -0.445    0.360   12.235    5.984
 305.20   24.957   24.970   25.197    0.819   -3.376    3.957    0.819   -3.376  -13.358    3.240   -2.765   13.862    7.010
 305.30   24.365   24.366   24.647    0.229   -3.708    3.365    0.229   -3.708  -12.478    0.772   -0.851   12.563    6.265
 305.40   24.290   24.303   24.414    0.805   -2.327    3.290    0.805   -2.327   -7.656    2.649   -1.874    8.443    4.157
 305.50   25.264   25.308   25.485    1.507   -2.998    4.264    1.507   -2.998  -12.784    6.424   -4.518   14.720    7.502
 305.60   25.228   25.236   25.315   -0.637   -1.997    4.228   -0.637   -1.997   -8.443   -2.693    1.272   11.135    4.477
 305.70   24.653   24.673   24.678   -1.006   -0.453    3.653   -1.006   -0.453   -1.655   -3.676    0.456    7.281    2.029
 305.80   25.717   25.726   25.741   -0.675   -0.881    4.717   -0.675   -0.881   -4.154   -3.186    0.595   11.743    2.634
 305.90   26.097   26.100   26.114   -0.385   -0.849    5.097   -0.385   -0.849   -4.328   -1.961    0.327   13.424    2.381
 306.00   25.200   25.201   25.202   -0.256   -0.199    4.200   -0.256   -0.199   -0.837   -1.076    0.051    8.873    0.682
 306.10   25.721   25.724   25.732   -0.382   -0.640    4.721   -0.382   -0.640   -3.020   -1.802    0.244   11.423    1.763
 306.20   26.326   26.327   26.334   -0.282   -0.581    5.326   -0.282   -0.581   -3.095   -1.503    0.164   14.390    1.722
 306.30   27.144   27.240   27.240   -2.278   -0.117    6.144   -2.278   -0.117   -0.719  -13.996    0.266   21.476    7.009
 306.40   28.434   28.477   28.498   -1.562   -1.098    7.434   -1.562   -1.098   -8.163  -11.614    1.716   29.453    7.150
 306.50   27.655   27.656   27.681   -0.204   -1.190    6.655   -0.204   -1.190   -7.918   -1.360    0.243   22.874    4.019
 306.60   27.606   27.697   27.736   -2.243   -1.474    6.606   -2.243   -1.474   -9.734  -14.817    3.305   25.420    9.017
 306.70   27.208   27.244   27.254   -1.405   -0.735    6.208   -1.405   -0.735   -4.563   -8.724    1.033   20.528    4.950
 306.80   25.600   25.622   25.624   -1.050   -0.353    4.600   -1.050   -0.353   -1.623   -4.829    0.370   11.194    2.554
 306.90   24.286   24.293   24.314   -0.603   -0.996    3.286   -0.603   -0.996   -3.274   -1.981    0.601    6.077    1.937
 307.00   23.761   23.780   23.805   -0.955   -1.095    2.761   -0.955   -1.095   -3.022   -2.635    1.045    4.865    2.072
 307.10   24.973   24.973   24.999    0.005   -1.157    3.973    0.005   -1.157   -4.594    0.018   -0.005    8.559    2.297
 307.20   25.640   25.640   25.647    0.110   -0.603    4.640    0.110   -0.603   -2.796    0.511   -0.066   10.952    1.422
 307.30   25.616   25.665   25.732    1.585   -1.859    4.616    1.585   -1.859   -8.584    7.314   -2.946   13.639    5.828
 307.40   24.423   24.491   24.653    1.826   -2.824    3.423    1.826   -2.824   -9.666    6.250   -5.156   11.512    6.306
 307.50   23.977   23.983   24.064   -0.546   -1.963    2.977   -0.546   -1.963   -5.844   -1.626    1.072    6.508    3.080
 307.60   22.940   22.945   23.067    0.474   -2.370    1.940    0.474   -2.370   -4.598    0.920   -1.124    4.803    2.411
 307.70   23.135   23.163   23.181   -1.142   -0.923    2.135   -1.142   -0.923   -1.970   -2.438    1.054    3.356    1.653
 307.80   24.579   24.580   24.589   -0.114   -0.668    3.579   -0.114   -0.668   -2.390   -0.409    0.076    6.635    1.213
 307.90   24.000   24.001   24.008    0.239   -0.570    3.000    0.239   -0.570   -1.709    0.716   -0.136    4.692    0.929
 308.00   23.766   23.777   23.800    0.727   -1.034    2.766    0.727   -1.034   -2.859    2.010   -0.751    4.624    1.787
 308.10   22.685   22.685   22.689   -0.004   -0.434    1.685   -0.004   -0.434   -0.731   -0.007    0.002    1.513    0.366
 308.20   23.429   23.433   23.450    0.419   -0.893    2.429    0.419   -0.893   -2.169    1.019   -0.374    3.437    1.213
 308.30   23.926   23.926   23.945    0.131   -0.953    2.926    0.131   -0.953   -2.789    0.382   -0.125    4.744    1.409
 308.40   24.026   24.058   24.059    1.240   -0.214    3.026    1.240   -0.214   -0.649    3.752   -0.266    5.370    1.908
 308.50   23.638   23.667   23.670    1.185    0.330    2.638    1.185    0.330    0.871    3.125    0.391    4.235    1.634
 308.60   22.737   22.841   22.866    2.180    1.069    1.737    2.180    1.069    1.857    3.786    2.330    4.456    2.409
 308.70   21.298   21.592   21.613    3.553    0.960    0.298    3.553    0.960    0.286    1.057    3.410    6.816    1.791
 308.80   21.855   22.098   22.150    3.268    1.510    0.855    3.268    1.510    1.291    2.795    4.934    6.845    2.908
 308.90   22.736   22.761   22.794    1.080    1.214    1.736    1.080    1.214    2.107    1.874    1.311    2.826    1.555
 309.00   21.523   21.670   21.671    2.525    0.194    0.523    2.525    0.194    0.102    1.320    0.490    3.344    0.706
 309.10   22.375   22.601   22.604    3.185    0.341    1.375    3.185    0.341    0.470    4.381    1.088    6.077    2.269
 309.20   21.974   22.051   22.051    1.841   -0.092    0.974    1.841   -0.092   -0.089    1.792   -0.169    2.172    0.901
 309.30   20.854   21.480   21.488    5.148    0.578   -0.146    5.148    0.578   -0.084   -0.751    2.975   13.429    1.535
 309.40   20.520   20.814   20.896    3.484   -1.853   -0.480    3.484   -1.853    0.889   -1.671   -6.455    7.901    3.363
 309.50   21.099   21.149   21.159    1.462   -0.644    0.099    1.462   -0.644   -0.064    0.144   -0.942    1.282    0.478
 309.60   20.646   20.655   20.705    0.627    1.429   -0.354    0.627    1.429   -0.506   -0.222    0.896    1.280    0.526
 309.70   19.203   19.205   19.210    0.224    0.461   -1.797    0.224    0.461   -0.828   -0.402    0.103    1.745    0.463
 309.80   19.188   19.188   19.211    0.116   -0.944   -1.812    0.116   -0.944    1.710   -0.210   -0.109    2.094    0.863
 309.90   17.516   17.517   17.534   -0.209    0.780   -3.484   -0.209    0.780   -2.717    0.728   -0.163    6.395    1.409
 310.00   18.406   18.407   18.451   -0.236    1.275   -2.594   -0.236    1.275   -3.309    0.613   -0.301    4.206    1.689
 310.10   19.916   19.917   19.989   -0.245    1.686   -1.084   -0.245    1.686   -1.828    0.265   -0.413    2.039    0.946
 310.20   20.626   20.626   20.717    0.073    1.932   -0.374    0.073    1.932   -0.722   -0.027    0.140    1.939    0.368
 310.30   20.369   20.379   20.473    0.609    1.969   -0.631    0.609    1.969   -1.242   -0.384    1.199    2.323    0.884
 310.40   19.264   19.274   19.418    0.613    2.360   -1.736    0.613    2.360   -4.097   -1.064    1.447    4.480    2.237
 310.50   18.545   18.623   18.725   -1.705    1.946   -2.455   -1.705    1.946   -4.778    4.185   -3.317    6.360    3.583
 310.60   18.173   18.186   18.293   -0.692    1.972   -2.827   -0.692    1.972   -5.575    1.958   -1.366    6.181    3.032
 310.70   17.581   17.602   17.723    0.850    2.072   -3.419    0.850    2.072   -7.082   -2.906    1.761    8.351    3.928
 310.80   18.348   18.349   18.514   -0.124    2.466   -2.652   -0.124    2.466   -6.539    0.329   -0.306    6.564    3.277
 310.90   17.086   17.123   17.267   -1.128    2.225   -3.914   -1.128    2.225   -8.709    4.413   -2.509   10.771    5.040
 311.00   16.301   16.363   16.589   -1.419    2.728   -4.699   -1.419    2.728  -12.816    6.668   -3.871   15.765    7.478
 311.10   16.599   16.599   16.848   -0.081    2.885   -4.401   -0.081    2.885  -12.698    0.357   -0.234   13.849    6.352
 311.20   16.780   16.946   17.155    2.366    2.667   -4.220    2.366    2.667  -11.255   -9.983    6.310   15.258    8.157
 311.30   17.698   17.755   17.758    1.416    0.322   -3.302    1.416    0.322   -1.065   -4.676    0.457    6.506    2.409
 311.40   18.941   18.951   18.961    0.629    0.624   -2.059    0.629    0.624   -1.285   -1.295    0.392    2.513    0.933
 311.50   19.607   19.618   19.619    0.647    0.148   -1.393    0.647    0.148   -0.207   -0.901    0.096    1.190    0.465
 311.60   20.137   20.172   20.172    1.178   -0.034   -0.863    1.178   -0.034    0.030   -1.016   -0.041    1.067    0.509
 311.70   19.766   19.781   19.819    0.771    1.220   -1.234    0.771    1.220   -1.505   -0.951    0.940    1.802    1.007
 311.80   19.888   19.888   19.918   -0.007   -1.084   -1.112   -0.007   -1.084    1.205    0.008    0.008    1.205    0.602
 311.90   21.296   21.334   21.338    1.280   -0.417    0.296    1.280   -0.417   -0.123    0.378   -0.534    0.950    0.333
 312.00   20.991   21.131   21.132    2.427   -0.268   -0.009    2.427   -0.268    0.002   -0.023   -0.650    2.981    0.325
 312.10   21.998   22.079   22.079    1.887   -0.180    0.998    1.887   -0.180   -0.179    1.883   -0.339    2.294    0.961
 312.20   22.638   22.662   22.672    1.042   -0.681    1.638    1.042   -0.681   -1.115    1.706   -0.709    2.115    1.079
 312.30   22.801   22.867   22.943    1.728   -1.874    1.801    1.728   -1.874   -3.376    3.114   -3.239    4.872    2.810
 312.40   22.332   22.474   22.515    2.528   -1.360    1.332    2.528   -1.360   -1.811    3.367   -3.440    5.008    2.571
 312.50   22.570   22.627   22.645    1.606   -0.907    1.570    1.606   -0.907   -1.424    2.521   -1.456    2.933    1.620
 312.60   22.743   22.763   22.808    0.961   -1.433    1.743    0.961   -1.433   -2.498    1.675   -1.378    3.008    1.654
 312.70   19.914   19.927   19.931    0.719   -0.376   -1.086    0.719   -0.376    0.409   -0.780   -0.270    0.918    0.461
 312.80   19.892   19.896   20.012   -0.428   -2.145   -1.108   -0.428   -2.145    2.377    0.474    0.918    3.005    1.296
 312.90   20.078   20.135   20.243   -1.524   -2.088   -0.922   -1.524   -2.088    1.926    1.406    3.184    3.768    1.989
 313.00   20.988   21.022   21.048   -1.205   -1.040   -0.012   -1.205   -1.040    0.013    0.015    1.254    1.268    0.627
 313.10   21.455   21.498   21.532   -1.362   -1.201    0.455   -1.362   -1.201   -0.547   -0.620    1.636    1.753    0.917
 313.20   21.297   21.297   21.506   -0.084   -2.988    0.297   -0.084   -2.988   -0.888   -0.025    0.252    4.513    0.462
 313.30   20.715   20.715   21.124    0.071   -4.133   -0.285    0.071   -4.133    1.177   -0.020   -0.295    8.585    0.607
 313.40   21.416   21.418   21.589   -0.294   -2.713    0.416   -0.294   -2.713   -1.128   -0.122    0.797    3.811    0.693
 313.50   20.769   20.788   20.896    0.888   -2.120   -0.231    0.888   -2.120    0.490   -0.205   -1.883    2.669    0.978
 313.60   21.029   21.177   21.217    2.501   -1.297    0.029    2.501   -1.297   -0.037    0.072   -3.244    3.969    1.622
 313.70   22.752   22.935   22.937    2.888   -0.332    1.752    2.888   -0.332   -0.581    5.061   -0.958    5.761    2.592
 313.80   21.977   22.025   22.060    1.461   -1.248    0.977    1.461   -1.248   -1.219    1.427   -1.823    2.323    1.308
 313.90   22.336   22.352   22.355    0.845   -0.399    1.336    0.845   -0.399   -0.534    1.129   -0.337    1.329    0.647
 314.00   22.348   22.360   22.362    0.747    0.313    1.348    0.747    0.313    0.422    1.007    0.234    1.236    0.558
 314.10   21.509   21.571   21.574    1.628   -0.356    0.509    1.628   -0.356   -0.181    0.829   -0.579    1.518    0.514
 314.20   21.732   21.736   21.742   -0.402   -0.509    0.732   -0.402   -0.509   -0.373   -0.294    0.205    0.478    0.259
 314.30   22.251   22.253   22.261   -0.279   -0.624    1.251   -0.279   -0.624   -0.780   -0.348    0.174    1.016    0.436
 314.40   21.539   21.540   21.546    0.042   -0.512    0.539    0.042   -0.512   -0.276    0.023   -0.021    0.278    0.139
 314.50   21.812   21.830   21.863   -0.898    1.193    0.812   -0.898    1.193    0.969   -0.730   -1.072    1.445    0.809
 314.60   21.966   21.985   21.994    0.896    0.632    0.966    0.896    0.632    0.611    0.866    0.566    1.068    0.601
 314.70   22.174   22.227   22.227    1.542    0.113    1.174    1.542    0.113    0.132    1.809    0.174    1.884    0.911
 314.80   21.296   21.306   21.306    0.663    0.070    0.296    0.663    0.070    0.021    0.196    0.046    0.266    0.101
 314.90   21.954   21.990   21.991   -1.250    0.171    0.954   -1.250    0.171    0.163   -1.193   -0.214    1.251    0.612
 315.00   22.273   22.311   22.389   -1.291    1.867    1.273   -1.291    1.867    2.378   -1.644   -2.411    3.387    1.882
 315.10   23.139   23.203   23.334   -1.726    2.464    2.139   -1.726    2.464    5.271   -3.692   -4.254    6.814    3.857
 315.20   23.483   23.528   23.596   -1.452    1.792    2.483   -1.452    1.792    4.449   -3.605   -2.602    5.742    3.145
 315.30   24.347   24.347   24.444    0.046    2.175    3.347    0.046    2.175    7.278    0.152    0.099    7.966    3.640
 315.40   24.348   24.356   24.424    0.612    1.825    3.348    0.612    1.825    6.110    2.050    1.118    7.457    3.271
 315.50   26.103   26.132   26.140    1.235    0.664    5.103    1.235    0.664    3.390    6.300    0.820   14.002    3.601
 315.60   26.637   26.647   26.654    0.730    0.586    5.637    0.730    0.586    3.305    4.114    0.428   16.328    2.647
 315.70   25.185   25.200   25.201   -0.871    0.096    4.185   -0.871    0.096    0.402   -3.647   -0.084    9.143    1.835
 315.80   25.680   25.702   25.715   -1.057   -0.817    4.680   -1.057   -0.817   -3.823   -4.946    0.863   11.845    3.155
 315.90   26.032   26.063   26.065   -1.268   -0.299    5.032   -1.268   -0.299   -1.505   -6.378    0.379   13.510    3.282
 316.00   25.969   26.002   26.005   -1.306   -0.446    4.969   -1.306   -0.446   -2.216   -6.491    0.583   13.297    3.442
 316.10   27.042   27.094   27.094   -1.676   -0.152    6.042   -1.676   -0.152   -0.921  -10.124    0.255   19.668    5.084
 316.20   26.827   26.886   26.904   -1.777   -1.002    5.827   -1.777   -1.002   -5.839  -10.352    1.780   19.057    6.009
 316.30   25.705   25.990   26.021   -3.836   -1.267    4.705   -3.836   -1.267   -5.960  -18.047    4.858   19.227    9.808
 316.40   26.847   26.932   26.984   -2.136   -1.685    5.847   -2.136   -1.685   -9.849  -12.489    3.598   20.793    8.153
 316.50   27.367   27.403   27.483   -1.397   -2.102    6.367   -1.397   -2.102  -13.380   -8.895    2.936   23.453    8.167
 316.60   26.331   26.383   26.437   -1.654   -1.696    5.331   -1.654   -1.696   -9.044   -8.819    2.806   17.016    6.470
 316.70   25.887   25.888   25.905   -0.222    0.939    4.887   -0.222    0.939    4.587   -1.084   -0.208   12.405    2.359
 316.80   26.472   26.510   26.593   -1.418    2.090    5.472   -1.418    2.090   11.439   -7.760   -2.964   18.163    7.068
 316.90   26.561   26.604   26.659   -1.511    1.723    5.561   -1.511    1.723    9.582   -8.405   -2.605   18.087    6.505
 317.00   26.629   26.673   26.729   -1.534    1.727    5.629   -1.534    1.727    9.719   -8.633   -2.649   18.508    6.634
 317.10   26.138   26.142   26.163   -0.473    1.049    5.138   -0.473    1.049    5.388   -2.432   -0.496   13.862    2.966
 317.20   25.073   25.076   25.078    0.376   -0.352    4.073    0.376   -0.352   -1.434    1.531   -0.132    8.428    1.051
 317.30   26.408   26.408   26.430    0.023   -1.086    5.408    0.023   -1.086   -5.871    0.124   -0.025   15.214    2.936
 317.40   25.185   25.199   25.232    0.828   -1.292    4.185    0.828   -1.292   -5.405    3.467   -1.070    9.934    3.255
 317.50   25.120   25.125   25.128    0.499    0.421    4.120    0.499    0.421    1.736    2.056    0.210    8.699    1.350
 317.60   26.014   26.015   26.041   -0.162    1.159    5.014   -0.162    1.159    5.810   -0.812   -0.188   13.257    2.935
 317.70   24.425   24.432   24.436   -0.546    0.480    3.425   -0.546    0.480    1.646   -1.871   -0.262    6.131    1.253
 317.80   22.876   22.879   22.893    0.403    0.810    1.876    0.403    0.810    1.520    0.756    0.327    2.168    0.864
 317.90   22.942   22.942   22.942   -0.051    0.035    1.942   -0.051    0.035    0.067   -0.099   -0.002    1.887    0.060
 318.00   23.264   23.266   23.266   -0.264    0.014    2.264   -0.264    0.014    0.033   -0.597   -0.004    2.598    0.299
 318.10   24.397   24.400   24.410   -0.352   -0.701    3.397   -0.352   -0.701   -2.380   -1.195    0.246    6.077    1.337
 318.20   25.850   25.850   25.864    0.082   -0.835    4.850    0.082   -0.835   -4.050    0.399   -0.069   12.115    2.035
 318.30   26.007   26.009   26.030    0.341    1.029    5.007    0.341    1.029    5.153    1.707    0.351   13.123    2.720
 318.40   24.369   24.413   24.428    1.465    0.870    3.369    1.465    0.870    2.932    4.934    1.275    7.125    2.940
 318.50   24.486   24.490   24.490    0.397    0.163    3.486    0.397    0.163    0.569    1.384    0.065    6.170    0.749
 318.60   24.679   24.696   24.696    0.906   -0.138    3.679    0.906   -0.138   -0.508    3.335   -0.125    7.189    1.688
 318.70   25.398   25.405   25.405    0.585    0.176    4.398    0.585    0.176    0.772    2.574    0.103    9.857    1.345
 318.80   25.254   25.254   25.259   -0.045    0.524    4.254   -0.045    0.524    2.227   -0.192   -0.024    9.185    1.118
 318.90   24.250   24.250   24.251   -0.052    0.115    3.250   -0.052    0.115    0.375   -0.169   -0.006    5.290    0.206
 319.00   24.799   24.803   24.806    0.404    0.379    3.799    0.404    0.379    1.441    1.536    0.153    7.372    1.056
 319.10   24.914   24.951   24.982    1.363    1.231    3.914    1.363    1.231    4.819    5.336    1.679    9.347    3.692
 319.20   24.482   24.484   24.500    0.331    0.883    3.482    0.331    0.883    3.073    1.151    0.292    6.506    1.647
 319.30   23.422   23.436   23.511    0.798    1.882    2.422    0.798    1.882    4.558    1.933    1.501    5.023    2.587
 319.40   24.144   24.149   24.177   -0.475    1.156    3.144   -0.475    1.156    3.635   -1.495   -0.549    5.725    1.984
 319.50   23.594   23.626   23.649   -1.229    1.039    2.594   -1.229    1.039    2.697   -3.188   -1.277    4.661    2.183
 319.60   22.755   22.811   22.837   -1.592    1.102    1.755   -1.592    1.102    1.934   -2.793   -1.754    3.414    1.912
 319.70   23.526   23.537   23.594   -0.701    1.647    2.526   -0.701    1.647    4.160   -1.772   -1.155    4.793    2.333
 319.80   24.189   24.189   24.234   -0.144    1.473    3.189   -0.144    1.473    4.696   -0.458   -0.212    6.179    2.362
 319.90   24.343   24.345   24.397    0.333    1.586    3.343    0.333    1.586    5.300    1.113    0.528    6.899    2.721
 320.00   24.104   24.104   24.234    0.116    2.508    3.104    0.116    2.508    7.783    0.361    0.292    7.967    3.898
 320.10   24.071   24.074   24.325   -0.325    3.488    3.071   -0.325    3.488   10.713   -0.998   -1.133   10.853    5.409
 320.20   24.098   24.131   24.301   -1.260    2.869    3.098   -1.260    2.869    8.889   -3.905   -3.616    9.710    5.180
 320.30   23.626   23.628   23.821    0.328    3.026    2.626    0.328    3.026    7.947    0.860    0.991    8.080    4.027
 320.40   23.616   23.629   23.868    0.781    3.371    2.616    0.781    3.371    8.820    2.042    2.632    9.409    4.714
 320.50   22.896   22.898   23.115   -0.296    3.162    1.896   -0.296    3.162    5.996   -0.562   -0.937    6.841    3.047
 320.60   22.148   22.152   22.220    0.432    1.735    1.148    0.432    1.735    1.992    0.496    0.750    2.258    1.093
 320.70   22.963   22.970   22.980    0.569    0.682    1.963    0.569    0.682    1.340    1.116    0.388    2.321    0.893
 320.80   23.318   23.322   23.331   -0.458    0.626    2.318   -0.458    0.626    1.452   -1.062   -0.287    2.987    0.911
 320.90   22.126   22.137   22.155   -0.677    0.909    1.126   -0.677    0.909    1.024   -0.763   -0.616    1.277    0.709
 321.00   22.516   22.516   22.544    0.108    1.118    1.516    0.108    1.118    1.695    0.164    0.121    1.780    0.853
 321.10   23.577   23.584   23.599   -0.575    0.842    2.577   -0.575    0.842    2.169   -1.482   -0.484    3.839    1.336
 321.20   23.441   23.442   23.595   -0.250    2.677    2.441   -0.250    2.677    6.536   -0.611   -0.670    6.595    3.299
 321.30   23.546   23.554   23.582    0.588    1.160    2.546    0.588    1.160    2.954    1.497    0.682    4.088    1.691
 321.40   22.161   22.170   22.171    0.643   -0.087    1.161    0.643   -0.087   -0.101    0.747   -0.056    0.885    0.378
 321.50   21.487   21.488   21.490    0.209    0.310    0.487    0.209    0.310    0.151    0.102    0.065    0.189    0.097
 321.60   22.667   22.683   22.683   -0.846   -0.076    1.667   -0.846   -0.076   -0.126   -1.410    0.064    1.750    0.708
 321.70   23.436   23.534   23.547   -2.139   -0.777    2.436   -2.139   -0.777   -1.894   -5.212    1.662    5.558    2.894
 321.80   23.387   23.579   23.580   -3.002   -0.253    2.387   -3.002   -0.253   -0.603   -7.165    0.758    7.386    3.615
 321.90   23.931   24.150   24.154   -3.245   -0.434    2.931   -3.245   -0.434   -1.271   -9.511    1.407    9.654    4.849
 322.00   23.688   23.744   23.754   -1.629    0.676    2.688   -1.629    0.676    1.817   -4.379   -1.101    5.169    2.434
 322.10   23.898   23.899   23.918    0.254    0.947    2.898    0.254    0.947    2.743    0.737    0.241    4.679    1.425
 322.20   23.482   23.485   23.502    0.378    0.872    2.482    0.378    0.872    2.164    0.939    0.330    3.533    1.191
 322.30   23.895   23.960   23.994    1.765    1.274    2.895    1.765    1.274    3.688    5.110    2.249    6.560    3.346
 322.40   23.630   23.641   23.643    0.730    0.313    2.630    0.730    0.313    0.823    1.919    0.228    3.774    1.050
 322.50   23.578   23.604   23.633    1.107   -1.188    2.578    1.107   -1.188   -3.061    2.855   -1.315    4.641    2.194
 322.60   23.855   23.886   23.914   -1.229    1.150    2.855   -1.229    1.150    3.283   -3.509   -1.414    5.491    2.504
 322.70   23.996   24.008   24.025   -0.777    0.884    2.996   -0.777    0.884    2.650   -2.327   -0.687    5.181    1.796
 322.80   24.035   24.035   24.149    0.033    2.335    3.035    0.033    2.335    7.087    0.100    0.077    7.333    3.544
 322.90   22.885   22.888   23.004   -0.386    2.305    1.885   -0.386    2.305    4.345   -0.728   -0.891    4.508    2.247
 323.00   23.653   23.658   23.737   -0.517    1.933    2.653   -0.517    1.933    5.129   -1.372   -1.000    5.521    2.701
 323.10   23.905   23.994   24.036   -2.057    1.433    2.905   -2.057    1.433    4.164   -5.977   -2.949    7.364    3.929
 323.20   24.487   24.614   24.643   -2.503    1.186    3.487   -2.503    1.186    4.134   -8.726   -2.968    9.913    5.051
 323.30   24.977   25.135   25.140   -2.817    0.496    3.977   -2.817    0.496    1.972  -11.202   -1.397   11.998    5.730
 323.40   25.360   25.702   25.720   -4.177    0.973    4.360   -4.177    0.973    4.243  -18.212   -4.065   18.702    9.568
 323.50   25.152   25.677   25.687   -5.168    0.702    4.152   -5.168    0.702    2.916  -21.456   -3.630   22.219   10.978
 323.60   25.248   25.521   25.529   -3.723   -0.621    4.248   -3.723   -0.621   -2.639  -15.818    2.313   16.149    8.101
 323.70   25.171   25.708   25.717   -5.226   -0.660    4.171   -5.226   -0.660   -2.751  -21.802    3.447   22.576   11.122
 323.80   25.908   26.575   26.595   -5.913    1.036    4.908   -5.913    1.036    5.085  -29.024   -6.126   30.065   15.048
 323.90   24.218   24.693   24.693   -4.818   -0.015    3.218   -4.818   -0.015   -0.047  -15.505    0.071   16.785    7.753
 324.00   22.619   23.010   23.012   -4.224   -0.286    1.619   -4.224   -0.286   -0.463   -6.839    1.208   10.274    3.480
 324.10   20.987   21.245   21.274   -3.304    1.109   -0.013   -3.304    1.109   -0.015    0.044   -3.663    6.074    1.832
 324.20   21.307   21.505   21.513   -2.913    0.570    0.307   -2.913    0.570    0.175   -0.894   -1.659    4.452    0.946
 324.30   23.967   24.073   24.073   -2.264   -0.012    2.967   -2.264   -0.012   -0.037   -6.717    0.028    6.964    3.359
 324.40   23.382   23.558   23.564   -2.874   -0.537    2.382   -2.874   -0.537   -1.280   -6.847    1.544    7.112    3.567
 324.50   24.636   24.796   24.864   -2.806   -1.842    3.636   -2.806   -1.842   -6.698  -10.205    5.169   12.246    6.628
 324.60   25.193   25.334   25.407   -2.666   -1.922    4.193   -2.666   -1.922   -8.061  -11.179    5.125   14.193    7.352
 324.70   24.996   24.997   25.021   -0.237   -1.091    3.996   -0.237   -1.091   -4.360   -0.949    0.259    8.607    2.235
 324.80   26.221   26.234   26.295   -0.846   -1.785    5.221   -0.846   -1.785   -9.318   -4.417    1.510   15.578    5.211
 324.90   25.721   25.828   25.879   -2.350   -1.624    4.721   -2.350   -1.624   -7.668  -11.092    3.817   15.223    7.007
 325.00   25.357   25.584   25.628   -3.401   -1.497    4.357   -3.401   -1.497   -6.524  -14.815    5.092   16.394    8.485
 325.10   25.892   26.170   26.205   -3.807   -1.355    4.892   -3.807   -1.355   -6.629  -18.622    5.159   20.129   10.214
 325.20   25.383   25.785   25.838   -4.537   -1.648    4.383   -4.537   -1.648   -7.222  -19.884    7.475   21.253   11.218
 325.30   25.218   25.683   25.739   -4.868   -1.698    4.218   -4.868   -1.698   -7.163  -20.531    8.268   22.184   11.632
 325.40   26.007   26.452   26.489   -4.830   -1.405    5.007   -4.830   -1.405   -7.035  -24.184    6.786   25.187   13.042
 325.50   27.367   27.605   27.633   -3.617   -1.243    6.367   -3.617   -1.243   -7.917  -23.033    4.498   27.587   12.384
 325.60   26.253   26.392   26.394   -2.710    0.296    5.253   -2.710    0.296    1.556  -14.232   -0.803   17.510    7.170
 325.70   25.900   26.056   26.057   -2.840    0.298    4.900   -2.840    0.298    1.460  -13.919   -0.846   16.085    7.010
 325.80   25.242   25.283   25.284   -1.442   -0.217    4.242   -1.442   -0.217   -0.922   -6.117    0.313   10.061    3.097
 325.90   25.973   26.096   26.110   -2.538    0.831    4.973   -2.538    0.831    4.131  -12.621   -2.109   15.930    6.723
 326.00   24.924   25.011   25.020   -2.091    0.674    3.924   -2.091    0.674    2.644   -8.203   -1.409   10.110    4.366
 326.10   25.296   25.324   25.328   -1.185   -0.480    4.296   -1.185   -0.480   -2.062   -5.089    0.568   10.045    2.760
 326.20   25.934   25.939   25.939    0.494    0.152    4.934    0.494    0.152    0.748    2.439    0.075   12.307    1.276
 326.30   25.951   25.961   25.964    0.712   -0.386    4.951    0.712   -0.386   -1.909    3.527   -0.275   12.586    2.010
 326.40   25.543   25.579   25.580    1.360    0.230    4.543    1.360    0.230    1.043    6.177    0.312   11.269    3.136
 326.50   25.307   25.401   25.402    2.178    0.235    4.307    2.178    0.235    1.011    9.382    0.511   11.676    4.725
 326.60   24.931   25.013   25.092    2.024    1.985    3.931    2.024    1.985    7.801    7.956    4.017   11.744    5.922
 326.70   25.063   25.111   25.239    1.551    2.539    4.063    1.551    2.539   10.318    6.303    3.939   12.683    6.358
 326.80   23.234   23.265   23.312    1.205    1.488    2.234    1.205    1.488    3.324    2.691    1.792    4.327    2.318
 326.90   23.056   23.123   23.202    1.752    1.914    2.056    1.752    1.914    3.935    3.604    3.354    5.481    3.151
 327.00   23.006   23.013   23.044    0.557    1.200    2.006    0.557    1.200    2.408    1.117    0.668    2.888    1.369
 327.10   23.373   23.373   23.388   -0.139   -0.838    2.373   -0.139   -0.838   -1.987   -0.331    0.117    3.175    1.009
 327.20   23.876   23.921   23.976    1.474   -1.619    2.876    1.474   -1.619   -4.657    4.239   -2.387    6.533    3.367
 327.30   23.969   23.992   23.992    1.045    0.090    2.969    1.045    0.090    0.266    3.103    0.094    4.957    1.558
 327.40   23.562   23.565   23.607   -0.378    1.405    2.562   -0.378    1.405    3.600   -0.970   -0.532    4.340    1.883
 327.50   23.220   23.222   23.319   -0.286    2.131    2.220   -0.286    2.131    4.732   -0.635   -0.609    4.776    2.406
 327.60   23.887   23.892   24.033    0.498    2.595    2.887    0.498    2.595    7.492    1.437    1.292    7.659    3.869
 327.70   23.808   23.813   23.923    0.481    2.297    2.808    0.481    2.297    6.448    1.351    1.105    6.694    3.340
 327.80   22.700   22.704   22.791   -0.412    1.993    1.700   -0.412    1.993    3.388   -0.700   -0.820    3.516    1.778
 327.90   25.191   25.247   25.378   -1.679    2.571    4.191   -1.679    2.571   10.777   -7.039   -4.318   13.499    6.788
 328.00   25.166   25.204   25.351   -1.372    2.727    4.166   -1.372    2.727   11.364   -5.716   -3.741   13.340    6.629
 328.10   25.076   25.154   25.184   -1.983    1.227    4.076   -1.983    1.227    5.002   -8.083   -2.433   11.027    4.906
 328.20   24.679   24.785   24.850   -2.286    1.802    3.679   -2.286    1.802    6.629   -8.411   -4.120   11.004    5.737
 328.30   25.115   25.205   25.262   -2.128    1.690    4.115   -2.128    1.690    6.957   -8.759   -3.598   12.162    5.875
 328.40   25.582   25.883   25.911   -3.935    1.201    4.582   -3.935    1.201    5.503  -18.031   -4.726   18.961    9.717
 328.50   25.073   25.116   25.167   -1.471    1.610    4.073   -1.471    1.610    6.557   -5.989   -2.368   10.670    4.595
 328.60   23.975   23.977   23.978   -0.369   -0.096    2.975   -0.369   -0.096   -0.286   -1.099    0.036    4.497    0.568
 328.70   22.701   22.716   22.757   -0.814    1.373    1.701   -0.814    1.373    2.336   -1.384   -1.118    2.721    1.468
 328.80   22.874   22.945   23.022   -1.810    1.879    1.874   -1.810    1.879    3.521   -3.391   -3.401    5.158    2.977
 328.90   23.605   23.717   23.725   -2.302    0.588    2.605   -2.302    0.588    1.532   -5.998   -1.354    6.217    3.168
 329.00   23.624   23.861   23.871   -3.354   -0.692    2.624   -3.354   -0.692   -1.815   -8.804    2.320    9.309    4.642
 329.10   22.415   22.783   22.796   -4.075   -0.782    1.415   -4.075   -0.782   -1.107   -5.768    3.187    9.609    3.341
 329.20   22.832   23.162   23.189   -3.899   -1.104    1.832   -3.899   -1.104   -2.022   -7.142    4.303    9.887    4.290
 329.30   24.139   24.711   24.785   -5.286   -1.923    3.139   -5.286   -1.923   -6.035  -16.592   10.166   20.747   10.186
 329.40   24.518   25.223   25.235   -5.922   -0.787    3.518   -5.922   -0.787   -2.769  -20.833    4.663   24.034   10.763
 329.50   24.821   25.264   25.319   -4.709   -1.665    3.821   -4.709   -1.665   -6.363  -17.995    7.841   19.776   10.318
 329.60   24.434   24.786   24.801   -4.160   -0.879    3.434   -4.160   -0.879   -3.018  -14.285    3.655   14.934    7.525
 329.70   24.609   24.795   24.883   -3.032   -2.085    3.609   -3.032   -2.085   -7.527  -10.942    6.322   13.283    7.354
 329.80   24.164   24.186   24.243   -1.023   -1.670    3.164   -1.023   -1.670   -5.284   -3.238    1.709    6.924    3.214
 329.90   24.940   24.940   25.012   -0.034   -1.899    3.940   -0.034   -1.899   -7.480   -0.134    0.065    9.563    3.741
 330.00   24.547   24.625   24.795   -1.965   -2.899    3.547   -1.965   -2.899  -10.284   -6.969    5.697   12.424    6.833
 330.10   23.929   23.930   24.045   -0.212   -2.349    2.929   -0.212   -2.349   -6.880   -0.621    0.498    7.070    3.463
 330.20   22.974   23.021   23.119   -1.474   -2.124    1.974   -1.474   -2.124   -4.192   -2.908    3.130    5.289    2.993
 330.30   23.299   23.299   23.658   -0.012   -4.101    2.299   -0.012   -4.101   -9.430   -0.028    0.050   11.053    4.715
 330.40   24.228   24.246   24.599   -0.933   -4.158    3.228   -0.933   -4.158  -13.420   -3.012    3.880   14.288    7.145
 330.50   26.051   26.178   26.412   -2.573   -3.512    5.051   -2.573   -3.512  -17.738  -12.997    9.036   22.233   11.887
 330.60   25.833   25.923   26.011   -2.161   -2.142    4.833   -2.161   -2.142  -10.351  -10.441    4.627   16.305    7.707
 330.70   25.751   25.842   25.970   -2.176   -2.568    4.751   -2.176   -2.568  -12.200  -10.337    5.588   16.949    8.469
 330.80   27.867   28.047   28.240   -3.170   -3.295    6.867   -3.170   -3.295  -22.629  -21.771   10.446   34.034   16.546
 330.90   29.287   29.555   29.769   -3.975   -3.558    8.287   -3.975   -3.558  -29.481  -32.938   14.140   48.564   23.205
 331.00   27.145   27.585   27.635   -4.904   -1.669    6.145   -4.904   -1.669  -10.259  -30.140    8.188   32.303   16.437
 331.10   26.697   26.942   26.958   -3.626   -0.938    5.697   -3.626   -0.938   -5.346  -20.655    3.402   23.240   10.803
 331.20   26.722   27.097   27.143   -4.492   -1.576    5.722   -4.492   -1.576   -9.020  -25.705    7.080   27.704   14.073
 331.30   26.175   26.502   26.507   -4.149   -0.497    5.175   -4.149   -0.497   -2.573  -21.471    2.063   22.121   10.862
 331.40   27.739   28.143   28.160   -4.747    0.995    6.739   -4.747    0.995    6.708  -31.994   -4.725   34.474   16.515
 331.50   27.225   27.481   27.489   -3.742   -0.653    6.225   -3.742   -0.653   -4.063  -23.297    2.443   26.592   11.887
 331.60   26.884   26.949   27.036   -1.871   -2.167    5.884   -1.871   -2.167  -12.753  -11.007    4.054   21.411    8.663
 331.70   27.116   27.207   27.255   -2.218   -1.615    6.116   -2.218   -1.615   -9.880  -13.565    3.583   22.469    8.580
 331.80   27.651   27.752   27.812   -2.361   -1.828    6.651   -2.361   -1.828  -12.159  -15.703    4.316   26.577   10.162
 331.90   27.423   27.534   27.610   -2.472   -2.050    6.423   -2.472   -2.050  -13.165  -15.877    5.066   25.783   10.619
 332.00   27.112   27.262   27.381   -2.854   -2.550    6.112   -2.854   -2.550  -15.587  -17.447    7.280   26.005   12.251
 332.10   27.162   27.263   27.378   -2.340   -2.513    6.162   -2.340   -2.513  -15.486  -14.417    5.879   24.881   10.980
 332.20   27.169   27.281   27.318   -2.469   -1.422    6.169   -2.469   -1.422   -8.770  -15.231    3.510   23.084    8.961
 332.30   26.360   26.480   26.525   -2.518   -1.542    5.360   -2.518   -1.542   -8.266  -13.494    3.883   18.722    8.147
 332.40   25.795   26.023   26.096   -3.436   -1.945    4.795   -3.436   -1.945   -9.329  -16.480    6.685   19.295   10.041
 332.50   24.847   25.058   25.174   -3.245   -2.415    3.847   -3.245   -2.415   -9.289  -12.481    7.836   15.578    8.710
 332.60   24.267   24.432   24.456   -2.829   -1.095    3.267   -2.829   -1.095   -3.577   -9.243    3.097    9.939    5.192
 332.70   23.847   23.867   23.954   -0.956   -2.047    2.847   -0.956   -2.047   -5.829   -2.722    1.957    6.606    3.362
 332.80   23.178   23.182   23.199   -0.449   -0.879    2.178   -0.449   -0.879   -1.914   -0.978    0.395    2.859    1.093
 332.90   21.989   22.032   22.038   -1.387   -0.497    0.989   -1.387   -0.497   -0.492   -1.371    0.690    1.574    0.806
 333.00   21.543   21.633   21.644   -1.969   -0.691    0.543   -1.969   -0.691   -0.375   -1.069    1.361    2.325    0.886
 333.10   20.994   21.119   21.122   -2.295   -0.349   -0.006   -2.295   -0.349    0.002    0.015    0.801    2.694    0.400
 333.20   21.063   21.141   21.222   -1.817   -1.846    0.063   -1.817   -1.846   -0.116   -0.114    3.354    3.356    1.679
 333.30   19.742   19.743   19.898   -0.236   -2.474   -1.258   -0.236   -2.474    3.113    0.297    0.584    3.880    1.591
 333.40   20.555   20.560   20.638   -0.429   -1.800   -0.445   -0.429   -1.800    0.801    0.191    0.773    1.812    0.565
 333.50   20.954   20.955   21.004    0.244   -1.427   -0.046    0.244   -1.427    0.066   -0.011   -0.349    1.049    0.178
 333.60   20.976   20.979   21.183   -0.373   -2.934   -0.024   -0.373   -2.934    0.070    0.009    1.095    4.373    0.548
 333.70   22.627   22.687   22.900   -1.643   -3.115    1.627   -1.643   -3.115   -5.069   -2.673    5.119    7.527    3.842
 333.80   22.961   23.011   23.098   -1.503   -2.003    1.961   -1.503   -2.003   -3.929   -2.949    3.012    5.060    2.881
 333.90   22.176   22.213   22.220   -1.286   -0.527    1.176   -1.286   -0.527   -0.620   -1.512    0.678    1.657    0.885
 334.00   21.674   21.701   21.703   -1.097   -0.247    0.674   -1.097   -0.247   -0.167   -0.739    0.271    0.859    0.402
 334.10   21.148   21.151   21.152   -0.375    0.177    0.148   -0.375    0.177    0.026   -0.055   -0.066    0.097    0.045
 334.20   21.280   21.324   21.329   -1.375   -0.470    0.280   -1.375   -0.470   -0.132   -0.385    0.647    1.095    0.382
 334.30   21.387   21.454   21.483   -1.694   -1.102    0.387   -1.694   -1.102   -0.427   -0.656    1.867    2.117    1.012
 334.40   20.871   20.973   21.037   -2.060   -1.639   -0.129   -2.060   -1.639    0.211    0.265    3.377    3.474    1.697
 334.50   20.297   20.503   20.598   -2.902   -1.972   -0.703   -2.902   -1.972    1.386    2.041    5.723    6.403    3.116
 334.60   20.133   20.517   20.658   -3.953   -2.410   -0.867   -3.953   -2.410    2.090    3.428    9.528   11.093    5.169
 334.70   20.901   21.282   21.375   -4.007   -1.993   -0.099   -4.007   -1.993    0.197    0.397    7.985   10.020    3.999
 334.80   20.441   20.601   20.764   -2.564   -2.595   -0.559   -2.564   -2.595    1.450    1.433    6.652    6.809    3.479
 334.90   20.811   20.880   21.150   -1.696   -3.368   -0.189   -1.696   -3.368    0.637    0.321    5.713    7.129    2.879
 335.00   20.890   20.926   21.138   -1.241   -2.985   -0.110   -1.241   -2.985    0.330    0.137    3.704    5.231    1.861
 335.10   21.766   21.797   22.096   -1.157   -3.621    0.766   -1.157   -3.621   -2.775   -0.887    4.191    7.519    2.552
 335.20   20.941   21.095   21.795   -2.545   -5.479   -0.059   -2.545   -5.479    0.321    0.149   13.944   18.251    6.974
 335.30   19.758   19.923   20.205   -2.563   -3.362   -1.242   -2.563   -3.362    4.177    3.185    8.618    9.709    5.046
 335.40   19.000   19.147   19.232   -2.368   -1.805   -2.000   -2.368   -1.805    3.611    4.737    4.275    6.434    3.666
 335.50   18.601   18.667   19.052   -1.571   -3.807   -2.399   -1.571   -3.807    9.133    3.769    5.981   11.359    5.775
 335.60   19.088   19.130   19.376   -1.267   -3.075   -1.912   -1.267   -3.075    5.880    2.423    3.897    7.360    3.729
 335.70   19.670   19.856   20.024   -2.710   -2.594   -1.330   -2.710   -2.594    3.450    3.605    7.029    7.921    4.310
 335.80   21.195   21.220   21.729   -1.038   -4.677    0.195   -1.038   -4.677   -0.911   -0.202    4.855   11.493    2.472
 335.90   21.926   21.944   22.251   -0.890   -3.688    0.926   -0.890   -3.688   -3.413   -0.824    3.282    7.624    2.403
 336.00   21.599   21.610   21.895   -0.693   -3.515    0.599   -0.693   -3.515   -2.107   -0.415    2.435    6.598    1.623
 336.10   21.148   21.216   21.391   -1.702   -2.730    0.148   -1.702   -2.730   -0.404   -0.252    4.648    5.187    2.336
 336.20   20.481   20.553   20.691   -1.710   -2.392   -0.519   -1.710   -2.392    1.241    0.887    4.091    4.458    2.183
 336.30   20.262   20.341   20.402   -1.792   -1.577   -0.738   -1.792   -1.577    1.164    1.322    2.827    3.122    1.665
 336.40   21.182   21.208   21.334   -1.035   -2.322    0.182   -1.035   -2.322   -0.424   -0.189    2.404    3.249    1.224
 336.50   21.123   21.129   21.285    0.490   -2.578    0.123    0.490   -2.578   -0.317    0.060   -1.262    3.450    0.651
 336.60   22.276   22.296   22.467    0.936   -2.766    1.276    0.936   -2.766   -3.531    1.195   -2.590    5.080    2.270
 336.70   22.506   22.552   22.611    1.443   -1.623    1.506    1.443   -1.623   -2.445    2.173   -2.342    3.492    2.011
 336.80   22.352   22.352   22.381    0.174   -1.123    1.352    0.174   -1.123   -1.517    0.235   -0.195    1.559    0.774
 336.90   21.768   21.797   21.819   -1.110   -0.986    0.768   -1.110   -0.986   -0.758   -0.853    1.094    1.397    0.790
 337.00   20.627   20.656   20.694    1.086   -1.258   -0.373    1.086   -1.258    0.469   -0.405   -1.366    1.450    0.750
 337.10   20.927   20.956   20.971    1.115   -0.774   -0.073    1.115   -0.774    0.057   -0.082   -0.863    0.924    0.434
 337.20   20.594   20.600   20.645   -0.485   -1.363   -0.406   -0.485   -1.363    0.553    0.197    0.661    1.128    0.442
 337.30   20.673   20.684   20.731   -0.681   -1.390   -0.327   -0.681   -1.390    0.454    0.223    0.947    1.251    0.537
 337.40   20.427   20.497   20.565   -1.682   -1.674   -0.573   -1.682   -1.674    0.959    0.963    2.816    2.980    1.564
 337.50   21.273   21.387   21.434   -2.200   -1.416    0.273   -2.200   -1.416   -0.387   -0.602    3.115    3.460    1.598
 337.60   20.673   20.854   20.854   -2.739    0.031   -0.327   -2.739    0.031   -0.010    0.896   -0.084    3.806    0.450
 337.70   21.270   21.438   21.439   -2.675   -0.261    0.270   -2.675   -0.261   -0.070   -0.723    0.697    3.650    0.503
 337.80   22.097   22.284   22.385   -2.881   -2.127    1.097   -2.881   -2.127   -2.334   -3.160    6.128    7.014    3.640
 337.90   21.933   22.072   22.268   -2.472   -2.953    0.933   -2.472   -2.953   -2.755   -2.306    7.301    7.851    4.068
 338.00   21.393   21.399   21.448   -0.500   -1.449    0.393   -0.500   -1.449   -0.569   -0.196    0.724    1.251    0.471
 338.10   21.332   21.348   21.396    0.833   -1.423    0.332    0.833   -1.423   -0.472    0.277   -1.185    1.414    0.653
 338.20   21.443   21.444   21.507    0.167   -1.645    0.443    0.167   -1.645   -0.729    0.074   -0.274    1.466    0.391
 338.30   21.612   21.720   21.769    2.163   -1.467    0.612    2.163   -1.467   -0.897    1.323   -3.174    3.603    1.777
 338.40   22.328   22.430   22.478    2.132   -1.471    1.328    2.132   -1.471   -1.954    2.832   -3.137    4.237    2.328
 338.50   22.378   22.423   22.428    1.418   -0.476    1.378    1.418   -0.476   -0.656    1.954   -0.675    2.068    1.084
 338.60   21.633   21.687   21.693    1.530   -0.496    0.633    1.530   -0.496   -0.314    0.969   -0.759    1.494    0.635
 338.70   22.554   22.557   22.557    0.357    0.168    1.554    0.357    0.168    0.262    0.555    0.060    1.285    0.308
 338.80   23.205   23.208   23.269    0.380    1.681    2.205    0.380    1.681    3.705    0.837    0.638    3.915    1.926
 338.90   24.323   24.323   24.323   -0.029   -0.109    3.323   -0.029   -0.109   -0.361   -0.095    0.003    5.526    0.187
 339.00   24.523   24.530   24.530   -0.598    0.090    3.523   -0.598    0.090    0.316   -2.106   -0.054    6.388    1.065
 339.10   23.598   23.601   23.601    0.368    0.098    2.598    0.368    0.098    0.254    0.955    0.036    3.446    0.494
 339.20   24.349   24.441   24.454    2.117   -0.794    3.349    2.117   -0.794   -2.660    7.091   -1.682    8.165    3.879
 339.30   25.135   25.236   25.238    2.248    0.346    4.135    2.248    0.346    1.432    9.297    0.779   11.137    4.719
 339.40   25.249   25.311   25.331    1.769    1.002    4.249    1.769    1.002    4.257    7.515    1.772   11.092    4.408
 339.50   25.070   25.074   25.113   -0.442    1.413    4.070   -0.442    1.413    5.751   -1.798   -0.624    9.377    3.029
 339.60   25.404   25.428   25.629   -1.096    3.204    4.404   -1.096    3.204   14.112   -4.826   -3.511   15.432    7.661
 339.70   25.893   25.898   26.132   -0.476    3.494    4.893   -0.476    3.494   17.096   -2.327   -1.661   18.188    8.667
 339.80   25.132   25.134   25.188    0.273    1.647    4.132    0.273    1.647    6.807    1.129    0.450    9.933    3.457
 339.90   25.707   25.712   25.860    0.542    2.757    4.707    0.542    2.757   12.975    2.549    1.493   15.022    6.654
 340.00   24.360   24.454   24.562    2.150    2.296    3.360    2.150    2.296    7.712    7.224    4.936   10.590    5.832
 340.10   24.455   24.527   24.533    1.879    0.536    3.455    1.879    0.536    1.853    6.493    1.008    7.879    3.413
 340.20   24.718   24.733   24.734    0.864    0.200    3.718    0.864    0.200    0.742    3.212    0.172    7.304    1.650
 340.30   25.121   25.123   25.177    0.336   -1.649    4.121    0.336   -1.649   -6.796    1.385   -0.554    9.906    3.479
 340.40   25.539   25.561   25.623   -1.067   -1.780    4.539   -1.067   -1.780   -8.080   -4.844    1.900   12.456    4.805
 340.50   25.488   25.512   25.526   -1.115   -0.829    4.488   -1.115   -0.829   -3.723   -5.003    0.925   11.036    3.152
 340.60   25.210   25.215   25.215    0.485   -0.028    4.210    0.485   -0.028   -0.119    2.041   -0.014    8.981    1.022
 340.70   24.854   24.862   24.884    0.626    1.058    3.854    0.626    1.058    4.078    2.411    0.662    8.181    2.392
 340.80   24.929   24.942   24.965   -0.798    1.082    3.929   -0.798    1.082    4.250   -3.134   -0.863    8.621    2.675
 340.90   25.709   25.749   25.773   -1.436    1.098    4.709   -1.436    1.098    5.173   -6.761   -1.577   12.723    4.329
 341.00   25.391   25.416   25.452   -1.129    1.365    4.391   -1.129    1.365    5.992   -4.956   -1.540   11.208    3.964
 341.10   24.381   24.425   24.463   -1.467   -1.367    3.381   -1.467   -1.367   -4.622   -4.959    2.006    7.725    3.535
 341.20   23.657   23.658   23.712   -0.143   -1.610    2.657   -0.143   -1.610   -4.280   -0.381    0.231    4.838    2.151
 341.30   23.523   23.528   23.540   -0.503   -0.753    2.523   -0.503   -0.753   -1.901   -1.269    0.379    3.592    1.158
 341.40   24.999   25.001   25.033    0.311   -1.250    3.999    0.311   -1.250   -4.999    1.244   -0.389    8.827    2.583
 341.50   23.808   23.808   23.881    0.005   -1.864    2.808    0.005   -1.864   -5.235    0.015   -0.010    5.680    2.617
 341.60   24.206   24.214   24.364    0.630   -2.696    3.206    0.630   -2.696   -8.644    2.021   -1.699    8.972    4.519
 341.70   23.966   24.098   24.217    2.519   -2.396    2.966    2.519   -2.396   -7.106    7.472   -6.034   10.442    5.974
 341.80   24.789   24.855   24.871    1.818   -0.887    3.789    1.818   -0.887   -3.362    6.886   -1.613    9.223    3.916
 341.90   24.748   24.780   24.780    1.254    0.027    3.748    1.254    0.027    0.102    4.701    0.034    7.810    2.351
 342.00   25.299   25.334   25.335    1.337    0.250    4.299    1.337    0.250    1.073    5.749    0.334   10.165    2.929
 342.10   25.427   25.427   25.439    0.023    0.756    4.427    0.023    0.756    3.349    0.103    0.018   10.087    1.675
 342.20   26.234   26.252   26.281    0.967    1.236    5.234    0.967    1.236    6.471    5.064    1.196   14.931    4.152
 342.30   26.745   26.818   26.945    1.983    2.612    5.745    1.983    2.612   15.006   11.392    5.180   21.878    9.770
 342.40   26.902   26.990   27.051    2.185    1.809    5.902    2.185    1.809   10.677   12.894    3.953   21.438    8.601
 342.50   26.887   26.954   27.090    1.901    2.714    5.887    1.901    2.714   15.979   11.193    5.161   22.819   10.090
 342.60   27.612   27.663   27.759    1.683    2.313    6.612    1.683    2.313   15.296   11.127    3.894   25.949    9.656
 342.70   26.064   26.073   26.285    0.690    3.329    5.064    0.690    3.329   16.856    3.493    2.296   18.599    8.683
 342.80   25.694   25.705   25.915   -0.770    3.292    4.694   -0.770    3.292   15.451   -3.613   -2.533   16.730    8.035
 342.90   26.027   26.032   26.317   -0.475    3.868    5.027   -0.475    3.868   19.446   -2.390   -1.839   20.231    9.839
 343.00   26.737   26.780   26.957   -1.512    3.082    5.737   -1.512    3.082   17.683   -8.672   -4.659   22.349   10.119
 343.10   26.572   26.620   26.702   -1.605    2.088    5.572   -1.605    2.088   11.635   -8.943   -3.352   18.990    7.526
 343.20   26.906   26.934   27.018   -1.211    2.129    5.906   -1.211    2.129   12.576   -7.155   -2.579   20.443    7.349
 343.30   27.557   27.564   27.614   -0.656    1.653    6.557   -0.656    1.653   10.837   -4.302   -1.084   23.076    5.855
 343.40   27.022   27.026   27.045   -0.455    1.005    6.022   -0.455    1.005    6.054   -2.740   -0.457   18.742    3.331
 343.50   26.820   26.959   26.994   -2.735    1.388    5.820   -2.735    1.388    8.076  -15.915   -3.795   21.636    9.123
 343.60   27.124   27.383   27.398   -3.763    0.909    6.124   -3.763    0.909    5.564  -23.043   -3.419   26.242   11.975
 343.70   26.951   27.044   27.044   -2.245    0.110    5.951   -2.245    0.110    0.655  -13.359   -0.247   20.231    6.689
 343.80   27.559   27.612   27.614   -1.710   -0.360    6.559   -1.710   -0.360   -2.359  -11.213    0.615   23.034    5.737
 343.90   27.466   27.467   27.547    0.210   -2.094    6.466    0.210   -2.094  -13.542    1.360   -0.440   23.121    6.809
 344.00   25.572   25.590   25.694    0.973   -2.305    4.572    0.973   -2.305  -10.540    4.449   -2.243   13.582    5.829
 344.10   25.852   25.927   25.940    1.981   -0.793    4.852    1.981   -0.793   -3.847    9.610   -1.571   14.046    5.235
 344.20   26.360   26.454   26.454    2.228   -0.117    5.360    2.228   -0.117   -0.625   11.944   -0.260   16.854    5.982
 344.30   24.795   24.868   24.919    1.902    1.598    3.795    1.902    1.598    6.065    7.219    3.040   10.288    4.953
 344.40   24.645   24.652   24.688    0.578    1.331    3.645    0.578    1.331    4.852    2.108    0.770    7.696    2.673
 344.50   24.551   24.558   24.590    0.606    1.252    3.551    0.606    1.252    4.445    2.151    0.758    7.271    2.498
 344.60   25.150   25.184   25.189    1.307   -0.483    4.150    1.307   -0.483   -2.005    5.423   -0.631    9.583    2.908
 344.70   25.605   25.606   25.658   -0.172   -1.634    4.605   -0.172   -1.634   -7.525   -0.793    0.281   11.955    3.786
 344.80   24.574   24.574   24.650    0.143   -1.931    3.574    0.143   -1.931   -6.901    0.510   -0.276    8.260    3.463
 344.90   24.498   24.548   24.572    1.564   -1.087    3.498    1.564   -1.087   -3.802    5.470   -1.700    7.932    3.438
 345.00   24.589   24.612   24.617    1.082   -0.449    3.589    1.082   -0.449   -1.613    3.883   -0.486    7.125    2.116
 345.10   23.846   23.847   23.848   -0.239    0.240    2.846   -0.239    0.240    0.682   -0.679   -0.057    4.106    0.482
 345.20   24.069   24.070   24.091   -0.205    1.020    3.069   -0.205    1.020    3.130   -0.629   -0.209    5.250    1.600
 345.30   23.502   23.508   23.513   -0.529    0.474    2.502   -0.529    0.474    1.186   -1.323   -0.251    3.382    0.897
 345.40   22.221   22.232   22.249   -0.678    0.870    1.221   -0.678    0.870    1.063   -0.828   -0.590    1.355    0.736
 345.50   24.011   24.014   24.014   -0.365   -0.041    3.011   -0.365   -0.041   -0.124   -1.098    0.015    4.600    0.552
 345.60   22.621   22.657   22.692    1.280   -1.263    1.621    1.280   -1.263   -2.048    2.074   -1.616    2.930    1.666
 345.70   23.331   23.331   23.331   -0.016   -0.169    2.331   -0.016   -0.169   -0.394   -0.037    0.003    2.730    0.198
 345.80   25.392   25.394   25.401   -0.283    0.611    4.392   -0.283    0.611    2.684   -1.242   -0.173    9.874    1.481
 345.90   26.540   26.542   26.620    0.333    2.035    5.540    0.333    2.035   11.271    1.843    0.677   17.470    5.720
 346.00   25.529   25.538   25.571    0.677    1.295    4.529    0.677    1.295    5.866    3.068    0.877   11.325    3.339
 346.10   25.176   25.176   25.178   -0.049    0.324    4.176   -0.049    0.324    1.353   -0.203   -0.016    8.771    0.684
 346.20   25.471   25.490   25.498    0.976    0.649    4.471    0.976    0.649    2.901    4.364    0.633   10.682    2.639
 346.30   25.763   25.834   25.836    1.905    0.334    4.763    1.905    0.334    1.589    9.074    0.636   13.214    4.617
 346.40   24.666   24.773   24.789    2.292   -0.907    3.666    2.292   -0.907   -3.325    8.403   -2.078    9.759    4.636
 346.50   25.379   25.544   25.544    2.899   -0.014    4.379    2.899   -0.014   -0.062   12.695   -0.041   13.791    6.348
 346.60   24.680   24.769   24.780    2.091    0.740    3.680    2.091    0.740    2.722    7.696    1.547    9.232    4.154
 346.70   24.547   24.619   24.621    1.882   -0.325    3.547    1.882   -0.325   -1.153    6.675   -0.612    8.113    3.401
 346.80   24.279   24.358   24.370    1.959   -0.760    3.279    1.959   -0.760   -2.491    6.423   -1.488    7.583    3.524
 346.90   25.013   25.032   25.034    0.964   -0.278    4.013    0.964   -0.278   -1.117    3.868   -0.268    8.557    2.017
 347.00   24.161   24.165   24.167    0.434   -0.288    3.161    0.434   -0.288   -0.909    1.372   -0.125    5.132    0.825
 347.10   25.507   25.513   25.532   -0.543   -0.995    4.507   -0.543   -0.995   -4.485   -2.446    0.540   10.799    2.568
 347.20   25.522   25.562   25.571    1.431   -0.659    4.522    1.431   -0.659   -2.982    6.473   -0.944   11.466    3.594
 347.30   24.035   24.075   24.075    1.376    0.108    3.035    1.376    0.108    0.327    4.177    0.148    5.559    2.096
 347.40   24.230   24.268   24.269    1.352    0.254    3.230    1.352    0.254    0.821    4.367    0.344    6.164    2.229
 347.50   25.001   25.007   25.025    0.543    0.933    4.001    0.543    0.933    3.733    2.172    0.506    8.588    2.174
 347.60   24.281   24.329   24.330    1.531   -0.103    3.281    1.531   -0.103   -0.337    5.023   -0.157    6.560    2.518
 347.70   22.542   22.597   22.614    1.578   -0.871    1.542    1.578   -0.871   -1.344    2.434   -1.376    2.814    1.551
 347.80   22.745   22.779   22.804    1.259   -1.067    1.745    1.259   -1.067   -1.861    2.196   -1.343    2.883    1.588
 347.90   21.902   21.927   21.928    1.056   -0.160    0.902    1.056   -0.160   -0.145    0.952   -0.169    0.977    0.489
 348.00   23.022   23.024   23.029    0.268    0.474    2.022    0.268    0.474    0.958    0.542    0.127    2.193    0.554
 348.10   22.535   22.546   22.556    0.703   -0.659    1.535    0.703   -0.659   -1.011    1.079   -0.463    1.642    0.775
 348.20   23.669   23.680   23.688    0.731    0.610    2.669    0.731    0.610    1.629    1.950    0.446    4.015    1.290
 348.30   24.533   24.581   24.596    1.533    0.849    3.533    1.533    0.849    3.001    5.418    1.302    7.778    3.164
 348.40   24.063   24.126   24.139    1.736    0.808    3.063    1.736    0.808    2.475    5.319    1.403    6.525    3.016
 348.50   23.318   23.332   23.340    0.806    0.618    2.318    0.806    0.618    1.433    1.867    0.498    3.202    1.203
 348.60   23.258   23.285   23.287    1.128    0.341    2.258    1.128    0.341    0.771    2.546    0.385    3.242    1.344
 348.70   24.714   24.759   24.783    1.504   -1.072    3.714    1.504   -1.072   -3.983    5.587   -1.613    8.602    3.524
 348.80   24.934   25.009   25.018    1.929   -0.673    3.934    1.929   -0.673   -2.649    7.591   -1.299    9.827    4.072
 348.90   26.349   26.490   26.504    2.731   -0.860    5.349    2.731   -0.860   -4.602   14.607   -2.349   18.405    7.747
 349.00   27.111   27.252   27.254    2.765    0.304    6.111    2.765    0.304    1.855   16.896    0.839   22.542    8.509
 349.10   25.098   25.364   25.367    3.663   -0.355    4.098    3.663   -0.355   -1.457   15.013   -1.302   15.171    7.570
 349.20   23.978   24.109   24.117    2.505   -0.631    2.978    2.505   -0.631   -1.880    7.461   -1.581    7.772    3.927
 349.30   23.350   23.539   23.596    2.983    1.631    2.350    2.983    1.631    3.832    7.009    4.866    8.540    4.677
 349.40   23.386   23.700   23.700    3.843   -0.023    2.386    3.843   -0.023   -0.055    9.170   -0.089   10.232    4.585
 349.50   23.400   23.798   23.800    4.331    0.317    2.400    4.331    0.317    0.760   10.395    1.372   12.310    5.257
 349.60   24.539   24.775   24.818    3.417    1.445    3.539    3.417    1.445    5.112   12.090    4.936   13.141    7.012
 349.70   24.304   24.528   24.543    3.306    0.872    3.304    3.306    0.872    2.879   10.922    2.881   11.302    5.829
 349.80   23.135   23.209   23.234    1.844    1.095    2.135    1.844    1.095    2.339    3.937    2.019    4.579    2.502
 349.90   23.891   23.989   24.026    2.170    1.338    2.891    2.170    1.338    3.869    6.272    2.904    7.428    3.961
 350.00   23.557   23.612   23.647    1.603    1.290    2.557    1.603    1.290    3.298    4.100    2.068    5.387    2.827
 350.10   23.059   23.188   23.219    2.444    1.206    2.059    2.444    1.206    2.483    5.032    2.948    5.833    3.169
 350.20   23.430   23.528   23.529    2.146   -0.233    2.430    2.146   -0.233   -0.566    5.215   -0.500    5.283    2.635
 350.30   21.862   22.106   22.128    3.277    0.976    0.862    3.277    0.976    0.841    2.825    3.197    6.217    2.174
 350.40   22.254   22.374   22.377    2.315    0.341    1.254    2.315    0.341    0.427    2.903    0.789    3.524    1.519
 350.50   24.251   24.356   24.363    2.262   -0.580    3.251    2.262   -0.580   -1.886    7.353   -1.312    8.011    3.852
 350.60   24.616   24.662   24.664    1.509   -0.317    3.616    1.509   -0.317   -1.146    5.457   -0.478    7.727    2.798
 350.70   24.790   24.941   24.942    2.739    0.304    3.790    2.739    0.304    1.152   10.380    0.833   10.978    5.238
 350.80   24.749   24.859   24.860    2.340    0.140    3.749    2.340    0.140    0.524    8.772    0.327    9.775    4.397
 350.90   23.315   23.355   23.362    1.359   -0.582    2.315    1.359   -0.582   -1.348    3.146   -0.791    3.773    1.756
 351.00   22.871   22.871   22.872   -0.022    0.131    1.871   -0.022    0.131    0.245   -0.041   -0.003    1.760    0.124
 351.10   22.605   22.664   22.664   -1.638    0.045    1.605   -1.638    0.045    0.073   -2.629   -0.074    2.630    1.315
 351.20   21.688   21.719   21.739   -1.152    0.928    0.688   -1.152    0.928    0.639   -0.793   -1.069    1.331    0.738
 351.30   21.796   21.902   21.947   -2.152    1.414    0.796   -2.152    1.414    1.125   -1.712   -3.042    3.631    1.834
 351.40   21.934   22.066   22.088   -2.415    0.990    0.934   -2.415    0.990    0.924   -2.255   -2.391    3.841    1.707
 351.50   22.388   22.484   22.499   -2.067   -0.842    1.388   -2.067   -0.842   -1.169   -2.870    1.741    3.455    1.777
 351.60   24.001   24.002   24.040   -0.215    1.349    3.001   -0.215    1.349    4.048   -0.646   -0.290    5.436    2.055
 351.70   24.231   24.250   24.277    0.949    1.149    3.231    0.949    1.149    3.713    3.068    1.091    6.332    2.469
 351.80   24.881   24.882   24.918   -0.255    1.338    3.881   -0.255    1.338    5.194   -0.988   -0.341    8.459    2.649
 351.90   25.760   25.787   25.788   -1.191    0.184    4.760   -1.191    0.184    0.874   -5.669   -0.219   12.053    2.870
 352.00   25.723   25.727   25.742   -0.484   -0.861    4.723   -0.484   -0.861   -4.066   -2.284    0.416   11.639    2.341
 352.10   25.709   25.725   25.767   -0.893   -1.471    4.709   -0.893   -1.471   -6.926   -4.204    1.313   12.568    4.104
 352.20   25.207   25.263   25.276   -1.680   -0.812    4.207   -1.680   -0.812   -3.417   -7.067    1.364   10.592    3.984
 352.30   26.792   26.854   26.885   -1.830   -1.291    5.792   -1.830   -1.291   -7.479  -10.597    2.363   19.279    6.592
 352.40   25.051   25.154   25.195   -2.264   -1.443    4.051   -2.264   -1.443   -5.845   -9.172    3.266   11.810    5.678
 352.50   24.038   24.158   24.160   -2.402   -0.352    3.038   -2.402   -0.352   -1.068   -7.296    0.844    7.560    3.711
 352.60   23.835   23.910   23.923   -1.895   -0.809    2.835   -1.895   -0.809   -2.293   -5.371    1.532    6.140    3.019
 352.70   24.038   24.105   24.111   -1.798    0.517    3.038   -1.798    0.517    1.570   -5.463   -0.929    6.365    2.880
 352.80   23.419   23.600   23.641   -2.920    1.396    2.419   -2.920    1.396    3.376   -7.062   -4.074    8.161    4.412
 352.90   23.430   23.547   23.548   -2.338   -0.256    2.430   -2.338   -0.256   -0.622   -5.681    0.598    5.718    2.873
 353.00   23.363   23.534   23.534   -2.835    0.047    2.363   -2.835    0.047    0.111   -6.698   -0.133    6.811    3.350
 353.10   23.798   23.920   23.929   -2.412   -0.641    2.798   -2.412   -0.641   -1.793   -6.749    1.545    7.029    3.576
 353.20   24.048   24.305   24.310   -3.521   -0.512    3.048   -3.521   -0.512   -1.561  -10.733    1.803   10.976    5.498
 353.30   24.143   24.240   24.255   -2.165   -0.844    3.143   -2.165   -0.844   -2.652   -6.806    1.827    7.640    3.765
 353.40   23.635   23.838   23.857   -3.103   -0.951    2.635   -3.103   -0.951   -2.506   -8.177    2.952    8.739    4.524
 353.50   24.677   24.834   24.851   -2.787   -0.936    3.677   -2.787   -0.936   -3.442  -10.247    2.609   11.081    5.560
 353.60   24.590   24.715   24.796   -2.482   -2.008    3.590   -2.482   -2.008   -7.208   -8.908    4.983   11.538    6.248
 353.70   24.434   24.639   24.658   -3.170   -0.968    3.434   -3.170   -0.968   -3.326  -10.885    3.070   11.389    5.894
 353.80   25.687   25.968   26.006   -3.807   -1.419    4.687   -3.807   -1.419   -6.649  -17.845    5.401   19.238    9.897
 353.90   26.345   26.547   26.552   -3.265   -0.535    5.345   -3.265   -0.535   -2.859  -17.454    1.746   19.761    8.886
 354.00   26.211   26.361   26.376   -2.812   -0.890    5.211   -2.812   -0.890   -4.640  -14.655    2.504   17.928    7.787
 354.10   26.690   26.750   26.754   -1.785   -0.485    5.690   -1.785   -0.485   -2.761  -10.155    0.866   17.898    5.280
 354.20   25.962   26.051   26.059   -2.148    0.660    4.962   -2.148    0.660    3.273  -10.659   -1.417   14.835    5.620
 354.30   25.975   26.057   26.063   -2.069    0.579    4.975   -2.069    0.579    2.881  -10.292   -1.198   14.682    5.377
 354.40   25.662   25.724   25.725   -1.784    0.256    4.662   -1.784    0.256    1.195   -8.319   -0.458   12.492    4.209
 354.50   26.587   26.654   26.661   -1.898    0.604    5.587   -1.898    0.604    3.377  -10.602   -1.147   17.589    5.593
 354.60   25.261   25.270   25.292   -0.673    1.047    4.261   -0.673    1.047    4.463   -2.869   -0.705    9.855    2.676
 354.70   24.489   24.532   24.557   -1.447    1.114    3.489   -1.447    1.114    3.886   -5.048   -1.612    7.753    3.286
 354.80   25.733   25.843   25.852   -2.378    0.680    4.733   -2.378    0.680    3.218  -11.256   -1.617   14.260    5.909
 354.90   24.986   25.087   25.089   -2.252    0.290    3.986   -2.252    0.290    1.156   -8.975   -0.653   10.521    4.536
 355.00   23.993   24.090   24.096   -2.157   -0.535    2.993   -2.157   -0.535   -1.600   -6.455    1.153    6.948    3.375
 355.10   23.800   23.895   23.903   -2.129   -0.626    2.800   -2.129   -0.626   -1.753   -5.961    1.333    6.382    3.177
 355.20   24.452   24.546   24.564   -2.144   -0.951    3.452   -2.144   -0.951   -3.282   -7.401    2.038    8.708    4.174
 355.30   23.490   23.605   23.647   -2.322   -1.411    2.490   -2.322   -1.411   -3.513   -5.782    3.275    6.791    3.758
 355.40   24.837   24.924   24.928   -2.089   -0.422    3.837   -2.089   -0.422   -1.618   -8.016    0.881    9.632    4.112
 355.50   25.671   25.773   25.783   -2.285    0.737    4.671   -2.285    0.737    3.442  -10.673   -1.684   13.792    5.670
 355.60   24.362   24.425   24.454   -1.753    1.198    3.362   -1.753    1.198    4.029   -5.893   -2.101    7.905    3.721
 355.70   24.879   24.912   24.942   -1.277   -1.229    3.879   -1.277   -1.229   -4.766   -4.952    1.569    9.093    3.525
 355.80   23.672   23.747   23.788   -1.883   -1.390    2.672   -1.883   -1.390   -3.715   -5.032    2.618    6.310    3.390
 355.90   23.518   23.583   23.624   -1.757   -1.377    2.518   -1.757   -1.377   -3.468   -4.425    2.421    5.663    3.061
 356.00   23.947   23.960   24.056   -0.808   -2.147    2.947   -0.808   -2.147   -6.325   -2.382    1.735    6.972    3.489
 356.10   23.618   23.637   23.676   -0.946   -1.352    2.618   -0.946   -1.352   -3.541   -2.478    1.280    4.789    2.253
 356.20   23.609   23.610   23.610   -0.240   -0.008    2.609   -0.240   -0.008   -0.022   -0.626    0.002    3.432    0.313
 356.30   24.541   24.544   24.611    0.408    1.814    3.541    0.408    1.814    6.421    1.445    0.740    7.996    3.312
 356.40   23.577   23.582   23.621   -0.500    1.346    2.577   -0.500    1.346    3.468   -1.288   -0.673    4.351    1.880
 356.50   24.200   24.200   24.222   -0.130    1.025    3.200   -0.130    1.025    3.280   -0.416   -0.133    5.653    1.655
 356.60   25.020   25.047   25.084   -1.146    1.367    4.020   -1.146    1.367    5.494   -4.608   -1.566    9.673    3.670
 356.70   24.741   24.747   24.749   -0.551    0.304    3.741   -0.551    0.304    1.136   -2.063   -0.167    7.197    1.181
 356.80   25.474   25.499   25.508   -1.134    0.664    4.474   -1.134    0.664    2.971   -5.075   -0.753   10.871    2.964
 356.90   26.813   26.861   26.879   -1.604    0.972    5.813   -1.604    0.972    5.648   -9.324   -1.558   18.654    5.506
 357.00   26.611   26.682   26.741   -1.955    1.765    5.611   -1.955    1.765    9.905  -10.966   -3.451   19.208    7.587
 357.10   26.396   26.402   26.402   -0.540   -0.016    5.396   -0.540   -0.016   -0.085   -2.916    0.009   14.705    1.458
 357.20   25.359   25.387   25.394   -1.187    0.590    4.359   -1.187    0.590    2.572   -5.176   -0.701   10.381    2.911
 357.30   26.060   26.139   26.142   -2.038    0.357    5.060   -2.038    0.357    1.804  -10.311   -0.727   14.940    5.246
 357.40   26.245   26.301   26.353   -1.719    1.645    5.245   -1.719    1.645    8.627   -9.018   -2.828   16.586    6.398
 357.50   25.736   25.767   25.893   -1.267    2.546    4.736   -1.267    2.546   12.057   -6.000   -3.225   15.258    6.924
 357.60   25.473   25.503   25.525   -1.250    1.045    4.473   -1.250    1.045    4.673   -5.590   -1.306   11.330    3.701
 357.70   26.851   26.987   26.994   -2.705    0.602    5.851   -2.705    0.602    3.521  -15.829   -1.628   20.958    8.149
 357.80   25.914   26.053   26.067   -2.680    0.875    4.914   -2.680    0.875    4.298  -13.172   -2.344   16.050    7.026
 357.90   25.424   25.500   25.535   -1.974    1.333    4.424   -1.974    1.333    5.897   -8.731   -2.631   12.622    5.430
 358.00   26.224   26.346   26.377   -2.532    1.269    5.224   -2.532    1.269    6.631  -13.230   -3.214   17.658    7.572
 358.10   26.524   26.644   26.672   -2.521    1.222    5.524   -2.521    1.222    6.751  -13.927   -3.081   19.183    7.890
 358.20   26.070   26.241   26.257   -2.989    0.905    5.070   -2.989    0.905    4.588  -15.153   -2.704   17.729    8.031
 358.30   25.380   25.506   25.515   -2.524    0.697    4.380   -2.524    0.697    3.054  -11.055   -1.759   13.022    5.802
 358.40   24.681   24.716   24.791   -1.320    1.924    3.681   -1.320    1.924    7.083   -4.861   -2.541    9.498    4.479
 358.50   25.270   25.325   25.350   -1.666    1.116    4.270   -1.666    1.116    4.768   -7.114   -1.860   11.129    4.382
 358.60   24.198   24.232   24.311   -1.282    1.948    3.198   -1.282    1.948    6.231   -4.099   -2.496    7.834    3.932
 358.70   25.828   25.828   25.950    0.122    2.513    4.828    0.122    2.513   12.133    0.591    0.308   14.821    6.076
 358.80   27.202   27.243   27.366   -1.491    2.592    6.202   -1.491    2.592   16.076   -9.250   -3.865   23.706    9.473
 358.90   26.285   26.285   26.431    0.146    2.768    5.285    0.146    2.768   14.630    0.770    0.403   17.808    7.328
 359.00   25.714   25.720   26.157    0.574    4.758    4.714    0.574    4.758   22.427    2.704    2.729   22.593   11.377
 359.10   26.090   26.173   26.456    2.086    3.858    5.090    2.086    3.858   19.640   10.620    8.050   22.575   11.867
 359.20   25.990   26.052   26.233    1.795    3.076    4.990    1.795    3.076   15.347    8.956    5.520   18.789    9.303
 359.30   25.205   25.283   25.350    1.979    1.849    4.205    1.979    1.849    7.776    8.324    3.660   12.511    5.982
 359.40   25.361   25.407   25.548    1.518    2.683    4.361    1.518    2.683   11.700    6.622    4.073   14.262    7.024
 359.50   25.141   25.267   25.532    2.527    3.665    4.141    2.527    3.665   15.174   10.464    9.261   18.480   10.314
 359.60   25.138   25.223   25.459    2.073    3.454    4.138    2.073    3.454   14.291    8.577    7.158   16.674    9.070
 359.70   24.266   24.365   24.655    2.199    3.768    3.266    2.199    3.768   12.306    7.181    8.286   14.849    8.241
 359.80   24.636   24.659   24.720    1.044    1.740    3.636    1.044    1.740    6.327    3.797    1.817    8.671    3.799
 359.90   25.438   25.448   25.500    0.716    1.636    4.438    0.716    1.636    7.261    3.176    1.171   11.442    4.006
 360.00   25.537   25.558   25.558    1.032    0.101    4.537    1.032    0.101    0.459    4.682    0.105   10.830    2.353
 360.10   23.926   23.986   23.993    1.703    0.553    2.926    1.703    0.553    1.617    4.983    0.941    5.883    2.661
 360.20   23.209   23.217   23.289    0.599    1.831    2.209    0.599    1.831    4.045    1.324    1.098    4.296    2.198
 360.30   24.077   24.077   24.117    0.056    1.389    3.077    0.056    1.389    4.273    0.174    0.078    5.701    2.139
 360.40   24.788   24.793   24.793    0.462    0.191    3.788    0.462    0.191    0.723    1.750    0.088    7.301    0.948
 360.50   26.432   26.464   26.471    1.293    0.606    5.432    1.293    0.606    3.294    7.025    0.784   15.774    3.899
 360.60   26.927   26.942   27.061   -0.899    2.539    5.927   -0.899    2.539   15.049   -5.331   -2.284   21.192    8.064
 360.70   25.560   25.565   25.788   -0.535    3.383    4.560   -0.535    3.383   15.426   -2.440   -1.811   16.262    7.861
 360.80   26.265   26.265   26.439   -0.208    3.024    5.265   -0.208    3.024   15.921   -1.093   -0.628   18.452    7.986
 360.90   25.902   25.910   26.035   -0.647    2.549    4.902   -0.647    2.549   12.496   -3.172   -1.650   15.472    6.499
 361.00   24.226   24.244   24.285   -0.937    1.410    3.226   -0.937    1.410    4.548   -3.022   -1.320    6.636    2.809
 361.10   25.047   25.053   25.072    0.540    0.975    4.047    0.540    0.975    3.946    2.188    0.527    8.812    2.271
 361.20   25.344   25.355   25.367    0.765    0.781    4.344    0.765    0.781    3.394    3.324    0.598   10.031    2.394
 361.30   26.676   26.781   26.795    2.377    0.855    5.676    2.377    0.855    4.851   13.488    2.031   19.295    7.239
 361.40   25.928   26.029   26.057    2.289    1.192    4.928    2.289    1.192    5.873   11.283    2.728   15.476    6.505
 361.50   26.177   26.354   26.409    3.047    1.705    5.177    3.047    1.705    8.829   15.772    5.195   19.496    9.403
 361.60   25.833   25.936   25.973    2.309    1.399    4.833    2.309    1.399    6.760   11.158    3.230   15.321    6.720
 361.70   25.300   25.395   25.419    2.191    1.111    4.300    2.191    1.111    4.778    9.423    2.435   12.263    5.421
 361.80   24.923   25.072   25.123    2.728    1.597    3.923    2.728    1.597    6.266   10.702    4.357   12.691    6.572
 361.90   25.196   25.207   25.259    0.744    1.630    4.196    0.744    1.630    6.838    3.123    1.213   10.407    3.807
 362.00   24.968   24.978   24.979    0.676    0.311    3.968    0.676    0.311    1.233    2.683    0.210    8.151    1.480
 362.10   24.155   24.234   24.346    1.961    2.327    3.155    1.961    2.327    7.343    6.187    4.564    9.608    5.316
 362.20   23.347   23.363   23.396    0.853    1.252    2.347    0.853    1.252    2.939    2.001    1.068    3.901    1.856
 362.30   24.680   24.680   24.682    0.075    0.242    3.680    0.075    0.242    0.892    0.278    0.018    6.805    0.467
 362.40   24.786   24.786   24.810    0.154    1.092    3.786    0.154    1.092    4.136    0.581    0.168    7.775    2.090
 362.50   24.183   24.199   24.270    0.865    1.858    3.183    0.865    1.858    5.916    2.754    1.608    7.168    3.360
 362.60   22.555   22.568   22.614    0.774    1.436    1.555    0.774    1.436    2.233    1.203    1.111    2.539    1.385
 362.70   21.764   21.788   21.831    1.029    1.365    0.764    1.029    1.365    1.042    0.786    1.405    1.752    0.959
 362.80   23.125   23.126   23.126    0.220    0.188    2.125    0.220    0.188    0.400    0.467    0.041    2.299    0.308
 362.90   22.435   22.436   22.440    0.135   -0.446    1.435    0.135   -0.446   -0.640    0.194   -0.060    1.138    0.336
 363.00   21.034   21.058   21.104    1.008   -1.387    0.034    1.008   -1.387   -0.047    0.034   -1.398    1.470    0.699
 363.10   20.434   20.461   20.509    1.049   -1.408   -0.566    1.049   -1.408    0.796   -0.594   -1.477    1.702    0.890
 363.20   21.158   21.231   21.284    1.762   -1.495    0.158    1.762   -1.495   -0.236    0.279   -2.633    2.681    1.329
 363.30   20.780   20.894   20.905    2.184   -0.661   -0.220    2.184   -0.661    0.146   -0.481   -1.444    2.628    0.765
 363.40   22.991   23.086   23.087    2.095   -0.164    1.991    2.095   -0.164   -0.326    4.172   -0.343    4.191    2.099
 363.50   22.541   22.657   22.657    2.287   -0.071    1.541    2.287   -0.071   -0.109    3.525   -0.161    3.806    1.765
 363.60   23.026   23.034   23.034    0.583    0.069    2.026    0.583    0.069    0.141    1.181    0.040    2.225    0.595
 363.70   23.760   23.829   23.829    1.814    0.029    2.760    1.814    0.029    0.081    5.008    0.053    5.455    2.504
 363.80   24.050   24.090   24.094    1.400   -0.446    3.050    1.400   -0.446   -1.361    4.270   -0.625    5.730    2.263
 363.90   23.600   23.627   23.635    1.135   -0.609    2.600    1.135   -0.609   -1.583    2.950   -0.691    4.209    1.709
 364.00   23.111   23.214   23.214    2.184   -0.146    2.111    2.184   -0.146   -0.309    4.610   -0.320    4.624    2.316
 364.10   23.451   23.505   23.505    1.588   -0.149    2.451    1.588   -0.149   -0.365    3.891   -0.236    4.275    1.958
 364.20   23.197   23.262   23.262    1.729   -0.051    2.197    1.729   -0.051   -0.113    3.799   -0.089    3.910    1.901
 364.30   22.496   22.526   22.526    1.161    0.010    1.496    1.161    0.010    0.015    1.737    0.012    1.793    0.868
 364.40   23.114   23.124   23.132    0.674    0.609    2.114    0.674    0.609    1.288    1.424    0.411    2.646    0.982
 364.50   24.019   24.020   24.040   -0.219    0.970    3.019   -0.219    0.970    2.928   -0.663   -0.213    5.053    1.505
 364.60   24.436   24.446   24.448   -0.699    0.262    3.436   -0.699    0.262    0.902   -2.402   -0.183    6.183    1.286
 364.70   23.269   23.420   23.420   -2.654   -0.072    2.269   -2.654   -0.072   -0.162   -6.022    0.190    6.099    3.014
 364.80   21.367   21.444   21.484   -1.812    1.317    0.367   -1.812    1.317    0.484   -0.666   -2.386    2.576    1.262
 364.90   21.920   21.934   21.984   -0.773    1.485    0.920   -0.773    1.485    1.367   -0.711   -1.148    1.825    0.961
 365.00   21.834   21.836   21.910    0.292    1.805    0.834    0.292    1.805    1.505    0.243    0.527    2.019    0.806
 365.10   22.131   22.152   22.180    0.956    1.111    1.131    0.956    1.111    1.257    1.081    1.061    1.713    0.984
 365.20   22.403   22.470   22.544    1.737    1.821    1.403    1.737    1.821    2.555    2.437    3.163    4.151    2.370
 365.30   21.481   21.586   21.603    2.126    0.865    0.481    2.126    0.865    0.416    1.023    1.839    2.750    1.073
 365.40   22.097   22.267   22.313    2.753    1.423    1.097    2.753    1.423    1.560    3.019    3.917    5.403    2.593
 365.50   22.157   22.204   22.220    1.436    0.837    1.157    1.436    0.837    0.969    1.662    1.202    2.051    1.134
 365.60   21.663   21.720   21.732    1.575    0.720    0.663    1.575    0.720    0.477    1.044    1.135    1.719    0.807
 365.70   21.540   21.567   21.668    1.082    2.087    0.540    1.082    2.087    1.127    0.584    2.258    2.909    1.295
 365.80   20.824   20.859   20.872    1.215    0.741   -0.176    1.215    0.741   -0.130   -0.214    0.900    1.028    0.467
 365.90   23.380   23.386   23.388    0.523   -0.271    2.380    0.523   -0.271   -0.644    1.246   -0.142    3.007    0.705
 366.00   23.454   23.465   23.465   -0.716   -0.168    2.454   -0.716   -0.168   -0.413   -1.756    0.120    3.281    0.904
 366.10   22.284   22.285   22.286    0.141    0.191    1.284    0.141    0.191    0.245    0.181    0.027    0.853    0.153
 366.20   22.316   22.382   22.382    1.715   -0.065    1.316    1.715   -0.065   -0.085    2.257   -0.111    2.339    1.131
 366.30   22.065   22.102   22.102    1.271    0.005    1.065    1.271    0.005    0.005    1.354    0.006    1.375    0.677
 366.40   21.346   21.420   21.426    1.778   -0.497    0.346    1.778   -0.497   -0.172    0.616   -0.883    1.764    0.545
 366.50   20.982   21.159   21.159    2.732    0.008   -0.018    2.732    0.008   -0.000   -0.050    0.023    3.732    0.027
 366.60   21.883   21.932   21.945    1.470    0.759    0.883    1.470    0.759    0.670    1.298    1.116    1.759    0.919
 366.70   22.407   22.417   22.431    0.669    0.799    1.407    0.669    0.799    1.124    0.941    0.535    1.532    0.780
 366.80   22.229   22.232   22.259    0.374    1.108    1.229    0.374    1.108    1.361    0.459    0.414    1.438    0.748
 366.90   22.345   22.368   22.512   -1.018    2.540    1.345   -1.018    2.540    3.415   -1.369   -2.585    4.647    2.248
 367.00   22.220   22.349   22.401   -2.400    1.526    1.220   -2.400    1.526    1.861   -2.929   -3.662    4.789    2.522
 367.10   23.555   23.630   23.714   -1.881    1.989    2.555   -1.881    1.989    5.082   -4.807   -3.741    7.012    3.966
 367.20   24.760   24.812   24.859   -1.596    1.526    3.760   -1.596    1.526    5.737   -6.003   -2.436    9.508    4.327
 367.30   25.534   25.567   25.645   -1.291    2.009    4.534   -1.291    2.009    9.110   -5.853   -2.594   13.130    5.567
 367.40   25.668   25.701   25.707   -1.311    0.531    4.668   -1.311    0.531    2.479   -6.120   -0.696   11.895    3.320
 367.50   26.225   26.279   26.332   -1.692    1.673    5.225   -1.692    1.673    8.740   -8.842   -2.831   16.480    6.376
 367.60   25.017   25.105   25.114   -2.101    0.672    4.017   -2.101    0.672    2.698   -8.441   -1.411   10.502    4.487
 367.70   25.868   25.973   25.981   -2.332   -0.676    4.868   -2.332   -0.676   -3.292  -11.353    1.577   14.796    5.963
 367.80   25.654   25.716   25.721   -1.779    0.514    4.654   -1.779    0.514    2.392   -8.282   -0.915   12.546    4.334
 367.90   25.356   25.392   25.394   -1.340   -0.367    4.356   -1.340   -0.367   -1.600   -5.837    0.492   10.453    3.036
 368.00   25.481   25.484   25.508   -0.418   -1.087    4.481   -0.418   -1.087   -4.869   -1.874    0.454   10.718    2.618
 368.10   26.622   26.622   26.628    0.023   -0.552    5.622    0.023   -0.552   -3.101    0.128   -0.013   15.958    1.552
 368.20   27.140   27.141   27.152    0.232   -0.779    6.140    0.232   -0.779   -4.785    1.424   -0.181   19.180    2.498
 368.30   27.263   27.264   27.293    0.215   -1.250    6.263    0.215   -1.250   -7.828    1.347   -0.269   20.419    3.974
 368.40   27.365   27.374   27.376    0.692   -0.383    6.365    0.692   -0.383   -2.437    4.402   -0.265   20.568    2.519
 368.50   27.764   27.881   27.893    2.551   -0.811    6.764    2.551   -0.811   -5.486   17.257   -2.069   26.458    9.113
 368.60   27.093   27.382   27.382    3.968   -0.092    6.093    3.968   -0.092   -0.563   24.178   -0.367   26.441   12.094
 368.70   27.555   27.791   27.791    3.611    0.138    6.555    3.611    0.138    0.906   23.673    0.499   28.015   11.848
 368.80   28.904   29.012   29.040    2.499    1.269    7.904    2.499    1.269   10.033   19.755    3.172   35.168   11.191
 368.90   28.985   29.005   29.059    1.053    1.784    7.985    1.053    1.784   14.242    8.412    1.879   34.028    8.324
 369.00   28.348   28.417   28.501    1.978    2.186    7.348    1.978    2.186   16.066   14.536    4.325   31.343   11.047
 369.10   27.952   28.017   28.121    1.911    2.418    6.952    1.911    2.418   16.807   13.282    4.619   28.912   10.957
 369.20   27.924   27.983   28.038    1.810    1.756    6.924    1.810    1.756   12.156   12.533    3.177   27.152    8.873
 369.30   28.453   28.607   28.679    2.965    2.034    7.453    2.965    2.034   15.160   22.096    6.030   34.238   13.733
 369.40   28.406   28.529   28.611    2.653    2.155    7.406    2.653    2.155   15.963   19.650    5.719   33.266   12.977
 369.50   28.349   28.413   28.453    1.918    1.510    7.349    1.918    1.510   11.099   14.094    2.897   29.980    9.086
 369.60   29.522   29.599   29.609    2.127    0.779    8.522    2.127    0.779    6.637   18.126    1.656   38.880    9.687
 369.70   29.677   29.681   29.691    0.521    0.756    8.677    0.521    0.756    6.561    4.518    0.394   38.063    3.988
 369.80   30.713   30.768   30.777    1.836   -0.734    9.713    1.836   -0.734   -7.126   17.832   -1.347   49.130    9.625
 369.90   30.054   30.098   30.099    1.625   -0.265    9.054    1.625   -0.265   -2.399   14.715   -0.431   42.345    7.458
 370.00   29.453   29.486   29.486    1.381   -0.100    8.453    1.381   -0.100   -0.844   11.675   -0.138   36.688    5.853
 370.10   28.491   28.496   28.512    0.500   -0.976    7.491    0.500   -0.976   -7.311    3.742   -0.488   28.660    4.114
 370.20   28.238   28.309   28.322    2.003   -0.862    7.238    2.003   -0.862   -6.238   14.494   -1.726   28.569    7.937
 370.30   27.997   27.998   28.034   -0.211   -1.408    6.997   -0.211   -1.408   -9.850   -1.474    0.297   25.495    4.982
 370.40   26.091   26.150   26.184   -1.754   -1.344    5.091   -1.754   -1.344   -6.840   -8.927    2.356   15.398    5.745
 370.50   26.887   26.915   26.955   -1.237   -1.454    5.887   -1.237   -1.454   -8.557   -7.282    1.798   19.149    5.690
 370.60   27.626   27.626   27.628    0.157    0.318    6.626    0.157    0.318    2.104    1.042    0.050   22.014    1.174
 370.70   28.000   28.000   28.106    0.188    2.438    7.000    0.188    2.438   17.061    1.317    0.459   27.485    8.559
 370.80   27.087   27.092   27.183   -0.527    2.225    6.087   -0.527    2.225   13.542   -3.209   -1.173   21.137    6.983
 370.90   27.900   28.028   28.191   -2.680    3.027    6.900   -2.680    3.027   20.888  -18.495   -8.115   31.978   14.528
 371.00   26.781   26.852   27.106   -1.944    3.705    5.781   -1.944    3.705   21.420  -11.241   -7.204   25.466   12.620
 371.10   27.595   27.598   27.909    0.350    4.156    6.595    0.350    4.156   27.407    2.311    1.456   30.445   13.771
 371.20   26.545   26.556   26.848   -0.753    3.951    5.545   -0.753    3.951   21.908   -4.177   -2.976   23.463   11.250
 371.30   26.727   26.728   26.906    0.300    3.090    5.727    0.300    3.090   17.696    1.716    0.926   21.217    8.902
 371.40   26.297   26.298   26.437   -0.204    2.710    5.297   -0.204    2.710   14.355   -1.082   -0.554   17.722    7.203
 371.50   26.311   26.312   26.315   -0.223    0.433    5.311   -0.223    0.433    2.297   -1.183   -0.096   14.221    1.293
 371.60   25.936   25.937   25.942    0.251   -0.508    4.936    0.251   -0.508   -2.505    1.241   -0.128   12.343    1.399
 371.70   27.304   27.312   27.330    0.662    1.000    6.304    0.662    1.000    6.303    4.170    0.662   20.588    3.794
 371.80   27.260   27.343   27.460    2.136    2.531    6.260    2.136    2.531   15.842   13.372    5.407   25.075   10.712
 371.90   26.771   27.050   27.052    3.879   -0.261    5.771    3.879   -0.261   -1.507   22.383   -1.013   24.208   11.228
 372.00   27.079   27.490   27.519    4.732   -1.265    6.079    4.732   -1.265   -7.689   28.766   -5.985   30.473   15.186
 372.10   27.408   27.904   27.904    5.240    0.074    6.408    5.240    0.074    0.473   33.574    0.387   34.259   16.790
 372.20   27.922   28.540   28.541    5.910    0.195    6.922    5.910    0.195    1.351   40.905    1.154   41.437   20.472
 372.30   28.167   28.708   28.708    5.549    0.106    7.167    5.549    0.106    0.757   39.768    0.586   41.082   19.890
 372.40   26.659   27.267   27.269    5.725   -0.323    5.659    5.725   -0.323   -1.825   32.399   -1.846   32.454   16.252
 372.50   26.813   27.365   27.399    5.466    1.370    5.813    5.466    1.370    7.964   31.778    7.489   32.777   16.803
 372.60   26.154   26.715   26.814    5.447    2.296    5.154    5.447    2.296   11.833   28.072   12.505   30.751   16.465
 372.70   25.988   26.512   26.526    5.244    0.852    4.988    5.244    0.852    4.248   26.157    4.466   26.552   13.437
 372.80   27.406   27.825   27.825    4.812   -0.102    6.406    4.812   -0.102   -0.653   30.823   -0.490   32.099   15.417
 372.90   27.690   28.258   28.316    5.639    1.807    6.690    5.639    1.807   12.091   37.721   10.192   39.907   20.451
 373.00   27.249   27.910   27.911    6.041    0.144    6.249    6.041    0.144    0.902   37.749    0.872   37.781   18.885
 373.10   26.938   27.558   27.612    5.813    1.733    5.938    5.813    1.733   10.290   34.515   10.073   36.025   18.699
 373.20   26.614   27.262   27.437    5.909    3.089    5.614    5.909    3.089   17.343   33.172   18.253   37.987   20.823
 373.30   25.729   26.354   26.356    5.704    0.361    4.729    5.704    0.361    1.708   26.974    2.060   27.514   13.553
 373.40   27.161   27.377   27.398    3.438    1.052    6.161    3.438    1.052    6.481   21.182    3.617   25.441   11.222
 373.50   27.900   28.021   28.021    2.603   -0.158    6.900    2.603   -0.158   -1.090   17.963   -0.411   27.205    9.000
 373.60   27.862   28.026   28.031    3.025    0.543    6.862    3.025    0.543    3.729   20.758    1.644   28.267   10.577
 373.70   28.154   28.514   28.520    4.520    0.563    7.154    4.520    0.563    4.028   32.337    2.546   35.962   16.343
 373.80   27.639   27.779   27.782    2.787    0.368    6.639    2.787    0.368    2.446   18.502    1.027   25.990    9.346
 373.90   26.480   26.514   26.579    1.348    1.845    5.480    1.348    1.845   10.112    7.389    2.488   17.627    6.384
 374.00   25.921   25.921   25.964   -0.040    1.486    4.921   -0.040    1.486    7.312   -0.199   -0.060   13.213    3.657
 374.10   26.887   26.936   26.973    1.610    1.422    5.887    1.610    1.422    8.369    9.476    2.288   19.637    6.424
 374.20   27.794   27.838   27.889    1.564    1.681    6.794    1.564    1.681   11.424   10.625    2.630   25.716    7.911
 374.30   27.805   27.824   27.928    1.022    2.401    6.805    1.022    2.401   16.338    6.955    2.453   26.561    8.963
 374.40   27.844   27.845   27.963   -0.229    2.565    6.844   -0.229    2.565   17.557   -1.567   -0.587   26.735    8.818
 374.50   27.631   27.633   27.652    0.347    1.020    6.631    0.347    1.020    6.760    2.303    0.354   22.563    3.575
 374.60   28.190   28.205   28.218   -0.922   -0.858    7.190   -0.922   -0.858   -6.171   -6.627    0.791   26.642    4.545
 374.70   27.662   27.787   27.818   -2.636   -1.309    6.662   -2.636   -1.309   -8.719  -17.559    3.450   26.521    9.953
 374.80   27.593   27.840   27.868   -3.702   -1.258    6.593   -3.702   -1.258   -8.291  -24.407    4.655   29.376   13.097
 374.90   27.808   28.063   28.067   -3.769   -0.493    6.808   -3.769   -0.493   -3.353  -25.660    1.856   30.401   12.972
 375.00   26.920   27.077   27.081   -2.908    0.467    5.920   -2.908    0.467    2.762  -17.214   -1.357   21.861    8.743
 375.10   26.645   26.759   26.851   -2.465    2.220    5.645   -2.465    2.220   12.533  -13.917   -5.474   21.437    9.756
 375.20   26.941   27.140   27.156   -3.273    0.932    5.941   -3.273    0.932    5.535  -19.448   -3.049   23.441   10.224
 375.30   27.302   27.570   27.621   -3.836    1.675    6.302   -3.836    1.675   10.555  -24.175   -6.426   28.617   13.575
 375.40   27.663   28.313   28.369   -6.035    1.775    6.663   -6.035    1.775   11.827  -40.211  -10.713   41.983   21.631
 375.50   26.809   27.430   27.493   -5.802    1.869    5.809   -5.802    1.869   10.860  -33.701  -10.846   35.449   18.516
 375.60   27.359   27.710   27.752   -4.400    1.521    6.359   -4.400    1.521    9.670  -27.979   -6.692   31.053   15.175
 375.70   27.958   28.254   28.265   -4.083    0.780    6.958   -4.083    0.780    5.425  -28.408   -3.183   32.845   14.548
 375.80   27.833   28.068   28.070   -3.626   -0.296    6.833   -3.626   -0.296   -2.024  -24.775    1.074   29.964   12.440
 375.90   26.577   26.675   26.676   -2.281    0.232    5.577   -2.281    0.232    1.291  -12.723   -0.528   18.179    6.399
 376.00   25.788   25.824   25.827   -1.354   -0.392    4.788   -1.354   -0.392   -1.879   -6.484    0.531   12.457    3.386
 376.10   26.420   26.454   26.461   -1.342    0.636    5.420   -1.342    0.636    3.445   -7.275   -0.853   15.789    4.048
 376.20   27.253   27.283   27.286   -1.277   -0.407    6.253   -1.277   -0.407   -2.547   -7.988    0.520   20.447    4.200
 376.30   27.680   27.764   27.784   -2.166   -1.055    6.680   -2.166   -1.055   -7.050  -14.469    2.286   25.212    8.128
 376.40   27.373   27.373   27.398   -0.089    1.176    6.373   -0.089    1.176    7.497   -0.568   -0.105   21.004    3.760
 376.50   28.564   28.577   28.615    0.867    1.489    7.564    0.867    1.489   11.260    6.560    1.291   30.088    6.548
 376.60   28.562   28.572   28.574    0.782    0.264    7.562    0.782    0.264    1.998    5.915    0.207   28.931    3.123
 376.70   27.001   27.033   27.040    1.322    0.594    6.001    1.322    0.594    3.563    7.934    0.785   19.054    4.366
 376.80   27.875   27.903   27.903    1.243    0.098    6.875    1.243    0.098    0.673    8.544    0.122   24.411    4.286
 376.90   29.039   29.095   29.152    1.815    1.824    8.039    1.815    1.824   14.663   14.586    3.310   35.619   10.473
 377.00   28.180   28.208   28.359    1.256    2.921    7.180    1.256    2.921   20.975    9.015    3.667   30.834   11.561
 377.10   29.571   29.587   29.714    0.968    2.746    8.571    0.968    2.746   23.537    8.297    2.658   40.972   12.549
 377.20   29.452   29.460   29.545    0.680    2.241    8.452    0.680    2.241   18.938    5.746    1.523   38.458    9.924
 377.30   29.571   29.596   29.662   -1.196    1.987    8.571   -1.196    1.987   17.035  -10.248   -2.376   39.424   10.011
 377.40   30.091   30.154   30.204   -1.948    1.744    9.091   -1.948    1.744   15.851  -17.707   -3.396   44.740   12.003
 377.50   29.625   29.645   29.708   -1.084    1.934    8.625   -1.084    1.934   16.685   -9.349   -2.097   39.654    9.620
 377.60   29.890   29.951   29.958   -1.913    0.616    8.890   -1.913    0.616    5.473  -17.007   -1.178   41.536    8.953
 377.70   29.333   29.392   29.393   -1.860    0.247    8.333   -1.860    0.247    2.062  -15.500   -0.460   36.479    7.821
 377.80   30.254   30.422   30.446   -3.187    1.200    9.254   -3.187    1.200   11.110  -29.494   -3.826   48.622   15.874
 377.90   30.886   31.023   31.065   -2.916    1.605    9.886   -2.916    1.605   15.872  -28.824   -4.681   54.406   16.618
 378.00   30.473   30.759   30.809   -4.186    1.767    9.473   -4.186    1.767   16.737  -39.655   -7.397   55.188   21.837
 378.10   31.962   32.184   32.284   -3.774    2.535   10.962   -3.774    2.535   27.788  -41.375   -9.568   70.417   25.375
 378.20   29.057   29.195   29.297   -2.839    2.440    8.057   -2.839    2.440   19.656  -22.874   -6.927   39.462   15.472
 378.30   28.917   29.084   29.264   -3.119    3.239    7.917   -3.119    3.239   25.643  -24.692  -10.102   41.447   18.502
 378.40   29.589   29.654   29.666   -1.952    0.873    8.589   -1.952    0.873    7.495  -16.770   -1.704   39.174    9.224
 378.50   29.229   29.524   29.542   -4.170    1.012    8.229   -4.170    1.012    8.327  -34.310   -4.219   43.059   17.778
 378.60   29.652   29.917   29.922   -3.976    0.523    8.652   -3.976    0.523    4.521  -34.402   -2.078   45.467   17.380
 378.70   29.393   29.471   29.515   -2.140    1.617    8.393   -2.140    1.617   13.570  -17.957   -3.459   38.816   11.386
 378.80   29.486   29.647   29.683   -3.083    1.481    8.486   -3.083    1.481   12.565  -26.163   -4.565   41.853   14.691
 378.90   28.649   28.742   28.754   -2.316    0.811    7.649   -2.316    0.811    6.201  -17.714   -1.877   32.262    9.431
 379.00   29.518   29.542   29.581   -1.198    1.508    8.518   -1.198    1.508   12.845  -10.206   -1.807   38.134    8.252
 379.10   29.042   29.046   29.046   -0.482    0.001    8.042   -0.482    0.001    0.007   -3.879   -0.000   32.451    1.940
 379.20   28.631   28.707   28.752   -2.091   -1.610    7.631   -2.091   -1.610  -12.284  -15.953    3.365   32.595   10.207
 379.30   29.208   29.288   29.319   -2.175   -1.347    8.208   -2.175   -1.347  -11.058  -17.851    2.930   36.955   10.601
 379.40   29.404   29.578   29.630   -3.207   -1.754    8.404   -3.207   -1.754  -14.743  -26.955    5.626   41.997   15.617
 379.50   29.684   29.846   29.878   -3.109   -1.378    8.684   -3.109   -1.378  -11.967  -27.001    4.285   43.486   14.922
 379.60   29.953   29.973   30.011   -1.098   -1.519    8.953   -1.098   -1.519  -13.598   -9.831    1.668   41.831    8.431
 379.70   29.113   29.113   29.195    0.096   -2.193    8.113    0.096   -2.193  -17.790    0.776   -0.210   35.315    8.904
 379.80   29.329   29.334   29.424   -0.527   -2.304    8.329   -0.527   -2.304  -19.192   -4.392    1.215   37.479    9.863
 379.90   29.908   29.972   30.077   -1.960   -2.507    8.908   -1.960   -2.507  -22.328  -17.456    4.912   44.736   14.382
 380.00   30.279   30.313   30.319   -1.434   -0.592    9.279   -1.434   -0.592   -5.493  -13.309    0.849   44.254    7.212
 380.10   27.590   27.654   27.664   -1.879    0.758    6.590   -1.879    0.758    4.996  -12.384   -1.425   23.765    6.715
 380.20   29.033   29.097   29.117   -1.926    1.101    8.033   -1.926    1.101    8.846  -15.472   -2.121   34.724    8.974
 380.30   30.085   30.095   30.297    0.742    3.499    9.085    0.742    3.499   31.794    6.737    2.595   47.671   16.302
 380.40   29.939   29.947   29.977   -0.692    1.347    8.939   -0.692    1.347   12.042   -6.184   -0.932   41.097    6.785
 380.50   30.056   30.059   30.085   -0.426   -1.260    9.056   -0.426   -1.260  -11.408   -3.854    0.536   41.888    6.027
 380.60   30.201   30.207   30.212   -0.588   -0.544    9.201   -0.588   -0.544   -5.009   -5.407    0.320   42.650    3.689
 380.70   29.996   30.006   30.009   -0.760   -0.415    8.996   -0.760   -0.415   -3.738   -6.838    0.316   40.843    3.900
 380.80   30.429   30.481   30.482   -1.782    0.279    9.429   -1.782    0.279    2.630  -16.799   -0.497   46.076    8.505
 380.90   30.714   30.754   30.832   -1.556    2.201    9.714   -1.556    2.201   21.378  -15.118   -3.425   50.815   13.203
 381.00   30.352   30.414   30.509   -1.948    2.405    9.352   -1.948    2.405   22.494  -18.215   -4.685   48.516   14.660
 381.10   30.582   30.653   30.693   -2.077    1.562    9.582   -2.077    1.562   14.971  -19.898   -3.244   49.287   12.556
 381.20   30.906   31.022   31.060   -2.677    1.546    9.906   -2.677    1.546   15.311  -26.514   -4.137   53.840   15.448
 381.30   30.274   30.418   30.418   -2.952   -0.173    9.274   -2.952   -0.173   -1.603  -27.380    0.510   47.378   13.716
 381.40   29.366   29.649   29.672   -4.082   -1.180    8.366   -4.082   -1.180   -9.872  -34.153    4.817   44.026   17.938
 381.50   29.770   29.962   29.967   -3.392   -0.546    8.770   -3.392   -0.546   -4.787  -29.745    1.851   44.355   15.092
 381.60   30.132   30.280   30.357   -2.990   -2.163    9.132   -2.990   -2.163  -19.751  -27.302    6.466   48.508   17.156
 381.70   30.159   30.298   30.357   -2.896   -1.897    9.159   -2.896   -1.897  -17.376  -26.528    5.495   47.939   16.092
 381.80   31.958   32.037   32.109   -2.235   -2.154   10.958   -2.235   -2.154  -23.600  -24.494    4.814   64.861   17.176
 381.90   32.229   32.258   32.427   -1.371   -3.301   11.229   -1.371   -3.301  -37.071  -15.395    4.526   69.438   20.197
 382.00   33.491   33.495   33.579   -0.499   -2.375   12.491   -0.499   -2.375  -29.669   -6.231    1.185   80.958   15.170
 382.10   32.715   32.716   32.767   -0.124   -1.830   11.715   -0.124   -1.830  -21.444   -1.451    0.227   70.308   10.747
 382.20   32.610   32.635   32.639    1.296   -0.470   11.610    1.296   -0.470   -5.452   15.041   -0.608   68.341    8.005
 382.30   33.037   33.064   33.066    1.338   -0.394   12.037    1.338   -0.394   -4.738   16.110   -0.527   73.412    8.400
 382.40   31.930   31.973   31.973    1.670    0.104   10.930    1.670    0.104    1.133   18.256    0.173   61.128    9.146
 382.50   31.437   31.439   31.445    0.411    0.620   10.437    0.411    0.620    6.471    4.287    0.255   54.738    3.883
 382.60   31.234   31.272   31.275   -1.544    0.442   10.234   -1.544    0.442    4.521  -15.805   -0.682   53.656    8.226
 382.70   31.535   31.555   31.557   -1.124   -0.281   10.535   -1.124   -0.281   -2.962  -11.842    0.316   56.169    6.105
 382.80   29.978   30.023   30.023   -1.647   -0.031    8.978   -1.647   -0.031   -0.279  -14.785    0.051   41.661    7.394
 382.90   29.980   30.025   30.027   -1.641   -0.378    8.980   -1.641   -0.378   -3.394  -14.737    0.620   41.735    7.568
 383.00   30.021   30.073   30.079   -1.767   -0.619    9.021   -1.767   -0.619   -5.586  -15.942    1.094   42.439    8.464
 383.10   29.906   30.120   30.120   -3.577   -0.215    8.906   -3.577   -0.215   -1.919  -31.861    0.771   46.084   15.964
 383.20   28.035   28.269   28.269   -3.626    0.031    7.035   -3.626    0.031    0.221  -25.508   -0.114   31.321   12.755
 383.30   26.422   26.547   26.578   -2.574    1.300    5.422   -2.574    1.300    7.046  -13.954   -3.345   18.853    7.993
 383.40   26.070   26.413   26.535   -4.239    2.545    5.070   -4.239    2.545   12.906  -21.492  -10.789   25.078   13.647
 383.50   25.150   25.434   25.573   -3.794    2.659    4.150   -3.794    2.659   11.035  -15.743  -10.088   19.342   10.856
 383.60   23.790   24.114   24.213   -3.940    2.181    2.790   -3.940    2.181    6.085  -10.993   -8.592   14.032    7.611
 383.70   22.971   23.187   23.544   -3.154    4.085    1.971   -3.154    4.085    8.053   -6.219  -12.885   15.261    8.209
 383.80   22.159   22.309   22.865   -2.590    5.009    1.159   -2.590    5.009    5.803   -3.001  -12.974   16.570    7.263
 383.90   21.363   21.462   21.906   -2.060    4.387    0.363   -2.060    4.387    1.593   -0.748   -9.037   11.810    4.604
 384.00   22.075   22.157   22.548   -1.907    4.183    1.075   -1.907    4.183    4.495   -2.050   -7.978   11.145    4.692
 384.10   22.407   22.568   23.009   -2.684    4.487    1.407   -2.684    4.487    6.316   -3.777  -12.043   14.660    7.057
 384.20   21.753   21.962   22.094   -3.024    2.409    0.753   -3.024    2.409    1.814   -2.277   -7.283    7.756    3.922
 384.30   21.218   21.563   21.568   -3.842    0.458    0.218   -3.842    0.458    0.100   -0.836   -1.758    7.511    0.975
 384.40   21.622   22.007   22.026   -4.101    0.895    0.622   -4.101    0.895    0.557   -2.551   -3.670    9.005    2.252
 384.50   23.112   23.419   23.453   -3.775   -1.265    2.112   -3.775   -1.265   -2.672   -7.974    4.775   10.157    4.835
 384.60   23.338   23.859   23.871   -4.959   -0.756    2.338   -4.959   -0.756   -1.768  -11.594    3.750   15.313    6.156
 384.70   22.699   22.952   22.952   -3.397    0.162    1.699   -3.397    0.162    0.275   -5.771   -0.550    7.225    2.902
 384.80   21.246   21.395   21.403   -2.525   -0.567    0.246   -2.525   -0.567   -0.139   -0.621    1.431    3.378    0.783
 384.90   20.577   20.688   20.704   -2.140    0.816   -0.423   -2.140    0.816   -0.346    0.906   -1.747    2.712    0.999
 385.00   21.035   21.336   21.377   -3.566    1.329    0.035   -3.566    1.329    0.047   -0.127   -4.739    7.242    2.371
 385.10   21.573   21.997   22.115   -4.297    2.286    0.573   -4.297    2.286    1.310   -2.462   -9.824   12.010    5.106
 385.20   21.862   22.350   22.490   -4.645    2.508    0.862   -4.645    2.508    2.162   -4.003  -11.651   14.305    6.254
 385.30   22.112   22.437   22.571   -3.808    2.455    1.112   -3.808    2.455    2.729   -4.234   -9.347   10.882    5.309
 385.40   22.780   22.906   23.094   -2.397    2.942    1.780   -2.397    2.942    5.236   -4.266   -7.051    8.783    4.882
 385.50   22.938   23.095   23.212   -2.688    2.325    1.938   -2.688    2.325    4.506   -5.210   -6.250    8.194    4.650
 385.60   22.120   22.496   22.498   -4.095    0.318    1.120   -4.095    0.318    0.356   -4.586   -1.301    9.061    2.390
 385.70   23.103   23.477   23.479   -4.170    0.333    2.103   -4.170    0.333    0.701   -8.771   -1.390   10.961    4.454
 385.80   23.492   23.980   23.981   -4.812    0.290    2.492   -4.812    0.290    0.722  -11.992   -1.394   14.725    6.047
 385.90   22.742   23.010   23.044   -3.499   -1.259    1.742   -3.499   -1.259   -2.194   -6.095    4.406    8.431    3.917
 386.00   23.041   23.300   23.303   -3.463   -0.415    2.041   -3.463   -0.415   -0.847   -7.068    1.438    8.166    3.631
 386.10   21.969   22.024   22.052   -1.551   -1.113    0.969   -1.551   -1.113   -1.079   -1.503    1.727    2.292    1.266
 386.20   21.440   21.486   21.487   -1.404    0.182    0.440   -1.404    0.182    0.080   -0.618   -0.255    1.099    0.337
 386.30   21.087   21.119   21.124   -1.163    0.465    0.087   -1.163    0.465    0.040   -0.101   -0.541    0.788    0.276
 386.40   22.453   22.548   22.563   -2.074    0.809    1.453   -2.074    0.809    1.175   -3.013   -1.677    3.533    1.821
 386.50   21.566   21.685   21.691   -2.267   -0.511    0.566   -2.267   -0.511   -0.289   -1.284    1.158    2.861    0.877
 386.60   21.681   21.945   21.950   -3.390   -0.460    0.681   -3.390   -0.460   -0.314   -2.310    1.561    6.084    1.403
 386.70   23.057   23.188   23.201   -2.469    0.764    2.057   -2.469    0.764    1.571   -5.078   -1.886    5.454    2.820
 386.80   23.929   23.941   23.942   -0.756    0.145    2.929   -0.756    0.145    0.425   -2.216   -0.110    4.587    1.129
 386.90   25.084   25.120   25.147   -1.345    1.154    4.084   -1.345    1.154    4.714   -5.494   -1.552    9.911    3.702
 387.00   25.680   25.763   25.774   -2.057    0.772    4.680   -2.057    0.772    3.612   -9.626   -1.587   13.366    5.201
 387.10   24.721   24.798   24.811   -1.949   -0.820    3.721   -1.949   -0.820   -3.053   -7.254    1.599    9.159    4.015
 387.20   23.331   23.454   23.456   -2.400   -0.281    2.331   -2.400   -0.281   -0.654   -5.594    0.674    5.636    2.836
 387.30   22.931   23.083   23.084   -2.645    0.192    1.931   -2.645    0.192    0.370   -5.107   -0.507    5.380    2.573
 387.40   22.351   22.462   22.477   -2.227   -0.823    1.351   -2.227   -0.823   -1.113   -3.009    1.833    3.731    1.848
 387.50   23.222   23.443   23.443   -3.211    0.026    2.222   -3.211    0.026    0.058   -7.135   -0.084    7.625    3.568
 387.60   23.289   23.536   23.543   -3.401   -0.580    2.289   -3.401   -0.580   -1.327   -7.783    1.972    8.569    4.069
 387.70   25.061   25.173   25.184   -2.369   -0.746    4.061   -2.369   -0.746   -3.028   -9.622    1.766   11.331    5.120
 387.80   24.780   24.825   24.825   -1.490   -0.200    3.780   -1.490   -0.200   -0.754   -5.631    0.297    8.273    2.844
 387.90   25.429   25.461   25.462   -1.272   -0.260    4.429   -1.272   -0.260   -1.152   -5.635    0.331   10.650    2.880
 388.00   26.715   26.818   26.819   -2.349   -0.089    5.715   -2.349   -0.089   -0.509  -13.428    0.209   19.097    6.720
 388.10   25.284   25.457   25.464   -2.964    0.593    4.284   -2.964    0.593    2.538  -12.695   -1.756   13.741    6.532
 388.20   24.596   24.695   24.696   -2.214   -0.123    3.596   -2.214   -0.123   -0.441   -7.961    0.272    8.923    3.989
 388.30   23.810   23.884   23.892   -1.885   -0.614    2.810   -1.885   -0.614   -1.727   -5.297    1.158    5.913    2.845
 388.40   24.811   24.860   24.871   -1.562    0.744    3.811   -1.562    0.744    2.837   -5.953   -1.163    8.758    3.348
 388.50   24.511   24.573   24.576   -1.736   -0.405    3.511   -1.736   -0.405   -1.422   -6.097    0.703    7.754    3.150
 388.60   25.183   25.186   25.193   -0.380    0.575    4.183   -0.380    0.575    2.407   -1.588   -0.218    8.987    1.446
 388.70   24.880   24.884   24.903    0.452   -0.968    3.880    0.452   -0.968   -3.754    1.755   -0.438    8.097    2.084
 388.80   25.727   25.727   25.804   -0.129   -1.986    4.727   -0.129   -1.986   -9.388   -0.608    0.256   13.152    4.706
 388.90   24.324   24.363   24.588    1.377   -3.320    3.324    1.377   -3.320  -11.035    4.578   -4.572   11.983    6.396
 389.00   23.829   23.879   23.987    1.539   -2.270    2.829    1.539   -2.270   -6.423    4.353   -3.493    7.762    4.254
 389.10   23.467   23.472   23.603    0.493   -2.483    2.467    0.493   -2.483   -6.125    1.216   -1.224    6.247    3.182
 389.20   23.794   23.811   23.972    0.880   -2.777    2.794    0.880   -2.777   -7.760    2.459   -2.444    8.147    4.250
 389.30   24.055   24.078   24.145   -1.053   -1.799    3.055   -1.053   -1.799   -5.497   -3.218    1.895    6.840    3.323
 389.40   23.061   23.062   23.213    0.145   -2.650    2.061    0.145   -2.650   -5.462    0.298   -0.383    5.646    2.742
 389.50   23.261   23.262   23.318   -0.093   -1.618    2.261   -0.093   -1.618   -3.660   -0.210    0.150    3.871    1.834
 389.60   22.804   22.808   22.886    0.407   -1.885    1.804    0.407   -1.885   -3.402    0.734   -0.767    3.488    1.782
 389.70   22.334   22.342   22.443    0.620   -2.124    1.334    0.620   -2.124   -2.833    0.827   -1.317    3.338    1.616
 389.80   22.971   23.006   23.059    1.278   -1.561    1.971    1.278   -1.561   -3.076    2.518   -1.994    3.977    2.224
 389.90   23.496   23.545   23.601    1.522   -1.621    2.496    1.522   -1.621   -4.044    3.800   -2.467    5.586    3.037
 390.00   23.448   23.522   23.631    1.863   -2.266    2.448    1.863   -2.266   -5.547    4.561   -4.222    7.299    4.165
 390.10   23.486   23.734   23.798    3.419   -1.744    2.486    3.419   -1.744   -4.337    8.500   -5.964   10.456    5.626
 390.20   24.021   24.154   24.200    2.535   -1.482    3.021    2.535   -1.482   -4.478    7.658   -3.758    8.875    4.817
 390.30   23.877   23.979   23.987    2.216   -0.609    2.877    2.216   -0.609   -1.752    6.376   -1.350    6.779    3.374
 390.40   24.676   24.784   24.784    2.313   -0.080    3.676    2.313   -0.080   -0.292    8.501   -0.184    9.433    4.254
 390.50   25.076   25.181   25.182    2.298   -0.228    4.076    2.298   -0.228   -0.927    9.366   -0.523   10.973    4.713
 390.60   25.849   26.166   26.166    4.061    0.090    4.849    4.061    0.090    0.438   19.688    0.367   20.003    9.848
 390.70   26.294   26.579   26.581    3.882   -0.339    5.294    3.882   -0.339   -1.794   20.548   -1.315   21.602   10.334
 390.80   26.030   26.147   26.233    2.473   -2.119    5.030    2.473   -2.119  -10.661   12.438   -5.241   17.953    8.600
 390.90   26.632   26.846   26.934    3.382   -2.181    5.632    3.382   -2.181  -12.281   19.047   -7.375   23.956   11.917
 391.00   26.844   27.051   27.082    3.338   -1.286    5.844    3.338   -1.286   -7.517   19.507   -4.293   23.475   10.671
 391.10   25.946   26.218   26.235    3.762   -0.949    4.946    3.762   -0.949   -4.695   18.609   -3.571   19.761    9.761
 391.20   24.517   25.305   25.312    6.263   -0.619    3.517    6.263   -0.619   -2.178   22.031   -3.878   25.993   11.238
 391.30   24.744   25.367   25.368    5.589   -0.206    3.744    5.589   -0.206   -0.771   20.924   -1.151   22.648   10.485
 391.40   25.116   25.551   25.552    4.697   -0.091    4.116    4.697   -0.091   -0.374   19.333   -0.427   19.506    9.671
 391.50   24.527   24.912   24.915    4.361   -0.360    3.527    4.361   -0.360   -1.270   15.383   -1.570   15.796    7.758
 391.60   23.461   23.751   23.763    3.702    0.765    2.461    3.702    0.765    1.882    9.109    2.831   10.172    4.861
 391.70   24.091   24.541   24.548    4.677    0.624    3.091    4.677    0.624    1.928   14.455    2.917   15.908    7.436
 391.80   23.080   23.499   23.522    4.414   -1.045    2.080    4.414   -1.045   -2.174    9.183   -4.614   12.453    5.252
 391.90   21.969   22.237   22.391    3.440   -2.618    0.969    3.440   -2.618   -2.538    3.335   -9.007    9.815    4.967
 392.00   22.694   22.974   23.067    3.579   -2.065    1.694    3.579   -2.065   -3.498    6.062   -7.389    9.970    5.089
 392.10   23.430   23.777   23.801    4.051   -1.076    2.430    4.051   -1.076   -2.614    9.841   -4.357   11.734    5.538
 392.20   23.766   24.119   24.242    4.112   -2.437    2.766    4.112   -2.437   -6.742   11.375  -10.023   15.251    8.296
 392.30   22.951   23.560   23.695    5.325   -2.528    1.951    5.325   -2.528   -4.931   10.387  -13.458   19.272    8.850
 392.40   22.316   22.866   22.989    4.984   -2.379    1.316    4.984   -2.379   -3.131    6.557  -11.858   16.115    6.954
 392.50   22.265   22.493   22.567    3.190   -1.826    1.265    3.190   -1.826   -2.311    4.036   -5.826    7.555    3.727
 392.60   22.449   22.769   22.791    3.806   -0.991    1.449    3.806   -0.991   -1.436    5.515   -3.772    8.784    3.417
 392.70   21.283   21.371   21.371    1.938   -0.005    0.283    1.938   -0.005   -0.002    0.548   -0.010    1.919    0.274
 392.80   22.842   22.942   22.965    2.142    1.018    1.842    2.142    1.018    1.874    3.946    2.180    4.509    2.441
 392.90   22.698   22.935   22.936    3.288   -0.256    1.698    3.288   -0.256   -0.434    5.583   -0.840    6.881    2.831
 393.00   23.472   23.792   23.804    3.889   -0.739    2.472    3.889   -0.739   -1.826    9.614   -2.872   10.890    5.099
 393.10   24.225   24.373   24.409    2.688   -1.313    3.225    2.688   -1.313   -4.234    8.667   -3.529    9.673    5.136
 393.20   23.210   23.442   23.475    3.285   -1.260    2.210    3.285   -1.260   -2.785    7.260   -4.139    8.632    4.405
 393.30   22.170   22.263   22.386    2.039   -2.345    1.170    2.039   -2.345   -2.742    2.385   -4.781    5.512    3.003
 393.40   22.296   22.463   22.702    2.740   -3.281    1.296    2.740   -3.281   -4.252    3.550   -8.990    9.976    5.280
 393.50   22.741   22.802   23.062    1.666   -3.455    1.741    1.666   -3.455   -6.015    2.900   -5.754    8.871    4.408
 393.60   23.160   23.218   23.367    1.640   -2.636    2.160    1.640   -2.636   -5.694    3.542   -4.322    7.152    3.989
 393.70   22.930   22.939   23.109    0.637   -2.795    1.930    0.637   -2.795   -5.396    1.230   -1.781    5.973    2.907
 393.80   23.877   24.063   24.301    2.987   -3.389    2.877    2.987   -3.389   -9.751    8.595  -10.122   14.343    8.237
 393.90   23.737   23.973   24.123    3.354   -2.688    2.737    3.354   -2.688   -7.357    9.180   -9.015   12.982    7.410
 394.00   25.027   25.195   25.362    2.906   -2.904    4.027    2.906   -2.904  -11.694   11.699   -8.438   16.545    9.285
 394.10   25.077   25.261   25.378    3.045   -2.429    4.077    3.045   -2.429   -9.904   12.414   -7.397   15.897    8.759
 394.20   24.100   24.194   24.374    2.127   -2.958    3.100    2.127   -2.958   -9.168    6.593   -6.290   11.440    6.463
 394.30   24.040   24.089   24.270    1.535   -2.959    3.040    1.535   -2.959   -8.994    4.666   -4.542   10.176    5.552
 394.40   23.183   23.184   23.212   -0.118   -1.146    2.183   -0.118   -1.146   -2.501   -0.258    0.135    3.047    1.259
 394.50   21.604   21.705   21.780    2.093   -1.805    0.604    2.093   -1.805   -1.090    1.264   -3.778    4.001    2.065
 394.60   21.618   21.789   21.792    2.726   -0.357    0.618    2.726   -0.357   -0.220    1.684   -0.972    3.971    0.978
 394.70   23.951   24.018   24.022    1.796    0.433    2.951    1.796    0.433    1.278    5.301    0.778    6.061    2.754
 394.80   23.264   23.379   23.384    2.318    0.477    2.264    2.318    0.477    1.079    5.247    1.105    5.362    2.735
 394.90   23.539   23.878   23.901    4.006    1.067    2.539    4.006    1.067    2.710   10.171    4.274   11.816    5.680
 395.00   24.516   24.896   24.954    4.334    1.692    3.516    4.334    1.692    5.950   15.238    7.335   17.005    8.964
 395.10   25.315   25.545   25.548    3.418    0.398    4.315    3.418    0.398    1.715   14.748    1.359   15.229    7.455
 395.20   24.940   25.063   25.064    2.480    0.274    3.940    2.480    0.274    1.078    9.770    0.678   10.873    4.926
 395.30   24.909   25.001   25.008    2.150    0.565    3.909    2.150    0.565    2.208    8.403    1.214   10.109    4.386
 395.40   24.516   24.562   24.562    1.500    0.150    3.516    1.500    0.150    0.526    5.274    0.225    7.318    2.653
 395.50   25.575   25.608   25.610    1.295    0.330    4.575    1.295    0.330    1.509    5.926    0.427   11.361    3.065
 395.60   25.441   25.441   25.441    0.032   -0.141    4.441    0.032   -0.141   -0.628    0.141   -0.005    9.872    0.322
 395.70   26.159   26.176   26.176    0.937   -0.012    5.159    0.937   -0.012   -0.064    4.832   -0.012   13.746    2.416
 395.80   25.438   25.458   25.479   -1.009   -1.028    4.438   -1.009   -1.028   -4.562   -4.477    1.037   10.887    3.238
 395.90   24.246   24.247   24.251    0.183   -0.434    3.246    0.183   -0.434   -1.409    0.593   -0.079    5.380    0.766
 396.00   23.804   23.834   23.846   -1.186   -0.763    2.804   -1.186   -0.763   -2.139   -3.327    0.905    4.927    2.029
 396.10   23.462   23.483   23.535   -0.999   -1.567    2.462   -0.999   -1.567   -3.857   -2.460    1.565    4.757    2.417
 396.20   23.627   23.630   23.745   -0.323   -2.342    2.627   -0.323   -2.342   -6.153   -0.848    0.756    6.246    3.129
 396.30   23.733   23.739   23.789   -0.555   -1.539    2.733   -0.555   -1.539   -4.206   -1.518    0.855    5.072    2.276
 396.40   23.432   23.438   23.571    0.534   -2.495    2.432    0.534   -2.495   -6.069    1.298   -1.332    6.213    3.174
 396.50   23.181   23.184   23.270    0.357   -2.001    2.181    0.357   -2.001   -4.364    0.779   -0.715    4.444    2.245
 396.60   23.870   23.874   23.877    0.410   -0.425    2.870    0.410   -0.425   -1.220    1.178   -0.174    4.293    0.852
 396.70   25.713   25.744   25.823   -1.261   -2.010    4.713   -1.261   -2.010   -9.473   -5.945    2.535   13.923    5.734
 396.80   25.855   25.857   25.897    0.295   -1.449    4.855    0.295   -1.449   -7.034    1.431   -0.427   12.878    3.595
 396.90   24.936   25.010   25.029    1.921   -0.969    3.936    1.921   -0.969   -3.813    7.561   -1.861   10.061    4.335
 397.00   23.989   24.013   24.085    1.076   -1.861    2.989    1.076   -1.861   -5.562    3.216   -2.002    6.777    3.365
 397.10   23.620   23.622   23.683    0.341   -1.690    2.620    0.341   -1.690   -4.428    0.892   -0.576    4.918    2.277
 397.20   22.953   22.960   22.999   -0.539   -1.348    1.953   -0.539   -1.348   -2.634   -1.053    0.727    2.962    1.464
 397.30   22.409   22.411   22.435    0.294   -1.031    1.409    0.294   -1.031   -1.453    0.414   -0.303    1.567    0.770
 397.40   21.566   21.566   21.567   -0.154   -0.206    0.566   -0.154   -0.206   -0.117   -0.087    0.032    0.193    0.074
 397.50   22.203   22.203   22.229   -0.200   -1.056    1.203   -0.200   -1.056   -1.270   -0.241    0.212    1.301    0.655
 397.60   22.615   22.625   22.654   -0.684   -1.134    1.615   -0.684   -1.134   -1.832   -1.104    0.776    2.181    1.138
 397.70   21.894   21.932   21.976   -1.298   -1.386    0.894   -1.298   -1.386   -1.238   -1.160    1.798    2.202    1.236
 397.80   21.190   21.206   21.215   -0.829   -0.626    0.190   -0.829   -0.626   -0.119   -0.158    0.519    0.558    0.278
 397.90   21.474   21.476   21.509   -0.333   -1.186    0.474   -0.333   -1.186   -0.562   -0.158    0.395    0.871    0.352
 398.00   22.046   22.055   22.113    0.624   -1.604    1.046    0.624   -1.604   -1.677    0.653   -1.000    2.027    1.030
 398.10   21.368   21.377   21.407    0.618   -1.139    0.368    0.618   -1.139   -0.419    0.227   -0.704    0.908    0.425
 398.20   21.621   21.714   21.764   -2.010   -1.469    0.621   -2.010   -1.469   -0.912   -1.248    2.953    3.293    1.667
 398.30   22.542   22.545   22.559   -0.370   -0.794    1.542   -0.370   -0.794   -1.224   -0.570    0.293    1.572    0.691
 398.40   23.676   23.683   23.691    0.566    0.618    2.676    0.566    0.618    1.654    1.514    0.349    3.932    1.135
 398.50   23.629   23.646   23.681    0.875   -1.303    2.629    0.875   -1.303   -3.425    2.300   -1.139    4.688    2.140
 398.60   21.833   21.876   21.878    1.366   -0.321    0.833    1.366   -0.321   -0.267    1.138   -0.438    1.331    0.624
 398.70   21.555   21.630   21.636    1.797    0.514    0.555    1.797    0.514    0.285    0.998    0.924    1.901    0.695
 398.80   21.137   21.226   21.342    1.943    2.214    0.137    1.943    2.214    0.304    0.267    4.302    4.348    2.161
 398.90   21.763   21.862   21.863    2.077    0.238    0.763    2.077    0.238    0.181    1.585    0.494    2.476    0.835
 399.00   22.381   22.495   22.548    2.267    1.535    1.381    2.267    1.535    2.120    3.130    3.479    4.700    2.569
 399.10   22.648   22.737   22.781    2.018    1.405    1.648    2.018    1.405    2.316    3.326    2.837    4.382    2.473
 399.20   23.384   23.571   23.709    2.962    2.553    2.384    2.962    2.553    6.087    7.061    7.563   10.488    6.002
 399.30   24.373   24.518   24.531    2.667    0.785    3.373    2.667    0.785    2.649    8.994    2.094    9.552    4.804
 399.40   24.245   24.385   24.391    2.609    0.577    3.245    2.609    0.577    1.871    8.465    1.505    8.833    4.399
 399.50   23.618   23.780   23.795    2.771    0.866    2.618    2.771    0.866    2.267    7.254    2.400    7.641    3.985
 399.60   23.683   23.754   23.756    1.834    0.316    2.683    1.834    0.316    0.849    4.921    0.580    5.331    2.513
 399.70   23.337   23.348   23.355    0.698   -0.585    2.337    0.698   -0.585   -1.367    1.632   -0.408    3.146    1.084
 399.80   22.960   22.977   22.978    0.891   -0.206    1.960    0.891   -0.206   -0.403    1.747   -0.183    2.339    0.901
 399.90   22.404   22.509   22.548    2.176   -1.326    1.404    2.176   -1.326   -1.862    3.055   -2.885    4.232    2.298
 400.00   20.340   20.411   20.421    1.703   -0.625   -0.660    1.703   -0.625    0.413   -1.124   -1.065    1.863    0.801
 400.10   20.097   20.237   20.265    2.382    1.070   -0.903    2.382    1.070   -0.967   -2.152    2.549    3.818    1.737
 400.20   21.967   22.029   22.071    1.653    1.364    0.967    1.653    1.364    1.318    1.598    2.254    2.763    1.531
 400.30   21.900   21.908   21.912    0.581   -0.445    0.900    0.581   -0.445   -0.401    0.523   -0.259    0.673    0.354
 400.40   21.633   21.662   21.662    1.119   -0.006    0.633    1.119   -0.006   -0.004    0.709   -0.006    0.827    0.354
 400.50   23.118   23.120   23.166    0.291    1.466    2.118    0.291    1.466    3.105    0.617    0.427    3.360    1.597
 400.60   22.659   22.670   22.677   -0.684    0.588    1.659   -0.684    0.588    0.976   -1.136   -0.403    1.784    0.775
 400.70   21.724   21.749   21.769   -1.052    0.936    0.724   -1.052    0.936    0.678   -0.761   -0.985    1.253    0.709
 400.80   21.579   21.588   21.706   -0.624    2.261    0.579   -0.624    2.261    1.309   -0.361   -1.410    2.917    0.979
 400.90   21.216   21.216   21.300   -0.065    1.888    0.216   -0.065    1.888    0.408   -0.014   -0.122    1.808    0.213
 401.00   21.381   21.381   21.464    0.048    1.885    0.381    0.048    1.885    0.718    0.018    0.090    1.850    0.362
 401.10   21.047   21.050   21.084    0.391    1.203    0.047    0.391    1.203    0.056    0.018    0.471    0.801    0.237
 401.20   21.570   21.580   21.639    0.670    1.595    0.570    0.670    1.595    0.909    0.382    1.069    1.659    0.727
 401.30   21.869   21.891   21.918   -0.991    1.080    0.869   -0.991    1.080    0.939   -0.861   -1.070    1.451    0.832
 401.40   22.439   22.450   22.454   -0.709    0.411    1.439   -0.709    0.411    0.592   -1.020   -0.292    1.371    0.608
 401.50   21.515   21.544   21.559    1.120    0.797    0.515    1.120    0.797    0.410    0.576    0.893    1.077    0.570
 401.60   20.691   20.939   20.973    3.211    1.194   -0.309    3.211    1.194   -0.369   -0.993    3.836    5.918    1.990
 401.70   20.890   21.062   21.255    2.685    2.860   -0.110    2.685    2.860   -0.315   -0.296    7.679    7.700    3.845
 401.80   21.420   21.441   21.865    0.947    4.286    0.420    0.947    4.286    1.799    0.397    4.058    9.721    2.228
 401.90   21.421   21.422   21.803    0.256    4.057    0.421    0.256    4.057    1.707    0.108    1.040    8.351    1.001
 402.00   22.095   22.114   22.231    0.932    2.277    1.095    0.932    2.277    2.492    1.020    2.122    3.625    1.714
 402.10   20.340   20.388   20.393    1.406    0.424   -0.660    1.406    0.424   -0.280   -0.929    0.596    1.296    0.569
 402.20   20.903   20.920   20.924    0.860    0.412   -0.097    0.860    0.412   -0.040   -0.084    0.354    0.459    0.183
 402.30   21.648   21.648   21.655   -0.096    0.572    0.648   -0.096    0.572    0.370   -0.062   -0.055    0.378    0.190
 402.40   21.160   21.177   21.192    0.844    0.809    0.160    0.844    0.809    0.129    0.135    0.683    0.697    0.354
 402.50   21.042   21.044   21.044    0.264    0.112    0.042    0.264    0.112    0.005    0.011    0.029    0.042    0.016
 402.60   19.606   19.609   19.610    0.312    0.206   -1.394    0.312    0.206   -0.287   -0.436    0.064    1.041    0.263
 402.70   20.276   20.302   20.304    1.025    0.295   -0.724    1.025    0.295   -0.214   -0.743    0.302    0.831    0.415
 402.80   18.707   18.736   18.742   -1.047   -0.458   -2.293   -1.047   -0.458    1.051    2.401    0.480    3.282    1.332
 402.90   17.728   17.731   17.736   -0.300   -0.436   -3.272   -0.300   -0.436    1.425    0.981    0.131    5.492    0.868
 403.00   17.833   17.868   17.879    1.113   -0.638   -3.167    1.113   -0.638    2.020   -3.525   -0.710    5.837    2.062
 403.10   17.947   17.948   17.952    0.209    0.379   -3.053    0.209    0.379   -1.158   -0.638    0.079    4.755    0.662
 403.20   18.351   18.391   18.440   -1.209    1.347   -2.649   -1.209    1.347   -3.569    3.201   -1.629    5.146    2.532
 403.30   19.813   19.814   19.825   -0.171    0.660   -1.187   -0.171    0.660   -0.784    0.203   -0.113    0.937    0.409
 403.40   20.706   20.942   20.958    3.132    0.843   -0.294    3.132    0.843   -0.248   -0.921    2.640    5.304    1.403
 403.50   21.136   21.476   21.486    3.806    0.649    0.136    3.806    0.649    0.088    0.517    2.471    7.464    1.263
 403.60   20.451   20.779   20.779    3.677    0.139   -0.549    3.677    0.139   -0.076   -2.019    0.512    6.921    1.042
 403.70   19.364   19.545   19.546    2.650    0.225   -1.636    2.650    0.225   -0.368   -4.335    0.597    4.875    2.196
 403.80   18.818   18.908   18.921    1.836   -0.709   -2.182    1.836   -0.709    1.547   -4.007   -1.302    4.318    2.244
 403.90   18.663   18.817   18.872    2.402   -1.440   -2.337    2.402   -1.440    3.365   -5.614   -3.460    6.653    3.702
 404.00   19.867   20.239   20.270    3.866   -1.107   -1.133    3.866   -1.107    1.254   -4.381   -4.279    8.726    3.125
 404.10   20.606   20.877   20.918    3.355   -1.304   -0.394    3.355   -1.304    0.514   -1.324   -4.374    6.556    2.299
 404.20   19.596   19.986   19.997    3.930   -0.681   -1.404    3.930   -0.681    0.957   -5.519   -2.678    8.941    3.104
 404.30   19.059   19.641   19.642    4.744    0.192   -1.941    4.744    0.192   -0.373   -9.206    0.911   13.153    4.629
 404.40   20.383   20.946   20.946    4.824    0.086   -0.617    4.824    0.086   -0.053   -2.976    0.415   11.827    1.503
 404.50   19.337   19.642   19.712    3.446    1.658   -1.663    3.446    1.658   -2.757   -5.730    5.714    8.694    4.274
 404.60   18.479   18.634   18.705    2.396    1.634   -2.521    2.396    1.634   -4.120   -6.042    3.916    7.385    4.148
 404.70   18.659   19.119   19.169    4.170    1.389   -2.341    4.170    1.389   -3.252   -9.765    5.792   12.402    5.905
 404.80   18.983   19.180   19.181    2.742   -0.162   -2.017    2.742   -0.162    0.326   -5.530   -0.443    5.805    2.779
 404.90   19.452   19.469   19.499    0.812   -1.081   -1.548    0.812   -1.081    1.673   -1.257   -0.878    2.112    1.135
 405.00   18.908   18.908   18.944   -0.076   -1.160   -2.092   -0.076   -1.160    2.425    0.159    0.088    2.863    1.216
 405.10   18.793   18.799   18.800    0.474   -0.243   -2.207    0.474   -0.243    0.537   -1.046   -0.115    2.578    0.591
 405.20   18.476   18.526   18.526    1.361    0.071   -2.524    1.361    0.071   -0.178   -3.435    0.096    4.115    1.721
 405.30   17.912   18.048   18.055    2.215   -0.495   -3.088    2.215   -0.495    1.529   -6.839   -1.096    7.343    3.546
 405.40   18.362   18.442   18.442    1.708   -0.098   -2.638    1.708   -0.098    0.258   -4.505   -0.167    4.942    2.258
 405.50   18.698   18.698   18.706   -0.119    0.538   -2.302   -0.119    0.538   -1.238    0.275   -0.064    2.802    0.635
 405.60   18.061   18.069   18.070   -0.528   -0.186   -2.939   -0.528   -0.186    0.546    1.552    0.098    4.476    0.824
 405.70   17.691   17.700   17.717   -0.566   -0.785   -3.309   -0.566   -0.785    2.599    1.874    0.445    5.944    1.617
 405.80   18.556   18.649   18.667   -1.857   -0.829   -2.444   -1.857   -0.829    2.025    4.537    1.539    5.053    2.601
 405.90   19.690   19.747   19.751   -1.497    0.367   -1.310   -1.497    0.367   -0.481    1.960   -0.550    2.045    1.046
 406.00   18.528   18.570   18.577   -1.249   -0.500   -2.472   -1.249   -0.500    1.237    3.088    0.625    3.961    1.693
 406.10   17.939   18.021   18.031   -1.711    0.609   -3.061   -1.711    0.609   -1.864    5.236   -1.042    6.333    2.827
 406.20   17.047   17.048   17.093    0.205    1.230   -3.953    0.205    1.230   -4.862   -0.812    0.253    8.590    2.468
 406.30   17.482   17.485   17.487   -0.345   -0.254   -3.518   -0.345   -0.254    0.892    1.212    0.087    6.281    0.754
 406.40   17.645   17.648   17.679   -0.362    1.035   -3.355   -0.362    1.035   -3.471    1.215   -0.375    6.230    1.848
 406.50   17.049   17.134   17.178   -1.706    1.228   -3.951   -1.706    1.228   -4.850    6.741   -2.095   10.013    4.282
 406.60   18.368   18.404   18.426   -1.152    0.896   -2.632   -1.152    0.896   -2.357    3.030   -1.031    4.527    1.988
 406.70   17.645   17.650   17.752   -0.396    1.901   -3.355   -0.396    1.901   -6.377    1.327   -0.752    7.512    3.279
 406.80   17.379   17.431   17.459   -1.352    0.991   -3.621   -1.352    0.991   -3.588    4.896   -1.339    7.961    3.108
 406.90   17.384   17.411   17.413   -0.956   -0.310   -3.616   -0.956   -0.310    1.120    3.455    0.296    7.041    1.822
 407.00   16.923   16.958   17.020   -1.091   -1.448   -4.077   -1.091   -1.448    5.903    4.449    1.580    9.955    3.779
 407.10   18.191   18.195   18.228   -0.337   -1.111   -2.809   -0.337   -1.111    3.120    0.948    0.375    4.618    1.641
 407.20   17.481   17.485   17.564   -0.376   -1.658   -3.519   -0.376   -1.658    5.835    1.322    0.623    7.637    3.008
 407.30   17.117   17.192   17.264   -1.604   -1.576   -3.883   -1.604   -1.576    6.118    6.230    2.528   10.067    4.545
 407.40   17.892   17.964   18.087   -1.609   -2.107   -3.108   -1.609   -2.107    6.548    5.001    3.389    8.344    4.455
 407.50   17.074   17.121   17.166   -1.264   -1.236   -3.926   -1.264   -1.236    4.852    4.961    1.562    9.268    3.557
 407.60   17.188   17.422   17.428   -2.849   -0.463   -3.812   -2.849   -0.463    1.767   10.863    1.320   11.434    5.542
 407.70   17.293   17.514   17.663   -2.775   -2.294   -3.707   -2.775   -2.294    8.504   10.289    6.366   13.354    7.394
 407.80   17.220   17.222   17.368   -0.262   -2.248   -3.780   -0.262   -2.248    8.497    0.992    0.590    9.706    4.288
 407.90   18.894   18.894   18.902    0.102   -0.538   -2.106    0.102   -0.538    1.134   -0.215   -0.055    2.368    0.578
 408.00   16.983   17.005   17.005   -0.856   -0.098   -4.017   -0.856   -0.098    0.392    3.438    0.083    8.439    1.731
 408.10   17.080   17.279   17.321   -2.616   -1.207   -3.920   -2.616   -1.207    4.730   10.257    3.157   11.835    5.864
 408.20   17.968   18.010   18.189   -1.233   -2.548   -3.032   -1.233   -2.548    7.726    3.739    3.141    8.603    4.570
 408.30   17.679   17.691   17.929    0.657   -2.913   -3.321    0.657   -2.913    9.675   -2.182   -1.914    9.974    5.050
 408.40   17.735   17.758   17.929    0.902   -2.471   -3.265    0.902   -2.471    8.068   -2.946   -2.229    8.790    4.437
 408.50   18.187   18.194   18.196   -0.488   -0.268   -2.813   -0.488   -0.268    0.754    1.373    0.131    4.111    0.786
 408.60   18.549   18.549   18.555    0.020   -0.484   -2.451    0.020   -0.484    1.187   -0.048   -0.009    3.121    0.594
 408.70   18.039   18.071   18.073    1.086   -0.247   -2.961    1.086   -0.247    0.731   -3.216   -0.268    5.005    1.655
 408.80   18.353   18.415   18.469    1.505   -1.412   -2.647    1.505   -1.412    3.737   -3.983   -2.125    5.632    2.930
 408.90   18.213   18.554   18.643    3.538   -1.820   -2.787    3.538   -1.820    5.072   -9.859   -6.439   11.798    6.411
 409.00   17.666   17.785   17.907    2.056   -2.084   -3.334    2.056   -2.084    6.948   -6.856   -4.286    9.844    5.330
 409.10   16.982   17.035   17.071    1.339   -1.118   -4.018    1.339   -1.118    4.490   -5.379   -1.496    9.593    3.583
 409.20   16.412   16.422   16.422    0.569    0.057   -4.588    0.569    0.057   -0.262   -2.609    0.032   10.689    1.311
 409.30   16.917   17.222   17.256    3.229    1.075   -4.083    3.229    1.075   -4.387  -13.186    3.470   14.128    7.162
 409.40   16.875   17.107   17.112    2.810   -0.389   -4.125    2.810   -0.389    1.605  -11.593   -1.094   12.532    5.877
 409.50   16.363   16.428   16.592    1.461   -2.331   -4.637    1.461   -2.331   10.811   -6.775   -3.406   14.537    6.602
 409.60   15.858   15.964   16.197    1.830   -2.738   -5.142    1.830   -2.738   14.080   -9.409   -5.011   18.642    8.830
 409.70   16.239   16.551   16.645    3.200   -1.766   -4.761    3.200   -1.766    8.410  -15.233   -5.652   18.012    9.148
 409.80   16.263   16.395   16.431    2.077   -1.094   -4.737    2.077   -1.094    5.183   -9.838   -2.272   13.975    5.675
 409.90   16.403   16.672   16.724    2.987   -1.316   -4.597    2.987   -1.316    6.049  -13.733   -3.930   15.895    7.756
 410.00   17.410   17.864   17.888    3.999   -0.935   -3.590    3.999   -0.935    3.355  -14.354   -3.738   14.875    7.604
 410.10   18.444   18.636   18.639    2.666   -0.352   -2.556    2.666   -0.352    0.900   -6.813   -0.938    6.881    3.468
 410.20   18.092   18.193   18.232    1.910    1.203   -2.908    1.910    1.203   -3.497   -5.555    2.297    6.776    3.477
 410.30   16.514   16.593   16.618    1.617   -0.915   -4.486    1.617   -0.915    4.106   -7.253   -1.480   11.790    4.233
 410.40   15.485   15.539   15.666    1.300   -1.986   -5.515    1.300   -1.986   10.955   -7.168   -2.582   18.025    6.672
 410.50   15.526   15.629   15.846    1.790   -2.617   -5.474    1.790   -2.617   14.324   -9.800   -4.684   20.008    8.988
 410.60   16.329   16.509   16.664    2.430   -2.270   -4.671    2.430   -2.270   10.603  -11.350   -5.516   16.438    8.241
 410.70   17.805   18.034   18.172    2.863   -2.231   -3.195    2.863   -2.231    7.129   -9.147   -6.390   11.692    6.620
 410.80   16.959   17.233   17.386    3.057   -2.303   -4.041    3.057   -2.303    9.305  -12.351   -7.039   15.487    8.495
 410.90   17.469   17.747   17.867    3.125   -2.072   -3.531    3.125   -2.072    7.316  -11.036   -6.476   13.264    7.370
 411.00   17.080   17.501   17.604    3.815   -1.907   -3.920    3.815   -1.907    7.477  -14.954   -7.275   16.778    9.116
 411.10   17.452   17.975   18.093    4.301   -2.065   -3.548    4.301   -2.065    7.326  -15.259   -8.882   17.675    9.558
 411.20   19.970   20.601   20.686    5.061   -1.876   -1.030    5.061   -1.876    1.933   -5.214   -9.493   15.097    5.501
 411.30   21.118   21.597   21.634    4.526   -1.258    0.118    4.526   -1.258   -0.148    0.533   -5.692   11.038    2.860
 411.40   20.351   21.117   21.118    5.637   -0.226   -0.649    5.637   -0.226    0.146   -3.658   -1.272   16.121    1.938
 411.50   19.656   20.627   20.627    6.253    0.038   -1.344    6.253    0.038   -0.051   -8.403    0.239   20.451    4.203
 411.60   19.636   20.418   20.448    5.599   -1.102   -1.364    5.599   -1.102    1.503   -7.637   -6.170   17.210    4.966
 411.70   20.120   21.136   21.149    6.475   -0.729   -0.880    6.475   -0.729    0.642   -5.699   -4.720   21.618    3.714
 411.80   20.773   21.637   21.653    6.056   -0.820   -0.227    6.056   -0.820    0.186   -1.377   -4.967   18.698    2.579
 411.90   20.733   21.756   21.771    6.593   -0.818   -0.267    6.593   -0.818    0.219   -1.762   -5.396   22.107    2.840
 412.00   20.864   21.495   21.519    5.168    1.022   -0.136    5.168    1.022   -0.139   -0.701    5.281   13.884    2.664
 412.10   20.408   20.549   20.551    2.404    0.277   -0.592    2.404    0.277   -0.164   -1.423    0.666    3.103    0.790
 412.20   20.663   20.670   20.741    0.535   -1.720   -0.337    0.535   -1.720    0.579   -0.180   -0.919    1.678    0.551
 412.30   21.053   21.074   21.107    0.936   -1.180    0.053    0.936   -1.180   -0.063    0.050   -1.104    1.136    0.554
 412.40   19.700   19.721   19.761    0.910   -1.259   -1.300    0.910   -1.259    1.637   -1.183   -1.146    2.052    1.161
 412.50   18.429   18.443   18.695    0.709   -3.059   -2.571    0.709   -3.059    7.866   -1.822   -2.168    8.236    4.180
 412.60   17.861   17.914   18.007    1.372   -1.825   -3.139    1.372   -1.825    5.730   -4.306   -2.504    7.533    3.796
 412.70   17.031   17.169   17.365    2.172   -2.599   -3.969    2.172   -2.599   10.313   -8.618   -5.643   13.610    7.288
 412.80   15.853   16.068   16.353    2.618   -3.038   -5.147    2.618   -3.038   15.637  -13.475   -7.955   21.287   11.061
 412.90   17.717   17.823   18.139    1.937   -3.373   -3.283    1.937   -3.373   11.071   -6.357   -6.532   12.950    7.170
 413.00   18.057   18.243   18.250    2.599   -0.492   -2.943    2.599   -0.492    1.448   -7.649   -1.279    7.829    3.944
 413.10   17.483   17.769   17.774    3.171   -0.442   -3.517    3.171   -0.442    1.553  -11.151   -1.400   11.308    5.673
 413.20   17.379   17.660   17.823    3.134   -2.409   -3.621    3.134   -2.409    8.721  -11.347   -7.549   14.367    8.090
 413.30   17.060   17.180   17.299    2.023   -2.023   -3.940    2.023   -2.023    7.969   -7.969   -4.092   11.852    5.995
 413.40   16.495   16.560   16.952    1.465   -3.627   -4.505    1.465   -3.627   16.337   -6.599   -5.312   17.796    9.202
 413.50   16.768   16.862   17.027    1.781   -2.363   -4.232    1.781   -2.363   10.000   -7.538   -4.209   13.333    6.606
 413.60   17.460   17.537   17.548    1.642   -0.612   -3.540    1.642   -0.612    2.168   -5.814   -1.006    7.801    3.143
 413.70   17.040   17.118   17.118    1.625    0.113   -3.960    1.625    0.113   -0.447   -6.436    0.183    9.166    3.227
 413.80   17.451   17.566   17.570    2.010    0.347   -3.549    2.010    0.347   -1.230   -7.134    0.697    8.378    3.637
 413.90   16.377   16.578   16.578    2.571    0.009   -4.623    2.571    0.009   -0.044  -11.887    0.024   13.991    5.943
 414.00   16.933   17.278   17.288    3.436    0.572   -4.067    3.436    0.572   -2.327  -13.973    1.966   14.336    7.150
 414.10   16.428   16.944   16.990    4.152    1.242   -4.572    4.152    1.242   -5.680  -18.983    5.158   19.843   10.238
 414.20   17.657   18.066   18.129    3.821    1.504   -3.343    3.821    1.504   -5.027  -12.771    5.747   14.017    7.440
 414.30   18.225   18.817   18.974    4.685    2.430   -2.775    4.685    2.430   -6.744  -13.002   11.385   17.779    9.276
 414.40   18.688   19.170   19.179    4.272    0.591   -2.312    4.272    0.591   -1.366   -9.876    2.523   11.971    5.142
 414.50   17.976   18.378   18.421    3.825    1.251   -3.024    3.825    1.251   -3.784  -11.569    4.786   12.672    6.540
 414.60   18.501   18.951   18.957    4.105    0.490   -2.499    4.105    0.490   -1.224  -10.259    2.010   11.667    5.263
 414.70   19.072   19.614   19.680    4.580    1.600   -1.928    4.580    1.600   -3.084   -8.829    7.328   13.625    5.940
 414.80   18.157   18.734   18.784    4.615    1.361   -2.843    4.615    1.361   -3.870  -13.122    6.283   15.619    7.527
 414.90   18.525   19.184   19.192    4.984   -0.530   -2.475    4.984   -0.530    1.311  -12.334   -2.641   15.625    6.341
 415.00   19.609   20.270   20.356    5.134   -1.872   -1.391    5.134   -1.872    2.604   -7.141   -9.610   15.897    6.126
 415.10   21.187   21.642   21.674    4.414   -1.171    0.187    4.414   -1.171   -0.219    0.826   -5.168   10.447    2.619
 415.20   19.417   20.392   20.394    6.231   -0.248   -1.583    6.231   -0.248    0.393   -9.864   -1.547   20.697    4.996
 415.30   19.099   20.342   20.342    7.001    0.058   -1.901    7.001    0.058   -0.110  -13.307    0.405   26.312    6.657
 415.40   19.101   20.095   20.138    6.241   -1.321   -1.899    6.241   -1.321    2.510  -11.854   -8.247   22.154    7.328
 415.50   17.982   19.075   19.093    6.363   -0.821   -3.018    6.363   -0.821    2.478  -19.201   -5.226   25.134   10.027
 415.60   17.886   18.596   18.692    5.087   -1.891   -3.114    5.087   -1.891    5.889  -15.841   -9.622   19.577    9.723
 415.70   16.307   16.584   16.657    3.019   -1.563   -4.693    3.019   -1.563    7.337  -14.171   -4.720   16.794    8.321
 415.80   16.354   16.433   16.496    1.612   -1.441   -4.646    1.612   -1.441    6.693   -7.488   -2.322   13.129    5.154
 415.90   16.046   16.475   16.668    3.735   -2.525   -4.954    3.735   -2.525   12.509  -18.505   -9.432   22.435   12.123
 416.00   16.237   16.299   16.779    1.415   -3.984   -4.763    1.415   -3.984   18.974   -6.738   -5.636   20.278   10.455
 416.10   15.350   15.364   15.645    0.653   -2.952   -5.650    0.653   -2.952   16.677   -3.687   -1.926   20.530    8.594
 416.20   15.269   15.376   15.449    1.812   -1.501   -5.731    1.812   -1.501    8.605  -10.384   -2.720   19.192    6.879
 416.30   16.203   16.329   16.447    2.030   -1.964   -4.797    2.030   -1.964    9.422   -9.741   -3.988   15.497    7.063
 416.40   16.248   16.443   16.534    2.530   -1.729   -4.752    2.530   -1.729    8.215  -12.025   -4.374   15.988    7.603
 416.50   16.008   16.168   16.195    2.271   -0.931   -4.992    2.271   -0.931    4.649  -11.336   -2.114   15.473    6.216
 416.60   16.584   16.604   16.689    0.802   -1.688   -4.416    0.802   -1.688    7.454   -3.542   -1.354   11.496    4.182
 416.70   18.153   18.211   18.274    1.447   -1.510   -2.846    1.447   -1.510    4.299   -4.118   -2.185    6.238    3.170
 416.80   17.065   17.154   17.176    1.741   -0.879   -3.935    1.741   -0.879    3.460   -6.853   -1.531    9.645    3.914
 416.90   17.073   17.075   17.076    0.293   -0.096   -3.927    0.293   -0.096    0.376   -1.152   -0.028    7.759    0.606
 417.00   17.818   17.878   17.888    1.462    0.593   -3.182    1.462    0.593   -1.886   -4.650    0.866    6.305    2.546
 417.10   17.579   17.584   17.590    0.408   -0.464   -3.421    0.408   -0.464    1.587   -1.395   -0.189    6.043    1.061
 417.20   16.781   16.867   16.936    1.693   -1.535   -4.219    1.693   -1.535    6.476   -7.141   -2.598   11.509    4.992
 417.30   19.320   19.429   19.541    2.051   -2.094   -1.680    2.051   -2.094    3.518   -3.445   -4.294    5.706    3.266
 417.40   18.667   18.778   18.832    2.042   -1.424   -2.333    2.042   -1.424    3.323   -4.763   -2.907    5.820    3.247
 417.50   18.602   18.637   18.639    1.144   -0.252   -2.398    1.144   -0.252    0.604   -2.742   -0.288    3.560    1.411
 417.60   19.214   19.228   19.231    0.734    0.349   -1.786    0.734    0.349   -0.624   -1.310    0.256    1.925    0.737
 417.70   20.211   20.272   20.277    1.573    0.462   -0.789    1.573    0.462   -0.364   -1.241    0.726    1.655    0.742
 417.80   20.146   20.281   20.297    2.330    0.812   -0.854    2.330    0.812   -0.693   -1.988    1.891    3.407    1.415
 417.90   18.413   18.629   18.641    2.831    0.663   -2.587    2.831    0.663   -1.716   -7.323    1.878    7.573    3.876
 418.00   17.937   18.012   18.012    1.640   -0.047   -3.063    1.640   -0.047    0.145   -5.023   -0.078    6.036    2.513
 418.10   17.709   17.783   17.785    1.623   -0.241   -3.291    1.623   -0.241    0.793   -5.341   -0.391    6.761    2.707
 418.20   17.473   17.751   17.752    3.128   -0.211   -3.527    3.128   -0.211    0.745  -11.034   -0.661   11.136    5.540
 418.30   19.077   19.344   19.360    3.204    0.800   -1.923    3.204    0.800   -1.540   -6.163    2.565    7.304    3.425
 418.40   18.245   18.430   18.561    2.604    2.195   -2.755    2.604    2.195   -6.046   -7.173    5.716    9.593    5.493
 418.50   17.776   17.776   18.043    0.091    3.090   -3.224    0.091    3.090   -9.962   -0.292    0.280    9.975    4.985
 418.60   17.828   17.857   18.164   -1.017    3.324   -3.172   -1.017    3.324  -10.544    3.227   -3.382   11.073    5.767
 418.70   16.151   16.160   16.471   -0.541    3.187   -4.849   -0.541    3.187  -15.452    2.623   -1.724   16.980    7.884
 418.80   16.677   16.695   17.081    0.791    3.609   -4.323    0.791    3.609  -15.603   -3.421    2.855   16.171    8.113
 418.90   17.530   17.600   17.755    1.564    2.342   -3.470    1.564    2.342   -8.126   -5.427    3.664    9.985    5.218
 419.00   17.525   17.657   17.732    2.151    1.633   -3.475    2.151    1.633   -5.676   -7.473    3.513    9.684    5.010
 419.10   17.128   17.175   17.213    1.267    1.141   -3.872    1.267    1.141   -4.418   -4.904    1.445    8.948    3.379
 419.20   17.637   17.760   17.795    2.083    1.122   -3.363    2.083    1.122   -3.771   -7.003    2.336    8.451    4.145
 419.30   19.595   19.854   19.949    3.196    1.937   -1.405    3.196    1.937   -2.721   -4.489    6.192    7.970    4.059
 419.40   19.672   19.685   19.702    0.708    0.804   -1.328    0.708    0.804   -1.068   -0.940    0.570    1.455    0.766
 419.50   19.165   19.196   19.201    1.088    0.465   -1.835    1.088    0.465   -0.854   -1.997    0.506    2.384    1.115
 419.60   18.453   18.601   18.743    2.339    2.303   -2.547    2.339    2.303   -5.866   -5.958    5.387    8.632    4.973
 419.70   18.782   18.816   18.974    1.129    2.441   -2.218    1.129    2.441   -5.413   -2.504    2.757    6.076    3.285
 419.80   18.877   18.880   19.007    0.341    2.192   -2.123    0.341    2.192   -4.653   -0.724    0.748    4.714    2.384
 419.90   18.180   18.181   18.295   -0.234    2.038   -2.820   -0.234    2.038   -5.747    0.659   -0.476    6.081    2.902
 420.00   17.145   17.145   17.507    0.013    3.543   -3.855    0.013    3.543  -13.659   -0.051    0.046   13.708    6.830
 420.10   15.857   15.857   16.355   -0.042    4.004   -5.143   -0.042    4.004  -20.592    0.217   -0.169   21.241   10.297
 420.20   15.650   15.677   16.318   -0.912    4.529   -5.350   -0.912    4.529  -24.228    4.878   -4.130   24.981   12.529
 420.30   17.659   17.660   18.244   -0.125    4.580   -3.341   -0.125    4.580  -15.299    0.417   -0.571   16.075    7.658
 420.40   18.358   18.361   18.697   -0.327    3.532   -2.642   -0.327    3.532   -9.331    0.865   -1.156    9.780    4.721
 420.50   18.478   18.509   19.063    1.082    4.562   -2.522    1.082    4.562  -11.507   -2.730    4.938   14.173    6.408
 420.60   18.482   18.607   19.090    2.151    4.266   -2.518    2.151    4.266  -10.743   -5.417    9.178   14.585    7.566
 420.70   17.946   17.970   18.444    0.940    4.152   -3.054    0.940    4.152  -12.682   -2.870    3.901   13.727    6.788
 420.80   19.349   19.383   19.859    1.140    4.323   -1.651    1.140    4.323   -7.136   -1.882    4.927   11.355    4.437
 420.90   19.693   19.782   20.174    1.875    3.957   -1.307    1.875    3.957   -5.171   -2.450    7.419   10.441    4.685
 421.00   19.624   19.647   20.021    0.952    3.855   -1.376    0.952    3.855   -5.304   -1.310    3.668    8.828    3.290
 421.10   18.662   18.697   18.911    1.141    2.833   -2.338    1.141    2.833   -6.624   -2.667    3.232    7.397    3.919
 421.20   18.455   18.543   18.723    1.806    2.587   -2.545    1.806    2.587   -6.583   -4.595    4.671    8.214    4.644
 421.30   19.819   20.023   20.245    2.850    2.990   -1.181    2.850    2.990   -3.530   -3.364    8.521    9.228    4.909
 421.40   20.378   20.444   20.592    1.645    2.464   -0.622    1.645    2.464   -1.534   -1.024    4.053    4.582    2.226
 421.50   19.107   19.145   19.205    1.206    1.525   -1.893    1.206    1.525   -2.887   -2.283    1.839    3.682    2.057
 421.60   18.469   18.469   18.565   -0.035    1.888   -2.531   -0.035    1.888   -4.780    0.088   -0.066    4.987    2.391
 421.70   18.359   18.362   18.364    0.299    0.312   -2.641    0.299    0.312   -0.823   -0.790    0.093    3.580    0.572
 421.80   19.125   19.141   19.176    0.776    1.162   -1.875    0.776    1.162   -2.178   -1.454    0.901    2.733    1.385
 421.90   17.993   18.087   18.098    1.839    0.635   -3.007    1.839    0.635   -1.908   -5.531    1.167    6.414    2.983
 422.00   18.436   18.497   18.503    1.507    0.467   -2.564    1.507    0.467   -1.196   -3.864    0.703    4.532    2.053
 422.10   19.715   19.807   19.843    1.906    1.185   -1.285    1.906    1.185   -1.523   -2.448    2.259    3.343    1.831
 422.20   20.889   20.937   20.971    1.424    1.193   -0.111    1.424    1.193   -0.133   -0.158    1.698    1.731    0.856
 422.30   21.065   21.137   21.150    1.740    0.762    0.065    1.740    0.762    0.050    0.113    1.326    1.806    0.666
 422.40   21.504   21.711   21.757    2.986    1.424    0.504    2.986    1.424    0.718    1.506    4.253    5.599    2.284
 422.50   20.435   20.767   20.798    3.698    1.145   -0.565    3.698    1.145   -0.647   -2.090    4.236    7.654    2.384
 422.60   20.292   20.719   20.767    4.186    1.409   -0.708    4.186    1.409   -0.998   -2.965    5.899   10.006    3.339
 422.70   20.779   21.282   21.282    4.600    0.003   -0.221    4.600    0.003   -0.001   -1.019    0.016   10.603    0.509
 422.80   21.274   21.359   21.361    1.902    0.231    0.274    1.902    0.231    0.063    0.522    0.440    1.873    0.343
 422.90   20.375   20.508   20.515    2.333   -0.542   -0.625    2.333   -0.542    0.339   -1.458   -1.265    3.063    0.980
 423.00   20.840   21.150   21.205    3.609   -1.537   -0.160    3.609   -1.537    0.247   -0.579   -5.545    7.705    2.790
 423.10   20.503   20.818   20.869    3.607   -1.457   -0.497    3.607   -1.457    0.724   -1.791   -5.256    7.690    2.800
 423.20   22.439   22.804   22.966    4.067   -2.724    1.439    4.067   -2.724   -3.919    5.851  -11.080   13.017    6.564
 423.30   23.249   23.412   23.423    2.759   -0.730    2.249    2.759   -0.730   -1.641    6.204   -2.014    6.601    3.363
 423.40   22.429   22.591   22.602    2.699   -0.729    1.429    2.699   -0.729   -1.041    3.857   -1.967    4.929    2.226
 423.50   23.535   23.656   23.658    2.383   -0.346    2.535    2.383   -0.346   -0.878    6.042   -0.825    6.114    3.081
 423.60   24.937   25.156   25.159    3.311   -0.422    3.937    3.311   -0.422   -1.662   13.035   -1.398   13.320    6.607
 423.70   24.345   24.557   24.566    3.220   -0.657    3.345    3.220   -0.657   -2.197   10.773   -2.115   10.997    5.598
 423.80   24.542   24.736   24.739    3.088   -0.392    3.542    3.088   -0.392   -1.387   10.939   -1.209   11.119    5.547
 423.90   24.053   24.319   24.390    3.584   -1.864    3.053    3.584   -1.864   -5.690   10.943   -6.681   12.821    7.014
 424.00   23.343   23.474   23.523    2.477   -1.522    2.343    2.477   -1.522   -3.565    5.803   -3.770    6.971    3.893
 424.10   23.681   23.760   23.813    1.939   -1.591    2.681    1.939   -1.591   -4.265    5.199   -3.085    6.739    3.699
 424.20   22.502   22.522   22.523    0.957    0.161    1.502    0.957    0.161    0.242    1.437    0.154    1.598    0.733
 424.30   22.643   22.757   22.764    2.281    0.558    1.643    2.281    0.558    0.917    3.748    1.273    4.107    2.031
 424.40   22.867   23.006   23.020    2.527    0.799    1.867    2.527    0.799    1.491    4.717    2.018    5.253    2.671
 424.50   23.941   23.992   23.994    1.572   -0.273    2.941    1.572   -0.273   -0.801    4.623   -0.428    5.597    2.356
 424.60   24.009   24.151   24.156    2.615   -0.466    3.009    2.615   -0.466   -1.404    7.870   -1.220    8.056    4.043
 424.70   23.351   23.533   23.574    2.923   -1.395    2.351    2.923   -1.395   -3.279    6.871   -4.078    8.008    4.318
 424.80   24.654   24.800   24.900    2.683   -2.226    3.654    2.683   -2.226   -8.134    9.805   -5.971   12.754    7.035
 424.90   24.399   24.581   24.633    2.979   -1.611    3.399    2.979   -1.611   -5.476   10.128   -4.800   11.514    6.237
 425.00   23.694   23.936   23.970    3.398   -1.274    2.694    3.398   -1.274   -3.432    9.154   -4.329   10.214    5.346
 425.10   23.976   24.212   24.240    3.374   -1.166    2.976    3.374   -1.166   -3.469   10.041   -3.933   10.800    5.664
 425.20   24.228   24.589   24.593    4.199   -0.407    3.228    4.199   -0.407   -1.315   13.555   -1.711   14.109    6.863
 425.30   23.599   24.208   24.213    5.396    0.523    2.599    5.396    0.523    1.359   14.022    2.823   18.073    7.184
 425.40   23.901   24.293   24.312    4.347   -0.974    2.901    4.347   -0.974   -2.824   12.610   -4.233   14.131    6.799
 425.50   23.641   23.996   24.022    4.111   -1.110    2.641    4.111   -1.110   -2.931   10.858   -4.563   12.555    6.069
 425.60   24.028   24.380   24.388    4.132   -0.610    3.028    4.132   -0.610   -1.847   12.510   -2.521   13.307    6.447
 425.70   22.876   23.366   23.440    4.760   -1.863    1.876    4.760   -1.863   -3.493    8.928   -8.866   14.823    6.529
 425.80   22.699   22.882   22.962    2.892   -1.911    1.699    2.892   -1.911   -3.247    4.914   -5.529    7.453    4.039
 425.90   23.148   23.189   23.263    1.362   -1.857    2.148    1.362   -1.857   -3.989    2.927   -2.529    4.959    2.778
 426.00   23.591   23.795   23.795    3.112   -0.110    2.591    3.112   -0.110   -0.284    8.062   -0.341    8.203    4.037
 426.10   22.045   22.118   22.143    1.803    1.051    1.045    1.803    1.051    1.098    1.884    1.895    2.724    1.444
 426.20   20.447   20.449   20.480   -0.292    1.125   -0.553   -0.292    1.125   -0.622    0.162   -0.329    0.829    0.361
 426.30   20.961   20.964   21.030    0.321    1.664   -0.039    0.321    1.664   -0.064   -0.012    0.534    1.437    0.269
 426.40   21.408   21.458   21.470    1.463    0.735    0.408    1.463    0.735    0.300    0.596    1.075    1.423    0.633
 426.50   22.534   22.647   22.656    2.256    0.641    1.534    2.256    0.641    0.984    3.461    1.447    3.927    1.939
 426.60   22.016   22.399   22.401    4.122   -0.335    1.016    4.122   -0.335   -0.340    4.188   -1.381    9.069    2.211
 426.70   21.807   21.997   21.997    2.887   -0.116    0.807    2.887   -0.116   -0.093    2.329   -0.334    4.500    1.178
 426.80   20.897   21.227   21.294    3.729    1.695   -0.103    3.729    1.695   -0.175   -0.385    6.322    8.394    3.168
 426.90   21.330   21.648   21.719    3.698    1.750    0.330    3.698    1.750    0.578    1.221    6.470    8.422    3.305
 427.00   20.399   20.794   20.876    4.034    1.846   -0.601    4.034    1.846   -1.109   -2.423    7.448   10.022    3.955
 427.10   18.971   19.141   19.422    2.540    3.295   -2.029    2.540    3.295   -6.685   -5.154    8.371   10.713    5.944
 427.20   18.398   18.437   18.596    1.199    2.429   -2.602    1.199    2.429   -6.323   -3.119    2.912    7.056    3.814
 427.30   18.957   19.000   19.212    1.269    2.849   -2.043    1.269    2.849   -5.821   -2.593    3.617    6.952    3.664
 427.40   19.669   19.704   19.711    1.183    0.509   -1.331    1.183    0.509   -0.678   -1.575    0.602    1.716    0.909
 427.50   18.869   18.973   18.975    1.988    0.263   -2.131    1.988    0.263   -0.560   -4.236    0.522    4.281    2.152
 427.60   20.133   20.264   20.271    2.305    0.524   -0.867    2.305    0.524   -0.455   -1.999    1.208    3.170    1.190
 427.70   19.404   19.499   19.502    1.925    0.312   -1.596    1.925    0.312   -0.497   -3.073    0.600    3.176    1.585
 427.80   19.506   19.627   19.638    2.175   -0.665   -1.494    2.175   -0.665    0.994   -3.250   -1.446    3.703    1.847
 427.90   19.197   19.296   19.313    1.953   -0.804   -1.803    1.953   -0.804    1.450   -3.522   -1.571    3.856    2.060
 428.00   19.112   19.322   19.354    2.846    1.108   -1.888    2.846    1.108   -2.092   -5.374    3.153    6.445    3.286
 428.10   16.923   17.073   17.074    2.257   -0.195   -4.077    2.257   -0.195    0.793   -9.201   -0.439   10.876    4.623
 428.20   16.838   16.851   16.852    0.684   -0.139   -4.162    0.684   -0.139    0.578   -2.848   -0.095    8.907    1.454
 428.30   17.281   17.281   17.285   -0.081   -0.369   -3.719   -0.081   -0.369    1.372    0.300    0.030    6.987    0.703
 428.40   17.428   17.431   17.434    0.310    0.334   -3.572    0.310    0.334   -1.194   -1.106    0.104    6.482    0.816
 428.50   17.843   18.016   18.037    2.490   -0.860   -3.157    2.490   -0.860    2.716   -7.862   -2.143    8.454    4.295
 428.60   19.624   19.685   19.790    1.551   -2.038   -1.376    1.551   -2.038    2.806   -2.134   -3.161    4.227    2.367
 428.70   20.281   20.695   20.738    4.120   -1.340   -0.719    4.120   -1.340    0.964   -2.964   -5.519    9.645    3.169
 428.80   19.612   20.013   20.013    3.989   -0.117   -1.388    3.989   -0.117    0.162   -5.539   -0.465    8.927    2.780
 428.90   20.218   20.589   20.590    3.891    0.206   -0.782    3.891    0.206   -0.161   -3.042    0.800    7.897    1.575
 429.00   18.166   18.522   18.527    3.613   -0.459   -2.834    3.613   -0.459    1.300  -10.241   -1.657   10.649    5.228
 429.10   19.417   20.070   20.103    5.075    1.162   -1.583    5.075    1.162   -1.839   -8.031    5.898   14.804    5.066
 429.20   21.870   22.712   22.719    6.124    0.561    0.870    6.124    0.561    0.489    5.331    3.438   19.290    3.181
 429.30   21.651   22.140   22.188    4.624    1.463    0.651    4.624    1.463    0.953    3.011    6.766   11.973    3.733
 429.40   21.581   22.137   22.160    4.931    1.006    0.581    4.931    1.006    0.585    2.865    4.963   12.834    2.880
 429.50   21.503   22.075   22.080    4.995    0.469    0.503    4.995    0.469    0.236    2.511    2.345   12.711    1.722
 429.60   22.012   22.226   22.233    3.073    0.563    1.012    3.073    0.563    0.570    3.110    1.731    5.391    1.802
 429.70   21.662   21.769   21.778    2.154   -0.633    0.662    2.154   -0.633   -0.419    1.425   -1.364    2.739    1.009
 429.80   21.915   22.090   22.128    2.779   -1.295    0.915    2.779   -1.295   -1.184    2.542   -3.598    5.119    2.281
 429.90   22.808   23.152   23.168    3.979   -0.859    1.808    3.979   -0.859   -1.553    7.194   -3.419    9.921    4.058
 430.00   23.229   23.624   23.656    4.300   -1.239    2.229    4.300   -1.239   -2.762    9.586   -5.326   12.496    5.654
 430.10   22.766   23.155   23.229    4.228   -1.853    1.766    4.228   -1.853   -3.272    7.465   -7.836   12.215    5.653
 430.20   21.976   22.413   22.418    4.403    0.468    0.976    4.403    0.468    0.457    4.297    2.060   10.279    2.393
 430.30   21.680   22.086   22.087    4.220    0.123    0.680    4.220    0.123    0.084    2.868    0.521    9.143    1.458
 430.40   21.170   21.745   21.745    4.968   -0.058    0.170    4.968   -0.058   -0.010    0.844   -0.286   12.354    0.446
 430.50   21.220   21.595   21.596    4.010   -0.231    0.220    4.010   -0.231   -0.051    0.881   -0.927    8.092    0.640
 430.60   22.168   22.420   22.421    3.348    0.234    1.168    3.348    0.234    0.274    3.912    0.785    6.316    2.000
 430.70   23.009   23.013   23.028    0.416   -0.842    2.009    0.416   -0.842   -1.692    0.836   -0.350    2.459    0.960
 430.80   24.404   24.405   24.419    0.217   -0.848    3.404    0.217   -0.848   -2.887    0.738   -0.184    6.176    1.493
 430.90   26.114   26.130   26.130    0.912   -0.079    5.114    0.912   -0.079   -0.403    4.664   -0.072   13.495    2.341
 431.00   25.714   25.725   25.885    0.750   -2.872    4.714    0.750   -2.872  -13.539    3.534   -2.154   15.516    7.079
 431.10   24.926   24.927   24.955   -0.262   -1.174    3.926   -0.262   -1.174   -4.608   -1.027    0.307    8.428    2.366
 431.20   24.110   24.131   24.131    1.009    0.087    3.110    1.009    0.087    0.272    3.138    0.088    5.349    1.576
 431.30   23.909   23.945   23.948    1.295    0.431    2.909    1.295    0.431    1.255    3.769    0.559    5.164    2.006
 431.40   22.818   22.842   22.920    1.051    1.885    1.818    1.051    1.885    3.427    1.912    1.982    3.982    2.198
 431.50   22.870   22.888   23.018    0.913    2.446    1.870    0.913    2.446    4.573    1.707    2.233    5.155    2.684
 431.60   23.167   23.178   23.344   -0.733    2.777    2.167   -0.733    2.777    6.016   -1.588   -2.035    6.471    3.273
 431.70   23.544   23.554   23.684    0.685    2.480    2.544    0.685    2.480    6.310    1.742    1.698    6.546    3.381
 431.80   23.182   23.202   23.258    0.955    1.617    2.182    0.955    1.617    3.529    2.084    1.545    4.144    2.190
 431.90   23.681   23.692   23.694   -0.730    0.312    2.681   -0.730    0.312    0.837   -1.957   -0.228    3.909    1.070
 432.00   23.749   23.755   23.756   -0.499    0.207    2.749   -0.499    0.207    0.569   -1.373   -0.103    3.926    0.745
 432.10   24.134   24.140   24.145    0.509    0.519    3.134    0.509    0.519    1.627    1.594    0.264    5.176    1.147
 432.20   23.521   23.547   23.550    1.106   -0.380    2.521    1.106   -0.380   -0.957    2.788   -0.420    3.862    1.489
 432.30   24.972   24.983   24.984   -0.763   -0.168    3.972   -0.763   -0.168   -0.667   -3.030    0.128    8.192    1.553
 432.40   24.338   24.338   24.339    0.138    0.259    3.338    0.138    0.259    0.864    0.460    0.036    5.613    0.490
 432.50   24.185   24.196   24.201    0.749   -0.478    3.185    0.749   -0.478   -1.522    2.385   -0.358    5.466    1.426
 432.60   22.497   22.497   22.498    0.030   -0.202    1.497    0.030   -0.202   -0.302    0.046   -0.006    1.141    0.153
 432.70   21.989   21.991   22.009   -0.264   -0.905    0.989   -0.264   -0.905   -0.895   -0.261    0.239    0.933    0.481
 432.80   22.629   22.643   22.686   -0.803   -1.390    1.629   -0.803   -1.390   -2.264   -1.308    1.116    2.615    1.422
 432.90   21.077   21.096   21.106   -0.902   -0.661    0.077   -0.902   -0.661   -0.051   -0.069    0.597    0.629    0.301
 433.00   20.459   20.629   20.636   -2.637   -0.561   -0.541   -2.637   -0.561    0.304    1.426    1.481    3.781    1.039
 433.10   20.570   20.769   20.769   -2.868    0.023   -0.430   -2.868    0.023   -0.010    1.234   -0.066    4.204    0.618
 433.20   20.165   20.324   20.358   -2.538    1.180   -0.835   -2.538    1.180   -0.986    2.120   -2.994    4.265    1.899
 433.30   19.363   19.407   19.407   -1.305    0.118   -1.637   -1.305    0.118   -0.193    2.136   -0.154    2.198    1.075
 433.40   19.551   19.676   19.686   -2.214    0.626   -1.449   -2.214    0.626   -0.907    3.209   -1.386    3.697    1.805
 433.50   20.995   21.066   21.071   -1.728    0.438   -0.005   -1.728    0.438   -0.002    0.008   -0.758    1.588    0.379
 433.60   20.267   20.300   20.300   -1.161    0.112   -0.733   -1.161    0.112   -0.082    0.852   -0.130    0.949    0.433
 433.70   19.668   19.673   19.673   -0.459   -0.068   -1.332   -0.459   -0.068    0.091    0.612    0.031    0.995    0.310
 433.80   20.045   20.070   20.123   -1.002    1.461   -0.955   -1.002    1.461   -1.395    0.957   -1.463    2.024    1.118
 433.90   19.248   19.257   19.274   -0.577    0.814   -1.752   -0.577    0.814   -1.425    1.011   -0.469    2.032    0.905
 434.00   19.738   19.762   19.764   -0.979    0.310   -1.262   -0.979    0.310   -0.392    1.236   -0.304    1.324    0.666
 434.10   18.429   18.452   18.455   -0.927    0.313   -2.571   -0.927    0.313   -0.804    2.382   -0.290    3.783    1.266
 434.20   19.032   19.036   19.065    0.402   -1.042   -1.968    0.402   -1.042    2.051   -0.790   -0.419    2.560    1.119
 434.30   18.272   18.274   18.353    0.247   -1.695   -2.728    0.247   -1.695    4.623   -0.673   -0.418    5.187    2.345
 434.40   19.294   19.295   19.295    0.210   -0.044   -1.706    0.210   -0.044    0.075   -0.359   -0.009    1.478    0.183
 434.50   18.812   18.814   18.824    0.259    0.609   -2.188    0.259    0.609   -1.332   -0.567    0.158    2.612    0.728
 434.60   17.377   17.394   17.534   -0.762    2.216   -3.623   -0.762    2.216   -8.030    2.760   -1.688    9.310    4.329
 434.70   16.676   16.683   16.816   -0.453    2.115   -4.324   -0.453    2.115   -9.143    1.957   -0.957   11.685    4.699
 434.80   17.699   17.710   17.762    0.613    1.363   -3.301    0.613    1.363   -4.500   -2.024    0.836    6.565    2.502
 434.90   17.949   18.133   18.155    2.575    0.904   -3.051    2.575    0.904   -2.759   -7.856    2.328    8.379    4.323
 435.00   17.641   18.216   18.369    4.539    2.368   -3.359    4.539    2.368   -7.954  -15.247   10.748   18.747   10.140
 435.10   17.930   18.198   18.211    3.113    0.681   -3.070    3.113    0.681   -2.092   -9.556    2.121    9.789    5.005
 435.20   17.608   18.159   18.160    4.439    0.258   -3.392    4.439    0.258   -0.876  -15.058    1.146   15.639    7.564
 435.30   17.167   17.908   17.939    5.100    1.049   -3.833    5.100    1.049   -4.021  -19.547    5.349   20.900   10.330
 435.40   16.184   17.135   17.145    5.629    0.580   -4.816    5.629    0.580   -2.791  -27.107    3.262   27.605   13.722
 435.50   16.811   17.758   17.758    5.722    0.056   -4.189    5.722    0.056   -0.233  -23.970    0.318   25.146   11.987
 435.60   16.766   17.310   17.311    4.308    0.113   -4.234    4.308    0.113   -0.478  -18.242    0.486   18.252    9.128
 435.70   16.629   17.270   17.351    4.660   -1.675   -4.371    4.660   -1.675    7.319  -20.367   -7.803   21.811   11.503
 435.80   16.106   17.300   17.440    6.316   -2.204   -4.894    6.316   -2.204   10.788  -30.910  -13.922   34.351   17.788
 435.90   14.356   15.194   15.328    4.977   -2.022   -6.644    4.977   -2.022   13.434  -33.067  -10.063   36.501   18.541
 436.00   15.372   16.443   16.486    5.838   -1.190   -5.628    5.838   -1.190    6.696  -32.853   -6.945   33.583   17.120
 436.10   14.828   16.470   16.507    7.168   -1.098   -6.172    7.168   -1.098    6.777  -44.236   -7.871   45.335   22.720
 436.20   15.715   17.091   17.147    6.719   -1.379   -5.285    6.719   -1.379    7.288  -35.511   -9.265   37.490   18.708
 436.30   15.398   16.101   16.118    4.708   -0.741   -5.602    4.708   -0.741    4.154  -26.379   -3.491   27.054   13.466
 436.40   14.427   15.170   15.193    4.689   -0.840   -6.573    4.689   -0.840    5.522  -30.821   -3.939   32.949   15.779
 436.50   16.452   16.821   16.861    3.504   -1.164   -4.548    3.504   -1.164    5.294  -15.937   -4.078   17.160    8.641
 436.60   16.341   16.879   16.920    4.229   -1.180   -4.659    4.229   -1.180    5.499  -19.702   -4.991   20.491   10.528
 436.70   16.839   17.708   17.718    5.478   -0.603   -4.161    5.478   -0.603    2.507  -22.792   -3.301   23.842   11.583
 436.80   16.281   17.141   17.151    5.361   -0.591   -4.719    5.361   -0.591    2.789  -25.302   -3.169   25.683   12.826
 436.90   16.733   16.947   16.949    2.684   -0.224   -4.267    2.684   -0.224    0.957  -11.454   -0.602   12.730    5.755
 437.00   17.211   17.509   17.520    3.217   -0.631   -3.789    3.217   -0.631    2.392  -12.192   -2.031   12.555    6.295
 437.10   16.744   16.812   16.823    1.514   -0.584   -4.256    1.514   -0.584    2.484   -6.445   -0.884   10.373    3.482
 437.20   16.693   16.771   16.791    1.619    0.821   -4.307    1.619    0.821   -3.537   -6.972    1.329   10.923    3.965
 437.30   16.785   16.945   16.945    2.320   -0.138   -4.215    2.320   -0.138    0.581   -9.776   -0.320   11.582    4.899
 437.40   17.738   18.001   18.002    3.065    0.166   -3.262    3.065    0.166   -0.542   -9.996    0.510   10.030    5.012
 437.50   17.191   17.499   17.524    3.264    0.947   -3.809    3.264    0.947   -3.605  -12.430    3.089   13.026    6.653
 437.60   16.306   16.387   16.388    1.636   -0.097   -4.694    1.636   -0.097    0.456   -7.678   -0.159   12.361    3.847
 437.70   14.731   14.892   14.954    2.183   -1.359   -6.269    2.183   -1.359    8.521  -13.683   -2.967   22.954    8.195
 437.80   16.041   16.223   16.347    2.426   -2.011   -4.959    2.426   -2.011    9.973  -12.031   -4.879   17.262    8.186
 437.90   17.859   18.026   18.041    2.451   -0.733   -3.141    2.451   -0.733    2.302   -7.698   -1.796    8.205    4.116
 438.00   17.739   17.936   17.950    2.651   -0.713   -3.261    2.651   -0.713    2.324   -8.646   -1.890    9.086    4.575
 438.10   17.681   17.737   17.737    1.406   -0.023   -3.319    1.406   -0.023    0.075   -4.667   -0.032    6.497    2.334
 438.20   17.392   17.503   17.533    1.962   -1.031   -3.608    1.962   -1.031    3.720   -7.080   -2.023    8.965    4.125
 438.30   15.536   15.635   15.688    1.757   -1.293   -5.464    1.757   -1.293    7.066   -9.603   -2.273   17.310    6.069
 438.40   14.681   14.750   14.784    1.423   -1.000   -6.319    1.423   -1.000    6.320   -8.990   -1.423   21.476    5.540
 438.50   14.350   14.452   14.462    1.717   -0.522   -6.650    1.717   -0.522    3.471  -11.419   -0.896   23.722    5.984
 438.60   12.417   12.434   12.439    0.637    0.372   -8.583    0.637    0.372   -3.189   -5.465    0.237   37.102    3.166
 438.70   13.469   13.502   13.552    0.943   -1.161   -7.531    0.943   -1.161    8.741   -7.098   -1.094   29.475    5.657
 438.80   13.940   13.992   14.095    1.208   -1.697   -7.060    1.208   -1.697   11.979   -8.528   -2.049   27.092    7.423
 438.90   15.553   15.595   15.666    1.139   -1.489   -5.447    1.139   -1.489    8.112   -6.206   -1.697   16.592    5.177
 439.00   15.686   15.753   15.928    1.456   -2.352   -5.314    1.456   -2.352   12.499   -7.736   -3.424   17.946    7.547
 439.10   16.257   16.455   16.624    2.546   -2.360   -4.743    2.546   -2.360   11.193  -12.078   -6.009   17.274    8.764
 439.20   16.093   16.371   16.404    3.006   -1.034   -4.907    3.006   -1.034    5.073  -14.753   -3.108   17.094    7.954
 439.30   16.272   16.384   16.449    1.911   -1.460   -4.728    1.911   -1.460    6.902   -9.034   -2.790   14.067    5.853
 439.40   16.982   17.094   17.140    1.950   -1.256   -4.018    1.950   -1.256    5.048   -7.835   -2.450   10.762    4.819
 439.50   16.702   16.947   16.951    2.874   -0.350   -4.298    2.874   -0.350    1.503  -12.355   -1.005   13.430    6.243
 439.60   16.725   16.771   16.773    1.240   -0.306   -4.275    1.240   -0.306    1.307   -5.301   -0.379    9.955    2.737
 439.70   16.398   16.429   16.429    1.006   -0.069   -4.602    1.006   -0.069    0.316   -4.628   -0.069   11.099    2.320
 439.80   17.807   17.810   17.812    0.349    0.246   -3.193    0.349    0.246   -0.785   -1.115    0.086    5.189    0.683
 439.90   17.348   17.351   17.377    0.290   -0.948   -3.652    0.290   -0.948    3.461   -1.059   -0.275    7.159    1.815
 440.00   16.243   16.264   16.269    0.821   -0.392   -4.757    0.821   -0.392    1.866   -3.903   -0.322   11.727    2.169
 440.10   16.271   16.349   16.349    1.590   -0.160   -4.729    1.590   -0.160    0.758   -7.518   -0.255   12.458    3.780
 440.20   15.714   15.820   15.821    1.826   -0.182   -5.286    1.826   -0.182    0.962   -9.650   -0.332   15.653    4.852
 440.30   16.156   16.168   16.173    0.619   -0.394   -4.844    0.619   -0.394    1.907   -2.996   -0.243   11.999    1.780
 440.40   15.545   15.587   15.587    1.149    0.053   -5.455    1.149    0.053   -0.288   -6.267    0.061   15.541    3.137
 440.50   16.634   16.651   16.679    0.766   -0.968   -4.366    0.766   -0.968    4.227   -3.345   -0.742   10.294    2.721
 440.60   16.092   16.203   16.215    1.888   -0.643   -4.908    1.888   -0.643    3.158   -9.268   -1.215   14.034    4.933
 440.70   16.316   16.480   16.488    2.320   -0.531   -4.684    2.320   -0.531    2.489  -10.865   -1.233   13.802    5.607
 440.80   17.538   17.893   17.937    3.548   -1.258   -3.462    3.548   -1.258    4.356  -12.283   -4.463   13.078    6.888
 440.90   16.981   17.256   17.290    3.065   -1.093   -4.019    3.065   -1.093    4.391  -12.318   -3.349   13.370    6.750
 441.00   17.409   17.611   17.634    2.660   -0.911   -3.591    2.660   -0.911    3.270   -9.554   -2.423   10.402    5.193
 441.10   17.560   17.655   17.656    1.831    0.171   -3.440    1.831    0.171   -0.587   -6.301    0.313    7.610    3.168
 441.20   16.138   16.181   16.199    1.179    0.767   -4.862    1.179    0.767   -3.728   -5.732    0.904   12.808    3.448
 441.30   16.063   16.145   16.166    1.623   -0.825   -4.937    1.623   -0.825    4.075   -8.013   -1.340   13.844    4.544
 441.40   17.055   17.111   17.112    1.384   -0.150   -3.945    1.384   -0.150    0.590   -5.460   -0.207    8.751    2.748
 441.50   15.852   15.980   15.992    2.018    0.620   -5.148    2.018    0.620   -3.190  -10.392    1.251   15.482    5.471
 441.60   16.484   16.553   16.577    1.510    0.890   -4.516    1.510    0.890   -4.017   -6.817    1.343   11.733    4.013
 441.70   16.637   16.802   16.892    2.354    1.738   -4.363    2.354    1.738   -7.582  -10.272    4.091   13.800    6.703
 441.80   15.479   15.649   15.717    2.297    1.467   -5.521    2.297    1.467   -8.099  -12.681    3.370   18.953    7.710
 441.90   16.803   16.958   17.032    2.288    1.579   -4.197    2.288    1.579   -6.628   -9.604    3.614   12.673    6.108
 442.00   16.651   16.862   16.944    2.662    1.659   -4.349    2.662    1.659   -7.215  -11.576    4.416   14.376    7.169
 442.10   15.314   15.390   15.391    1.529   -0.135   -5.686    1.529   -0.135    0.769   -8.695   -0.207   17.344    4.366
 442.20   15.513   15.691   15.691    2.360   -0.088   -5.487    2.360   -0.088    0.485  -12.951   -0.208   17.845    6.481
 442.30   15.127   15.289   15.353    2.221    1.398   -5.873    2.221    1.398   -8.208  -13.044    3.104   20.689    7.860
 442.40   15.228   15.300   15.492    1.487    2.430   -5.772    1.487    2.430  -14.025   -8.586    3.614   20.718    8.418
 442.50   15.968   16.027   16.213    1.371    2.449   -5.032    1.371    2.449  -12.325   -6.899    3.358   16.599    7.259
 442.60   16.082   16.091   16.176    0.552    1.651   -4.918    0.552    1.651   -8.122   -2.716    0.912   13.610    4.306
 442.70   15.094   15.130   15.192    1.042    1.373   -5.906    1.042    1.373   -8.108   -6.156    1.431   18.926    5.140
 442.80   14.780   14.790   14.798   -0.531    0.502   -6.220   -0.531    0.502   -3.124    3.301   -0.267   19.611    2.277
 442.90   13.289   13.311   13.312   -0.773    0.162   -7.711   -0.773    0.162   -1.250    5.958   -0.125   30.042    3.044
 443.00   13.865   13.934   13.943   -1.381    0.510   -7.135   -1.381    0.510   -3.637    9.856   -0.704   26.536    5.265
 443.10   14.582   14.651   14.763   -1.420   -1.815   -6.418   -1.420   -1.815   11.651    9.115    2.578   23.253    7.508
 443.20   14.358   14.473   14.607   -1.821   -1.976   -6.642   -1.821   -1.976   13.128   12.096    3.599   25.671    9.105
 443.30   14.056   14.061   14.089   -0.362   -0.897   -6.944   -0.362   -0.897    6.228    2.510    0.324   24.577    3.361
 443.40   14.950   15.027   15.029   -1.512    0.246   -6.050   -1.512    0.246   -1.487    9.146   -0.372   19.472    4.637
 443.50   15.485   15.497   15.541   -0.593   -1.175   -5.515   -0.593   -1.175    6.480    3.270    0.697   16.073    3.646
 443.60   15.141   15.157   15.250   -0.697   -1.680   -5.859   -0.697   -1.680    9.843    4.085    1.171   18.820    5.361
 443.70   16.759   16.812   16.929    1.333   -1.993   -4.241    1.333   -1.993    8.453   -5.652   -2.656   11.868    5.255
 443.80   17.351   17.477   17.616    2.089   -2.213   -3.649    2.089   -2.213    8.074   -7.623   -4.623   11.287    6.014
 443.90   16.403   16.499   16.663    1.778   -2.330   -4.597    1.778   -2.330   10.711   -8.175   -4.143   14.861    7.048
 444.00   15.508   15.580   15.704    1.503   -1.968   -5.492    1.503   -1.968   10.808   -8.257   -2.958   18.149    6.959
 444.10   16.924   16.939   17.063    0.707   -2.058   -4.076    0.707   -2.058    8.388   -2.883   -1.456   10.675    4.494
 444.20   17.680   17.698   17.849    0.796   -2.317   -3.320    0.796   -2.317    7.692   -2.644   -1.845    8.512    4.170
 444.30   17.768   17.771   18.230    0.352   -4.061   -3.232    0.352   -4.061   13.126   -1.137   -1.428   13.531    6.626
 444.40   17.968   18.002   18.094    1.113   -1.820   -3.032    1.113   -1.820    5.519   -3.374   -2.025    6.873    3.389
 444.50   16.474   16.710   16.833    2.794   -2.032   -4.526    2.794   -2.032    9.195  -12.644   -5.677   16.208    8.316
 444.60   16.651   16.703   16.879    1.322   -2.429   -4.349    1.322   -2.429   10.563   -5.750   -3.211   13.282    6.224
 444.70   16.908   17.109   17.274    2.613   -2.384   -4.092    2.613   -2.384    9.756  -10.693   -6.231   14.629    7.880
 444.80   17.276   17.346   17.580    1.556   -2.859   -3.724    1.556   -2.859   10.647   -5.793   -4.448   12.231    6.456
 444.90   17.027   17.214   17.503    2.531   -3.168   -3.973    2.531   -3.168   12.585  -10.053   -8.016   16.111    8.996
 445.00   15.617   15.787   16.030    2.307   -2.780   -5.383    2.307   -2.780   14.963  -12.417   -6.413   21.011   10.237
 445.10   15.697   15.962   16.305    2.897   -3.325   -5.303    2.897   -3.325   17.630  -15.359   -9.631   23.781   12.644
 445.20   16.221   16.505   17.070    3.053   -4.353   -4.779    3.053   -4.353   20.804  -14.591  -13.289   25.555   14.338
 445.30   15.790   15.983   16.283    2.480   -3.112   -5.210    2.480   -3.112   16.214  -12.924   -7.719   21.492   11.062
 445.40   16.170   16.350   16.593    2.421   -2.830   -4.830    2.421   -2.830   13.670  -11.693   -6.850   18.601    9.624
 445.50   15.097   15.421   15.671    3.143   -2.792   -5.903    3.143   -2.792   16.481  -18.552   -8.774   26.259   13.160
 445.60   14.502   14.687   14.822    2.323   -2.002   -6.498    2.323   -2.002   13.009  -15.092   -4.650   25.814   10.230
 445.70   15.136   15.302   15.305    2.249   -0.294   -5.864    2.249   -0.294    1.724  -13.191   -0.661   19.766    6.660
 445.80   14.403   14.539   14.550    1.990    0.543   -6.597    1.990    0.543   -3.586  -13.128    1.081   23.890    6.826
 445.90   15.139   15.235   15.244    1.715    0.514   -5.861    1.715    0.514   -3.011  -10.054    0.881   18.781    5.266
 446.00   16.657   16.784   16.784    2.062    0.038   -4.343    2.062    0.038   -0.165   -8.955    0.078   11.559    4.479
 446.10   15.524   15.867   15.937    3.280    1.493   -5.476    3.280    1.493   -8.176  -17.962    4.897   21.488   10.167
 446.20   15.836   16.156   16.273    3.201    1.948   -5.164    3.201    1.948  -10.058  -16.529    6.233   20.354   10.164
 446.30   15.689   15.844   15.987    2.210    2.135   -5.311    2.210    2.135  -11.338  -11.738    4.718   18.825    8.494
 446.40   15.991   16.120   16.484    2.039    3.441   -5.009    2.039    3.441  -17.235  -10.216    7.017   20.544   10.614
 446.50   15.829   15.870   15.955    1.147    1.639   -5.171    1.147    1.639   -8.475   -5.929    1.879   15.371    5.256
 446.60   16.322   16.442   16.495    1.979    1.327   -4.678    1.979    1.327   -6.206   -9.258    2.626   13.779    5.725
 446.70   16.133   16.366   16.579    2.755    2.645   -4.867    2.755    2.645  -12.873  -13.411    7.288   19.138    9.983
 446.80   16.100   16.192   16.308    1.723    1.938   -4.900    1.723    1.938   -9.494   -8.444    3.339   15.365    6.568
 446.90   15.901   16.112   16.140    2.599    0.940   -5.099    2.599    0.940   -4.795  -13.250    2.444   16.817    7.151
 447.00   16.456   16.743   16.751    3.088    0.516   -4.544    3.088    0.516   -2.343  -14.030    1.593   15.223    7.157
 447.10   16.909   17.113   17.113    2.633    0.159   -4.091    2.633    0.159   -0.650  -10.774    0.418   11.849    5.401
 447.20   16.957   17.294   17.294    3.397   -0.071   -4.043    3.397   -0.071    0.286  -13.731   -0.240   13.942    6.868
 447.30   18.516   19.014   19.016    4.319    0.322   -2.484    4.319    0.322   -0.799  -10.727    1.389   12.465    5.423
 447.40   18.978   19.588   19.588    4.852   -0.073   -2.022    4.852   -0.073    0.148   -9.812   -0.355   13.817    4.910
 447.50   18.808   19.380   19.383    4.672   -0.337   -2.192    4.672   -0.337    0.739  -10.241   -1.575   13.373    5.194
 447.60   18.919   19.391   19.392    4.251   -0.224   -2.081    4.251   -0.224    0.466   -8.844   -0.951   11.223    4.454
 447.70   19.568   20.137   20.138    4.752   -0.206   -1.432    4.752   -0.206    0.295   -6.805   -0.978   12.337    3.441
 447.80   19.927   20.331   20.389    4.031   -1.532   -1.073    4.031   -1.532    1.644   -4.323   -6.176    9.872    3.858
 447.90   20.822   21.199   21.203    3.980   -0.445   -0.178    3.980   -0.445    0.079   -0.710   -1.772    8.036    0.955
 448.00   20.617   21.001   21.007    3.995    0.517   -0.383    3.995    0.517   -0.198   -1.530    2.065    8.188    1.289
 448.10   19.735   20.060   20.078    3.597    0.853   -1.265    3.597    0.853   -1.079   -4.551    3.068    7.633    2.797
 448.20   19.911   20.851   20.878    6.190   -1.071   -1.089    6.190   -1.071    1.167   -6.742   -6.633   20.328    4.765
 448.30   21.023   21.663   21.676    5.228   -0.740    0.023    5.228   -0.740   -0.017    0.119   -3.868   13.940    1.935
 448.40   22.756   23.489   23.573    5.824   -1.981    1.756    5.824   -1.981   -3.478   10.227  -11.535   20.462    7.902
 448.50   22.195   22.877   22.880    5.544   -0.378    1.195    5.544   -0.378   -0.451    6.624   -2.094   16.155    3.481
 448.60   23.074   23.937   23.937    6.371    0.037    2.074    6.371    0.037    0.076   13.213    0.233   22.448    6.608
 448.70   22.661   23.692   23.695    6.913    0.330    1.661    6.913    0.330    0.548   11.484    2.281   25.330    5.861
 448.80   21.756   23.304   23.308    8.353    0.428    0.756    8.353    0.428    0.323    6.315    3.574   35.266    3.631
 448.90   22.137   23.617   23.621    8.230   -0.433    1.137    8.230   -0.433   -0.492    9.356   -3.565   34.606    5.012
 449.00   21.800   23.451   23.458    8.644   -0.586    0.800    8.644   -0.586   -0.468    6.911   -5.064   37.849    4.290
 449.10   20.737   22.365   22.366    8.376    0.262   -0.263    8.376    0.262   -0.069   -2.205    2.198   35.151    1.557
 449.20   21.628   22.848   22.868    7.365    0.964    0.628    7.365    0.964    0.605    4.628    7.097   27.787    4.247
 449.30   20.898   22.308   22.366    7.803    1.621   -0.102    7.803    1.621   -0.165   -0.792   12.645   31.763    6.336
 449.40   20.881   21.844   21.860    6.417    0.822   -0.119    6.417    0.822   -0.098   -0.766    5.278   20.932    2.667
 449.50   19.851   20.657   20.661    5.713    0.398   -1.149    5.713    0.398   -0.457   -6.563    2.274   17.058    3.480
 449.60   18.591   19.151   19.175    4.598    0.954   -2.409    4.598    0.954   -2.299  -11.077    4.387   13.927    6.067
 449.70   19.232   19.529   19.533    3.392    0.440   -1.768    3.392    0.440   -0.779   -5.998    1.494    7.412    3.115
 449.80   19.463   19.751   19.804    3.358    1.458   -1.537    3.358    1.458   -2.241   -5.162    4.896    7.883    3.729
 449.90   19.031   19.074   19.074    1.281    0.147   -1.969    1.281    0.147   -0.290   -2.523    0.189    2.770    1.273
 450.00   18.860   19.058   19.059    2.742    0.117   -2.140    2.742    0.117   -0.251   -5.868    0.321    6.057    2.941
 450.10   18.589   19.221   19.223    4.888    0.296   -2.411    4.888    0.296   -0.714  -11.784    1.447   14.895    5.947
 450.20   17.673   18.153   18.153    4.149    0.032   -3.327    4.149    0.032   -0.108  -13.806    0.134   14.144    6.903
 450.30   17.078   17.287   17.287    2.680   -0.050   -3.922    2.680   -0.050    0.195  -10.511   -0.133   11.284    5.257
 450.40   17.263   17.453   17.462    2.566    0.570   -3.737    2.566    0.570   -2.129   -9.590    1.462   10.437    4.966
 450.50   17.538   17.665   17.747    2.116    1.701   -3.462    2.116    1.701   -5.891   -7.327    3.601    9.680    5.034
 450.60   17.256   17.376   17.423    2.047    1.270   -3.744    2.047    1.270   -4.755   -7.664    2.599    9.911    4.693
 450.70   17.403   17.704   17.719    3.252    0.732   -3.597    3.252    0.732   -2.632  -11.697    2.380   12.024    6.112
 450.80   17.700   17.971   17.972    3.107    0.221   -3.300    3.107    0.221   -0.729  -10.253    0.686   10.296    5.151
 450.90   19.075   19.267   19.280    2.710    0.723   -1.925    2.710    0.723   -1.391   -5.216    1.958    5.785    2.871
 451.00   18.412   18.942   18.959    4.449    0.823   -2.588    4.449    0.823   -2.130  -11.515    3.661   13.584    6.135
 451.10   18.473   19.177   19.177    5.147   -0.039   -2.527    5.147   -0.039    0.098  -13.005   -0.201   16.440    6.504
 451.20   19.229   19.759   19.759    4.545    0.130   -1.771    4.545    0.130   -0.231   -8.051    0.592   11.907    4.038
 451.30   20.263   20.809   20.816    4.734   -0.555   -0.737    4.734   -0.555    0.409   -3.486   -2.627   11.628    2.192
 451.40   19.894   20.202   20.263    3.514   -1.566   -1.106    3.514   -1.566    1.733   -3.887   -5.505    8.014    3.479
 451.50   20.950   21.135   21.176    2.795   -1.307   -0.050    2.795   -1.307    0.066   -0.141   -3.653    4.761    1.828
 451.60   21.770   22.031   22.039    3.382   -0.583    0.770    3.382   -0.583   -0.449    2.604   -1.971    6.184    1.648
 451.70   21.079   21.220   21.245    2.441   -1.035    0.079    2.441   -1.035   -0.082    0.194   -2.527    3.519    1.268
 451.80   23.411   23.573   23.641    2.762   -1.787    2.411    2.762   -1.787   -4.307    6.658   -4.934    8.315    4.670
 451.90   21.879   22.055   22.077    2.783   -0.987    0.879    2.783   -0.987   -0.867    2.445   -2.747    4.745    1.889
 452.00   21.455   21.855   21.936    4.161   -1.885    0.455    4.161   -1.885   -0.858    1.894   -7.842   10.537    4.056
 452.10   19.908   20.659   20.684    5.518   -1.020   -1.092    5.518   -1.020    1.113   -6.025   -5.628   16.342    4.160
 452.20   20.848   21.585   21.587    5.593   -0.294   -0.152    5.593   -0.294    0.045   -0.851   -1.647   15.698    0.927
 452.30   20.981   21.817   21.821    5.983   -0.413   -0.019    5.983   -0.413    0.008   -0.115   -2.473   17.983    1.238
 452.40   21.717   22.741   22.756    6.744    0.832    0.717    6.744    0.832    0.597    4.839    5.613   23.345    3.718
 452.50   21.286   22.249   22.366    6.473    2.293    0.286    6.473    2.293    0.656    1.852   14.842   23.618    7.486
 452.60   21.561   22.157   22.216    5.104    1.611    0.561    5.104    1.611    0.905    2.866    8.224   14.483    4.378
 452.70   21.736   22.083   22.206    3.896    2.343    0.736    3.896    2.343    1.725    2.868    9.127   10.604    4.861
 452.80   21.157   21.504   21.672    3.848    2.690    0.157    3.848    2.690    0.423    0.605   10.350   11.034    5.188
 452.90   21.243   21.623   21.853    4.037    3.158    0.243    4.037    3.158    0.768    0.982   12.748   13.163    6.404
 453.00   23.016   23.684   23.992    5.586    3.834    2.016    5.586    3.834    7.727   11.259   21.414   24.980   12.699
 453.10   22.567   22.979   23.280    4.331    3.733    1.567    4.331    3.733    5.849    6.787   16.167   17.574    9.242
 453.20   22.758   23.067   23.185    3.761    2.340    1.758    3.761    2.340    4.114    6.613    8.800   11.356    5.876
 453.30   23.641   23.895   23.993    3.470    2.169    2.641    3.470    2.169    5.730    9.165    7.527   11.861    6.586
 453.40   23.789   24.069   24.119    3.662    1.543    2.789    3.662    1.543    4.304   10.214    5.651   11.785    6.220
 453.50   23.615   23.986   23.998    4.201    0.772    2.615    4.201    0.772    2.020   10.986    3.245   12.542    5.816
 453.60   23.968   24.467   24.491    4.917    1.079    2.968    4.917    1.079    3.201   14.594    5.303   17.075    7.927
 453.70   23.866   24.179   24.184    3.880    0.461    2.866    3.880    0.461    1.322   11.121    1.789   11.742    5.671
 453.80   23.507   23.795   23.796    3.690   -0.295    2.507    3.690   -0.295   -0.739    9.251   -1.088    9.994    4.672
 453.90   23.912   24.155   24.171    3.424   -0.863    2.912    3.424   -0.863   -2.512    9.968   -2.954   10.472    5.348
 454.00   23.363   23.625   23.630    3.504   -0.529    2.363    3.504   -0.529   -1.249    8.281   -1.852    9.071    4.288
 454.10   24.197   24.403   24.414    3.165   -0.742    3.197    3.165   -0.742   -2.373   10.118   -2.349   10.394    5.327
 454.20   23.565   23.687   23.687    2.400    0.002    2.565    2.400    0.002    0.004    6.156    0.004    6.169    3.078
 454.30   24.285   24.506   24.514    3.288   -0.595    3.285    3.288   -0.595   -1.954   10.800   -1.956   10.977    5.574
 454.40   25.208   25.372   25.396    2.878   -1.118    4.208    2.878   -1.118   -4.703   12.110   -3.216   13.619    6.692
 454.50   24.872   24.939   24.944    1.835   -0.486    3.872    1.835   -0.486   -1.881    7.105   -0.891    9.297    3.702
 454.60   23.831   23.833   23.844    0.237   -0.754    2.831    0.237   -0.754   -2.133    0.670   -0.178    4.320    1.122
 454.70   24.160   24.172   24.173    0.767   -0.266    3.160    0.767   -0.266   -0.840    2.423   -0.204    5.322    1.286
 454.80   25.253   25.288   25.337    1.321   -1.579    4.253    1.321   -1.579   -6.714    5.619   -2.085   11.163    4.500
 454.90   26.818   26.836   26.848    0.961   -0.803    5.818    0.961   -0.803   -4.672    5.590   -0.771   17.711    3.663
 455.00   27.187   27.216   27.221    1.270    0.491    6.187    1.270    0.491    3.037    7.854    0.623   20.065    4.222
 455.10   27.614   27.644   27.647    1.287    0.424    6.614    1.287    0.424    2.803    8.510    0.545   22.790    4.488
 455.20   27.005   27.006   27.025   -0.282    1.000    6.005   -0.282    1.000    6.007   -1.692   -0.282   18.568    3.123
 455.30   25.802   25.802   25.805   -0.012    0.379    4.802   -0.012    0.379    1.822   -0.059   -0.005   11.604    0.912
 455.40   25.209   25.209   25.227   -0.182    0.958    4.209   -0.182    0.958    4.033   -0.766   -0.174    9.332    2.054
 455.50   24.757   24.757   24.768    0.081    0.737    3.757    0.081    0.737    2.771    0.306    0.060    7.334    1.394
 455.60   25.577   25.577   25.595   -0.004    0.942    4.577   -0.004    0.942    4.314   -0.017   -0.003   10.920    2.157
 455.70   26.528   26.528   26.572    0.019    1.514    5.528    0.019    1.514    8.368    0.102    0.028   16.428    4.185
 455.80   25.364   25.375   25.435   -0.742    1.737    4.364   -0.742    1.737    7.582   -3.240   -1.290   11.308    4.173
 455.90   27.023   27.044   27.115   -1.062    1.957    6.023   -1.062    1.957   11.785   -6.394   -2.077   20.617    6.784
 456.00   25.956   26.047   26.052   -2.174    0.502    4.956   -2.174    0.502    2.486  -10.775   -1.091   14.771    5.556
 456.10   27.230   27.330   27.354   -2.338    1.141    6.230   -2.338    1.141    7.109  -14.565   -2.668   22.791    8.213
 456.20   25.646   25.649   25.676   -0.394    1.181    4.646   -0.394    1.181    5.485   -1.833   -0.466   11.568    2.901
 456.30   25.006   25.041   25.133   -1.331    2.146    4.006   -1.331    2.146    8.597   -5.333   -2.858   11.212    5.256
 456.40   24.123   24.170   24.293   -1.499    2.447    3.123   -1.499    2.447    7.642   -4.683   -3.669    8.995    4.842
 456.50   24.172   24.177   24.197   -0.514    0.983    3.172   -0.514    0.983    3.119   -1.630   -0.505    5.646    1.777
 456.60   25.126   25.126   25.142    0.088    0.886    4.126    0.088    0.886    3.656    0.364    0.078    8.908    1.838
 456.70   24.740   24.744   24.760    0.468   -0.884    3.740    0.468   -0.884   -3.305    1.752   -0.414    7.494    1.882
 456.80   23.762   23.804   23.947    1.417   -2.619    2.762    1.417   -2.619   -7.232    3.912   -3.710    8.246    4.510
 456.90   24.821   24.845   24.887    1.100   -1.441    3.821    1.100   -1.441   -5.505    4.205   -1.586    8.943    3.553
 457.00   23.843   23.951   24.004    2.275   -1.592    2.843    2.275   -1.592   -4.525    6.467   -3.621    7.895    4.342
 457.10   23.906   23.907   23.949    0.234   -1.411    2.906    0.234   -1.411   -4.100    0.679   -0.329    5.246    2.084
 457.20   25.119   25.121   25.121    0.323   -0.086    4.119    0.323   -0.086   -0.353    1.332   -0.028    8.538    0.689
 457.30   24.734   24.760   24.776    1.146    0.890    3.734    1.146    0.890    3.321    4.280    1.020    8.023    2.756
 457.40   24.742   24.783   24.784    1.430    0.189    3.742    1.430    0.189    0.706    5.351    0.270    8.040    2.702
 457.50   25.498   25.515   25.663    0.936    2.750    4.498    0.936    2.750   12.369    4.210    2.573   14.336    6.658
 457.60   24.465   24.466   24.513    0.211    1.515    3.465    0.211    1.515    5.250    0.731    0.320    7.173    2.655
 457.70   22.902   22.984   23.050   -1.938    1.739    1.902   -1.938    1.739    3.308   -3.687   -3.369    5.199    2.995
 457.80   24.691   24.694   24.799   -0.418    2.271    3.691   -0.418    2.271    8.382   -1.543   -0.949    9.477    4.288
 457.90   24.108   24.110   24.268    0.295    2.769    3.108    0.295    2.769    8.606    0.918    0.818    8.707    4.347
 458.00   23.555   23.584   23.677    1.159    2.105    2.555    1.159    2.105    5.378    2.960    2.438    6.151    3.303
 458.10   23.233   23.249   23.392    0.857    2.587    2.233    0.857    2.587    5.778    1.914    2.217    6.208    3.239
 458.20   22.459   22.467   22.534    0.579    1.734    1.459    0.579    1.734    2.530    0.845    1.004    2.735    1.425
 458.30   22.252   22.428   22.541    2.808    2.257    1.252    2.808    2.257    2.825    3.515    6.337    7.273    3.889
 458.40   21.355   21.589   21.661    3.174    1.764    0.355    3.174    1.764    0.626    1.126    5.600    6.657    2.873
 458.50   20.825   21.020   21.060    2.862    1.288   -0.175    2.862    1.288   -0.226   -0.502    3.686    4.941    1.863
 458.60   20.462   20.653   20.664    2.802    0.684   -0.538    2.802    0.684   -0.368   -1.508    1.917    4.305    1.233
 458.70   20.834   21.109   21.119    3.394    0.636   -0.166    3.394    0.636   -0.105   -0.562    2.158    5.977    1.116
 458.80   20.076   20.311   20.347    3.081   -1.207   -0.924    3.081   -1.207    1.115   -2.848   -3.718    5.902    2.407
 458.90   20.107   20.219   20.266    2.123   -1.380   -0.893    2.123   -1.380    1.232   -1.896   -2.930    3.605    1.850
 459.00   20.639   20.846   20.932    2.928   -1.900   -0.361    2.928   -1.900    0.686   -1.056   -5.564    6.157    2.852
 459.10   20.538   20.581   20.592    1.327   -0.679   -0.462    1.327   -0.679    0.314   -0.613   -0.900    1.217    0.567
 459.20   19.464   19.481   19.495    0.834   -0.723   -1.536    0.834   -0.723    1.112   -1.282   -0.603    1.790    0.900
 459.30   18.552   18.557   18.623    0.426   -1.563   -2.448    0.426   -1.563    3.826   -1.044   -0.666    4.308    2.011
 459.40   20.136   20.140   20.183    0.407   -1.319   -0.864    0.407   -1.319    1.140   -0.351   -0.536    1.326    0.654
 459.50   18.307   18.318   18.327    0.619   -0.594   -2.693    0.619   -0.594    1.600   -1.668   -0.368    3.994    1.170
 459.60   18.390   18.397   18.404    0.487   -0.508   -2.610    0.487   -0.508    1.325   -1.271   -0.247    3.653    0.926
 459.70   19.002   19.016   19.061   -0.737   -1.308   -1.998   -0.737   -1.308    2.613    1.473    0.964    3.123    1.575
 459.80   18.296   18.397   18.551   -1.925   -2.390   -2.704   -1.925   -2.390    6.464    5.207    4.603    8.367    4.746
 459.90   18.813   18.888   19.171   -1.679   -3.283   -2.187   -1.679   -3.283    7.180    3.672    5.513    9.191    4.884
 460.00   18.006   18.149   18.307   -2.273   -2.403   -2.994   -2.273   -2.403    7.195    6.805    5.461    9.952    5.655
 460.10   17.756   17.767   17.767   -0.626   -0.063   -3.244   -0.626   -0.063    0.204    2.032    0.039    5.460    1.021
 460.20   17.389   17.421   17.425   -1.058   -0.345   -3.611   -1.058   -0.345    1.246    3.820    0.365    7.138    2.017
 460.30   17.771   17.778   17.778   -0.478   -0.154   -3.229   -0.478   -0.154    0.496    1.542    0.073    5.338    0.811
 460.40   17.285   17.295   17.297   -0.587   -0.262   -3.715   -0.587   -0.262    0.972    2.179    0.153    7.108    1.196
 460.50   17.906   17.906   17.917    0.093   -0.628   -3.094    0.093   -0.628    1.943   -0.289   -0.059    4.989    0.983
 460.60   18.187   18.199   18.226    0.652   -0.995   -2.813    0.652   -0.995    2.798   -1.833   -0.648    4.664    1.704
 460.70   17.409   17.410   17.418    0.154   -0.534   -3.591    0.154   -0.534    1.917   -0.552   -0.082    6.602    0.999
 460.80   17.007   17.199   17.212    2.565   -0.681   -3.993    2.565   -0.681    2.719  -10.244   -1.747   11.496    5.371
 460.90   17.347   17.516   17.578    2.426   -1.472   -3.653    2.426   -1.472    5.376   -8.863   -3.571   10.698    5.482
 461.00   17.279   17.391   17.435    1.974   -1.225   -3.721    1.974   -1.225    4.559   -7.345   -2.419    9.622    4.488
 461.10   17.294   17.370   17.376    1.623   -0.464   -3.706    1.623   -0.464    1.721   -6.015   -0.754    8.293    3.151
 461.20   15.912   15.948   15.950    1.070   -0.297   -5.088    1.070   -0.297    1.509   -5.443   -0.317   13.562    2.829
 461.30   16.762   16.766   16.777    0.346   -0.600   -4.238    0.346   -0.600    2.543   -1.466   -0.208    9.219    1.471
 461.40   16.554   16.554   16.555    0.074   -0.188   -4.446    0.074   -0.188    0.836   -0.330   -0.014    9.904    0.450
 461.50   17.510   17.526   17.527    0.730   -0.247   -3.490    0.730   -0.247    0.862   -2.547   -0.180    6.386    1.347
 461.60   18.912   19.038   19.054    2.187    0.782   -2.088    2.187    0.782   -1.634   -4.567    1.711    4.878    2.572
 461.70   19.506   19.555   19.559    1.388   -0.369   -1.494    1.388   -0.369    0.551   -2.074   -0.512    2.148    1.103
 461.80   18.645   18.663   18.663    0.820   -0.059   -2.355    0.820   -0.059    0.140   -1.930   -0.049    3.112    0.968
 461.90   18.103   18.106   18.109    0.307   -0.308   -2.897    0.307   -0.308    0.891   -0.890   -0.095    4.290    0.631
 462.00   18.956   18.961   18.962    0.433    0.234   -2.044    0.433    0.234   -0.478   -0.885    0.101    2.211    0.505
 462.10   17.846   17.846   17.885   -0.138   -1.175   -3.154   -0.138   -1.175    3.706    0.436    0.163    5.674    1.867
 462.20   19.149   19.201   19.212    1.406   -0.641   -1.851    1.406   -0.641    1.187   -2.602   -0.902    2.907    1.499
 462.30   18.882   19.172   19.172    3.323    0.159   -2.118    3.323    0.159   -0.336   -7.040    0.527    7.778    3.534
 462.40   18.096   18.572   18.572    4.180    0.001   -2.904    4.180    0.001   -0.002  -12.142    0.002   12.956    6.071
 462.50   17.706   18.221   18.221    4.303   -0.105   -3.294    4.303   -0.105    0.346  -14.176   -0.451   14.691    7.094
 462.60   17.350   17.649   17.669    3.231    0.843   -3.650    3.231    0.843   -3.076  -11.792    2.724   12.235    6.244
 462.70   19.231   19.542   19.651    3.476    2.060   -1.769    3.476    2.060   -3.645   -6.149    7.162    9.728    5.059
 462.80   18.423   18.606   18.649    2.602    1.266   -2.577    2.602    1.266   -3.262   -6.707    3.293    7.508    4.076
 462.90   18.837   19.155   19.245    3.477    1.859   -2.163    3.477    1.859   -4.022   -7.522    6.466   10.114    5.352
 463.00   17.940   18.258   18.326    3.393    1.577   -3.060    3.393    1.577   -4.824  -10.383    5.349   11.681    6.318
 463.10   17.681   17.944   18.117    3.059    2.502   -3.319    3.059    2.502   -8.305  -10.154    7.655   13.318    7.594
 463.20   18.360   18.571   18.636    2.795    1.548   -2.640    2.795    1.548   -4.086   -7.378    4.325    8.588    4.739
 463.30   18.289   18.641   18.780    3.609    2.274   -2.711    3.609    2.274   -6.167   -9.786    8.209   12.776    7.092
 463.40   18.288   18.759   18.832    4.178    1.655   -2.712    4.178    1.655   -4.489  -11.332    6.914   13.775    7.007
 463.50   16.918   17.271   17.342    3.471    1.571   -4.082    3.471    1.571   -6.414  -14.168    5.454   15.589    8.240
 463.60   17.727   18.325   18.388    4.642    1.527   -3.273    4.642    1.527   -4.999  -15.195    7.090   17.299    8.749
 463.70   18.592   18.994   19.004    3.889    0.601   -2.408    3.889    0.601   -1.447   -9.363    2.337   10.640    4.879
 463.80   18.334   18.512   18.552    2.561    1.214   -2.666    2.561    1.214   -3.237   -6.828    3.110    7.571    4.086
 463.90   18.158   18.293   18.397    2.219    1.959   -2.842    2.219    1.959   -5.567   -6.306    4.346    8.419    4.734
 464.00   18.047   18.221   18.438    2.509    2.822   -2.953    2.509    2.822   -8.334   -7.408    7.081   11.489    6.604
 464.10   18.804   18.959   19.084    2.424    2.176   -2.196    2.424    2.176   -4.780   -5.325    5.276    7.719    4.445
 464.20   17.758   17.995   18.040    2.911    1.278   -3.242    2.911    1.278   -4.142   -9.438    3.719   10.309    5.479
 464.30   17.493   17.549   17.565    1.406    0.752   -3.507    1.406    0.752   -2.636   -4.931    1.057    7.421    2.845
 464.40   16.539   16.633   16.634    1.771    0.113   -4.461    1.771    0.113   -0.502   -7.899    0.199   11.524    3.959
 464.50   17.527   18.008   18.008    4.135   -0.092   -3.473    4.135   -0.092    0.321  -14.364   -0.382   14.587    7.186
 464.60   19.021   19.348   19.357    3.544   -0.598   -1.979    3.544   -0.598    1.183   -7.015   -2.119    8.418    3.711
 464.70   18.163   18.197   18.200    1.121   -0.326   -2.837    1.121   -0.326    0.926   -3.181   -0.366    4.707    1.667
 464.80   16.971   16.975   16.988    0.381    0.674   -4.029    0.381    0.674   -2.714   -1.537    0.257    8.418    1.565
 464.90   17.316   17.325   17.325    0.574   -0.090   -3.684    0.574   -0.090    0.330   -2.117   -0.051    6.956    1.071
 465.00   16.839   16.883   16.897   -1.218    0.699   -4.161   -1.218    0.699   -2.908    5.069   -0.851    9.645    2.953
 465.10   16.248   16.263   16.286    0.693    0.869   -4.752    0.693    0.869   -4.128   -3.294    0.602   11.909    2.658
 465.20   17.228   17.265   17.313    1.123    1.284   -3.772    1.123    1.284   -4.844   -4.234    1.442    8.568    3.297
 465.30   16.833   16.856   16.937    0.879    1.653   -4.167    0.879    1.653   -6.887   -3.663    1.453   10.435    3.967
 465.40   16.221   16.336   16.497    1.940    2.299   -4.779    1.940    2.299  -10.986   -9.272    4.460   15.945    7.526
 465.50   17.121   17.188   17.275    1.516    1.731   -3.879    1.516    1.731   -6.715   -5.879    2.623   10.171    4.651
 465.60   16.552   16.765   16.999    2.665    2.810   -4.448    2.665    2.810  -12.500  -11.856    7.489   17.394    9.393
 465.70   15.226   15.650   15.792    3.617    2.116   -5.774    3.617    2.116  -12.220  -20.887    7.656   25.453   12.691
 465.80   14.810   14.924   14.978    1.839    1.267   -6.190    1.839    1.267   -7.844  -11.384    2.331   21.651    7.010
 465.90   14.222   14.463   14.496    2.629    0.977   -6.778    2.629    0.977   -6.621  -17.820    2.568   26.903    9.591
 466.00   16.052   16.558   16.704    4.063    2.205   -4.948    4.063    2.205  -10.912  -20.105    8.959   22.928   12.283
 466.10   16.381   16.894   16.971    4.130    1.623   -4.619    4.130    1.623   -7.495  -19.077    6.702   20.513   10.782
 466.20   15.080   15.849   16.029    4.879    2.390   -5.920    4.879    2.390  -14.150  -28.889   11.662   32.286   17.108
 466.30   14.549   15.185   15.268    4.349    1.593   -6.451    4.349    1.593  -10.279  -28.054    6.929   31.534   15.336
 466.40   14.565   15.119   15.127    4.057    0.480   -6.435    4.057    0.480   -3.089  -26.108    1.947   29.051   13.181
 466.50   15.079   15.356   15.358    2.903    0.217   -5.921    2.903    0.217   -1.286  -17.188    0.630   21.765    8.624
 466.60   15.762   16.022   16.076    2.873    1.314   -5.238    2.873    1.314   -6.884  -15.049    3.776   18.709    8.487
 466.70   15.243   15.598   15.609    3.310    0.580   -5.757    3.310    0.580   -3.338  -19.054    1.919   22.218    9.719
 466.80   14.488   14.751   14.752    2.774    0.144   -6.512    2.774    0.144   -0.936  -18.063    0.399   25.060    9.046
 466.90   14.100   14.260   14.299    2.134    1.048   -6.900    2.134    1.048   -7.228  -14.724    2.235   26.632    8.277
 467.00   14.438   14.511   14.859    1.456    3.197   -6.562    1.456    3.197  -20.975   -9.554    4.654   27.698   11.757
 467.10   16.090   16.160   16.331    1.508    2.356   -4.910    1.508    2.356  -11.568   -7.405    3.553   15.967    7.093
 467.20   16.442   16.565   16.584    2.012    0.807   -4.558    2.012    0.807   -3.677   -9.171    1.623   12.738    5.006
 467.30   16.001   16.088   16.088    1.665   -0.046   -4.999    1.665   -0.046    0.232   -8.325   -0.077   13.881    4.164
 467.40   15.350   15.542   15.551    2.434   -0.540   -5.650    2.434   -0.540    3.049  -13.754   -1.314   19.069    7.074
 467.50   15.245   15.449   15.450    2.501    0.144   -5.755    2.501    0.144   -0.829  -14.394    0.360   19.697    7.211
 467.60   15.809   15.961   15.976    2.201    0.690   -5.191    2.201    0.690   -3.583  -11.426    1.519   16.135    6.035
 467.70   16.116   16.311   16.345    2.520    1.045   -4.884    2.520    1.045   -5.104  -12.307    2.633   15.649    6.791
 467.80   15.690   15.768   15.769    1.567    0.153   -5.310    1.567    0.153   -0.813   -8.322    0.240   15.338    4.183
 467.90   15.594   15.597   15.627    0.319   -0.973   -5.406    0.319   -0.973    5.260   -1.726   -0.311   15.139    2.772
 468.00   16.523   16.528   16.568   -0.404   -1.154   -4.477   -0.404   -1.154    5.167    1.808    0.466   10.769    2.747
 468.10   16.357   16.358   16.463   -0.220   -1.855   -4.643   -0.220   -1.855    8.614    1.023    0.409   12.525    4.342
 468.20   16.741   16.771   16.784   -1.005   -0.644   -4.259   -1.005   -0.644    2.745    4.278    0.647    9.781    2.562
 468.30   17.892   17.914   17.970   -0.891   -1.414   -3.108   -0.891   -1.414    4.394    2.770    1.260    6.226    2.672
 468.40   18.062   18.126   18.177   -1.519   -1.367   -2.938   -1.519   -1.367    4.015    4.462    2.075    6.403    3.176
 468.50   17.797   17.860   17.875   -1.503   -0.727   -3.203   -1.503   -0.727    2.330    4.815    1.093    6.524    2.730
 468.60   16.853   17.099   17.099   -2.891   -0.043   -4.147   -2.891   -0.043    0.178   11.987    0.124   12.777    5.995
 468.70   18.145   18.343   18.343   -2.688   -0.021   -2.855   -2.688   -0.021    0.060    7.672    0.057    7.687    3.836
 468.80   17.587   17.634   17.638   -1.287    0.409   -3.413   -1.287    0.409   -1.398    4.395   -0.527    6.738    2.321
 468.90   17.451   17.466   17.485   -0.720   -0.821   -3.549   -0.720   -0.821    2.913    2.555    0.591    6.893    1.960
 469.00   17.419   17.453   17.513   -1.080   -1.445   -3.581   -1.080   -1.445    5.173    3.868    1.561    8.037    3.323
 469.10   17.281   17.314   17.432   -1.059   -2.026   -3.719   -1.059   -2.026    7.533    3.939    2.146    9.527    4.384
 469.20   17.130   17.164   17.164   -1.074   -0.087   -3.870   -1.074   -0.087    0.337    4.157    0.093    8.069    2.086
 469.30   18.169   18.235   18.239   -1.550    0.374   -2.831   -1.550    0.374   -1.058    4.387   -0.579    5.277    2.275
 469.40   20.022   20.058   20.058   -1.198    0.091   -0.978   -1.198    0.091   -0.089    1.172   -0.109    1.200    0.590
 469.50   19.301   19.380   19.381   -1.752    0.206   -1.699   -1.752    0.206   -0.349    2.977   -0.360    2.999    1.509
 469.60   19.830   19.862   19.891   -1.137    1.075   -1.170   -1.137    1.075   -1.258    1.331   -1.222    1.909    1.101
 469.70   19.712   19.712   19.719    0.069   -0.512   -1.288    0.069   -0.512    0.660   -0.089   -0.035    0.963    0.333
 469.80   20.069   20.070   20.119   -0.233   -1.406   -0.931   -0.233   -1.406    1.309    0.217    0.327    1.449    0.683
 469.90   20.640   20.647   20.677   -0.536   -1.111   -0.360   -0.536   -1.111    0.400    0.193    0.595    0.826    0.371
 470.00   22.013   22.050   22.064   -1.265   -0.793    1.013   -1.265   -0.793   -0.804   -1.281    1.003    1.627    0.907
 470.10   21.542   21.589   21.599   -1.425   -0.657    0.542   -1.425   -0.657   -0.356   -0.772    0.936    1.378    0.632
 470.20   21.253   21.320   21.336   -1.692   -0.820    0.253   -1.692   -0.820   -0.207   -0.428    1.388    1.800    0.734
 470.30   21.637   21.715   21.727   -1.831   -0.713    0.637   -1.831   -0.713   -0.455   -1.167    1.306    2.134    0.905
 470.40   21.965   22.067   22.068   -2.119    0.189    0.965   -2.119    0.189    0.182   -2.044   -0.400    2.728    1.045
 470.50   20.882   20.984   21.014   -2.060    1.127   -0.118   -2.060    1.127   -0.133    0.243   -2.323    2.765    1.170
 470.60   21.035   21.036   21.042   -0.225   -0.489    0.035   -0.225   -0.489   -0.017   -0.008    0.110    0.145    0.056
 470.70   20.025   20.081   20.229   -1.499    2.439   -0.975   -1.499    2.439   -2.378    1.461   -3.656    4.573    2.300
 470.80   20.035   20.143   20.176   -2.089    1.147   -0.965   -2.089    1.147   -1.107    2.016   -2.395    3.304    1.660
 470.90   20.152   20.266   20.296   -2.147    1.093   -0.848   -2.147    1.093   -0.926    1.820   -2.346    3.262    1.555
 471.00   19.333   19.493   19.509   -2.495    0.789   -1.667   -2.495    0.789   -1.316    4.160   -1.969    4.814    2.393
 471.10   20.928   21.030   21.031   -2.069    0.225   -0.072   -2.069    0.225   -0.016    0.149   -0.465    2.167    0.244
 471.20   20.029   20.229   20.289   -2.836    1.562   -0.971   -2.836    1.562   -1.516    2.753   -4.429    5.712    2.716
 471.30   21.236   21.493   21.558   -3.315    1.672    0.236   -3.315    1.672    0.395   -0.783   -5.542    6.919    2.805
 471.40   21.962   22.152   22.161   -2.888    0.634    0.962   -2.888    0.634    0.610   -2.780   -1.830    4.835    1.692
 471.50   23.279   23.575   23.577   -3.721    0.321    2.279   -3.721    0.321    0.731   -8.480   -1.194    9.572    4.298
 471.60   22.126   22.183   22.191   -1.590    0.618    1.126   -1.590    0.618    0.696   -1.790   -0.982    2.088    1.078
 471.70   22.945   23.139   23.143   -2.995    0.406    1.945   -2.995    0.406    0.789   -5.824   -1.215    6.458    3.001
 471.80   22.561   22.709   22.732   -2.583    1.034    1.561   -2.583    1.034    1.614   -4.032   -2.670    5.088    2.549
 471.90   23.164   23.197   23.211   -1.252    0.806    2.164   -1.252    0.806    1.744   -2.710   -1.010    3.450    1.688
 472.00   23.252   23.263   23.269   -0.736   -0.522    2.252   -0.736   -0.522   -1.176   -1.657    0.384    2.942    1.034
 472.10   24.422   24.429   24.430    0.584   -0.175    3.422    0.584   -0.175   -0.599    1.998   -0.102    6.042    1.044
 472.20   23.353   23.363   23.388   -0.657   -1.094    2.353   -0.657   -1.094   -2.574   -1.546    0.719    3.583    1.544
 472.30   22.907   22.911   22.965   -0.373   -1.575    1.907   -0.373   -1.575   -3.004   -0.711    0.587    3.129    1.571
 472.40   21.799   21.850   22.094   -1.487   -3.273    0.799   -1.487   -3.273   -2.616   -1.189    4.868    6.782    2.826
 472.50   22.525   22.567   22.841   -1.376   -3.525    1.525   -1.376   -3.525   -5.376   -2.098    4.850    8.322    3.769
 472.60   23.915   23.917   24.018   -0.280   -2.198    2.915   -0.280   -2.198   -6.409   -0.815    0.615    6.705    3.245
 472.70   23.850   23.850   23.911    0.096   -1.705    2.850    0.096   -1.705   -4.859    0.275   -0.164    5.518    2.435
 472.80   22.535   22.535   22.550   -0.073   -0.812    1.535   -0.073   -0.812   -1.247   -0.112    0.059    1.511    0.627
 472.90   22.931   22.932   22.932    0.157   -0.166    1.931    0.157   -0.166   -0.320    0.304   -0.026    1.891    0.221
 473.00   23.076   23.076   23.107    0.070   -1.179    2.076    0.070   -1.179   -2.447    0.144   -0.082    2.853    1.227
 473.10   21.655   21.678   21.679   -0.992    0.217    0.655   -0.992    0.217    0.143   -0.650   -0.216    0.730    0.350
 473.20   22.244   22.374   22.409   -2.413   -1.248    1.244   -2.413   -1.248   -1.552   -3.001    3.011    4.464    2.263
 473.30   21.941   22.074   22.100   -2.417   -1.070    0.941   -2.417   -1.070   -1.007   -2.275    2.587    3.937    1.795
 473.40   20.935   21.042   21.058   -2.115    0.820   -0.065   -2.115    0.820   -0.053    0.137   -1.735    2.575    0.870
 473.50   20.628   20.698   20.708   -1.694    0.641   -0.372   -1.694    0.641   -0.238    0.630   -1.085    1.709    0.638
 473.60   20.298   20.305   20.313   -0.562    0.567   -0.702   -0.562    0.567   -0.398    0.395   -0.318    0.565    0.322
 473.70   21.075   21.091   21.092   -0.828    0.153    0.075   -0.828    0.153    0.011   -0.062   -0.127    0.357    0.071
 473.80   20.739   20.739   20.739   -0.067   -0.170   -0.261   -0.067   -0.170    0.044    0.017    0.011    0.051    0.024
 473.90   20.630   20.633   20.641   -0.365   -0.542   -0.370   -0.365   -0.542    0.201    0.135    0.198    0.282    0.156
 474.00   21.004   21.005   21.011   -0.049    0.534    0.004   -0.049    0.534    0.002   -0.000   -0.026    0.144    0.013
 474.10   22.627   22.628   22.636    0.216   -0.580    1.627    0.216   -0.580   -0.944    0.351   -0.125    1.516    0.507
 474.20   22.158   22.158   22.204   -0.078   -1.429    1.158   -0.078   -1.429   -1.655   -0.090    0.111    1.695    0.831
 474.30   22.275   22.404   22.489   -2.404   -1.948    1.275   -2.404   -1.948   -2.484   -3.066    4.684    5.601    3.062
 474.40   21.972   22.178   22.389   -3.016   -3.064    0.972   -3.016   -3.064   -2.979   -2.933    9.241    9.715    5.072
 474.50   21.733   21.921   22.023   -2.871   -2.108    0.733   -2.871   -2.108   -1.545   -2.103    6.053    6.613    3.296
 474.60   22.012   22.228   22.318   -3.089   -2.009    1.012   -3.089   -2.009   -2.033   -3.126    6.206    7.301    3.620
 474.70   21.472   21.851   21.851   -4.053   -0.006    0.472   -4.053   -0.006   -0.003   -1.913    0.026    8.325    0.957
 474.80   22.143   22.414   22.447   -3.475   -1.219    1.143   -3.475   -1.219   -1.393   -3.971    4.236    7.434    2.986
 474.90   21.427   21.623   21.624   -2.904   -0.236    0.427   -2.904   -0.236   -0.101   -1.239    0.686    4.336    0.710
 475.00   21.114   21.190   21.190   -1.794    0.014    0.114   -1.794    0.014    0.002   -0.204   -0.025    1.616    0.103
 475.10   21.017   21.138   21.146   -2.264    0.556    0.017   -2.264    0.556    0.009   -0.038   -1.259    2.717    0.630
 475.20   21.340   21.411   21.563   -1.743    2.560    0.340   -1.743    2.560    0.869   -0.592   -4.461    4.852    2.292
 475.30   22.603   22.714   22.935   -2.236    3.178    1.603   -2.236    3.178    5.096   -3.586   -7.108    8.837    4.726
 475.40   22.734   23.014   23.147   -3.578    2.479    1.734   -3.578    2.479    4.300   -6.205   -8.870   10.978    5.824
 475.50   22.616   23.043   23.091   -4.418    1.484    1.616   -4.418    1.484    2.398   -7.138   -6.556   12.166    4.992
 475.60   22.009   22.463   22.524   -4.494    1.663    1.009   -4.494    1.663    1.678   -4.533   -7.475   11.991    4.451
 475.70   22.368   22.805   22.827   -4.440    1.021    1.368   -4.440    1.021    1.397   -6.075   -4.533   11.313    3.854
 475.80   23.856   24.154   24.194   -3.778    1.392    2.856   -3.778    1.392    3.977  -10.791   -5.261   12.186    6.324
 475.90   23.586   23.779   23.787   -3.024    0.632    2.586   -3.024    0.632    1.634   -7.818   -1.910    8.114    4.106
 476.00   22.309   22.456   22.465   -2.568    0.625    1.309   -2.568    0.625    0.818   -3.360   -1.606    4.349    1.907
 476.10   24.022   24.274   24.287   -3.485    0.808    3.022   -3.485    0.808    2.442  -10.534   -2.816   10.968    5.587
 476.20   24.766   24.985   25.091   -3.303    2.299    3.766   -3.303    2.299    8.659  -12.439   -7.594   15.189    8.476
 476.30   24.832   24.866   25.038   -1.312    2.925    3.832   -1.312    2.925   11.210   -5.028   -3.839   12.481    6.436
 476.40   23.412   23.415   23.586   -0.347    2.835    2.412   -0.347    2.835    6.837   -0.838   -0.985    6.987    3.479
 476.50   23.014   23.074   23.125   -1.661    1.538    2.014   -1.661    1.538    3.097   -3.344   -2.554    4.589    2.612
 476.60   24.613   24.623   24.651   -0.696    1.173    3.613   -0.696    1.173    4.239   -2.514   -0.816    7.459    2.498
 476.70   24.687   24.698   24.834   -0.720    2.596    3.687   -0.720    2.596    9.573   -2.655   -1.869   10.428    5.054
 476.80   24.589   24.610   24.748   -1.013    2.610    3.589   -1.013    2.610    9.367   -3.635   -2.643   10.360    5.195
 476.90   24.303   24.328   24.438   -1.099    2.317    3.303   -1.099    2.317    7.654   -3.629   -2.546    8.743    4.423
 477.00   24.530   24.548   24.654   -0.939    2.284    3.530   -0.939    2.284    8.063   -3.314   -2.145    9.279    4.489
 477.10   24.249   24.300   24.301   -1.587    0.173    3.249   -1.587    0.173    0.561   -5.154   -0.274    6.550    2.596
 477.20   23.552   23.676   23.680   -2.414    0.451    2.552   -2.414    0.451    1.152   -6.162   -1.090    6.273    3.181
 477.30   22.553   22.611   22.628   -1.628    0.867    1.553   -1.628    0.867    1.347   -2.528   -1.412    2.907    1.597
 477.40   21.612   21.716   21.744   -2.118    1.116    0.612   -2.118    1.116    0.683   -1.296   -2.364    3.053    1.391
 477.50   21.421   21.497   21.600   -1.803    2.114    0.421   -1.803    2.114    0.890   -0.759   -3.812    3.948    1.993
 477.60   21.048   21.174   21.247   -2.306    1.757    0.048   -2.306    1.757    0.084   -0.111   -4.051    4.202    2.027
 477.70   22.714   22.912   22.944   -3.003    1.212    1.714   -3.003    1.212    2.078   -5.148   -3.640    6.713    3.319
 477.80   24.085   24.215   24.215   -2.503    0.146    3.085   -2.503    0.146    0.450   -7.722   -0.365    7.902    3.872
 477.90   23.665   23.670   23.679   -0.502    0.641    2.665   -0.502    0.641    1.708   -1.339   -0.322    3.882    1.097
 478.00   22.968   23.025   23.028   -1.626    0.366    1.968   -1.626    0.366    0.720   -3.199   -0.595    3.324    1.666
 478.10   24.064   24.113   24.123   -1.538   -0.705    3.064   -1.538   -0.705   -2.160   -4.711    1.084    6.124    2.647
 478.20   23.800   23.802   23.822   -0.292   -0.980    2.800   -0.292   -0.980   -2.745   -0.818    0.286    4.444    1.439
 478.30   23.485   23.558   23.577   -1.841   -0.951    2.485   -1.841   -0.951   -2.364   -4.577    1.752    5.237    2.721
 478.40   23.928   23.955   23.959   -1.144   -0.450    2.928   -1.144   -0.450   -1.319   -3.350    0.515    5.042    1.818
 478.50   25.636   25.678   25.730   -1.467   -1.642    4.636   -1.467   -1.642   -7.611   -6.802    2.409   13.169    5.244
 478.60   26.437   26.441   26.443   -0.470    0.339    5.437   -0.470    0.339    1.841   -2.556   -0.159   14.946    1.577
 478.70   25.617   25.618   25.621   -0.264    0.382    4.617   -0.264    0.382    1.762   -1.217   -0.101   10.765    1.072
 478.80   24.256   24.259   24.266   -0.410   -0.574    3.256   -0.410   -0.574   -1.868   -1.335    0.235    5.549    1.154
 478.90   24.130   24.190   24.220   -1.703   -1.207    3.130   -1.703   -1.207   -3.779   -5.330    2.055    7.077    3.424
 479.00   24.323   24.323   24.344   -0.053   -1.009    3.323   -0.053   -1.009   -3.353   -0.176    0.053    6.032    1.679
 479.10   24.376   24.378   24.384    0.247   -0.560    3.376    0.247   -0.560   -1.892    0.832   -0.138    5.887    1.036
 479.20   24.163   24.189   24.193    1.113   -0.453    3.163    1.113   -0.453   -1.433    3.519   -0.504    5.724    1.917
 479.30   24.162   24.195   24.203    1.264   -0.622    3.162    1.264   -0.622   -1.965    3.996   -0.785    5.992    2.261
 479.40   23.363   23.389   23.412    1.116   -1.036    2.363    1.116   -1.036   -2.447    2.637   -1.156    3.951    1.890
 479.50   24.139   24.141   24.161    0.279   -0.988    3.139    0.279   -0.988   -3.100    0.875   -0.275    5.454    1.617
 479.60   23.549   23.581   23.664   -1.230   -1.980    2.549   -1.230   -1.980   -5.048   -3.135    2.435    5.966    3.211
 479.70   24.564   24.567   24.573   -0.390   -0.540    3.564   -0.390   -0.540   -1.926   -1.389    0.211    6.572    1.192
 479.80   24.030   24.047   24.055   -0.906   -0.635    3.030   -0.906   -0.635   -1.924   -2.745    0.575    5.202    1.701
 479.90   24.067   24.146   24.167   -1.962   -0.984    3.067   -1.962   -0.984   -3.019   -6.018    1.932    7.112    3.502
 480.00   24.313   24.442   24.444   -2.509   -0.311    3.313   -2.509   -0.311   -1.029   -8.311    0.779    8.682    4.205
 480.10   24.444   24.461   24.531   -0.902    1.853    3.444   -0.902    1.853    6.384   -3.108   -1.672    8.056    3.647
 480.20   23.551   23.560   23.661    0.643    2.187    2.551    0.643    2.187    5.581    1.641    1.407    5.853    2.992
 480.30   22.468   22.470   22.498    0.274    1.119    1.468    0.274    1.119    1.643    0.402    0.307    1.741    0.859
 480.40   23.087   23.087   23.100   -0.035    0.764    2.087   -0.035    0.764    1.596   -0.073   -0.027    2.471    0.799
 480.50   23.355   23.355   23.356   -0.023   -0.237    2.355   -0.023   -0.237   -0.558   -0.054    0.005    2.802    0.280
 480.60   24.377   24.378   24.386   -0.193    0.600    3.377   -0.193    0.600    2.027   -0.652   -0.116    5.902    1.066
 480.70   25.347   25.349   25.384   -0.353    1.330    4.347   -0.353    1.330    5.781   -1.537   -0.470   10.394    3.000
 480.80   26.002   26.019   26.067   -0.934    1.583    5.002   -0.934    1.583    7.918   -4.673   -1.478   14.201    4.656
 480.90   24.757   24.764   24.817   -0.565    1.628    3.757   -0.565    1.628    6.116   -2.124   -0.920    8.543    3.270
 481.00   24.032   24.044   24.153   -0.756    2.295    3.032   -0.756    2.295    6.958   -2.291   -1.734    7.515    3.764
 481.10   23.893   23.904   23.986   -0.730    1.980    2.893   -0.730    1.980    5.728   -2.111   -1.444    6.411    3.136
 481.20   24.016   24.020   24.157    0.438    2.569    3.016    0.438    2.569    7.746    1.322    1.126    7.942    3.969
 481.30   23.560   23.571   23.630    0.712    1.680    2.560    0.712    1.680    4.301    1.822    1.196    4.941    2.411
 481.40   22.872   22.875   22.993   -0.349    2.332    1.872   -0.349    2.332    4.366   -0.653   -0.814    4.532    2.244
 481.50   23.727   23.791   23.897    1.751    2.244    2.727    1.751    2.244    6.119    4.774    3.928    7.768    4.349
 481.60   23.836   23.845   23.952    0.647    2.261    2.836    0.647    2.261    6.411    1.835    1.463    6.786    3.414
 481.70   22.100   22.109   22.126    0.610    0.878    1.100    0.610    0.878    0.966    0.671    0.536    1.177    0.646
 481.80   22.615   22.623   22.677    0.619    1.558    1.615    0.619    1.558    2.515    0.999    0.964    2.708    1.437
 481.90   22.912   22.927   23.001    0.812    1.843    1.912    0.812    1.843    3.525    1.553    1.497    3.857    2.066
 482.00   21.979   21.984   22.053    0.472    1.744    0.979    0.472    1.744    1.708    0.462    0.824    2.112    0.976
 482.10   22.146   22.147   22.212    0.252    1.694    1.146    0.252    1.694    1.942    0.289    0.427    2.124    1.005
 482.20   21.350   21.371   21.403    0.955    1.172    0.350    0.955    1.172    0.410    0.334    1.120    1.204    0.619
 482.30   21.056   21.058   21.115    0.327    1.553    0.056    0.327    1.553    0.086    0.018    0.508    1.260    0.258
 482.40   21.269   21.272   21.310   -0.358    1.266    0.269   -0.358    1.266    0.341   -0.097   -0.454    0.902    0.288
 482.50   20.671   20.682   20.684   -0.681    0.247   -0.329   -0.681    0.247   -0.081    0.224   -0.168    0.317    0.146
 482.60   20.056   20.096   20.154   -1.259    1.536   -0.944   -1.259    1.536   -1.450    1.188   -1.934    2.418    1.347
 482.70   19.321   19.327   19.379   -0.472    1.420   -1.679   -0.472    1.420   -2.384    0.792   -0.670    2.529    1.300
 482.80   20.527   20.587   20.608    1.566    0.937   -0.473    1.566    0.937   -0.443   -0.741    1.468    1.777    0.851
 482.90   19.795   19.810   19.821    0.791   -0.648   -1.205    0.791   -0.648    0.781   -0.954   -0.513    1.249    0.668
 483.00   19.071   19.103   19.351    1.102   -3.090   -1.929    1.102   -3.090    5.962   -2.127   -3.407    7.244    3.594
 483.10   19.945   19.946   19.968   -0.194   -0.938   -1.055   -0.194   -0.938    0.989    0.204    0.182    1.015    0.513
 483.20   20.936   20.939   20.968    0.361   -1.100   -0.064    0.361   -1.100    0.071   -0.023   -0.397    0.673    0.202
 483.30   22.026   22.039   22.084    0.761   -1.410    1.026    0.761   -1.410   -1.447    0.781   -1.072    1.810    0.981
 483.40   22.470   22.518   22.529    1.463   -0.715    1.470    1.463   -0.715   -1.051    2.152   -1.046    2.407    1.307
 483.50   21.903   21.965   22.019    1.652   -1.538    0.903    1.652   -1.538   -1.389    1.492   -2.541    2.955    1.629
 483.60   22.092   22.112   22.116    0.934    0.442    1.092    0.934    0.442    0.483    1.020    0.413    1.130    0.601
 483.70   22.837   22.883   22.955    1.447    1.814    1.837    1.447    1.814    3.332    2.658    2.624    4.379    2.503
 483.80   21.507   21.550   21.628    1.368    1.828    0.507    1.368    1.828    0.926    0.693    2.500    2.735    1.377
 483.90   21.351   21.440   21.458    1.955    0.875    0.351    1.955    0.875    0.307    0.685    1.711    2.355    0.934
 484.00   20.914   20.921   20.979    0.554    1.558   -0.086    0.554    1.558   -0.134   -0.048    0.863    1.371    0.438
 484.10   21.058   21.100   21.112    1.344    0.690    0.058    1.344    0.690    0.040    0.077    0.928    1.143    0.466
 484.20   21.187   21.245   21.245    1.566   -0.137    0.187    1.566   -0.137   -0.026    0.293   -0.214    1.252    0.182
 484.30   22.192   22.358   22.369    2.713    0.698    1.192    2.713    0.698    0.833    3.235    1.895    4.634    1.920
 484.40   22.831   22.870   22.890    1.334    0.960    1.831    1.334    0.960    1.757    2.443    1.280    3.027    1.635
 484.50   23.084   23.330   23.337    3.377    0.580    2.084    3.377    0.580    1.209    7.038    1.959    8.043    3.703
 484.60   24.421   24.607   24.669    3.021    1.746    3.421    3.021    1.746    5.974   10.337    5.276   11.942    6.526
 484.70   23.007   23.316   23.504    3.784    2.965    2.007    3.784    2.965    5.950    7.593   11.220   13.569    7.398
 484.80   22.419   22.507   22.711    1.985    3.042    1.419    1.985    3.042    4.317    2.817    6.040    7.606    3.970
 484.90   23.588   23.618   23.937    1.188    3.893    2.588    1.188    3.893   10.076    3.074    4.624   11.633    5.752
 485.00   23.131   23.143   23.411    0.755    3.532    2.131    0.755    3.532    7.526    1.609    2.667    8.793    4.073
 485.10   23.378   23.378   23.574    0.002    3.029    2.378    0.002    3.029    7.205    0.005    0.007    7.417    3.602
 485.20   24.806   24.840   24.992   -1.290    2.750    3.806   -1.290    2.750   10.466   -4.911   -3.547   11.856    6.046
 485.30   26.123   26.213   26.224   -2.170    0.760    5.123   -2.170    0.760    3.892  -11.117   -1.648   15.766    5.947
 485.40   25.783   25.786   25.787   -0.343    0.305    4.783   -0.343    0.305    1.460   -1.640   -0.105   11.545    1.099
 485.50   25.312   25.313   25.320    0.163    0.600    4.312    0.163    0.600    2.587    0.703    0.098    9.490    1.341
 485.60   25.961   25.971   25.977    0.706    0.576    4.961    0.706    0.576    2.857    3.500    0.406   12.721    2.268
 485.70   26.563   26.564   26.601    0.209    1.406    5.563    0.209    1.406    7.823    1.162    0.294   16.484    3.957
 485.80   26.749   26.754   26.850   -0.552    2.268    5.749   -0.552    2.268   13.036   -3.175   -1.252   19.247    6.738
 485.90   26.363   26.457   26.549   -2.218    2.213    5.363   -2.218    2.213   11.869  -11.894   -4.907   19.291    8.752
 486.00   25.996   25.996   26.069   -0.148    1.945    4.996   -0.148    1.945    9.718   -0.741   -0.288   14.382    4.875
 486.10   25.171   25.182   25.201   -0.740    0.981    4.171   -0.740    0.981    4.093   -3.088   -0.727    9.455    2.589
 486.20   24.879   24.898   24.933   -0.952    1.325    3.879   -0.952    1.325    5.141   -3.695   -1.262    8.856    3.228
 486.30   23.062   23.072   23.100   -0.686    1.141    2.062   -0.686    1.141    2.352   -1.414   -0.782    3.011    1.427
 486.40   23.061   23.072   23.118    0.737    1.449    2.061    0.737    1.449    2.986    1.518    1.068    3.445    1.758
 486.50   23.121   23.127   23.157    0.554    1.175    2.121    0.554    1.175    2.492    1.175    0.651    3.092    1.416
 486.60   24.055   24.067   24.093    0.752    1.119    3.055    0.752    1.119    3.418    2.296    0.841    5.575    2.101
 486.70   24.361   24.407   24.442    1.497    1.314    3.361    1.497    1.314    4.418    5.032    1.968    7.633    3.490
 486.80   24.004   24.150   24.229    2.651    1.948    3.004    2.651    1.948    5.854    7.964    5.164    9.924    5.576
 486.90   24.055   24.334   24.404    3.674    1.847    3.055    3.674    1.847    5.643   11.222    6.787   13.120    7.139
 487.00   24.057   24.276   24.293    3.250    0.910    3.057    3.250    0.910    2.782    9.937    2.957   10.369    5.367
 487.10   24.121   24.230   24.254    2.290    1.082    3.121    2.290    1.082    3.376    7.149    2.478    8.079    4.142
 487.20   25.688   25.786   25.842    2.243    1.694    4.688    2.243    1.694    7.943   10.518    3.800   14.942    6.858
 487.30   26.022   26.102   26.108    2.049    0.567    5.022    2.049    0.567    2.848   10.291    1.162   14.869    5.370
 487.40   26.217   26.320   26.329    2.324    0.679    5.217    2.324    0.679    3.541   12.126    1.577   16.541    6.365
 487.50   26.119   26.289   26.347    2.987    1.753    5.119    2.987    1.753    8.972   15.288    5.235   19.097    9.241
 487.60   25.289   25.570   25.607    3.779    1.379    4.289    3.779    1.379    5.914   16.211    5.210   17.291    9.013
 487.70   25.073   25.281   25.282    3.242    0.208    4.073    3.242    0.208    0.847   13.202    0.674   13.569    6.623
 487.80   24.495   24.856   24.878    4.220    1.066    3.495    4.220    1.066    3.725   14.747    4.497   15.578    7.931
 487.90   23.042   23.273   23.353    3.275    1.934    2.042    3.275    1.934    3.948    6.686    6.332    9.316    5.010
 488.00   23.462   23.513   23.588    1.542    1.890    2.462    1.542    1.890    4.654    3.797    2.916    6.007    3.338
 488.10   23.306   23.426   23.450    2.366    1.071    2.306    2.366    1.071    2.470    5.457    2.535    6.032    3.252
 488.20   22.594   22.776   22.778    2.876    0.275    1.594    2.876    0.275    0.439    4.585    0.792    5.445    2.337
 488.30   20.954   21.003   21.005    1.434    0.230   -0.046    1.434    0.230   -0.011   -0.065    0.330    1.056    0.168
 488.40   21.435   21.470   21.499    1.226    1.127    0.435    1.226    1.127    0.490    0.533    1.382    1.481    0.780
 488.50   22.007   22.007   22.050   -0.041    1.368    1.007   -0.041    1.368    1.378   -0.041   -0.056    1.444    0.690
 488.60   21.289   21.294   21.301   -0.481    0.527    0.289   -0.481    0.527    0.152   -0.139   -0.254    0.297    0.164
 488.70   21.929   22.021   22.029    2.008   -0.584    0.929    2.008   -0.584   -0.543    1.866   -1.173    2.619    1.135
 488.80   22.715   22.941   22.955    3.212   -0.796    1.715    3.212   -0.796   -1.365    5.509   -2.556    6.945    3.112
 488.90   23.610   23.804   23.810    3.038    0.513    2.610    3.038    0.513    1.338    7.928    1.557    8.151    4.095
 489.00   23.934   24.127   24.151    3.050    1.071    2.934    3.050    1.071    3.141    8.948    3.266    9.528    5.015
 489.10   24.676   24.786   24.807    2.326    1.034    3.676    2.326    1.034    3.801    8.551    2.405    9.997    4.831
 489.20   24.802   24.931   24.953    2.534    1.034    3.802    2.534    1.034    3.930    9.635    2.620   10.973    5.365
 489.30   24.168   24.197   24.213    1.169    0.880    3.168    1.169    0.880    2.787    3.705    1.028    6.090    2.374
 489.40   23.565   23.655   23.664    2.060    0.657    2.565    2.060    0.657    1.686    5.283    1.353    5.627    2.854
 489.50   22.722   22.735   22.756    0.777    0.986    1.722    0.777    0.986    1.698    1.338    0.766    2.270    1.147
 489.60   24.186   24.196   24.223    0.667    1.150    3.186    0.667    1.150    3.664    2.124    0.766    5.960    2.152
 489.70   24.824   24.962   25.063    2.624    2.244    3.824    2.624    2.244    8.580   10.033    5.888   13.270    7.227
 489.80   25.587   25.759   25.873    2.965    2.436    4.587    2.965    2.436   11.173   13.601    7.221   17.883    9.512
 489.90   26.023   26.058   26.066    1.352    0.659    5.023    1.352    0.659    3.309    6.789    0.890   13.745    3.802
 490.00   24.778   24.809   24.812    1.240    0.429    3.778    1.240    0.429    1.621    4.684    0.532    7.996    2.493
 490.10   24.642   24.642   24.659    0.033    0.910    3.642    0.033    0.910    3.315    0.122    0.030    7.048    1.659
 490.20   23.391   23.400   23.444   -0.646    1.443    2.391   -0.646    1.443    3.449   -1.544   -0.932    4.107    1.946
 490.30   23.135   23.140   23.145   -0.498    0.458    2.135   -0.498    0.458    0.977   -1.064   -0.228    2.507    0.731
 490.40   24.177   24.177   24.186   -0.066    0.656    3.177   -0.066    0.656    2.085   -0.210   -0.043    5.263    1.048
 490.50   23.446   23.467   23.492   -1.005    1.074    2.446   -1.005    1.074    2.627   -2.458   -1.080    4.072    1.878
 490.60   23.954   23.955   23.995    0.269    1.372    2.954    0.269    1.372    4.053    0.793    0.369    5.341    2.073
 490.70   23.471   23.487   23.550    0.886    1.712    2.471    0.886    1.712    4.229    2.190    1.517    4.909    2.499
 490.80   24.605   24.650   24.666    1.477    0.896    3.605    1.477    0.896    3.232    5.326    1.324    7.992    3.185
 490.90   25.958   25.986   26.012    1.208    1.157    4.958    1.208    1.157    5.737    5.989    1.398   13.690    4.205
 491.00   26.841   26.930   26.959    2.184    1.238    5.841    2.184    1.238    7.230   12.760    2.704   20.213    7.457
 491.10   27.032   27.038   27.039    0.552    0.312    6.032    0.552    0.312    1.885    3.330    0.173   18.394    1.915
 491.20   27.796   27.802   27.819   -0.597    0.975    6.796   -0.597    0.975    6.626   -4.059   -0.582   23.744    3.896
 491.30   27.971   27.972   27.999    0.277    1.229    6.971    0.277    1.229    8.567    1.931    0.340   25.090    4.394
 491.40   28.610   28.624   28.659    0.895    1.419    7.610    0.895    1.419   10.802    6.809    1.270   30.366    6.416
 491.50   28.910   28.939   29.103    1.300    3.081    7.910    1.300    3.081   24.375   10.287    4.007   36.879   13.379
 491.60   27.342   27.349   27.526    0.577    3.116    6.342    0.577    3.116   19.766    3.660    1.798   25.136   10.091
 491.70   27.558   27.563   27.817   -0.554    3.753    6.558   -0.554    3.753   24.610   -3.632   -2.079   28.697   12.482
 491.80   26.918   26.922   26.955   -0.462    1.331    5.918   -0.462    1.331    7.874   -2.732   -0.614   18.504    4.179
 491.90   25.869   25.878   25.885   -0.702   -0.603    4.869   -0.702   -0.603   -2.938   -3.418    0.424   12.281    2.264
 492.00   25.460   25.495   25.495   -1.341    0.043    4.460   -1.341    0.043    0.191   -5.981   -0.057   10.846    2.992
 492.10   24.834   24.851   24.851   -0.921    0.068    3.834   -0.921    0.068    0.260   -3.529   -0.063    7.774    1.770
 492.20   24.499   24.513   24.514   -0.835    0.209    3.499   -0.835    0.209    0.732   -2.921   -0.175    6.491    1.508
 492.30   25.874   25.883   25.893   -0.684   -0.704    4.874   -0.684   -0.704   -3.433   -3.334    0.482   12.362    2.405
 492.40   25.972   25.995   26.036   -1.108   -1.457    4.972   -1.108   -1.457   -7.246   -5.511    1.615   14.035    4.623
 492.50   26.099   26.201   26.276   -2.311   -1.980    5.099   -2.311   -1.980  -10.095  -11.784    4.575   17.630    8.089
 492.60   26.987   27.075   27.169   -2.181   -2.261    5.987   -2.181   -2.261  -13.538  -13.056    4.931   22.858    9.722
 492.70   26.397   26.493   26.501   -2.252   -0.646    5.397   -2.252   -0.646   -3.485  -12.153    1.454   17.308    6.363
 492.80   26.539   26.540   26.547    0.180   -0.599    5.539    0.180   -0.599   -3.320    0.999   -0.108   15.538    1.734
 492.90   27.320   27.336   27.356   -0.924   -1.043    6.320   -0.924   -1.043   -6.594   -5.838    0.964   20.942    4.430
 493.00   27.344   27.403   27.408   -1.790   -0.518    6.344   -1.790   -0.518   -3.289  -11.355    0.928   21.860    5.929
 493.10   26.322   26.384   26.410   -1.810   -1.182    5.322   -1.810   -1.182   -6.290   -9.633    2.139   16.496    5.851
 493.20   26.718   26.841   26.914   -2.563   -1.979    5.718   -2.563   -1.979  -11.315  -14.657    5.072   21.592    9.599
 493.30   26.124   26.337   26.341   -3.345   -0.457    5.124   -3.345   -0.457   -2.341  -17.140    1.528   18.826    8.683
 493.40   26.377   26.533   26.588   -2.880   -1.705    5.377   -2.880   -1.705   -9.166  -15.483    4.909   20.053    9.325
 493.50   26.815   26.860   26.927   -1.561   -1.895    5.815   -1.561   -1.895  -11.019   -9.079    2.959   19.919    7.290
 493.60   26.252   26.280   26.315   -1.218   -1.350    5.252   -1.218   -1.350   -7.090   -6.397    1.645   15.444    4.845
 493.70   26.220   26.258   26.276   -1.398   -0.987    5.220   -1.398   -0.987   -5.154   -7.300    1.380   15.091    4.521
 493.80   24.208   24.209   24.231   -0.159   -1.044    3.208   -0.159   -1.044   -3.349   -0.510    0.166    5.703    1.696
 493.90   24.342   24.345   24.345   -0.353   -0.040    3.342   -0.353   -0.040   -0.135   -1.180    0.014    5.648    0.594
 494.00   25.355   25.356   25.357   -0.253   -0.167    4.355   -0.253   -0.167   -0.726   -1.103    0.042    9.530    0.660
 494.10   24.949   24.951   24.951    0.318    0.043    3.949    0.318    0.043    0.172    1.256    0.014    7.847    0.634
 494.20   24.972   24.979   24.991    0.596    0.776    3.972    0.596    0.776    3.083    2.369    0.463    8.367    1.958
 494.30   24.711   24.723   24.736    0.759    0.792    3.711    0.759    0.792    2.939    2.816    0.601    7.489    2.057
 494.40   26.175   26.194   26.221    0.979    1.192    5.175    0.979    1.192    6.171    5.067    1.168   14.582    4.035
 494.50   24.737   24.746   24.750    0.683    0.425    3.737    0.683    0.425    1.588    2.551    0.290    7.305    1.509
 494.60   23.924   23.924   23.926   -0.057    0.341    2.924   -0.057    0.341    0.997   -0.166   -0.019    4.333    0.505
 494.70   22.287   22.289   22.290    0.326   -0.214    1.287    0.326   -0.214   -0.275    0.419   -0.070    0.904    0.253
 494.80   22.130   22.185   22.241    1.562   -1.569    1.130    1.562   -1.569   -1.773    1.765   -2.451    3.089    1.751
 494.90   23.729   23.747   23.854    0.931   -2.249    2.729    0.931   -2.249   -6.138    2.540   -2.093    6.686    3.482
 495.00   24.616   24.653   24.665    1.342   -0.794    3.616    1.342   -0.794   -2.870    4.853   -1.065    7.753    2.869
 495.10   25.389   25.389   25.427   -0.151   -1.391    4.389   -0.151   -1.391   -6.103   -0.663    0.210   10.609    3.071
 495.20   25.133   25.144   25.147   -0.751   -0.380    4.133   -0.751   -0.380   -1.570   -3.103    0.285    8.893    1.744
 495.30   24.094   24.100   24.129   -0.562   -1.172    3.094   -0.562   -1.172   -3.626   -1.738    0.658    5.631    2.037
 495.40   24.114   24.127   24.206   -0.802   -1.947    3.114   -0.802   -1.947   -6.063   -2.496    1.561    7.065    3.370
 495.50   24.154   24.161   24.197   -0.589   -1.323    3.154   -0.589   -1.323   -4.173   -1.857    0.779    6.022    2.317
 495.60   22.423   22.428   22.462   -0.442   -1.247    1.423   -0.442   -1.247   -1.774   -0.629    0.551    1.887    0.981
 495.70   22.028   22.031   22.081   -0.351   -1.499    1.028   -0.351   -1.499   -1.540   -0.361    0.526    1.713    0.834
 495.80   21.867   21.867   21.925   -0.082   -1.592    0.867   -0.082   -1.592   -1.380   -0.071    0.131    1.646    0.694
 495.90   22.339   22.344   22.366   -0.477   -0.975    1.339   -0.477   -0.975   -1.306   -0.639    0.465    1.486    0.763
 496.00   22.504   22.504   22.691   -0.066   -2.906    1.504   -0.066   -2.906   -4.372   -0.099    0.191    5.357    2.189
 496.10   23.139   23.139   23.401   -0.087   -3.495    2.139   -0.087   -3.495   -7.475   -0.185    0.303    8.399    3.742
 496.20   23.726   23.754   23.922    1.155   -2.829    2.726    1.155   -2.829   -7.713    3.149   -3.268    8.386    4.475
 496.30   24.636   24.640   24.749    0.438   -2.323    3.636    0.438   -2.323   -8.447    1.594   -1.018    9.404    4.328
 496.40   24.365   24.384   24.389    0.960   -0.493    3.365    0.960   -0.493   -1.659    3.232   -0.474    6.244    1.832
 496.50   23.353   23.367   23.445    0.819   -1.914    2.353    0.819   -1.914   -4.503    1.928   -1.568    4.935    2.572
 496.60   24.918   24.937   24.961    0.972   -1.081    3.918    0.972   -1.081   -4.235    3.808   -1.050    8.732    2.896
 496.70   25.779   25.784   25.794    0.524   -0.707    4.779    0.524   -0.707   -3.381    2.504   -0.371   11.805    2.111
 496.80   25.265   25.265   25.278    0.057    0.793    4.265    0.057    0.793    3.383    0.244    0.045    9.413    1.696
 496.90   25.667   25.668   25.682   -0.133    0.854    4.667   -0.133    0.854    3.985   -0.622   -0.114   11.266    2.017
 497.00   26.030   26.040   26.040    0.751    0.008    5.030    0.751    0.008    0.038    3.777    0.006   12.930    1.889
 497.10   27.213   27.218   27.220    0.517    0.325    6.213    0.517    0.325    2.020    3.214    0.168   19.490    1.900
 497.20   26.163   26.165   26.172    0.307    0.618    5.163    0.307    0.618    3.193    1.586    0.190   13.568    1.785
 497.30   26.510   26.510   26.511    0.015   -0.297    5.510    0.015   -0.297   -1.639    0.085   -0.005   15.223    0.821
 497.40   25.929   25.929   25.934    0.181    0.483    4.929    0.181    0.483    2.381    0.892    0.087   12.278    1.272
 497.50   24.523   24.532   24.538    0.673    0.547    3.523    0.673    0.547    1.927    2.372    0.368    6.581    1.539
 497.60   24.038   24.038   24.038    0.042   -0.118    3.038    0.042   -0.118   -0.357    0.128   -0.005    4.622    0.190
 497.70   22.552   22.581   22.582    1.137   -0.254    1.552    1.137   -0.254   -0.394    1.764   -0.288    1.883    0.915
 497.80   23.403   23.423   23.423    0.969   -0.015    2.403    0.969   -0.015   -0.036    2.329   -0.015    3.358    1.165
 497.90   24.051   24.124   24.129    1.877    0.478    3.051    1.877    0.478    1.459    5.726    0.898    6.530    2.989
 498.00   24.297   24.387   24.388    2.102   -0.235    3.297    2.102   -0.235   -0.775    6.931   -0.495    7.671    3.496
 498.10   23.997   24.054   24.054    1.649   -0.190    2.997    1.649   -0.190   -0.568    4.942   -0.313    5.868    2.492
 498.20   24.564   24.648   24.687    2.029    1.381    3.564    2.029    1.381    4.924    7.231    2.803    9.364    4.593
 498.30   25.676   25.745   25.747    1.881    0.310    4.676    1.881    0.310    1.449    8.796    0.583   12.751    4.467
 498.40   25.794   25.868   25.868    1.962    0.059    4.794    1.962    0.059    0.283    9.406    0.116   13.416    4.706
 498.50   25.622   25.649   25.649    1.174    0.189    4.622    1.174    0.189    0.873    5.424    0.222   11.387    2.749
 498.60   25.379   25.486   25.498    2.334   -0.777    4.379    2.334   -0.777   -3.404   10.220   -1.814   12.613    5.462
 498.70   25.534   25.614   25.653    2.022   -1.426    4.534    2.022   -1.426   -6.464    9.169   -2.884   13.339    5.792
 498.80   25.511   25.519   25.632    0.610   -2.407    4.511    0.610   -2.407  -10.860    2.754   -1.469   13.260    5.650
 498.90   24.977   24.978   25.045   -0.210   -1.837    3.977   -0.210   -1.837   -7.305   -0.834    0.385    9.617    3.681
 499.00   24.820   24.827   24.895    0.582   -1.844    3.820    0.582   -1.844   -7.045    2.225   -1.074    9.166    3.733
 499.10   24.474   24.500   24.552    1.118   -1.604    3.474    1.118   -1.604   -5.572    3.884   -1.793    7.946    3.512
 499.20   23.997   24.040   24.042    1.433   -0.359    2.997    1.433   -0.359   -1.077    4.294   -0.515    5.582    2.229
 499.30   23.556   23.686   23.699    2.478    0.790    2.556    2.478    0.790    2.020    6.334    1.958    6.649    3.465
 499.40   23.405   23.706   23.724    3.763    0.917    2.405    3.763    0.917    2.205    9.052    3.450   10.394    4.967
 499.50   23.053   23.204   23.223    2.641    0.937    2.053    2.641    0.937    1.923    5.423    2.474    6.034    3.131
 499.60   22.585   22.672   22.687    1.992    0.812    1.585    1.992    0.812    1.287    3.156    1.617    3.569    1.886
 499.70   22.878   23.057   23.071    2.864    0.814    1.878    2.864    0.814    1.530    5.379    2.332    6.196    3.029
 499.80   23.142   23.534   23.535    4.275   -0.250    2.142    4.275   -0.250   -0.536    9.158   -1.069   11.463    4.618
 499.90   23.046   23.496   23.496    4.573    0.068    2.046    4.573    0.068    0.139    9.358    0.311   12.552    4.682
 500.00   22.873   23.310   23.314    4.494   -0.436    1.873    4.494   -0.436   -0.816    8.416   -1.959   11.946    4.340
 500.10   22.742   23.064   23.065    3.843   -0.200    1.742    3.843   -0.200   -0.348    6.694   -0.767    8.922    3.374
 500.20   23.283   23.517   23.534    3.310   -0.886    2.283    3.310   -0.886   -2.022    7.556   -2.933    8.477    4.177
 500.30   23.660   23.826   23.892    2.800   -1.787    2.660    2.800   -1.787   -4.755    7.449   -5.003    9.055    5.078
 500.40   23.606   23.911   23.953    3.803   -1.423    2.606    3.803   -1.423   -3.709    9.912   -5.412   11.641    5.944
 500.50   23.477   23.812   23.898    3.985   -2.021    2.477    3.985   -2.021   -5.004    9.870   -8.053   13.049    6.843
 500.60   23.182   23.571   23.623    4.262   -1.565    2.182    4.262   -1.565   -3.416    9.301   -6.671   12.689    5.972
 500.70   24.191   24.679   24.720    4.882   -1.413    3.191    4.882   -1.413   -4.511   15.581   -6.901   18.009    8.814
 500.80   23.736   23.953   23.999    3.216   -1.490    2.736    3.216   -1.490   -4.078    8.799   -4.793   10.025    5.409
 500.90   23.790   24.028   24.117    3.377   -2.074    2.790    3.377   -2.074   -5.785    9.420   -7.003   11.743    6.543
 501.00   22.199   22.379   22.583    2.830   -3.030    1.199    2.830   -3.030   -3.635    3.395   -8.577    9.316    4.957
 501.10   23.551   23.769   23.778    3.213   -0.639    2.551    3.213   -0.639   -1.629    8.196   -2.052    8.619    4.302
 501.20   23.770   23.927   23.932    2.737   -0.482    2.770    2.737   -0.482   -1.335    7.582   -1.319    7.699    3.905
 501.30   23.736   23.915   23.922    2.920   -0.575    2.736    2.920   -0.575   -1.574    7.990   -1.680    8.172    4.157
 501.40   22.822   23.147   23.171    3.864   -1.062    1.822    3.864   -1.062   -1.934    7.042   -4.102    9.690    4.188
 501.50   22.639   22.861   22.861    3.178    0.084    1.639    3.178    0.084    0.138    5.210    0.268    6.397    2.609
 501.60   23.963   24.209   24.227    3.446   -0.938    2.963    3.446   -0.938   -2.779   10.209   -3.233   10.766    5.532
 501.70   25.279   25.700   25.700    4.632    0.042    4.279    4.632    0.042    0.181   19.824    0.196   19.887    9.913
 501.80   24.598   24.813   24.820    3.266    0.553    3.598    3.266    0.553    1.990   11.751    1.807   11.959    6.027
 501.90   24.936   25.061   25.063    2.493    0.369    3.936    2.493    0.369    1.453    9.811    0.920   10.922    4.980
 502.00   24.826   24.974   24.977    2.716   -0.412    3.826    2.716   -0.412   -1.575   10.389   -1.118   11.090    5.284
 502.10   24.654   24.715   24.719    1.733   -0.481    3.654    1.733   -0.481   -1.759    6.333   -0.834    8.293    3.313
 502.20   25.142   25.412   25.418    3.694   -0.558    4.142    3.694   -0.558   -2.313   15.302   -2.063   15.558    7.806
 502.30   23.458   23.970   23.971    4.929   -0.172    2.458    4.929   -0.172   -0.424   12.114   -0.850   15.181    6.075
 502.40   23.500   23.751   23.760    3.444   -0.644    2.500    3.444   -0.644   -1.610    8.610   -2.218    9.263    4.518
 502.50   24.228   24.297   24.324    1.837   -1.139    3.228    1.837   -1.139   -3.677    5.929   -2.092    7.545    3.642
 502.60   23.899   23.933   24.060    1.274   -2.472    2.899    1.274   -2.472   -7.167    3.692   -3.149    8.070    4.328
 502.70   24.351   24.429   24.536    1.949   -2.285    3.351    1.949   -2.285   -7.657    6.530   -4.452   10.124    5.502
 502.80   24.893   25.028   25.105    2.593   -1.966    3.893    2.593   -1.966   -7.653   10.094   -5.097   12.872    6.827
 502.90   25.905   25.992   25.995    2.121   -0.423    4.905    2.121   -0.423   -2.073   10.404   -0.896   14.370    5.323
 503.00   25.816   25.997   26.019    3.063    1.056    4.816    3.063    1.056    5.085   14.752    3.234   16.846    7.968
 503.10   25.722   25.828   25.832    2.335   -0.476    4.722    2.335   -0.476   -2.247   11.028   -1.111   13.989    5.654
 503.20   24.032   24.197   24.228    2.821   -1.235    3.032    2.821   -1.235   -3.743    8.552   -3.483    9.337    4.982
 503.30   24.578   24.656   24.698    1.960   -1.449    3.578    1.960   -1.449   -5.183    7.012   -2.840    9.370    4.585
 503.40   25.527   25.607   25.607    2.024   -0.094    4.527    2.024   -0.094   -0.425    9.164   -0.190   12.299    4.588
 503.50   24.518   24.527   24.537    0.660    0.716    3.518    0.660    0.716    2.520    2.322    0.473    6.662    1.729
 503.60   24.443   24.465   24.525    1.049    1.716    3.443    1.049    1.716    5.908    3.613    1.801    7.949    3.577
 503.70   24.281   24.281   24.305   -0.129    1.091    3.281   -0.129    1.091    3.580   -0.425   -0.141    5.985    1.804
 503.80   23.817   23.818   23.914   -0.166    2.141    2.817   -0.166    2.141    6.032   -0.468   -0.356    6.274    3.030
 503.90   24.873   24.873   24.946   -0.181    1.898    3.873   -0.181    1.898    7.352   -0.700   -0.343    9.317    3.697
 504.00   24.385   24.388   24.474   -0.399    2.052    3.385   -0.399    2.052    6.947   -1.352   -0.820    7.914    3.562
 504.10   23.196   23.197   23.234    0.203    1.326    2.196    0.203    1.326    2.912    0.445    0.269    3.310    1.479
 504.20   22.593   22.593   22.645    0.143    1.536    1.593    0.143    1.536    2.446    0.227    0.219    2.458    1.233
 504.30   21.172   21.188   21.229    0.807    1.317    0.172    0.807    1.317    0.227    0.139    1.062    1.207    0.548
 504.40   21.125   21.143   21.153    0.857    0.668    0.125    0.857    0.668    0.084    0.107    0.573    0.598    0.294
 504.50   21.187   21.211   21.241    1.007    1.123    0.187    1.007    1.123    0.210    0.189    1.131    1.156    0.583
 504.60   21.568   21.684   21.686    2.236   -0.302    0.568    2.236   -0.302   -0.172    1.270   -0.676    2.707    0.724
 504.70   21.840   21.855   21.859    0.805   -0.427    0.840    0.805   -0.427   -0.359    0.676   -0.344    0.768    0.420
 504.80   21.127   21.169   21.244    1.327    1.782    0.127    1.327    1.782    0.227    0.169    2.364    2.475    1.190
 504.90   20.748   20.792   20.890    1.353    2.019   -0.252    1.353    2.019   -0.509   -0.341    2.733    2.986    1.400
 505.00   21.428   21.649   21.656    3.081    0.547    0.428    3.081    0.547    0.234    1.320    1.685    4.989    1.077
 505.10   21.246   21.547   21.553    3.590    0.526    0.246    3.590    0.526    0.129    0.882    1.890    6.614    1.045
 505.20   23.628   23.873   23.883    3.410    0.701    2.628    3.410    0.701    1.843    8.962    2.392    9.514    4.728
 505.30   23.576   23.788   23.791    3.163    0.393    2.576    3.163    0.393    1.012    8.148    1.242    8.397    4.152
 505.40   22.801   22.978   22.985    2.849    0.594    1.801    2.849    0.594    1.069    5.129    1.692    5.855    2.753
 505.50   24.241   24.307   24.311    1.783    0.458    3.241    1.783    0.458    1.485    5.779    0.817    6.947    3.011
 505.60   23.835   23.835   23.844    0.085    0.678    2.835    0.085    0.678    1.923    0.240    0.057    4.251    0.969
 505.70   24.983   25.071   25.151    2.103    2.007    3.983    2.103    2.007    7.995    8.374    4.221   12.156    6.161
 505.80   23.928   24.063   24.230    2.551    2.839    2.928    2.551    2.839    8.311    7.469    7.243   11.570    6.658
 505.90   24.506   24.646   24.775    2.622    2.529    3.506    2.622    2.529    8.866    9.191    6.631   12.780    7.195
 506.00   25.278   25.426   25.491    2.741    1.813    4.278    2.741    1.813    7.754   11.727    4.968   14.551    7.455
 506.10   24.582   24.885   24.948    3.874    1.765    3.582    3.874    1.765    6.324   13.877    6.840   15.478    8.357
 506.20   23.953   24.360   24.438    4.432    1.949    2.953    4.432    1.949    5.757   13.089    8.638   16.081    8.353
 506.30   23.541   23.686   23.759    2.617    1.858    2.541    2.617    1.858    4.721    6.649    4.861    8.378    4.747
 506.40   22.294   22.503   22.518    3.061    0.810    1.294    3.061    0.810    1.047    3.961    2.479    5.851    2.394
 506.50   21.558   21.722   21.731    2.670    0.620    0.558    2.670    0.620    0.346    1.489    1.655    3.911    1.127
 506.60   20.798   20.872   20.873    1.759   -0.239   -0.202    1.759   -0.239    0.048   -0.356   -0.420    1.595    0.276
 506.70   21.664   21.786   21.795    2.299    0.612    0.664    2.299    0.612    0.407    1.528    1.407    3.052    1.058
 506.80   21.920   22.124   22.147    2.999    1.005    0.920    2.999    1.005    0.925    2.760    3.015    5.426    2.095
 506.90   23.012   23.018   23.021    0.552   -0.356    2.012    0.552   -0.356   -0.715    1.111   -0.196    2.239    0.668
 507.00   23.172   23.253   23.265    1.936   -0.745    2.172    1.936   -0.745   -1.618    4.206   -1.442    4.511    2.366
 507.10   24.377   24.383   24.411    0.539   -1.170    3.377    0.539   -1.170   -3.951    1.822   -0.631    6.532    2.198
 507.20   23.397   23.397   23.410    0.160   -0.784    2.397    0.160   -0.784   -1.879    0.384   -0.126    3.192    0.961
 507.30   23.241   23.256   23.343    0.853   -2.013    2.241    0.853   -2.013   -4.511    1.911   -1.717    4.900    2.596
 507.40   23.540   23.612   23.749    1.842   -2.546    2.540    1.842   -2.546   -6.468    4.679   -4.690    8.165    4.629
 507.50   23.772   24.028   24.074    3.496   -1.488    2.772    3.496   -1.488   -4.124    9.692   -5.202   11.061    5.874
 507.60   23.645   23.668   23.671    1.040   -0.394    2.645    1.040   -0.394   -1.042    2.752   -0.410    4.117    1.485
 507.70   23.631   23.726   23.726    2.125    0.038    2.631    2.125    0.038    0.101    5.591    0.082    5.719    2.796
 507.80   24.445   24.669   24.678    3.315   -0.689    3.445    3.315   -0.689   -2.375   11.420   -2.285   11.666    5.943
 507.90   23.731   23.892   23.892    2.770   -0.024    2.731    2.770   -0.024   -0.065    7.564   -0.065    7.565    3.782
 508.00   22.892   22.970   22.976    1.893   -0.509    1.892    1.893   -0.509   -0.963    3.583   -0.963    3.712    1.916
 508.10   21.544   21.632   21.644    1.947    0.728    0.544    1.947    0.728    0.396    1.060    1.417    2.309    0.907
 508.20   22.408   22.473   22.535    1.710    1.673    1.408    1.710    1.673    2.356    2.408    2.862    3.854    2.210
 508.30   23.426   23.429   23.490    0.391    1.687    2.426    0.391    1.687    4.092    0.948    0.659    4.442    2.126
 508.40   23.330   23.332   23.332    0.314   -0.086    2.330    0.314   -0.086   -0.201    0.732   -0.027    2.768    0.380
 508.50   23.752   23.752   23.753   -0.017    0.275    2.752   -0.017    0.275    0.757   -0.046   -0.005    3.824    0.379
 508.60   24.030   24.033   24.033   -0.369   -0.050    3.030   -0.369   -0.050   -0.151   -1.117    0.018    4.660    0.564
 508.70   24.587   24.591   24.592   -0.406   -0.204    3.587   -0.406   -0.204   -0.731   -1.455    0.083    6.538    0.816
 508.80   23.935   23.935   23.940    0.075   -0.516    2.935    0.075   -0.516   -1.514    0.220   -0.039    4.442    0.765
 508.90   25.228   25.228   25.230   -0.064    0.296    4.228   -0.064    0.296    1.251   -0.271   -0.019    8.985    0.640
 509.00   24.158   24.163   24.179   -0.471    0.878    3.158   -0.471    0.878    2.772   -1.489   -0.414    5.484    1.587
 509.10   24.061   24.063   24.074   -0.315   -0.734    3.061   -0.315   -0.734   -2.248   -0.965    0.231    5.004    1.229
 509.20   24.431   24.432   24.469   -0.223   -1.358    3.431   -0.223   -1.358   -4.657   -0.764    0.302    6.831    2.365
 509.30   23.946   23.969   23.999   -1.053   -1.199    2.946   -1.053   -1.199   -3.531   -3.101    1.262    5.611    2.433
 509.40   22.938   23.055   23.143   -2.311   -2.022    1.938   -2.311   -2.022   -3.919   -4.480    4.673    6.594    3.784
 509.50   23.326   23.412   23.426   -2.003   -0.815    2.326   -2.003   -0.815   -1.895   -4.658    1.632    5.042    2.644
 509.60   25.386   25.443   25.451   -1.698   -0.636    4.386   -1.698   -0.636   -2.791   -7.446    1.080   11.263    4.013
 509.70   26.059   26.111   26.131   -1.653   -1.018    5.059   -1.653   -1.018   -5.152   -8.360    1.683   14.679    4.982
 509.80   27.406   27.504   27.511   -2.315   -0.639    6.406   -2.315   -0.639   -4.092  -14.829    1.479   23.403    7.727
 509.90   27.198   27.303   27.303   -2.381    0.110    6.198   -2.381    0.110    0.680  -14.761   -0.261   22.052    7.390
 510.00   26.082   26.197   26.214   -2.456    0.942    5.082   -2.456    0.942    4.788  -12.483   -2.315   16.373    6.784
 510.10   25.093   25.192   25.207   -2.230    0.862    4.093   -2.230    0.862    3.529   -9.126   -1.923   11.234    4.986
 510.20   24.179   24.298   24.338   -2.397    1.399    3.179   -2.397    1.399    4.449   -7.622   -3.355    8.906    4.721
 510.30   24.500   24.609   24.643   -2.319    1.292    3.500   -2.319    1.292    4.520   -8.114   -2.995    9.646    4.880
 510.40   24.095   24.146   24.147   -1.566    0.203    3.095   -1.566    0.203    0.628   -4.847   -0.318    6.036    2.449
 510.50   24.374   24.422   24.422   -1.519    0.117    3.374   -1.519    0.117    0.395   -5.127   -0.178    6.854    2.572
 510.60   24.554   24.578   24.584   -1.083   -0.574    3.554   -1.083   -0.574   -2.039   -3.847    0.621    7.065    2.199
 510.70   24.986   24.990   25.049   -0.434   -1.713    3.986   -0.434   -1.713   -6.829   -1.730    0.743    9.507    3.542
 510.80   25.757   25.762   25.795   -0.514   -1.307    4.757   -0.514   -1.307   -6.215   -2.443    0.671   12.299    3.356
 510.90   25.890   25.891   25.891    0.192   -0.039    4.890    0.192   -0.039   -0.192    0.937   -0.008   11.977    0.478
 511.00   25.167   25.172   25.173    0.475   -0.270    4.167    0.475   -0.270   -1.126    1.979   -0.128    8.833    1.140
 511.10   24.092   24.096   24.127    0.406    1.239    3.092    0.406    1.239    3.830    1.256    0.503    5.630    2.031
 511.20   23.503   23.503   23.586   -0.106    1.972    2.503   -0.106    1.972    4.935   -0.264   -0.208    5.082    2.473
 511.30   22.808   22.853   22.857    1.428    0.452    1.808    1.428    0.452    0.817    2.582    0.646    2.757    1.392
 511.40   22.444   22.495   22.495    1.509   -0.141    1.444    1.509   -0.141   -0.203    2.179   -0.212    2.191    1.099
 511.50   23.057   23.086   23.089    1.143    0.402    2.057    1.143    0.402    0.828    2.351    0.460    2.850    1.267
 511.60   23.945   23.953   23.954    0.637   -0.175    2.945    0.637   -0.175   -0.516    1.874   -0.112    4.553    0.974
 511.70   24.774   24.810   24.811    1.336   -0.180    3.774    1.336   -0.180   -0.679    5.041   -0.240    8.031    2.546
 511.80   24.790   24.815   24.856    1.123   -1.420    3.790    1.123   -1.420   -5.382    4.254   -1.594    8.820    3.522
 511.90   24.782   24.865   24.879    2.029   -0.819    3.782    2.029   -0.819   -3.098    7.675   -1.662    9.547    4.221
 512.00   24.368   24.420   24.446    1.591    1.119    3.368    1.591    1.119    3.768    5.359    1.780    7.563    3.394
 512.10   23.416   23.443   23.485    1.132    1.405    2.416    1.132    1.405    3.394    2.734    1.590    4.545    2.319
 512.20   22.877   22.879   22.905    0.236    1.098    1.877    0.236    1.098    2.062    0.442    0.259    2.393    1.062
 512.30   23.524   23.524   23.670    0.021    2.622    2.524    0.021    2.622    6.618    0.053    0.055    6.623    3.309
 512.40   22.628   22.632   22.865   -0.400    3.257    1.628   -0.400    3.257    5.304   -0.652   -1.303    6.711    2.750
 512.50   21.569   21.658   21.848   -1.963    2.871    0.569   -1.963    2.871    1.633   -1.117   -5.635    6.210    2.986
 512.60   23.669   23.695   23.848   -1.092    2.697    2.669   -1.092    2.697    7.200   -2.914   -2.945    7.797    4.154
 512.70   23.677   23.685   23.868   -0.641    2.947    2.677   -0.641    2.947    7.888   -1.717   -1.890    8.130    4.145
 512.80   23.773   23.834   23.902   -1.700    1.797    2.773   -1.700    1.797    4.985   -4.715   -3.056    6.907    3.756
 512.90   23.351   23.353   23.375   -0.340    1.013    2.351   -0.340    1.013    2.380   -0.799   -0.344    3.333    1.267
 513.00   22.965   22.973   23.023    0.598    1.517    1.965    0.598    1.517    2.982    1.176    0.908    3.262    1.666
 513.10   22.275   22.419   22.658    2.539    3.278    1.275    2.539    3.278    4.180    3.237    8.322    9.408    4.930
 513.20   22.131   22.339   22.510    3.043    2.767    1.131    3.043    2.767    3.131    3.442    8.422    9.100    4.811
 513.30   21.638   22.035   22.114    4.163    1.863    0.638    4.163    1.863    1.189    2.657    7.754   10.603    4.141
 513.40   21.502   21.954   22.001    4.429    1.445    0.502    4.429    1.445    0.725    2.224    6.398   10.977    3.406
 513.50   22.659   23.357   23.403    5.668    1.466    1.659    5.668    1.466    2.432    9.404    8.309   18.515    6.391
 513.60   22.454   22.915   22.962    4.575    1.458    1.454    4.575    1.458    2.120    6.652    6.668   12.584    4.827
 513.70   22.779   23.286   23.344    4.834    1.652    1.779    4.834    1.652    2.938    8.598    7.984   14.630    6.048
 513.80   22.539   22.892   22.994    4.002    2.166    1.539    4.002    2.166    3.333    6.159    8.668   11.539    5.572
 513.90   24.558   24.767   24.793    3.207    1.133    3.558    3.207    1.133    4.032   11.412    3.635   12.116    6.319
 514.00   24.538   24.581   24.602    1.457    1.028    3.538    1.457    1.028    3.638    5.156    1.499    7.848    3.243
 514.10   24.209   24.229   24.237    0.996    0.628    3.209    0.996    0.628    2.014    3.197    0.626    5.841    1.915
 514.20   24.371   24.382   24.383    0.732   -0.233    3.371    0.732   -0.233   -0.785    2.468   -0.170    5.977    1.298
 514.30   25.199   25.339   25.353    2.651   -0.849    4.199    2.651   -0.849   -3.564   11.134   -2.250   12.692    5.952
 514.40   23.402   23.688   23.694    3.671    0.505    2.402    3.671    0.505    1.214    8.818    1.855    9.751    4.546
 514.50   24.001   24.501   24.501    4.924    0.033    3.001    4.924    0.033    0.100   14.777    0.164   16.625    7.389
 514.60   23.294   23.515   23.515    3.217    0.130    2.294    3.217    0.130    0.299    7.380    0.419    7.815    3.699
 514.70   24.302   24.363   24.375    1.715   -0.778    3.302    1.715   -0.778   -2.569    5.662   -1.334    7.225    3.180
 514.80   24.707   24.707   24.707    0.042   -0.171    3.707    0.042   -0.171   -0.635    0.157   -0.007    6.886    0.327
 514.90   23.443   23.463   23.466   -0.967   -0.395    2.443   -0.967   -0.395   -0.965   -2.363    0.382    3.530    1.290
 515.00   21.168   21.177   21.232   -0.646   -1.529    0.168   -0.646   -1.529   -0.256   -0.108    0.987    1.391    0.513
 515.10   22.198   22.229   22.268   -1.167   -1.316    1.198   -1.167   -1.316   -1.577   -1.399    1.537    2.265    1.304
 515.20   23.377   23.447   23.495   -1.809   -1.497    2.377   -1.809   -1.497   -3.558   -4.299    2.707    5.581    3.101
 515.30   24.705   24.883   24.963   -2.970   -2.001    3.705   -2.970   -2.001   -7.412  -11.003    5.941   13.275    7.268
 515.40   26.928   27.237   27.244   -4.091   -0.630    5.928   -4.091   -0.630   -3.735  -24.253    2.578   26.137   12.337
 515.50   26.159   26.533   26.536   -4.435   -0.446    5.159   -4.435   -0.446   -2.304  -22.881    1.980   23.243   11.541
 515.60   26.889   27.038   27.038   -2.831    0.180    5.889   -2.831    0.180    1.058  -16.673   -0.509   21.364    8.357
 515.70   26.171   26.224   26.258   -1.669    1.344    5.171   -1.669    1.344    6.949   -8.630   -2.243   15.665    5.652
 515.80   25.967   26.023   26.101   -1.701    2.026    4.967   -1.701    2.026   10.061   -8.449   -3.446   15.834    6.791
 515.90   27.666   27.671   27.727    0.529    1.763    6.666    0.529    1.763   11.751    3.524    0.932   23.912    6.152
 516.00   28.150   28.171   28.190    1.091    1.048    7.150    1.091    1.048    7.493    7.799    1.143   26.704    5.438
 516.10   27.931   27.969   27.977    1.460   -0.644    6.931    1.460   -0.644   -4.463   10.118   -0.940   25.294    5.549
 516.20   26.920   26.947   26.951    1.206   -0.458    5.920    1.206   -0.458   -2.711    7.141   -0.552   18.357    3.829
 516.30   26.396   26.397   26.423   -0.201    1.181    5.396   -0.201    1.181    6.374   -1.085   -0.238   15.275    3.235
 516.40   25.769   25.769   25.851   -0.148    2.063    4.769   -0.148    2.063    9.837   -0.705   -0.305   13.508    4.933
 516.50   26.716   26.752   26.795   -1.378    1.526    5.716   -1.378    1.526    8.720   -7.875   -2.102   18.450    5.968
 516.60   26.251   26.401   26.425   -2.813    1.134    5.251   -2.813    1.134    5.955  -14.768   -3.190   18.384    8.120
 516.70   24.982   25.198   25.216   -3.294    0.939    3.982   -3.294    0.939    3.738  -13.116   -3.092   13.793    6.992
 516.80   24.204   24.272   24.299   -1.812    1.151    3.204   -1.812    1.151    3.686   -5.804   -2.085    7.435    3.592
 516.90   24.142   24.201   24.202   -1.694    0.196    3.142   -1.694    0.196    0.615   -5.323   -0.332    6.390    2.684
 517.00   23.666   23.695   23.761   -1.166    1.768    2.666   -1.166    1.768    4.714   -3.110   -2.062    5.798    3.006
 517.10   24.901   24.917   24.934   -0.893    0.943    3.901   -0.893    0.943    3.678   -3.483   -0.842    8.450    2.567
 517.20   25.312   25.314   25.314   -0.299    0.140    4.312   -0.299    0.140    0.605   -1.290   -0.042    9.351    0.713
 517.30   25.275   25.284   25.284   -0.670   -0.007    4.275   -0.670   -0.007   -0.029   -2.864    0.005    9.364    1.432
 517.40   24.999   25.010   25.015   -0.749   -0.496    3.999   -0.749   -0.496   -1.983   -2.993    0.371    8.398    1.805
 517.50   24.181   24.181   24.191   -0.172   -0.691    3.181   -0.172   -0.691   -2.197   -0.547    0.119    5.312    1.134
 517.60   25.640   25.640   25.642   -0.128    0.352    4.640   -0.128    0.352    1.634   -0.593   -0.045   10.833    0.870
 517.70   25.171   25.174   25.192   -0.385    0.940    4.171   -0.385    0.940    3.920   -1.605   -0.362    9.215    2.126
 517.80   24.384   24.384   24.387   -0.165   -0.384    3.384   -0.165   -0.384   -1.298   -0.557    0.063    5.812    0.707
 517.90   25.068   25.070   25.107   -0.333   -1.369    4.068   -0.333   -1.369   -5.570   -1.352    0.455    9.266    2.875
 518.00   24.688   24.712   24.717   -1.069   -0.543    3.688   -1.069   -0.543   -2.001   -3.944    0.580    7.521    2.230
 518.10   24.619   24.659   24.664   -1.395    0.530    3.619   -1.395    0.530    1.920   -5.047   -0.740    7.662    2.725
 518.20   24.137   24.141   24.161    0.405   -0.996    3.137    0.405   -0.996   -3.126    1.269   -0.403    5.499    1.699
 518.30   25.380   25.396   25.418   -0.898   -1.070    4.380   -0.898   -1.070   -4.686   -3.932    0.961   10.566    3.096
 518.40   25.626   25.734   25.804   -2.361   -1.890    4.626   -2.361   -1.890   -8.744  -10.920    4.463   15.272    7.342
 518.50   25.450   25.514   25.719   -1.802   -3.244    4.450   -1.802   -3.244  -14.436   -8.017    5.844   16.786    8.758
 518.60   24.430   24.445   24.732   -0.861   -3.754    3.430   -0.861   -3.754  -12.876   -2.953    3.231   13.299    6.800
 518.70   24.691   24.769   25.039   -1.969   -3.670    3.691   -1.969   -3.670  -13.543   -7.265    7.224   15.481    8.491
 518.80   25.787   25.825   26.158   -1.409   -4.160    4.787   -1.409   -4.160  -19.914   -6.744    5.861   21.103   10.913
 518.90   25.965   25.999   26.456   -1.332   -4.893    4.965   -1.332   -4.893  -24.294   -6.614    6.519   25.184   13.004
 519.00   25.647   25.668   26.110   -1.044   -4.782    4.647   -1.044   -4.782  -22.221   -4.852    4.992   22.775   11.643
 519.10   26.774   26.777   27.077   -0.445   -4.019    5.774   -0.445   -4.019  -23.205   -2.571    1.790   24.843   11.708
 519.20   26.935   26.936   27.201   -0.199   -3.787    5.935   -0.199   -3.787  -22.476   -1.183    0.755   24.804   11.260
 519.30   25.271   25.272   25.637    0.148   -4.315    4.271    0.148   -4.315  -18.429    0.633   -0.639   18.441    9.226
 519.40   24.945   24.948   25.341   -0.387   -4.442    3.945   -0.387   -4.442  -17.523   -1.527    1.719   17.721    8.837
 519.50   24.708   24.753   24.983   -1.486   -3.384    3.708   -1.486   -3.384  -12.548   -5.511    5.029   13.705    7.299
 519.60   25.416   25.428   25.494   -0.774   -1.837    4.416   -0.774   -1.837   -8.111   -3.419    1.422   11.738    4.458
 519.70   24.818   24.818   24.870    0.052   -1.595    3.818    0.052   -1.595   -6.089    0.197   -0.082    8.563    3.047
 519.80   24.200   24.202   24.234   -0.274   -1.235    3.200   -0.274   -1.235   -3.953   -0.878    0.339    5.922    2.032
 519.90   24.678   24.697   24.726   -0.951   -1.200    3.678   -0.951   -1.200   -4.413   -3.498    1.141    7.937    2.873
 520.00   25.687   25.690   25.690   -0.350   -0.189    4.687   -0.350   -0.189   -0.886   -1.642    0.066   11.065    0.934
 520.10   24.926   24.962   24.968   -1.346   -0.542    3.926   -1.346   -0.542   -2.127   -5.284    0.729    8.759    2.871
 520.20   24.837   24.837   24.843   -0.079   -0.560    3.837   -0.079   -0.560   -2.147   -0.302    0.044    7.520    1.084
 520.30   23.986   24.172   24.249    2.991   -1.932    2.986    2.991   -1.932   -5.767    8.931   -5.778   10.796    6.050
 520.40   22.709   22.945   22.987    3.284   -1.383    1.709    3.284   -1.383   -2.364    5.611   -4.543    7.807    3.798
 520.50   20.823   21.007   21.093    2.776   -1.897   -0.177    2.776   -1.897    0.335   -0.491   -5.267    5.669    2.650
 520.60   21.197   21.501   21.587    3.600   -1.924    0.197    3.600   -1.924   -0.379    0.710   -6.926    8.350    3.486
 520.70   20.907   21.072   21.097    2.633   -1.024   -0.093    2.633   -1.024    0.096   -0.246   -2.695    3.993    1.354
 520.80   19.870   20.070   20.101    2.827   -1.112   -1.130    2.827   -1.112    1.257   -3.195   -3.145    5.254    2.328
 520.90   20.042   20.356   20.369    3.558   -0.727   -0.958    3.558   -0.727    0.696   -3.407   -2.586    7.051    2.167
 521.00   20.958   21.040   21.108    1.851   -1.693   -0.042    1.851   -1.693    0.071   -0.077   -3.133    3.147    1.568
 521.10   20.228   20.392   20.513    2.580   -2.219   -0.772    2.580   -2.219    1.713   -1.991   -5.725    6.088    3.149
 521.20   19.068   19.211   19.228    2.340   -0.817   -1.932    2.340   -0.817    1.579   -4.521   -1.912    4.938    2.578
 521.30   18.347   18.466   18.511    2.089   -1.289   -2.653    2.089   -1.289    3.419   -5.542   -2.693    6.532    3.523
 521.40   18.999   19.071   19.071    1.648    0.046   -2.001    1.648    0.046   -0.093   -3.298    0.076    3.361    1.650
 521.50   20.151   20.325   20.355    2.659   -1.094   -0.849    2.659   -1.094    0.929   -2.258   -2.910    4.494    1.899
 521.60   20.835   21.058   21.101    3.054   -1.348   -0.165    3.054   -1.348    0.222   -0.503   -4.117    5.586    2.077
 521.70   20.327   20.406   20.453    1.798   -1.382   -0.673    1.798   -1.382    0.930   -1.210   -2.485    2.798    1.458
 521.80   20.084   20.249   20.264    2.578   -0.783   -0.916    2.578   -0.783    0.718   -2.362   -2.020    4.050    1.595
 521.90   20.905   20.958   20.971    1.488   -0.738   -0.095    1.488   -0.738    0.070   -0.141   -1.099    1.384    0.555
 522.00   19.775   19.778   19.880    0.368   -2.006   -1.225    0.368   -2.006    2.458   -0.451   -0.739    2.831    1.303
 522.10   19.707   19.728   19.867    0.902   -2.348   -1.293    0.902   -2.348    3.036   -1.167   -2.119    4.000    1.941
 522.20   20.441   20.497   20.522    1.508   -1.010   -0.559    1.508   -1.010    0.564   -0.842   -1.523    1.803    0.915
 522.30   19.361   19.424   19.491    1.559   -1.619   -1.639    1.559   -1.619    2.653   -2.555   -2.524    3.869    2.233
 522.40   19.870   19.874   20.043    0.427   -2.593   -1.130    0.427   -2.593    2.931   -0.483   -1.107    4.093    1.585
 522.50   20.046   20.047   20.083    0.128   -1.204   -0.954    0.128   -1.204    1.148   -0.122   -0.154    1.187    0.582
 522.60   21.226   21.230   21.272    0.407   -1.329    0.226    0.407   -1.329   -0.300    0.092   -0.541    0.992    0.313
 522.70   22.360   22.360   22.419   -0.114   -1.622    1.360   -0.114   -1.622   -2.206   -0.156    0.186    2.247    1.110
 522.80   21.338   21.383   21.431   -1.394   -1.435    0.338   -1.394   -1.435   -0.484   -0.471    2.000    2.058    1.056
 522.90   21.133   21.138   21.203   -0.416   -1.664    0.133   -0.416   -1.664   -0.222   -0.056    0.692    1.479    0.365
 523.00   21.553   21.558   21.578   -0.440   -0.921    0.553   -0.440   -0.921   -0.510   -0.244    0.405    0.674    0.348
 523.10   20.803   20.832   20.836   -1.113   -0.381   -0.197   -1.113   -0.381    0.075    0.220    0.424    0.712    0.242
 523.20   20.536   20.553   20.566   -0.832    0.720   -0.464   -0.832    0.720   -0.334    0.386   -0.600    0.713    0.394
 523.30   20.366   20.386   20.386   -0.907   -0.153   -0.634   -0.907   -0.153    0.097    0.576    0.139    0.624    0.300
 523.40   19.514   19.516   19.517   -0.271   -0.177   -1.486   -0.271   -0.177    0.263    0.403    0.048    1.157    0.242
 523.50   19.561   19.574   19.575   -0.718    0.185   -1.439   -0.718    0.185   -0.266    1.033   -0.133    1.310    0.538
 523.60   20.147   20.148   20.168   -0.174    0.917   -0.853   -0.174    0.917   -0.782    0.148   -0.159    0.799    0.406
 523.70   19.895   19.906   19.971    0.664    1.608   -1.105    0.664    1.608   -1.777   -0.733    1.067    2.123    1.099
 523.80   19.196   19.315   19.318    2.143   -0.293   -1.804    2.143   -0.293    0.528   -3.866   -0.628    3.966    1.976
 523.90   19.757   19.840   19.848    1.812   -0.558   -1.243    1.812   -0.558    0.693   -2.252   -1.011    2.569    1.282
 524.00   19.392   19.393   19.406    0.205   -0.705   -1.608    0.205   -0.705    1.134   -0.330   -0.145    1.562    0.595
 524.10   19.776   19.796   19.811    0.878    0.792   -1.224    0.878    0.792   -0.969   -1.075    0.695    1.448    0.803
 524.20   19.182   19.208   19.278   -0.997    1.639   -1.818   -0.997    1.639   -2.980    1.813   -1.635    3.493    1.926
 524.30   19.751   19.751   19.772   -0.023    0.899   -1.249   -0.023    0.899   -1.123    0.028   -0.021    1.184    0.562
 524.40   19.301   19.324   19.325    0.944   -0.212   -1.699    0.944   -0.212    0.360   -1.603   -0.200    1.911    0.828
 524.50   17.728   17.849   17.858    2.078   -0.550   -3.272    2.078   -0.550    1.798   -6.800   -1.142    7.664    3.563
 524.60   18.373   18.430   18.432    1.448   -0.302   -2.627    1.448   -0.302    0.792   -3.804   -0.437    4.545    1.955
 524.70   19.140   19.183   19.205    1.291   -0.908   -1.860    1.291   -0.908    1.690   -2.401   -1.172    2.975    1.581
 524.80   20.957   20.993   21.014    1.225   -0.942   -0.043    1.225   -0.942    0.040   -0.052   -1.154    1.195    0.578
 524.90   21.869   21.922   21.922    1.522    0.001    0.869    1.522    0.001    0.001    1.322    0.001    1.535    0.661
 525.00   22.129   22.269   22.271    2.490    0.338    1.129    2.490    0.338    0.381    2.812    0.841    3.795    1.480
 525.10   23.167   23.427   23.479    3.478   -1.566    2.167    3.478   -1.566   -3.393    7.537   -5.447    9.623    4.950
 525.20   24.740   25.030   25.047    3.801   -0.923    3.740    3.801   -0.923   -3.453   14.215   -3.509   14.643    7.521
 525.30   24.622   24.794   24.809    2.915   -0.861    3.622    2.915   -0.861   -3.120   10.560   -2.511   11.181    5.647
 525.40   24.551   24.583   24.602    1.238   -0.985    3.551    1.238   -0.985   -3.497    4.397   -1.219    7.557    2.875
 525.50   24.040   24.066   24.106    1.123   -1.396    3.040    1.123   -1.396   -4.243    3.413   -1.567    6.224    2.833
 525.60   24.078   24.081   24.167    0.356   -2.042    3.078    0.356   -2.042   -6.286    1.096   -0.727    6.886    3.211
 525.70   21.846   21.849   21.931    0.326   -1.896    0.846    0.326   -1.896   -1.605    0.276   -0.618    2.208    0.871
 525.80   20.805   20.805   20.864    0.165   -1.563   -0.195    0.165   -1.563    0.305   -0.032   -0.258    1.254    0.200
 525.90   20.371   20.372   20.494    0.215   -2.235   -0.629    0.215   -2.235    1.406   -0.135   -0.481    2.719    0.746
 526.00   20.409   20.410   20.537    0.198   -2.284   -0.591    0.198   -2.284    1.351   -0.117   -0.453    2.802    0.715
 526.10   20.995   21.013   21.043   -0.876   -1.127   -0.005   -0.876   -1.127    0.006    0.004    0.987    1.019    0.494
 526.20   19.881   19.904   19.924   -0.950   -0.894   -1.119   -0.950   -0.894    1.000    1.062    0.849    1.476    0.844
 526.30   19.616   19.617   19.656   -0.235   -1.238   -1.384   -0.235   -1.238    1.713    0.325    0.291    1.752    0.884
 526.40   19.041   19.048   19.114   -0.511   -1.596   -1.959   -0.511   -1.596    3.127    1.001    0.815    3.324    1.692
 526.50   19.208   19.255   19.324    1.354   -1.633   -1.792    1.354   -1.633    2.927   -2.426   -2.211    3.856    2.199
 526.60   20.569   20.734   20.816    2.612   -1.837   -0.431    2.612   -1.837    0.791   -1.125   -4.797    5.191    2.495
 526.70   20.486   20.513   20.517    1.049   -0.385   -0.514    1.049   -0.385    0.198   -0.539   -0.404    0.756    0.351
 526.80   20.293   20.298   20.298    0.463    0.101   -0.707    0.463    0.101   -0.071   -0.328    0.047    0.362    0.169
 526.90   20.279   20.306   20.308    1.042    0.304   -0.721    1.042    0.304   -0.219   -0.751    0.316    0.849    0.422
 527.00   20.074   20.142   20.143    1.658    0.126   -0.926    1.658    0.126   -0.117   -1.536    0.209    1.812    0.777
 527.10   20.867   20.872   20.873    0.445    0.216   -0.133    0.445    0.216   -0.029   -0.059    0.096    0.131    0.058
 527.20   22.260   22.264   22.264    0.431   -0.093    1.260    0.431   -0.093   -0.118    0.543   -0.040    0.891    0.278
 527.30   22.185   22.194   22.195    0.643   -0.205    1.185    0.643   -0.205   -0.243    0.762   -0.132    0.930    0.405
 527.40   23.481   23.481   23.493   -0.056   -0.749    2.481   -0.056   -0.749   -1.858   -0.138    0.042    3.359    0.932
 527.50   22.499   22.500   22.527   -0.244    1.098    1.499   -0.244    1.098    1.645   -0.366   -0.268    1.755    0.853
 527.60   21.236   21.240   21.243    0.458    0.296    0.236    0.458    0.296    0.070    0.108    0.136    0.176    0.093
 527.70   21.815   21.825   21.839    0.667   -0.780    0.815    0.667   -0.780   -0.635    0.544   -0.520    0.858    0.492
 527.80   21.821   21.825   21.878    0.431   -1.518    0.821    0.431   -1.518   -1.247    0.354   -0.655    1.583    0.726
 527.90   21.615   21.702   21.722    1.937   -0.927    0.615    1.937   -0.927   -0.570    1.192   -1.795    2.495    1.115
 528.00   19.040   19.147   19.147    2.020   -0.039   -1.960    2.020   -0.039    0.076   -3.960   -0.078    3.963    1.981
 528.10   17.698   17.705   17.722    0.509   -0.762   -3.302    0.509   -0.762    2.515   -1.682   -0.388    5.871    1.525
 528.20   18.347   18.348   18.420    0.192   -1.628   -2.653    0.192   -1.628    4.318   -0.509   -0.312    4.861    2.179
 528.30   18.562   18.562   18.592    0.002   -1.063   -2.438    0.002   -1.063    2.592   -0.005   -0.002    3.537    1.296
 528.40   19.651   19.651   19.651   -0.025    0.171   -1.349   -0.025    0.171   -0.231    0.033   -0.004    0.926    0.117
 528.50   19.673   19.762   19.808   -1.875   -1.360   -1.327   -1.875   -1.360    1.806    2.489    2.551    3.564    1.998
 528.60   19.845   19.939   20.029   -1.930   -1.905   -1.155   -1.930   -1.905    2.200    2.230    3.676    4.344    2.415
 528.70   20.075   20.295   20.419   -2.981   -2.245   -0.925   -2.981   -2.245    2.077    2.757    6.693    7.391    3.765
 528.80   21.511   21.678   21.905   -2.684   -3.147    0.511   -2.684   -3.147   -1.608   -1.371    8.448    8.686    4.354
 528.90   22.420   22.495   22.907   -1.831   -4.329    1.420   -1.831   -4.329   -6.146   -2.600    7.925   12.052    5.180
 529.00   22.081   22.095   22.577   -0.793   -4.636    1.081   -0.793   -4.636   -5.012   -0.857    3.677   11.647    3.138
 529.10   20.805   20.954   21.119   -2.496   -2.634   -0.195   -2.496   -2.634    0.514    0.488    6.574    6.602    3.306
 529.20   20.532   20.693   20.882   -2.574   -2.805   -0.468   -2.574   -2.805    1.311    1.203    7.218    7.354    3.717
 529.30   20.132   20.326   20.736   -2.804   -4.106   -0.868   -2.804   -4.106    3.566    2.435   11.511   12.736    6.147
 529.40   20.228   20.313   20.710   -1.855   -4.038   -0.772   -1.855   -4.038    3.119    1.432    7.490   10.172    4.119
 529.50   19.726   19.734   19.986   -0.571   -3.160   -1.274   -0.571   -3.160    4.025    0.727    1.803    5.966    2.235
 529.60   19.429   19.450   19.705   -0.891   -3.163   -1.571   -0.891   -3.163    4.968    1.400    2.819    6.633    2.940
 529.70   20.455   20.511   20.913   -1.514   -4.083   -0.545   -1.514   -4.083    2.226    0.825    6.182    9.630    3.311
 529.80   19.257   19.368   19.771   -2.074   -3.971   -1.743   -2.074   -3.971    6.923    3.616    8.237   11.557    5.676
 529.90   19.196   19.286   19.396   -1.857   -2.067   -1.804   -1.857   -2.067    3.729    3.350    3.839    5.488    3.157
 530.00   19.490   19.657   19.751   -2.558   -1.920   -1.510   -2.558   -1.920    2.898    3.862    4.911    6.254    3.444
 530.10   18.435   18.623   18.809   -2.640   -2.639   -2.565   -2.640   -2.639    6.768    6.771    6.965   10.255    5.920
 530.20   19.594   19.853   19.953   -3.196   -1.991   -1.406   -3.196   -1.991    2.800    4.493    6.364    8.078    4.139
 530.30   19.687   20.288   20.542   -4.900   -3.222   -1.313   -4.900   -3.222    4.231    6.434   15.789   18.058    8.783
 530.40   20.720   20.995   21.206   -3.384   -2.989   -0.280   -3.384   -2.989    0.836    0.947   10.114   10.231    5.096
 530.50   20.338   20.559   20.660   -3.008   -2.037   -0.662   -3.008   -2.037    1.349    1.992    6.128    6.819    3.292
 530.60   20.595   20.676   20.717   -1.830   -1.301   -0.405   -1.830   -1.301    0.527    0.742    2.382    2.604    1.275
 530.70   20.622   20.655   20.859   -1.170   -2.911   -0.378   -1.170   -2.911    1.102    0.443    3.405    4.992    1.803
 530.80   20.363   20.415   20.450   -1.459   -1.192   -0.637   -1.459   -1.192    0.759    0.929    1.739    1.977    1.056
 530.90   19.181   19.190   19.190   -0.587   -0.092   -1.819   -0.587   -0.092    0.167    1.068    0.054    1.832    0.541
 531.00   19.601   19.602   19.602   -0.118    0.166   -1.399   -0.118    0.166   -0.232    0.165   -0.020    0.999    0.143
 531.10   19.659   19.659   19.692   -0.144    1.127   -1.341   -0.144    1.127   -1.511    0.193   -0.162    1.545    0.766
 531.20   20.112   20.137   20.139    0.997    0.249   -0.888    0.997    0.249   -0.221   -0.885    0.248    0.922    0.473
 531.30   20.121   20.161   20.164    1.278    0.313   -0.879    1.278    0.313   -0.275   -1.124    0.401    1.252    0.612
 531.40   21.756   21.961   22.003    2.991    1.368    0.756    2.991    1.368    1.034    2.261    4.092    5.695    2.394
 531.50   22.320   22.493   22.513    2.787    0.944    1.320    2.787    0.944    1.246    3.677    2.632    5.200    2.345
 531.60   21.140   21.312   21.417    2.697    2.120    0.140    2.697    2.120    0.297    0.378    5.720    5.896    2.870
 531.70   21.995   22.232   22.234    3.239    0.248    0.995    3.239    0.248    0.247    3.223    0.804    5.771    1.665
 531.80   22.087   22.116   22.230    1.133   -2.245    1.087    1.133   -2.245   -2.441    1.232   -2.544    3.754    1.868
 531.90   21.823   21.864   22.042    1.351   -2.789    0.823    1.351   -2.789   -2.294    1.111   -3.767    5.139    2.274
 532.00   21.798   21.831   22.066    1.186   -3.210    0.798    1.186   -3.210   -2.563    0.947   -3.809    6.175    2.344
 532.10   21.327   21.403   21.602    1.800   -2.928    0.327    1.800   -2.928   -0.958    0.589   -5.271    5.960    2.695
 532.20   22.224   22.390   22.662    2.728   -3.500    1.224    2.728   -3.500   -4.283    3.338   -9.548   10.595    5.492
 532.30   20.620   20.752   20.967    2.341   -2.994   -0.380    2.341   -2.994    1.138   -0.890   -7.010    7.295    3.579
 532.40   21.203   21.358   21.417    2.566   -1.596    0.203    2.566   -1.596   -0.324    0.521   -4.095    4.587    2.071
 532.50   20.784   20.870   20.899    1.889   -1.094   -0.216    1.889   -1.094    0.236   -0.407   -2.067    2.406    1.060
 532.60   22.094   22.123   22.132    1.130   -0.626    1.094    1.130   -0.626   -0.685    1.236   -0.708    1.432    0.790
 532.70   21.870   21.870   21.893    0.045   -0.991    0.870    0.045   -0.991   -0.862    0.039   -0.044    0.871    0.432
 532.80   22.655   22.658   22.658    0.362   -0.015    1.655    0.362   -0.015   -0.026    0.599   -0.006    1.435    0.300
 532.90   22.031   22.042   22.042    0.680   -0.065    1.031    0.680   -0.065   -0.067    0.701   -0.044    0.765    0.353
 533.00   21.117   21.130   21.163   -0.746   -1.172    0.117   -0.746   -1.172   -0.137   -0.087    0.875    0.972    0.445
 533.10   21.649   21.659   21.666   -0.663   -0.533    0.649   -0.663   -0.533   -0.346   -0.430    0.353    0.573    0.328
 533.20   23.062   23.078   23.079   -0.865   -0.244    2.062   -0.865   -0.244   -0.503   -1.784    0.211    2.529    0.933
 533.30   24.089   24.101   24.171   -0.750   -1.842    3.089   -0.750   -1.842   -5.691   -2.317    1.381    6.750    3.149
 533.40   24.419   24.506   24.650   -2.068   -2.658    3.419   -2.068   -2.658   -9.087   -7.070    5.497   11.515    6.379
 533.50   23.899   23.922   24.060   -1.052   -2.570    2.899   -1.052   -2.570   -7.449   -3.049    2.703    8.056    4.245
 533.60   23.360   23.420   23.438   -1.669   -0.914    2.360   -1.669   -0.914   -2.156   -3.938    1.524    4.595    2.371
 533.70   22.430   22.446   22.461   -0.840   -0.826    1.430   -0.840   -0.826   -1.181   -1.202    0.694    1.717    0.911
 533.80   22.464   22.466   22.538    0.309   -1.802    1.464    0.309   -1.802   -2.637    0.453   -0.557    2.742    1.366
 533.90   22.213   22.246   22.361   -1.199   -2.270    1.213   -1.199   -2.270   -2.755   -1.455    2.722    4.032    2.068
 534.00   22.844   22.844   22.937    0.007   -2.059    1.844    0.007   -2.059   -3.796    0.013   -0.015    3.819    1.898
 534.10   22.842   22.868   22.917    1.081   -1.505    1.842    1.081   -1.505   -2.773    1.992   -1.628    3.414    1.891
 534.20   22.929   23.071   23.104    2.553   -1.232    1.929    2.553   -1.232   -2.377    4.925   -3.146    5.879    3.155
 534.30   23.390   23.409   23.444    0.955   -1.274    2.390    0.955   -1.274   -3.044    2.282   -1.216    4.123    1.997
 534.40   23.727   23.730   23.743   -0.401   -0.763    2.727   -0.401   -0.763   -2.081   -1.093    0.306    4.090    1.185
 534.50   22.293   22.296   22.300   -0.387    0.420    1.293   -0.387    0.420    0.543   -0.500   -0.163    0.999    0.378
 534.60   22.282   22.283   22.303    0.198   -0.953    1.282    0.198   -0.953   -1.222    0.253   -0.188    1.295    0.631
 534.70   23.235   23.293   23.436    1.641   -2.584    2.235    1.641   -2.584   -5.776    3.669   -4.240    7.183    4.025
 534.80   25.224   25.226   25.268   -0.380   -1.443    4.224   -0.380   -1.443   -6.097   -1.605    0.549   10.033    3.164
 534.90   25.790   25.863   25.865   -1.947   -0.283    4.790   -1.947   -0.283   -1.355   -9.328    0.551   13.408    4.721
 535.00   26.466   26.466   26.467   -0.041    0.164    5.466   -0.041    0.164    0.897   -0.225   -0.007   14.954    0.462
 535.10   26.054   26.055   26.062   -0.202    0.570    5.054   -0.202    0.570    2.880   -1.023   -0.115   12.957    1.529
 535.20   25.551   25.553   25.568    0.380    0.869    4.551    0.380    0.869    3.955    1.731    0.331   10.804    2.165
 535.30   24.666   24.683   24.690   -0.918   -0.584    3.666   -0.918   -0.584   -2.141   -3.364    0.536    7.310    2.012
 535.40   24.125   24.161   24.219   -1.309   -1.685    3.125   -1.309   -1.685   -5.266   -4.089    2.205    7.159    3.511
 535.50   24.968   24.976   25.049   -0.627   -1.917    3.968   -0.627   -1.917   -7.605   -2.488    1.202    9.906    4.046
 535.60   23.979   23.992   23.995   -0.780    0.360    2.979   -0.780    0.360    1.073   -2.323   -0.281    4.806    1.287
 535.70   23.906   23.945   24.043   -1.371    2.161    2.906   -1.371    2.161    6.282   -3.985   -2.964    7.499    4.004
 535.80   23.234   23.264   23.295   -1.179    1.205    2.234   -1.179    1.205    2.693   -2.634   -1.421    3.918    2.013
 535.90   22.235   22.319   22.320   -1.936    0.118    1.235   -1.936    0.118    0.146   -2.391   -0.229    2.644    1.203
 536.00   21.450   21.507   21.513   -1.561    0.498    0.450   -1.561    0.498    0.224   -0.703   -0.777    1.444    0.536
 536.10   21.569   21.655   21.660   -1.928    0.449    0.569   -1.928    0.449    0.255   -1.097   -0.865    2.121    0.710
 536.20   21.962   22.043   22.044   -1.880    0.192    0.962   -1.880    0.192    0.185   -1.809   -0.361    2.249    0.927
 536.30   20.907   20.948   20.994   -1.302    1.395   -0.093   -1.302    1.395   -0.130    0.121   -1.816    1.825    0.912
 536.40   21.022   21.118   21.215   -2.015    2.030    0.022   -2.015    2.030    0.044   -0.044   -4.089    4.090    2.045
 536.50   21.682   21.793   21.865   -2.199    1.780    0.682   -2.199    1.780    1.213   -1.498   -3.914    4.234    2.182
 536.60   20.761   20.843   20.908   -1.841    1.654   -0.239   -1.841    1.654   -0.395    0.439   -3.045    3.091    1.551
 536.70   19.767   19.811   19.860   -1.326    1.391   -1.233   -1.326    1.391   -1.716    1.634   -1.845    2.607    1.501
 536.80   18.888   19.012   19.048   -2.166    1.180   -2.112   -2.166    1.180   -2.492    4.574   -2.555    5.272    2.901
 536.90   18.762   18.885   18.960   -2.152    1.678   -2.238   -2.152    1.678   -3.755    4.814   -3.611    6.226    3.547
 537.00   18.517   18.721   18.938   -2.758    2.861   -2.483   -2.758    2.861   -7.105    6.849   -7.890   10.979    6.318
 537.10   19.305   19.483   19.650   -2.634    2.556   -1.695   -2.634    2.556   -4.333    4.465   -6.731    8.171    4.583
 537.20   20.102   20.158   20.187   -1.500    1.089   -0.898   -1.500    1.089   -0.978    1.347   -1.634    2.121    1.166
 537.30   20.114   20.154   20.154   -1.256    0.015   -0.886   -1.256    0.015   -0.013    1.112   -0.019    1.180    0.556
 537.40   19.043   19.167   19.208   -2.175    1.248   -1.957   -2.175    1.248   -2.442    4.256   -2.714    5.059    2.804
 537.50   17.112   17.427   17.458   -3.300    1.037   -3.888   -3.300    1.037   -4.034   12.829   -3.423   13.541    6.939
 537.60   16.743   17.013   17.036   -3.019    0.887   -4.257   -3.019    0.887   -3.777   12.853   -2.679   14.013    6.831
 537.70   18.144   18.343   18.343   -2.691   -0.039   -2.856   -2.691   -0.039    0.112    7.684    0.105    7.698    3.843
 537.80   17.562   17.709   17.743   -2.280    1.102   -3.438   -2.280    1.102   -3.790    7.840   -2.513    9.119    4.532
 537.90   18.703   18.774   18.779   -1.636    0.419   -2.297   -1.636    0.419   -0.964    3.758   -0.686    4.065    1.970
 538.00   18.161   18.220   18.253   -1.466    1.092   -2.839   -1.466    1.092   -3.099    4.161   -1.600    5.700    2.714
 538.10   17.784   18.147   18.169   -3.607    0.895   -3.216   -3.607    0.895   -2.879   11.600   -3.229   12.078    6.190
 538.20   17.747   18.034   18.041   -3.208   -0.493   -3.253   -3.208   -0.493    1.603   10.437    1.581   10.560    5.339
 538.30   17.883   17.935   17.968   -1.374   -1.081   -3.117   -1.374   -1.081    3.371    4.285    1.486    6.388    2.825
 538.40   14.854   15.014   15.036   -2.182   -0.811   -6.146   -2.182   -0.811    4.987   13.412    1.771   21.596    7.209
 538.50   15.019   15.141   15.292   -1.920   -2.141   -5.981   -1.920   -2.141   12.803   11.481    4.109   22.019    8.840
 538.60   15.633   15.843   16.111   -2.570   -2.927   -5.367   -2.570   -2.927   15.713   13.796    7.525   21.992   11.111
 538.70   16.809   17.409   17.567   -4.532   -2.349   -4.191   -4.532   -2.349    9.845   18.994   10.647   21.812   11.949
 538.80   17.177   17.367   17.576   -2.560   -2.704   -3.823   -2.560   -2.704   10.337    9.785    6.921   14.239    7.914
 538.90   18.151   18.379   18.524   -2.887   -2.313   -2.849   -2.887   -2.313    6.588    8.225    6.677   10.900    6.238
 539.00   18.318   18.398   18.573   -1.714   -2.545   -2.682   -1.714   -2.545    6.826    4.598    4.363    8.305    4.658
 539.10   18.129   18.297   18.376   -2.475   -1.699   -2.871   -2.475   -1.699    4.877    7.105    4.205    8.627    4.795
 539.20   18.281   18.419   18.459   -2.252   -1.216   -2.719   -2.252   -1.216    3.305    6.123    2.738    6.971    3.739
 539.30   19.033   19.149   19.331   -2.107   -2.646   -1.967   -2.107   -2.646    5.205    4.146    5.575    7.655    4.340
 539.40   20.157   20.316   20.393   -2.538   -1.761   -0.843   -2.538   -1.761    1.485    2.140    4.471    5.128    2.587
 539.50   19.914   20.162   20.234   -3.151   -1.701   -1.086   -3.151   -1.701    1.847    3.421    5.360    7.000    3.311
 539.60   21.236   21.384   21.467   -2.516   -1.883    0.236   -2.516   -1.883   -0.444   -0.593    4.737    4.965    2.397
 539.70   20.260   20.484   20.498   -3.017   -0.772   -0.740   -3.017   -0.772    0.571    2.232    2.329    5.123    1.638
 539.80   19.887   20.107   20.182   -2.964   -1.735   -1.113   -2.964   -1.735    1.931    3.299    5.143    6.518    3.204
 539.90   20.087   20.172   20.330   -1.850   -2.533   -0.913   -1.850   -2.533    2.313    1.689    4.686    5.336    2.746
 540.00   20.746   20.782   21.002   -1.220   -3.034   -0.254   -1.220   -3.034    0.770    0.310    3.700    5.378    1.896
 540.10   21.376   21.377   21.464   -0.116   -1.930    0.376   -0.116   -1.930   -0.726   -0.044    0.224    1.940    0.381
 540.20   21.390   21.406   21.468    0.806   -1.633    0.390    0.806   -1.633   -0.638    0.315   -1.316    1.735    0.748
 540.30   20.978   21.002   21.163    1.007   -2.605   -0.022    1.007   -2.605    0.057   -0.022   -2.623    3.901    1.312
 540.40   20.868   20.921   21.114    1.493   -2.849   -0.132    1.493   -2.849    0.377   -0.198   -4.253    5.181    2.137
 540.50   20.910   21.006   21.153    2.008   -2.487   -0.090    2.008   -2.487    0.223   -0.180   -4.992    5.111    2.500
 540.60   20.756   20.788   21.149    1.147   -3.891   -0.244    1.147   -3.891    0.948   -0.279   -4.465    8.259    2.287
 540.70   21.284   21.323   21.619    1.287   -3.567    0.284    1.287   -3.567   -1.012    0.365   -4.589    7.230    2.357
 540.80   20.812   20.832   21.129    0.895   -3.531   -0.188    0.895   -3.531    0.662   -0.168   -3.162    6.653    1.617
 540.90   21.092   21.211   21.468    2.241   -3.312    0.092    2.241   -3.312   -0.305    0.207   -7.423    8.001    3.716
 541.00   21.910   21.919   22.242    0.614   -3.777    0.910    0.614   -3.777   -3.438    0.559   -2.320    7.734    2.092
 541.10   22.358   22.358   22.475    0.089   -2.290    1.358    0.089   -2.290   -3.111    0.120   -0.203    3.549    1.560
 541.20   21.695   21.704   21.776   -0.606   -1.772    0.695   -0.606   -1.772   -1.232   -0.422    1.075    1.996    0.844
 541.30   23.080   23.089   23.372    0.655   -3.629    2.080    0.655   -3.629   -7.547    1.361   -2.375    8.962    4.014
 541.40   24.097   24.102   24.294    0.497   -3.046    3.097    0.497   -3.046   -9.434    1.539   -1.513    9.559    4.839
 541.50   23.544   23.546   23.816    0.320   -3.575    2.544    0.320   -3.575   -9.094    0.814   -1.144    9.677    4.601
 541.60   24.552   24.558   24.602    0.534   -1.479    3.552    0.534   -1.479   -5.253    1.897   -0.790    7.544    2.821
 541.70   25.351   25.354   25.390    0.379   -1.361    4.351    0.379   -1.361   -5.922    1.650   -0.516   10.463    3.085
 541.80   25.308   25.316   25.414    0.658   -2.227    4.308    0.658   -2.227   -9.594    2.833   -1.465   11.974    5.055
 541.90   24.734   24.735   24.825    0.229   -2.117    3.734    0.229   -2.117   -7.904    0.857   -0.486    9.237    3.983
 542.00   24.137   24.137   24.193    0.073   -1.638    3.137    0.073   -1.638   -5.138    0.229   -0.120    6.265    2.572
 542.10   24.482   24.483   24.516    0.220   -1.272    3.482    0.220   -1.272   -4.428    0.768   -0.280    6.896    2.252
 542.20   24.238   24.241   24.289   -0.355   -1.524    3.238   -0.355   -1.524   -4.935   -1.150    0.541    6.467    2.548
 542.30   22.566   22.605   22.649   -1.331   -1.412    1.566   -1.331   -1.412   -2.210   -2.084    1.879    3.108    1.786
 542.40   22.620   22.624   22.967    0.421   -3.958    1.620    0.421   -3.958   -6.410    0.682   -1.667    9.231    3.329
 542.50   22.905   22.906   23.102   -0.173   -3.005    1.905   -0.173   -3.005   -5.726   -0.330    0.521    6.346    2.880
 542.60   23.929   23.932   24.110    0.368   -2.924    2.929    0.368   -2.924   -8.565    1.076   -1.075    8.633    4.350
 542.70   22.325   22.362   22.489    1.289   -2.389    1.325    1.289   -2.389   -3.165    1.708   -3.080    4.563    2.368
 542.80   22.048   22.090   22.113    1.362   -1.005    1.048    1.362   -1.005   -1.054    1.428   -1.369    1.982    1.121
 542.90   20.083   20.188   20.192    2.050   -0.429   -0.917    2.050   -0.429    0.393   -1.879   -0.879    2.613    1.056
 543.00   19.363   19.433   19.472    1.655   -1.219   -1.637    1.655   -1.219    1.995   -2.709   -2.017    3.452    1.961
 543.10   19.959   19.995   20.065    1.192   -1.675   -1.041    1.192   -1.675    1.744   -1.241   -1.997    2.656    1.464
 543.20   19.176   19.192   19.291    0.780   -1.950   -1.824    0.780   -1.950    3.556   -1.422   -1.520    3.868    2.060
 543.30   19.693   19.714   19.725    0.919   -0.671   -1.307    0.919   -0.671    0.877   -1.201   -0.616    1.502    0.805
 543.40   21.501   21.566   21.578    1.675   -0.716    0.501    1.675   -0.716   -0.359    0.840   -1.200    1.786    0.754
 543.50   20.595   20.603   20.605    0.558   -0.327   -0.405    0.558   -0.327    0.132   -0.226   -0.182    0.291    0.159
 543.60   20.149   20.186   20.194   -1.214   -0.581   -0.851   -1.214   -0.581    0.494    1.033    0.705    1.268    0.672
 543.70   22.072   22.115   22.142   -1.369   -1.107    1.072   -1.369   -1.107   -1.186   -1.468    1.515    2.124    1.210
 543.80   23.193   23.292   23.362   -2.150   -1.804    2.193   -2.150   -1.804   -3.955   -4.715    3.878    6.343    3.637
 543.90   21.966   22.013   22.191   -1.432   -2.807    0.966   -1.432   -2.807   -2.712   -1.383    4.019    5.431    2.521
 544.00   20.434   20.434   20.709   -0.162   -3.362   -0.566   -0.162   -3.362    1.904    0.092    0.544    5.825    0.991
 544.10   21.181   21.187   21.400   -0.516   -3.009    0.181   -0.516   -3.009   -0.545   -0.093    1.552    4.676    0.824
 544.20   21.735   21.743   21.956   -0.563   -3.052    0.735   -0.563   -3.052   -2.244   -0.414    1.717    5.087    1.428
 544.30   21.362   21.370   21.524   -0.582   -2.568    0.362   -0.582   -2.568   -0.930   -0.211    1.494    3.532    0.886
 544.40   23.370   23.371   23.509    0.173   -2.549    2.370    0.173   -2.549   -6.041    0.410   -0.441    6.072    3.035
 544.50   23.476   23.483   23.647   -0.558   -2.783    2.476   -0.558   -2.783   -6.891   -1.381    1.552    7.094    3.599
 544.60   21.363   21.513   21.706   -2.540   -2.888    0.363   -2.540   -2.888   -1.048   -0.922    7.337    7.464    3.734
 544.70   21.202   21.627   21.787   -4.269   -2.632    0.202   -4.269   -2.632   -0.531   -0.861   11.234   12.594    5.640
 544.80   20.671   21.009   21.156   -3.758   -2.488   -0.329   -3.758   -2.488    0.819    1.237    9.350   10.210    4.734
 544.90   21.891   22.113   22.169   -3.127   -1.579    0.891   -3.127   -1.579   -1.407   -2.786    4.938    6.532    2.921
 545.00   21.776   22.201   22.225   -4.326   -1.031    0.776   -4.326   -1.031   -0.800   -3.355    4.461   10.191    2.820
 545.10   21.896   22.366   22.605   -4.563   -3.274    0.896   -4.563   -3.274   -2.933   -4.089   14.937   16.170    7.881
 545.20   21.547   21.819   22.012   -3.430   -2.907    0.547   -3.430   -2.907   -1.591   -1.878    9.970   10.257    5.135
 545.30   21.790   22.006   22.046   -3.072   -1.332    0.790   -3.072   -1.332   -1.052   -2.427    4.090    5.917    2.436
 545.40   21.667   21.907   22.066   -3.232   -2.649    0.667   -3.232   -2.649   -1.767   -2.156    8.562    8.955    4.502
 545.50   22.108   22.280   22.331   -2.763   -1.502    1.108   -2.763   -1.502   -1.665   -3.062    4.151    5.559    2.710
 545.60   21.948   22.121   22.261   -2.762   -2.493    0.948   -2.762   -2.493   -2.363   -2.618    6.887    7.373    3.869
 545.70   21.839   22.091   22.385   -3.331   -3.613    0.839   -3.331   -3.613   -3.030   -2.794   12.034   12.425    6.360
 545.80   20.255   20.565   20.759   -3.553   -2.834   -0.745   -3.553   -2.834    2.110    2.645   10.069   10.604    5.311
 545.90   20.046   20.407   20.407   -3.824   -0.118   -0.954   -3.824   -0.118    0.113    3.650    0.453    7.776    1.840
 546.00   19.078   19.336   19.340   -3.148    0.354   -1.922   -3.148    0.354   -0.679    6.048   -1.113    6.862    3.094
 546.10   19.242   19.442   19.489   -2.777   -1.356   -1.758   -2.777   -1.356    2.384    4.881    3.766    6.320    3.305
 546.20   19.966   20.106   20.151   -2.366   -1.347   -1.034   -2.366   -1.347    1.393    2.447    3.187    4.242    2.126
 546.30   19.892   19.897   19.918   -0.470   -0.917   -1.108   -0.470   -0.917    1.016    0.520    0.431    1.145    0.610
 546.40   20.008   20.086   20.091   -1.771    0.450   -0.992   -1.771    0.450   -0.447    1.757   -0.797    2.161    0.990
 546.50   19.959   19.976   19.976   -0.827    0.080   -1.041   -0.827    0.080   -0.083    0.861   -0.066    0.887    0.434
 546.60   21.322   21.323   21.324    0.239    0.241    0.322    0.239    0.241    0.078    0.077    0.058    0.109    0.062
 546.70   21.973   21.974   21.976    0.166    0.272    0.973    0.166    0.272    0.265    0.162    0.045    0.525    0.157
 546.80   22.732   22.734   22.738   -0.289    0.395    1.732   -0.289    0.395    0.684   -0.500   -0.114    1.620    0.428
 546.90   24.301   24.301   24.334    0.099    1.279    3.301    0.099    1.279    4.222    0.327    0.127    6.270    2.118
 547.00   24.147   24.147   24.164    0.036    0.921    3.147    0.036    0.921    2.898    0.114    0.033    5.375    1.450
 547.10   24.840   24.848   24.896   -0.618    1.545    3.840   -0.618    1.545    5.934   -2.372   -0.954    8.759    3.231
 547.20   24.002   24.003   24.091   -0.152    2.063    3.002   -0.152    2.063    6.194   -0.457   -0.314    6.647    3.109
 547.30   23.230   23.246   23.304    0.857    1.645    2.230    0.857    1.645    3.669    1.911    1.410    4.207    2.185
 547.40   24.190   24.212   24.266    1.047    1.614    3.190    1.047    1.614    5.148    3.339    1.689    6.937    3.182
 547.50   23.983   24.055   24.086    1.856    1.219    2.983    1.856    1.219    3.635    5.536    2.261    6.914    3.499
 547.60   23.946   24.042   24.065    2.138    1.055    2.946    2.138    1.055    3.109    6.299    2.256    7.182    3.689
 547.70   22.126   22.168   22.202    1.373    1.227    1.126    1.373    1.227    1.381    1.545    1.684    2.328    1.335
 547.80   21.272   21.333   21.376    1.614    1.355    0.272    1.614    1.355    0.369    0.439    2.188    2.258    1.131
 547.90   21.611   21.619   21.832    0.576    3.043    0.611    0.576    3.043    1.860    0.352    1.752    4.982    1.289
 548.00   22.468   22.469   22.488    0.157    0.927    1.468    0.157    0.927    1.361    0.231    0.146    1.520    0.694
 548.10   21.149   21.161   21.178   -0.692    0.865    0.149   -0.692    0.865    0.129   -0.103   -0.599    0.625    0.311
 548.20   22.682   22.821   22.858   -2.512    1.299    1.682   -2.512    1.299    2.186   -4.226   -3.264    5.414    2.885
 548.30   23.218   23.269   23.348   -1.541    1.927    2.218   -1.541    1.927    4.273   -3.418   -2.970    5.503    3.113
 548.40   23.286   23.387   23.443   -2.171    1.622    2.286   -2.171    1.622    3.707   -4.962   -3.522    6.284    3.563
 548.50   23.016   23.113   23.191   -2.123    1.893    2.016   -2.123    1.893    3.815   -4.278   -4.018    6.075    3.500
 548.60   21.632   21.735   21.807   -2.121    1.771    0.632   -2.121    1.771    1.119   -1.340   -3.756    4.017    2.071
 548.70   21.447   21.468   21.583   -0.944    2.228    0.447   -0.944    2.228    0.996   -0.422   -2.103    3.028    1.182
 548.80   20.912   20.974   20.991   -1.614    0.852   -0.088   -1.614    0.852   -0.075    0.142   -1.375    1.670    0.692
 548.90   20.069   20.250   20.280   -2.698    1.104   -0.931   -2.698    1.104   -1.028    2.511   -2.979    4.681    2.015
 549.00   20.487   20.597   20.741   -2.125    2.437   -0.513   -2.125    2.437   -1.250    1.090   -5.181    5.361    2.720
 549.10   20.946   20.988   21.048   -1.332    1.585   -0.054   -1.332    1.585   -0.086    0.072   -2.112    2.145    1.057
 549.20   20.347   20.351   20.431   -0.377    1.805   -0.653   -0.377    1.805   -1.178    0.246   -0.680    1.912    0.691
 549.30   21.138   21.140   21.194    0.278    1.512    0.138    0.278    1.512    0.209    0.038    0.421    1.191    0.236
 549.40   22.016   22.019   22.041    0.386    0.982    1.016    0.386    0.982    0.998    0.392    0.379    1.073    0.569
 549.50   22.658   22.660   22.665    0.316    0.447    1.658    0.316    0.447    0.741    0.523    0.141    1.524    0.459
 549.60   22.627   22.642   22.646    0.822    0.429    1.627    0.822    0.429    0.699    1.337    0.353    1.754    0.775
 549.70   23.311   23.312   23.312    0.140   -0.073    2.311    0.140   -0.073   -0.168    0.323   -0.010    2.683    0.182
 549.80   23.027   23.027   23.052    0.188    1.071    2.027    0.188    1.071    2.171    0.380    0.201    2.645    1.107
 549.90   21.699   21.703   21.757    0.417    1.528    0.699    0.417    1.528    1.068    0.292    0.638    1.498    0.639
 550.00   22.216   22.217   22.228    0.127    0.718    1.216    0.127    0.718    0.874    0.155    0.092    1.006    0.446
 550.10   21.028   21.031   21.031    0.343   -0.123    0.028    0.343   -0.123   -0.003    0.010   -0.042    0.067    0.022
 550.20   20.211   20.233   20.233   -0.927   -0.166   -0.789   -0.927   -0.166    0.131    0.731    0.154    0.754    0.379
 550.30   20.763   20.765   20.819    0.308   -1.502   -0.237    0.308   -1.502    0.357   -0.073   -0.462    1.203    0.294
 550.40   21.519   21.539   21.559    0.920    0.941    0.519    0.920    0.941    0.488    0.478    0.866    1.001    0.551
 550.50   20.301   20.306   20.420    0.480    2.151   -0.699    0.480    2.151   -1.504   -0.335    1.031    2.673    0.927
 550.60   19.523   19.528   19.737    0.437    2.863   -1.477    0.437    2.863   -4.227   -0.645    1.251    5.283    2.227
 550.70   19.311   19.320   19.520    0.590    2.785   -1.689    0.590    2.785   -4.705   -0.997    1.644    5.480    2.541
 550.80   19.975   20.019   20.243    1.321    3.008   -1.025    1.321    3.008   -3.083   -1.354    3.975    5.922    2.605
 550.90   19.123   19.188   19.325    1.575    2.302   -1.877    1.575    2.302   -4.320   -2.956    3.625    5.651    3.184
 551.00   17.928   17.930   17.944    0.320    0.706   -3.072    0.320    0.706   -2.170   -0.983    0.226    5.021    1.196
 551.10   17.248   17.297   17.322    1.297    0.931   -3.752    1.297    0.931   -3.494   -4.866    1.208    8.313    3.055
 551.20   16.928   17.088   17.088    2.330   -0.108   -4.072    2.330   -0.108    0.439   -9.487   -0.251   11.009    4.750
 551.30   17.978   18.040   18.042    1.490    0.263   -3.022    1.490    0.263   -0.796   -4.502    0.392    5.710    2.294
 551.40   19.040   19.067   19.067    1.022   -0.101   -1.960    1.022   -0.101    0.198   -2.004   -0.103    2.449    1.008
 551.50   18.950   19.103   19.149    2.410    1.332   -2.050    2.410    1.332   -2.730   -4.939    3.210    5.891    3.246
 551.60   20.183   20.184   20.250    0.109    1.643   -0.817    0.109    1.643   -1.342   -0.089    0.179    1.689    0.678
 551.70   20.469   20.497   20.513    1.068    0.816   -0.531    1.068    0.816   -0.433   -0.568    0.872    1.045    0.563
 551.80   20.276   20.355   20.510    1.789    2.513   -0.724    1.789    2.513   -1.818   -1.295    4.496    5.019    2.510
 551.90   20.737   20.738   20.781    0.178    1.335   -0.263    0.178    1.335   -0.351   -0.047    0.238    0.941    0.213
 552.00   20.516   20.532   20.556   -0.800    0.997   -0.484   -0.800    0.997   -0.482    0.387   -0.797    0.933    0.504
 552.10   19.600   19.679   19.723   -1.769    1.308   -1.400   -1.769    1.308   -1.832    2.477   -2.314    3.401    1.927
 552.20   19.523   19.528   19.654    0.447    2.218   -1.477    0.447    2.218   -3.276   -0.661    0.993    3.650    1.743
 552.30   19.613   19.745   19.931    2.278    2.718   -1.387    2.278    2.718   -3.770   -3.159    6.192    7.251    3.954
 552.40   20.530   20.625   20.691    1.974    1.653   -0.470    1.974    1.653   -0.777   -0.928    3.264    3.426    1.741
 552.50   19.848   19.987   20.023    2.353    1.200   -1.152    2.353    1.200   -1.383   -2.711    2.824    4.153    2.076
 552.60   19.945   20.055   20.092    2.093    1.220   -1.055    2.093    1.220   -1.287   -2.207    2.552    3.490    1.806
 552.70   20.160   20.221   20.228    1.580    0.502   -0.840    1.580    0.502   -0.422   -1.328    0.793    1.727    0.802
 552.80   19.724   19.747   19.802    0.957    1.478   -1.276    0.957    1.478   -1.887   -1.222    1.415    2.365    1.328
 552.90   19.984   19.985   20.166   -0.151    2.694   -1.016   -0.151    2.694   -2.736    0.153   -0.406    4.155    1.385
 553.00   21.263   21.263   21.336   -0.087    1.752    0.263   -0.087    1.752    0.461   -0.023   -0.153    1.574    0.243
 553.10   20.706   20.808   20.832    2.050    1.015   -0.294    2.050    1.015   -0.298   -0.602    2.082    2.660    1.094
 553.20   21.300   21.499   21.499    2.913   -0.113    0.300    2.913   -0.113   -0.034    0.875   -0.329    4.293    0.468
 553.30   20.445   20.516   20.518    1.710   -0.292   -0.555    1.710   -0.292    0.162   -0.949   -0.499    1.658    0.542
 553.40   20.059   20.203   20.239    2.411    1.199   -0.941    2.411    1.199   -1.128   -2.269    2.890    4.068    1.922
 553.50   19.860   19.945   20.067    1.830    2.212   -1.140    1.830    2.212   -2.520   -2.086    4.047    4.769    2.602
 553.60   19.667   19.817   19.842    2.438    0.991   -1.333    2.438    0.991   -1.321   -3.251    2.416    4.352    2.130
 553.70   19.891   20.025   20.037    2.311    0.681   -1.109    2.311    0.681   -0.754   -2.562    1.573    3.516    1.550
 553.80   21.025   21.155   21.193    2.340    1.270    0.025    2.340    1.270    0.032    0.059    2.972    3.544    1.486
 553.90   21.878   21.904   21.989    1.081    1.931    0.878    1.081    1.931    1.695    0.948    2.087    2.834    1.425
 554.00   21.886   21.903   21.925   -0.874    0.981    0.886   -0.874    0.981    0.869   -0.774   -0.857    1.256    0.723
 554.10   22.719   22.743   22.745   -1.036    0.315    1.719   -1.036    0.315    0.541   -1.782   -0.326    2.065    0.945
 554.20   21.874   21.875   21.885    0.134    0.653    0.874    0.134    0.653    0.571    0.118    0.088    0.604    0.295
 554.30   21.232   21.245   21.282    0.752    1.258    0.232    0.752    1.258    0.291    0.174    0.945    1.100    0.502
 554.40   21.971   21.989   21.990    0.907   -0.086    0.971    0.907   -0.086   -0.083    0.880   -0.078    0.886    0.444
 554.50   22.686   22.762   22.762    1.858   -0.134    1.686    1.858   -0.134   -0.227    3.132   -0.250    3.156    1.575
 554.60   22.311   22.482   22.490    2.770    0.577    1.311    2.770    0.577    0.757    3.632    1.599    4.863    2.020
 554.70   22.618   22.670   22.695    1.526    1.078    1.618    1.526    1.078    1.744    2.469    1.644    3.054    1.720
 554.80   23.556   23.629   23.630    1.858    0.214    2.556    1.858    0.214    0.548    4.748    0.398    5.014    2.398
 554.90   23.674   23.838   23.840    2.795    0.253    2.674    2.795    0.253    0.678    7.473    0.708    7.512    3.768
 555.00   22.256   22.290   22.375    1.222    1.949    1.256    1.222    1.949    2.449    1.536    2.382    3.435    1.873
 555.10   20.404   20.408   20.715    0.409    3.551   -0.596    0.409    3.551   -2.116   -0.244    1.453    6.565    1.289
 555.20   21.519   21.658   22.047    2.454    4.122    0.519    2.454    4.122    2.139    1.273   10.115   11.642    5.208
 555.30   23.372   23.516   23.733    2.598    3.197    2.372    2.598    3.197    7.585    6.162    8.305   11.299    6.412
 555.40   22.890   22.973   23.085    1.948    2.272    1.890    1.948    2.272    4.294    3.683    4.426    6.265    3.591
 555.50   23.823   24.068   24.157    3.424    2.071    2.823    3.424    2.071    5.847    9.667    7.090   11.991    6.669
 555.60   22.175   22.322   22.566    2.558    3.310    1.175    2.558    3.310    3.889    3.006    8.467    9.440    4.895
 555.70   22.213   22.320   22.421    2.181    2.130    1.213    2.181    2.130    2.584    2.646    4.647    5.384    2.970
 555.80   21.725   21.826   21.845    2.101    0.906    0.725    2.101    0.906    0.657    1.523    1.903    2.880    1.262
 555.90   21.044   21.156   21.160    2.169    0.419    0.044    2.169    0.419    0.019    0.097    0.910    2.442    0.458
 556.00   19.363   19.447   19.518    1.812    1.660   -1.637    1.812    1.660   -2.717   -2.967    3.007    4.359    2.511
 556.10   20.116   20.176   20.198    1.557    0.935   -0.884    1.557    0.935   -0.826   -1.376    1.455    2.039    1.083
 556.20   20.917   20.995   21.058    1.802    1.636   -0.083    1.802    1.636   -0.135   -0.149    2.948    2.965    1.477
 556.30   22.836   22.864   22.900    1.144    1.269    1.836    1.144    1.269    2.330    2.100    1.452    3.144    1.728
 556.40   22.989   22.990   23.021    0.175    1.190    1.989    0.175    1.190    2.367    0.348    0.208    2.702    1.201
 556.50   21.699   21.700   21.705    0.228    0.449    0.699    0.228    0.449    0.314    0.159    0.102    0.371    0.183
 556.60   22.464   22.466   22.489    0.304    1.009    1.464    0.304    1.009    1.478    0.445    0.307    1.627    0.787
 556.70   21.873   21.902   21.915    1.121    0.753    0.873    1.121    0.753    0.657    0.979    0.844    1.293    0.725
 556.80   22.551   22.575   22.577    1.031   -0.324    1.551    1.031   -0.324   -0.503    1.600   -0.334    1.788    0.855
 556.90   21.256   21.306   21.309    1.457    0.396    0.256    1.457    0.396    0.101    0.373    0.577    1.172    0.347
 557.00   19.700   19.716   19.718    0.809    0.232   -1.300    0.809    0.232   -0.302   -1.052    0.188    1.199    0.555
 557.10   20.178   20.178   20.181   -0.164    0.314   -0.822   -0.164    0.314   -0.258    0.135   -0.052    0.401    0.148
 557.20   21.311   21.323   21.328    0.714    0.475    0.311    0.714    0.475    0.148    0.222    0.339    0.416    0.215
 557.30   21.537   21.600   21.630    1.649    1.146    0.537    1.649    1.146    0.615    0.885    1.890    2.160    1.088
 557.40   21.083   21.099   21.099    0.813   -0.117    0.083    0.813   -0.117   -0.010    0.068   -0.095    0.341    0.059
 557.50   21.947   21.967   21.968    0.941    0.188    0.947    0.941    0.188    0.178    0.891    0.177    0.909    0.463
 557.60   21.678   21.707   21.720    1.122   -0.747    0.678    1.122   -0.747   -0.506    0.761   -0.838    1.138    0.620
 557.70   20.021   20.062   20.072    1.289   -0.609   -0.979    1.289   -0.609    0.596   -1.262   -0.785    1.496    0.801
 557.80   19.613   19.652   19.655    1.240   -0.334   -1.387    1.240   -0.334    0.463   -1.720   -0.414    1.787    0.915
 557.90   19.844   19.911   19.913    1.623    0.307   -1.156    1.623    0.307   -0.355   -1.876    0.498    2.032    0.986
 558.00   20.198   20.201   20.208    0.339    0.512   -0.802    0.339    0.512   -0.410   -0.272    0.174    0.510    0.261
 558.10   20.949   20.962   20.964   -0.742   -0.285   -0.051   -0.742   -0.285    0.015    0.038    0.211    0.317    0.107
 558.20   19.826   19.827   19.894    0.214   -1.629   -1.174    0.214   -1.629    1.912   -0.251   -0.348    2.039    0.980
 558.30   20.448   20.469   20.557    0.938   -1.899   -0.552    0.938   -1.899    1.048   -0.518   -1.781    2.394    1.065
 558.40   19.724   19.725   19.864    0.237   -2.344   -1.276    0.237   -2.344    2.991   -0.303   -0.556    3.589    1.528
 558.50   20.908   20.908   21.157    0.024   -3.239   -0.092    0.024   -3.239    0.299   -0.002   -0.078    5.251    0.155
 558.60   21.250   21.258   21.382    0.593   -2.303    0.250    0.593   -2.303   -0.575    0.148   -1.366    2.858    0.745
 558.70   21.263   21.299   21.310    1.232   -0.701    0.263    1.232   -0.701   -0.184    0.324   -0.864    1.039    0.470
 558.80   19.777   19.823   19.872    1.338   -1.402   -1.223    1.338   -1.402    1.714   -1.636   -1.875    2.625    1.511
 558.90   19.516   19.587   19.619    1.662   -1.130   -1.484    1.662   -1.130    1.677   -2.466   -1.879    3.120    1.762
 559.00   18.956   18.967   19.021    0.650   -1.428   -2.044    0.650   -1.428    2.919   -1.329   -0.929    3.320    1.670
 559.10   17.977   18.036   18.144    1.456   -1.982   -3.023    1.456   -1.982    5.992   -4.403   -2.887    7.595    3.988
 559.20   19.745   19.750   19.812    0.453   -1.567   -1.255    0.453   -1.567    1.967   -0.569   -0.711    2.118    1.084
 559.30   20.340   20.340   20.360   -0.167   -0.908   -0.660   -0.167   -0.908    0.599    0.110    0.152    0.644    0.314
 559.40   20.832   20.841   20.861   -0.635   -0.907   -0.168   -0.635   -0.907    0.153    0.107    0.576    0.627    0.303
 559.50   19.707   19.807   19.860   -1.995   -1.438   -1.293   -1.995   -1.438    1.859    2.580    2.868    3.859    2.141
 559.60   18.875   18.964   18.985   -1.831   -0.893   -2.125   -1.831   -0.893    1.897    3.892    1.635    4.333    2.314
 559.70   20.404   20.701   20.711   -3.494   -0.654   -0.596   -3.494   -0.654    0.390    2.083    2.286    6.496    1.559
 559.80   18.904   19.107   19.107   -2.780   -0.086   -2.096   -2.780   -0.086    0.180    5.828    0.239    6.065    2.918
 559.90   17.525   18.085   18.085   -4.464    0.182   -3.475   -4.464    0.182   -0.631   15.510   -0.811   16.016    7.772
 560.00   16.565   17.215   17.264   -4.685    1.305   -4.435   -4.685    1.305   -5.789   20.781   -6.116   21.664   11.211
 560.10   17.159   17.477   17.534   -3.319    1.415   -3.841   -3.319    1.415   -5.437   12.751   -4.698   13.888    7.318
 560.20   17.716   17.717   17.807   -0.262    1.787   -3.284   -0.262    1.787   -5.870    0.861   -0.469    7.025    2.976
 560.30   15.958   16.006   16.010    1.238    0.342   -5.042    1.238    0.342   -1.725   -6.244    0.424   13.534    3.246
 560.40   16.657   16.725   16.728    1.499    0.342   -4.343    1.499    0.342   -1.485   -6.511    0.513   10.612    3.349
 560.50   18.048   18.122   18.138    1.629   -0.783   -2.952    1.629   -0.783    2.311   -4.808   -1.275    5.990    2.742
 560.60   19.079   19.086   19.094   -0.508   -0.561   -1.921   -0.508   -0.561    1.078    0.977    0.285    2.132    0.741
 560.70   19.247   19.252   19.280    0.424    1.045   -1.753    0.424    1.045   -1.831   -0.744    0.443    2.172    1.013
 560.80   19.181   19.194   19.195    0.703    0.190   -1.819    0.703    0.190   -0.346   -1.278    0.134    1.920    0.666
 560.90   18.998   19.089   19.108    1.858    0.852   -2.002    1.858    0.852   -1.705   -3.719    1.582    4.092    2.193
 561.00   19.010   19.109   19.140    1.941    1.098   -1.990    1.941    1.098   -2.186   -3.863    2.132    4.467    2.462
 561.10   19.577   19.621   19.629    1.318    0.564   -1.423    1.318    0.564   -0.802   -1.876    0.743    2.041    1.086
 561.20   19.736   19.766   19.781    1.075    0.786   -1.264    1.075    0.786   -0.993   -1.359    0.845    1.685    0.941
 561.30   19.890   19.890   19.898   -0.052    0.555   -1.110   -0.052    0.555   -0.616    0.058   -0.029    0.772    0.310
 561.40   20.697   20.707   20.718   -0.643   -0.675   -0.303   -0.643   -0.675    0.204    0.195    0.434    0.480    0.259
 561.50   22.577   22.637   22.674   -1.645   -1.298    1.577   -1.645   -1.298   -2.047   -2.595    2.135    3.439    1.967
 561.60   24.151   24.230   24.283   -1.956   -1.604    3.151   -1.956   -1.604   -5.052   -6.162    3.136    8.162    4.282
 561.70   23.506   23.526   23.566   -0.956   -1.381    2.506   -0.956   -1.381   -3.462   -2.397    1.321    4.552    2.207
 561.80   22.870   22.883   22.888   -0.786   -0.477    1.870   -0.786   -0.477   -0.892   -1.470    0.375    2.171    0.880
 561.90   22.799   22.807   22.844   -0.635    1.296    1.799   -0.635    1.296    2.332   -1.141   -0.823    2.659    1.362
 562.00   22.634   22.639   22.659   -0.447    0.954    1.634   -0.447    0.954    1.560   -0.730   -0.426    1.891    0.887
 562.10   22.071   22.110   22.113   -1.325   -0.364    1.071   -1.325   -0.364   -0.390   -1.419    0.482    1.518    0.774
 562.20   21.218   21.226   21.239   -0.596    0.722    0.218   -0.596    0.722    0.157   -0.130   -0.430    0.462    0.238
 562.30   20.975   20.975   21.015   -0.053    1.303   -0.025   -0.053    1.303   -0.033    0.001   -0.069    0.850    0.038
 562.40   20.465   20.469   20.485    0.380    0.820   -0.535    0.380    0.820   -0.439   -0.203    0.312    0.551    0.288
 562.50   21.406   21.407   21.445    0.216    1.277    0.406    0.216    1.277    0.519    0.088    0.277    0.922    0.297
 562.60   21.900   21.919   21.936   -0.913    0.859    0.900   -0.913    0.859    0.773   -0.822   -0.784    1.191    0.687
 562.70   20.782   20.783   21.055    0.139    3.374   -0.218    0.139    3.374   -0.734   -0.030    0.469    5.724    0.436
 562.80   20.138   20.230   20.508    1.932    3.363   -0.862    1.932    3.363   -2.900   -1.666    6.497    7.893    3.654
 562.90   20.925   20.985   21.388    1.582    4.131   -0.075    1.582    4.131   -0.309   -0.118    6.534    9.787    3.271
 563.00   21.625   21.650   21.979    1.035    3.791    0.625    1.035    3.791    2.370    0.647    3.922    7.915    2.314
 563.10   23.034   23.076   23.468    1.381    4.274    2.034    1.381    4.274    8.696    2.809    5.902   12.158    5.439
 563.20   23.037   23.166   23.467    2.437    3.745    2.037    2.437    3.745    7.630    4.966    9.127   12.058    6.446
 563.30   23.015   23.265   23.591    3.405    3.907    2.015    3.405    3.907    7.870    6.859   13.301   15.456    8.454
 563.40   21.492   21.815   22.015    3.739    2.961    0.492    3.739    2.961    1.458    1.840   11.072   11.496    5.659
 563.50   22.171   22.190   22.230    0.911    1.336    1.171    0.911    1.336    1.565    1.067    1.218    1.994    1.126
 563.60   22.649   22.660   22.704    0.689    1.414    1.649    0.689    1.414    2.333    1.136    0.974    2.597    1.386
 563.70   23.897   24.060   24.060    2.795   -0.132    2.897    2.795   -0.132   -0.383    8.098   -0.370    8.112    4.058
 563.80   25.095   25.250   25.316    2.791   -1.830    4.095    2.791   -1.830   -7.496   11.430   -5.108   13.956    7.296
 563.90   23.678   23.791   23.811    2.316   -0.976    2.678    2.316   -0.976   -2.613    6.202   -2.260    6.743    3.549
 564.00   24.270   24.339   24.387    1.834   -1.529    3.270    1.834   -1.529   -5.000    5.995   -2.804    8.196    4.147
 564.10   23.303   23.589   23.593    3.662   -0.402    2.303    3.662   -0.402   -0.925    8.435   -1.470    9.439    4.306
 564.20   23.449   23.678   23.679    3.287   -0.181    2.449    3.287   -0.181   -0.442    8.050   -0.594    8.417    4.042
 564.30   22.408   22.420   22.434    0.741   -0.803    1.408    0.741   -0.803   -1.130    1.042   -0.595    1.587    0.824
 564.40   20.195   20.205   20.220   -0.622   -0.797   -0.805   -0.622   -0.797    0.641    0.500    0.495    0.835    0.476
 564.50   19.929   19.930   19.939   -0.087   -0.631   -1.071   -0.087   -0.631    0.676    0.093    0.055    0.776    0.342
 564.60   20.292   20.307   20.326   -0.792   -0.866   -0.708   -0.792   -0.866    0.613    0.561    0.686    0.940    0.539
 564.70   19.649   19.651   19.755   -0.295   -2.023   -1.351   -0.295   -2.023    2.733    0.398    0.597    3.002    1.413
 564.80   18.700   18.777   18.789    1.708   -0.654   -2.300    1.708   -0.654    1.505   -3.929   -1.117    4.318    2.176
 564.90   19.154   19.224   19.235    1.642   -0.669   -1.846    1.642   -0.669    1.235   -3.031   -1.098    3.276    1.726
 565.00   17.804   17.973   18.012    2.458   -1.175   -3.196    2.458   -1.175    3.753   -7.854   -2.887    8.816    4.586
 565.10   18.572   18.702   18.831    2.202   -2.195   -2.428    2.202   -2.195    5.330   -5.345   -4.834    7.780    4.482
 565.20   19.285   19.402   19.459    2.126   -1.482   -1.715    2.126   -1.482    2.541   -3.646   -3.151    4.828    2.724
 565.30   19.057   19.262   19.382    2.798   -2.157   -1.943    2.798   -2.157    4.191   -5.436   -6.036    8.128    4.570
 565.40   18.724   18.889   18.993    2.490   -1.980   -2.276    2.490   -1.980    4.506   -5.667   -4.930    7.650    4.380
 565.50   18.353   18.549   18.600    2.692   -1.379   -2.647    2.692   -1.379    3.651   -7.127   -3.713    8.079    4.413
 565.60   17.773   17.961   17.972    2.591   -0.632   -3.227    2.591   -0.632    2.040   -8.361   -1.638    8.763    4.380
 565.70   18.047   18.244   18.284    2.676   -1.200   -2.953    2.676   -1.200    3.542   -7.900   -3.210    8.658    4.617
 565.80   18.997   19.284   19.477    3.313   -2.735   -2.003    3.313   -2.735    5.478   -6.635   -9.061   11.233    6.247
 565.90   20.933   21.187   21.258    3.268   -1.742   -0.067    3.268   -1.742    0.117   -0.219   -5.694    6.861    2.850
 566.00   20.688   20.960   21.065    3.361   -2.105   -0.312    3.361   -2.105    0.656   -1.048   -7.075    7.913    3.591
 566.10   19.889   20.154   20.167    3.262   -0.712   -1.111    3.262   -0.712    0.791   -3.625   -2.322    6.191    2.188
 566.20   19.264   19.682   19.687    4.034   -0.436   -1.736    4.034   -0.436    0.757   -7.001   -1.759    9.736    3.629
 566.30   18.177   18.641   18.697    4.133   -1.437   -2.823    4.133   -1.437    4.056  -11.668   -5.940   13.559    6.853
 566.40   18.331   18.870   19.005    4.480   -2.256   -2.669    4.480   -2.256    6.023  -11.958  -10.108   16.142    8.388
 566.50   18.104   18.405   18.497    3.316   -1.839   -2.896    3.316   -1.839    5.327   -9.604   -6.099   11.384    6.281
 566.60   19.067   19.244   19.429    2.607   -2.675   -1.933    2.607   -2.675    5.172   -5.040   -6.974    8.845    5.020
 566.70   17.925   18.245   18.268    3.403   -0.911   -3.075    3.403   -0.911    2.801  -10.463   -3.100   10.932    5.633
 566.80   18.337   19.029   19.193    5.086   -2.503   -2.663    5.086   -2.503    6.665  -13.542  -12.728   19.609    9.872
 566.90   18.201   18.892   19.028    5.064   -2.269   -2.799    5.064   -2.269    6.352  -14.174  -11.492   19.314    9.661
 567.00   18.057   18.533   18.589    4.175   -1.445   -2.943    4.175   -1.445    4.254  -12.287   -6.033   14.090    7.167
 567.10   17.136   17.763   17.866    4.678   -1.915   -3.864    4.678   -1.915    7.398  -18.075   -8.957   20.239   10.743
 567.20   16.161   16.415   16.557    2.880   -2.165   -4.839    2.880   -2.165   10.478  -13.939   -6.236   18.202    9.260
 567.30   16.235   16.461   16.618    2.719   -2.282   -4.765    2.719   -2.282   10.874  -12.956   -6.204   17.653    9.008
 567.40   17.465   17.492   17.573    0.968   -1.680   -3.535    0.968   -1.680    5.939   -3.422   -1.627    8.127    3.522
 567.50   19.497   19.500   19.588   -0.370   -1.853   -1.503   -0.370   -1.853    2.785    0.556    0.685    2.914    1.461
 567.60   19.146   19.149   19.281    0.295   -2.252   -1.854    0.295   -2.252    4.175   -0.547   -0.665    4.298    2.131
 567.70   19.786   19.885   20.154    1.985   -3.279   -1.214    1.985   -3.279    3.981   -2.410   -6.507    8.082    4.000
 567.80   21.500   21.543   21.789    1.371   -3.263    0.500    1.371   -3.263   -1.630    0.685   -4.474    6.388    2.405
 567.90   20.610   20.676   20.869    1.651   -2.829   -0.390    1.651   -2.829    1.103   -0.644   -4.669    5.439    2.420
 568.00   21.270   21.271   21.351    0.273   -1.841    0.270    0.273   -1.841   -0.496    0.074   -0.503    1.768    0.355
 568.10   20.938   20.959   21.079   -0.929   -2.245   -0.062   -0.929   -2.245    0.139    0.058    2.086    2.953    1.046
 568.20   22.126   22.229   22.363   -2.145   -2.438    1.126   -2.145   -2.438   -2.744   -2.414    5.229    5.905    3.190
 568.30   23.220   23.359   23.538   -2.542   -2.901    2.220   -2.542   -2.901   -6.441   -5.644    7.375    9.904    5.651
 568.40   22.540   22.645   22.917   -2.181   -3.523    1.540   -2.181   -3.523   -5.424   -3.358    7.684    9.769    4.993
 568.50   22.769   22.769   22.914   -0.181   -2.566    1.769   -0.181   -2.566   -4.539   -0.320    0.464    4.873    2.287
 568.60   22.813   22.813   23.000    0.071   -2.929    1.813    0.071   -2.929   -5.309    0.129   -0.208    5.935    2.657
 568.70   22.633   22.637   22.682   -0.418   -1.433    1.633   -0.418   -1.433   -2.341   -0.682    0.599    2.448    1.256
 568.80   21.305   21.307   21.312    0.267   -0.489    0.305    0.267   -0.489   -0.149    0.082   -0.131    0.202    0.107
 568.90   21.015   21.064   21.194   -1.435   -2.348    0.015   -1.435   -2.348   -0.035   -0.022    3.368    3.785    1.684
 569.00   19.308   19.331   19.536   -0.938   -2.824   -1.692   -0.938   -2.824    4.777    1.586    2.649    5.858    2.844
 569.10   19.238   19.246   19.417    0.568   -2.568   -1.762    0.568   -2.568    4.524   -1.002   -1.460    5.011    2.429
 569.20   19.713   19.716   19.766   -0.368   -1.397   -1.287   -0.368   -1.397    1.798    0.474    0.514    1.871    0.964
 569.30   19.547   19.547   19.931    0.071   -3.895   -1.453    0.071   -3.895    5.660   -0.104   -0.278    8.645    2.834
 569.40   19.778   19.794   19.963    0.817   -2.591   -1.222    0.817   -2.591    3.167   -0.998   -2.116    4.437    1.969
 569.50   20.721   20.734   20.828    0.741   -1.970   -0.279    0.741   -1.970    0.549   -0.207   -1.459    2.254    0.786
 569.60   21.182   21.191   21.425    0.612   -3.157    0.182    0.612   -3.157   -0.574    0.111   -1.932    5.186    1.009
 569.70   20.358   20.358   20.476    0.002   -2.194   -0.642    0.002   -2.194    1.408   -0.001   -0.005    2.612    0.704
 569.80   18.846   18.847   18.929    0.194   -1.750   -2.154    0.194   -1.750    3.768   -0.418   -0.339    3.868    1.903
 569.90   19.612   19.655   19.793   -1.288   -2.333   -1.388   -1.288   -2.333    3.237    1.788    3.006    4.514    2.383
 570.00   19.829   19.840   20.033   -0.644   -2.773   -1.171   -0.644   -2.773    3.246    0.753    1.785    4.738    1.890
 570.10   21.797   21.800   21.889   -0.359   -1.974    0.797   -0.359   -1.974   -1.573   -0.286    0.709    2.331    0.874
 570.20   21.713   21.736   21.764    0.989   -1.102    0.713    0.989   -1.102   -0.786    0.706   -1.090    1.351    0.759
 570.30   20.030   20.174   20.180    2.406   -0.484   -0.970    2.406   -0.484    0.470   -2.333   -1.165    3.481    1.325
 570.40   19.986   20.152   20.153    2.585    0.195   -1.014    2.585    0.195   -0.198   -2.622    0.503    3.875    1.339
 570.50   20.551   20.570   20.575    0.889    0.431   -0.449    0.889    0.431   -0.193   -0.399    0.383    0.589    0.293
 570.60   20.692   20.719   20.786    1.047    1.674   -0.308    1.047    1.674   -0.515   -0.322    1.752    1.996    0.927
 570.70   21.064   21.102   21.114    1.266    0.697    0.064    1.266    0.697    0.045    0.081    0.882    1.046    0.443
 570.80   21.427   21.427   21.431    0.044   -0.425    0.427    0.044   -0.425   -0.181    0.019   -0.019    0.182    0.092
 570.90   20.559   20.560   20.571    0.199   -0.693   -0.441    0.199   -0.693    0.306   -0.088   -0.138    0.357    0.173
 571.00   21.455   21.473   21.475    0.869    0.296    0.455    0.869    0.296    0.135    0.395    0.257    0.525    0.245
 571.10   20.301   20.326   20.345    1.026    0.878   -0.699    1.026    0.878   -0.614   -0.718    0.901    1.156    0.653
 571.20   20.176   20.273   20.289    1.975    0.818   -0.824    1.975    0.818   -0.674   -1.628    1.617    2.625    1.196
 571.30   21.195   21.402   21.412    2.969    0.649    0.195    2.969    0.649    0.127    0.580    1.926    4.636    1.008
 571.40   21.786   21.998   22.027    3.045   -1.127    0.786    3.045   -1.127   -0.886    2.393   -3.432    5.579    2.139
 571.50   22.624   22.921   23.108    3.681   -2.931    1.624    3.681   -2.931   -4.759    5.977  -10.788   12.388    6.610
 571.60   21.997   22.288   22.390    3.589   -2.127    0.997    3.589   -2.127   -2.122    3.580   -7.633    9.199    4.347
 571.70   21.841   22.050   22.120    3.025   -1.757    0.841    3.025   -1.757   -1.478    2.545   -5.315    6.473    3.038
 571.80   21.690   21.724   21.988    1.208   -3.399    0.690    1.208   -3.399   -2.346    0.834   -4.108    6.745    2.402
 571.90   22.403   22.508   22.611    2.175   -2.159    1.403    2.175   -2.159   -3.028    3.050   -4.695    5.679    3.183
 572.00   23.272   23.385   23.387    2.291    0.286    2.272    2.291    0.286    0.650    5.207    0.655    5.248    2.644
 572.10   23.545   23.607   23.646    1.719   -1.360    2.545    1.719   -1.360   -3.460    4.374   -2.337    5.639    3.024
 572.20   23.630   23.777   23.867    2.634   -2.073    2.630    2.634   -2.073   -5.453    6.929   -5.462    9.078    5.186
 572.30   24.294   24.407   24.425    2.347   -0.946    3.294    2.347   -0.946   -3.117    7.729   -2.221    8.626    4.313
 572.40   23.486   23.803   23.908    3.870   -2.242    2.486    3.870   -2.242   -5.573    9.620   -8.675   13.091    7.051
 572.50   22.656   22.971   23.042    3.789   -1.811    1.656    3.789   -1.811   -2.999    6.275   -6.861   10.189    4.885
 572.60   22.124   22.348   22.418    3.158   -1.769    1.124    3.158   -1.769   -1.988    3.550   -5.586    7.183    3.455
 572.70   21.977   22.047   22.082    1.756   -1.230    0.977    1.756   -1.230   -1.202    1.716   -2.159    2.775    1.504
 572.80   21.103   21.152   21.165    1.437   -0.722    0.103    1.437   -0.722   -0.075    0.148   -1.037    1.298    0.525
 572.90   20.488   20.842   20.871    3.827   -1.087   -0.512    3.827   -1.087    0.557   -1.960   -4.159    8.045    2.316
 573.00   21.288   21.474   21.501    2.817   -1.089    0.288    2.817   -1.089   -0.314    0.811   -3.066    4.601    1.594
 573.10   19.978   19.998   20.002    0.880   -0.415   -1.022    0.880   -0.415    0.424   -0.899   -0.365    0.996    0.530
 573.20   19.571   19.571   19.638    0.104   -1.623   -1.429    0.104   -1.623    2.320   -0.149   -0.169    2.344    1.165
 573.30   20.612   20.628   20.707    0.824   -1.801   -0.388    0.824   -1.801    0.699   -0.320   -1.485    2.037    0.836
 573.40   22.435   22.457   22.624    0.996   -2.743    1.435    0.996   -2.743   -3.935    1.428   -2.731    5.287    2.499
 573.50   22.264   22.278   22.400    0.786   -2.337    1.264    0.786   -2.337   -2.955    0.994   -1.838    3.840    1.810
 573.60   21.132   21.175   21.180    1.356   -0.446    0.132    1.356   -0.446   -0.059    0.179   -0.604    1.027    0.316
 573.70   20.073   20.152   20.154    1.783    0.273   -0.927    1.783    0.273   -0.253   -1.653    0.486    2.057    0.871
 573.80   20.158   20.235   20.266    1.765   -1.127   -0.842    1.765   -1.127    0.950   -1.487   -1.990    2.548    1.330
 573.90   20.459   20.536   20.553    1.782   -0.828   -0.541    1.782   -0.828    0.448   -0.964   -1.474    2.076    0.909
 574.00   19.396   19.540   19.603    2.372   -1.566   -1.604    2.372   -1.566    2.513   -3.805   -3.715    5.326    2.941
 574.10   20.009   20.139   20.160    2.286   -0.903   -0.991    2.286   -0.903    0.895   -2.265   -2.065    3.512    1.597
 574.20   21.175   21.308   21.360    2.379   -1.482    0.175    2.379   -1.482   -0.260    0.417   -3.526    3.943    1.780
 574.30   20.359   20.556   20.615    2.834   -1.571   -0.641    2.834   -1.571    1.007   -1.816   -4.453    5.455    2.457
 574.40   22.050   22.221   22.296    2.753   -1.829    1.050    2.753   -1.829   -1.919    2.890   -5.035    6.013    3.057
 574.50   21.914   22.098   22.167    2.850   -1.748    0.914    2.850   -1.748   -1.597    2.604   -4.981    6.005    2.921
 574.60   20.652   20.964   21.012    3.600   -1.423   -0.348    3.600   -1.423    0.495   -1.252   -5.122    7.552    2.648
 574.70   19.410   19.575   19.578    2.543   -0.307   -1.590    2.543   -0.307    0.488   -4.044   -0.780    4.545    2.074
 574.80   19.550   19.738   19.748    2.719   -0.603   -1.450    2.719   -0.603    0.875   -3.943   -1.641    4.931    2.180
 574.90   19.571   19.751   19.806    2.659   -1.469   -1.429    2.659   -1.469    2.098   -3.798   -3.906    5.634    2.919
 575.00   18.790   18.896   18.899    1.995   -0.356   -2.210    1.995   -0.356    0.786   -4.410   -0.710    4.496    2.268
 575.10   19.276   19.594   19.615    3.520   -0.904   -1.724    3.520   -0.904    1.559   -6.070   -3.183    8.091    3.514
 575.20   18.772   19.264   19.368    4.326    2.007   -2.228    4.326    2.007   -4.472   -9.638    8.682   13.852    6.861
 575.30   19.453   19.747   19.781    3.391    1.159   -1.547    3.391    1.159   -1.792   -5.245    3.929    7.618    3.397
 575.40   20.694   21.080   21.088    4.013   -0.589   -0.306    4.013   -0.589    0.180   -1.227   -2.364    8.272    1.335
 575.50   20.228   20.594   20.594    3.864    0.127   -0.772    3.864    0.127   -0.098   -2.983    0.492    7.771    1.512
 575.60   19.557   19.771   19.771    2.898    0.025   -1.443    2.898    0.025   -0.037   -4.181    0.074    5.241    2.091
 575.70   18.868   19.064   19.083    2.726   -0.847   -2.132    2.726   -0.847    1.806   -5.812   -2.310    6.347    3.255
 575.80   18.017   18.470   18.488    4.064   -0.835   -2.983    4.064   -0.835    2.490  -12.122   -3.393   13.054    6.416
 575.90   18.883   19.250   19.255    3.742   -0.413   -2.117    3.742   -0.413    0.875   -7.920   -1.546    9.326    4.059
 576.00   19.690   20.000   20.008    3.505   -0.585   -1.310    3.505   -0.585    0.766   -4.591   -2.050    7.172    2.543
 576.10   20.334   20.713   20.903    3.944   -2.814   -0.666    3.944   -2.814    1.875   -2.627  -11.100   11.959    5.780
 576.20   19.348   19.581   19.716    3.012   -2.307   -1.652    3.012   -2.307    3.812   -4.976   -6.949    8.562    4.679
 576.30   18.969   19.081   19.185    2.063   -2.002   -2.031    2.063   -2.002    4.066   -4.189   -4.129    6.194    3.576
 576.40   19.219   19.223   19.232    0.386   -0.584   -1.781    0.386   -0.584    1.040   -0.687   -0.225    1.831    0.633
 576.50   19.231   19.272   19.283    1.260   -0.656   -1.769    1.260   -0.656    1.161   -2.229   -0.827    2.574    1.323
 576.60   20.533   20.592   20.691    1.555   -2.016   -0.467    1.555   -2.016    0.940   -0.725   -3.134    3.349    1.676
 576.70   20.083   20.254   20.300    2.627   -1.357   -0.917    2.627   -1.357    1.244   -2.409   -3.565    4.793    2.239
 576.80   21.446   21.539   21.665    2.001   -2.337    0.446    2.001   -2.337   -1.041    0.891   -4.675    4.831    2.436
 576.90   21.350   21.383   21.421    1.195   -1.275    0.350    1.195   -1.275   -0.446    0.418   -1.523    1.588    0.821
 577.00   21.114   21.153   21.189    1.294   -1.224    0.114    1.294   -1.224   -0.139    0.147   -1.584    1.593    0.799
 577.10   21.011   21.106   21.134    2.005   -1.086    0.011    2.005   -1.086   -0.012    0.021   -2.176    2.599    1.088
 577.20   20.688   20.769   20.801    1.829   -1.159   -0.312    1.829   -1.159    0.362   -0.570   -2.119    2.392    1.112
 577.30   20.653   20.698   20.704    1.365    0.491   -0.347    1.365    0.491   -0.170   -0.473    0.670    1.112    0.419
 577.40   20.179   20.280   20.281    2.027   -0.055   -0.821    2.027   -0.055    0.045   -1.664   -0.111    2.392    0.834
 577.50   19.275   19.322   19.401    1.355   -1.744   -1.725    1.355   -1.744    3.008   -2.339   -2.363    3.927    2.242
 577.60   19.690   19.734   19.992    1.317   -3.201   -1.310    1.317   -3.201    4.194   -1.725   -4.214    6.848    3.095
 577.70   18.451   18.494   18.603    1.255   -2.013   -2.549    1.255   -2.013    5.130   -3.200   -2.527    6.062    3.277
 577.80   18.149   18.235   18.264    1.777   -1.026   -2.851    1.777   -1.026    2.925   -5.068   -1.823    6.171    3.064
 577.90   19.042   19.073   19.100    1.086   -1.019   -1.958    1.086   -1.019    1.994   -2.125   -1.106    3.024    1.558
 578.00   20.566   20.641   20.868    1.758   -3.068   -0.434    1.758   -3.068    1.332   -0.763   -5.396    6.348    2.805
 578.10   21.117   21.173   21.582    1.531   -4.182    0.117    1.531   -4.182   -0.491    0.180   -6.403    9.924    3.212
 578.20   21.179   21.196   21.877    0.826   -5.417    0.179    0.826   -5.417   -0.972    0.148   -4.475   15.030    2.291
 578.30   22.396   22.586   23.023    2.923   -4.465    1.396    2.923   -4.465   -6.233    4.080  -13.048   15.212    7.513
 578.40   21.802   21.976   22.120    2.756   -2.523    0.802    2.756   -2.523   -2.024    2.211   -6.955    7.304    3.787
 578.50   20.841   21.110   21.432    3.362   -3.702   -0.159    3.362   -3.702    0.590   -0.536  -12.447   12.518    6.236
 578.60   21.177   21.335   21.716    2.598   -4.046    0.177    2.598   -4.046   -0.715    0.459  -10.514   11.578    5.274
 578.70   21.765   21.968   22.313    2.977   -3.907    0.765    2.977   -3.907   -2.991    2.278  -11.630   12.356    6.111
 578.80   20.699   20.867   21.499    2.644   -5.174   -0.301    2.644   -5.174    1.558   -0.796  -13.679   16.924    6.895
 578.90   20.361   20.690   20.935    3.671   -3.192   -0.639    3.671   -3.192    2.038   -2.344  -11.719   12.037    6.062
 579.00   19.623   19.912   20.020    3.383   -2.069   -1.377    3.383   -2.069    2.849   -4.658   -6.998    8.809    4.438
 579.10   20.330   20.575   20.645    3.165   -1.695   -0.670    3.165   -1.695    1.136   -2.120   -5.365    6.669    2.940
 579.20   20.098   20.293   20.445    2.804   -2.492   -0.902    2.804   -2.492    2.248   -2.529   -6.986    7.442    3.881
 579.30   19.926   20.121   20.245    2.799   -2.235   -1.074    2.799   -2.235    2.402   -3.007   -6.257    6.993    3.673
 579.40   20.527   21.011   21.127    4.484   -2.209   -0.473    4.484   -2.209    1.046   -2.122   -9.906   12.604    5.092
 579.50   18.800   19.278   19.413    4.269   -2.281   -2.200    4.269   -2.281    5.019   -9.394   -9.738   14.135    7.216
 579.60   18.050   18.341   18.471    3.254   -2.193   -2.950    3.254   -2.193    6.472   -9.602   -7.138   12.054    6.801
 579.70   17.729   17.762   17.799    1.074   -1.150   -3.271    1.074   -1.150    3.761   -3.511   -1.234    6.586    2.646
 579.80   18.484   18.515   18.649    1.066   -2.233   -2.516    1.066   -2.233    5.618   -2.681   -2.379    6.225    3.332
 579.90   18.298   18.440   18.632    2.283   -2.672   -2.702    2.283   -2.672    7.221   -6.170   -6.101    9.828    5.645
 580.00   17.813   17.939   17.974    2.122   -1.125   -3.187    2.122   -1.125    3.587   -6.761   -2.388    7.962    4.009
 580.10   16.530   16.691   16.700    2.310   -0.546   -4.470    2.310   -0.546    2.439  -10.327   -1.261   12.806    5.343
 580.20   16.750   16.988   17.001    2.838    0.645   -4.250    2.838    0.645   -2.741  -12.061    1.830   13.267    6.252
 580.30   16.705   16.865   16.878    2.317   -0.679   -4.295    2.317   -0.679    2.914   -9.950   -1.572   12.138    5.243
 580.40   17.796   17.874   17.881    1.670   -0.494   -3.204    1.670   -0.494    1.584   -5.352   -0.826    6.651    2.821
 580.50   16.948   17.004   17.030    1.383    0.942   -4.052    1.383    0.942   -3.818   -5.603    1.303    9.610    3.452
 580.60   16.025   16.096   16.139    1.516    1.175   -4.975    1.516    1.175   -5.844   -7.545    1.781   14.217    4.854
 580.70   16.060   16.134   16.150    1.537    0.732   -4.940    1.537    0.732   -3.614   -7.591    1.124   13.649    4.241
 580.80   15.826   15.893   15.973    1.457    1.593   -5.174    1.457    1.593   -8.244   -7.540    2.322   15.716    5.705
 580.90   15.968   16.000   16.179    1.016    2.399   -5.032    1.016    2.399  -12.074   -5.112    2.437   16.057    6.668
 581.00   17.323   17.374   17.397    1.328    0.890   -3.677    1.328    0.890   -3.271   -4.884    1.181    8.037    2.998
 581.10   17.637   17.713   17.721    1.634    0.540   -3.363    1.634    0.540   -1.814   -5.496    0.882    7.135    2.927
 581.20   16.423   16.513   16.592    1.716    1.623   -4.577    1.716    1.623   -7.426   -7.854    2.784   13.262    5.581
 581.30   17.142   17.452   17.609    3.275    2.346   -3.858    3.275    2.346   -9.052  -12.636    7.684   15.559    8.670
 581.40   16.878   17.327   17.421    3.918    1.810   -4.122    3.918    1.810   -7.460  -16.150    7.090   17.808    9.575
 581.50   17.589   17.934   18.051    3.502    2.053   -3.411    3.502    2.053   -7.002  -11.947    7.189   14.058    7.801
 581.60   18.293   18.670   18.732    3.736    1.517   -2.707    3.736    1.517   -4.105  -10.112    5.665   11.791    6.148
 581.70   18.100   18.418   18.427    3.405    0.598   -2.900    3.405    0.598   -1.734   -9.874    2.036   10.181    5.115
 581.80   16.917   17.356   17.356    3.876   -0.183   -4.083    3.876   -0.183    0.746  -15.824   -0.708   15.862    7.929
 581.90   16.620   16.782   16.789    2.332   -0.485   -4.380    2.332   -0.485    2.123  -10.214   -1.130   12.430    5.247
 582.00   15.942   15.956   15.969    0.671   -0.635   -5.058    0.671   -0.635    3.210   -3.392   -0.426   13.217    2.345
 582.10   15.029   15.058   15.070    0.930   -0.599   -5.971    0.930   -0.599    3.574   -5.552   -0.557   18.437    3.313
 582.20   15.104   15.119   15.123    0.668    0.336   -5.896    0.668    0.336   -1.978   -3.938    0.224   17.659    2.206
 582.30   14.397   14.421   14.426    0.843   -0.372   -6.603    0.843   -0.372    2.456   -5.565   -0.313   22.227    3.046
 582.40   14.502   14.566   14.601    1.358   -1.017   -6.498    1.358   -1.017    6.611   -8.826   -1.382   22.549    5.557
 582.50   15.404   15.404   15.463   -0.019   -1.350   -5.596   -0.019   -1.350    7.557    0.104    0.025   16.571    3.779
 582.60   17.556   17.565   17.694    0.544   -2.135   -3.444    0.544   -2.135    7.351   -1.873   -1.161    8.356    3.837
 582.70   16.376   16.381   16.549    0.411   -2.353   -4.624    0.411   -2.353   10.880   -1.902   -0.968   13.544    5.544
 582.80   16.173   16.173   16.213    0.003   -1.144   -4.827    0.003   -1.144    5.523   -0.012   -0.003   12.305    2.761
 582.90   17.682   17.687   17.692   -0.405   -0.427   -3.318   -0.405   -0.427    1.416    1.343    0.173    5.678    0.980
 583.00   18.851   18.862   18.876    0.630   -0.740   -2.149    0.630   -0.740    1.590   -1.353   -0.466    2.781    1.070
 583.10   19.114   19.129   19.159    0.761   -1.058   -1.886    0.761   -1.058    1.995   -1.435   -0.805    2.627    1.293
 583.20   19.099   19.133   19.137    1.130   -0.385   -1.901    1.130   -0.385    0.732   -2.148   -0.435    2.519    1.155
 583.30   19.649   19.763   19.765    2.120    0.276   -1.351    2.120    0.276   -0.373   -2.864    0.585    3.197    1.473
 583.40   20.307   20.548   20.550    3.139   -0.283   -0.693    3.139   -0.283    0.196   -2.176   -0.887    5.207    1.179
 583.50   19.485   19.943   19.943    4.250   -0.013   -1.515    4.250   -0.013    0.020   -6.439   -0.057   10.181    3.220
 583.60   19.582   20.110   20.112    4.581   -0.229   -1.418    4.581   -0.229    0.325   -6.498   -1.049   11.526    3.295
 583.70   19.746   20.070   20.070    3.593    0.027   -1.254    3.593    0.027   -0.033   -4.506    0.096    7.241    2.253
 583.80   21.665   21.941   22.054    3.465   -2.234    0.665    3.465   -2.234   -1.486    2.305   -7.740    8.720    4.106
 583.90   21.031   21.491   21.849    4.425   -3.938    0.031    4.425   -3.938   -0.120    0.135  -17.424   17.544    8.713
 584.00   20.861   21.033   21.186    2.682   -2.543   -0.139    2.682   -2.543    0.354   -0.373   -6.819    6.839    3.419
 584.10   21.603   21.805   21.900    2.962   -2.036    0.603    2.962   -2.036   -1.228    1.787   -6.031    6.642    3.204
 584.20   21.146   21.577   21.592    4.292   -0.797    0.146    4.292   -0.797   -0.116    0.627   -3.421    9.539    1.740
 584.30   21.730   22.267   22.340    4.859   -1.799    0.730    4.859   -1.799   -1.314    3.549   -8.740   13.690    4.762
 584.40   21.072   21.298   21.355    3.098   -1.555    0.072    3.098   -1.555   -0.111    0.222   -4.818    6.011    2.412
 584.50   22.590   22.741   22.773    2.620   -1.217    1.590    2.620   -1.217   -1.934    4.165   -3.188    5.436    2.795
 584.60   23.127   23.266   23.266    2.539   -0.101    2.127    2.539   -0.101   -0.214    5.401   -0.256    5.491    2.706
 584.70   22.205   22.477   22.516    3.484   -1.318    1.205    3.484   -1.318   -1.588    4.199   -4.591    7.663    3.211
 584.80   21.077   21.508   21.519    4.282   -0.708    0.077    4.282   -0.708   -0.055    0.330   -3.031    9.419    1.524
 584.90   21.984   22.629   22.634    5.364   -0.477    0.984    5.364   -0.477   -0.470    5.280   -2.560   14.984    2.943
 585.00   22.200   22.736   22.783    4.905   -1.457    1.200    4.905   -1.457   -1.749    5.889   -7.146   13.813    4.712
 585.10   22.189   22.737   22.767    4.961   -1.174    1.189    4.961   -1.174   -1.396    5.899   -5.824   13.702    4.203
 585.20   21.271   22.148   22.260    6.172   -2.232    0.271    6.172   -2.232   -0.605    1.672  -13.774   21.575    6.944
 585.30   21.602   22.181   22.274    5.035   -2.032    0.602    5.035   -2.032   -1.223    3.030  -10.231   14.920    5.370
 585.40   22.090   22.618   22.627    4.858   -0.634    1.090    4.858   -0.634   -0.692    5.297   -3.081   12.594    3.083
 585.50   22.587   22.950   22.970    4.062   -0.977    1.587    4.062   -0.977   -1.550    6.447   -3.968    9.987    3.864
 585.60   23.711   23.974   24.032    3.545   -1.656    2.711    3.545   -1.656   -4.488    9.610   -5.869   11.329    6.061
 585.70   22.749   22.973   22.980    3.207   -0.555    1.749    3.207   -0.555   -0.970    5.607   -1.780    6.824    2.981
 585.80   23.304   23.345   23.363    1.381   -0.924    2.304    1.381   -0.924   -2.128    3.183   -1.276    4.035    2.018
 585.90   23.501   23.526   23.535    1.095   -0.653    2.501    1.095   -0.653   -1.634    2.737   -0.715    3.939    1.633
 586.00   23.675   23.708   23.716    1.259    0.612    2.675    1.259    0.612    1.637    3.368    0.770    4.558    1.911
 586.10   23.471   23.478   23.495    0.553    0.916    2.471    0.553    0.916    2.265    1.367    0.507    3.626    1.347
 586.20   22.734   22.735   22.737   -0.277    0.285    1.734   -0.277    0.285    0.494   -0.481   -0.079    1.582    0.347
 586.30   21.794   21.797   21.813    0.366    0.835    0.794    0.366    0.835    0.663    0.291    0.306    0.731    0.393
 586.40   22.063   22.065   22.071    0.258    0.538    1.063    0.258    0.538    0.572    0.275    0.139    0.743    0.325
 586.50   22.051   22.100   22.113    1.463    0.762    1.051    1.463    0.762    0.801    1.538    1.114    1.913    1.031
 586.60   22.835   22.976   23.023    2.550   -1.471    1.835    2.550   -1.471   -2.698    4.677   -3.749    6.014    3.287
 586.70   23.071   23.495   23.557    4.444   -1.700    2.071    4.444   -1.700   -3.521    9.204   -7.554   13.463    6.209
 586.80   22.935   23.498   23.656    5.112   -2.730    1.935    5.112   -2.730   -5.284    9.894  -13.957   18.668    8.953
 586.90   23.883   24.406   24.579    5.021   -2.912    2.884    5.021   -2.912   -8.396   14.479  -14.622   21.004   11.112
 587.00   24.211   24.375   24.512    2.827   -2.590    3.211    2.827   -2.590   -8.315    9.075   -7.321   12.503    7.161
 587.10   23.919   24.195   24.285    3.646   -2.086    2.919    3.646   -2.086   -6.089   10.641   -7.607   13.082    7.214
 587.20   24.054   24.380   24.395    3.978   -0.837    3.054    3.978   -0.837   -2.557   12.147   -3.330   12.925    6.426
 587.30   23.978   24.462   24.494    4.840   -1.264    2.978    4.840   -1.264   -3.763   14.414   -6.116   16.947    8.052
 587.40   22.668   23.352   23.361    5.611   -0.640    1.668    5.611   -0.640   -1.067    9.359   -3.591   17.339    5.041
 587.50   23.347   23.788   23.793    4.558   -0.506    2.347    4.558   -0.506   -1.188   10.697   -2.307   13.271    5.504
 587.60   23.474   23.830   23.848    4.105   -0.937    2.474    4.105   -0.937   -2.317   10.156   -3.846   11.926    5.552
 587.70   24.370   24.744   24.786    4.281   -1.455    3.370    4.281   -1.455   -4.903   14.430   -6.229   15.903    8.232
 587.80   24.953   25.028   25.032    1.942    0.447    3.953    1.942    0.447    1.766    7.677    0.868    9.798    3.963
 587.90   23.973   24.103   24.119    2.497   -0.869    2.973    2.497   -0.869   -2.584    7.426   -2.170    7.917    4.078
 588.00   24.442   24.489   24.614    1.507   -2.481    3.442    1.507   -2.481   -8.540    5.187   -3.738   10.138    5.334
 588.10   23.757   23.763   23.898    0.533   -2.535    2.757    0.533   -2.535   -6.991    1.469   -1.351    7.157    3.635
 588.20   24.312   24.313   24.486    0.282   -2.901    3.312    0.282   -2.901   -9.607    0.934   -0.819    9.731    4.844
 588.30   23.466   23.555   23.803   -2.045   -3.422    2.466   -2.045   -3.422   -8.439   -5.044    6.997   10.986    6.033
 588.40   22.027   22.259   22.614   -3.207   -3.989    1.027   -3.207   -3.989   -4.096   -3.293   12.792   13.625    6.915
 588.50   23.761   23.901   24.271   -2.581   -4.221    2.761   -2.581   -4.221  -11.653   -7.125   10.893   16.049    8.735
 588.60   23.912   24.106   24.265   -3.058   -2.768    2.912   -3.058   -2.768   -8.059   -8.904    8.465   12.745    7.346
 588.70   23.304   23.474   23.659   -2.826   -2.952    2.304   -2.826   -2.952   -6.799   -6.510    8.341   11.002    6.289
 588.80   23.252   23.704   23.856   -4.607   -2.692    2.252   -4.607   -2.692   -6.061  -10.374   12.403   16.772    8.634
 588.90   24.253   24.781   24.890   -5.091   -2.326    3.253   -5.091   -2.326   -7.565  -16.560   11.843   20.956   10.860
 589.00   24.068   24.399   24.460   -4.007   -1.714    3.068   -4.007   -1.714   -5.260  -12.295    6.870   14.205    7.517
 589.10   24.842   25.034   25.137   -3.094   -2.271    3.842   -3.094   -2.271   -8.726  -11.887    7.027   14.746    8.167
 589.20   23.715   23.886   23.991   -2.854   -2.237    2.715   -2.854   -2.237   -6.074   -7.748    6.384   10.260    5.867
 589.30   23.946   24.052   24.128   -2.253   -1.909    2.946   -2.253   -1.909   -5.623   -6.637    4.300    8.699    4.852
 589.40   24.233   24.314   24.385   -1.985   -1.851    3.233   -1.985   -1.851   -5.986   -6.418    3.674    8.911    4.757
 589.50   24.770   25.005   25.014   -3.422   -0.658    3.770   -3.422   -0.658   -2.480  -12.900    2.251   13.177    6.664
 589.60   23.584   23.799   23.802   -3.188   -0.433    2.584   -3.188   -0.433   -1.119   -8.239    1.380    8.515    4.214
 589.70   23.041   23.201   23.202   -2.723    0.068    2.041   -2.723    0.068    0.138   -5.558   -0.185    5.793    2.782
 589.80   23.985   24.081   24.102   -2.154    0.987    2.985   -2.154    0.987    2.947   -6.430   -2.127    7.263    3.693
 589.90   24.509   24.652   24.675   -2.654    1.061    3.509   -2.654    1.061    3.722   -9.313   -2.816   10.240    5.208
 590.00   24.077   24.275   24.331   -3.092    1.658    3.077   -3.092    1.658    5.100   -9.513   -5.125   10.887    5.974
 590.10   24.172   24.534   24.575   -4.202    1.408    3.172   -4.202    1.408    4.467  -13.327   -5.918   14.850    7.626
 590.20   24.963   25.187   25.225   -3.347    1.383    3.963   -3.347    1.383    5.482  -13.264   -4.629   14.410    7.540
 590.30   24.507   24.722   24.725   -3.253    0.373    3.507   -3.253    0.373    1.310  -11.409   -1.215   11.511    5.774
 590.40   23.901   24.253   24.261   -4.122   -0.627    2.901   -4.122   -0.627   -1.819  -11.955    2.584   12.897    6.183
 590.50   24.650   24.853   24.895   -3.175   -1.440    3.650   -3.175   -1.440   -5.256  -11.586    4.572   12.736    6.759
 590.60   25.376   25.549   25.561   -2.966   -0.795    4.376   -2.966   -0.795   -3.477  -12.980    2.357   14.290    6.821
 590.70   26.073   26.166   26.219   -2.205   -1.658    5.073   -2.205   -1.658   -8.411  -11.186    3.655   16.674    7.232
 590.80   24.991   25.111   25.155   -2.454   -1.483    3.991   -2.454   -1.483   -5.917   -9.793    3.638   12.072    6.003
 590.90   24.480   24.643   24.719   -2.826   -1.944    3.480   -2.826   -1.944   -6.764   -9.835    5.492   11.938    6.570
 591.00   25.695   25.801   25.833   -2.333   -1.291    4.695   -2.333   -1.291   -6.062  -10.952    3.012   14.576    6.438
 591.10   25.951   26.045   26.053   -2.221   -0.646    4.951   -2.221   -0.646   -3.197  -10.996    1.435   14.930    5.771
 591.20   25.720   25.830   25.832   -2.380   -0.315    4.720   -2.380   -0.315   -1.489  -11.233    0.750   14.021    5.678
 591.30   25.298   25.333   25.356   -1.313   -1.094    4.298   -1.313   -1.094   -4.701   -5.643    1.436   10.698    3.742
 591.40   25.506   25.531   25.599   -1.126   -1.867    4.506   -1.126   -1.867   -8.413   -5.072    2.101   12.529    5.023
 591.50   25.584   25.626   25.654   -1.472   -1.199    4.584   -1.472   -1.199   -5.498   -6.747    1.765   12.308    4.440
 591.60   25.233   25.257   25.286   -1.113   -1.209    4.233   -1.113   -1.209   -5.116   -4.710    1.345   10.308    3.541
 591.70   26.483   26.503   26.526   -1.022   -1.118    5.483   -1.022   -1.118   -6.131   -5.603    1.143   16.179    4.192
 591.80   26.901   26.914   27.074    0.833   -2.939    5.901    0.833   -2.939  -17.345    4.916   -2.448   22.080    9.097
 591.90   26.589   26.607   26.644    0.975   -1.403    5.589    0.975   -1.403   -7.843    5.447   -1.368   17.080    4.823
 592.00   26.363   26.380   26.438    0.962   -1.738    5.363    0.962   -1.738   -9.323    5.157   -1.672   16.353    5.392
 592.10   25.252   25.262   25.268    0.708   -0.529    4.252    0.708   -0.529   -2.248    3.010   -0.374    9.431    1.888
 592.20   24.659   24.666   24.707    0.596    1.418    3.659    0.596    1.418    5.190    2.180    0.845    7.878    2.846
 592.30   24.330   24.351   24.392    1.024    1.411    3.330    1.024    1.411    4.698    3.408    1.444    7.062    2.991
 592.40   25.155   25.225   25.281    1.878    1.671    4.155    1.878    1.671    6.945    7.803    3.139   11.793    5.454
 592.50   25.009   25.109   25.133    2.242    1.092    4.009    2.242    1.092    4.379    8.988    2.449   11.146    5.147
 592.60   23.708   23.764   23.772    1.634    0.630    2.708    1.634    0.630    1.706    4.423    1.029    5.198    2.425
 592.70   24.188   24.199   24.251   -0.735    1.585    3.188   -0.735    1.585    5.054   -2.343   -1.165    6.608    2.846
 592.80   24.846   24.872   24.881   -1.144    0.681    3.846   -1.144    0.681    2.619   -4.398   -0.779    8.280    2.589
 592.90   24.364   24.417   24.440   -1.615    1.051    3.364   -1.615    1.051    3.535   -5.432   -1.697    7.514    3.350
 593.00   23.739   23.915   23.927   -2.896    0.743    2.739   -2.896    0.743    2.035   -7.934   -2.152    8.223    4.235
 593.10   24.374   24.658   24.659   -3.735   -0.195    3.374   -3.735   -0.195   -0.657  -12.599    0.727   12.683    6.318
 593.20   23.680   23.853   23.875   -2.871    1.014    2.680   -2.871    1.014    2.718   -7.693   -2.911    8.225    4.331
 593.30   22.968   23.458   23.560   -4.769    2.190    1.968   -4.769    2.190    4.310   -9.385  -10.444   15.707    7.344
 593.40   22.643   22.988   23.033   -3.965    1.440    1.643   -3.965    1.440    2.366   -6.515   -5.709   10.247    4.490
 593.50   23.302   23.680   23.699   -4.215    0.939    2.302   -4.215    0.939    2.162   -9.701   -3.959   11.972    5.349
 593.60   22.155   22.466   22.663   -3.728    2.983    1.155   -3.728    2.983    3.445   -4.305  -11.120   12.064    6.206
 593.70   22.490   22.679   22.714   -2.918    1.270    1.490   -2.918    1.270    1.893   -4.349   -3.707    6.176    3.010
 593.80   23.103   23.175   23.183   -1.822   -0.619    2.103   -1.822   -0.619   -1.301   -3.832    1.127    4.063    2.101
 593.90   22.467   22.646   22.696   -2.839   -1.499    1.467   -2.839   -1.499   -2.200   -4.166    4.256    6.230    3.174
 594.00   21.128   21.391   21.480   -3.347   -1.952    0.128   -3.347   -1.952   -0.249   -0.427    6.532    7.513    3.275
 594.10   21.437   21.834   21.896   -4.146   -1.653    0.437   -4.146   -1.653   -0.722   -1.811    6.854   10.055    3.563
 594.20   20.776   21.107   21.155   -3.725   -1.422   -0.224   -3.725   -1.422    0.319    0.835    5.297    7.973    2.686
 594.30   21.682   21.830   21.986   -2.539   -2.612    0.682   -2.539   -2.612   -1.781   -1.731    6.632    6.868    3.541
 594.40   21.776   21.886   22.026   -2.190   -2.475    0.776   -2.190   -2.475   -1.922   -1.700    5.419    5.761    2.998
 594.50   20.461   20.465   20.622   -0.404   -2.537   -0.539   -0.404   -2.537    1.367    0.218    1.025    3.444    0.861
 594.60   21.018   21.024   21.085    0.477   -1.614    0.018    0.477   -1.614   -0.029    0.009   -0.770    1.417    0.385
 594.70   22.848   22.861   22.930   -0.779   -1.772    1.848   -0.779   -1.772   -3.274   -1.440    1.381    3.581    1.917
 594.80   23.406   23.412   23.429   -0.537   -0.901    2.406   -0.537   -0.901   -2.167   -1.292    0.483    3.444    1.284
 594.90   24.641   24.649   24.652   -0.609   -0.378    3.641   -0.609   -0.378   -1.377   -2.218    0.230    6.887    1.311
 595.00   23.744   23.744   23.756   -0.035   -0.754    2.744   -0.035   -0.754   -2.069   -0.096    0.026    4.049    1.036
 595.10   23.737   23.740   23.750   -0.372   -0.710    2.737   -0.372   -0.710   -1.944   -1.019    0.264    4.066    1.105
 595.20   22.709   22.709   22.723    0.043   -0.800    1.709    0.043   -0.800   -1.367    0.074   -0.035    1.781    0.685
 595.30   24.537   24.537   24.592    0.012   -1.654    3.537    0.012   -1.654   -5.849    0.041   -0.019    7.621    2.925
 595.40   24.127   24.136   24.166    0.672   -1.197    3.127    0.672   -1.197   -3.743    2.102   -0.805    5.830    2.184
 595.50   23.862   23.934   23.982    1.850   -1.529    2.862    1.850   -1.529   -4.375    5.294   -2.828    6.975    3.714
 595.60   23.525   23.538   23.557    0.809   -0.945    2.525    0.809   -0.945   -2.386    2.043   -0.765    3.960    1.616
 595.70   22.895   22.914   23.035   -0.947   -2.357    1.895   -0.947   -2.357   -4.466   -1.795    2.232    5.021    2.653
 595.80   22.836   22.836   22.932    0.029   -2.100    1.836    0.029   -2.100   -3.855    0.054   -0.061    3.890    1.928
 595.90   22.409   22.422   22.441    0.784   -0.915    1.409    0.784   -0.915   -1.289    1.104   -0.717    1.718    0.921
 596.00   22.158   22.165   22.191   -0.575   -1.076    1.158   -0.575   -1.076   -1.245   -0.666    0.619    1.414    0.771
 596.10   21.818   21.845   21.884   -1.089   -1.305    0.818   -1.089   -1.305   -1.067   -0.891    1.422    1.779    0.994
 596.20   21.395   21.455   21.529   -1.608   -1.782    0.395   -1.608   -1.782   -0.703   -0.634    2.865    2.958    1.509
 596.30   21.626   21.662   21.665   -1.245   -0.330    0.626   -1.245   -0.330   -0.207   -0.780    0.411    1.025    0.453
 596.40   20.990   21.026   21.028   -1.230   -0.212   -0.010   -1.230   -0.212    0.002    0.012    0.260    0.779    0.130
 596.50   20.624   20.865   20.886   -3.161    0.940   -0.376   -3.161    0.940   -0.354    1.190   -2.971    5.509    1.610
 596.60   21.361   21.600   21.607   -3.203    0.558    0.361   -3.203    0.558    0.201   -1.157   -1.786    5.350    1.069
 596.70   21.985   22.081   22.082   -2.065   -0.053    0.985   -2.065   -0.053   -0.052   -2.033    0.109    2.618    1.018
 596.80   20.827   20.852   20.917   -1.022   -1.636   -0.173   -1.022   -1.636    0.282    0.176    1.672    1.875    0.853
 596.90   21.092   21.195   21.219   -2.081   -1.024    0.092   -2.081   -1.024   -0.094   -0.192    2.132    2.695    1.071
 597.00   21.224   21.330   21.423   -2.118   -1.997    0.224   -2.118   -1.997   -0.448   -0.475    4.230    4.262    2.140
 597.10   21.328   21.351   21.388   -1.007   -1.258    0.328   -1.007   -1.258   -0.412   -0.330    1.266    1.352    0.686
 597.20   21.035   21.120   21.126   -1.893   -0.497    0.035   -1.893   -0.497   -0.018   -0.067    0.941    1.916    0.472
 597.30   18.924   18.973   18.989   -1.363    0.789   -2.076   -1.363    0.789   -1.637    2.830   -1.075    3.395    1.721
 597.40   19.556   19.583   19.583   -1.015    0.045   -1.444   -1.015    0.045   -0.065    1.465   -0.045    1.558    0.734
 597.50   19.269   19.282   19.283   -0.699   -0.254   -1.731   -0.699   -0.254    0.439    1.209    0.177    1.774    0.649
 597.60   20.190   20.210   20.225   -0.902    0.790   -0.810   -0.902    0.790   -0.640    0.731   -0.712    1.047    0.602
 597.70   19.589   19.589   19.624   -0.052    1.167   -1.411   -0.052    1.167   -1.646    0.073   -0.061    1.677    0.825
 597.80   19.406   19.406   19.448   -0.070    1.278   -1.594   -0.070    1.278   -2.037    0.111   -0.089    2.089    1.021
 597.90   20.247   20.251   20.253   -0.386    0.329   -0.753   -0.386    0.329   -0.248    0.291   -0.127    0.412    0.201
 598.00   20.571   20.622   20.624   -1.451   -0.293   -0.429   -1.451   -0.293    0.126    0.622    0.426    1.188    0.382
 598.10   19.963   20.053   20.062   -1.897   -0.614   -1.037   -1.897   -0.614    0.637    1.967    1.165    2.525    1.187
 598.20   19.577   19.647   19.663   -1.648    0.797   -1.423   -1.648    0.797   -1.134    2.345   -1.314    2.688    1.458
 598.30   20.051   20.153   20.206   -2.024    1.456   -0.949   -2.024    1.456   -1.381    1.920   -2.946    3.558    1.889
 598.40   20.336   20.394   20.401   -1.537    0.502   -0.664   -1.537    0.502   -0.333    1.020   -0.772    1.527    0.661
 598.50   20.708   20.733   20.734   -1.018   -0.180   -0.292   -1.018   -0.180    0.052    0.297    0.183    0.577    0.176
 598.60   20.509   20.578   20.589   -1.680    0.656   -0.491   -1.680    0.656   -0.322    0.824   -1.103    1.748    0.707
 598.70   19.959   19.979   19.992   -0.893    0.710   -1.041   -0.893    0.710   -0.740    0.930   -0.635    1.193    0.673
 598.80   21.449   21.492   21.619   -1.361    2.338    0.449   -1.361    2.338    1.049   -0.611   -3.182    3.760    1.703
 598.90   20.830   20.947   21.079   -2.209    2.359   -0.170   -2.209    2.359   -0.401    0.375   -5.210    5.236    2.620
 599.00   21.001   21.149   21.251   -2.499    2.081    0.001   -2.499    2.081    0.001   -0.001   -5.202    5.290    2.601
 599.10   20.806   20.848   20.875   -1.329    1.058   -0.194   -1.329    1.058   -0.205    0.258   -1.406    1.462    0.722
 599.20   22.275   22.346   22.349   -1.784    0.392    1.275   -1.784    0.392    0.499   -2.274   -0.699    2.481    1.216
 599.30   22.844   22.928   22.929   -1.967   -0.205    1.844   -1.967   -0.205   -0.377   -3.626    0.402    3.654    1.834
 599.40   23.100   23.210   23.220   -2.260   -0.684    2.100   -2.260   -0.684   -1.436   -4.745    1.545    4.992    2.596
 599.50   23.054   23.147   23.153   -2.063   -0.536    2.054   -2.063   -0.536   -1.102   -4.239    1.107    4.383    2.259
 599.60   24.093   24.102   24.105   -0.673   -0.403    3.093   -0.673   -0.403   -1.246   -2.081    0.271    5.090    1.220
 599.70   24.594   24.605   24.605   -0.722   -0.130    3.594   -0.722   -0.130   -0.466   -2.596    0.094    6.728    1.320
 599.80   23.640   23.647   23.654   -0.557   -0.581    2.640   -0.557   -0.581   -1.533   -1.470    0.323    3.809    1.074
 599.90   23.749   23.784   23.786   -1.293   -0.285    2.749   -1.293   -0.285   -0.784   -3.555    0.369    4.656    1.829
 600.00   24.595   24.601   24.603   -0.546   -0.336    3.595   -0.546   -0.336   -1.209   -1.964    0.184    6.667    1.157
 600.10   23.231   23.235   23.248    0.453    0.764    2.231    0.453    0.764    1.704    1.010    0.346    2.882    1.005
 600.20   24.339   24.369   24.426    1.206    1.663    3.339    1.206    1.663    5.553    4.025    2.005    7.684    3.573
 600.30   24.315   24.317   24.477   -0.328    2.791    3.315   -0.328    2.791    9.251   -1.087   -0.915    9.442    4.680
 600.40   23.740   23.759   23.883   -0.947    2.431    2.740   -0.947    2.431    6.660   -2.595   -2.303    7.157    3.755
 600.50   24.664   24.664   24.733   -0.149    1.837    3.664   -0.149    1.837    6.730   -0.546   -0.274    8.410    3.379
 600.60   25.432   25.452   25.455    1.005    0.394    4.432    1.005    0.394    1.746    4.453    0.396   10.405    2.400
 600.70   26.800   26.805   26.807   -0.507    0.362    5.800   -0.507    0.362    2.098   -2.941   -0.183   17.013    1.809
 600.80   26.732   26.733   26.738    0.203    0.530    5.732    0.203    0.530    3.036    1.161    0.107   16.591    1.626
 600.90   25.434   25.438   25.440    0.464    0.359    4.434    0.464    0.359    1.591    2.059    0.167   10.001    1.304
 601.00   24.750   24.764   24.770    0.829   -0.507    3.750    0.829   -0.507   -1.900    3.108   -0.420    7.505    1.833
 601.10   24.874   24.894   24.903    0.992   -0.668    3.874    0.992   -0.668   -2.589    3.845   -0.663    8.221    2.341
 601.20   23.977   23.990   23.993    0.804   -0.341    2.977    0.804   -0.341   -1.014    2.394   -0.274    4.812    1.307
 601.30   23.508   23.514   23.520   -0.513    0.538    2.508   -0.513    0.538    1.349   -1.286   -0.276    3.422    0.942
 601.40   24.030   24.084   24.087   -1.608   -0.397    3.030   -1.608   -0.397   -1.203   -4.872    0.638    5.962    2.529
 601.50   24.386   24.425   24.454   -1.381   -1.197    3.386   -1.381   -1.197   -4.051   -4.676    1.653    7.401    3.202
 601.60   24.788   24.896   24.917   -2.312   -1.020    3.788   -2.312   -1.020   -3.866   -8.758    2.359   10.369    4.930
 601.70   24.500   24.616   24.724   -2.393   -2.308    3.500   -2.393   -2.308   -8.079   -8.374    5.523   11.651    6.440
 601.80   24.697   24.749   24.836   -1.595   -2.084    3.697   -1.595   -2.084   -7.704   -5.899    3.325   10.279    5.129
 601.90   24.100   24.176   24.197   -1.914   -1.002    3.100   -1.914   -1.002   -3.107   -5.933    1.918    7.139    3.483
 602.00   23.604   23.607   23.624   -0.399   -0.910    2.604   -0.399   -0.910   -2.369   -1.039    0.363    3.883    1.306
 602.10   24.298   24.303   24.462    0.467   -2.788    3.298    0.467   -2.788   -9.195    1.540   -1.301    9.434    4.707
 602.20   23.514   23.650   23.762    2.532   -2.311    2.514    2.532   -2.311   -5.809    6.364   -5.850    9.034    5.207
 602.30   24.076   24.195   24.245    2.400   -1.550    3.076    2.400   -1.550   -4.769    7.382   -3.721    8.813    4.772
 602.40   23.034   23.173   23.173    2.541   -0.045    2.034    2.541   -0.045   -0.092    5.167   -0.115    5.297    2.585
 602.50   22.735   22.798   22.848    1.693   -1.507    1.735    1.693   -1.507   -2.616    2.938   -2.552    4.074    2.344
 602.60   22.563   22.568   22.570    0.507    0.237    1.563    0.507    0.237    0.370    0.793    0.120    1.378    0.442
 602.70   21.450   21.450   21.453   -0.005    0.358    0.450   -0.005    0.358    0.161   -0.002   -0.002    0.166    0.081
 602.80   20.911   20.924   20.936   -0.744    0.706   -0.089   -0.744    0.706   -0.063    0.066   -0.525    0.530    0.267
 602.90   20.641   20.657   20.658   -0.807    0.230   -0.359   -0.807    0.230   -0.083    0.290   -0.186    0.417    0.177
 603.00   20.318   20.318   20.331   -0.070   -0.725   -0.682   -0.070   -0.725    0.494    0.048    0.051    0.498    0.250
 603.10   20.620   20.621   20.622    0.253   -0.170   -0.380    0.253   -0.170    0.065   -0.096   -0.043    0.119    0.062
 603.20   21.891   21.936   22.082    1.413   -2.531    0.891    1.413   -2.531   -2.254    1.259   -3.577    4.598    2.206
 603.30   22.910   22.910   23.008    0.140   -2.112    1.910    0.140   -2.112   -4.033    0.267   -0.295    4.063    2.026
 603.40   23.180   23.182   23.398   -0.346   -3.173    2.180   -0.346   -3.173   -6.916   -0.753    1.097    7.470    3.522
 603.50   23.066   23.066   23.244    0.155   -2.867    2.066    0.155   -2.867   -5.923    0.320   -0.444    6.256    2.974
 603.60   23.574   23.576   23.659    0.317   -1.985    2.574    0.317   -1.985   -5.108    0.816   -0.629    5.332    2.606
 603.70   23.276   23.282   23.307   -0.531   -1.075    2.276   -0.531   -1.075   -2.448   -1.208    0.571    3.310    1.394
 603.80   22.243   22.313   22.328   -1.764    0.833    1.243   -1.764    0.833    1.035   -2.192   -1.469    2.675    1.417
 603.90   20.968   21.162   21.165   -2.864    0.354   -0.032   -2.864    0.354   -0.011    0.093   -1.013    4.163    0.509
 604.00   21.830   21.852   21.874   -0.995    0.972    0.830   -0.995    0.972    0.806   -0.825   -0.967    1.311    0.753
 604.10   21.570   21.599   21.603   -1.103    0.437    0.570   -1.103    0.437    0.249   -0.629   -0.482    0.867    0.415
 604.20   21.848   21.922   21.939   -1.801    0.865    0.848   -1.801    0.865    0.734   -1.527   -1.559    2.356    1.151
 604.30   21.054   21.165   21.195   -2.162    1.121    0.054   -2.162    1.121    0.061   -0.117   -2.424    2.968    1.214
 604.40   20.837   20.917   20.919   -1.833    0.288   -0.163   -1.833    0.288   -0.047    0.299   -0.527    1.734    0.304
 604.50   19.755   19.810   19.914   -1.478   -2.034   -1.245   -1.478   -2.034    2.533    1.841    3.007    3.936    2.170
 604.60   19.975   20.193   20.240   -2.961   -1.384   -1.025   -2.961   -1.384    1.419    3.035    4.099    5.867    2.647
 604.70   19.185   19.336   19.396   -2.411   -1.525   -1.815   -2.411   -1.525    2.767    4.376    3.676    5.716    3.175
 604.80   19.423   19.539   19.551   -2.127   -0.684   -1.577   -2.127   -0.684    1.079    3.354    1.456    3.740    1.906
 604.90   20.067   20.112   20.125   -1.351   -0.712   -0.933   -1.351   -0.712    0.664    1.260    0.962    1.601    0.859
 605.00   19.561   19.738   19.764   -2.638   -1.022   -1.439   -2.638   -1.022    1.471    3.797    2.696    5.038    2.442
 605.10   19.946   20.126   20.148   -2.690   -0.930   -1.054   -2.690   -0.930    0.981    2.835    2.501    4.605    1.953
 605.20   20.356   20.495   20.505   -2.389   -0.629   -0.644   -2.389   -0.629    0.405    1.540    1.503    3.260    1.095
 605.30   19.347   19.377   19.393   -1.071   -0.792   -1.653   -1.071   -0.792    1.308    1.770    0.848    2.252    1.179
 605.40   19.216   19.378   19.383   -2.499   -0.439   -1.784   -2.499   -0.439    0.784    4.459    1.098    4.811    2.329
 605.50   18.788   19.003   19.018   -2.849   -0.774   -2.212   -2.849   -0.774    1.711    6.304    2.204    6.806    3.447
 605.60   19.013   19.225   19.226   -2.848   -0.146   -1.987   -2.848   -0.146    0.289    5.658    0.414    6.039    2.840
 605.70   18.240   18.457   18.482   -2.824   -0.947   -2.760   -2.824   -0.947    2.613    7.792    2.673    8.243    4.321
 605.80   17.411   17.434   17.438   -0.881   -0.386   -3.589   -0.881   -0.386    1.384    3.161    0.340    6.902    1.734
 605.90   18.428   18.428   18.442   -0.046   -0.710   -2.572   -0.046   -0.710    1.825    0.119    0.033    3.560    0.915
 606.00   19.233   19.258   19.260    0.966   -0.319   -1.767    0.966   -0.319    0.564   -1.707   -0.308    2.078    0.912
 606.10   19.841   19.875   19.896    1.171   -0.907   -1.159    1.171   -0.907    1.051   -1.358   -1.062    1.769    1.009
 606.20   19.747   19.747   19.810   -0.008   -1.580   -1.253   -0.008   -1.580    1.980    0.010    0.013    2.033    0.990
 606.30   19.381   19.419   19.492    1.211   -1.692   -1.619    1.211   -1.692    2.739   -1.961   -2.049    3.475    1.971
 606.40   18.469   18.476   18.582    0.530   -1.982   -2.531    0.530   -1.982    5.016   -1.342   -1.051    5.307    2.649
 606.50   18.654   18.654   18.708    0.017   -1.423   -2.346    0.017   -1.423    3.339   -0.039   -0.024    3.766    1.670
 606.60   19.426   19.429   19.463   -0.322   -1.146   -1.574   -0.322   -1.146    1.803    0.507    0.370    1.947    0.955
 606.70   19.345   19.417   19.476   -1.671   -1.508   -1.655   -1.671   -1.508    2.495    2.765    2.520    3.903    2.249
 606.80   20.086   20.100   20.100   -0.744    0.053   -0.914   -0.744    0.053   -0.048    0.680   -0.039    0.696    0.341
 606.90   20.161   20.206   20.233    1.360   -1.044   -0.839    1.360   -1.044    0.876   -1.142   -1.420    1.823    1.011
 607.00   20.986   21.072   21.072    1.894   -0.080   -0.014    1.894   -0.080    0.001   -0.026   -0.151    1.797    0.076
 607.10   21.193   21.204   21.226    0.672    0.959    0.193    0.672    0.959    0.185    0.130    0.644    0.704    0.341
 607.20   20.699   20.707   20.708    0.604    0.106   -0.301    0.604    0.106   -0.032   -0.182    0.064    0.233    0.098
 607.30   21.107   21.110   21.126    0.359   -0.834    0.107    0.359   -0.834   -0.089    0.038   -0.300    0.418    0.157
 607.40   21.955   21.959   22.039    0.414   -1.871    0.955    0.414   -1.871   -1.787    0.395   -0.775    2.292    0.994
 607.50   21.561   21.562   21.574   -0.233   -0.720    0.561   -0.233   -0.720   -0.404   -0.131    0.168    0.444    0.228
 607.60   21.452   21.460   21.460    0.556   -0.055    0.452    0.556   -0.055   -0.025    0.252   -0.031    0.259    0.127
 607.70   22.693   22.706   22.714    0.776    0.576    1.693    0.776    0.576    0.975    1.314    0.447    1.900    0.848
 607.80   21.533   21.666   21.690    2.400   -1.021    0.533    2.400   -1.021   -0.544    1.279   -2.452    3.544    1.409
 607.90   22.486   22.509   22.523    1.020   -0.779    1.486    1.020   -0.779   -1.158    1.516   -0.795    1.929    1.034
 608.00   23.084   23.084   23.091   -0.119   -0.574    2.084   -0.119   -0.574   -1.196   -0.249    0.068    2.343    0.612
 608.10   21.888   21.949   21.987    1.639   -1.290    0.888    1.639   -1.290   -1.145    1.455   -2.114    2.569    1.405
 608.20   21.380   21.528   21.533    2.516   -0.487    0.380    2.516   -0.487   -0.185    0.957   -1.226    3.356    0.783
 608.30   20.475   20.565   20.762    1.923   -2.847   -0.525    1.923   -2.847    1.494   -1.009   -5.475    6.039    2.882
 608.40   20.664   20.665   20.687    0.135   -0.953   -0.336    0.135   -0.953    0.320   -0.045   -0.129    0.519    0.174
 608.50   20.816   20.823   20.893   -0.562   -1.708   -0.184   -0.562   -1.708    0.315    0.104    0.960    1.634    0.508
 608.60   20.711   20.734   20.887    0.977   -2.527   -0.289    0.977   -2.527    0.730   -0.282   -2.468    3.711    1.295
 608.70   21.463   21.465   21.607    0.283   -2.475    0.463    0.283   -2.475   -1.146    0.131   -0.701    3.210    0.675
 608.80   21.380   21.382   21.424   -0.291   -1.342    0.380   -0.291   -1.342   -0.510   -0.111    0.391    1.015    0.326
 608.90   22.119   22.139   22.139   -0.929   -0.045    1.119   -0.929   -0.045   -0.051   -1.039    0.042    1.058    0.521
 609.00   21.924   21.932   21.948   -0.600   -0.830    0.924   -0.600   -0.830   -0.767   -0.554    0.498    0.951    0.535
 609.10   21.384   21.384   21.507   -0.159   -2.299    0.384   -0.159   -2.299   -0.882   -0.061    0.367    2.730    0.478
 609.20   18.824   18.850   18.999   -0.979   -2.378   -2.176   -0.979   -2.378    5.175    2.130    2.328    5.675    3.031
 609.30   20.223   20.223   20.415    0.053   -2.793   -0.777    0.053   -2.793    2.170   -0.041   -0.147    4.203    1.088
 609.40   20.579   20.579   20.773   -0.063   -2.831   -0.421   -0.063   -2.831    1.191    0.027    0.179    4.098    0.602
 609.50   20.816   20.824   20.941    0.566   -2.206   -0.184    0.566   -2.206    0.405   -0.104   -1.249    2.610    0.658
 609.60   20.957   20.963   21.057    0.494   -1.989   -0.043    0.494   -1.989    0.085   -0.021   -0.983    2.101    0.493
 609.70   20.255   20.255   20.445   -0.069   -2.781   -0.745   -0.069   -2.781    2.073    0.051    0.191    4.148    1.041
 609.80   20.405   20.411   20.498   -0.492   -1.895   -0.595   -0.492   -1.895    1.128    0.293    0.932    2.093    0.746
 609.90   19.757   19.792   19.854   -1.163   -1.575   -1.243   -1.163   -1.575    1.957    1.445    1.832    2.689    1.523
 610.00   21.047   21.214   21.360   -2.657   -2.493    0.047   -2.657   -2.493   -0.117   -0.124    6.624    6.638    3.313
 610.10   21.168   21.439   21.570   -3.397   -2.375    0.168   -3.397   -2.375   -0.399   -0.570    8.070    8.606    4.050
 610.20   22.052   22.258   22.275   -3.021   -0.889    1.052   -3.021   -0.889   -0.935   -3.177    2.687    5.513    2.132
 610.30   21.974   22.108   22.111   -2.431    0.368    0.974   -2.431    0.368    0.359   -2.367   -0.896    3.497    1.278
 610.40   22.415   22.719   22.776   -3.702    1.620    1.415   -3.702    1.620    2.292   -5.238   -5.998    9.166    4.143
 610.50   22.171   22.639   22.639   -4.580    0.055    1.171   -4.580    0.055    0.064   -5.362   -0.251   11.176    2.684
 610.60   20.644   21.159   21.159   -4.638   -0.200   -0.356   -4.638   -0.200    0.071    1.651    0.928   10.839    0.948
 610.70   20.659   20.964   21.009   -3.561   -1.381   -0.341   -3.561   -1.381    0.471    1.214    4.918    7.352    2.544
 610.80   21.196   21.415   21.492   -3.057   -1.821    0.196   -3.057   -1.821   -0.356   -0.598    5.567    6.351    2.805
 610.90   21.606   21.756   21.768   -2.545   -0.722    0.606   -2.545   -0.722   -0.438   -1.544    1.839    3.684    1.220
 611.00   22.641   22.750   22.750   -2.229   -0.101    1.641   -2.229   -0.101   -0.166   -3.657    0.225    3.835    1.834
 611.10   22.393   22.551   22.557   -2.662    0.509    1.393   -2.662    0.509    0.709   -3.709   -1.355    4.643    2.006
 611.20   22.173   22.311   22.352   -2.478    1.351    1.173   -2.478    1.351    1.585   -2.907   -3.348    4.671    2.354
 611.30   22.668   22.936   22.944   -3.493    0.616    1.668   -3.493    0.616    1.027   -5.826   -2.151    7.680    3.147
 611.40   24.954   25.223   25.308   -3.678   -2.067    3.954   -3.678   -2.067   -8.173  -14.541    7.603   16.716    9.166
 611.50   24.887   25.038   25.175   -2.746   -2.620    3.887   -2.746   -2.620  -10.183  -10.674    7.193   14.756    8.206
 611.60   25.285   25.411   25.481   -2.529   -1.888    4.285   -2.529   -1.888   -8.088  -10.839    4.774   14.162    7.171
 611.70   24.417   24.680   24.852   -3.595   -2.917    3.417   -3.595   -2.917   -9.966  -12.285   10.485   16.554    9.489
 611.80   22.764   23.009   23.183   -3.347   -2.834    1.764   -3.347   -2.834   -4.999   -5.905    9.485   11.173    6.120
 611.90   22.521   22.625   23.026   -2.165   -4.278    1.521   -2.165   -4.278   -6.507   -3.293    9.262   12.652    5.894
 612.00   20.887   20.915   21.372   -1.096   -4.393   -0.113   -1.096   -4.393    0.498    0.124    4.816   10.255    2.421
 612.10   21.514   21.559   21.909   -1.384   -3.904    0.514   -1.384   -3.904   -2.008   -0.712    5.404    8.711    2.904
 612.20   22.116   22.118   22.496   -0.297   -4.110    1.116   -0.297   -4.110   -4.586   -0.331    1.220    9.115    2.379
 612.30   22.565   22.565   22.880   -0.034   -3.782    1.565   -0.034   -3.782   -5.919   -0.052    0.127    8.379    2.960
 612.40   22.473   22.473   22.849    0.060   -4.124    1.473    0.060   -4.124   -6.077    0.088   -0.247    9.592    3.041
 612.50   21.862   21.877   22.157   -0.808   -3.513    0.862   -0.808   -3.513   -3.029   -0.697    2.839    6.869    2.105
 612.60   21.197   21.210   21.557   -0.743   -3.856    0.197   -0.743   -3.856   -0.758   -0.146    2.866    7.731    1.484
 612.70   21.298   21.326   21.822   -1.104   -4.627    0.298   -1.104   -4.627   -1.376   -0.329    5.109   11.357    2.651
 612.80   20.435   20.447   20.634    0.681   -2.772   -0.565    0.681   -2.772    1.565   -0.385   -1.888    4.232    1.241
 612.90   19.750   19.773   20.108   -0.940   -3.653   -1.250   -0.940   -3.653    4.565    1.175    3.435    7.897    2.916
 613.00   20.148   20.332   20.559   -2.731   -3.047   -0.852   -2.731   -3.047    2.596    2.328    8.321    8.733    4.511
 613.10   20.437   20.471   20.518   -1.173   -1.396   -0.563   -1.173   -1.396    0.786    0.660    1.637    1.820    0.966
 613.20   21.037   21.086   21.435   -1.433   -3.853    0.037   -1.433   -3.853   -0.144   -0.053    5.520    8.451    2.761
 613.30   21.191   21.241   21.605   -1.455   -3.949    0.191   -1.455   -3.949   -0.756   -0.278    5.745    8.873    2.901
 613.40   21.103   21.122   21.212   -0.875   -1.952    0.103   -0.875   -1.952   -0.202   -0.091    1.708    2.293    0.861
 613.50   19.447   19.482   19.522   -1.161   -1.247   -1.553   -1.161   -1.247    1.936    1.803    1.448    2.657    1.508
 613.60   19.302   19.467   19.475   -2.530   -0.546   -1.698   -2.530   -0.546    0.928    4.296    1.383    4.791    2.304
 613.70   20.577   20.904   20.927   -3.688   -0.975   -0.423   -3.688   -0.975    0.413    1.562    3.594    7.365    1.970
 613.80   20.140   20.480   20.483   -3.716   -0.331   -0.860   -3.716   -0.331    0.285    3.195    1.232    7.329    1.718
 613.90   19.848   20.117   20.134   -3.280   -0.827   -1.152   -3.280   -0.827    0.953    3.779    2.713    6.386    2.374
 614.00   20.317   20.506   20.514   -2.780   -0.587   -0.683   -2.780   -0.587    0.401    1.899    1.631    4.268    1.268
 614.10   20.994   21.217   21.235   -3.069   -0.881   -0.006   -3.069   -0.881    0.005    0.018    2.704    5.096    1.352
 614.20   20.903   21.313   21.314   -4.156    0.285   -0.097   -4.156    0.285   -0.028    0.402   -1.184    8.683    0.625
 614.30   21.111   21.481   21.483   -3.970    0.338    0.111   -3.970    0.338    0.037   -0.439   -1.342    7.945    0.706
 614.40   20.346   20.527   20.622   -2.719    1.974   -0.654   -2.719    1.974   -1.291    1.778   -5.369    5.861    2.901
 614.50   21.198   21.557   21.737   -3.918    2.792    0.198   -3.918    2.792    0.552   -0.774  -10.941   11.594    5.491
 614.60   22.769   22.989   23.102   -3.170    2.288    1.769   -3.170    2.288    4.048   -5.608   -7.253    9.206    5.011
 614.70   22.184   22.330   22.344   -2.546    0.792    1.184   -2.546    0.792    0.938   -3.015   -2.016    4.255    1.873
 614.80   20.388   20.640   20.677   -3.216    1.229   -0.612   -3.216    1.229   -0.752    1.967   -3.953    6.114    2.239
 614.90   20.353   20.905   20.940   -4.773    1.210   -0.647   -4.773    1.210   -0.783    3.088   -5.775   12.332    3.297
 615.00   20.017   20.418   20.450   -4.027    1.146   -0.983   -4.027    1.146   -1.126    3.958   -4.613    9.246    3.091
 615.10   18.912   19.658   19.659   -5.361    0.216   -2.088   -5.361    0.216   -0.452   11.192   -1.160   16.573    5.630
 615.20   18.566   19.036   19.044   -4.205   -0.552   -2.434   -4.205   -0.552    1.344   10.238    2.323   11.959    5.292
 615.30   19.021   19.454   19.476   -4.082    0.922   -1.979   -4.082    0.922   -1.825    8.079   -3.764   10.716    4.549
 615.40   19.227   19.759   19.837   -4.558    1.749   -1.773   -4.558    1.749   -3.103    8.084   -7.974   13.491    5.885
 615.50   19.377   19.833   19.979   -4.229    2.408   -1.623   -4.229    2.408   -3.908    6.864  -10.182   13.157    6.443
 615.60   18.349   19.160   19.275   -5.515    2.108   -2.651   -5.515    2.108   -5.589   14.620  -11.627   20.943    9.749
 615.70   17.489   18.633   18.638   -6.427    0.442   -3.511   -6.427    0.442   -1.552   22.565   -2.841   26.915   11.398
 615.80   17.515   18.635   18.636   -6.362    0.155   -3.485   -6.362    0.155   -0.541   22.170   -0.988   26.322   11.099
 615.90   15.891   17.691   17.695   -7.777   -0.374   -5.109   -7.777   -0.374    1.910   39.735    2.906   43.362   19.943
 616.00   17.055   18.782   18.782   -7.867   -0.042   -3.945   -7.867   -0.042    0.168   31.037    0.334   38.730   15.520
 616.10   16.867   18.705   18.721   -8.085   -0.760   -4.133   -8.085   -0.760    3.139   33.413    6.141   41.514   17.059
 616.20   17.009   18.203   18.244   -6.483   -1.230   -3.991   -6.483   -1.230    4.911   25.874    7.976   29.735   13.759
 616.30   17.167   18.926   19.039   -7.969   -2.069   -3.833   -7.969   -2.069    7.931   30.548   16.488   41.239   17.804
 616.40   18.556   19.855   19.925   -7.066   -1.660   -2.444   -7.066   -1.660    4.059   17.274   11.733   29.333   10.636
 616.50   19.520   20.379   20.404   -5.855   -1.021   -1.480   -5.855   -1.021    1.512    8.668    5.979   18.759    5.319
 616.60   19.672   20.648   20.648   -6.271   -0.014   -1.328   -6.271   -0.014    0.019    8.327    0.090   20.545    4.164
 616.70   17.325   18.622   18.626   -6.829   -0.389   -3.675   -6.829   -0.389    1.431   25.093    2.658   30.142   12.637
 616.80   16.319   18.246   18.309   -8.161   -1.511   -4.681   -8.161   -1.511    7.072   38.198   12.330   45.396   20.379
 616.90   16.181   17.665   17.688   -7.087   -0.915   -4.819   -7.087   -0.915    4.410   34.156    6.485   37.147   17.523
 617.00   15.995   17.365   17.454   -6.760   -1.759   -5.005   -6.760   -1.759    8.805   33.837   11.893   36.925   18.466
 617.10   16.901   18.231   18.440   -6.834   -2.773   -4.099   -6.834   -2.773   11.367   28.009   18.952   35.594   17.839
 617.20   15.554   16.828   17.145   -6.423   -3.280   -5.446   -6.423   -3.280   17.865   34.981   21.069   40.838   22.286
 617.30   15.134   15.740   15.788   -4.323   -1.230   -5.866   -4.323   -1.230    7.213   25.359    5.317   27.304   13.448
 617.40   15.189   16.058   16.075   -5.211   -0.742   -5.811   -5.211   -0.742    4.313   30.285    3.868   30.740   15.417
 617.50   15.315   15.862   15.882   -4.128   -0.803   -5.685   -4.128   -0.803    4.564   23.466    3.313   25.000   12.067
 617.60   15.125   15.386   15.450   -2.824   -1.403   -5.875   -2.824   -1.403    8.243   16.591    3.962   22.230    9.472
 617.70   14.013   14.485   14.503   -3.667   -0.730   -6.987   -3.667   -0.730    5.098   25.624    2.676   31.399   13.131
 617.80   14.884   15.080   15.166   -2.422    1.615   -6.116   -2.422    1.615   -9.876   14.813   -3.911   22.940    9.114
 617.90   15.094   15.178   15.179   -1.595   -0.163   -5.906   -1.595   -0.163    0.965    9.421    0.261   18.728    4.737
 618.00   14.814   14.843   14.919   -0.917   -1.505   -6.186   -0.917   -1.505    9.309    5.673    1.380   20.685    5.494
 618.10   14.881   15.033   15.135   -2.127   -1.757   -6.119   -2.127   -1.757   10.749   13.012    3.736   22.523    8.643
 618.20   15.258   15.390   15.559   -2.013   -2.287   -5.742   -2.013   -2.287   13.130   11.557    4.603   21.125    9.044
 618.30   15.071   15.365   15.483   -2.992   -1.908   -5.929   -2.992   -1.908   11.311   17.740    5.707   23.873   10.899
 618.40   15.038   15.091   15.137   -1.265   -1.182   -5.962   -1.265   -1.182    7.045    7.542    1.495   19.270    5.214
 618.50   15.814   15.878   15.878   -1.423    0.058   -5.186   -1.423    0.058   -0.300    7.380   -0.082   14.462    3.693
 618.60   16.064   16.216   16.217   -2.220    0.126   -4.936   -2.220    0.126   -0.621   10.957   -0.279   14.655    5.489
 618.70   17.737   17.875   17.880   -2.217   -0.411   -3.263   -2.217   -0.411    1.343    7.232    0.912    7.864    3.706
 618.80   18.524   18.768   18.787   -3.017   -0.843   -2.476   -3.017   -0.843    2.088    7.471    2.543    7.972    4.082
 618.90   17.582   17.947   17.947   -3.600    0.016   -3.418   -3.600    0.016   -0.054   12.304   -0.057   12.320    6.152
 619.00   16.611   17.024   17.027   -3.728   -0.352   -4.389   -3.728   -0.352    1.545   16.363    1.312   16.644    8.244
 619.10   15.958   16.148   16.201   -2.471   -1.312   -5.042   -2.471   -1.312    6.617   12.458    3.242   16.626    7.237
 619.20   16.176   16.405   16.480   -2.734   -1.564   -4.824   -2.734   -1.564    7.543   13.190    4.275   16.596    7.892
 619.30   16.762   17.010   17.071   -2.893   -1.446   -4.238   -2.893   -1.446    6.129   12.261    4.184   14.212    7.166
 619.40   17.358   17.809   17.821   -3.979   -0.659   -3.642   -3.979   -0.659    2.399   14.488    2.621   14.762    7.459
 619.50   17.046   17.596   17.597   -4.364   -0.178   -3.954   -4.364   -0.178    0.702   17.253    0.775   17.353    8.642
 619.60   16.333   16.950   17.048   -4.533   -1.821   -4.667   -4.533   -1.821    8.499   21.155    8.255   22.822   12.123
 619.70   16.985   18.033   18.207   -6.058   -2.507   -4.015   -6.058   -2.507   10.064   24.319   15.186   29.549   15.193
 619.80   17.025   18.612   18.634   -7.521   -0.905   -3.975   -7.521   -0.905    3.599   29.897    6.809   36.592   15.437
 619.90   16.490   17.802   17.812   -6.707    0.588   -4.510   -6.707    0.588   -2.652   30.249   -3.944   32.837   15.310
 620.00   16.803   17.999   18.026   -6.450   -0.989   -4.197   -6.450   -0.989    4.153   27.071    6.383   30.100   14.061
 620.10   17.056   18.037   18.120   -5.867   -1.738   -3.944   -5.867   -1.738    6.853   23.138   10.194   26.497   13.098
 620.20   17.596   19.114   19.116   -7.464    0.289   -3.404   -7.464    0.289   -0.984   25.406   -2.158   33.692   12.758
 620.30   19.021   19.982   19.984   -6.123   -0.216   -1.979   -6.123   -0.216    0.427   12.118    1.320   20.729    6.099
 620.40   18.247   19.061   19.072   -5.509    0.657   -2.753   -5.509    0.657   -1.809   15.165   -3.620   19.180    7.848
 620.50   18.614   19.813   19.851   -6.787    1.233   -2.386   -6.787    1.233   -2.940   16.190   -8.365   26.633    9.229
 620.60   19.590   20.054   20.094   -4.289    1.275   -1.410   -4.289    1.275   -1.798    6.049   -5.468   11.007    4.175
 620.70   19.243   19.546   19.620   -3.430    1.696   -1.757   -3.430    1.696   -2.980    6.025   -5.817    8.863    4.445
 620.80   19.315   19.480   19.491   -2.528    0.671   -1.685   -2.528    0.671   -1.130    4.259   -1.696    4.840    2.361
 620.90   19.873   20.003   20.004   -2.280   -0.224   -1.127   -2.280   -0.224    0.252    2.570    0.510    3.260    1.316
 621.00   18.763   19.037   19.038   -3.216    0.265   -2.237   -3.216    0.265   -0.592    7.195   -0.851    7.710    3.635
 621.10   16.859   17.426   17.428   -4.412   -0.233   -4.141   -4.412   -0.233    0.967   18.272    1.030   18.336    9.163
 621.20   15.642   16.309   16.309   -4.614   -0.130   -5.358   -4.614   -0.130    0.695   24.723    0.598   25.008   12.370
 621.30   16.647   17.140   17.147   -4.081    0.510   -4.353   -4.081    0.510   -2.221   17.767   -2.082   17.935    9.013
 621.40   17.978   18.445   18.473   -4.127    1.015   -3.022   -4.127    1.015   -3.067   12.475   -4.189   13.600    6.756
 621.50   18.155   18.604   18.606   -4.060    0.318   -2.845   -4.060    0.318   -0.903   11.552   -1.289   12.341    5.829
 621.60   17.732   18.326   18.327   -4.627    0.179   -3.268   -4.627    0.179   -0.584   15.118   -0.826   16.057    7.576
 621.70   17.907   18.487   18.495   -4.594   -0.566   -3.093   -4.594   -0.566    1.752   14.213    2.602   15.500    7.277
 621.80   17.927   18.356   18.356   -3.944    0.001   -3.073   -3.944    0.001   -0.002   12.122   -0.003   12.502    6.061
 621.90   17.606   18.064   18.143   -4.043   -1.696   -3.394   -4.043   -1.696    5.757   13.725    6.858   15.374    8.194
 622.00   18.743   19.005   19.005   -3.143   -0.058   -2.257   -3.143   -0.058    0.132    7.095    0.184    7.490    3.549
 622.10   17.980   18.324   18.368   -3.535    1.272   -3.020   -3.535    1.272   -3.842   10.676   -4.497   11.618    6.102
 622.20   16.846   17.398   17.503   -4.347    1.918   -4.154   -4.347    1.918   -7.967   18.059   -8.337   19.917   10.714
 622.30   18.171   18.830   18.938   -4.938    2.026   -2.829   -4.938    2.026   -5.733   13.971  -10.004   18.246    9.057
 622.40   18.016   18.345   18.365   -3.461    0.853   -2.984   -3.461    0.853   -2.546   10.330   -2.953   10.808    5.521
 622.50   17.795   18.177   18.185   -3.709   -0.539   -3.205   -3.709   -0.539    1.728   11.887    2.000   12.159    6.089
 622.60   17.453   17.904   17.908   -3.994    0.376   -3.547   -3.994    0.376   -1.332   14.165   -1.500   14.335    7.153
 622.70   17.315   17.720   17.733   -3.768    0.669   -3.685   -3.768    0.669   -2.464   13.885   -2.520   14.112    7.163
 622.80   18.444   18.541   18.623   -1.894    1.749   -2.556   -1.894    1.749   -4.471    4.842   -3.313    6.590    3.688
 622.90   18.986   19.143   19.177   -2.445    1.146   -2.014   -2.445    1.146   -2.308    4.924   -2.803    5.674    3.059
 623.00   17.819   18.002   18.003   -2.558    0.148   -3.181   -2.558    0.148   -0.470    8.137   -0.378    8.341    4.079
 623.10   17.217   17.455   17.473   -2.868   -0.796   -3.783   -2.868   -0.796    3.010   10.850    2.283   11.584    5.744
 623.20   15.684   15.753   15.758   -1.469   -0.392   -5.316   -1.469   -0.392    2.085    7.808    0.576   15.283    4.051
 623.30   16.205   16.331   16.332   -2.030   -0.081   -4.795   -2.030   -0.081    0.388    9.733    0.164   13.560    4.871
 623.40   16.882   17.023   17.031   -2.193   -0.508   -4.118   -2.193   -0.508    2.094    9.030    1.115   11.014    4.668
 623.50   17.232   17.277   17.277   -1.235   -0.152   -3.768   -1.235   -0.152    0.574    4.655    0.188    7.872    2.347
 623.60   17.015   17.021   17.047   -0.420   -0.941   -3.985   -0.420   -0.941    3.750    1.675    0.396    8.470    2.063
 623.70   18.254   18.301   18.304   -1.307   -0.314   -2.746   -1.307   -0.314    0.863    3.588    0.411    4.673    1.857
 623.80   17.571   17.689   17.689   -2.036   -0.117   -3.429   -2.036   -0.117    0.402    6.982    0.239    7.958    3.499
 623.90   17.814   17.974   18.117   -2.396   -2.273   -3.186   -2.396   -2.273    7.241    7.633    5.445   10.528    5.924
 624.00   17.496   17.852   17.947   -3.548   -1.848   -3.504   -3.548   -1.848    6.476   12.435    6.558   14.143    7.739
 624.10   18.069   18.373   18.481   -3.330   -1.990   -2.931   -3.330   -1.990    5.832    9.760    6.625   11.818    6.579
 624.20   18.198   18.656   18.777   -4.106   -2.125   -2.802   -4.106   -2.125    5.953   11.504    8.726   14.613    7.809
 624.30   16.071   16.499   16.710   -3.732   -2.647   -4.929   -3.732   -2.647   13.047   18.393    9.880   22.613   12.310
 624.40   15.298   16.105   16.366   -5.032   -2.913   -5.702   -5.032   -2.913   16.608   28.693   14.658   33.159   18.124
 624.50   15.300   15.887   15.966   -4.279   -1.593   -5.700   -4.279   -1.593    9.080   24.390    6.815   26.669   13.452
 624.60   14.823   15.264   15.288   -3.643   -0.861   -6.177   -3.643   -0.861    5.320   22.503    3.137   26.086   11.667
 624.70   14.905   15.341   15.343   -3.632   -0.184   -6.095   -3.632   -0.184    1.122   22.133    0.669   25.183   11.086
 624.80   14.388   14.584   14.653   -2.387   -1.416   -6.612   -2.387   -1.416    9.363   15.787    3.381   25.715    9.332
 624.90   14.382   14.545   14.596   -2.173   -1.218   -6.618   -2.173   -1.218    8.062   14.381    2.647   25.004    8.349
 625.00   15.166   15.297   15.330   -1.996   -1.002   -5.834   -1.996   -1.002    5.848   11.645    2.001   19.513    6.592
 625.10   15.929   15.971   15.999   -1.154   -0.951   -5.071   -1.154   -0.951    4.822    5.850    1.097   13.974    3.830
 625.20   15.542   15.548   15.549   -0.401    0.222   -5.458   -0.401    0.222   -1.213    2.188   -0.089   14.997    1.252
 625.30   14.554   14.555   14.727    0.146   -2.241   -6.446    0.146   -2.241   14.447   -0.944   -0.328   23.297    7.241
 625.40   14.635   14.640   14.804    0.364   -2.201   -6.365    0.364   -2.201   14.011   -2.314   -0.800   22.744    7.112
 625.50   15.401   15.428   15.449   -0.907   -0.800   -5.599   -0.907   -0.800    4.481    5.078    0.726   16.404    3.406
 625.60   14.112   14.128   14.178   -0.678   -1.184   -6.888   -0.678   -1.184    8.156    4.668    0.802   24.655    4.716
 625.70   13.813   13.834   13.844   -0.766   -0.507   -7.187   -0.766   -0.507    3.641    5.508    0.388   26.247    3.307
 625.80   14.757   14.873   14.893   -1.856    0.763   -6.243   -1.856    0.763   -4.766   11.589   -1.417   21.504    6.305
 625.90   12.709   13.378   13.501   -4.176    1.820   -8.291   -4.176    1.820  -15.092   34.622   -7.602   44.744   19.263
 626.00   12.743   13.747   13.780   -5.157    0.950   -8.257   -5.157    0.950   -7.844   42.578   -4.899   47.835   21.785
 626.10   14.005   14.703   14.727   -4.475   -0.846   -6.995   -4.475   -0.846    5.920   31.300    3.787   34.832   16.039
 626.20   14.116   14.549   14.551   -3.523   -0.251   -6.884   -3.523   -0.251    1.728   24.254    0.885   29.935   12.166
 626.30   13.396   13.650   13.679   -2.620    0.879   -7.604   -2.620    0.879   -6.686   19.922   -2.304   32.727   10.570
 626.40   13.333   13.696   13.735   -3.131    1.036   -7.667   -3.131    1.036   -7.946   24.005   -3.245   34.830   12.746
 626.50   13.275   13.904   13.905   -4.134   -0.215   -7.725   -4.134   -0.215    1.658   31.934    0.887   38.405   15.995
 626.60   14.080   14.433   14.436   -3.173   -0.252   -6.920   -3.173   -0.252    1.746   21.957    0.801   29.008   11.021
 626.70   14.889   15.004   15.023   -1.852    0.751   -6.111   -1.852    0.751   -4.587   11.318   -1.390   20.666    6.145
 626.80   15.071   15.081   15.083   -0.538   -0.273   -5.929   -0.538   -0.273    1.620    3.192    0.147   17.756    1.791
 626.90   14.705   15.096   15.155   -3.415   -1.332   -6.295   -3.415   -1.332    8.387   21.494    4.549   26.530   11.758
 627.00   14.343   15.014   15.014   -4.436    0.011   -6.657   -4.436    0.011   -0.073   29.528   -0.048   31.994   14.764
 627.10   12.958   13.783   13.822   -4.697   -1.032   -8.042   -4.697   -1.032    8.300   37.772    4.848   43.899   19.488
 627.20   13.226   14.047   14.048   -4.733    0.182   -7.774   -4.733    0.182   -1.417   36.793   -0.863   41.434   18.415
 627.30   12.892   13.613   13.613   -4.371   -0.044   -8.108   -4.371   -0.044    0.353   35.439    0.190   42.421   17.721
 627.40   13.115   13.573   13.574   -3.497   -0.143   -7.885   -3.497   -0.143    1.131   27.572    0.502   37.210   13.800
 627.50   12.655   13.118   13.146   -3.455    0.863   -8.345   -3.455    0.863   -7.202   28.834   -2.982   41.164   14.934
 627.60   12.636   13.025   13.051   -3.161    0.826   -8.364   -3.161    0.826   -6.910   26.437   -2.611   40.318   13.725
 627.70   12.500   13.164   13.212   -4.128   -1.114   -8.500   -4.128   -1.114    9.472   35.088    4.601   45.263   18.317
 627.80   12.399   13.291   13.445   -4.787   -2.028   -8.601   -4.787   -2.028   17.445   41.170    9.709   50.499   22.878
 627.90   12.379   13.657   13.754   -5.767   -1.630   -8.621   -5.767   -1.630   14.048   49.712    9.398   55.112   26.253
 628.00   13.337   14.378   14.410   -5.371   -0.964   -7.663   -5.371   -0.964    7.388   41.162    5.179   44.253   21.070
 628.10   11.859   12.635   12.667   -4.361    0.889   -9.141   -4.361    0.889   -8.127   39.864   -3.877   51.684   20.434
 628.20   12.678   13.474   13.509   -4.563    0.965   -8.322   -4.563    0.965   -8.031   37.978   -4.404   45.507   19.533
 628.30   12.520   13.010   13.029   -3.536    0.705   -8.480   -3.536    0.705   -5.979   29.989   -2.493   42.459   15.340
 628.40   12.807   13.274   13.274   -3.491   -0.111   -8.193   -3.491   -0.111    0.910   28.605    0.388   39.666   14.311
 628.50   14.050   14.506   14.529   -3.610    0.805   -6.950   -3.610    0.805   -5.596   25.090   -2.906   30.992   12.935
 628.60   13.611   14.226   14.234   -4.138   -0.476   -7.389   -4.138   -0.476    3.518   30.579    1.970   35.976   15.422
 628.70   12.582   13.222   13.255   -4.062   -0.932   -8.418   -4.062   -0.932    7.844   34.193    3.786   44.112   17.643
 628.80   12.557   13.597   13.607   -5.216   -0.505   -8.443   -5.216   -0.505    4.260   44.039    2.632   49.372   22.161
 628.90   12.582   13.262   13.395   -4.192   -1.887   -8.418   -4.192   -1.887   15.889   35.290    7.912   46.002   19.751
 629.00   12.551   13.257   13.259   -4.270    0.229   -8.449   -4.270    0.229   -1.933   36.081   -0.977   44.838   18.073
 629.10   12.677   13.085   13.087   -3.243    0.243   -8.323   -3.243    0.243   -2.025   26.994   -0.789   39.926   13.541
 629.20   13.255   13.653   13.659   -3.272    0.396   -7.745   -3.272    0.396   -3.064   25.344   -1.295   35.423   12.781
 629.30   12.689   12.861   12.862   -2.098   -0.034   -8.311   -2.098   -0.034    0.285   17.435    0.072   36.736    8.719
 629.40   13.912   14.473   14.475   -3.990   -0.258   -7.088   -3.990   -0.258    1.829   28.277    1.030   33.109   14.177
 629.50   13.844   14.350   14.361   -3.776   -0.570   -7.156   -3.776   -0.570    4.081   27.020    2.154   32.895   13.706
 629.60   14.158   14.532   14.535   -3.275   -0.312   -6.842   -3.275   -0.312    2.135   22.411    1.022   28.819   11.268
 629.70   15.161   15.612   15.667   -3.723    1.311   -5.839   -3.723    1.311   -7.654   21.737   -4.880   24.835   11.778
 629.80   14.825   15.146   15.146   -3.102    0.075   -6.175   -3.102    0.075   -0.466   19.153   -0.234   23.879    9.580
 629.90   13.735   13.789   13.832   -1.210    1.091   -7.265   -1.210    1.091   -7.926    8.793   -1.321   27.714    5.956
 630.00   13.705   13.761   13.894   -1.239    1.917   -7.295   -1.239    1.917  -13.983    9.041   -2.376   29.211    8.410
 630.10   12.998   13.118   13.180   -1.772    1.269   -8.002   -1.772    1.269  -10.154   14.181   -2.249   34.390    8.793
 630.20   13.268   13.431   13.431   -2.086    0.106   -7.732   -2.086    0.106   -0.818   16.133   -0.221   32.075    8.078
 630.30   13.344   13.789   13.822   -3.475    0.960   -7.656   -3.475    0.960   -7.346   26.605   -3.335   35.805   13.901
 630.40   12.493   13.473   13.632   -5.045    2.077   -8.507   -5.045    2.077  -17.666   42.917  -10.476   51.067   23.789
 630.50   12.405   13.211   13.377   -4.542    2.104   -8.595   -4.542    2.104  -18.085   39.041   -9.558   49.465   22.038
 630.60   12.351   13.773   14.027   -6.095    2.657   -8.649   -6.095    2.657  -22.978   52.714  -16.193   59.504   29.871
 630.70   12.473   13.197   13.239   -4.312    1.050   -8.527   -4.312    1.050   -8.956   36.766   -4.528   46.204   19.055
 630.80   14.226   14.732   14.823   -3.831    1.634   -6.774   -3.831    1.634  -11.070   25.951   -6.260   31.618   14.450
 630.90   13.024   13.364   13.634   -2.994    2.697   -7.976   -2.994    2.697  -21.511   23.883   -8.076   39.926   16.570
 631.00   12.456   13.083   13.402   -4.000    2.909   -8.544   -4.000    2.909  -24.854   34.177  -11.637   48.730   21.916
 631.10   12.258   12.869   12.945   -3.917    1.403   -8.742   -3.917    1.403  -12.264   34.241   -5.495   46.863   18.392
 631.20   13.772   13.973   14.055   -2.362    1.512   -7.228   -2.362    1.512  -10.929   17.073   -3.572   30.053   10.292
 631.30   14.225   14.454   14.565   -2.562    1.794   -6.775   -2.562    1.794  -12.155   17.356   -4.596   27.841   10.841
 631.40   14.301   14.303   14.339   -0.249    1.027   -6.699   -0.249    1.027   -6.878    1.666   -0.255   22.999    3.540
 631.50   14.679   14.738   14.749    1.318    0.559   -6.321    1.318    0.559   -3.536   -8.330    0.737   21.001    4.540
 631.60   13.992   13.997   14.058    0.379    1.313   -7.008    0.379    1.313   -9.204   -2.657    0.498   25.492    4.797
 631.70   12.457   12.461   12.479    0.329    0.663   -8.543    0.329    0.663   -5.665   -2.810    0.218   36.767    3.164
 631.80   14.059   14.059   14.161   -0.114    1.697   -6.941   -0.114    1.697  -11.782    0.790   -0.193   25.539    5.905
 631.90   15.180   15.242   15.249   -1.372    0.466   -5.820   -1.372    0.466   -2.710    7.983   -0.639   17.985    4.227
 632.00   15.224   15.490   15.492   -2.860    0.223   -5.776   -2.860    0.223   -1.287   16.519   -0.637   20.796    8.290
 632.10   16.407   16.612   16.613   -2.607    0.138   -4.593   -2.607    0.138   -0.632   11.977   -0.359   13.959    6.000
 632.20   16.776   17.009   17.033   -2.810   -0.888   -4.224   -2.810   -0.888    3.751   11.870    2.495   13.264    6.348
 632.30   15.901   16.548   16.548   -4.582    0.137   -5.099   -4.582    0.137   -0.697   23.367   -0.627   23.510   11.693
 632.40   15.510   16.035   16.040   -4.068   -0.416   -5.490   -4.068   -0.416    2.283   22.333    1.692   23.431   11.257
 632.50   15.484   16.059   16.073   -4.258    0.665   -5.516   -4.258    0.665   -3.667   23.485   -2.830   24.498   11.969
 632.60   16.812   17.468   17.468   -4.742    0.040   -4.188   -4.742    0.040   -0.166   19.861   -0.188   20.016    9.931
 632.70   16.663   17.360   17.367   -4.871    0.501   -4.337   -4.871    0.501   -2.174   21.128   -2.441   21.396   10.690
 632.80   17.243   18.106   18.107   -5.525   -0.141   -3.757   -5.525   -0.141    0.530   20.757    0.779   22.329   10.389
 632.90   17.267   18.202   18.208   -5.757    0.467   -3.733   -5.757    0.467   -1.743   21.489   -2.688   23.646   10.863
 633.00   17.204   18.015   18.015   -5.344   -0.146   -3.796   -5.344   -0.146    0.556   20.288    0.782   21.496   10.155
 633.10   17.873   18.589   18.598   -5.110   -0.561   -3.127   -5.110   -0.561    1.753   15.979    2.865   18.103    8.164
 633.20   18.249   19.052   19.057   -5.472   -0.467   -2.751   -5.472   -0.467    1.286   15.053    2.557   18.863    7.661
 633.30   16.999   17.641   17.651   -4.716   -0.577   -4.001   -4.716   -0.577    2.308   18.869    2.721   19.291    9.601
 633.40   16.604   17.073   17.110   -3.973   -1.124   -4.396   -3.973   -1.124    4.942   17.463    4.467   18.185    9.345
 633.50   15.366   15.859   15.992   -3.924   -2.056   -5.634   -3.924   -2.056   11.584   22.107    8.068   25.683   13.115
 633.60   15.794   16.664   16.721   -5.315   -1.372   -5.206   -5.315   -1.372    7.143   27.671    7.293   28.618   14.747
 633.70   15.612   17.067   17.068   -6.893    0.218   -5.388   -6.893    0.218   -1.176   37.139   -1.505   38.296   18.594
 633.80   14.955   16.746   16.808   -7.536    1.438   -6.045   -7.536    1.438   -8.691   45.559  -10.834   47.703   23.814
 633.90   15.351   17.003   17.030   -7.310    0.966   -5.649   -7.310    0.966   -5.455   41.292   -7.059   43.137   21.122
 634.00   14.738   16.259   16.269   -6.867   -0.560   -6.262   -6.867   -0.560    3.505   43.001    3.843   43.340   21.657
 634.10   15.488   17.972   18.070   -9.118   -1.871   -5.512   -9.118   -1.871   10.315   50.265   17.063   58.517   27.038
 634.20   15.354   18.408   18.412  -10.154   -0.393   -5.646  -10.154   -0.393    2.218   57.330    3.988   67.568   28.756
 634.30   13.948   16.770   16.787   -9.310   -0.747   -7.052   -9.310   -0.747    5.270   65.657    6.957   68.487   33.117
 634.40   13.646   16.790   16.804   -9.782   -0.685   -7.354   -9.782   -0.685    5.038   71.943    6.702   75.125   36.215
 634.50   12.265   14.968   14.969   -8.580    0.212   -8.735   -8.580    0.212   -1.848   74.952   -1.815   74.986   37.498
 634.60   12.020   15.308   15.350   -9.479    1.125   -8.980   -9.479    1.125  -10.106   85.120  -10.668   85.878   43.190
 634.70   12.868   15.764   15.820   -9.106    1.323   -8.132   -9.106    1.323  -10.756   74.049  -12.045   75.398   37.895
 634.80   12.183   14.923   15.075   -8.617    2.135   -8.817   -8.617    2.135  -18.826   75.975  -18.401   78.275   40.203
 634.90   11.848   14.465   14.512   -8.297    1.174   -9.152   -8.297    1.174  -10.742   75.937   -9.739   76.991   38.654
 635.00   11.917   14.378   14.390   -8.044    0.580   -9.083   -8.044    0.580   -5.271   73.057   -4.668   73.765   36.698
 635.10   11.015   12.729   12.789   -6.380    1.229   -9.985   -6.380    1.229  -12.275   63.703   -7.843   70.956   32.673
 635.20   10.571   11.803   11.878   -5.250    1.335  -10.429   -5.250    1.335  -13.917   54.748   -7.006   69.049   28.461
 635.30   11.323   12.618   12.807   -5.567    2.191   -9.677   -5.567    2.191  -21.199   53.876  -12.197   64.720   29.584
 635.40   12.216   13.379   13.406   -5.456    0.844   -8.784   -5.456    0.844   -7.416   47.926   -4.606   53.821   24.357
 635.50   11.671   13.226   13.283   -6.222    1.229   -9.329   -6.222    1.229  -11.467   58.051   -7.648   63.633   29.833
 635.60   10.848   12.132   12.278   -5.431    1.891  -10.152   -5.431    1.891  -19.200   55.133  -10.272   68.064   29.639
 635.70   11.405   12.017   12.085   -3.785    1.280   -9.595   -3.785    1.280  -12.277   36.315   -4.843   54.012   19.319
 635.80   11.473   12.096   12.222   -3.832    1.744   -9.527   -3.832    1.744  -16.619   36.504   -6.685   54.241   20.331
 635.90   10.168   11.379   11.462   -5.108    1.379  -10.832   -5.108    1.379  -14.934   55.331   -7.043   72.661   28.871
 636.00   10.436   11.980   12.084   -5.882    1.578  -10.564   -5.882    1.578  -16.672   62.140   -9.284   74.342   32.502
 636.10   10.521   12.314   12.654   -6.399    2.914  -10.479   -6.399    2.914  -30.532   67.059  -18.646   79.626   38.003
 636.20   10.252   11.547   11.657   -5.314    1.595  -10.748   -5.314    1.595  -17.147   57.114   -8.478   73.152   30.116
 636.30    9.944   11.297   11.443   -5.363    1.819  -11.056   -5.363    1.819  -20.116   59.292   -9.757   77.157   31.683
 636.40    8.527    9.505    9.529   -4.199    0.672  -12.473   -4.199    0.672   -8.386   52.369   -2.823   86.823   26.556
 636.50    8.762    9.963   10.006   -4.742   -0.931  -12.238   -4.742   -0.931   11.389   58.030    4.413   86.560   29.651
 636.60   10.456   11.439   11.441   -4.638   -0.228  -10.544   -4.638   -0.228    2.400   48.908    1.056   66.371   24.489
 636.70   10.922   11.822   11.849   -4.522   -0.810  -10.078   -4.522   -0.810    8.165   45.576    3.664   61.335   23.223
 636.80   11.887   12.313   12.353   -3.210   -0.988   -9.113   -3.210   -0.988    9.004   29.256    3.172   47.162   15.387
 636.90   11.436   11.681   11.766   -2.381   -1.412   -9.564   -2.381   -1.412   13.502   22.770    3.361   49.567   13.343
 637.00   11.474   11.515   11.581   -0.975   -1.230   -9.526   -0.975   -1.230   11.718    9.288    1.199   46.604    7.500
 637.10   12.083   12.091   12.111   -0.436   -0.684   -8.917   -0.436   -0.684    6.097    3.889    0.298   40.083    3.619
 637.20   11.575   11.575   11.576    0.004    0.151   -9.425    0.004    0.151   -1.420   -0.039    0.001   44.430    0.710
 637.30   12.743   12.744   12.821   -0.114    1.407   -8.257   -0.114    1.407  -11.616    0.941   -0.160   35.082    5.828
 637.40   11.997   12.154   12.159   -1.946    0.360   -9.003   -1.946    0.360   -3.239   17.518   -0.700   42.482    8.915
 637.50   13.713   13.796   13.928   -1.517    1.910   -7.287   -1.517    1.910  -13.918   11.057   -2.898   29.528    9.005
 637.60   13.014   13.174   13.377   -2.050    2.319   -7.986   -2.050    2.319  -18.520   16.373   -4.754   36.679   12.586
 637.70   11.781   12.035   12.113   -2.458    1.370   -9.219   -2.458    1.370  -12.625   22.657   -3.366   46.449   13.077
 637.80   11.749   12.092   12.097   -2.859    0.346   -9.251   -2.859    0.346   -3.204   26.447   -0.990   46.938   13.330
 637.90   13.421   13.765   13.786   -3.058    0.749   -7.579   -3.058    0.749   -5.679   23.173   -2.291   33.674   11.984
 638.00   14.154   14.397   14.399   -2.633    0.254   -6.846   -2.633    0.254   -1.737   18.028   -0.668   26.934    9.062
 638.10   14.276   14.725   14.760   -3.608    1.011   -6.724   -3.608    1.011   -6.801   24.263   -3.650   29.627   12.730
 638.20   13.201   13.486   13.525   -2.756    1.023   -7.799   -2.756    1.023   -7.980   21.493   -2.820   34.732   11.550
 638.30   13.087   13.298   13.399   -2.359    1.641   -7.913   -2.359    1.641  -12.987   18.665   -3.871   35.436   11.533
 638.40   14.330   14.386   14.411   -1.271    0.855   -6.670   -1.271    0.855   -5.700    8.476   -1.086   23.418    5.136
 638.50   13.814   13.845   14.011   -0.924   -2.150   -7.186   -0.924   -2.150   15.447    6.642    1.987   28.557    8.466
 638.60   13.961   14.100   14.176   -1.972   -1.470   -7.039   -1.972   -1.470   10.350   13.885    2.900   27.801    8.779
 638.70   15.696   15.880   15.949   -2.416   -1.476   -5.304   -2.416   -1.476    7.828   12.815    3.565   18.075    7.717
 638.80   16.560   17.117   17.151   -4.332   -1.081   -4.440   -4.332   -1.081    4.798   19.236    4.681   19.825   10.185
 638.90   16.718   17.386   17.494   -4.773   -1.935   -4.282   -4.773   -1.935    8.287   20.438    9.238   22.432   11.955
 639.00   16.275   16.949   17.270   -4.732   -3.311   -4.725   -4.732   -3.311   15.643   22.359   15.669   27.840   15.733
 639.10   16.888   17.797   17.935   -5.615   -2.222   -4.112   -5.615   -2.222    9.137   23.093   12.476   26.691   13.896
 639.20   15.412   16.587   16.594   -6.132   -0.459   -5.588   -6.132   -0.459    2.567   34.267    2.818   34.521   17.239
 639.30   15.807   16.958   17.010   -6.142   -1.328   -5.193   -6.142   -1.328    6.895   31.896    8.154   33.227   16.818
 639.40   15.792   17.349   17.368   -7.182   -0.827   -5.208   -7.182   -0.827    4.308   37.400    5.941   39.691   19.056
 639.50   16.321   17.791   17.844   -7.081   -1.382   -4.679   -7.081   -1.382    6.466   33.131    9.785   36.970   17.573
 639.60   15.136   17.280   17.289   -8.338    0.559   -5.864   -8.338    0.559   -3.278   48.896   -4.661   52.110   24.613
 639.70   15.552   17.418   17.425   -7.843   -0.495   -5.448   -7.843   -0.495    2.699   42.734    3.886   45.725   21.498
 639.80   16.037   17.351   17.410   -6.622   -1.434   -4.963   -6.622   -1.434    7.115   32.863    9.493   35.267   17.470
 639.90   16.593   17.740   17.748   -6.274   -0.547   -4.407   -6.274   -0.547    2.411   27.647    3.432   29.540   13.982
 640.00   17.311   18.011   18.035   -4.973   -0.920   -3.689   -4.973   -0.920    3.394   18.346    4.576   19.594    9.605
 640.10   16.873   17.380   17.383   -4.166   -0.320   -4.127   -4.166   -0.320    1.322   17.194    1.334   17.246    8.648
 640.20   16.821   16.913   16.913   -1.763   -0.041   -4.179   -1.763   -0.041    0.171    7.367    0.072   10.287    3.684
 640.30   16.929   17.217   17.218   -3.137    0.020   -4.071   -3.137    0.020   -0.080   12.770   -0.062   13.206    6.385
 640.40   15.686   16.148   16.164   -3.838   -0.718   -5.314   -3.838   -0.718    3.816   20.394    2.755   21.742   10.465
 640.50   16.868   17.199   17.202   -3.355   -0.310   -4.132   -3.355   -0.310    1.282   13.861    1.041   14.211    6.979
 640.60   16.424   16.505   16.542   -1.633    1.109   -4.576   -1.633    1.109   -5.076    7.472   -1.812   12.418    4.607
 640.70   16.150   16.150   16.200    0.013    1.271   -4.850    0.013    1.271   -6.167   -0.065    0.017   12.570    3.083
 640.80   15.612   15.620   15.630   -0.506   -0.551   -5.388   -0.506   -0.551    2.969    2.727    0.279   14.796    2.020
 640.90   14.397   14.430   14.440   -0.975   -0.542   -6.603   -0.975   -0.542    3.579    6.439    0.529   22.425    3.693
 641.00   14.659   14.662   14.715   -0.295   -1.243   -6.341   -0.295   -1.243    7.884    1.869    0.366   20.919    4.056
 641.10   15.958   15.961   16.188   -0.303   -2.703   -5.042   -0.303   -2.703   13.631    1.526    0.818   16.412    6.870
 641.20   16.102   16.126   16.406   -0.884   -3.018   -4.898   -0.884   -3.018   14.785    4.331    2.669   16.942    7.818
 641.30   16.098   16.124   16.520   -0.913   -3.596   -4.902   -0.913   -3.596   17.627    4.474    3.282   18.896    9.240
 641.40   15.286   15.322   15.774   -1.050   -3.750   -5.714   -1.050   -3.750   21.427    6.001    3.938   23.907   11.298
 641.50   14.791   14.852   15.241    1.352   -3.422   -6.209    1.352   -3.422   21.247   -8.397   -4.627   26.047   11.655
 641.60   15.481   15.484   15.877   -0.261   -3.515   -5.519   -0.261   -3.515   19.396    1.441    0.918   21.438    9.736
 641.70   14.567   14.614   14.797   -1.173   -2.318   -6.433   -1.173   -2.318   14.912    7.549    2.720   24.069    8.467
 641.80   15.626   15.703   15.949   -1.557   -2.791   -5.374   -1.557   -2.791   14.999    8.370    4.346   19.550    8.859
 641.90   14.750   14.775   14.831   -0.865   -1.282   -6.250   -0.865   -1.282    8.014    5.404    1.109   20.727    4.865
 642.00   15.458   15.461   15.501   -0.309   -1.115   -5.542   -0.309   -1.115    6.180    1.711    0.344   16.027    3.211
 642.10   16.306   16.388   16.400   -1.638   -0.609   -4.694   -1.638   -0.609    2.860    7.689    0.998   12.543    4.132
 642.20   15.119   15.132   15.149   -0.620   -0.710   -5.881   -0.620   -0.710    4.176    3.648    0.440   17.735    2.781
 642.30   15.312   15.387   15.387   -1.514    0.105   -5.688   -1.514    0.105   -0.600    8.614   -0.160   17.329    4.318
 642.40   14.481   14.634   14.640   -2.109    0.403   -6.519   -2.109    0.403   -2.628   13.749   -0.850   23.553    7.012
 642.50   15.438   15.572   15.577   -2.041    0.367   -5.562   -2.041    0.367   -2.042   11.354   -0.749   17.619    5.780
 642.60   15.528   15.845   15.872   -3.155   -0.921   -5.472   -3.155   -0.921    5.037   17.261    2.904   20.370    9.107
 642.70   14.354   14.939   15.079   -4.138   -2.048   -6.646   -4.138   -2.048   13.610   27.501    8.475   32.741   15.917
 642.80   15.333   15.670   15.765   -3.230   -1.735   -5.667   -3.230   -1.735    9.835   18.302    5.605   22.778   10.760
 642.90   14.914   15.294   15.383   -3.389   -1.656   -6.086   -3.389   -1.656   10.077   20.627    5.611   25.635   11.816
 643.00   14.399   14.714   14.850   -3.028   -2.009   -6.601   -3.028   -2.009   13.263   19.988    6.084   28.390   12.374
 643.10   13.204   13.585   13.801   -3.192   -2.432   -7.796   -3.192   -2.432   18.957   24.883    7.762   38.437   16.115
 643.20   11.995   12.165   12.385   -2.029   -2.325   -9.005   -2.029   -2.325   20.937   18.275    4.718   45.309   14.094
 643.30   12.860   13.420   13.482   -3.837   -1.292   -8.140   -3.837   -1.292   10.517   31.231    4.957   41.324   16.663
 643.40   13.081   13.794   13.878   -4.376   -1.526   -7.919   -4.376   -1.526   12.086   34.651    6.678   42.093   18.650
 643.50   14.096   14.669   14.683   -4.062   -0.633   -6.904   -4.062   -0.633    4.370   28.049    2.571   32.287   14.252
 643.60   13.877   14.271   14.275   -3.332   -0.331   -7.123   -3.332   -0.331    2.360   23.736    1.104   30.977   11.939
 643.70   13.778   14.229   14.230   -3.551    0.168   -7.222   -3.551    0.168   -1.212   25.644   -0.596   32.395   12.840
 643.80   12.698   12.756   12.756   -1.209   -0.001   -8.302   -1.209   -0.001    0.007   10.037    0.001   35.191    5.019
 643.90   13.122   13.140   13.141   -0.686    0.168   -7.878   -0.686    0.168   -1.323    5.406   -0.115   31.282    2.783
 644.00   15.191   15.258   15.306   -1.427    1.205   -5.809   -1.427    1.205   -7.001    8.290   -1.720   18.614    5.493
 644.10   16.051   16.065   16.068   -0.656    0.329   -4.949   -0.656    0.329   -1.630    3.244   -0.216   12.514    1.818
 644.20   16.047   16.138   16.138   -1.709   -0.129   -4.953   -1.709   -0.129    0.637    8.466    0.220   13.736    4.246
 644.30   15.915   16.079   16.103   -2.287    0.881   -5.085   -2.287    0.881   -4.481   11.630   -2.016   15.932    6.313
 644.40   16.332   16.489   16.491   -2.275    0.215   -4.668   -2.275    0.215   -1.005   10.619   -0.490   13.507    5.339
 644.50   16.727   16.871   16.982   -2.203    1.941   -4.273   -2.203    1.941   -8.293    9.414   -4.275   13.441    6.627
 644.60   18.143   18.334   18.418   -2.643    1.756   -2.857   -2.643    1.756   -5.017    7.552   -4.641    9.117    5.093
 644.70   18.560   18.749   18.901   -2.652    2.390   -2.440   -2.652    2.390   -5.831    6.470   -6.340    9.350    5.387
 644.80   17.389   17.570   17.742   -2.514    2.461   -3.611   -2.514    2.461   -8.885    9.078   -6.187   12.707    7.065
 644.90   17.378   17.435   17.476   -1.411    1.200   -3.622   -1.411    1.200   -4.348    5.110   -1.693    8.276    3.460
 645.00   16.983   16.995   17.114   -0.631    2.010   -4.017   -0.631    2.010   -8.073    2.533   -1.268   10.285    4.278
 645.10   16.727   16.848   16.944   -2.017    1.803   -4.273   -2.017    1.803   -7.706    8.617   -3.637   12.788    6.059
 645.20   17.025   17.473   17.542   -3.932    1.549   -3.975   -3.932    1.549   -6.156   15.627   -6.089   16.827    8.933
 645.30   16.861   17.249   17.330   -3.641    1.668   -4.139   -3.641    1.668   -6.903   15.073   -6.073   16.588    8.828
 645.40   17.919   18.121   18.165   -2.698    1.266   -3.081   -2.698    1.266   -3.900    8.311   -3.415    9.186    4.898
 645.50   18.617   18.715   18.846   -1.911    2.220   -2.383   -1.911    2.220   -5.288    4.554   -4.242    7.128    4.083
 645.60   18.715   18.854   18.911   -2.283    1.471   -2.285   -2.283    1.471   -3.361    5.215   -3.359    6.298    3.528
 645.70   19.240   19.393   19.429   -2.434    1.173   -1.760   -2.434    1.173   -2.064    4.284   -2.855    5.199    2.773
 645.80   19.610   19.705   19.717   -1.933    0.669   -1.390   -1.933    0.669   -0.930    2.686   -1.293    3.058    1.562
 645.90   19.579   19.625   19.627   -1.335    0.276   -1.421   -1.335    0.276   -0.393    1.897   -0.369    1.938    0.986
 646.00   17.715   17.879   17.923   -2.412    1.259   -3.285   -2.412    1.259   -4.137    7.922   -3.038    9.096    4.720
 646.10   16.552   16.552   16.572   -0.012    0.810   -4.448   -0.012    0.810   -3.604    0.053   -0.010   10.221    1.802
 646.20   17.013   17.014   17.052    0.194    1.134   -3.987    0.194    1.134   -4.523   -0.772    0.220    8.610    2.297
 646.30   18.689   18.695   18.729    0.489    1.119   -2.311    0.489    1.119   -2.586   -1.129    0.547    3.416    1.437
 646.40   19.252   19.283   19.296    1.090    0.720   -1.748    1.090    0.720   -1.259   -1.905    0.785    2.381    1.208
 646.50   18.762   18.779   18.801    0.794    0.912   -2.238    0.794    0.912   -2.041   -1.777    0.724    3.235    1.401
 646.60   19.048   19.146   19.161    1.928    0.763   -1.952    1.928    0.763   -1.489   -3.762    1.471    4.053    2.152
 646.70   19.830   19.902   19.919    1.694    0.824   -1.170    1.694    0.824   -0.965   -1.983    1.396    2.460    1.305
 646.80   19.511   19.519   19.524    0.556    0.410   -1.489    0.556    0.410   -0.611   -0.827    0.228    1.347    0.527
 646.90   18.307   18.327   18.327    0.850    0.016   -2.693    0.850    0.016   -0.043   -2.290    0.013    3.987    1.145
 647.00   18.051   18.074   18.078    0.914   -0.389   -2.949    0.914   -0.389    1.148   -2.696   -0.356    4.843    1.476
 647.10   17.424   17.443   17.489    0.814   -1.267   -3.576    0.814   -1.267    4.531   -2.912   -1.032    7.527    2.742
 647.20   17.665   17.693   17.756    1.005   -1.485   -3.335    1.005   -1.485    4.954   -3.350   -1.492    7.169    3.082
 647.30   18.146   18.150   18.152    0.368   -0.267   -2.854    0.368   -0.267    0.761   -1.050   -0.098    4.175    0.650
 647.40   18.454   18.473   18.486   -0.848    0.692   -2.546   -0.848    0.692   -1.762    2.160   -0.587    3.841    1.424
 647.50   18.024   18.059   18.083   -1.121    0.935   -2.976   -1.121    0.935   -2.782    3.336   -1.048    5.493    2.234
 647.60   18.082   18.088   18.243   -0.444    2.377   -2.918   -0.444    2.377   -6.934    1.295   -1.055    7.179    3.566
 647.70   18.725   18.725   18.751   -0.064    0.982   -2.275   -0.064    0.982   -2.235    0.146   -0.063    3.073    1.120
 647.80   17.574   17.588   17.592    0.716    0.365   -3.426    0.716    0.365   -1.252   -2.453    0.262    6.192    1.383
 647.90   17.160   17.176   17.184    0.763    0.521   -3.840    0.763    0.521   -2.002   -2.930    0.398    7.801    1.785
 648.00   17.547   17.553   17.615    0.471    1.479   -3.453    0.471    1.479   -5.107   -1.627    0.697    7.167    2.703
 648.10   17.000   17.002   17.003   -0.298    0.170   -4.000   -0.298    0.170   -0.679    1.192   -0.051    8.060    0.686
 648.20   16.764   16.764   16.780    0.042   -0.733   -4.236    0.042   -0.733    3.104   -0.180   -0.031    9.240    1.555
 648.30   16.299   16.324   16.361    0.910   -1.100   -4.701    0.910   -1.100    5.173   -4.279   -1.002   12.069    3.394
 648.40   17.030   17.049   17.096    0.810   -1.266   -3.970    0.810   -1.266    5.028   -3.215   -1.026    9.011    3.028
 648.50   17.963   17.966   17.968    0.350    0.217   -3.037    0.350    0.217   -0.659   -1.063    0.076    4.697    0.627
 648.60   17.891   17.891   17.899    0.057    0.542   -3.109    0.057    0.542   -1.685   -0.178    0.031    4.981    0.847
 648.70   18.083   18.086   18.146    0.368    1.476   -2.917    0.368    1.476   -4.307   -1.074    0.544    5.413    2.236
 648.80   18.139   18.147   18.196    0.538    1.329   -2.861    0.538    1.329   -3.801   -1.538    0.714    5.119    2.081
 648.90   18.421   18.436   18.453    0.748    0.793   -2.579    0.748    0.793   -2.046   -1.928    0.593    3.920    1.437
 649.00   18.742   18.765   18.935   -0.928    2.534   -2.258   -0.928    2.534   -5.723    2.095   -2.351    6.192    3.266
 649.10   18.144   18.205   18.512   -1.498    3.356   -2.856   -1.498    3.356   -9.586    4.279   -5.028   10.833    5.820
 649.20   18.669   18.854   19.203   -2.630    3.645   -2.331   -2.630    3.645   -8.496    6.129   -9.587   12.818    7.100
 649.30   17.866   18.099   18.344   -2.898    2.988   -3.134   -2.898    2.988   -9.364    9.082   -8.658   13.573    7.828
 649.40   16.998   17.372   17.453   -3.587    1.679   -4.002   -3.587    1.679   -6.718   14.354   -6.021   15.849    8.477
 649.50   15.346   15.570   15.629   -2.636    1.356   -5.654   -2.636    1.356   -7.667   14.908   -3.575   20.382    8.571
 649.60   15.225   15.474   15.489   -2.766    0.684   -5.775   -2.766    0.684   -3.952   15.972   -1.893   20.735    8.281
 649.70   15.688   15.747   15.748   -1.363    0.061   -5.312   -1.363    0.061   -0.323    7.240   -0.083   15.038    3.624
 649.80   15.653   15.680   15.683   -0.918   -0.307   -5.347   -0.918   -0.307    1.641    4.910    0.282   14.764    2.592
 649.90   15.210   15.486   15.542   -2.914   -1.322   -5.790   -2.914   -1.322    7.655   16.871    3.852   21.883    9.461
 650.00   15.103   15.487   15.503   -3.427   -0.714   -5.897   -3.427   -0.714    4.210   20.208    2.446   23.514   10.393
 650.10   15.730   15.998   16.009   -2.917    0.590   -5.270   -2.917    0.590   -3.110   15.372   -1.721   18.317    7.889
 650.20   15.037   15.474   15.478   -3.651    0.323   -5.963   -3.651    0.323   -1.928   21.771   -1.181   24.494   10.944
 650.30   14.324   15.195   15.334   -5.071   -2.057   -6.676   -5.071   -2.057   13.731   33.855   10.430   37.258   18.996
 650.40   14.111   14.653   14.692   -3.948   -1.069   -6.889   -3.948   -1.069    7.368   27.194    4.222   32.092   14.245
 650.50   13.110   13.522   13.528   -3.310    0.411   -7.890   -3.310    0.411   -3.243   26.115   -1.360   36.687   13.175
 650.60   14.898   15.434   15.514   -4.033   -1.569   -6.102   -4.033   -1.569    9.574   24.608    6.328   27.978   13.576
 650.70   17.470   17.672   17.771   -2.668   -1.868   -3.530   -2.668   -1.868    6.594    9.417    4.983   11.534    6.265
 650.80   18.163   18.347   18.347   -2.596    0.025   -2.837   -2.596    0.025   -0.071    7.365   -0.065    7.395    3.683
 650.90   17.793   17.881   17.903   -1.778    0.874   -3.207   -1.778    0.874   -2.802    5.702   -1.553    7.105    3.270
 651.00   16.308   16.536   16.585   -2.734    1.271   -4.692   -2.734    1.271   -5.964   12.829   -3.476   15.552    7.284
 651.10   17.504   18.062   18.147   -4.454    1.762   -3.496   -4.454    1.762   -6.159   15.571   -7.846   17.581    9.246
 651.20   18.616   18.941   19.019   -3.495    1.720   -2.384   -3.495    1.720   -4.099    8.331   -6.009   10.426    5.530
 651.30   17.982   18.355   18.377   -3.679    0.899   -3.018   -3.679    0.899   -2.711   11.100   -3.305   11.723    5.948
 651.40   17.402   17.651   17.667   -2.956    0.750   -3.598   -2.956    0.750   -2.700   10.634   -2.218   11.122    5.597
 651.50   17.220   17.753   17.768   -4.314    0.748   -3.780   -4.314    0.748   -2.825   16.304   -3.225   16.726    8.429
 651.60   17.711   18.169   18.329   -4.052    2.417   -3.289   -4.052    2.417   -7.950   13.325   -9.794   16.538    9.175
 651.70   17.771   18.226   18.361   -4.049    2.221   -3.229   -4.049    2.221   -7.173   13.073   -8.994   15.877    8.707
 651.80   18.265   18.658   18.811   -3.807    2.395   -2.735   -3.807    2.395   -6.548   10.410   -9.115   13.852    7.654
 651.90   17.515   17.754   17.999   -2.904    2.959   -3.485   -2.904    2.959  -10.311   10.120   -8.594   14.667    8.405
 652.00   17.697   17.698   17.794    0.220    1.842   -3.303    0.220    1.842   -6.085   -0.726    0.405    7.176    3.071
 652.10   17.235   17.237   17.298    0.293    1.444   -3.765    0.293    1.444   -5.438   -1.104    0.424    8.174    2.782
 652.20   17.888   17.906   18.004   -0.803    1.873   -3.112   -0.803    1.873   -5.828    2.499   -1.504    6.918    3.259
 652.30   17.135   17.135   17.157   -0.089    0.870   -3.865   -0.089    0.870   -3.364    0.344   -0.077    7.852    1.691
 652.40   16.668   16.668   16.738    0.093    1.526   -4.332    0.093    1.526   -6.612   -0.404    0.142   10.554    3.313
 652.50   17.523   17.541   17.551   -0.809    0.570   -3.477   -0.809    0.570   -1.982    2.815   -0.461    6.536    1.737
 652.60   17.845   17.870   17.879   -0.944    0.571   -3.155   -0.944    0.571   -1.802    2.979   -0.539    5.586    1.762
 652.70   17.823   17.857   18.001   -1.105    2.268   -3.177   -1.105    2.268   -7.205    3.511   -2.506    8.229    4.199
 652.80   17.534   17.536   17.657    0.255    2.061   -3.466    0.255    2.061   -7.144   -0.883    0.525    8.162    3.609
 652.90   16.579   16.589   16.687    0.582    1.805   -4.421    0.582    1.805   -7.980   -2.574    1.051   11.571    4.225
 653.00   14.674   14.720   14.721    1.167   -0.167   -6.326    1.167   -0.167    1.059   -7.384   -0.195   20.707    3.731
 653.10   15.265   15.458   15.458    2.435   -0.108   -5.735    2.435   -0.108    0.617  -13.963   -0.262   19.415    6.989
 653.20   15.212   15.281   15.289    1.452   -0.493   -5.788    1.452   -0.493    2.852   -8.406   -0.716   17.926    4.453
 653.30   13.659   13.674   13.674    0.639    0.075   -7.341    0.639    0.075   -0.552   -4.689    0.048   27.154    2.361
 653.40   14.604   14.724   14.725    1.872    0.175   -6.396    1.872    0.175   -1.122  -11.973    0.328   22.219    6.015
 653.50   15.813   15.817   15.820    0.312    0.327   -5.187    0.312    0.327   -1.698   -1.620    0.102   13.552    1.175
 653.60   15.530   15.533   15.538   -0.301    0.412   -5.470   -0.301    0.412   -2.253    1.648   -0.124   15.091    1.397
 653.70   14.298   14.307   14.320    0.522    0.615   -6.702    0.522    0.615   -4.125   -3.496    0.321   22.786    2.708
 653.80   14.115   14.153   14.177    1.037   -0.824   -6.885    1.037   -0.824    5.675   -7.142   -0.855   24.577    4.581
 653.90   14.051   14.090   14.098    1.047   -0.486   -6.949    1.047   -0.486    3.378   -7.274   -0.509   24.809    4.018
 654.00   14.679   14.730   14.732    1.219   -0.229   -6.321    1.219   -0.229    1.449   -7.705   -0.279   20.744    3.923
 654.10   14.964   14.965   14.987   -0.212    0.815   -6.036   -0.212    0.815   -4.920    1.277   -0.172   18.573    2.543
 654.20   15.518   15.571   15.571    1.283    0.066   -5.482    1.283    0.066   -0.361   -7.036    0.085   15.852    3.523
 654.30   16.951   16.965   16.968    0.686    0.355   -4.049    0.686    0.355   -1.439   -2.777    0.244    8.497    1.569
 654.40   16.058   16.060   16.060    0.253   -0.107   -4.942    0.253   -0.107    0.527   -1.248   -0.027   12.249    0.678
 654.50   16.679   16.681   16.705    0.275    0.887   -4.321    0.275    0.887   -3.834   -1.186    0.244    9.767    2.010
 654.60   16.045   16.120   16.181    1.548    1.406   -4.955    1.548    1.406   -6.966   -7.670    2.176   14.462    5.294
 654.70   15.664   15.725   15.735   -1.391    0.540   -5.336   -1.391    0.540   -2.880    7.421   -0.751   15.350    3.998
 654.80   16.382   16.528   16.537   -2.192   -0.553   -4.618   -2.192   -0.553    2.556   10.125    1.213   13.220    5.256
 654.90   15.610   15.778   15.814   -2.295    1.067   -5.390   -2.295    1.067   -5.749   12.370   -2.448   17.727    6.929
 655.00   16.158   16.222   16.242   -1.448    0.805   -4.842   -1.448    0.805   -3.900    7.012   -1.166   13.097    4.054
 655.10   15.429   15.445   15.474   -0.712    0.950   -5.571   -0.712    0.950   -5.294    3.965   -0.676   16.224    3.324
 655.20   16.690   16.710   16.717   -0.816    0.489   -4.310   -0.816    0.489   -2.109    3.515   -0.399    9.740    2.059
 655.30   17.431   17.475   17.486    1.247    0.601   -3.569    1.247    0.601   -2.145   -4.450    0.749    7.328    2.498
 655.40   17.546   17.627   17.645    1.679    0.799   -3.454    1.679    0.799   -2.759   -5.800    1.342    7.693    3.281
 655.50   16.869   16.958   16.958    1.731    0.013   -4.131    1.731    0.013   -0.053   -7.151    0.022   10.030    3.576
 655.60   17.209   17.217   17.218    0.541    0.191   -3.791    0.541    0.191   -0.724   -2.051    0.103    7.351    1.089
 655.70   16.812   16.902   16.903    1.737    0.177   -4.188    1.737    0.177   -0.741   -7.272    0.307   10.292    3.658
 655.80   18.507   18.631   18.631    2.149    0.028   -2.493    2.149    0.028   -0.070   -5.357    0.061    5.417    2.679
 655.90   20.378   20.534   20.546    2.525    0.686   -0.622    2.525    0.686   -0.427   -1.569    1.733    3.616    1.188
 656.00   21.103   21.211   21.221    2.135    0.674    0.103    2.135    0.674    0.069    0.220    1.439    2.511    0.729
 656.10   21.392   21.478   21.532    1.915    1.533    0.392    1.915    1.533    0.601    0.751    2.936    3.085    1.545
 656.20   22.136   22.214   22.266    1.859    1.525    1.136    1.859    1.525    1.732    2.112    2.835    3.536    1.968
 656.30   21.735   21.773   21.794    1.278    0.955    0.735    1.278    0.955    0.703    0.940    1.221    1.544    0.847
 656.40   21.897   21.956   21.957    1.612   -0.151    0.897    1.612   -0.151   -0.136    1.446   -0.244    1.712    0.736
 656.50   22.210   22.337   22.338    2.379   -0.218    1.210    2.379   -0.218   -0.264    2.877   -0.520    3.585    1.468
 656.60   21.180   21.555   21.572    4.003   -0.838    0.180    4.003   -0.838   -0.151    0.722   -3.356    8.380    1.718
 656.70   20.708   20.961   20.975    3.246   -0.777   -0.292    3.246   -0.777    0.227   -0.948   -2.521    5.613    1.352
 656.80   19.316   19.644   19.648    3.574   -0.393   -1.684    3.574   -0.393    0.662   -6.019   -1.405    7.883    3.108
 656.90   21.072   21.504   21.507    4.291   -0.327    0.072    4.291   -0.327   -0.023    0.308   -1.402    9.264    0.718
 657.00   20.238   20.751   20.840    4.584   -1.926   -0.762    4.584   -1.926    1.467   -3.493   -8.828   12.651    4.803
 657.10   22.513   22.990   23.026    4.662   -1.274    1.513    4.662   -1.274   -1.927    7.052   -5.939   12.823    4.710
 657.20   22.521   22.711   22.726    2.934   -0.822    1.521    2.934   -0.822   -1.250    4.463   -2.412    5.799    2.612
 657.30   21.772   22.085   22.098    3.704   -0.753    0.772    3.704   -0.753   -0.581    2.859   -2.789    7.440    2.018
 657.40   21.224   21.710   21.717    4.568    0.527    0.224    4.568    0.527    0.118    1.024    2.408   10.597    1.310
 657.50   22.821   23.084   23.112    3.475    1.145    1.821    3.475    1.145    2.084    6.328    3.979    8.352    3.880
 657.60   23.315   23.541   23.599    3.254    1.649    2.315    3.254    1.649    3.818    7.533    5.367    9.335    5.003
 657.70   23.671   24.025   24.221    4.106    3.073    2.671    4.106    3.073    8.209   10.969   12.616   16.718    9.312
 657.80   22.773   23.012   23.226    3.312    3.141    1.773    3.312    3.141    5.569    5.871   10.404   11.989    6.590
 657.90   21.562   21.740   21.863    2.775    2.318    0.562    2.775    2.318    1.302    1.559    6.433    6.696    3.373
 658.00   22.324   22.532   22.679    3.054    2.575    1.324    3.054    2.575    3.410    4.044    7.863    8.854    4.738
 658.10   22.756   22.843   22.985    1.993    2.553    1.756    1.993    2.553    4.482    3.499    5.088    6.786    3.815
 658.20   21.826   21.835   22.036    0.643    2.969    0.826    0.643    2.969    2.451    0.531    1.911    4.956    1.576
 658.30   21.259   21.355   21.552    2.023    2.910    0.259    2.023    2.910    0.754    0.524    5.887    6.314    2.979
 658.40   21.790   22.006   22.129    3.075    2.325    0.790    3.075    2.325    1.837    2.430    7.150    7.743    3.886
 658.50   22.459   22.710   22.762    3.367    1.543    1.459    3.367    1.543    2.250    4.912    5.195    7.924    3.748
 658.60   22.256   22.307   22.403    1.503    2.073    1.256    1.503    2.073    2.603    1.888    3.116    4.067    2.239
 658.70   23.334   23.457   23.487    2.391    1.194    2.334    2.391    1.194    2.788    5.582    2.856    6.297    3.431
 658.80   22.386   22.537   22.541    2.602    0.437    1.386    2.602    0.437    0.606    3.607    1.138    4.442    1.915
 658.90   21.601   21.602   21.606    0.097    0.421    0.601    0.097    0.421    0.253    0.058    0.041    0.274    0.131
 659.00   21.004   21.016   21.023    0.691    0.574    0.004    0.691    0.574    0.002    0.003    0.397    0.403    0.198
 659.10   22.074   22.074   22.120    0.074    1.415    1.074    0.074    1.415    1.520    0.080    0.105    1.581    0.763
 659.20   22.388   22.388   22.430   -0.029    1.368    1.388   -0.029    1.368    1.899   -0.040   -0.039    1.900    0.950
 659.30   21.027   21.046   21.237    0.899    2.840    0.027    0.899    2.840    0.077    0.024    2.553    4.437    1.277
 659.40   20.582   20.582   20.694    0.107    2.143   -0.418    0.107    2.143   -0.895   -0.045    0.229    2.389    0.463
 659.50   21.942   21.942   21.952   -0.037    0.653    0.942   -0.037    0.653    0.615   -0.035   -0.024    0.658    0.308
 659.60   22.901   22.930   23.058    1.143    2.427    1.901    1.143    2.427    4.615    2.173    2.774    5.407    2.903
 659.70   22.740   22.741   23.058   -0.213    3.809    1.740   -0.213    3.809    6.629   -0.371   -0.813    8.792    3.344
 659.80   21.279   21.412   21.760   -2.378    3.879    0.279   -2.378    3.879    1.084   -0.665   -9.225   10.389    4.656
 659.90   20.481   20.501   20.700   -0.914    2.863   -0.519   -0.914    2.863   -1.487    0.475   -2.616    4.650    1.523
 660.00   22.378   22.378   22.523   -0.140    2.548    1.378   -0.140    2.548    3.512   -0.193   -0.357    4.206    1.767
 660.10   20.810   20.820   21.193    0.638    3.960   -0.190    0.638    3.960   -0.753   -0.121    2.526    8.062    1.319
 660.20   20.223   20.226   20.542    0.356    3.587   -0.777    0.356    3.587   -2.787   -0.277    1.277    6.797    1.539
 660.30   20.379   20.380   20.609    0.164    3.066   -0.621    0.164    3.066   -1.904   -0.102    0.503    4.907    0.986
 660.40   21.284   21.329   21.549    1.386    3.070    0.284    1.386    3.070    0.872    0.394    4.256    5.714    2.181
 660.50   21.023   21.030   21.186    0.574    2.560    0.023    0.574    2.560    0.058    0.013    1.470    3.441    0.736
 660.60   22.066   22.088   22.252    0.986    2.699    1.066    0.986    2.699    2.876    1.050    2.660    4.695    2.028
 660.70   22.784   22.829   22.879    1.424    1.515    1.784    1.424    1.515    2.703    2.541    2.158    3.754    2.146
 660.80   22.782   22.825   22.832    1.398    0.566    1.782    1.398    0.566    1.008    2.492    0.791    2.725    1.401
 660.90   21.074   21.082   21.091    0.597    0.610    0.074    0.597    0.610    0.045    0.044    0.364    0.367    0.185
