
This hub-height turbulence-parameter file was generated by TurbSim (from OpenFAST-Unversioned from 08fffef240461a8334596179f1de462be43ad3e9) on 10-Oct-2023 at 13:39:32.

   Time      U       Uh       Ut        V        W        u'       v'       w'      u'w'     u'v'     v'w'     TKE      CTKE
   0.00   26.614   26.698   26.699    2.112   -0.249    3.614    2.112   -0.249   -0.898    7.632   -0.525    8.792    3.852
   0.10   25.813   25.913   25.921    2.275   -0.655    2.813    2.275   -0.655   -1.841    6.399   -1.490    6.758    3.412
   0.20   25.729   25.754   25.754    1.142   -0.103    2.729    1.142   -0.103   -0.282    3.117   -0.118    4.381    1.566
   0.30   25.198   25.341   25.342    2.693   -0.155    2.198    2.693   -0.155   -0.342    5.919   -0.419    6.054    2.972
   0.40   24.465   24.590   24.642    2.474    1.603    1.465    2.474    1.603    2.348    3.626    3.965    5.419    2.932
   0.50   24.897   24.931   25.045    1.307    2.389    1.897    1.307    2.389    4.532    2.479    3.123    5.507    3.018
   0.60   23.037   23.044   23.068    0.555    1.057    0.037    0.555    1.057    0.039    0.021    0.587    0.714    0.294
   0.70   23.623   23.678   23.685    1.606    0.604    0.623    1.606    0.604    0.376    1.000    0.970    1.665    0.722
   0.80   23.390   23.525   23.581    2.520    1.623    0.390    2.520    1.623    0.633    0.983    4.088    4.567    2.126
   0.90   24.446   24.608   24.609    2.826   -0.167    1.446    2.826   -0.167   -0.241    4.085   -0.472    5.052    2.060
   1.00   24.805   25.107   25.218    3.884   -2.363    1.805    3.884   -2.363   -4.264    7.009   -9.176   11.961    6.154
   1.10   22.442   22.599   22.743    2.654   -2.558   -0.558    2.654   -2.558    1.427   -1.481   -6.789    6.949    3.547
   1.20   23.030   23.070   23.102    1.353   -1.218    0.030    1.353   -1.218   -0.037    0.041   -1.647    1.657    0.824
   1.30   23.931   24.005   24.026    1.886   -0.997    0.931    1.886   -0.997   -0.928    1.755   -1.881    2.709    1.367
   1.40   24.476   24.602   24.695    2.487   -2.138    1.476    2.487   -2.138   -3.156    3.672   -5.316    6.467    3.595
   1.50   24.676   24.692   24.746    0.894   -1.630    1.676    0.894   -1.630   -2.733    1.499   -1.458    3.134    1.720
   1.60   24.327   24.375   24.396    1.525   -1.004    1.327    1.525   -1.004   -1.333    2.024   -1.532    2.548    1.434
   1.70   25.977   26.033   26.039    1.704   -0.568    2.977    1.704   -0.568   -1.691    5.074   -0.968    6.045    2.718
   1.80   25.755   25.866   25.993    2.399   -2.568    2.755    2.399   -2.568   -7.074    6.608   -6.160    9.968    5.737
   1.90   24.942   25.007   25.116    1.802   -2.338    1.942    1.802   -2.338   -4.539    3.499   -4.212    6.241    3.556
   2.00   24.474   24.643   24.830    2.874   -3.044    1.474    2.874   -3.044   -4.488    4.237   -8.748    9.849    5.353
   2.10   24.605   24.777   24.956    2.916   -2.982    1.605    2.916   -2.982   -4.786    4.680   -8.695    9.985    5.487
   2.20   24.077   24.119   24.121    1.433   -0.314    1.077    1.433   -0.314   -0.338    1.543   -0.450    1.656    0.821
   2.30   23.971   24.047   24.049    1.909    0.278    0.971    1.909    0.278    0.270    1.854    0.530    2.332    0.973
   2.40   23.856   23.894   23.894    1.338    0.050    0.856    1.338    0.050    0.043    1.146    0.067    1.263    0.574
   2.50   24.363   24.366   24.375    0.339   -0.666    1.363    0.339   -0.666   -0.908    0.462   -0.226    1.209    0.522
   2.60   24.703   24.705   24.708    0.329    0.408    1.703    0.329    0.408    0.694    0.560    0.134    1.587    0.451
   2.70   24.708   24.854   24.855    2.691    0.209    1.708    2.691    0.209    0.357    4.596    0.562    5.100    2.322
   2.80   24.175   24.408   24.429    3.365   -0.999    1.175    3.365   -0.999   -1.174    3.955   -3.362    6.852    2.661
   2.90   25.428   25.595   25.598    2.924   -0.396    2.428    2.924   -0.396   -0.962    7.098   -1.158    7.300    3.628
   3.00   24.170   24.342   24.356    2.893    0.820    1.170    2.893    0.820    0.959    3.384    2.372    5.205    2.121
   3.10   26.187   26.697   26.714    5.191    0.965    3.187    5.191    0.965    3.075   16.545    5.008   19.018    8.779
   3.20   26.143   26.792   26.801    5.861    0.683    3.143    5.861    0.683    2.148   18.423    4.005   22.349    9.488
   3.30   26.115   26.673   26.736    5.427    1.831    3.115    5.427    1.831    5.704   16.905    9.937   21.253   10.211
   3.40   25.782   26.381   26.517    5.594    2.675    2.782    5.594    2.675    7.440   15.559   14.962   23.090   11.416
   3.50   25.484   25.924   26.011    4.757    2.116    2.484    4.757    2.116    5.256   11.818   10.067   16.641    8.195
   3.60   25.493   26.218   26.354    6.124    2.671    2.493    6.124    2.671    6.658   15.267   16.355   25.425   11.672
   3.70   24.572   25.455   25.520    6.648    1.810    1.572    6.648    1.810    2.845   10.450   12.031   24.971    8.094
   3.80   22.799   23.716   23.743    6.531    1.137   -0.201    6.531    1.137   -0.229   -1.313    7.423   21.990    3.771
   3.90   22.233   22.996   23.027    5.875    1.186   -0.767    5.875    1.186   -0.910   -4.505    6.967   18.253    4.173
   4.00   22.881   23.366   23.468    4.739    2.176   -0.119    4.739    2.176   -0.259   -0.565   10.314   13.604    5.166
   4.10   20.471   20.922   21.080    4.319    2.572   -2.529    4.319    2.572   -6.504  -10.922   11.110   15.834    8.441
   4.20   21.951   22.415   22.579    4.535    2.712   -1.049    4.535    2.712   -2.844   -4.756   12.302   14.513    6.746
   4.30   21.087   21.683   21.927    5.048    3.263   -1.913    5.048    3.263   -6.241   -9.656   16.473   19.896   10.044
   4.40   23.037   23.880   24.276    6.291    4.363    0.037    6.291    4.363    0.161    0.232   27.444   29.304   13.723
   4.50   23.178   24.465   24.955    7.829    4.923    0.178    7.829    4.923    0.878    1.396   38.548   42.786   19.292
   4.60   21.949   23.062   23.407    7.079    4.006   -1.051    7.079    4.006   -4.212   -7.441   28.361   33.632   14.811
   4.70   23.048   23.792   23.835    5.904    1.444    0.048    5.904    1.444    0.069    0.281    8.524   18.470    4.264
   4.80   24.477   24.755   24.864    3.697    2.323    1.477    3.697    2.323    3.433    5.462    8.588   10.623    5.371
   4.90   23.251   23.549   23.584    3.731    1.292    0.251    3.731    1.292    0.324    0.937    4.820    7.827    2.460
   5.00   22.341   22.668   22.854    3.836    2.906   -0.659    3.836    2.906   -1.914   -2.526   11.145   11.794    5.793
   5.10   23.563   23.879   23.932    3.868    1.593    0.563    3.868    1.593    0.897    2.179    6.161    8.908    3.298
   5.20   25.097   25.341   25.360    3.514    0.970    2.097    3.514    0.970    2.035    7.367    3.410    8.843    4.185
   5.30   23.805   23.964   24.051    2.754    2.044    0.805    2.754    2.044    1.645    2.217    5.630    6.206    3.135
   5.40   24.833   24.910   25.099    1.962    3.072    1.833    1.962    3.072    5.631    3.596    6.027    8.323    4.499
   5.50   24.954   25.301   25.367    4.176    1.828    1.954    4.176    1.828    3.572    8.158    7.635   12.298    5.865
   5.60   23.814   24.057   24.073    3.412    0.865    0.814    3.412    0.865    0.704    2.778    2.952    6.528    2.057
   5.70   23.462   24.205   24.205    5.949    0.075    0.462    5.949    0.075    0.035    2.749    0.449   17.806    1.393
   5.80   24.035   24.829   24.923    6.231    2.163    1.035    6.231    2.163    2.238    6.447   13.478   22.285    7.554
   5.90   23.903   24.620   24.859    5.896    3.443    0.903    5.896    3.443    3.110    5.326   20.301   23.715   10.608
   6.00   24.026   24.781   24.949    6.071    2.890    1.026    6.071    2.890    2.966    6.230   17.544   23.129    9.426
   6.10   24.297   24.924   25.007    5.558    2.029    1.297    5.558    2.029    2.631    7.208   11.276   18.347    6.820
   6.20   23.656   23.888   24.036    3.328    2.656    0.656    3.328    2.656    1.741    2.181    8.837    9.278    4.634
   6.30   24.568   25.001   25.062    4.632    1.744    1.568    4.632    1.744    2.736    7.264    8.080   13.478    5.602
   6.40   23.738   24.137   24.137    4.367    0.155    0.738    4.367    0.155    0.114    3.224    0.675    9.818    1.648
   6.50   23.512   24.381   24.381    6.452    0.059    0.512    6.452    0.059    0.030    3.305    0.383   20.946    1.664
   6.60   23.883   24.599   24.614    5.893    0.872    0.883    5.893    0.872    0.770    5.201    5.141   18.132    3.677
   6.70   22.907   23.522   23.558    5.342    1.308   -0.093    5.342    1.308   -0.121   -0.495    6.987   15.128    3.503
   6.80   21.925   22.795   22.868    6.240    1.827   -1.075    6.240    1.827   -1.965   -6.710   11.402   21.716    6.687
   6.90   23.327   24.097   24.141    6.043    1.448    0.327    6.043    1.448    0.474    1.978    8.751   19.359    4.492
   7.00   24.252   25.280   25.286    7.135    0.562    1.252    7.135    0.562    0.704    8.934    4.009   26.393    4.909
   7.10   24.709   26.285   26.313    8.966    1.197    1.709    8.966    1.197    2.045   15.323   10.729   42.369    9.408
   7.20   25.027   26.432   26.466    8.501    1.353    2.027    8.501    1.353    2.744   17.234   11.505   39.101   10.451
   7.30   25.278   27.077   27.093    9.706    0.915    2.278    9.706    0.915    2.083   22.108    8.876   50.113   11.957
   7.40   24.681   26.217   26.280    8.841    1.822    1.681    8.841    1.822    3.063   14.862   16.107   42.151   11.065
   7.50   23.397   24.790   24.843    8.191    1.632    0.397    8.191    1.632    0.648    3.253   13.364   34.957    6.885
   7.60   23.292   24.777   24.812    8.448    1.328    0.292    8.448    1.328    0.388    2.468   11.216   36.609    5.746
   7.70   24.632   25.491   25.526    6.561    1.334    1.632    6.561    1.334    2.177   10.708    8.755   23.748    7.001
   7.80   25.711   26.733   26.751    7.322    0.962    2.711    7.322    0.962    2.609   19.851    7.046   30.945   10.612
   7.90   24.641   25.700   25.705    7.303    0.507    1.641    7.303    0.507    0.833   11.982    3.706   28.144    6.285
   8.00   22.955   23.996   24.083    6.990    2.052   -0.045    6.990    2.052   -0.092   -0.315   14.343   26.536    7.173
   8.10   23.109   24.252   24.366    7.358    2.357    0.109    7.358    2.357    0.257    0.802   17.345   29.851    8.683
   8.20   25.075   25.791   25.795    6.032    0.439    2.075    6.032    0.439    0.910   12.520    2.645   20.444    6.414
   8.30   23.829   24.242   24.282    4.458    1.394    0.829    4.458    1.394    1.155    3.694    6.216   11.253    3.661
   8.40   22.455   23.128   23.240    5.541    2.272   -0.545    5.541    2.272   -1.239   -3.021   12.592   18.083    6.504
   8.50   23.472   23.798   23.851    3.923    1.592    0.472    3.923    1.592    0.752    1.853    6.248    9.076    3.280
   8.60   24.207   24.556   24.559    4.126    0.408    1.207    4.126    0.408    0.492    4.980    1.683    9.323    2.640
   8.70   24.870   25.074   25.074    3.193    0.105    1.870    3.193    0.105    0.197    5.971    0.337    6.851    2.992
   8.80   22.925   23.512   23.563    5.224   -1.550   -0.075    5.224   -1.550    0.117   -0.393   -8.096   14.847    4.053
   8.90   23.577   24.334   24.436    6.022   -2.240    0.577    6.022   -2.240   -1.291    3.472  -13.488   20.808    6.994
   9.00   23.019   23.472   23.544    4.585   -1.850    0.019    4.585   -1.850   -0.036    0.089   -8.483   12.223    4.242
   9.10   22.931   23.375   23.563    4.536   -2.972   -0.069    4.536   -2.972    0.206   -0.314  -13.482   14.708    6.744
   9.20   24.182   24.494   24.650    3.897   -2.768    1.182    3.897   -2.768   -3.273    4.608  -10.785   12.121    6.088
   9.30   23.724   24.391   24.405    5.662   -0.851    0.724    5.662   -0.851   -0.616    4.100   -4.818   16.655    3.178
   9.40   24.044   24.629   24.642    5.335   -0.819    1.044    5.335   -0.819   -0.856    5.570   -4.372   15.114    3.566
   9.50   22.441   23.303   23.308    6.279    0.504   -0.559    6.279    0.504   -0.282   -3.509    3.164   19.995    2.367
   9.60   21.575   21.890   21.899    3.703    0.625   -1.425    3.703    0.625   -0.890   -5.277    2.314    8.066    2.915
   9.70   22.183   22.613   22.655    4.385   -1.386   -0.817    4.385   -1.386    1.132   -3.581   -6.078   10.907    3.572
   9.80   22.791   23.418   23.448    5.383   -1.179   -0.209    5.383   -1.179    0.247   -1.126   -6.345   15.204    3.225
   9.90   22.676   23.150   23.227    4.663   -1.885   -0.324    4.663   -1.885    0.611   -1.511   -8.788   12.700    4.469
  10.00   23.009   23.844   23.923    6.252   -1.951    0.009    6.252   -1.951   -0.018    0.059  -12.198   21.446    6.099
  10.10   22.793   23.645   23.698    6.288   -1.590   -0.207    6.288   -1.590    0.328   -1.299   -9.995   21.056    5.042
  10.20   23.555   24.377   24.386    6.276   -0.666    0.555    6.276   -0.666   -0.370    3.485   -4.177   20.067    2.726
  10.30   24.602   25.804   25.806    7.786   -0.269    1.602    7.786   -0.269   -0.431   12.471   -2.094   31.630    6.326
  10.40   25.310   26.775   26.783    8.735    0.674    2.310    8.735    0.674    1.556   20.177    5.883   41.046   10.537
  10.50   24.993   26.031   26.099    7.278    1.886    1.993    7.278    1.886    3.758   14.506   13.725   30.251   10.160
  10.60   26.191   27.019   27.067    6.639    1.601    3.191    6.639    1.601    5.109   21.184   10.629   28.410   12.123
  10.70   25.705   26.294   26.295    5.534    0.153    2.705    5.534    0.153    0.413   14.972    0.845   18.984    7.501
  10.80   23.800   24.340   24.342    5.096    0.323    0.800    5.096    0.323    0.259    4.077    1.647   13.359    2.202
  10.90   24.012   24.462   24.506    4.670    1.473    1.012    4.670    1.473    1.491    4.727    6.878   12.501    4.239
  11.00   23.486   23.942   23.972    4.647    1.204    0.486    4.647    1.204    0.585    2.260    5.594   11.641    3.031
  11.10   23.543   24.015   24.056    4.738    1.398    0.543    4.738    1.398    0.760    2.574    6.625   12.348    3.574
  11.20   22.618   23.221   23.231    5.259    0.695   -0.382    5.259    0.695   -0.266   -2.011    3.656   14.142    2.090
  11.30   22.519   23.605   23.788    7.078    2.942   -0.481    7.078    2.942   -1.416   -3.406   20.824   29.492   10.574
  11.40   23.369   24.349   24.591    6.836    3.440    0.369    6.836    3.440    1.271    2.525   23.519   29.352   11.844
  11.50   23.177   24.368   24.586    7.524    3.263    0.177    7.524    3.263    0.579    1.335   24.548   33.642   12.295
  11.60   23.194   24.218   24.344    6.970    2.467    0.194    6.970    2.467    0.478    1.350   17.196   27.353    8.628
  11.70   23.561   24.583   24.766    7.015    3.005    0.561    7.015    3.005    1.685    3.932   21.080   29.275   10.755
  11.80   23.981   24.659   24.869    5.745    3.226    0.981    5.745    3.226    3.163    5.633   18.532   22.184    9.813
  11.90   24.254   24.936   24.990    5.792    1.639    1.254    5.792    1.639    2.055    7.262    9.494   18.904    6.064
  12.00   24.983   26.013   26.288    7.248    3.788    1.983    7.248    3.788    7.512   14.374   27.453   35.407   15.943
  12.10   25.099   26.272   26.392    7.764    2.510    2.099    7.764    2.510    5.267   16.295   19.485   35.493   12.971
  12.20   24.514   25.239   25.251    6.006    0.790    1.514    6.006    0.790    1.196    9.090    4.747   19.491    5.162
  12.30   24.460   24.974   25.083    5.041    2.330    1.460    5.041    2.330    3.402    7.360   11.745   16.485    7.136
  12.40   23.925   24.620   24.756    5.806    2.592    0.925    5.806    2.592    2.399    5.372   15.053   20.645    8.081
  12.50   24.877   25.507   25.534    5.636    1.172    1.877    5.636    1.172    2.200   10.577    6.606   18.329    6.332
  12.60   24.753   25.545   25.677    6.311    2.605    1.753    6.311    2.605    4.567   11.063   16.442   24.843   10.168
  12.70   25.488   26.096   26.142    5.601    1.549    2.488    5.601    1.549    3.853   13.935    8.674   19.979    8.430
  12.80   25.867   26.243   26.289    4.426    1.556    2.867    4.426    1.556    4.461   12.688    6.887   15.114    7.555
  12.90   24.007   24.196   24.224    3.018    1.165    1.007    3.018    1.165    1.173    3.040    3.516    5.741    2.397
  13.00   23.897   24.197   24.212    3.802    0.842    0.897    3.802    0.842    0.755    3.409    3.201    7.983    2.368
  13.10   22.883   23.206   23.222    3.853    0.871   -0.117    3.853    0.871   -0.102   -0.449    3.355    7.809    1.693
  13.20   23.771   24.367   24.368    5.359    0.207    0.771    5.359    0.207    0.160    4.129    1.110   14.676    2.139
  13.30   24.334   25.028   25.037    5.852   -0.668    1.334    5.852   -0.668   -0.892    7.807   -3.911   18.236    4.388
  13.40   24.547   25.178   25.178    5.602    0.023    1.547    5.602    0.023    0.035    8.668    0.126   16.891    4.334
  13.50   23.851   24.419   24.427    5.238    0.600    0.851    5.238    0.600    0.510    4.457    3.142   14.260    2.738
  13.60   24.773   25.061   25.082    3.790    1.040    1.773    3.790    1.040    1.844    6.718    3.942    9.293    4.002
  13.70   24.497   24.692   24.720    3.093    1.172    1.497    3.093    1.172    1.754    4.632    3.624    6.591    3.068
  13.80   23.055   23.176   23.266    2.369    2.047    0.055    2.369    2.047    0.112    0.130    4.850    4.903    2.427
  13.90   20.972   21.045   21.116    1.757    1.721   -2.028    1.757    1.721   -3.491   -3.563    3.024    5.081    2.917
  14.00   21.682   21.699   21.734    0.872    1.224   -1.318    0.872    1.224   -1.613   -1.149    1.067    1.998    1.125
  14.10   22.544   22.546   22.609   -0.282    1.689   -0.456   -0.282    1.689   -0.770    0.129   -0.476    1.570    0.457
  14.20   21.717   21.718   22.008   -0.124    3.563   -1.283   -0.124    3.563   -4.570    0.159   -0.441    7.177    2.297
  14.30   20.997   21.023   21.228    1.046    2.940   -2.003    1.046    2.940   -5.888   -2.095    3.075    6.875    3.483
  14.40   22.669   22.719   22.974    1.516    3.411   -0.331    1.516    3.411   -1.130   -0.502    5.171    7.022    2.658
  14.50   22.236   22.239   22.431    0.370    2.924   -0.764    0.370    2.924   -2.234   -0.283    1.083    4.635    1.249
  14.60   21.662   21.664   21.787    0.340    2.310   -1.338    0.340    2.310   -3.091   -0.456    0.786    3.621    1.611
  14.70   22.437   22.442   22.746    0.461    3.706   -0.563    0.461    3.706   -2.085   -0.260    1.710    7.132    1.354
  14.80   21.990   22.004   22.412    0.790    4.254   -1.010    0.790    4.254   -4.298   -0.798    3.360    9.871    2.756
  14.90   20.609   20.617   20.870   -0.585    3.242   -2.391   -0.585    3.242   -7.753    1.399   -1.896    8.286    4.052
  15.00   21.722   21.746   22.118   -1.014    4.043   -1.278   -1.014    4.043   -5.167    1.296   -4.098    9.503    3.361
  15.10   22.424   22.457   22.875   -1.216    4.351   -0.576   -1.216    4.351   -2.504    0.700   -5.293   10.371    2.949
  15.20   22.399   22.481   22.737   -1.916    3.407   -0.601   -1.916    3.407   -2.048    1.152   -6.527    7.819    3.469
  15.30   25.250   25.346   25.687   -2.196    4.175    2.250   -2.196    4.175    9.395   -4.942   -9.170   13.659    7.014
  15.40   25.311   25.419   25.904   -2.340    4.989    2.311   -2.340    4.989   11.528   -5.408  -11.675   17.853    8.638
  15.50   24.436   24.436   24.653   -0.047    3.258    1.436   -0.047    3.258    4.680   -0.068   -0.154    6.341    2.342
  15.60   23.642   23.665   23.747   -1.043    1.968    0.642   -1.043    1.968    1.264   -0.670   -2.053    2.687    1.251
  15.70   22.875   22.985   23.004   -2.246    0.939   -0.125   -2.246    0.939   -0.117    0.280   -2.107    2.969    1.065
  15.80   22.910   23.000   23.052   -2.031    1.544   -0.090   -2.031    1.544   -0.138    0.182   -3.136    3.259    1.572
  15.90   23.372   23.437   23.577   -1.742    2.572    0.372   -1.742    2.572    0.957   -0.648   -4.481    4.894    2.314
  16.00   23.871   23.937   24.058   -1.767    2.409    0.871   -1.767    2.409    2.099   -1.540   -4.257    4.843    2.495
  16.10   23.026   23.065   23.079   -1.343    0.789    0.026   -1.343    0.789    0.021   -0.035   -1.060    1.214    0.530
  16.20   22.349   22.356   22.359   -0.553    0.387   -0.651   -0.553    0.387   -0.252    0.360   -0.214    0.440    0.244
  16.30   21.551   21.567   21.599   -0.822    1.173   -1.449   -0.822    1.173   -1.700    1.191   -0.965    2.076    1.145
  16.40   22.700   22.700   22.717    0.179    0.865   -0.300    0.179    0.865   -0.260   -0.054    0.155    0.435    0.154
  16.50   23.452   23.463   23.476    0.699    0.787    0.452    0.699    0.787    0.356    0.316    0.550    0.656    0.364
  16.60   23.675   23.715   23.716    1.378   -0.271    0.675    1.378   -0.271   -0.183    0.930   -0.373    1.214    0.509
  16.70   24.275   24.282   24.308    0.605    1.116    1.275    0.605    1.116    1.422    0.771    0.675    1.618    0.876
  16.80   24.707   24.715   24.728    0.623    0.821    1.707    0.623    0.821    1.402    1.064    0.512    1.988    0.917
  16.90   24.651   24.679   24.705    1.181    1.122    1.651    1.181    1.122    1.853    1.949    1.325    2.689    1.499
  17.00   25.114   25.320   25.423    3.220    2.288    2.114    3.220    2.288    4.838    6.808    7.368   10.038    5.569
  17.10   24.544   24.762   24.873    3.277    2.349    1.544    3.277    2.349    3.627    5.060    7.700    9.322    4.951
  17.20   22.720   22.987   23.016    3.492    1.161   -0.280    3.492    1.161   -0.325   -0.979    4.053    6.811    2.091
  17.30   22.922   23.145   23.148    3.204   -0.344   -0.078    3.204   -0.344    0.027   -0.249   -1.101    5.195    0.565
  17.40   23.050   23.051   23.051    0.247    0.010    0.050    0.247    0.010    0.000    0.012    0.002    0.032    0.006
  17.50   23.758   23.766   23.775    0.620   -0.620    0.758    0.620   -0.620   -0.470    0.470   -0.384    0.672    0.384
  17.60   23.836   23.871   23.920    1.290   -1.521    0.836    1.290   -1.521   -1.272    1.079   -1.962    2.338    1.287
  17.70   23.349   23.355   23.380    0.531   -1.079    0.349    0.531   -1.079   -0.376    0.185   -0.572    0.784    0.355
  17.80   23.640   23.659   23.661    0.941    0.286    0.640    0.941    0.286    0.183    0.603    0.269    0.689    0.342
  17.90   23.232   23.297   23.297    1.732    0.047    0.232    1.732    0.047    0.011    0.402    0.081    1.528    0.205
  18.00   23.655   23.683   23.694    1.150    0.731    0.655    1.150    0.731    0.479    0.753    0.840    1.143    0.613
  18.10   23.060   23.105   23.124    1.438   -0.940    0.060    1.438   -0.940   -0.057    0.086   -1.352    1.478    0.678
  18.20   23.217   23.339   23.342    2.383    0.374    0.217    2.383    0.374    0.081    0.518    0.892    2.934    0.518
  18.30   21.947   21.980   21.981    1.202    0.268   -1.053    1.202    0.268   -0.283   -1.266    0.323    1.314    0.669
  18.40   21.538   21.538   21.558    0.020    0.931   -1.462    0.020    0.931   -1.362   -0.029    0.018    1.503    0.681
  18.50   20.057   20.057   20.195   -0.040    2.355   -2.943   -0.040    2.355   -6.932    0.116   -0.093    7.106    3.467
  18.60   22.067   22.195   22.353    2.376    2.653   -0.933    2.376    2.653   -2.475   -2.216    6.305    6.778    3.563
  18.70   21.616   21.705   21.793    1.959    1.963   -1.384    1.959    1.963   -2.717   -2.711    3.845    4.803    2.716
  18.80   21.287   21.318   21.421    1.154    2.096   -1.713    1.154    2.096   -3.590   -1.977    2.419    4.329    2.379
  18.90   21.300   21.369   21.432    1.726    1.631   -1.700    1.726    1.631   -2.773   -2.935    2.816    4.266    2.461
  19.00   22.896   23.204   23.255    3.765    1.542   -0.104    3.765    1.542   -0.160   -0.391    5.805    8.282    2.910
  19.10   22.667   23.264   23.335    5.239    1.822   -0.333    5.239    1.822   -0.608   -1.747    9.546   15.438    4.862
  19.20   22.752   23.160   23.393    4.331    3.292   -0.248    4.331    3.292   -0.818   -1.076   14.256   14.827    7.160
  19.30   21.979   22.174   22.499    2.933    3.810   -1.021    2.933    3.810   -3.890   -2.994   11.174   12.080    6.102
  19.40   21.107   21.148   21.771    1.312    5.169   -1.893    1.312    5.169   -9.784   -2.483    6.782   16.012    6.081
  19.50   21.648   21.708   22.051    1.610    3.877   -1.352    1.610    3.877   -5.241   -2.177    6.241    9.724    4.218
  19.60   19.905   19.974   20.189    1.666    2.938   -3.095    1.666    2.938   -9.095   -5.156    4.895   10.495    5.772
  19.70   21.300   21.548   21.712    3.259    2.665   -1.700    3.259    2.665   -4.529   -5.539    8.685   10.306    5.626
  19.80   21.101   21.250   21.343    2.515    1.990   -1.899    2.515    1.990   -3.779   -4.776    5.005    6.946    3.942
  19.90   20.898   21.135   21.328    3.159    2.861   -2.102    3.159    2.861   -6.014   -6.641    9.039   11.293    6.363
  20.00   19.637   19.674   20.020    1.214    3.703   -3.363    1.214    3.703  -12.453   -4.083    4.495   13.248    6.927
  20.10   20.022   20.082   20.314    1.560    3.059   -2.978    1.560    3.059   -9.110   -4.646    4.772   10.330    5.642
  20.20   20.422   20.483   20.753    1.588    3.334   -2.578    1.588    3.334   -8.597   -4.095    5.296   10.144    5.448
  20.30   21.407   21.455   21.667    1.431    3.018   -1.593    1.431    3.018   -4.807   -2.280    4.321    6.848    3.427
  20.40   21.907   21.956   22.107    1.456    2.578   -1.093    1.456    2.578   -2.817   -1.590    3.752    4.979    2.477
  20.50   20.045   20.148   20.205    2.035    1.526   -2.955    2.035    1.526   -4.511   -6.013    3.105    7.602    4.066
  20.60   18.638   18.922   19.093    3.266    2.553   -4.362    3.266    2.553  -11.136  -14.246    8.337   18.105    9.956
  20.70   20.656   20.867   21.075    2.964    2.953   -2.344    2.964    2.953   -6.922   -6.947    8.752   11.499    6.572
  20.80   21.122   21.306   21.450    2.791    2.488   -1.878    2.791    2.488   -4.673   -5.242    6.946    8.755    4.939
  20.90   20.761   21.044   21.259    3.440    3.015   -2.239    3.440    3.015   -6.750   -7.701   10.372   12.968    7.288
  21.00   20.281   20.378   20.682    1.987    3.537   -2.719    1.987    3.537   -9.618   -5.403    7.027   11.926    6.540
  21.10   19.572   19.619   20.063    1.353    4.197   -3.428    1.353    4.197  -14.387   -4.638    5.679   15.599    8.074
  21.20   18.816   19.021   19.467    2.785    4.140   -4.184    2.785    4.140  -17.319  -11.652   11.530   21.199   11.923
  21.30   20.468   20.547   20.831    1.809    3.423   -2.532    1.809    3.423   -8.669   -4.581    6.193   10.703    5.799
  21.40   18.164   18.422   18.858    3.072    4.034   -4.836    3.072    4.034  -19.507  -14.857   12.392   24.548   13.737
  21.50   19.087   19.353   19.732    3.193    3.848   -3.913    3.193    3.848  -15.055  -12.494   12.288   20.156   11.552
  21.60   18.004   18.477   18.747    4.151    3.170   -4.996    4.151    3.170  -15.836  -20.737   13.159   26.118   14.611
  21.70   18.664   19.009   19.461    3.605    4.167   -4.336    3.605    4.167  -18.068  -15.630   15.022   24.580   14.111
  21.80   19.147   19.667   20.138    4.492    4.330   -3.853    4.492    4.330  -16.683  -17.306   19.450   26.885   15.461
  21.90   18.839   19.017   19.380    2.593    3.736   -4.161    2.593    3.736  -15.543  -10.789    9.687   18.996   10.628
  22.00   19.843   20.413   20.632    4.794    2.996   -3.157    4.794    2.996   -9.460  -15.137   14.363   20.964   11.456
  22.10   21.081   21.344   21.462    3.340    2.251   -1.919    3.340    2.251   -4.320   -6.410    7.518    9.952    5.391
  22.20   20.416   20.631   20.640    2.968    0.611   -2.584    2.968    0.611   -1.580   -7.669    1.814    7.930    4.019
  22.30   19.900   20.294   20.316    3.983    0.927   -3.100    3.983    0.927   -2.875  -12.348    3.694   13.167    6.603
  22.40   19.843   20.953   20.953    6.728    0.081   -3.157    6.728    0.081   -0.255  -21.241    0.544   27.621   10.625
  22.50   18.935   19.586   19.587    5.009   -0.141   -4.065    5.009   -0.141    0.573  -20.361   -0.706   20.816   10.191
  22.60   19.590   19.931   19.940    3.671    0.608   -3.410    3.671    0.608   -2.072  -12.517    2.230   12.735    6.441
  22.70   21.587   21.805   21.823    3.077    0.887   -1.413    3.077    0.887   -1.254   -4.347    2.730    6.125    2.642
  22.80   21.748   21.849   21.852    2.101    0.331   -1.252    2.101    0.331   -0.414   -2.631    0.695    3.046    1.376
  22.90   22.326   22.392   22.394    1.725    0.276   -0.674    1.725    0.276   -0.186   -1.164    0.477    1.754    0.636
  23.00   21.815   21.828   21.853    0.738    1.043   -1.185    0.738    1.043   -1.236   -0.875    0.770    1.518    0.849
  23.10   21.383   21.444   21.460    1.617   -0.829   -1.617    1.617   -0.829    1.341   -2.614   -1.341    2.958    1.615
  23.20   22.442   22.604   22.623    2.697   -0.936   -0.558    2.697   -0.936    0.522   -1.504   -2.525    4.230    1.492
  23.30   24.673   25.008   25.037    4.075   -1.206    1.673    4.075   -1.206   -2.018    6.819   -4.915   10.430    4.322
  23.40   23.802   24.106   24.173    3.816   -1.795    0.802    3.816   -1.795   -1.439    3.060   -6.850    9.214    3.819
  23.50   24.755   24.857   24.860    2.244   -0.397    1.755    2.244   -0.397   -0.697    3.940   -0.891    4.138    2.049
  23.60   25.272   25.536   25.550    3.662   -0.853    2.272    3.662   -0.853   -1.938    8.321   -3.124    9.651    4.549
  23.70   26.893   27.111   27.111    3.428   -0.116    3.893    3.428   -0.116   -0.450   13.345   -0.397   13.461    6.679
  23.80   28.000   28.168   28.168    3.070    0.003    5.000    3.070    0.003    0.013   15.350    0.008   17.212    7.675
  23.90   27.787   27.885   27.919    2.333    1.367    4.787    2.333    1.367    6.545   11.167    3.189   15.114    6.665
  24.00   27.430   27.549   27.557    2.567    0.640    4.430    2.567    0.640    2.833   11.369    1.641   13.309    5.916
  24.10   26.804   26.924   26.930    2.532    0.603    3.804    2.532    0.603    2.292    9.631    1.525   10.622    5.009
  24.20   25.234   25.483   25.490    3.549    0.618    2.234    3.549    0.618    1.380    7.930    2.193    8.986    4.171
  24.30   24.661   24.944   24.957    3.747    0.809    1.661    3.747    0.809    1.344    6.224    3.032    8.728    3.526
  24.40   24.436   24.567   24.575    2.539    0.616    1.436    2.539    0.616    0.884    3.645    1.563    4.443    2.032
  24.50   23.834   23.910   23.919    1.914    0.641    0.834    1.914    0.641    0.535    1.595    1.228    2.385    1.041
  24.60   24.577   24.743   24.745    2.862    0.321    1.577    2.862    0.321    0.507    4.513    0.919    5.390    2.317
  24.70   26.619   26.712   26.731    2.231    1.012    3.619    2.231    1.012    3.663    8.072    2.258    9.548    4.574
  24.80   24.686   24.742   24.746    1.668   -0.428    1.686    1.668   -0.428   -0.721    2.811   -0.714    2.903    1.494
  24.90   25.335   25.363   25.378    1.203   -0.880    2.335    1.203   -0.880   -2.055    2.808   -1.059    3.836    1.819
  25.00   25.539   25.574   25.593    1.340   -0.975    2.539    1.340   -0.975   -2.476    3.403   -1.307    4.597    2.203
  25.10   25.644   25.646   25.649    0.338   -0.369    2.644    0.338   -0.369   -0.975    0.894   -0.125    3.620    0.664
  25.20   28.064   28.088   28.088    1.159   -0.035    5.064    1.159   -0.035   -0.176    5.868   -0.040   13.494    2.935
  25.30   26.706   26.732   26.735    1.193    0.393    3.706    1.193    0.393    1.456    4.421    0.469    7.655    2.339
  25.40   25.695   25.759   25.761    1.816    0.315    2.695    1.816    0.315    0.849    4.895    0.572    5.331    2.500
  25.50   26.205   26.238   26.254    1.326    0.913    3.205    1.326    0.913    2.926    4.250    1.211    6.431    2.650
  25.60   26.961   26.965   26.965    0.447    0.077    3.961    0.447    0.077    0.304    1.772    0.034    7.949    0.899
  25.70   26.724   26.731   26.731    0.601   -0.095    3.724    0.601   -0.095   -0.353    2.240   -0.057    7.120    1.134
  25.80   25.350   25.386   25.402    1.357    0.877    2.350    1.357    0.877    2.061    3.189    1.190    4.067    1.989
  25.90   24.981   24.981   25.001   -0.021    1.002    1.981   -0.021    1.002    1.984   -0.041   -0.021    2.464    0.992
  26.00   26.015   26.031   26.032    0.886   -0.305    3.015    0.886   -0.305   -0.919    2.671   -0.270    4.985    1.419
  26.10   26.303   26.325   26.333    1.080    0.615    3.303    1.080    0.615    2.033    3.567    0.665    6.228    2.079
  26.20   25.109   25.113   25.121   -0.438    0.658    2.109   -0.438    0.658    1.388   -0.923   -0.288    2.536    0.846
  26.30   24.714   24.716   24.718    0.347    0.349    1.714    0.347    0.349    0.598    0.594    0.121    1.589    0.426
  26.40   25.073   25.104   25.134    1.245    1.223    2.073    1.245    1.223    2.536    2.582    1.523    3.673    1.963
  26.50   24.762   24.787   24.846   -1.118    1.709    1.762   -1.118    1.709    3.010   -1.970   -1.911    3.637    2.037
  26.60   23.770   23.792   23.827   -1.022    1.284    0.770   -1.022    1.284    0.989   -0.787   -1.312    1.643    0.911
  26.70   26.076   26.095   26.128   -1.006    1.307    3.076   -1.006    1.307    4.020   -3.094   -1.315    6.090    2.620
  26.80   26.665   26.690   26.700   -1.153    0.729    3.665   -1.153    0.729    2.670   -4.225   -0.840    7.646    2.534
  26.90   24.149   24.162   24.180   -0.793   -0.916    1.149   -0.793   -0.916   -1.053   -0.911    0.726    1.395    0.785
  27.00   23.942   23.950   23.989    0.623   -1.369    0.942    0.623   -1.369   -1.290    0.587   -0.853    1.575    0.827
  27.10   23.687   23.746   23.746    1.675   -0.183    0.687    1.675   -0.183   -0.126    1.150   -0.306    1.655    0.598
  27.20   23.724   23.734   23.931    0.690   -3.069    0.724    0.690   -3.069   -2.221    0.499   -2.117    5.210    1.554
  27.30   24.648   24.649   24.723   -0.262   -1.902    1.648   -0.262   -1.902   -3.134   -0.432    0.499    3.200    1.601
  27.40   24.553   24.581   24.591   -1.183   -0.694    1.553   -1.183   -0.694   -1.078   -1.837    0.821    2.146    1.141
  27.50   23.677   23.680   23.765    0.414   -2.009    0.677    0.414   -2.009   -1.359    0.280   -0.831    2.332    0.809
  27.60   23.086   23.115   23.254    1.158   -2.533    0.086    1.158   -2.533   -0.218    0.100   -2.932    3.881    1.471
  27.70   22.477   22.594   22.822    2.296   -3.219   -0.523    2.296   -3.219    1.685   -1.202   -7.389    7.952    3.837
  27.80   23.003   23.039   23.190    1.280   -2.643    0.003    1.280   -2.643   -0.008    0.004   -3.383    4.311    1.691
  27.90   23.098   23.150   23.326    1.537   -2.867    0.098    1.537   -2.867   -0.282    0.151   -4.407    5.297    2.209
  28.00   23.947   23.968   24.225    1.005   -3.520    0.947    1.005   -3.520   -3.334    0.952   -3.538    7.150    2.477
  28.10   25.083   25.159   25.562    1.957   -4.524    2.083    1.957   -4.524   -9.422    4.077   -8.855   14.317    6.779
  28.20   25.100   25.100   25.325   -0.001   -3.373    2.100   -0.001   -3.373   -7.082   -0.002    0.003    7.892    3.541
  28.30   25.614   25.624   25.905    0.719   -3.803    2.614    0.719   -3.803   -9.943    1.879   -2.734   10.908    5.241
  28.40   25.036   25.036   25.411   -0.009   -4.346    2.036   -0.009   -4.346   -8.850   -0.017    0.037   11.517    4.425
  28.50   24.965   24.974   25.228   -0.679   -3.572    1.965   -0.679   -3.572   -7.019   -1.335    2.426    8.541    3.773
  28.60   24.621   24.687   24.856   -1.807   -2.895    1.621   -1.807   -2.895   -4.692   -2.928    5.230    7.135    3.806
  28.70   25.651   25.766   25.842   -2.431   -1.972    2.651   -2.431   -1.972   -5.228   -6.445    4.792    8.413    4.791
  28.80   25.876   26.012   26.168   -2.662   -2.848    2.876   -2.662   -2.848   -8.192   -7.656    7.582   11.735    6.768
  28.90   27.606   27.610   27.690   -0.463   -2.099    4.606   -0.463   -2.099   -9.670   -2.131    0.971   12.919    4.975
  29.00   28.513   28.560   28.628    1.632   -1.975    5.513    1.632   -1.975  -10.891    9.000   -3.225   18.481    7.246
  29.10   26.687   26.703   26.755    0.925   -1.669    3.687    0.925   -1.669   -6.154    3.410   -1.544    8.618    3.602
  29.20   25.484   25.514   25.535    1.223   -1.041    2.484    1.223   -1.041   -2.585    3.039   -1.273    4.375    2.094
  29.30   25.681   25.707   25.754    1.156   -1.559    2.681    1.156   -1.559   -4.179    3.100   -1.802    5.477    2.753
  29.40   25.146   25.151   25.161    0.519   -0.718    2.146    0.519   -0.718   -1.540    1.113   -0.372    2.694    0.968
  29.50   24.059   24.076   24.095    0.888    0.968    1.059    0.888    0.968    1.025    0.941    0.860    1.424    0.818
  29.60   23.778   23.819   23.819    1.407    0.107    0.778    1.407    0.107    0.083    1.094    0.151    1.298    0.554
  29.70   23.741   23.742   23.779   -0.255   -1.327    0.741   -0.255   -1.327   -0.983   -0.189    0.338    1.187    0.528
  29.80   23.057   23.063   23.085   -0.501   -1.010    0.057   -0.501   -1.010   -0.058   -0.029    0.506    0.637    0.255
  29.90   21.943   21.950   21.986    0.527   -1.268   -1.057    0.527   -1.268    1.340   -0.557   -0.668    1.501    0.799
  30.00   23.037   23.084   23.091    1.470   -0.553    0.037    1.470   -0.553   -0.021    0.055   -0.813    1.234    0.407
  30.10   22.786   22.902   22.905    2.295    0.356   -0.214    2.295    0.356   -0.076   -0.490    0.817    2.721    0.478
  30.20   22.668   22.779   22.779    2.244   -0.077   -0.332    2.244   -0.077    0.026   -0.746   -0.174    2.577    0.383
  30.30   23.368   23.379   23.425    0.703   -1.481    0.368    0.703   -1.481   -0.545    0.259   -1.041    1.412    0.602
  30.40   23.716   23.765   23.839    1.534   -1.877    0.716    1.534   -1.877   -1.343    1.098   -2.880    3.194    1.681
  30.50   22.506   22.507   22.572    0.214   -1.715   -0.494    0.214   -1.715    0.848   -0.106   -0.368    1.615    0.465
  30.60   22.421   22.447   22.478   -1.080   -1.185   -0.579   -1.080   -1.185    0.686    0.625    1.279    1.452    0.790
  30.70   21.939   21.988   22.005   -1.459    0.876   -1.061   -1.459    0.876   -0.929    1.547   -1.277    2.010    1.105
  30.80   21.400   21.408   21.414   -0.589   -0.507   -1.600   -0.589   -0.507    0.811    0.943    0.299    1.582    0.640
  30.90   21.918   21.933   21.933   -0.805    0.122   -1.082   -0.805    0.122   -0.132    0.871   -0.098    0.917    0.443
  31.00   22.090   22.175   22.175   -1.935    0.172   -0.910   -1.935    0.172   -0.156    1.761   -0.332    2.301    0.899
  31.10   22.822   22.833   22.837   -0.720    0.405   -0.178   -0.720    0.405   -0.072    0.128   -0.292    0.357    0.163
  31.20   21.894   21.905   21.908    0.714    0.362   -1.106    0.714    0.362   -0.401   -0.789    0.258    0.932    0.461
  31.30   22.435   22.444   22.449    0.627    0.462   -0.565    0.627    0.462   -0.261   -0.354    0.290    0.463    0.263
  31.40   22.813   22.829   22.857    0.870    1.130   -0.187    0.870    1.130   -0.212   -0.163    0.984    1.035    0.510
  31.50   24.617   24.645   24.645    1.171   -0.016    1.617    1.171   -0.016   -0.025    1.894   -0.018    1.993    0.947
  31.60   24.493   24.676   24.677    3.003   -0.113    1.493    3.003   -0.113   -0.169    4.483   -0.340    5.629    2.250
  31.70   23.913   24.145   24.172    3.340   -1.146    0.913    3.340   -1.146   -1.046    3.050   -3.827    6.652    2.502
  31.80   23.747   23.831   23.848    1.993   -0.908    0.747    1.993   -0.908   -0.679    1.489   -1.810    2.677    1.220
  31.90   23.639   23.733   23.791    2.112    1.664    0.639    2.112    1.664    1.063    1.349    3.513    3.818    1.955
  32.00   23.432   23.439   23.501   -0.549    1.708    0.432   -0.549    1.708    0.739   -0.237   -0.938    1.702    0.608
  32.10   23.262   23.357   23.502   -2.106    2.600    0.262   -2.106    2.600    0.682   -0.552   -5.477    5.633    2.773
  32.20   23.957   24.094   24.365   -2.561    3.623    0.957   -2.561    3.623    3.468   -2.451   -9.279   10.301    5.102
  32.30   23.620   23.848   23.919   -3.288    1.846    0.620   -3.288    1.846    1.145   -2.040   -6.069    7.303    3.252
  32.40   25.101   25.155   25.226   -1.646    1.900    2.101   -1.646    1.900    3.992   -3.457   -3.127    5.366    3.068
  32.50   25.569   25.592   25.630   -1.084    1.393    2.569   -1.084    1.393    3.580   -2.784   -1.510    4.858    2.390
  32.60   24.395   24.396   24.498    0.156    2.233    1.395    0.156    2.233    3.116    0.217    0.348    3.479    1.572
  32.70   23.934   23.949   24.035    0.842    2.034    0.934    0.842    2.034    1.900    0.786    1.712    2.860    1.338
  32.80   22.461   22.461   22.783   -0.045    3.817   -0.539   -0.045    3.817   -2.058    0.024   -0.171    7.433    1.032
  32.90   21.897   21.898   22.088    0.201    2.893   -1.103    0.201    2.893   -3.191   -0.221    0.580    4.813    1.625
  33.00   23.363   23.363   23.374    0.155    0.698    0.363    0.155    0.698    0.253    0.056    0.108    0.321    0.140
  33.10   21.987   21.993   22.056    0.515    1.668   -1.013    0.515    1.668   -1.690   -0.521    0.859    2.037    0.983
  33.20   21.931   21.936   22.141   -0.451    3.005   -1.069   -0.451    3.005   -3.213    0.482   -1.355    5.189    1.760
  33.30   22.752   22.808   22.879    1.600    1.795   -0.248    1.600    1.795   -0.445   -0.396    2.871    2.921    1.466
  33.40   23.738   23.820   23.945    1.981    2.442    0.738    1.981    2.442    1.802    1.462    4.839    5.217    2.683
  33.50   22.776   22.915   22.922    2.520    0.559   -0.224    2.520    0.559   -0.125   -0.564    1.407    3.356    0.761
  33.60   23.428   23.575   23.575    2.625    0.126    0.428    2.625    0.126    0.054    1.124    0.330    3.546    0.587
  33.70   24.344   24.449   24.450    2.264    0.266    1.344    2.264    0.266    0.358    3.043    0.603    3.502    1.561
  33.80   23.862   23.972   23.972    2.300    0.029    0.862    2.300    0.029    0.025    1.982    0.066    3.016    0.991
  33.90   24.314   24.486   24.489    2.896    0.383    1.314    2.896    0.383    0.503    3.805    1.109    5.130    1.998
  34.00   23.451   23.535   23.582    1.984    1.492    0.451    1.984    1.492    0.673    0.895    2.959    3.182    1.582
  34.10   22.714   22.781   22.801    1.742    0.955   -0.286    1.742    0.955   -0.273   -0.497    1.664    2.014    0.879
  34.20   23.143   23.144   23.144    0.187    0.140    0.143    0.187    0.140    0.020    0.027    0.026    0.037    0.021
  34.30   22.013   22.013   22.015    0.040   -0.313   -0.987    0.040   -0.313    0.309   -0.039   -0.012    0.537    0.156
  34.40   23.494   23.498   23.514    0.410   -0.880    0.494    0.410   -0.880   -0.435    0.203   -0.361    0.593    0.300
  34.50   24.093   24.151   24.152   -1.669   -0.248    1.093   -1.669   -0.248   -0.271   -1.824    0.414    2.021    0.945
  34.60   24.774   24.889   24.891   -2.388    0.288    1.774   -2.388    0.288    0.511   -4.237   -0.688    4.466    2.161
  34.70   24.589   24.726   24.744   -2.600    0.947    1.589   -2.600    0.947    1.505   -4.132   -2.462    5.091    2.520
  34.80   23.370   23.527   23.589   -2.715    1.704    0.370   -2.715    1.704    0.631   -1.005   -4.626    5.205    2.388
  34.90   23.531   23.730   23.777   -3.063    1.502    0.531   -3.063    1.502    0.798   -1.627   -4.601    5.961    2.473
  35.00   24.874   24.995   24.995   -2.457    0.112    1.874   -2.457    0.112    0.210   -4.604   -0.276    4.780    2.308
  35.10   25.397   25.521   25.538   -2.517    0.908    2.397   -2.517    0.908    2.176   -6.033   -2.285    6.453    3.404
  35.20   25.049   25.161   25.173   -2.366    0.783    2.049   -2.366    0.783    1.605   -4.848   -1.853    5.205    2.716
  35.30   23.739   23.847   23.857   -2.257    0.701    0.739   -2.257    0.701    0.518   -1.669   -1.582    3.066    1.179
  35.40   21.309   21.500   21.508   -2.860    0.585   -1.691   -2.860    0.585   -0.989    4.836   -1.672    5.691    2.606
  35.50   22.658   22.950   23.019   -3.647    1.783   -0.342   -3.647    1.783   -0.609    1.246   -6.503    8.299    3.324
  35.60   21.547   22.062   22.145   -4.740    1.916   -1.453   -4.740    1.916   -2.784    6.890   -9.081   14.126    5.867
  35.70   22.310   22.590   22.615   -3.545    1.074   -0.690   -3.545    1.074   -0.741    2.446   -3.807    7.097    2.293
  35.80   22.760   22.974   23.139   -3.128    2.760   -0.240   -3.128    2.760   -0.662    0.750   -8.634    8.730    4.346
  35.90   23.022   23.131   23.300   -2.238    2.803    0.022   -2.238    2.803    0.062   -0.049   -6.274    6.433    3.137
  36.00   22.425   22.510   22.939   -1.958    4.412   -0.575   -1.958    4.412   -2.536    1.125   -8.637   11.815    4.536
  36.10   22.041   22.133   22.248   -2.016    2.258   -0.959   -2.016    2.258   -2.165    1.933   -4.552    5.041    2.699
  36.20   22.230   22.532   22.658   -3.674    2.383   -0.770   -3.674    2.383   -1.834    2.827   -8.756    9.885    4.691
  36.30   22.310   22.660   22.794   -3.964    2.467   -0.690   -3.964    2.467   -1.702    2.734   -9.779   11.137    5.148
  36.40   21.864   22.118   22.240   -3.342    2.335   -1.136   -3.342    2.335   -2.654    3.798   -7.805    8.958    4.539
  36.50   21.378   21.769   21.899   -4.107    2.379   -1.622   -4.107    2.379   -3.857    6.660   -9.770   12.578    6.219
  36.60   20.337   20.526   20.590   -2.781    1.620   -2.663   -2.781    1.620   -4.315    7.405   -4.506    8.725    4.841
  36.70   20.792   20.958   20.983   -2.635    1.019   -2.208   -2.635    1.019   -2.251    5.818   -2.686    6.429    3.396
  36.80   21.663   21.699   21.701   -1.250   -0.314   -1.337   -1.250   -0.314    0.420    1.671    0.393    1.724    0.883
  36.90   21.004   21.125   21.147   -2.260   -0.974   -1.996   -2.260   -0.974    1.944    4.512    2.201    5.020    2.692
  37.00   20.106   20.202   20.228   -1.975   -1.010   -2.894   -1.975   -1.010    2.924    5.716    1.995    6.649    3.362
  37.10   20.514   20.603   20.685   -1.918   -1.842   -2.486   -1.918   -1.842    4.578    4.769    3.533    6.626    3.748
  37.20   22.485   22.487   22.567    0.303   -1.901   -0.515    0.303   -1.901    0.980   -0.156   -0.577    1.986    0.574
  37.30   22.372   22.397   22.398   -1.053    0.222   -0.628   -1.053    0.222   -0.140    0.661   -0.234    0.777    0.358
  37.40   21.197   21.230   21.242   -1.184    0.699   -1.803   -1.184    0.699   -1.260    2.135   -0.828    2.571    1.307
  37.50   21.610   21.610   21.653   -0.057    1.355   -1.390   -0.057    1.355   -1.883    0.079   -0.077    1.885    0.943
  37.60   21.345   21.382   21.387    1.255   -0.444   -1.655    1.255   -0.444    0.735   -2.077   -0.557    2.255    1.136
  37.70   20.712   20.713   20.714    0.192   -0.180   -2.288    0.192   -0.180    0.413   -0.440   -0.035    2.651    0.302
  37.80   19.905   19.905   19.906    0.122    0.160   -3.095    0.122    0.160   -0.494   -0.378    0.020    4.810    0.311
  37.90   19.154   19.154   19.157   -0.057    0.308   -3.846   -0.057    0.308   -1.183    0.219   -0.018    7.444    0.602
  38.00   17.700   17.789   17.809   -1.770    0.842   -5.300   -1.770    0.842   -4.461    9.382   -1.490   15.964    5.248
  38.10   19.040   19.087   19.088   -1.348    0.120   -3.960   -1.348    0.120   -0.475    5.339   -0.162    8.758    2.681
  38.20   18.242   18.286   18.325   -1.266    1.192   -4.758   -1.266    1.192   -5.672    6.021   -1.509   12.829    4.204
  38.30   18.467   18.493   18.509   -0.973    0.768   -4.533   -0.973    0.768   -3.482    4.410   -0.747   11.042    2.834
  38.40   18.409   18.409   18.410   -0.128   -0.119   -4.591   -0.128   -0.119    0.546    0.590    0.015   10.555    0.402
  38.50   18.964   18.964   19.010   -0.013    1.319   -4.036   -0.013    1.319   -5.323    0.052   -0.017    9.014    2.662
  38.60   20.393   20.410   20.533    0.842    2.248   -2.607    0.842    2.248   -5.861   -2.196    1.893    6.281    3.270
  38.70   20.223   20.328   20.376    2.068    1.400   -2.777    2.068    1.400   -3.887   -5.744    2.895    6.974    3.757
  38.80   18.236   18.422   18.498    2.606    1.681   -4.764    2.606    1.681   -8.006  -12.413    4.380   16.153    7.703
  38.90   18.016   18.128   18.326    2.010    2.683   -4.984    2.010    2.683  -13.373  -10.017    5.393   18.039    8.778
  39.00   18.789   18.793   18.949    0.378    2.426   -4.211    0.378    2.426  -10.216   -1.590    0.916   11.880    5.190
  39.10   19.189   19.304   19.405    2.098    1.984   -3.811    2.098    1.984   -7.560   -7.993    4.161   11.429    5.881
  39.20   18.658   18.658   18.659   -0.038    0.177   -4.342   -0.038    0.177   -0.770    0.165   -0.007    9.443    0.394
  39.30   18.582   18.583   18.583    0.098   -0.068   -4.418    0.098   -0.068    0.301   -0.434   -0.007    9.765    0.264
  39.40   19.341   19.378   19.382    1.198    0.399   -3.659    1.198    0.399   -1.461   -4.385    0.478    7.493    2.323
  39.50   19.235   19.240   19.288   -0.470    1.359   -3.765   -0.470    1.359   -5.116    1.770   -0.639    8.122    2.725
  39.60   19.966   19.966   20.065    0.112    1.986   -3.034    0.112    1.986   -6.026   -0.339    0.222    6.582    3.020
  39.70   20.565   20.572   20.645    0.531    1.734   -2.435    0.531    1.734   -4.221   -1.292    0.920    4.608    2.255
  39.80   18.748   18.753   18.755    0.425    0.230   -4.252    0.425    0.230   -0.979   -1.805    0.098    9.155    1.028
  39.90   19.979   20.023   20.061    1.323    1.231   -3.021    1.323    1.231   -3.718   -3.997    1.628    6.196    2.848
  40.00   20.205   20.317   20.354    2.133    1.219   -2.795    2.133    1.219   -3.407   -5.962    2.600    6.924    3.671
  40.10   18.663   19.144   19.172    4.262    1.039   -4.337    4.262    1.039   -4.505  -18.483    4.428   19.025    9.766
  40.20   19.306   19.764   19.769    4.230   -0.401   -3.694    4.230   -0.401    1.480  -15.623   -1.695   15.848    7.892
  40.30   20.046   20.263   20.314    2.954    1.450   -2.954    2.954    1.450   -4.284   -8.727    4.285    9.779    5.312
  40.40   20.132   20.307   20.351    2.661    1.327   -2.868    2.661    1.327   -3.807   -7.632    3.532    8.534    4.616
  40.50   20.314   20.370   20.461    1.516    1.923   -2.686    1.516    1.923   -5.166   -4.073    2.916    6.606    3.598
  40.60   21.691   21.705   21.744    0.782    1.304   -1.309    0.782    1.304   -1.707   -1.024    1.020    2.013    1.118
  40.70   20.435   20.479   20.485    1.341    0.522   -2.565    1.341    0.522   -1.339   -3.441    0.700    4.326    1.879
  40.80   20.364   20.378   20.415   -0.754    1.230   -2.636   -0.754    1.230   -3.242    1.988   -0.927    4.515    1.957
  40.90   20.919   20.936   20.937   -0.847    0.172   -2.081   -0.847    0.172   -0.358    1.762   -0.146    2.539    0.902
  41.00   21.509   21.572   21.579   -1.645   -0.540   -1.491   -1.645   -0.540    0.805    2.452    0.889    2.610    1.365
  41.10   20.554   20.555   20.558    0.233    0.315   -2.446    0.233    0.315   -0.770   -0.571    0.073    3.069    0.481
  41.20   20.928   20.948   20.998    0.922    1.456   -2.072    0.922    1.456   -3.016   -1.911    1.342    3.632    1.907
  41.30   20.091   20.094   20.104   -0.342    0.629   -2.909   -0.342    0.629   -1.831    0.995   -0.215    4.488    1.048
  41.40   20.189   20.203   20.207   -0.769    0.391   -2.811   -0.769    0.391   -1.098    2.161   -0.300    4.323    1.221
  41.50   19.265   19.266   19.275    0.237    0.602   -3.735    0.237    0.602   -2.247   -0.884    0.142    7.186    1.210
  41.60   18.926   18.970   18.996   -1.288    1.007   -4.074   -1.288    1.007   -4.104    5.249   -1.298    9.637    3.394
  41.70   18.668   18.682   18.686   -0.710    0.393   -4.332   -0.710    0.393   -1.702    3.075   -0.279    9.711    1.763
  41.80   16.673   16.678   16.702    0.409    0.901   -6.327    0.409    0.901   -5.698   -2.585    0.368   20.506    3.134
  41.90   18.139   18.150   18.151   -0.627    0.188   -4.861   -0.627    0.188   -0.913    3.050   -0.118   12.028    1.593
  42.00   17.793   17.795   17.795   -0.272   -0.110   -5.207   -0.272   -0.110    0.575    1.416    0.030   13.601    0.764
  42.10   16.959   16.988   17.022   -0.988   -1.084   -6.041   -0.988   -1.084    6.549    5.966    1.071   19.321    4.462
  42.20   18.685   18.762   18.779   -1.702    0.804   -4.315   -1.702    0.804   -3.470    7.343   -1.368   11.082    4.118
  42.30   18.750   18.800   18.812   -1.373    0.674   -4.250   -1.373    0.674   -2.862    5.837   -0.925   10.201    3.283
  42.40   19.339   19.428   19.478   -1.863    1.391   -3.661   -1.863    1.391   -5.091    6.819   -2.590    9.404    4.448
  42.50   18.591   18.648   18.790   -1.458    2.304   -4.409   -1.458    2.304  -10.160    6.428   -3.360   13.437    6.242
  42.60   18.252   18.285   18.354   -1.096    1.586   -4.748   -1.096    1.586   -7.530    5.204   -1.738   13.129    4.658
  42.70   18.294   18.295   18.467   -0.112    2.519   -4.706   -0.112    2.519  -11.852    0.526   -0.282   14.249    5.933
  42.80   18.422   18.457   18.533    1.122    1.687   -4.578    1.122    1.687   -7.722   -5.136    1.893   12.530    4.733
  42.90   19.002   19.070   19.131    1.602    1.535   -3.998    1.602    1.535   -6.137   -6.403    2.458   10.452    4.602
  43.00   18.650   18.651   18.860    0.144    2.804   -4.350    0.144    2.804  -12.199   -0.626    0.404   13.403    6.111
  43.10   18.026   18.030   18.184   -0.390    2.365   -4.974   -0.390    2.365  -11.763    1.941   -0.923   15.244    5.979
  43.20   18.007   18.034   18.049   -0.992    0.738   -4.993   -0.992    0.738   -3.685    4.953   -0.732   13.231    3.108
  43.30   17.915   17.931   18.065   -0.756    2.193   -5.085   -0.756    2.193  -11.149    3.845   -1.658   15.617    5.955
  43.40   16.145   16.152   16.355    0.470    2.572   -6.855    0.470    2.572  -17.631   -3.219    1.208   26.915    8.982
  43.50   17.995   18.024   18.136    1.019    2.013   -5.005    1.019    2.013  -10.075   -5.100    2.051   15.069    5.738
  43.60   18.924   18.944   18.947    0.874    0.377   -4.076    0.874    0.377   -1.535   -3.563    0.329    8.762    1.947
  43.70   18.477   18.554   18.556    1.695   -0.273   -4.523    1.695   -0.273    1.236   -7.665   -0.463   11.703    3.889
  43.80   18.917   18.972   18.993    1.434   -0.892   -4.083    1.434   -0.892    3.643   -5.853   -1.279    9.760    3.506
  43.90   17.526   17.526   17.799   -0.099   -3.104   -5.474   -0.099   -3.104   16.993    0.542    0.307   19.807    8.502
  44.00   16.685   16.816   16.884    2.100   -1.514   -6.315    2.100   -1.514    9.561  -13.260   -3.179   23.292    8.327
  44.10   17.352   17.501   17.579    2.285   -1.647   -5.648    2.285   -1.647    9.304  -12.904   -3.763   19.919    8.174
  44.20   16.498   16.676   16.698    2.429   -0.870   -6.502    2.429   -0.870    5.657  -15.796   -2.114   24.469    8.456
  44.30   16.719   16.849   16.861    2.085   -0.645   -6.281    2.085   -0.645    4.051  -13.096   -1.345   22.107    6.887
  44.40   16.307   16.391   16.392    1.659   -0.146   -6.693    1.659   -0.146    0.979  -11.102   -0.243   23.786    5.574
  44.50   17.090   17.140   17.141    1.304    0.212   -5.910    1.304    0.212   -1.250   -7.705    0.276   18.335    3.905
  44.60   16.515   16.637   16.642    2.017    0.389   -6.485    2.017    0.389   -2.526  -13.081    0.786   23.141    6.673
  44.70   16.410   16.677   16.693    2.970   -0.738   -6.590    2.970   -0.738    4.866  -19.571   -2.193   26.394   10.143
  44.80   16.910   17.426   17.441    4.211   -0.708   -6.090    4.211   -0.708    4.311  -25.645   -2.981   27.661   13.087
  44.90   17.505   18.323   18.330    5.414    0.484   -5.495    5.414    0.484   -2.657  -29.745    2.618   29.865   14.989
  45.00   18.624   19.383   19.395    5.369    0.696   -4.376    5.369    0.696   -3.046  -23.495    3.738   24.231   11.992
  45.10   19.203   19.641   19.721    4.125    1.773   -3.797    4.125    1.773   -6.733  -15.661    7.316   17.288    9.275
  45.20   19.145   20.054   20.074    5.970    0.882   -3.855    5.970    0.882   -3.401  -23.014    5.267   25.640   11.926
  45.30   20.022   20.959   20.963    6.199   -0.379   -2.978    6.199   -0.379    1.128  -18.464   -2.348   23.722    9.323
  45.40   18.928   19.704   19.720    5.472    0.804   -4.072    5.472    0.804   -3.274  -22.282    4.400   23.586   11.474
  45.50   19.524   20.136   20.476    4.926    3.716   -3.476    4.926    3.716  -12.919  -17.123   18.306   25.080   14.100
  45.60   18.536   19.372   19.593    5.628    2.940   -4.464    5.628    2.940  -13.123  -25.124   16.545   30.123   16.410
  45.70   19.039   20.000   20.108    6.123    2.088   -3.961    6.123    2.088   -8.270  -24.252   12.785   28.770   14.318
  45.80   18.793   19.395   19.562    4.794    2.556   -4.207    4.794    2.556  -10.752  -20.167   12.251   23.605   12.965
  45.90   17.883   18.624   18.763    5.202    2.276   -5.117    5.202    2.276  -11.648  -26.619   11.842   29.214   15.688
  46.00   18.997   19.331   19.431    3.576    1.968   -4.003    3.576    1.968   -7.878  -14.312    7.037   16.341    8.894
  46.10   18.733   19.194   19.240    4.181    1.333   -4.267    4.181    1.333   -5.686  -17.840    5.572   18.732    9.768
  46.20   18.588   18.843   18.875    3.087    1.102   -4.412    3.087    1.102   -4.862  -13.619    3.402   15.103    7.428
  46.30   17.579   17.751   17.760    2.468    0.540   -5.421    2.468    0.540   -2.925  -13.378    1.331   17.885    6.879
  46.40   18.567   18.656   18.685    1.821    1.041   -4.433    1.821    1.041   -4.614   -8.074    1.896   12.028    4.745
  46.50   18.630   18.666   18.798    1.160    2.224   -4.370    1.160    2.224   -9.720   -5.068    2.580   12.694    5.631
  46.60   19.746   19.765   19.942    0.873    2.649   -3.254    0.873    2.649   -8.619   -2.841    2.313    9.183    4.682
  46.70   19.237   19.241   19.351    0.388    2.065   -3.763    0.388    2.065   -7.771   -1.460    0.801    9.287    3.973
  46.80   19.479   19.499   19.536    0.892    1.199   -3.521    0.892    1.199   -4.221   -3.142    1.070    7.315    2.685
  46.90   18.870   18.883   18.902    0.702    0.846   -4.130    0.702    0.846   -3.494   -2.898    0.594    9.133    2.289
  47.00   18.601   18.648   18.845    1.329    2.720   -4.399    1.329    2.720  -11.964   -5.847    3.614   14.258    6.899
  47.10   19.363   19.363   19.533   -0.097    2.569   -3.637   -0.097    2.569   -9.343    0.351   -0.248    9.918    4.676
  47.20   19.276   19.282   19.357   -0.482    1.706   -3.724   -0.482    1.706   -6.352    1.796   -0.823    8.505    3.326
  47.30   19.456   19.493   19.646   -1.196    2.451   -3.544   -1.196    2.451   -8.686    4.240   -2.932    9.999    5.050
  47.40   21.048   21.105   21.260   -1.547    2.566   -1.952   -1.547    2.566   -5.010    3.020   -3.971    6.395    3.535
  47.50   20.972   20.993   21.015   -0.920    0.970   -2.028   -0.920    0.970   -1.967    1.864   -0.892    2.949    1.427
  47.60   20.519   20.519   20.584   -0.092    1.643   -2.481   -0.092    1.643   -4.076    0.228   -0.151    4.432    2.043
  47.70   20.116   20.118   20.205   -0.259    1.880   -2.884   -0.259    1.880   -5.422    0.746   -0.486    5.960    2.747
  47.80   20.131   20.173   20.218   -1.295    1.357   -2.869   -1.295    1.357   -3.893    3.716   -1.757    5.875    2.831
  47.90   19.662   19.672   19.850   -0.614    2.654   -3.338   -0.614    2.654   -8.857    2.049   -1.629    9.279    4.618
  48.00   18.676   18.719   18.914   -1.265    2.712   -4.324   -1.265    2.712  -11.728    5.471   -3.432   13.827    6.694
  48.10   20.777   20.777   20.896    0.165    2.227   -2.223    0.165    2.227   -4.950   -0.367    0.368    4.964    2.489
  48.20   20.928   20.929   20.956    0.066    1.073   -2.072    0.066    1.073   -2.223   -0.137    0.071    2.724    1.114
  48.30   20.031   20.052   20.109   -0.909    1.512   -2.969   -0.909    1.512   -4.489    2.700   -1.375    5.963    2.708
  48.40   21.987   21.997   22.015    0.679    0.899   -1.013    0.679    0.899   -0.911   -0.688    0.610    1.148    0.647
  48.50   24.279   24.283   24.352    0.414    1.838    1.279    0.414    1.838    2.351    0.529    0.760    2.592    1.263
  48.60   23.238   23.244   23.436    0.556    2.992    0.238    0.556    2.992    0.711    0.132    1.664    4.660    0.907
  48.70   22.407   22.438   22.742    1.172    3.705   -0.593    1.172    3.705   -2.197   -0.695    4.342    7.726    2.458
  48.80   23.067   23.067   23.125    0.111    1.636    0.067    0.111    1.636    0.110    0.007    0.181    1.347    0.106
  48.90   23.134   23.156   23.184    1.030    1.123    0.134    1.030    1.123    0.150    0.138    1.157    1.170    0.587
  49.00   23.705   23.719   23.796    0.824    1.912    0.705    0.824    1.912    1.348    0.581    1.575    2.415    1.076
  49.10   23.597   23.625   23.763    1.141    2.560    0.597    1.141    2.560    1.529    0.682    2.922    4.106    1.684
  49.20   24.282   24.289   24.356    0.587    1.799    1.282    0.587    1.799    2.307    0.753    1.057    2.612    1.323
  49.30   23.997   24.014   24.041   -0.899    1.144    0.997   -0.899    1.144    1.141   -0.897   -1.029    1.556    0.889
  49.40   23.464   23.465   23.472   -0.059   -0.578    0.464   -0.059   -0.578   -0.268   -0.027    0.034    0.276    0.136
  49.50   22.793   22.804   22.805   -0.711    0.091   -0.207   -0.711    0.091   -0.019    0.147   -0.065    0.278    0.081
  49.60   23.212   23.360   23.365   -2.633    0.477    0.212   -2.633    0.477    0.101   -0.557   -1.257    3.603    0.689
  49.70   23.120   23.289   23.305   -2.793    0.884    0.120   -2.793    0.884    0.106   -0.336   -2.468    4.299    1.247
  49.80   23.140   23.162   23.178   -1.014    0.870    0.140   -1.014    0.870    0.122   -0.142   -0.882    0.902    0.451
  49.90   22.954   22.966   22.988   -0.750    1.007   -0.046   -0.750    1.007   -0.046    0.034   -0.755    0.790    0.379
  50.00   23.910   23.911   23.918   -0.223    0.587    0.910   -0.223    0.587    0.534   -0.203   -0.131    0.611    0.293
  50.10   24.640   24.649   24.681    0.671    1.243    1.640    0.671    1.243    2.039    1.101    0.835    2.343    1.232
  50.20   25.081   25.157   25.184    1.961    1.162    2.081    1.961    1.162    2.417    4.080    2.278    4.762    2.630
  50.30   25.741   25.760   25.785    0.986    1.127    2.741    0.986    1.127    3.090    2.703    1.112    4.878    2.127
  50.40   25.176   25.197   25.213    1.021    0.907    2.176    1.021    0.907    1.973    2.222    0.925    3.300    1.556
  50.50   24.821   24.957   24.958    2.595    0.255    1.821    2.595    0.255    0.464    4.727    0.661    5.059    2.398
  50.60   25.115   25.244   25.256    2.541    0.779    2.115    2.541    0.779    1.649    5.375    1.980    5.769    2.980
  50.70   24.137   24.596   24.620    4.733    1.084    1.137    4.733    1.084    1.232    5.380    5.130   12.434    3.767
  50.80   25.225   26.418   26.425    7.847   -0.606    2.225    7.847   -0.606   -1.348   17.462   -4.755   33.451    9.074
  50.90   25.404   26.232   26.250    6.537   -0.977    2.404    6.537   -0.977   -2.349   15.718   -6.388   24.737    8.564
  51.00   24.202   25.021   25.061    6.348   -1.413    1.202    6.348   -1.413   -1.698    7.630   -8.969   21.870    5.949
  51.10   23.185   23.761   23.808    5.196   -1.503    0.185    5.196   -1.503   -0.279    0.963   -7.810   14.648    3.937
  51.20   23.086   23.317   23.322    3.275   -0.496    0.086    3.275   -0.496   -0.043    0.281   -1.625    5.488    0.825
  51.30   23.399   23.510   23.512    2.282    0.304    0.399    2.282    0.304    0.121    0.911    0.693    2.730    0.576
  51.40   24.211   24.231   24.246    1.001    0.845    1.211    1.001    0.845    1.023    1.212    0.846    1.591    0.899
  51.50   23.631   23.688   23.688    1.640    0.129    0.631    1.640    0.129    0.082    1.035    0.212    1.552    0.530
  51.60   22.982   23.023   23.029    1.378    0.535   -0.018    1.378    0.535   -0.010   -0.025    0.738    1.093    0.369
  51.70   23.915   23.939   23.941    1.063    0.351    0.915    1.063    0.351    0.321    0.972    0.373    1.045    0.545
  51.80   25.847   25.885   25.900    1.401    0.872    2.847    1.401    0.872    2.482    3.990    1.221    5.415    2.427
  51.90   25.050   25.057   25.096    0.607    1.399    2.050    0.607    1.399    2.867    1.245    0.849    3.264    1.620
  52.00   25.817   25.838   25.841    1.048    0.408    2.817    1.048    0.408    1.149    2.952    0.428    4.599    1.598
  52.10   24.877   24.880   24.887    0.352   -0.618    1.877    0.352   -0.618   -1.161    0.662   -0.218    2.015    0.677
  52.20   23.835   23.838   23.838   -0.346    0.105    0.835   -0.346    0.105    0.088   -0.289   -0.036    0.415    0.152
  52.30   23.116   23.119   23.119   -0.374    0.093    0.116   -0.374    0.093    0.011   -0.043   -0.035    0.081    0.028
  52.40   22.436   22.440   22.443    0.416   -0.355   -0.564    0.416   -0.355    0.200   -0.235   -0.148    0.309    0.171
  52.50   22.483   22.487   22.520   -0.424   -1.212   -0.517   -0.424   -1.212    0.626    0.219    0.513    0.958    0.420
  52.60   22.054   22.120   22.120   -1.706    0.014   -0.946   -1.706    0.014   -0.013    1.613   -0.024    1.902    0.807
  52.70   21.655   21.754   21.810   -2.074    1.558   -1.345   -2.074    1.558   -2.095    2.789   -3.231    4.268    2.377
  52.80   20.668   20.981   21.064   -3.610    1.864   -2.332   -3.610    1.864   -4.347    8.418   -6.729   10.972    5.810
  52.90   21.808   22.079   22.135   -3.449    1.585   -1.192   -3.449    1.585   -1.890    4.113   -5.467    7.916    3.549
  53.00   22.637   22.890   22.920   -3.391    1.176   -0.363   -3.391    1.176   -0.427    1.230   -3.987    6.506    2.097
  53.10   23.206   23.390   23.646   -2.927    3.473    0.206   -2.927    3.473    0.716   -0.603  -10.165   10.336    5.104
  53.20   22.985   23.179   23.590   -2.998    4.379   -0.015   -2.998    4.379   -0.067    0.046  -13.129   14.083    6.565
  53.30   23.393   23.795   23.875   -4.359    1.949    0.393   -4.359    1.949    0.765   -1.712   -8.494   11.477    4.349
  53.40   22.966   23.286   23.448   -3.844    2.754   -0.034   -3.844    2.754   -0.093    0.129  -10.588   11.182    5.294
  53.50   23.025   23.102   23.230   -1.885    2.433    0.025   -1.885    2.433    0.061   -0.047   -4.586    4.736    2.293
  53.60   23.054   23.055   23.093    0.163    1.333    0.054    0.163    1.333    0.072    0.009    0.217    0.903    0.115
  53.70   23.241   23.253   23.280    0.757    1.122    0.241    0.757    1.122    0.270    0.182    0.849    0.945    0.455
  53.80   23.025   23.057   23.081   -1.216    1.061    0.025   -1.216    1.061    0.027   -0.030   -1.290    1.302    0.645
  53.90   22.163   22.169   22.312   -0.513    2.516   -0.837   -0.513    2.516   -2.105    0.429   -1.291    3.646    1.253
  54.00   21.899   21.928   22.069   -1.143    2.486   -1.101   -1.143    2.486   -2.738    1.259   -2.842    4.350    2.071
  54.10   23.201   23.202   23.329    0.114    2.438    0.201    0.114    2.438    0.491    0.023    0.277    2.997    0.282
  54.20   24.380   24.400   24.460    0.990    1.717    1.380    0.990    1.717    2.369    1.366    1.700    2.916    1.610
  54.30   24.247   24.251   24.253   -0.418   -0.315    1.247   -0.418   -0.315   -0.392   -0.521    0.131    0.914    0.333
  54.40   23.937   23.944   23.947   -0.575   -0.352    0.937   -0.575   -0.352   -0.330   -0.539    0.202    0.666    0.332
  54.50   24.539   24.583   24.583   -1.480    0.022    1.539   -1.480    0.022    0.034   -2.277   -0.033    2.279    1.139
  54.60   24.655   24.677   24.679   -1.045    0.309    1.655   -1.045    0.309    0.511   -1.729   -0.322    1.963    0.916
  54.70   24.238   24.239   24.256    0.214    0.923    1.238    0.214    0.923    1.143    0.265    0.198    1.215    0.595
  54.80   22.081   22.122   22.197    1.338    1.828   -0.919    1.338    1.828   -1.679   -1.229    2.445    2.987    1.605
  54.90   21.737   21.748   21.882   -0.699    2.413   -1.263   -0.699    2.413   -3.048    0.882   -1.686    3.954    1.797
  55.00   22.553   22.683   22.924   -2.426    3.310   -0.447   -2.426    3.310   -1.478    1.084   -8.030    8.520    4.118
  55.10   23.443   23.524   23.622   -1.952    2.150    0.443   -1.952    2.150    0.952   -0.864   -4.198    4.316    2.195
  55.20   22.999   23.177   23.177   -2.861    0.035   -0.001   -2.861    0.035   -0.000    0.002   -0.101    4.093    0.051
  55.30   23.409   23.501   23.501   -2.073   -0.153    0.409   -2.073   -0.153   -0.063   -0.849    0.317    2.245    0.454
  55.40   23.639   23.755   23.755   -2.344    0.189    0.639   -2.344    0.189    0.121   -1.497   -0.443    2.970    0.783
  55.50   22.742   22.789   22.789   -1.461    0.005   -0.258   -1.461    0.005   -0.001    0.377   -0.008    1.100    0.188
  55.60   22.562   22.569   22.584    0.552   -0.831   -0.438    0.552   -0.831    0.363   -0.241   -0.458    0.593    0.316
  55.70   22.298   22.371   22.371    1.806   -0.059   -0.702    1.806   -0.059    0.042   -1.267   -0.107    1.878    0.636
  55.80   23.885   23.898   23.901    0.782   -0.383    0.885    0.782   -0.383   -0.339    0.692   -0.300    0.771    0.414
  55.90   22.780   22.803   22.819    1.040    0.836   -0.220    1.040    0.836   -0.184   -0.229    0.870    0.915    0.459
  56.00   21.953   21.953   22.043    0.010    1.994   -1.047    0.010    1.994   -2.088   -0.011    0.021    2.537    1.044
  56.10   21.837   21.840   21.927    0.334    1.955   -1.163    0.334    1.955   -2.274   -0.388    0.653    2.644    1.199
  56.20   22.449   22.449   22.703    0.033    3.385   -0.551    0.033    3.385   -1.864   -0.018    0.113    5.882    0.934
  56.30   24.917   24.925   25.045   -0.609    2.453    1.917   -0.609    2.453    4.702   -1.167   -1.493    5.030    2.535
  56.40   24.080   24.098   24.222   -0.926    2.447    1.080   -0.926    2.447    2.643   -1.000   -2.266    4.007    1.811
  56.50   23.395   23.422   23.565    1.117    2.597    0.395    1.117    2.597    1.026    0.441    2.900    4.073    1.554
  56.60   21.564   21.635   21.680    1.745    1.402   -1.436    1.745    1.402   -2.014   -2.506    2.448    3.538    2.020
  56.70   21.369   21.371   21.376    0.343    0.472   -1.631    0.343    0.472   -0.770   -0.560    0.162    1.501    0.483
  56.80   22.426   22.437   22.437   -0.677   -0.043   -0.574   -0.677   -0.043    0.025    0.389    0.029    0.395    0.195
  56.90   24.933   24.933   24.938    0.107   -0.510    1.933    0.107   -0.510   -0.986    0.207   -0.055    2.003    0.504
  57.00   25.545   25.555   25.556    0.725    0.231    2.545    0.725    0.231    0.588    1.844    0.168    3.527    0.971
  57.10   25.485   25.488   25.499   -0.423   -0.760    2.485   -0.423   -0.760   -1.888   -1.050    0.321    3.464    1.092
  57.20   26.440   26.445   26.451    0.521   -0.558    3.440    0.521   -0.558   -1.919    1.792   -0.291    6.209    1.321
  57.30   27.280   27.295   27.303    0.884   -0.655    4.280    0.884   -0.655   -2.805    3.784   -0.579    9.766    2.373
  57.40   26.257   26.468   26.474    3.336   -0.564    3.257    3.336   -0.564   -1.836   10.866   -1.880   11.028    5.589
  57.50   26.429   26.680   26.694    3.650   -0.856    3.429    3.650   -0.856   -2.935   12.518   -3.124   12.908    6.616
  57.60   25.517   25.649   25.710    2.595   -1.769    2.517    2.595   -1.769   -4.453    6.533   -4.590    8.100    4.571
  57.70   25.687   26.063   26.081    4.414   -0.963    2.687    4.414   -0.963   -2.588   11.860   -4.252   13.816    6.431
  57.80   25.962   26.311   26.312    4.275   -0.219    2.962    4.275   -0.219   -0.650   12.663   -0.938   13.550    6.357
  57.90   27.008   27.601   27.603    5.690   -0.328    4.008    5.690   -0.328   -1.314   22.805   -1.865   24.274   11.459
  58.00   26.689   26.944   26.962    3.704    0.976    3.689    3.704    0.976    3.601   13.664    3.616   14.141    7.293
  58.10   27.756   28.134   28.226    4.601    2.275    4.756    4.601    2.275   10.817   21.879   10.465   24.478   13.278
  58.20   28.907   29.227   29.235    4.313    0.691    5.907    4.313    0.691    4.083   25.473    2.981   26.983   12.985
  58.30   29.751   29.912   30.048    3.101    2.848    6.751    3.101    2.848   19.229   20.938    8.834   31.654   14.884
  58.40   30.074   30.335   30.618    3.971    4.146    7.074    3.971    4.146   29.333   28.095   16.467   41.506   21.914
  58.50   28.815   29.160   29.268    4.473    2.514    5.815    4.473    2.514   14.618   26.012   11.244   30.071   15.943
  58.60   27.465   27.649   27.800    3.183    2.897    4.465    3.183    2.897   12.936   14.213    9.223   19.231   10.658
  58.70   26.815   27.057   27.095    3.614    1.439    3.815    3.614    1.439    5.490   13.785    5.200   14.841    7.861
  58.80   26.670   26.878   26.898    3.339    1.029    3.670    3.339    1.029    3.777   12.252    3.437   12.837    6.637
  58.90   25.089   25.202   25.277    2.382    1.954    2.089    2.382    1.954    4.082    4.976    4.656    6.929    3.972
  59.00   25.886   26.008   26.062    2.516    1.677    2.886    2.516    1.677    4.840    7.261    4.218    8.736    4.846
  59.10   26.875   26.915   27.052    1.471    2.714    3.875    1.471    2.714   10.515    5.700    3.992   12.271    6.305
  59.20   25.663   25.701   25.790    1.389    2.141    2.663    1.389    2.141    5.703    3.699    2.975    6.804    3.710
  59.30   24.532   24.553   24.661    1.023    2.303    1.532    1.023    2.303    3.527    1.566    2.355    4.347    2.260
  59.40   24.789   24.802   24.874    0.800    1.894    1.789    0.800    1.894    3.388    1.432    1.516    3.714    1.989
  59.50   25.326   25.328   25.406    0.291    1.983    2.326    0.291    1.983    4.614    0.678    0.578    4.715    2.350
  59.60   26.649   26.686   26.865    1.408    3.092    3.649    1.408    3.092   11.282    5.140    4.355   12.429    6.570
  59.70   26.724   26.740   26.783    0.924    1.526    3.724    0.924    1.526    5.681    3.442    1.410    8.524    3.395
  59.80   28.063   28.065   28.080   -0.300    0.925    5.063   -0.300    0.925    4.683   -1.521   -0.278   13.291    2.466
  59.90   26.056   26.059   26.094   -0.382    1.366    3.056   -0.382    1.366    4.175   -1.166   -0.521    5.675    2.183
  60.00   24.643   24.644   24.783   -0.199    2.626    1.643   -0.199    2.626    4.314   -0.326   -0.521    4.817    2.179
  60.10   25.293   25.307   25.618    0.830    3.979    2.293    0.830    3.979    9.123    1.903    3.302   10.888    4.944
  60.20   26.169   26.264   26.740    2.230    5.023    3.169    2.230    5.023   15.917    7.066   11.202   20.123   10.353
  60.30   25.280   25.584   25.949    3.933    4.336    2.280    3.933    4.336    9.887    8.967   17.052   19.733   10.827
  60.40   25.339   25.521   25.814    3.036    3.877    2.339    3.036    3.877    9.070    7.103   11.771   14.861    8.235
  60.50   25.339   25.599   25.933    3.638    4.152    2.339    3.638    4.152    9.711    8.510   15.104   17.971    9.935
  60.60   25.332   25.536   25.785    3.225    3.574    2.332    3.225    3.574    8.333    7.519   11.524   14.304    8.044
  60.70   26.447   26.579   26.782    2.652    3.291    3.447    2.652    3.291   11.343    9.141    8.727   14.871    8.491
  60.80   26.145   26.215   26.329    1.911    2.448    3.145    1.911    2.448    7.699    6.012    4.678    9.769    5.415
  60.90   28.302   28.419   28.609    2.571    3.291    5.302    2.571    3.291   17.451   13.631    8.461   22.778   11.853
  61.00   28.701   28.748   28.954    1.650    3.442    5.701    1.650    3.442   19.624    9.405    5.679   23.536   11.245
  61.10   29.216   29.249   29.255    1.397    0.556    6.216    1.397    0.556    3.459    8.687    0.778   20.451    4.691
  61.20   28.895   29.002   29.004    2.492    0.343    5.895    2.492    0.343    2.022   14.692    0.855   20.539    7.428
  61.30   27.922   28.150   28.171    3.571    1.107    4.922    3.571    1.107    5.449   17.578    3.953   19.103    9.411
  61.40   28.351   28.421   28.451    2.002    1.297    5.351    2.002    1.297    6.942   10.713    2.597   17.161    6.513
  61.50   28.137   28.199   28.251    1.874    1.715    5.137    1.874    1.715    8.809    9.626    3.213   16.420    6.719
  61.60   26.464   26.505   26.602    1.479    2.275    3.464    1.479    2.275    7.879    5.124    3.365    9.680    4.991
  61.70   27.066   27.186   27.236    2.547    1.654    4.066    2.547    1.654    6.726   10.355    4.213   12.878    6.523
  61.80   27.836   27.861   27.990    1.180    2.683    4.836    1.180    2.683   12.974    5.708    3.167   15.988    7.262
  61.90   28.432   28.471   28.490    1.493    1.037    5.432    1.493    1.037    5.634    8.112    1.549   16.406    4.999
  62.00   26.228   26.242   26.242    0.874   -0.067    3.228    0.874   -0.067   -0.216    2.820   -0.058    5.592    1.414
  62.10   25.805   25.811   25.819    0.567    0.625    2.805    0.567    0.625    1.753    1.592    0.355    4.290    1.197
  62.20   27.264   27.269   27.270    0.533   -0.150    4.264    0.533   -0.150   -0.638    2.272   -0.080    9.245    1.181
  62.30   26.882   26.883   26.890    0.257    0.608    3.882    0.257    0.608    2.360    0.999    0.156    7.753    1.284
  62.40   26.362   26.388   26.394    1.186    0.570    3.362    1.186    0.570    1.915    3.987    0.676    6.516    2.237
  62.50   26.131   26.138   26.195    0.626    1.727    3.131    0.626    1.727    5.405    1.960    1.081    6.587    2.925
  62.60   24.967   24.986   25.016   -0.966   -1.236    1.967   -0.966   -1.236   -2.431   -1.901    1.194    3.165    1.654
  62.70   25.450   25.452   25.601   -0.387   -2.752    2.450   -0.387   -2.752   -6.741   -0.948    1.065    6.862    3.445
  62.80   25.554   25.579   25.821   -1.125   -3.529    2.554   -1.125   -3.529   -9.014   -2.874    3.970   10.122    5.130
  62.90   27.033   27.097   27.105   -1.861   -0.672    4.033   -1.861   -0.672   -2.712   -7.506    1.252   10.090    4.039
  63.00   26.745   26.753   26.760   -0.661   -0.587    3.745   -0.661   -0.587   -2.198   -2.476    0.388    7.403    1.667
  63.10   23.819   23.819   23.896   -0.068    1.920    0.819   -0.068    1.920    1.572   -0.055   -0.130    2.182    0.789
  63.20   24.365   24.373   24.385   -0.661    0.742    1.365   -0.661    0.742    1.012   -0.902   -0.490    1.425    0.721
  63.30   23.148   23.204   23.206   -1.599   -0.361    0.148   -1.599   -0.361   -0.054   -0.237    0.577    1.355    0.313
  63.40   23.101   23.110   23.127   -0.636   -0.882    0.101   -0.636   -0.882   -0.089   -0.064    0.561    0.596    0.286
  63.50   23.456   23.457   23.463   -0.233    0.515    0.456   -0.233    0.515    0.235   -0.106   -0.120    0.264    0.142
  63.60   23.191   23.211   23.220   -0.955    0.640    0.191   -0.955    0.640    0.123   -0.183   -0.611    0.679    0.325
  63.70   23.783   23.788   23.910    0.481    2.416    0.783    0.481    2.416    1.891    0.377    1.163    3.341    1.126
  63.80   24.478   24.484   24.499    0.554    0.845    1.478    0.554    0.845    1.249    0.819    0.468    1.603    0.783
  63.90   24.050   24.153   24.232    2.235   -1.946    1.050    2.235   -1.946   -2.043    2.346   -4.349    4.941    2.673
  64.00   24.849   24.877   24.952    1.184   -1.932    1.849    1.184   -1.932   -3.573    2.189   -2.287    4.277    2.387
  64.10   24.120   24.127   24.163   -0.617   -1.308    1.120   -0.617   -1.308   -1.464   -0.691    0.808    1.673    0.905
  64.20   24.102   24.105   24.142   -0.405   -1.339    1.102   -0.405   -1.339   -1.475   -0.446    0.542    1.585    0.817
  64.30   22.592   22.619   22.625   -1.093    0.536   -0.408   -1.093    0.536   -0.219    0.446   -0.586    0.824    0.384
  64.40   24.450   24.452   24.463   -0.321    0.709    1.450   -0.321    0.709    1.028   -0.465   -0.227    1.354    0.576
  64.50   25.267   25.268   25.277   -0.170    0.685    2.267   -0.170    0.685    1.553   -0.385   -0.116    2.819    0.802
  64.60   25.136   25.152   25.152   -0.913    0.018    2.136   -0.913    0.018    0.039   -1.949   -0.017    2.697    0.975
  64.70   26.950   27.017   27.048   -1.906   -1.295    3.950   -1.906   -1.295   -5.115   -7.528    2.468   10.455    4.715
  64.80   27.045   27.058   27.058   -0.855   -0.030    4.045   -0.855   -0.030   -0.122   -3.458    0.026    8.546    1.730
  64.90   28.565   28.612   28.617   -1.646    0.535    5.565   -1.646    0.535    2.979   -9.162   -0.881   16.983    4.837
  65.00   27.267   27.329   27.338   -1.834    0.693    4.267   -1.834    0.693    2.959   -7.828   -1.272   11.029    4.232
  65.10   27.398   27.418   27.420   -1.036   -0.392    4.398   -1.036   -0.392   -1.724   -4.555    0.406   10.284    2.444
  65.20   26.595   26.604   26.616   -0.696   -0.802    3.595   -0.696   -0.802   -2.882   -2.504    0.558    7.027    1.929
  65.30   24.557   24.559   24.567    0.311   -0.622    1.557    0.311   -0.622   -0.969    0.484   -0.194    1.455    0.550
  65.40   25.730   25.732   25.735    0.313    0.436    2.730    0.313    0.436    1.191    0.855    0.137    3.870    0.736
  65.50   25.813   25.862   25.871    1.591    0.663    2.813    1.591    0.663    1.866    4.475    1.055    5.443    2.481
  65.60   25.971   25.972   25.980    0.244   -0.653    2.971    0.244   -0.653   -1.939    0.725   -0.159    4.655    1.038
  65.70   25.816   25.816   25.816   -0.125   -0.005    2.816   -0.125   -0.005   -0.014   -0.353    0.001    3.973    0.177
  65.80   25.772   25.800   25.802   -1.206    0.275    2.772   -1.206    0.275    0.762   -3.343   -0.332    4.607    1.722
  65.90   26.318   26.352   26.352   -1.339    0.051    3.318   -1.339    0.051    0.170   -4.442   -0.069    6.402    2.223
  66.00   25.222   25.372   25.382   -2.748   -0.725    2.222   -2.748   -0.725   -1.612   -6.106    1.993    6.507    3.311
  66.10   24.074   24.161   24.166   -2.044   -0.525    1.074   -2.044   -0.525   -0.564   -2.195    1.072    2.803    1.254
  66.20   24.142   24.371   24.388   -3.336    0.907    1.142   -3.336    0.907    1.036   -3.810   -3.027    6.629    2.487
  66.30   23.694   23.780   23.806   -2.023   -1.122    0.694   -2.023   -1.122   -0.778   -1.404    2.270    2.917    1.390
  66.40   23.698   23.704   23.704   -0.530   -0.054    0.698   -0.530   -0.054   -0.038   -0.370    0.029    0.385    0.186
  66.50   23.623   23.624   23.626    0.179    0.333    0.623    0.179    0.333    0.207    0.112    0.060    0.266    0.122
  66.60   25.056   25.073   25.079    0.916    0.558    2.056    0.916    0.558    1.147    1.884    0.511    2.689    1.132
  66.70   26.890   26.915   26.918   -1.164    0.352    3.890   -1.164    0.352    1.369   -4.527   -0.410    8.305    2.374
  66.80   26.327   26.333   26.409   -0.602    1.993    3.327   -0.602    1.993    6.630   -2.004   -1.201    7.701    3.515
  66.90   24.684   24.687   24.701   -0.414    0.825    1.684   -0.414    0.825    1.389   -0.697   -0.342    1.843    0.796
  67.00   25.504   25.536   25.560   -1.267    1.118    2.504   -1.267    1.118    2.801   -3.173   -1.417    4.564    2.232
  67.10   24.975   25.009   25.034   -1.300    1.105    1.975   -1.300    1.105    2.183   -2.569   -1.437    3.408    1.833
  67.20   26.665   26.725   26.754   -1.789    1.257    3.665   -1.789    1.257    4.608   -6.557   -2.249    9.107    4.162
  67.30   27.271   27.380   27.416   -2.445    1.396    4.271   -2.445    1.396    5.961  -10.443   -3.413   13.083    6.250
  67.40   27.917   27.961   27.990   -1.558    1.289    4.917   -1.558    1.289    6.337   -7.662   -2.008   14.134    5.072
  67.50   26.471   26.477   26.584    0.554    2.377    3.471    0.554    2.377    8.251    1.923    1.317    9.003    4.287
  67.60   26.294   26.373   26.511    2.042    2.705    3.294    2.042    2.705    8.908    6.725    5.522   11.166    6.226
  67.70   27.106   27.189   27.419    2.120    3.545    4.106    2.120    3.545   14.558    8.707    7.517   16.963    9.277
  67.80   26.713   26.851   27.069    2.717    3.428    3.713    2.717    3.428   12.728   10.090    9.314   16.461    9.362
  67.90   27.148   27.321   27.587    3.068    3.824    4.148    3.068    3.824   15.861   12.728   11.733   20.621   11.739
  68.00   25.493   25.932   26.189    4.753    3.654    2.493    4.753    3.654    9.110   11.851   17.370   21.082   11.458
  68.10   23.844   24.137   24.146    3.748    0.671    0.844    3.748    0.671    0.567    3.163    2.516    7.605    2.041
  68.20   23.168   23.440   23.450    3.559    0.662    0.168    3.559    0.662    0.112    0.600    2.357    6.568    1.217
  68.30   23.395   23.710   23.770    3.854    1.688    0.395    3.854    1.688    0.666    1.521    6.507    8.930    3.358
  68.40   24.312   24.394   24.485    1.994    2.113    1.312    1.994    2.113    2.772    2.616    4.214    5.081    2.841
  68.50   24.959   25.019   25.252    1.738    3.425    1.959    1.738    3.425    6.708    3.404    5.951    9.293    4.796
  68.60   24.707   24.842   25.015    2.587    2.942    1.707    2.587    2.942    5.021    4.415    7.612    9.131    5.066
  68.70   25.290   25.386   25.436    2.204    1.599    2.290    2.204    1.599    3.660    5.047    3.524    6.329    3.581
  68.80   25.507   25.646   25.664    2.664    0.969    2.507    2.664    0.969    2.429    6.679    2.581    7.161    3.781
  68.90   23.868   23.997   24.007    2.480    0.702    0.868    2.480    0.702    0.610    2.154    1.741    3.699    1.418
  69.00   21.627   21.700   21.746    1.770   -1.414   -1.373    1.770   -1.414    1.940   -2.429   -2.502    3.507    1.995
  69.10   21.575   21.675   21.710    2.081   -1.229   -1.425    2.081   -1.229    1.752   -2.967   -2.558    3.937    2.146
  69.20   21.599   21.665   21.686    1.691   -0.957   -1.401    1.691   -0.957    1.341   -2.369   -1.619    2.869    1.583
  69.30   20.036   20.126   20.127    1.904   -0.200   -2.964    1.904   -0.200    0.594   -5.645   -0.382    6.227    2.845
  69.40   20.024   20.457   20.467    4.187    0.627   -2.976    4.187    0.627   -1.865  -12.462    2.625   13.392    6.435
  69.50   19.030   19.490   19.498    4.209    0.541   -3.970    4.209    0.541   -2.147  -16.709    2.277   16.884    8.500
  69.60   19.459   20.639   20.681    6.879    1.318   -3.541    6.879    1.318   -4.668  -24.362    9.068   30.801   13.205
  69.70   22.209   23.340   23.373    7.178    1.237   -0.791    7.178    1.237   -0.979   -5.680    8.881   26.842    5.293
  69.80   21.970   22.622   22.623    5.395    0.214   -1.030    5.395    0.214   -0.220   -5.559    1.152   15.108    2.841
  69.90   20.085   20.987   21.002    6.086   -0.776   -2.915    6.086   -0.776    2.261  -17.739   -4.722   23.070    9.248
  70.00   20.548   21.168   21.312    5.084   -2.470   -2.452    5.084   -2.470    6.057  -12.463  -12.559   18.979    9.351
  70.10   22.729   23.457   23.541    5.801   -1.984   -0.271    5.801   -1.984    0.538   -1.573  -11.511   18.830    5.815
  70.20   24.381   25.325   25.330    6.847   -0.499    1.381    6.847   -0.499   -0.690    9.458   -3.418   24.520    5.040
  70.30   24.295   24.836   24.868    5.160    1.253    1.295    5.160    1.253    1.622    6.679    6.463   14.934    4.717
  70.40   23.157   23.905   23.936    5.935    1.218    0.157    5.935    1.218    0.191    0.931    7.229   18.365    3.645
  70.50   22.892   23.918   23.920    6.928    0.301   -0.108    6.928    0.301   -0.032   -0.746    2.086   24.053    1.108
  70.60   22.820   23.773   23.795    6.665    1.016   -0.180    6.665    1.016   -0.183   -1.200    6.772   22.746    3.440
  70.70   22.474   22.858   22.918    4.174    1.653   -0.526    4.174    1.653   -0.870   -2.197    6.901   10.217    3.647
  70.80   22.976   23.456   23.459    4.718   -0.376   -0.024    4.718   -0.376    0.009   -0.112   -1.773   11.203    0.888
  70.90   21.910   22.712   22.716    5.984    0.394   -1.090    5.984    0.394   -0.430   -6.523    2.359   18.576    3.475
  71.00   21.516   22.185   22.202    5.408    0.865   -1.484    5.408    0.865   -1.284   -8.027    4.678   16.101    4.690
  71.10   20.857   21.563   21.566    5.474    0.384   -2.143    5.474    0.384   -0.822  -11.732    2.099   17.351    5.973
  71.20   21.602   22.015   22.092    4.245   -1.841   -1.398    4.245   -1.841    2.574   -5.935   -7.816   11.683    5.073
  71.30   22.427   22.762   22.794    3.889   -1.210   -0.573    3.889   -1.210    0.693   -2.227   -4.706    8.460    2.626
  71.40   21.984   22.514   22.552    4.859   -1.298   -1.016    4.859   -1.298    1.319   -4.938   -6.305   13.163    4.058
  71.50   21.188   21.581   21.709    4.103   -2.355   -1.812    4.103   -2.355    4.269   -7.435   -9.664   12.832    6.459
  71.60   20.012   20.543   20.559    4.637   -0.821   -2.988    4.637   -0.821    2.452  -13.855   -3.806   15.553    7.288
  71.70   20.983   21.871   21.891    6.170   -0.932   -2.017    6.170   -0.932    1.880  -12.447   -5.750   21.505    6.920
  71.80   21.618   22.359   22.360    5.711   -0.202   -1.382    5.711   -0.202    0.279   -7.894   -1.154   17.282    3.992
  71.90   22.215   23.059   23.079    6.180   -0.958   -0.785    6.180   -0.958    0.752   -4.850   -5.921   19.863    3.845
  72.00   22.695   23.571   23.637    6.366   -1.764   -0.305    6.366   -1.764    0.538   -1.940  -11.233   21.869    5.706
  72.10   22.111   23.130   23.206    6.790   -1.876   -0.889    6.790   -1.876    1.667   -6.034  -12.740   25.205    7.097
  72.20   19.629   20.450   20.464    5.736   -0.759   -3.371    5.736   -0.759    2.559  -19.334   -4.355   22.418    9.992
  72.30   21.654   22.066   22.082    4.248   -0.826   -1.346    4.248   -0.826    1.112   -5.719   -3.507   10.269    3.400
  72.40   22.031   22.191   22.193    2.664   -0.241   -0.969    2.664   -0.241    0.233   -2.582   -0.641    4.047    1.335
  72.50   21.182   21.405   21.405    3.076    0.090   -1.818    3.076    0.090   -0.164   -5.592    0.278    6.388    2.800
  72.60   20.908   21.256   21.260    3.834   -0.424   -2.092    3.834   -0.424    0.886   -8.023   -1.624    9.629    4.117
  72.70   21.673   21.886   21.890    3.044   -0.400   -1.327    3.044   -0.400    0.530   -4.039   -1.217    5.594    2.126
  72.80   22.077   22.182   22.243    2.152   -1.650   -0.923    2.152   -1.650    1.523   -1.986   -3.552    4.104    2.173
  72.90   21.481   21.826   21.939    3.865   -2.219   -1.519    3.865   -2.219    3.370   -5.870   -8.575   11.084    5.462
  73.00   22.475   22.716   22.948    3.300   -3.254   -0.525    3.300   -3.254    1.708   -1.732  -10.736   10.875    5.504
  73.10   20.890   20.947   21.226    1.551   -3.428   -2.110    1.551   -3.428    7.234   -3.273   -5.316    9.305    4.778
  73.20   20.842   20.903   21.017    1.601   -2.182   -2.158    1.601   -2.182    4.709   -3.456   -3.494    5.991    3.403
  73.30   22.698   22.705   22.707    0.531   -0.323   -0.302    0.531   -0.323    0.097   -0.160   -0.172    0.239    0.127
  73.40   21.930   21.936   22.022   -0.550   -1.938   -1.070   -0.550   -1.938    2.075    0.589    1.066    2.602    1.203
  73.50   21.471   21.486   21.654    0.818   -2.687   -1.529    0.818   -2.687    4.109   -1.251   -2.199    5.114    2.413
  73.60   20.778   21.056   21.090    3.410   -1.193   -2.222    3.410   -1.193    2.651   -7.575   -4.068    8.992    4.499
  73.70   20.772   20.917   20.954    2.465   -1.232   -2.228    2.465   -1.232    2.745   -5.493   -3.037    6.280    3.425
  73.80   21.563   21.673   21.700    2.181   -1.082   -1.437    2.181   -1.082    1.555   -3.135   -2.359    3.997    2.110
  73.90   21.074   21.286   21.301    3.000   -0.798   -1.926    3.000   -0.798    1.538   -5.779   -2.395    6.673    3.221
  74.00   20.630   20.860   20.867    3.089   -0.554   -2.370    3.089   -0.554    1.312   -7.320   -1.710    7.731    3.815
  74.10   19.080   19.801   19.819    5.293    0.851   -3.920    5.293    0.851   -3.337  -20.746    4.506   22.052   10.745
  74.20   18.866   20.139   20.140    7.047   -0.228   -4.134    7.047   -0.228    0.944  -29.137   -1.610   33.406   14.599
  74.30   17.919   18.785   18.785    5.635   -0.138   -5.081    5.635   -0.138    0.701  -28.630   -0.778   28.794   14.325
  74.40   19.608   20.308   20.310    5.285   -0.256   -3.392    5.285   -0.256    0.869  -17.923   -1.354   19.748    8.998
  74.50   20.161   20.905   20.915    5.527    0.662   -2.839    5.527    0.662   -1.878  -15.690    3.656   19.521    8.110
  74.60   20.000   20.905   20.943    6.085   -1.263   -3.000    6.085   -1.263    3.788  -18.254   -7.684   23.810   10.082
  74.70   19.862   20.281   20.358    4.100   -1.767   -3.138    4.100   -1.767    5.544  -12.866   -7.245   14.890    7.886
  74.80   20.951   21.607   21.612    5.282   -0.448   -2.049    5.282   -0.448    0.918  -10.821   -2.366   16.148    5.557
  74.90   22.116   23.081   23.082    6.603   -0.217   -0.884    6.603   -0.217    0.192   -5.837   -1.431   22.215    3.007
  75.00   21.258   22.105   22.109    6.062   -0.388   -1.742    6.062   -0.388    0.676  -10.560   -2.351   19.964    5.420
  75.10   22.421   22.806   22.816    4.176    0.653   -0.579    4.176    0.653   -0.378   -2.419    2.726    9.102    1.832
  75.20   22.228   22.312   22.321    1.937    0.619   -0.772    1.937    0.619   -0.478   -1.495    1.199    2.365    0.988
  75.30   22.438   22.965   22.970    4.891   -0.518   -0.562    4.891   -0.518    0.291   -2.750   -2.536   12.253    1.876
  75.40   21.689   22.707   22.710    6.721    0.367   -1.311    6.721    0.367   -0.481   -8.808    2.466   23.514    4.580
  75.50   22.047   22.998   23.001    6.544    0.423   -0.953    6.544    0.423   -0.403   -6.238    2.768   21.958    3.418
  75.60   22.414   23.377   23.406    6.643    1.161   -0.586    6.643    1.161   -0.681   -3.895    7.710   22.909    4.332
  75.70   23.042   24.153   24.169    7.241    0.883    0.042    7.241    0.883    0.037    0.301    6.391   26.608    3.199
  75.80   23.376   24.177   24.191    6.175    0.807    0.376    6.175    0.807    0.303    2.319    4.981   19.460    2.752
  75.90   21.861   22.464   22.468    5.171    0.394   -1.139    5.171    0.394   -0.449   -5.889    2.038   14.094    3.124
  76.00   22.354   22.832   22.842    4.652    0.661   -0.646    4.652    0.661   -0.427   -3.007    3.073   11.247    2.161
  76.10   23.148   23.623   23.635    4.717    0.740    0.148    4.717    0.740    0.109    0.697    3.489   11.411    1.780
  76.20   22.524   22.909   22.926    4.184    0.864   -0.476    4.184    0.864   -0.411   -1.991    3.613    9.239    2.073
  76.30   24.066   24.534   24.560    4.769    1.119    1.066    4.769    1.119    1.194    5.086    5.337   12.566    3.734
  76.40   24.465   25.263   25.264    6.300   -0.156    1.465    6.300   -0.156   -0.228    9.229   -0.981   20.929    4.642
  76.50   24.851   25.933   25.935    7.415    0.264    1.851    7.415    0.264    0.489   13.723    1.961   29.239    6.936
  76.60   23.256   24.309   24.315    7.077    0.536    0.256    7.077    0.536    0.137    1.813    3.793   25.217    2.103
  76.70   23.809   24.452   24.482    5.571   -1.223    0.809    5.571   -1.223   -0.989    4.505   -6.813   16.594    4.114
  76.80   24.000   25.039   25.120    7.137   -2.020    1.000    7.137   -2.020   -2.020    7.138  -14.415   28.010    8.106
  76.90   23.536   24.667   24.670    7.384   -0.413    0.536    7.384   -0.413   -0.221    3.955   -3.047   27.489    2.499
  77.00   22.299   23.536   23.596    7.531   -1.669   -0.701    7.531   -1.669    1.170   -5.278  -12.568   29.994    6.841
  77.10   23.074   23.948   24.060    6.412   -2.321    0.074    6.412   -2.321   -0.171    0.473  -14.885   23.254    7.447
  77.20   23.771   24.479   24.557    5.847   -1.956    0.771    5.847   -1.956   -1.508    4.507  -11.439   19.304    6.194
  77.30   22.245   23.135   23.156    6.357   -0.975   -0.755    6.357   -0.975    0.736   -4.801   -6.195   20.963    3.936
  77.40   20.003   21.317   21.317    7.369   -0.144   -2.997    7.369   -0.144    0.432  -22.089   -1.061   31.656   11.060
  77.50   21.879   22.262   22.301    4.114   -1.313   -1.121    4.114   -1.313    1.473   -4.613   -5.403    9.952    3.628
  77.60   23.343   23.773   23.911    4.504   -2.561    0.343    4.504   -2.561   -0.878    1.544  -11.534   13.480    5.835
  77.70   22.606   23.281   23.411    5.567   -2.459   -0.394    5.567   -2.459    0.969   -2.194  -13.687   18.594    6.948
  77.80   23.036   23.593   23.634    5.097   -1.396    0.036    5.097   -1.396   -0.050    0.182   -7.117   13.966    3.560
  77.90   22.267   22.510   22.541    3.292   -1.195   -0.733    3.292   -1.195    0.875   -2.412   -3.933    6.402    2.348
  78.00   22.754   22.940   22.971    2.910   -1.190   -0.246    2.910   -1.190    0.292   -0.715   -3.462    4.972    1.773
  78.10   24.194   24.565   24.579    4.252   -0.830    1.194    4.252   -0.830   -0.992    5.078   -3.531   10.099    3.132
  78.20   24.947   25.143   25.146    3.136   -0.377    1.947    3.136   -0.377   -0.733    6.106   -1.181    6.884    3.131
  78.30   23.146   23.519   23.527    4.173    0.637    0.146    4.173    0.637    0.093    0.608    2.660    8.919    1.365
  78.40   22.976   23.444   23.455    4.661   -0.733   -0.024    4.661   -0.733    0.018   -0.112   -3.415   11.129    1.708
  78.50   22.490   22.837   23.068    3.964   -3.257   -0.510    3.964   -3.257    1.662   -2.022  -12.912   13.292    6.587
  78.60   23.639   23.986   24.399    4.068   -4.467    0.639    4.068   -4.467   -2.854    2.599  -18.172   18.455    9.289
  78.70   23.418   23.535   23.722    2.347   -2.973    0.418    2.347   -2.973   -1.243    0.981   -6.978    7.261    3.578
  78.80   22.886   22.942   23.123    1.602   -2.887   -0.114    1.602   -2.887    0.330   -0.183   -4.624    5.456    2.320
  78.90   23.466   23.763   23.876    3.745   -2.321    0.466    3.745   -2.321   -1.082    1.746   -8.694    9.817    4.467
  79.00   24.264   24.633   24.810    4.245   -2.963    1.264    4.245   -2.963   -3.746    5.367  -12.576   14.197    7.088
  79.10   22.899   23.078   23.217    2.870   -2.533   -0.101    2.870   -2.533    0.255   -0.289   -7.269    7.331    3.640
  79.20   24.159   24.396   24.513    3.393   -2.396    1.159    3.393   -2.396   -2.776    3.933   -8.130    9.299    4.724
  79.30   23.806   24.173   24.181    4.197   -0.597    0.806    4.197   -0.597   -0.481    3.384   -2.505    9.311    2.119
  79.40   24.267   24.675   24.680    4.468   -0.505    1.267    4.468   -0.505   -0.639    5.660   -2.255   10.912    3.063
  79.50   25.357   25.702   25.714    4.197   -0.777    2.357    4.197   -0.777   -1.832    9.892   -3.262   11.887    5.288
  79.60   25.360   25.759   25.791    4.513   -1.302    2.360    4.513   -1.302   -3.074   10.651   -5.877   13.816    6.274
  79.70   24.145   24.410   24.478    3.590   -1.830    1.145    3.590   -1.830   -2.094    4.108   -6.567    8.771    4.012
  79.80   23.824   23.922   24.000    2.163   -1.933    0.824    2.163   -1.933   -1.592    1.782   -4.181    4.547    2.408
  79.90   23.006   23.204   23.328    3.029   -2.403    0.006    3.029   -2.403   -0.014    0.018   -7.278    7.474    3.639
  80.00   22.991   23.096   23.192    2.202   -2.106   -0.009    2.202   -2.106    0.020   -0.020   -4.636    4.641    2.318
  80.10   22.914   23.005   23.122    2.043   -2.323   -0.086    2.043   -2.323    0.199   -0.175   -4.746    4.789    2.377
  80.20   24.834   24.913   25.315    1.992   -4.490    1.834    1.992   -4.490   -8.232    3.652   -8.943   13.744    6.346
  80.30   24.446   24.683   24.922    3.418   -3.437    1.446    3.418   -3.437   -4.969    4.941  -11.748   12.793    6.840
  80.40   22.753   22.889   23.072    2.491   -2.896   -0.247    2.491   -2.896    0.714   -0.614   -7.212    7.324    3.637
  80.50   21.499   21.837   21.932    3.828   -2.032   -1.501    3.828   -2.032    3.049   -5.744   -7.777   10.515    5.069
  80.60   22.605   23.093   23.180    4.726   -2.003   -0.395    4.726   -2.003    0.792   -1.868   -9.466   13.251    4.840
  80.70   22.660   23.256   23.407    5.229   -2.656   -0.340    5.229   -2.656    0.902   -1.776  -13.887   17.256    7.015
  80.80   24.277   24.656   24.790    4.307   -2.575    1.277    4.307   -2.575   -3.288    5.502  -11.089   13.406    6.404
  80.90   24.930   25.245   25.306    3.976   -1.753    1.930    3.976   -1.753   -3.384    7.675   -6.972   11.306    5.454
  81.00   23.826   23.947   24.029    2.401   -1.985    0.826    2.401   -1.985   -1.640    1.984   -4.766    5.194    2.708
  81.10   22.889   22.904   23.134    0.827   -3.251   -0.111    0.827   -3.251    0.359   -0.091   -2.690    5.633    1.358
  81.20   22.305   22.307   22.496    0.245   -2.915   -0.695    0.245   -2.915    2.024   -0.170   -0.713    4.519    1.076
  81.30   22.339   22.341   22.402    0.293   -1.650   -0.661    0.293   -1.650    1.090   -0.194   -0.484    1.623    0.604
  81.40   22.280   22.284   22.312    0.464   -1.100   -0.720    0.464   -1.100    0.792   -0.334   -0.510    0.972    0.500
  81.50   22.865   22.875   22.985   -0.692   -2.243   -0.135   -0.692   -2.243    0.303    0.094    1.552    2.764    0.792
  81.60   22.780   22.797   22.824    0.867   -1.115   -0.220    0.867   -1.115    0.245   -0.190   -0.967    1.021    0.508
  81.70   23.165   23.236   23.254    1.813   -0.905    0.165    1.813   -0.905   -0.149    0.299   -1.641    2.066    0.837
  81.80   24.947   25.075   25.081    2.530   -0.572    1.947    2.530   -0.572   -1.113    4.925   -1.446    5.258    2.626
  81.90   26.239   26.285   26.302    1.563   -0.936    3.239    1.563   -0.936   -3.032    5.064   -1.464    6.906    3.041
  82.00   24.697   24.712   24.775    0.854   -1.774    1.697    0.854   -1.774   -3.011    1.450   -1.516    3.379    1.835
  82.10   24.531   24.555   24.650    1.079   -2.161    1.531    1.079   -2.161   -3.309    1.652   -2.332    4.090    2.186
  82.20   25.478   25.574   25.624    2.216   -1.596    2.478    2.216   -1.596   -3.955    5.491   -3.537    6.799    3.818
  82.30   26.189   26.275   26.319    2.113   -1.528    3.189    2.113   -1.528   -4.874    6.739   -3.229    8.486    4.461
  82.40   26.109   26.208   26.265    2.274   -1.740    3.109    2.274   -1.740   -5.408    7.068   -3.955    8.930    4.870
  82.50   25.821   25.840   25.859    1.003   -0.971    2.821    1.003   -0.971   -2.738    2.829   -0.973    4.953    2.028
  82.60   25.653   25.769   25.799    2.445   -1.241    2.653    2.445   -1.241   -3.293    6.486   -3.035    7.278    3.941
  82.70   26.555   26.615   26.678    1.789   -1.830    3.555    1.789   -1.830   -6.504    6.359   -3.273    9.593    4.834
  82.80   25.176   25.288   25.294    2.382   -0.546    2.176    2.382   -0.546   -1.187    5.182   -1.300    5.352    2.736
  82.90   25.267   25.331   25.394    1.811   -1.788    2.267    1.811   -1.788   -4.052    4.105   -3.238    5.807    3.308
  83.00   24.946   25.054   25.063    2.324   -0.668    1.946    2.324   -0.668   -1.300    4.524   -1.553    4.818    2.478
  83.10   24.575   24.596   24.626    1.015   -1.216    1.575    1.015   -1.216   -1.915    1.599   -1.234    2.495    1.392
  83.20   24.312   24.404   24.417    2.113   -0.793    1.312    2.113   -0.793   -1.040    2.772   -1.675    3.407    1.701
  83.30   25.044   25.146   25.169    2.268   -1.068    2.044    2.268   -1.068   -2.183    4.635   -2.422    5.230    2.833
  83.40   25.090   25.094   25.184    0.468   -2.122    2.090    0.468   -2.122   -4.434    0.978   -0.993    4.544    2.324
  83.50   27.117   27.153   27.250    1.400   -2.296    4.117    1.400   -2.296   -9.453    5.761   -3.214   12.089    5.764
  83.60   26.743   26.921   26.979    3.089   -1.764    3.743    3.089   -1.764   -6.603   11.561   -5.449   13.331    7.193
  83.70   24.984   25.519   25.574    5.201   -1.674    1.984    5.201   -1.674   -3.320   10.317   -8.705   16.895    6.951
  83.80   25.164   25.450   25.540    3.806   -2.139    2.164    3.806   -2.139   -4.630    8.237   -8.143   11.875    6.237
  83.90   25.695   26.138   26.272    4.791   -2.653    2.695    4.791   -2.653   -7.149   12.912  -12.711   18.628    9.739
  84.00   26.503   26.974   27.073    5.022   -2.307    3.503    5.022   -2.307   -8.080   17.591  -11.585   21.406   11.280
  84.10   26.891   26.969   27.014    2.054   -1.556    3.891    2.054   -1.556   -6.053    7.991   -3.195   10.889    5.261
  84.20   26.692   26.991   27.001    4.004   -0.732    3.692    4.004   -0.732   -2.704   14.785   -2.933   15.102    7.657
  84.30   28.504   28.724   28.739    3.551   -0.938    5.504    3.551   -0.938   -5.161   19.543   -3.330   21.890   10.243
  84.40   28.946   28.987   29.009    1.545    1.129    5.946    1.545    1.129    6.715    9.189    1.745   19.509    5.757
  84.50   30.353   30.430   30.430    2.155    0.143    7.353    2.155    0.143    1.050   15.847    0.308   29.368    7.942
  84.60   30.076   30.200   30.203    2.738    0.406    7.076    2.738    0.406    2.870   19.372    1.110   28.862    9.807
  84.70   30.829   30.975   30.976    3.002    0.301    7.829    3.002    0.301    2.353   23.503    0.902   35.197   11.819
  84.80   30.642   30.803   30.810    3.140   -0.686    7.642    3.140   -0.686   -5.243   23.998   -2.154   34.368   12.329
  84.90   30.573   30.625   30.642    1.788   -1.021    7.573    1.788   -1.021   -7.730   13.540   -1.825   30.791    7.849
  85.00   28.275   28.335   28.335    1.847    0.138    5.275    1.847    0.138    0.728    9.741    0.255   15.627    4.886
  85.10   27.362   27.437   27.437    2.021    0.085    4.362    2.021    0.085    0.372    8.814    0.172   11.559    4.412
  85.20   28.991   29.104   29.104    2.565   -0.008    5.991    2.565   -0.008   -0.046   15.369   -0.020   21.235    7.684
  85.30   29.490   29.655   29.656    3.129   -0.052    6.490    3.129   -0.052   -0.338   20.306   -0.163   25.956   10.155
  85.40   29.079   29.150   29.164    2.035   -0.903    6.079    2.035   -0.903   -5.491   12.369   -1.838   20.957    6.829
  85.50   30.086   30.086   30.102   -0.028   -0.995    7.086   -0.028   -0.995   -7.047   -0.195    0.027   25.599    3.525
  85.60   29.294   29.294   29.294   -0.065    0.055    6.294   -0.065    0.055    0.344   -0.408   -0.004   19.810    0.267
  85.70   28.217   28.259   28.259    1.539   -0.129    5.217    1.539   -0.129   -0.673    8.031   -0.199   14.801    4.031
  85.80   28.920   29.012   29.017    2.301   -0.566    5.920    2.301   -0.566   -3.352   13.624   -1.303   20.332    7.045
  85.90   29.019   29.114   29.117    2.346    0.448    6.019    2.346    0.448    2.699   14.122    1.052   20.967    7.208
  86.00   29.121   29.330   29.330    3.494    0.231    6.121    3.494    0.231    1.411   21.388    0.806   24.863   10.725
  86.10   27.978   28.000   28.015    1.108    0.925    4.978    1.108    0.925    4.607    5.517    1.026   13.431    3.630
  86.20   26.746   26.776   26.808    1.276    1.307    3.746    1.276    1.307    4.895    4.779    1.667    8.683    3.521
  86.30   27.418   27.418   27.438    0.071    1.041    4.418    0.071    1.041    4.599    0.314    0.074   10.304    2.305
  86.40   29.332   29.337   29.411   -0.569    2.085    6.332   -0.569    2.085   13.204   -3.603   -1.187   22.381    6.869
  86.50   29.857   29.873   29.917    0.981    1.617    6.857    0.981    1.617   11.086    6.724    1.585   25.296    6.531
  86.60   28.320   28.324   28.443    0.464    2.604    5.320    0.464    2.604   13.852    2.467    1.208   17.649    7.061
  86.70   27.725   27.728   27.729    0.447    0.238    4.725    0.447    0.238    1.124    2.113    0.106   11.289    1.198
  86.80   27.367   27.381   27.385    0.871   -0.472    4.367    0.871   -0.472   -2.062    3.806   -0.411   10.027    2.174
  86.90   26.865   26.872   26.928    0.629   -1.737    3.865    0.629   -1.737   -6.713    2.429   -1.092    9.175    3.611
  87.00   27.499   27.517   27.524    0.998   -0.628    4.499    0.998   -0.628   -2.826    4.490   -0.627   10.816    2.671
  87.10   28.561   28.561   28.619   -0.122   -1.823    5.561   -0.122   -1.823  -10.139   -0.678    0.222   17.130    5.082
  87.20   28.490   28.492   28.537    0.330   -1.611    5.490    0.330   -1.611   -8.846    1.814   -0.532   16.421    4.523
  87.30   29.437   29.438   29.467   -0.208   -1.319    6.437   -0.208   -1.319   -8.492   -1.338    0.274   21.609    4.301
  87.40   29.939   29.962   29.971   -1.172   -0.743    6.939   -1.172   -0.743   -5.158   -8.130    0.871   25.036    4.834
  87.50   30.018   30.084   30.085   -1.989   -0.262    7.018   -1.989   -0.262   -1.842  -13.961    0.522   26.638    7.046
  87.60   31.862   31.873   31.879   -0.835    0.648    8.862   -0.835    0.648    5.747   -7.402   -0.542   39.825    4.693
  87.70   31.083   31.115   31.116   -1.399    0.344    8.083   -1.399    0.344    2.780  -11.307   -0.481   33.706    5.827
  87.80   30.087   30.100   30.130   -0.881   -1.349    7.087   -0.881   -1.349   -9.564   -6.243    1.189   26.413    5.741
  87.90   30.373   30.383   30.385   -0.798    0.317    7.373   -0.798    0.317    2.339   -5.883   -0.253   27.547    3.168
  88.00   29.899   29.922   29.941   -1.179   -1.058    6.899   -1.179   -1.058   -7.302   -8.134    1.248   25.053    5.501
  88.10   28.754   28.833   28.833   -2.132    0.091    5.754   -2.132    0.091    0.524  -12.268   -0.194   18.831    6.140
  88.20   29.074   29.353   29.365   -4.041    0.841    6.074   -4.041    0.841    5.110  -24.544   -3.400   26.965   12.650
  88.30   27.801   28.319   28.437   -5.389    2.585    4.801   -5.389    2.585   12.413  -25.876  -13.933   29.391   15.952
  88.40   26.982   27.384   27.447   -4.678    1.856    3.982   -4.678    1.856    7.392  -18.628   -8.685   20.594   10.921
  88.50   26.799   26.858   27.013   -1.776    2.890    3.799   -1.776    2.890   10.980   -6.746   -5.132   12.969    6.935
  88.60   25.856   25.894   26.046   -1.395    2.807    2.856   -1.395    2.807    8.018   -3.984   -3.915    8.992    4.886
  88.70   27.044   27.044   27.314   -0.157    3.830    4.044   -0.157    3.830   15.490   -0.637   -0.603   15.525    7.758
  88.80   27.036   27.053   27.317   -0.960    3.789    4.036   -0.960    3.789   15.291   -3.875   -3.637   15.783    8.094
  88.90   26.344   26.359   26.570   -0.876    3.341    3.344   -0.876    3.341   11.172   -2.928   -2.925   11.555    5.957
  89.00   26.170   26.212   26.396   -1.493    3.106    3.170   -1.493    3.106    9.844   -4.733   -4.637   10.961    5.933
  89.10   26.491   26.652   26.811   -2.919    2.916    3.491   -2.919    2.916   10.182  -10.193   -8.514   14.609    8.367
  89.20   25.203   25.226   25.382   -1.068    2.815    2.203   -1.068    2.815    6.202   -2.352   -3.005    6.959    3.641
  89.30   26.290   26.360   26.616   -1.920    3.683    3.290   -1.920    3.683   12.116   -6.317   -7.072   14.037    7.693
  89.40   27.173   27.310   27.364   -2.733    1.720    4.173   -2.733    1.720    7.176  -11.403   -4.699   13.919    7.135
  89.50   27.683   27.969   28.007   -3.991    1.463    4.683   -3.991    1.463    6.851  -18.689   -5.839   19.998   10.372
  89.60   26.384   26.583   26.610   -3.246    1.183    3.384   -3.246    1.183    4.005  -10.985   -3.841   11.695    6.154
  89.70   27.009   27.039   27.046   -1.276   -0.641    4.009   -1.276   -0.641   -2.569   -5.114    0.818    9.053    2.891
  89.80   26.557   26.659   26.697   -2.333   -1.410    3.557   -2.333   -1.410   -5.017   -8.299    3.291   10.043    5.120
  89.90   25.961   26.453   26.470   -5.078   -0.936    2.961   -5.078   -0.936   -2.773  -15.038    4.755   17.717    8.007
  90.00   27.551   27.944   27.949   -4.669   -0.503    4.551   -4.669   -0.503   -2.287  -21.250    2.346   21.383   10.751
  90.10   27.319   27.821   27.824   -5.262   -0.385    4.319   -5.262   -0.385   -1.663  -22.728    2.026   23.246   11.439
  90.20   26.734   27.471   27.485   -6.317   -0.899    3.734   -6.317   -0.899   -3.358  -23.591    5.681   27.332   12.248
  90.30   26.915   27.441   27.466   -5.346    1.179    3.915   -5.346    1.179    4.617  -20.928   -6.304   22.646   11.169
  90.40   26.616   27.082   27.099   -5.003   -0.950    3.616   -5.003   -0.950   -3.435  -18.089    4.752   19.501    9.508
  90.50   27.004   27.375   27.408   -4.487   -1.347    4.004   -4.487   -1.347   -5.392  -17.969    6.042   18.992    9.855
  90.60   25.952   26.021   26.044   -1.897   -1.079    2.952   -1.897   -1.079   -3.185   -5.599    2.047    6.738    3.379
  90.70   26.331   26.403   26.417   -1.944   -0.884    3.331   -1.944   -0.884   -2.945   -6.475    1.719    7.828    3.659
  90.80   26.713   26.725   26.758   -0.818   -1.328    3.713   -0.818   -1.328   -4.930   -3.036    1.086    8.108    2.945
  90.90   25.643   25.661   25.763   -0.953   -2.287    2.643   -0.953   -2.287   -6.046   -2.519    2.179    6.563    3.451
  91.00   25.790   25.796   25.892    0.550   -2.228    2.790    0.550   -2.228   -6.216    1.534   -1.225    6.525    3.260
  91.10   25.823   25.841   25.903    0.976   -1.779    2.823    0.976   -1.779   -5.023    2.756   -1.737    6.044    2.994
  91.20   27.253   27.267   27.286    0.875   -1.007    4.253    0.875   -1.007   -4.283    3.723   -0.882    9.934    2.871
  91.30   27.380   27.409   27.411    1.272    0.340    4.380    1.272    0.340    1.490    5.570    0.433   10.458    2.891
  91.40   27.299   27.299   27.304    0.109   -0.506    4.299    0.109   -0.506   -2.175    0.468   -0.055    9.375    1.113
  91.50   27.846   27.865   27.884    1.015    1.037    4.846    1.015    1.037    5.025    4.920    1.053   12.796    3.555
  91.60   28.746   28.807   28.832    1.879   -1.192    5.746    1.879   -1.192   -6.851   10.795   -2.240   18.982    6.490
  91.70   27.431   27.519   27.557    2.199   -1.449    4.431    2.199   -1.449   -6.420    9.745   -3.187   13.285    6.049
  91.80   27.915   27.948   27.948    1.349   -0.209    4.915    1.349   -0.209   -1.025    6.629   -0.281   13.010    3.357
  91.90   28.273   28.367   28.368    2.304    0.223    5.273    2.304    0.223    1.178   12.151    0.515   16.583    6.110
  92.00   27.590   27.800   27.831    3.407    1.324    4.590    3.407    1.324    6.078   15.638    4.511   17.215    8.687
  92.10   25.213   25.435   25.442    3.356    0.608    2.213    3.356    0.608    1.346    7.425    2.041    8.263    3.908
  92.20   24.721   24.974   25.007    3.547   -1.285    1.721    3.547   -1.285   -2.211    6.104   -4.556    8.595    3.965
  92.30   24.392   24.506   24.602    2.360   -2.174    1.392    2.360   -2.174   -3.026    3.284   -5.130    6.116    3.401
  92.40   23.416   23.509   23.557    2.083   -1.506    0.416    2.083   -1.506   -0.627    0.867   -3.137    3.390    1.657
  92.50   25.423   25.484   25.552    1.759   -1.867    2.423    1.759   -1.867   -4.524    4.263   -3.284    6.226    3.515
  92.60   26.926   26.926   27.109   -0.131   -3.143    3.926   -0.131   -3.143  -12.340   -0.513    0.410   12.655    6.179
  92.70   25.760   25.820   25.902    1.762   -2.061    2.760    1.762   -2.061   -5.688    4.863   -3.632    7.484    4.159
  92.80   25.625   25.664   25.825    1.409   -2.878    2.625    1.409   -2.878   -7.553    3.700   -4.055    8.578    4.669
  92.90   26.574   26.684   26.871    2.420   -3.159    3.574    2.420   -3.159  -11.289    8.650   -7.644   14.304    8.073
  93.00   26.913   27.042   27.164    2.640   -2.570    3.913    2.640   -2.570  -10.054   10.330   -6.785   14.441    7.966
  93.10   27.978   28.322   28.591    4.396   -3.915    4.978    4.396   -3.915  -19.492   21.884  -17.211   29.719   16.993
  93.20   27.597   27.920   28.105    4.237   -3.222    4.597    4.237   -3.222  -14.809   19.475  -13.650   24.729   14.008
  93.30   26.639   27.102   27.215    4.989   -2.472    3.639    4.989   -2.472   -8.996   18.157  -12.334   22.124   11.861
  93.40   26.995   27.474   27.731    5.107   -3.767    3.995    5.107   -3.767  -15.051   20.405  -19.239   28.119   15.914
  93.50   27.419   27.998   28.217    5.664   -3.512    4.419    5.664   -3.512  -15.520   25.029  -19.896   31.973   17.770
  93.60   27.867   28.219   28.284    4.438   -1.923    4.867    4.438   -1.923   -9.362   21.601   -8.535   23.543   12.521
  93.70   27.506   27.607   27.676    2.358   -1.955    4.506    2.358   -1.955   -8.810   10.625   -4.610   14.844    7.276
  93.80   27.218   27.323   27.436    2.393   -2.489    4.218    2.393   -2.489  -10.496   10.094   -5.955   14.855    7.866
  93.90   25.444   25.498   25.516    1.662   -0.941    2.444    1.662   -0.941   -2.299    4.063   -1.564    4.811    2.462
  94.00   27.480   27.585   27.658    2.409   -2.015    4.480    2.409   -2.015   -9.028   10.793   -4.856   14.966    7.442
  94.10   28.157   28.270   28.301    2.525   -1.329    5.157    2.525   -1.329   -6.853   13.021   -3.356   17.367    7.546
  94.20   27.334   27.691   27.704    4.429   -0.847    4.334    4.429   -0.847   -3.673   19.196   -3.753   19.559    9.950
  94.30   29.234   29.327   29.341    2.328   -0.903    6.234    2.328   -0.903   -5.627   14.513   -2.101   22.551    7.854
  94.40   29.199   29.222   29.262    1.160   -1.535    6.199    1.160   -1.535   -9.518    7.189   -1.781   21.065    6.030
  94.50   28.538   28.541   28.541    0.372   -0.185    5.538    0.372   -0.185   -1.022    2.063   -0.069   15.422    1.152
  94.60   29.436   29.472   29.476    1.470    0.484    6.436    1.470    0.484    3.114    9.459    0.711   21.906    4.992
  94.70   28.859   28.977   28.979    2.611    0.385    5.859    2.611    0.385    2.254   15.299    1.005   20.646    7.748
  94.80   27.895   27.923   27.930    1.257   -0.615    4.895    1.257   -0.615   -3.008    6.154   -0.773   12.960    3.447
  94.90   25.895   25.951   25.983    1.698   -1.299    2.895    1.698   -1.299   -3.760    4.917   -2.206    6.476    3.285
  95.00   25.860   25.873   25.880    0.813    0.575    2.860    0.813    0.575    1.645    2.324    0.467    4.587    1.443
  95.10   25.493   25.506   25.509    0.794   -0.396    2.493    0.794   -0.396   -0.987    1.979   -0.314    3.502    1.117
  95.20   25.610   25.610   25.652    0.027   -1.463    2.610    0.027   -1.463   -3.819    0.071   -0.040    4.477    1.910
  95.30   25.175   25.180   25.180   -0.489    0.001    2.175   -0.489    0.001    0.001   -1.063   -0.000    2.485    0.531
  95.40   25.651   25.656   25.681   -0.476   -1.142    2.651   -0.476   -1.142   -3.028   -1.261    0.543    4.280    1.663
  95.50   24.294   24.300   24.332   -0.517   -1.242    1.294   -0.517   -1.242   -1.607   -0.669    0.641    1.742    0.928
  95.60   24.347   24.347   24.360    0.107   -0.778    1.347    0.107   -0.778   -1.048    0.145   -0.083    1.216    0.531
  95.70   25.735   25.789   25.805    1.667    0.890    2.735    1.667    0.890    2.434    4.560    1.483    5.527    2.689
  95.80   25.335   25.366   25.417    1.246    1.612    2.335    1.246    1.612    3.764    2.909    2.008    4.802    2.582
  95.90   25.945   25.945   25.949   -0.101    0.463    2.945   -0.101    0.463    1.364   -0.296   -0.047    4.448    0.698
  96.00   24.812   24.835   24.835    1.078    0.084    1.812    1.078    0.084    0.152    1.953    0.090    2.226    0.980
  96.10   25.396   25.460   25.488    1.810    1.177    2.396    1.810    1.177    2.821    4.336    2.131    5.201    2.797
  96.20   25.858   25.947   26.114    2.156    2.949    2.858    2.156    2.949    8.426    6.162    6.358   10.754    6.111
  96.30   25.940   26.023   26.155    2.075    2.626    2.940    2.075    2.626    7.721    6.100    5.450    9.923    5.624
  96.40   25.493   25.620   25.887    2.546    3.712    2.493    2.546    3.712    9.253    6.348    9.450   13.237    7.335
  96.50   26.249   26.369   26.471    2.506    2.330    3.249    2.506    2.330    7.570    8.142    5.838   11.133    6.279
  96.60   25.551   25.634   25.645    2.062    0.726    2.551    2.062    0.726    1.851    5.260    1.496    5.643    2.887
  96.70   24.813   24.854   24.854    1.419    0.086    1.813    1.419    0.086    0.155    2.574    0.121    2.655    1.291
  96.80   25.544   25.548   25.550   -0.485   -0.270    2.544   -0.485   -0.270   -0.686   -1.234    0.131    3.389    0.709
  96.90   25.356   25.356   25.389    0.029    1.290    2.356    0.029    1.290    3.038    0.069    0.038    3.607    1.519
  97.00   25.318   25.324   25.343   -0.578    0.964    2.318   -0.578    0.964    2.233   -1.341   -0.557    3.318    1.332
  97.10   25.019   25.023   25.052    0.417    1.219    2.019    0.417    1.219    2.461    0.841    0.508    2.868    1.325
  97.20   24.838   24.848   24.854    0.703    0.549    1.838    0.703    0.549    1.008    1.292    0.386    2.087    0.842
  97.30   23.498   23.504   23.506    0.517    0.336    0.498    0.517    0.336    0.167    0.258    0.174    0.314    0.176
  97.40   24.849   24.851   24.956   -0.285    2.290    1.849   -0.285    2.290    4.235   -0.527   -0.652    4.373    2.159
  97.50   23.796   23.808   23.977   -0.735    2.845    0.796   -0.735    2.845    2.266   -0.585   -2.091    4.635    1.569
  97.60   23.423   23.424   23.447   -0.110    1.033    0.423   -0.110    1.033    0.438   -0.047   -0.114    0.630    0.227
  97.70   24.164   24.165   24.167   -0.223   -0.309    1.164   -0.223   -0.309   -0.359   -0.259    0.069    0.749    0.224
  97.80   23.998   24.019   24.023    1.004   -0.470    0.998    1.004   -0.470   -0.469    1.001   -0.471    1.112    0.601
  97.90   23.699   23.746   23.752   -1.495   -0.529    0.699   -1.495   -0.529   -0.370   -1.045    0.790    1.502    0.681
  98.00   22.882   22.955   22.957   -1.826    0.298   -0.118   -1.826    0.298   -0.035    0.215   -0.544    1.718    0.293
  98.10   22.862   22.895   22.895   -1.226    0.095   -0.138   -1.226    0.095   -0.013    0.169   -0.117    0.765    0.103
  98.20   22.026   22.102   22.108   -1.831    0.522   -0.974   -1.831    0.522   -0.508    1.783   -0.955    2.287    1.043
  98.30   21.623   21.623   21.668    0.056   -1.403   -1.377    0.056   -1.403    1.933   -0.077   -0.079    1.935    0.968
  98.40   21.910   21.919   21.988   -0.638   -1.745   -1.090   -0.638   -1.745    1.903    0.696    1.114    2.321    1.156
  98.50   22.377   22.386   22.409    0.608   -1.016   -0.623    0.608   -1.016    0.633   -0.378   -0.617    0.895    0.481
  98.60   22.775   22.787   22.787   -0.753    0.136   -0.225   -0.753    0.136   -0.031    0.170   -0.102    0.318    0.100
  98.70   23.350   23.390   23.400   -1.368   -0.711    0.350   -1.368   -0.711   -0.249   -0.478    0.973    1.249    0.556
  98.80   24.507   24.724   24.724   -3.273    0.084    1.507   -3.273    0.084    0.126   -4.932   -0.274    6.495    2.470
  98.90   26.030   26.435   26.442   -4.608   -0.611    3.030   -4.608   -0.611   -1.852  -13.965    2.817   15.397    7.183
  99.00   25.104   25.333   25.392   -3.405   -1.729    2.104   -3.405   -1.729   -3.636   -7.164    5.887    9.505    4.980
  99.10   26.194   26.258   26.308   -1.829   -1.631    3.194   -1.829   -1.631   -5.210   -5.841    2.983    8.103    4.188
  99.20   24.963   25.160   25.296   -3.145   -2.619    1.963   -3.145   -2.619   -5.140   -6.173    8.238   10.302    5.753
  99.30   23.627   23.873   24.089   -3.416   -3.219    0.627   -3.416   -3.219   -2.019   -2.142   10.995   11.211    5.691
  99.40   23.710   24.036   24.122   -3.945   -2.032    0.710   -3.945   -2.032   -1.443   -2.803    8.014   10.097    4.306
  99.50   22.805   23.140   23.198   -3.923   -1.643   -0.195   -3.923   -1.643    0.320    0.765    6.446    9.066    3.250
  99.60   22.889   23.227   23.239   -3.949   -0.739   -0.111   -3.949   -0.739    0.082    0.439    2.918    8.078    1.476
  99.70   22.571   23.124   23.134   -5.024    0.689   -0.429   -5.024    0.689   -0.295    2.154   -3.461   12.950    2.044
  99.80   23.733   24.543   24.543   -6.255   -0.005    0.733   -6.255   -0.005   -0.003   -4.584    0.029   19.829    2.292
  99.90   25.311   26.130   26.136   -6.491    0.535    2.311   -6.491    0.535    1.236  -15.004   -3.470   23.882    7.725
 100.00   25.902   26.558   26.565   -5.869   -0.592    2.902   -5.869   -0.592   -1.719  -17.031    3.476   21.610    8.734
 100.10   26.194   26.385   26.387   -3.172   -0.313    3.194   -3.172   -0.313   -0.999  -10.130    0.993   10.179    5.114
 100.20   25.751   25.854   25.885   -2.298    1.274    2.751   -2.298    1.274    3.505   -6.323   -2.928    7.237    3.900
 100.30   25.980   26.195   26.235   -3.353    1.451    2.980   -3.353    1.451    4.325   -9.992   -4.866   11.115    5.963
 100.40   24.591   24.972   25.010   -4.344    1.387    1.591   -4.344    1.387    2.207   -6.913   -6.026   11.664    4.716
 100.50   25.114   25.464   25.584   -4.209    2.475    2.114   -4.209    2.475    5.232   -8.898  -10.416   14.154    7.332
 100.60   25.672   25.916   25.931   -3.548    0.892    2.672   -3.548    0.892    2.383   -9.480   -3.164   10.262    5.137
 100.70   26.322   26.481   26.490   -2.894    0.676    3.322   -2.894    0.676    2.246   -9.616   -1.957    9.936    5.034
 100.80   25.493   25.665   25.713   -2.966    1.571    2.493   -2.966    1.571    3.917   -7.393   -4.660    8.739    4.788
 100.90   24.817   25.049   25.064   -3.402    0.871    1.817   -3.402    0.871    1.584   -6.181   -2.964    7.816    3.518
 101.00   24.243   24.427   24.466   -2.994   -1.382    1.243   -2.994   -1.382   -1.718   -3.721    4.137    6.208    2.912
 101.10   23.918   24.409   24.534   -4.870   -2.478    0.918   -4.870   -2.478   -2.275   -4.471   12.066   15.348    6.533
 101.20   23.515   24.063   24.087   -5.105   -1.085    0.515   -5.105   -1.085   -0.558   -2.628    5.537   13.750    3.077
 101.30   22.981   23.317   23.323   -3.944   -0.521   -0.019   -3.944   -0.521    0.010    0.075    2.056    7.914    1.029
 101.40   23.721   24.171   24.187   -4.639   -0.873    0.721   -4.639   -0.873   -0.630   -3.347    4.052   11.403    2.646
 101.50   24.476   24.856   24.857   -4.329    0.167    1.476   -4.329    0.167    0.247   -6.390   -0.724   10.472    3.218
 101.60   25.203   25.438   25.440   -3.448   -0.335    2.203   -3.448   -0.335   -0.737   -7.596    1.154    8.427    3.859
 101.70   24.633   24.915   25.102   -3.739   -3.061    1.633   -3.739   -3.061   -4.997   -6.104   11.445   13.008    6.950
 101.80   23.639   24.268   24.448   -5.490   -2.961    0.639   -5.490   -2.961   -1.891   -3.507   16.253   19.656    8.367
 101.90   23.925   24.348   24.416   -4.520   -1.818    0.925   -4.520   -1.818   -1.682   -4.181    8.216   12.294    4.685
 102.00   23.525   23.775   23.792   -3.437   -0.890    0.525   -3.437   -0.890   -0.468   -1.806    3.060    6.441    1.792
 102.10   23.661   24.204   24.213   -5.099   -0.648    0.661   -5.099   -0.648   -0.429   -3.371    3.305   13.426    2.370
 102.20   23.322   24.379   24.380   -7.099    0.258    0.322   -7.099    0.258    0.083   -2.288   -1.831   25.284    1.466
 102.30   23.383   23.899   23.955   -4.940    1.635    0.383   -4.940    1.635    0.627   -1.893   -8.078   13.611    4.161
 102.40   23.224   23.430   23.711   -3.101    3.639    0.224   -3.101    3.639    0.814   -0.693  -11.285   11.455    5.668
 102.50   22.616   22.855   22.908   -3.293    1.559   -0.384   -3.293    1.559   -0.599    1.265   -5.135    6.712    2.661
 102.60   21.657   21.869   21.953   -3.035    1.916   -1.343   -3.035    1.916   -2.572    4.074   -5.813    7.340    3.775
 102.70   21.376   21.569   21.629   -2.877    1.615   -1.624   -2.877    1.615   -2.622    4.672   -4.645    6.760    3.545
 102.80   22.398   22.707   22.845   -3.732    2.504   -0.602   -3.732    2.504   -1.507    2.246   -9.344   10.279    4.864
 102.90   21.544   21.784   22.083   -3.229    3.623   -1.456   -3.229    3.623   -5.276    4.702  -11.696   12.834    6.833
 103.00   20.417   20.941   21.294   -4.655    3.865   -2.583   -4.655    3.865   -9.985   12.026  -17.992   21.641   11.917
 103.10   19.880   21.367   21.553   -7.831    2.826   -3.120   -7.831    2.826   -8.817   24.435  -22.129   39.525   17.062
 103.20   19.712   20.361   20.597   -5.102    3.109   -3.288   -5.102    3.109  -10.222   16.778  -15.862   23.255   12.625
 103.30   18.863   19.024   19.132   -2.472    2.033   -4.137   -2.472    2.033   -8.413   10.226   -5.026   13.681    7.082
 103.40   18.547   19.249   19.296   -5.153    1.346   -4.453   -5.153    1.346   -5.996   22.947   -6.938   24.098   12.355
 103.50   19.146   19.655   19.793   -4.444    2.339   -3.854   -4.444    2.339   -9.017   17.130  -10.396   20.040   10.986
 103.60   19.009   19.966   20.086   -6.107    2.188   -3.991   -6.107    2.188   -8.730   24.370  -13.359   29.001   14.565
 103.70   19.272   20.627   20.754   -7.352    2.295   -3.728   -7.352    2.295   -8.556   27.410  -16.874   36.611   16.653
 103.80   20.484   21.609   21.619   -6.883    0.662   -2.516   -6.883    0.662   -1.667   17.319   -4.560   27.073    8.993
 103.90   20.754   21.311   21.318   -4.837    0.572   -2.246   -4.837    0.572   -1.284   10.863   -2.766   14.384    5.641
 104.00   20.891   21.229   21.283   -3.773    1.520   -2.109   -3.773    1.520   -3.205    7.957   -5.734   10.497    5.159
 104.10   21.117   21.493   21.508   -4.003    0.793   -1.883   -4.003    0.793   -1.493    7.538   -3.173   10.099    4.157
 104.20   21.323   21.776   21.820   -4.416    1.387   -1.677   -4.416    1.387   -2.325    7.405   -6.125   12.120    4.944
 104.30   23.008   23.424   23.638   -4.395    3.175    0.008   -4.395    3.175    0.025   -0.035  -13.955   14.699    6.978
 104.40   23.575   24.132   24.297   -5.159    2.822    0.575   -5.159    2.822    1.621   -2.964  -14.556   17.452    7.471
 104.50   22.680   23.097   23.185   -4.366    2.020   -0.320   -4.366    2.020   -0.646    1.396   -8.817   11.620    4.475
 104.60   23.127   23.807   23.927   -5.653    2.388    0.127   -5.653    2.388    0.302   -0.716  -13.498   18.836    6.760
 104.70   24.482   24.806   24.917   -4.000    2.348    1.482   -4.000    2.348    3.479   -5.927   -9.391   11.854    5.819
 104.80   23.929   24.089   24.193   -2.780    2.237    0.929   -2.780    2.237    2.078   -2.581   -6.219    6.797    3.523
 104.90   24.143   24.433   24.667   -3.751    3.391    1.143   -3.751    3.391    3.876   -4.287  -12.719   13.437    6.985
 105.00   24.626   24.785   24.998   -2.805    3.252    1.626   -2.805    3.252    5.288   -4.561   -9.122   10.544    5.744
 105.10   24.990   25.364   25.586   -4.339    3.365    1.990   -4.339    3.365    6.695   -8.634  -14.601   17.055    9.118
 105.20   24.399   24.662   24.869   -3.591    3.203    1.399   -3.591    3.203    4.481   -5.023  -11.502   12.556    6.664
 105.30   24.710   24.930   24.963   -3.300    1.294    1.710   -3.300    1.294    2.213   -5.645   -4.270    7.746    3.708
 105.40   26.315   26.525   26.580   -3.332    1.714    3.315   -3.332    1.714    5.680  -11.047   -5.710   12.515    6.836
 105.50   25.274   25.531   25.542   -3.614    0.736    2.274   -3.614    0.736    1.673   -8.219   -2.658    9.387    4.399
 105.60   25.295   25.720   25.773   -4.653    1.660    2.295   -4.653    1.660    3.810  -10.681   -7.725   14.839    6.861
 105.70   25.135   25.462   25.463   -4.064   -0.254    2.135   -4.064   -0.254   -0.542   -8.677    1.032   10.569    4.378
 105.80   22.185   22.510   22.511   -3.811    0.248   -0.815   -3.811    0.248   -0.202    3.106   -0.946    7.626    1.627
 105.90   22.691   23.100   23.108   -4.328    0.598   -0.309   -4.328    0.598   -0.185    1.336   -2.589    9.593    1.460
 106.00   22.723   23.129   23.142   -4.314    0.785   -0.277   -4.314    0.785   -0.218    1.196   -3.386    9.650    1.799
 106.10   23.745   24.047   24.052   -3.797    0.466    0.745   -3.797    0.466    0.347   -2.831   -1.768    7.596    1.678
 106.20   24.829   24.926   25.079   -2.198    2.760    1.829   -2.198    2.760    5.048   -4.020   -6.066    7.897    4.429
 106.30   24.576   24.625   24.682   -1.540    1.681    1.576   -1.540    1.681    2.650   -2.427   -2.588    3.841    2.214
 106.40   23.400   23.429   23.466   -1.165    1.322    0.400   -1.165    1.322    0.529   -0.466   -1.540    1.632    0.847
 106.50   24.348   24.416   24.449   -1.812    1.274    1.348   -1.812    1.274    1.718   -2.443   -2.308    3.362    1.887
 106.60   24.690   24.755   24.830   -1.803    1.918    1.690   -1.803    1.918    3.241   -3.047   -3.459    4.893    2.818
 106.70   24.159   24.280   24.317   -2.414    1.352    1.159   -2.414    1.352    1.568   -2.799   -3.264    4.500    2.288
 106.80   25.887   26.056   26.074   -2.963    0.947    2.887   -2.963    0.947    2.733   -8.556   -2.805    9.007    4.705
 106.90   25.708   25.973   26.056   -3.705    2.071    2.708   -3.705    2.071    5.607  -10.033   -7.672   12.674    6.909
 107.00   25.535   25.866   26.021   -4.119    2.839    2.535   -4.119    2.839    7.199  -10.444  -11.696   15.730    8.627
 107.10   25.887   25.974   25.983   -2.124    0.692    2.887   -2.124    0.692    1.997   -6.132   -1.470    6.663    3.307
 107.20   25.437   25.558   25.572   -2.483    0.827    2.437   -2.483    0.827    2.015   -6.052   -2.053    6.395    3.350
 107.30   25.479   25.536   25.550   -1.706   -0.825    2.479   -1.706   -0.825   -2.047   -4.229    1.408    4.869    2.452
 107.40   26.518   26.683   26.683   -2.964   -0.024    3.518   -2.964   -0.024   -0.084  -10.426    0.071   10.580    5.213
 107.50   25.609   25.894   25.913   -3.838    0.974    2.609   -3.838    0.974    2.541  -10.011   -3.739   11.241    5.492
 107.60   26.685   26.922   26.944   -3.560    1.082    3.685   -3.560    1.082    3.989  -13.121   -3.854   13.715    7.123
 107.70   26.813   27.127   27.154   -4.119    1.190    3.813   -4.119    1.190    4.538  -15.707   -4.904   16.462    8.534
 107.80   26.964   27.405   27.587   -4.901    3.160    3.964   -4.901    3.160   12.526  -19.426  -15.490   24.860   13.912
 107.90   25.886   26.335   26.493   -4.841    2.890    2.886   -4.841    2.890    8.341  -13.971  -13.992   20.059   10.730
 108.00   26.731   27.053   27.106   -4.164    1.695    3.731   -4.164    1.695    6.323  -15.537   -7.057   17.067    9.099
 108.10   26.366   26.764   26.869   -4.599    2.373    3.366   -4.599    2.373    7.986  -15.479  -10.910   19.053   10.276
 108.20   24.555   24.882   25.060   -4.018    2.982    1.555   -4.018    2.982    4.638   -6.249  -11.982   13.728    7.144
 108.30   23.577   23.899   24.242   -3.910    4.060    0.577   -3.910    4.060    2.344   -2.257  -15.875   16.053    8.103
 108.40   24.286   24.576   24.677   -3.767    2.226    1.286   -3.767    2.226    2.863   -4.844   -8.386   10.399    5.049
 108.50   24.797   25.016   25.161   -3.309    2.697    1.797   -3.309    2.697    4.845   -5.945   -8.925   10.726    5.884
 108.60   25.144   25.371   25.545   -3.389    2.975    2.144   -3.389    2.975    6.378   -7.265  -10.084   12.467    6.985
 108.70   25.533   26.241   26.458   -6.056    3.376    2.533   -6.056    3.376    8.551  -15.340  -20.442   27.241   13.475
 108.80   25.531   26.318   26.499   -6.387    3.089    2.531   -6.387    3.089    7.818  -16.167  -19.731   28.374   13.340
 108.90   24.460   25.130   25.157   -5.764    1.178    1.460   -5.764    1.178    1.719   -8.414   -6.790   18.373    5.474
 109.00   24.913   25.353   25.381   -4.703    1.195    1.913   -4.703    1.195    2.286   -8.995   -5.620   13.602    5.425
 109.10   24.330   24.511   24.518   -2.971    0.611    1.330   -2.971    0.611    0.812   -3.951   -1.815    5.486    2.212
 109.20   23.810   24.201   24.202   -4.332   -0.156    0.810   -4.332   -0.156   -0.127   -3.511    0.677    9.725    1.789
 109.30   21.361   21.910   21.939   -4.874   -1.130   -1.639   -4.874   -1.130    1.852    7.988    5.507   13.857    4.939
 109.40   22.164   22.753   22.760   -5.144   -0.549   -0.836   -5.144   -0.549    0.459    4.299    2.826   13.728    2.582
 109.50   24.410   24.669   24.670   -3.571   -0.150    1.410   -3.571   -0.150   -0.211   -5.033    0.535    7.380    2.533
 109.60   24.324   24.683   24.686   -4.191   -0.401    1.324   -4.191   -0.401   -0.531   -5.551    1.679    9.740    2.912
 109.70   24.421   24.766   24.767   -4.123    0.094    1.421   -4.123    0.094    0.133   -5.858   -0.387    9.514    2.936
 109.80   23.883   24.343   24.349   -4.710   -0.546    0.883   -4.710   -0.546   -0.482   -4.157    2.572   11.632    2.456
 109.90   24.342   25.147   25.159   -6.312   -0.765    1.342   -6.312   -0.765   -1.027   -8.471    4.829   21.115    4.902
 110.00   23.359   24.041   24.042   -5.687   -0.140    0.359   -5.687   -0.140   -0.050   -2.041    0.795   16.244    1.095
 110.10   23.223   24.050   24.070   -6.251   -0.974    0.223   -6.251   -0.974   -0.218   -1.396    6.090   20.037    3.126
 110.20   24.680   25.436   25.441   -6.155   -0.550    1.680   -6.155   -0.550   -0.923  -10.338    3.382   20.501    5.458
 110.30   25.906   26.242   26.262   -4.191    1.026    2.906   -4.191    1.026    2.981  -12.176   -4.299   13.528    6.626
 110.40   25.586   25.964   26.023   -4.413    1.760    2.586   -4.413    1.760    4.552  -11.412   -7.769   14.631    7.268
 110.50   23.664   24.298   24.359   -5.513    1.725    0.664   -5.513    1.725    1.146   -3.662   -9.512   16.907    5.128
 110.60   23.263   24.158   24.199   -6.514    1.407    0.263   -6.514    1.407    0.370   -1.714   -9.163   22.240    4.665
 110.70   22.467   23.621   23.752   -7.294    2.491   -0.533   -7.294    2.491   -1.328    3.888  -18.167   29.846    9.313
 110.80   21.815   23.175   23.336   -7.820    2.737   -1.185   -7.820    2.737   -3.243    9.263  -21.407   35.024   11.775
 110.90   22.303   23.446   23.667   -7.231    3.225   -0.697   -7.231    3.225   -2.247    5.038  -23.323   31.588   11.983
 111.00   20.153   20.945   21.094   -5.705    2.503   -2.847   -5.705    2.503   -7.125   16.243  -14.278   23.459   11.385
 111.10   18.996   19.718   19.759   -5.286    1.281   -4.004   -5.286    1.281   -5.129   21.163   -6.772   22.805   11.402
 111.20   19.897   20.689   20.692   -5.668    0.373   -3.103   -5.668    0.373   -1.156   17.589   -2.112   20.949    8.877
 111.30   18.725   19.303   19.370   -4.687    1.616   -4.275   -4.687    1.616   -6.907   20.034   -7.573   21.425   11.252
 111.40   18.462   19.055   19.084   -4.716    1.045   -4.538   -4.716    1.045   -4.742   21.399   -4.928   21.961   11.233
 111.50   19.277   20.329   20.343   -6.453    0.759   -3.723   -6.453    0.759   -2.824   24.023   -4.895   28.039   12.339
 111.60   19.091   19.949   20.065   -5.790    2.156   -3.909   -5.790    2.156   -8.430   22.634  -12.484   26.727   13.594
 111.70   18.579   19.858   19.992   -7.011    2.315   -4.421   -7.011    2.315  -10.235   30.992  -16.232   37.026   18.226
 111.80   17.536   19.185   19.317   -7.782    2.250   -5.464   -7.782    2.250  -12.294   42.519  -17.509   47.737   23.799
 111.90   17.788   20.028   20.074   -9.204    1.357   -5.212   -9.204    1.357   -7.074   47.968  -12.493   56.859   25.035
 112.00   17.992   20.802   20.859  -10.442    1.535   -5.008  -10.442    1.535   -7.688   52.293  -16.029   68.233   27.616
 112.10   16.295   19.138   19.289  -10.036    2.413   -6.705  -10.036    2.413  -16.179   67.297  -24.216   75.756   36.664
 112.20   16.714   19.204   19.237   -9.456    1.129   -6.286   -9.456    1.129   -7.097   59.437  -10.677   65.100   30.402
 112.30   17.544   19.788   19.797   -9.153    0.611   -5.456   -9.153    0.611   -3.332   49.940   -5.589   56.959   25.181
 112.40   17.024   18.929   18.929   -8.275   -0.049   -5.976   -8.275   -0.049    0.291   49.451    0.403   52.096   24.727
 112.50   17.603   19.561   19.580   -8.531   -0.846   -5.397   -8.531   -0.846    4.568   46.045    7.221   51.315   23.416
 112.60   18.100   19.918   19.944   -8.315   -1.023   -4.900   -8.315   -1.023    5.011   40.746    8.503   47.098   20.962
 112.70   17.495   19.189   19.253   -7.882   -1.565   -5.505   -7.882   -1.565    8.613   43.392   12.334   47.442   22.963
 112.80   16.451   18.022   18.231   -7.361   -2.750   -6.549   -7.361   -2.750   18.008   48.211   20.240   52.320   27.651
 112.90   18.028   18.444   18.497   -3.892   -1.402   -4.972   -3.892   -1.402    6.968   19.347    5.455   20.913   10.638
 113.00   18.085   18.460   18.549   -3.702   -1.814   -4.915   -3.702   -1.814    8.914   18.196    6.715   20.577   10.673
 113.10   17.413   17.567   17.643   -2.321   -1.640   -5.587   -2.321   -1.640    9.161   12.966    3.805   19.644    8.163
 113.20   18.482   18.749   18.786   -3.148   -1.188   -4.518   -3.148   -1.188    5.366   14.221    3.739   15.864    7.827
 113.30   19.719   20.113   20.181   -3.961   -1.655   -3.281   -3.961   -1.655    5.431   12.994    6.556   14.595    7.767
 113.40   20.942   21.596   21.611   -5.276   -0.804   -2.058   -5.276   -0.804    1.655   10.858    4.241   16.359    5.887
 113.50   20.510   21.448   21.482   -6.274   -1.210   -2.490   -6.274   -1.210    3.012   15.621    7.589   23.511    8.813
 113.60   21.343   22.345   22.525   -6.614   -2.844   -1.657   -6.614   -2.844    4.712   10.957   18.812   27.288   11.137
 113.70   21.445   22.486   22.908   -6.761   -4.380   -1.555   -6.761   -4.380    6.810   10.510   29.613   33.654   16.076
 113.80   20.492   21.208   21.599   -5.464   -4.092   -2.508   -5.464   -4.092   10.262   13.702   22.356   26.442   14.079
 113.90   20.100   21.162   21.240   -6.618   -1.818   -2.900   -6.618   -1.818    5.272   19.190   12.033   27.757   11.628
 114.00   20.114   21.167   21.195   -6.590   -1.089   -2.886   -6.590   -1.089    3.143   19.018    7.177   26.474   10.284
 114.10   19.808   20.957   21.011   -6.844   -1.511   -3.192   -6.844   -1.511    4.823   21.846   10.340   29.655   12.323
 114.20   18.113   19.497   19.497   -7.215    0.006   -4.887   -7.215    0.006   -0.031   35.257   -0.046   37.966   17.629
 114.30   17.690   18.778   18.779   -6.299   -0.195   -5.310   -6.299   -0.195    1.037   33.447    1.229   33.954   16.743
 114.40   16.977   17.762   17.762   -5.223   -0.109   -6.023   -5.223   -0.109    0.655   31.460    0.568   31.786   15.736
 114.50   16.973   17.521   17.532   -4.349   -0.628   -6.027   -4.349   -0.628    3.785   26.211    2.731   27.817   13.312
 114.60   17.923   18.909   19.064   -6.026    2.423   -5.077   -6.026    2.423  -12.302   30.590  -14.602   33.976   18.030
 114.70   18.821   19.722   19.916   -5.891    2.777   -4.179   -5.891    2.777  -11.605   24.618  -16.359   29.940   15.877
 114.80   17.647   18.259   18.259   -4.687   -0.102   -5.353   -4.687   -0.102    0.546   25.089    0.478   25.316   12.550
 114.90   17.246   17.768   17.770   -4.272    0.315   -5.754   -4.272    0.315   -1.811   24.579   -1.345   25.726   12.341
 115.00   17.691   18.321   18.373   -4.762    1.385   -5.309   -4.762    1.385   -7.355   25.283   -6.598   26.392   13.572
 115.10   16.240   16.851   16.920   -4.499    1.527   -6.760   -4.499    1.527  -10.321   30.417   -6.869   34.139   16.423
 115.20   17.105   17.755   17.760   -4.760   -0.418   -5.895   -4.760   -0.418    2.464   28.057    1.990   28.788   14.118
 115.30   18.442   18.987   19.000   -4.516    0.685   -4.558   -4.516    0.685   -3.124   20.585   -3.095   20.821   10.525
 115.40   17.400   17.800   17.826   -3.757   -0.945   -5.600   -3.757   -0.945    5.292   21.039    3.550   23.185   10.991
 115.50   17.845   18.006   18.028   -2.399   -0.895   -5.155   -2.399   -0.895    4.612   12.366    2.146   16.564    6.686
 115.60   17.698   17.934   17.959   -2.898   -0.951   -5.302   -2.898   -0.951    5.044   15.363    2.757   18.705    8.202
 115.70   19.515   19.691   19.693   -2.623   -0.265   -3.485   -2.623   -0.265    0.924    9.140    0.695    9.546    4.606
 115.80   19.786   19.839   19.874   -1.453    1.178   -3.214   -1.453    1.178   -3.788    4.670   -1.712    6.916    3.126
 115.90   21.042   21.289   21.324   -3.232    1.220   -1.958   -3.232    1.220   -2.388    6.327   -3.942    7.883    3.914
 116.00   19.574   19.743   19.744   -2.577    0.224   -3.426   -2.577    0.224   -0.768    8.830   -0.577    9.216    4.441
 116.10   19.995   20.215   20.217   -2.972    0.290   -3.005   -2.972    0.290   -0.870    8.931   -0.860    8.973    4.507
 116.20   21.809   21.903   21.913   -2.025    0.655   -1.191   -2.025    0.655   -0.780    2.412   -1.326    2.974    1.430
 116.30   20.714   20.874   20.934   -2.580    1.585   -2.286   -2.580    1.585   -3.623    5.898   -4.089    7.197    4.020
 116.40   19.364   19.529   19.532   -2.536    0.317   -3.636   -2.536    0.317   -1.153    9.223   -0.804    9.878    4.665
 116.50   19.513   19.516   19.516   -0.326    0.122   -3.487   -0.326    0.122   -0.424    1.138   -0.040    6.140    0.608
 116.60   20.618   20.621   20.641    0.341    0.903   -2.382    0.341    0.903   -2.152   -0.812    0.308    3.303    1.160
 116.70   21.209   21.219   21.269    0.670    1.455   -1.791    0.670    1.455   -2.607   -1.201    0.976    2.889    1.516
 116.80   20.655   20.659   20.668    0.394    0.627   -2.345    0.394    0.627   -1.471   -0.924    0.247    3.024    0.877
 116.90   20.485   20.496   20.512    0.664    0.813   -2.515    0.664    0.813   -2.044   -1.670    0.540    3.712    1.347
 117.00   20.918   20.949   20.994    1.129    1.375   -2.082    1.129    1.375   -2.863   -2.351    1.553    3.750    2.008
 117.10   20.802   20.871   20.993    1.707    2.261   -2.198    1.707    2.261   -4.970   -3.752    3.858    6.428    3.663
 117.20   21.725   21.887   21.958    2.658    1.768   -1.275    2.658    1.768   -2.254   -3.389    4.700    5.909    3.109
 117.30   22.237   22.267   22.275    1.143   -0.591   -0.763    1.143   -0.591    0.450   -0.872   -0.675    1.119    0.596
 117.40   21.000   21.030   21.041   -1.127   -0.682   -2.000   -1.127   -0.682    1.363    2.253    0.768    2.867    1.372
 117.50   20.772   20.797   20.845   -1.032   -1.409   -2.228   -1.032   -1.409    3.141    2.301    1.455    4.009    2.078
 117.60   22.290   22.290   22.326    0.155   -1.267   -0.710    0.155   -1.267    0.900   -0.110   -0.197    1.066    0.464
 117.70   21.390   21.420   21.421    1.142   -0.192   -1.610    1.142   -0.192    0.309   -1.838   -0.219    1.967    0.938
 117.80   22.641   22.670   22.743    1.139    1.827   -0.359    1.139    1.827   -0.656   -0.409    2.081    2.382    1.110
 117.90   21.902   21.932   21.938    1.140    0.516   -1.098    1.140    0.516   -0.566   -1.251    0.588    1.385    0.747
 118.00   20.764   20.773   20.828   -0.598    1.515   -2.236   -0.598    1.515   -3.386    1.336   -0.905    3.825    1.876
 118.10   20.272   20.323   20.405   -1.433    1.836   -2.728   -1.433    1.836   -5.009    3.910   -2.631    6.434    3.439
 118.20   19.200   19.239   19.344   -1.231    2.013   -3.800   -1.231    2.013   -7.648    4.678   -2.477   10.003    4.651
 118.30   18.834   18.933   18.946   -1.934   -0.698   -4.166   -1.934   -0.698    2.907    8.057    1.350   10.790    4.336
 118.40   19.476   19.572   19.645   -1.936   -1.681   -3.524   -1.936   -1.681    5.924    6.822    3.255    9.495    4.802
 118.50   20.669   20.898   20.941   -3.085   -1.346   -2.331   -3.085   -1.346    3.138    7.192    4.152    8.382    4.439
 118.60   19.849   20.008   20.015   -2.517    0.553   -3.151   -2.517    0.553   -1.744    7.933   -1.393    8.287    4.121
 118.70   19.592   20.072   20.113   -4.364    1.282   -3.408   -4.364    1.282   -4.370   14.875   -5.595   16.153    8.241
 118.80   20.745   21.059   21.075   -3.624    0.826   -2.255   -3.624    0.826   -1.863    8.173   -2.993    9.452    4.451
 118.90   20.501   20.588   20.600   -1.892    0.699   -2.499   -1.892    0.699   -1.746    4.729   -1.322    5.158    2.606
 119.00   19.966   20.026   20.028   -1.546   -0.273   -3.034   -1.546   -0.273    0.830    4.691    0.423    5.835    2.391
 119.10   20.626   20.796   20.817   -2.650   -0.927   -2.374   -2.650   -0.927    2.202    6.290    2.458    6.758    3.551
 119.20   21.037   21.051   21.117   -0.779   -1.664   -1.963   -0.779   -1.664    3.268    1.529    1.296    3.616    1.917
 119.30   20.609   20.629   20.935   -0.900   -3.566   -2.391   -0.900   -3.566    8.527    2.152    3.210    9.623    4.681
 119.40   20.378   20.389   20.957   -0.658   -4.848   -2.622   -0.658   -4.848   12.711    1.724    3.189   15.406    6.609
 119.50   20.034   20.036   20.279   -0.282   -3.131   -2.966   -0.282   -3.131    9.285    0.837    0.883    9.339    4.682
 119.60   19.835   19.836   19.934   -0.162   -1.979   -3.165   -0.162   -1.979    6.264    0.512    0.320    6.981    3.147
 119.70   18.855   18.874   18.959   -0.840   -1.793   -4.145   -0.840   -1.793    7.433    3.480    1.506   10.550    4.172
 119.80   19.217   19.233   19.483   -0.775   -3.110   -3.783   -0.775   -3.110   11.765    2.933    2.411   12.292    6.181
 119.90   19.101   19.134   19.357   -1.138   -2.926   -3.899   -1.138   -2.926   11.411    4.439    3.331   12.532    6.344
 120.00   19.301   19.302   19.302    0.152   -0.100   -3.699    0.152   -0.100    0.370   -0.563   -0.015    6.858    0.337
 120.10   19.638   19.668   19.671    1.072   -0.371   -3.362    1.072   -0.371    1.248   -3.604   -0.398    6.294    1.917
 120.20   19.892   19.978   20.002    1.857    0.981   -3.108    1.857    0.981   -3.048   -5.771    1.821    7.035    3.388
 120.30   21.882   21.906   21.906    1.038   -0.008   -1.118    1.038   -0.008    0.009   -1.161   -0.008    1.164    0.580
 120.40   22.519   22.519   22.561   -0.025   -1.376   -0.481   -0.025   -1.376    0.662    0.012    0.034    1.063    0.332
 120.50   21.596   21.692   21.719   -2.042   -1.075   -1.404   -2.042   -1.075    1.510    2.866    2.195    3.648    1.957
 120.60   22.155   22.166   22.207   -0.690   -1.345   -0.845   -0.690   -1.345    1.136    0.583    0.928    1.499    0.789
 120.70   21.690   21.690   21.690   -0.010   -0.006   -1.310   -0.010   -0.006    0.008    0.013    0.000    0.859    0.008
 120.80   20.668   20.674   20.681   -0.489    0.550   -2.332   -0.489    0.550   -1.283    1.141   -0.269    2.990    0.869
 120.90   19.696   19.784   19.835   -1.864    1.415   -3.304   -1.864    1.415   -4.675    6.160   -2.638    8.197    4.085
 121.00   20.501   20.604   20.604   -2.055   -0.190   -2.499   -2.055   -0.190    0.475    5.137    0.391    5.254    2.587
 121.10   19.575   19.632   19.649   -1.501    0.798   -3.425   -1.501    0.798   -2.735    5.140   -1.198    7.310    2.972
 121.20   20.180   20.217   20.275   -1.228    1.532   -2.820   -1.228    1.532   -4.319    3.462   -1.880    5.903    2.923
 121.30   20.923   20.923   21.143   -0.011    3.042   -2.077   -0.011    3.042   -6.318    0.024   -0.035    6.783    3.159
 121.40   20.688   20.692   20.874    0.363    2.756   -2.312    0.363    2.756   -6.370   -0.840    1.001    6.534    3.251
 121.50   20.396   20.406   20.592   -0.631    2.762   -2.604   -0.631    2.762   -7.193    1.644   -1.743    7.404    3.791
 121.60   20.437   20.437   20.734    0.069    3.497   -2.563    0.069    3.497   -8.964   -0.177    0.242    9.402    4.484
 121.70   19.956   19.979   20.276   -0.963    3.458   -3.044   -0.963    3.458  -10.525    2.931   -3.329   11.074    5.711
 121.80   20.862   20.867   21.078   -0.437    2.974   -2.138   -0.437    2.974   -6.357    0.935   -1.300    6.802    3.278
 121.90   20.484   20.501   20.693   -0.825    2.811   -2.516   -0.825    2.811   -7.073    2.076   -2.320    7.457    3.864
 122.00   19.020   19.072   19.175   -1.404    1.985   -3.980   -1.404    1.985   -7.902    5.588   -2.788   10.877    5.036
 122.10   20.315   20.446   20.516   -2.314    1.692   -2.685   -2.314    1.692   -4.542    6.214   -3.915    7.714    4.318
 122.20   19.599   19.600   19.653   -0.190    1.439   -3.401   -0.190    1.439   -4.895    0.647   -0.274    6.838    2.473
 122.30   19.269   19.291   19.431    0.910    2.335   -3.731    0.910    2.335   -8.711   -3.396    2.125   10.100    4.794
 122.40   18.893   18.936   18.967    1.284    1.085   -4.107    1.284    1.085   -4.457   -5.274    1.393    9.848    3.522
 122.50   19.517   19.604   19.614    1.845   -0.627   -3.483    1.845   -0.627    2.185   -6.427   -1.157    7.966    3.443
 122.60   18.866   19.002   19.030    2.273   -1.024   -4.134    2.273   -1.024    4.234   -9.398   -2.328   11.655    5.284
 122.70   20.246   20.759   20.779    4.584   -0.925   -2.754    4.584   -0.925    2.547  -12.622   -4.240   14.725    6.778
 122.80   19.455   19.938   20.005    4.362   -1.639   -3.545    4.362   -1.639    5.810  -15.464   -7.147   17.140    9.000
 122.90   18.069   18.582   18.584    4.335   -0.241   -4.931    4.335   -0.241    1.188  -21.375   -1.045   21.582   10.717
 123.00   17.606   17.946   17.948    3.479    0.233   -5.394    3.479    0.233   -1.258  -18.768    0.811   20.629    9.414
 123.10   16.293   16.708   16.711    3.699    0.334   -6.707    3.699    0.334   -2.237  -24.813    1.234   29.391   12.472
 123.20   16.969   17.005   17.005    1.096    0.153   -6.031    1.096    0.153   -0.924   -6.612    0.168   18.797    3.339
 123.30   16.133   16.157   16.190    0.890   -1.029   -6.867    0.890   -1.029    7.065   -6.110   -0.915   24.505    4.693
 123.40   17.028   17.028   17.114   -0.005   -1.712   -5.972   -0.005   -1.712   10.225    0.029    0.008   19.296    5.113
 123.50   16.799   16.823   16.828   -0.893   -0.430   -6.201   -0.893   -0.430    2.666    5.540    0.384   19.719    3.080
 123.60   17.531   17.710   17.745   -2.508   -1.127   -5.469   -2.508   -1.127    6.164   13.714    2.827   18.733    7.649
 123.70   18.540   18.558   18.575   -0.815   -0.806   -4.460   -0.815   -0.806    3.594    3.633    0.656   10.604    2.576
 123.80   18.358   18.364   18.369   -0.477    0.449   -4.642   -0.477    0.449   -2.083    2.213   -0.214   10.990    1.523
 123.90   18.729   18.881   18.909   -2.391    1.020   -4.271   -2.391    1.020   -4.356   10.213   -2.439   12.499    5.684
 124.00   18.015   18.158   18.204   -2.268    1.295   -4.985   -2.268    1.295   -6.456   11.304   -2.937   15.834    6.673
 124.10   17.698   17.935   17.936   -2.907   -0.215   -5.302   -2.907   -0.215    1.139   15.414    0.624   18.306    7.734
 124.20   18.074   18.109   18.112   -1.128   -0.339   -4.926   -1.128   -0.339    1.668    5.557    0.382   12.827    2.907
 124.30   17.980   18.161   18.227   -2.555   -1.555   -5.020   -2.555   -1.555    7.807   12.828    3.974   17.074    7.767
 124.40   19.249   19.320   19.386   -1.648   -1.599   -3.751   -1.648   -1.599    5.996    6.182    2.635    9.670    4.503
 124.50   19.628   19.645   19.688    0.808   -1.310   -3.372    0.808   -1.310    4.418   -2.724   -1.058    6.869    2.648
 124.60   19.511   19.524   19.677    0.712   -2.442   -3.489    0.712   -2.442    8.520   -2.483   -1.739    9.321    4.522
 124.70   21.498   21.529   21.620    1.142   -1.979   -1.502    1.142   -1.979    2.972   -1.714   -2.260    3.738    2.054
 124.80   21.313   21.315   21.383    0.336   -1.697   -1.687    0.336   -1.697    2.864   -0.566   -0.570    2.921    1.487
 124.90   20.858   20.871   20.964    0.728   -1.971   -2.142    0.728   -1.971    4.222   -1.558   -1.434    4.502    2.362
 125.00   20.998   21.010   21.094    0.713   -1.879   -2.002    0.713   -1.879    3.761   -1.427   -1.340    4.023    2.120
 125.10   21.358   21.424   21.595    1.678   -2.712   -1.642    1.678   -2.712    4.452   -2.755   -4.551    6.433    3.469
 125.20   21.302   21.543   21.797    3.216   -3.318   -1.698    3.216   -3.318    5.635   -5.462  -10.673   12.120    6.624
 125.30   21.290   21.551   21.650    3.348   -2.059   -1.710    3.348   -2.059    3.522   -5.726   -6.895    9.187    4.815
 125.40   21.316   21.375   21.395    1.580   -0.915   -1.684    1.580   -0.915    1.541   -2.661   -1.446    3.085    1.699
 125.50   21.370   21.373   21.373    0.348   -0.121   -1.630    0.348   -0.121    0.197   -0.567   -0.042    1.397    0.301
 125.60   21.299   21.302   21.310    0.347   -0.597   -1.701    0.347   -0.597    1.016   -0.590   -0.207    1.685    0.596
 125.70   20.834   20.865   20.913    1.140   -1.421   -2.166    1.140   -1.421    3.078   -2.469   -1.620    4.005    2.133
 125.80   20.413   20.418   20.423    0.462   -0.479   -2.587    0.462   -0.479    1.239   -1.194   -0.221    3.569    0.868
 125.90   19.289   19.324   19.325    1.162   -0.231   -3.711    1.162   -0.231    0.857   -4.314   -0.269    7.588    2.203
 126.00   20.852   20.876   20.881    1.004   -0.439   -2.148    1.004   -0.439    0.943   -2.158   -0.441    2.908    1.198
 126.10   21.572   21.603   21.679   -1.159   -1.812   -1.428   -1.159   -1.812    2.587    1.656    2.100    3.333    1.861
 126.20   21.105   21.147   21.197   -1.336   -1.452   -1.895   -1.336   -1.452    2.752    2.531    1.940    3.741    2.106
 126.30   22.323   22.381   22.423   -1.599   -1.382   -0.677   -1.599   -1.382    0.935    1.082    2.210    2.462    1.316
 126.40   21.201   21.237   21.415   -1.238   -2.752   -1.799   -1.238   -2.752    4.952    2.227    3.407    6.172    3.205
 126.50   21.670   21.765   21.816   -2.026   -1.493   -1.330   -2.026   -1.493    1.986    2.694    3.025    4.051    2.255
 126.60   22.333   22.356   22.383   -1.003   -1.102   -0.667   -1.003   -1.102    0.735    0.669    1.105    1.332    0.743
 126.70   21.817   22.014   22.030   -2.941   -0.848   -1.183   -2.941   -0.848    1.003    3.479    2.493    5.383    2.198
 126.80   22.558   22.671   22.678   -2.257    0.557   -0.442   -2.257    0.557   -0.246    0.997   -1.258    2.799    0.812
 126.90   20.832   20.998   21.014   -2.638   -0.809   -2.168   -2.638   -0.809    1.754    5.719    2.134    6.157    3.176
 127.00   19.714   19.933   20.043   -2.947   -2.096   -3.286   -2.947   -2.096    6.885    9.682    6.175   11.935    6.695
 127.10   18.199   18.504   18.509   -3.345   -0.417   -4.801   -3.345   -0.417    2.000   16.058    1.394   17.205    8.121
 127.20   17.157   17.613   17.618   -3.984   -0.407   -5.843   -3.984   -0.407    2.379   23.277    1.622   25.089   11.727
 127.30   18.139   18.465   18.489   -3.451   -0.949   -4.861   -3.451   -0.949    4.614   16.774    3.276   18.218    8.851
 127.40   18.238   18.422   18.447   -2.597   -0.963   -4.762   -2.597   -0.963    4.586   12.366    2.501   15.175    6.712
 127.50   18.530   18.568   18.702   -1.182   -2.234   -4.470   -1.182   -2.234    9.986    5.285    2.642   13.185    5.802
 127.60   18.667   18.975   19.046   -3.404   -1.646   -4.333   -3.404   -1.646    7.133   14.750    5.604   16.536    8.658
 127.70   18.194   18.820   18.895   -4.813   -1.684   -4.806   -4.813   -1.684    8.093   23.133    8.105   24.551   12.907
 127.80   20.066   20.226   20.300   -2.543   -1.732   -2.934   -2.543   -1.732    5.081    7.462    4.404    9.038    5.022
 127.90   18.549   18.555   18.555   -0.465    0.008   -4.451   -0.465    0.008   -0.037    2.070   -0.004   10.015    1.035
 128.00   18.473   18.650   18.652   -2.567    0.262   -4.527   -2.567    0.262   -1.187   11.623   -0.673   13.579    5.852
 128.10   18.215   18.480   18.487   -3.119    0.536   -4.785   -3.119    0.536   -2.564   14.924   -1.671   16.457    7.617
 128.20   17.826   18.098   18.100   -3.126    0.292   -5.174   -3.126    0.292   -1.513   16.177   -0.914   18.317    8.137
 128.30   17.102   17.314   17.314   -2.706   -0.011   -5.898   -2.706   -0.011    0.066   15.958    0.030   21.054    7.979
 128.40   17.118   17.236   17.384   -2.017   -2.259   -5.882   -2.017   -2.259   13.288   11.862    4.556   21.885    9.193
 128.50   18.033   18.043   18.043   -0.601    0.065   -4.967   -0.601    0.065   -0.321    2.987   -0.039   12.519    1.502
 128.60   18.173   18.312   18.404   -2.259    1.832   -4.827   -2.259    1.832   -8.844   10.903   -4.138   15.881    7.318
 128.70   16.983   17.186   17.191   -2.636    0.401   -6.017   -2.636    0.401   -2.412   15.861   -1.057   21.659    8.039
 128.80   16.515   16.618   16.747   -1.846    2.080   -6.485   -1.846    2.080  -13.491   11.970   -3.840   24.896    9.220
 128.90   18.676   19.022   19.367   -3.612    3.639   -4.324   -3.612    3.639  -15.737   15.616  -13.144   22.493   12.887
 129.00   19.727   19.915   19.981   -2.727    1.619   -3.273   -2.727    1.619   -5.298    8.923   -4.414   10.383    5.639
 129.10   19.106   19.595   19.635   -4.351    1.247   -3.894   -4.351    1.247   -4.857   16.941   -5.427   17.823    9.220
 129.20   19.120   20.037   20.072   -5.992    1.174   -3.880   -5.992    1.174   -4.554   23.247   -7.033   26.167   12.355
 129.30   18.263   18.754   18.771   -4.261    0.799   -4.737   -4.261    0.799   -3.783   20.185   -3.404   20.617   10.408
 129.40   20.252   20.537   20.651   -3.405    2.171   -2.748   -3.405    2.171   -5.966    9.355   -7.393   11.928    6.666
 129.50   21.263   21.886   21.917   -5.187    1.159   -1.737   -5.187    1.159   -2.013    9.012   -6.011   15.634    5.509
 129.60   19.764   20.028   20.028   -3.245   -0.104   -3.236   -3.245   -0.104    0.336   10.503    0.337   10.508    5.257
 129.70   20.441   20.610   20.670   -2.632    1.570   -2.559   -2.632    1.570   -4.017    6.736   -4.132    7.970    4.432
 129.80   21.093   21.195   21.204   -2.074   -0.636   -1.907   -2.074   -0.636    1.213    3.954    1.319    4.170    2.170
 129.90   20.908   21.290   21.381   -4.014   -1.972   -2.092   -4.014   -1.972    4.124    8.396    7.913   12.186    6.126
 130.00   20.364   20.701   20.748   -3.719   -1.399   -2.636   -3.719   -1.399    3.689    9.805    5.204   11.371    5.849
 130.10   19.357   19.772   19.799   -4.029   -1.024   -3.643   -4.029   -1.024    3.729   14.675    4.124   15.273    7.846
 130.20   18.188   18.557   18.571   -3.685   -0.727   -4.812   -3.685   -0.727    3.498   17.735    2.679   18.634    9.137
 130.30   17.800   18.015   18.069   -2.773   -1.400   -5.200   -2.773   -1.400    7.280   14.421    3.883   18.345    8.307
 130.40   17.635   17.718   17.742   -1.721   -0.916   -5.365   -1.721   -0.916    4.917    9.232    1.577   16.294    5.289
 130.50   17.494   17.586   17.598   -1.801    0.630   -5.506   -1.801    0.630   -3.471    9.918   -1.135   16.979    5.284
 130.60   18.981   18.992   19.000   -0.648   -0.571   -4.019   -0.648   -0.571    2.297    2.606    0.371    8.451    1.747
 130.70   18.105   18.110   18.120    0.396   -0.631   -4.895    0.396   -0.631    3.086   -1.937   -0.250   12.257    1.826
 130.80   18.005   18.005   18.023    0.058   -0.802   -4.995    0.058   -0.802    4.004   -0.290   -0.047   12.798    2.008
 130.90   18.664   18.680   18.758    0.786   -1.706   -4.336    0.786   -1.706    7.398   -3.406   -1.340   11.166    4.127
 131.00   19.353   19.387   19.400    1.142   -0.722   -3.647    1.142   -0.722    2.634   -4.166   -0.825    7.563    2.499
 131.10   18.604   18.617   18.630    0.701   -0.692   -4.396    0.701   -0.692    3.041   -3.083   -0.485   10.149    2.179
 131.20   16.702   16.746   16.765    1.213   -0.796   -6.298    1.213   -0.796    5.016   -7.636   -0.966   20.883    4.594
 131.30   16.182   16.280   16.344    1.783   -1.451   -6.818    1.783   -1.451    9.893  -12.156   -2.587   25.886    7.943
 131.40   15.712   15.717   15.727    0.406   -0.558   -7.288    0.406   -0.558    4.069   -2.958   -0.227   26.794    2.518
 131.50   16.428   16.441   16.583   -0.646   -2.167   -6.572   -0.646   -2.167   14.242    4.245    1.400   24.153    7.463
 131.60   16.440   16.542   16.567   -1.841   -0.897   -6.560   -1.841   -0.897    5.885   12.076    1.651   23.616    6.767
 131.70   17.293   17.397   17.427   -1.896   -1.021   -5.707   -1.896   -1.021    5.829   10.822    1.937   18.602    6.222
 131.80   17.443   17.524   17.545   -1.684   -0.860   -5.557   -1.684   -0.860    4.777    9.359    1.448   17.227    5.303
 131.90   16.607   16.900   16.940   -3.134   -1.157   -6.393   -3.134   -1.157    7.395   20.037    3.625   26.017   10.832
 132.00   17.347   17.373   17.505   -0.934   -2.146   -5.653   -0.934   -2.146   12.131    5.278    2.004   18.714    6.690
 132.10   17.646   17.707   17.891    1.474   -2.558   -5.354    1.474   -2.558   13.694   -7.892   -3.770   18.690    8.125
 132.20   17.316   17.323   17.545    0.506   -2.785   -5.684    0.506   -2.785   15.829   -2.876   -1.409   20.161    8.075
 132.30   15.929   15.930   16.294    0.129   -3.427   -7.071    0.129   -3.427   24.233   -0.911   -0.442   30.880   12.127
 132.40   16.785   16.786   17.555   -0.135   -5.139   -6.215   -0.135   -5.139   31.940    0.839    0.694   32.527   15.979
 132.50   15.244   15.257   15.716    0.616   -3.773   -7.756    0.616   -3.773   29.261   -4.776   -2.323   37.382   14.869
 132.60   15.143   15.175   15.437   -0.982   -2.835   -7.857   -0.982   -2.835   22.275    7.716    2.784   35.368   11.869
 132.70   14.839   14.884   15.077   -1.146   -2.405   -8.161   -1.146   -2.405   19.627    9.353    2.757   36.847   10.958
 132.80   13.740   13.746   13.997   -0.405   -2.636   -9.260   -0.405   -2.636   24.404    3.747    1.066   46.425   12.357
 132.90   13.504   13.513   13.573   -0.503   -1.271   -9.496   -0.503   -1.271   12.065    4.781    0.640   46.020    6.497
 133.00   13.479   13.480   13.607   -0.057   -1.856   -9.521   -0.057   -1.856   17.670    0.544    0.106   47.044    8.840
 133.10   13.972   13.978   14.064   -0.399   -1.558   -9.028   -0.399   -1.558   14.066    3.601    0.621   42.045    7.266
 133.20   13.760   13.761   13.761    0.137    0.122   -9.240    0.137    0.122   -1.131   -1.270    0.017   42.707    0.850
 133.30   13.578   13.580   13.654   -0.215    1.424   -9.422   -0.215    1.424  -13.413    2.025   -0.306   45.424    6.784
 133.40   14.674   14.722   14.732    1.186    0.536   -8.326    1.186    0.536   -4.459   -9.871    0.635   35.503    5.425
 133.50   14.332   14.363   14.376    0.936   -0.619   -8.668    0.936   -0.619    5.368   -8.116   -0.580   38.194    4.874
 133.60   15.483   15.508   15.518    0.888   -0.544   -7.517    0.888   -0.544    4.089   -6.677   -0.483   28.796    3.922
 133.70   14.356   14.422   14.423    1.376   -0.116   -8.644    1.376   -0.116    1.006  -11.893   -0.160   38.310    5.968
 133.80   14.313   14.378   14.395    1.370    0.692   -8.687    1.370    0.692   -6.009  -11.904    0.948   38.913    6.684
 133.90   14.473   14.687   14.692    2.501    0.353   -8.527    2.501    0.353   -3.008  -21.327    0.882   39.545   10.778
 134.00   14.677   14.995   14.996    3.069    0.219   -8.323    3.069    0.219   -1.824  -25.545    0.672   39.368   12.809
 134.10   15.316   15.470   15.470    2.172   -0.140   -7.684    2.172   -0.140    1.073  -16.691   -0.303   31.889    8.364
 134.20   15.753   15.770   15.798    0.746    0.944   -7.247    0.746    0.944   -6.845   -5.404    0.704   26.986    4.375
 134.30   16.835   16.876   17.041    1.174   -2.363   -6.165    1.174   -2.363   14.566   -7.237   -2.774   22.481    8.250
 134.40   16.765   16.786   17.071    0.831   -3.108   -6.235    0.831   -3.108   19.380   -5.183   -2.584   24.613   10.113
 134.50   15.679   15.687   15.736    0.504   -1.238   -7.321    0.504   -1.238    9.061   -3.689   -0.624   27.692    4.902
 134.60   14.883   14.885   15.027    0.270   -2.062   -8.117    0.270   -2.062   16.736   -2.188   -0.556   35.107    8.444
 134.70   14.834   14.859   14.870    0.865   -0.572   -8.166    0.865   -0.572    4.674   -7.060   -0.495   33.880    4.241
 134.80   13.474   13.477   13.477   -0.287   -0.005   -9.526   -0.287   -0.005    0.049    2.736    0.001   45.415    1.368
 134.90   14.041   14.175   14.207   -1.944   -0.953   -8.959   -1.944   -0.953    8.537   17.418    1.852   42.479    9.743
 135.00   15.006   15.102   15.115   -1.705   -0.628   -7.994   -1.705   -0.628    5.022   13.630    1.071   33.606    7.283
 135.10   15.154   15.155   15.155    0.147    0.007   -7.846    0.147    0.007   -0.057   -1.154    0.001   30.788    0.577
 135.20   13.665   13.720   13.728    1.226    0.489   -9.335    1.226    0.489   -4.568  -11.443    0.600   44.445    6.168
 135.30   14.221   14.229   14.243    0.448   -0.647   -8.779    0.448   -0.647    5.677   -3.937   -0.290   38.841    3.457
 135.40   13.217   13.412   13.481   -2.281    1.364   -9.783   -2.281    1.364  -13.343   22.315   -3.111   51.388   13.093
 135.50   14.620   14.658   14.701   -1.051    1.117   -8.380   -1.051    1.117   -9.362    8.807   -1.174   36.285    6.453
 135.60   14.452   14.453   14.591   -0.236    2.002   -8.548   -0.236    2.002  -17.112    2.021   -0.473   38.570    8.619
 135.70   13.779   13.779   13.791    0.004   -0.570   -9.221    0.004   -0.570    5.254   -0.039   -0.002   42.676    2.627
 135.80   14.305   14.400   14.401   -1.648   -0.189   -8.695   -1.648   -0.189    1.644   14.332    0.312   39.177    7.215
 135.90   13.628   13.646   13.651   -0.709    0.369   -9.372   -0.709    0.369   -3.456    6.647   -0.262   44.237    3.748
 136.00   14.229   14.310   14.338   -1.515    0.904   -8.771   -1.515    0.904   -7.932   13.288   -1.370   40.019    7.768
 136.10   13.421   13.435   13.437   -0.611   -0.254   -9.579   -0.611   -0.254    2.431    5.849    0.155   46.100    3.168
 136.20   13.148   13.161   13.162    0.564    0.180   -9.852    0.564    0.180   -1.770   -5.555    0.101   48.702    2.915
 136.30   14.033   14.081   14.105    1.155   -0.832   -8.967    1.155   -0.832    7.463  -10.354   -0.961   41.213    6.400
 136.40   15.853   16.037   16.060    2.425   -0.857   -7.147    2.425   -0.857    6.122  -17.332   -2.077   28.849    9.249
 136.50   16.745   16.782   16.809    1.116   -0.939   -6.255    1.116   -0.939    5.874   -6.978   -1.048   20.625    4.591
 136.60   17.659   17.722   17.843   -1.495   -2.075   -5.341   -1.495   -2.075   11.084    7.988    3.103   17.536    7.005
 136.70   16.735   16.751   16.778   -0.729   -0.949   -6.265   -0.729   -0.949    5.948    4.565    0.692   20.340    3.765
 136.80   17.179   17.334   17.471   -2.318   -2.181   -5.821   -2.318   -2.181   12.695   13.494    5.055   22.009    9.602
 136.90   18.369   18.628   18.701   -3.095   -1.652   -4.631   -3.095   -1.652    7.648   14.331    5.111   16.874    8.514
 137.00   17.796   18.144   18.161   -3.537   -0.785   -5.204   -3.537   -0.785    4.085   18.409    2.776   20.106    9.530
 137.10   18.015   18.555   18.617   -4.446   -1.512   -4.985   -4.446   -1.512    7.536   22.161    6.721   23.449   12.177
 137.20   17.524   17.767   17.930   -2.926   -2.410   -5.476   -2.926   -2.410   13.197   16.024    7.053   22.178   10.962
 137.30   17.611   17.805   17.901   -2.620   -1.855   -5.389   -2.620   -1.855    9.995   14.122    4.860   19.675    8.985
 137.40   17.165   17.412   17.505   -2.926   -1.803   -5.835   -2.926   -1.803   10.519   17.073    5.274   22.930   10.367
 137.50   16.827   16.897   16.913   -1.528   -0.746   -6.173   -1.528   -0.746    4.608    9.433    1.141   20.497    5.280
 137.60   16.403   16.404   16.422    0.230   -0.764   -6.597    0.230   -0.764    5.041   -1.518   -0.176   22.080    2.634
 137.70   17.002   17.006   17.011   -0.380    0.423   -5.998   -0.380    0.423   -2.537    2.277   -0.161   18.150    1.706
 137.80   17.863   17.959   18.043   -1.854   -1.744   -5.137   -1.854   -1.744    8.959    9.524    3.233   16.435    6.735
 137.90   18.570   18.626   18.683   -1.453   -1.454   -4.430   -1.453   -1.454    6.440    6.436    2.112   11.926    4.673
 138.00   18.661   18.676   18.719   -0.746   -1.272   -4.339   -0.746   -1.272    5.519    3.236    0.949   10.502    3.234
 138.10   17.268   17.271   17.273    0.304    0.298   -5.732    0.304    0.298   -1.709   -1.744    0.091   16.519    1.222
 138.20   16.771   16.826   16.844   -1.360    0.793   -6.229   -1.360    0.793   -4.939    8.472   -1.078   20.642    4.933
 138.30   17.392   17.428   17.430   -1.121   -0.260   -5.608   -1.121   -0.260    1.457    6.289    0.291   16.386    3.231
 138.40   17.185   17.195   17.211   -0.603    0.746   -5.815   -0.603    0.746   -4.336    3.506   -0.450   17.369    2.797
 138.50   15.992   15.992   15.994   -0.063    0.253   -7.008   -0.063    0.253   -1.773    0.444   -0.016   24.589    0.914
 138.60   17.375   17.401   17.420   -0.949   -0.818   -5.625   -0.949   -0.818    4.599    5.337    0.776   16.606    3.544
 138.70   16.218   16.219   16.254    0.173   -1.065   -6.782    0.173   -1.065    7.226   -1.174   -0.184   23.580    3.662
 138.80   16.194   16.194   16.214   -0.125    0.796   -6.806   -0.125    0.796   -5.420    0.851   -0.100   23.486    2.744
 138.90   16.324   16.334   16.337   -0.566   -0.302   -6.676   -0.566   -0.302    2.014    3.777    0.171   22.490    2.142
 139.00   17.122   17.216   17.228   -1.792   -0.636   -5.878   -1.792   -0.636    3.736   10.534    1.139   19.082    5.618
 139.10   16.712   16.724   16.764   -0.636   -1.157   -6.288   -0.636   -1.157    7.273    3.998    0.735   20.642    4.166
 139.20   16.266   16.370   16.545   -1.840   -2.398   -6.734   -1.840   -2.398   16.146   12.388    4.411   27.238   10.412
 139.30   17.729   17.810   18.056   -1.690   -2.975   -5.271   -1.690   -2.975   15.681    8.907    5.028   19.744    9.361
 139.40   16.771   16.828   17.082   -1.377   -2.935   -6.229   -1.377   -2.935   18.284    8.578    4.043   24.655   10.299
 139.50   17.595   17.607   17.610   -0.651   -0.346   -5.405   -0.651   -0.346    1.870    3.521    0.225   14.881    1.997
 139.60   18.464   18.464   18.465   -0.058   -0.198   -4.536   -0.058   -0.198    0.900    0.264    0.012   10.311    0.469
 139.70   19.167   19.176   19.219   -0.597   -1.290   -3.833   -0.597   -1.290    4.944    2.288    0.770    8.357    2.751
 139.80   22.081   22.137   22.177   -1.581   -1.334   -0.919   -1.581   -1.334    1.226    1.453    2.108    2.561    1.419
 139.90   20.509   20.509   20.510   -0.190   -0.075   -2.491   -0.190   -0.075    0.188    0.473    0.014    3.124    0.254
 140.00   20.074   20.074   20.102    0.170    1.053   -2.926    0.170    1.053   -3.082   -0.498    0.179    4.851    1.564
 140.10   18.783   18.783   18.795    0.066    0.675   -4.217    0.066    0.675   -2.845   -0.278    0.044    9.121    1.430
 140.20   18.349   18.440   18.462    1.834    0.903   -4.651    1.834    0.903   -4.200   -8.530    1.656   12.906    4.826
 140.30   18.276   18.348   18.493    1.613    2.316   -4.724    1.613    2.316  -10.940   -7.618    3.735   15.138    6.922
 140.40   17.000   17.166   17.368   -2.383    2.640   -6.000   -2.383    2.640  -15.843   14.300   -6.292   24.327   11.125
 140.50   16.955   17.062   17.070   -1.914    0.493   -6.045   -1.914    0.493   -2.982   11.570   -0.944   20.226    5.993
 140.60   17.665   17.809   17.854   -2.255   -1.274   -5.335   -2.255   -1.274    6.799   12.030    2.874   17.584    7.057
 140.70   17.253   17.313   17.313   -1.439    0.026   -5.747   -1.439    0.026   -0.148    8.272   -0.037   17.551    4.137
 140.80   17.056   17.132   17.146   -1.608    0.703   -5.944   -1.608    0.703   -4.178    9.555   -1.130   19.203    5.245
 140.90   16.298   16.472   16.485   -2.391    0.648   -6.702   -2.391    0.648   -4.344   16.022   -1.549   25.527    8.336
 141.00   17.043   17.352   17.405   -3.259    1.355   -5.957   -3.259    1.355   -8.070   19.410   -4.415   23.968   10.740
 141.10   16.861   17.391   17.409   -4.261    0.785   -6.139   -4.261    0.785   -4.817   26.157   -3.344   28.228   13.403
 141.20   17.450   17.725   17.820   -3.108    1.840   -5.550   -3.108    1.840  -10.211   17.250   -5.719   21.922   10.423
 141.30   18.097   18.356   18.499   -3.073    2.297   -4.903   -3.073    2.297  -11.263   15.068   -7.060   19.380   10.047
 141.40   19.148   19.386   19.450   -3.026    1.576   -3.852   -3.026    1.576   -6.070   11.656   -4.769   13.238    6.990
 141.50   17.354   17.695   17.749   -3.459    1.386   -5.646   -3.459    1.386   -7.825   19.531   -4.794   22.883   10.790
 141.60   16.413   16.594   16.670   -2.440    1.593   -6.587   -2.440    1.593  -10.490   16.068   -3.885   25.935    9.789
 141.70   17.536   17.617   17.641   -1.685    0.924   -5.464   -1.685    0.924   -5.050    9.206   -1.557   16.774    5.307
 141.80   17.572   17.662   17.703   -1.782    1.205   -5.428   -1.782    1.205   -6.540    9.671   -2.146   17.046    5.935
 141.90   18.294   18.336   18.399   -1.242    1.523   -4.706   -1.242    1.523   -7.166    5.845   -1.891   13.005    4.720
 142.00   16.964   16.965   17.043   -0.206    1.631   -6.036   -0.206    1.631   -9.843    1.244   -0.336   19.569    4.964
 142.10   17.955   17.970   18.001    0.741    1.048   -5.045    0.741    1.048   -5.286   -3.740    0.777   13.550    3.261
 142.20   18.145   18.185   18.236    1.203    1.355   -4.855    1.203    1.355   -6.581   -5.839    1.630   13.426    4.474
 142.30   17.510   17.563   17.567    1.354    0.394   -5.490    1.354    0.394   -2.163   -7.431    0.533   16.062    3.879
 142.40   17.038   17.038   17.080   -0.104   -1.200   -5.962   -0.104   -1.200    7.154    0.620    0.125   18.500    3.591
 142.50   19.304   19.325   19.328   -0.920   -0.312   -3.696   -0.920   -0.312    1.155    3.401    0.287    7.304    1.801
 142.60   19.450   19.534   19.549   -1.807   -0.765   -3.550   -1.807   -0.765    2.717    6.414    1.383    8.225    3.551
 142.70   21.591   21.659   21.659   -1.710    0.049   -1.409   -1.710    0.049   -0.069    2.410   -0.084    2.456    1.206
 142.80   23.420   23.421   23.426    0.136   -0.479    0.420    0.136   -0.479   -0.201    0.057   -0.065    0.212    0.110
 142.90   24.557   24.558   24.693    0.292   -2.580    1.557    0.292   -2.580   -4.015    0.455   -0.754    4.581    2.055
 143.00   24.995   25.013   25.091   -0.930   -1.982    1.995   -0.930   -1.982   -3.956   -1.857    1.844    4.388    2.371
 143.10   24.449   24.595   24.604   -2.680   -0.673    1.449   -2.680   -0.673   -0.974   -3.883    1.803    4.867    2.195
 143.20   24.508   24.557   24.610   -1.540   -1.625    1.508   -1.540   -1.625   -2.451   -2.323    2.502    3.643    2.101
 143.30   23.798   23.928   24.195   -2.493   -3.584    0.798   -2.493   -3.584   -2.859   -1.989    8.935    9.848    4.795
 143.40   24.887   25.185   25.331   -3.863   -2.716    1.887   -3.863   -2.716   -5.123   -7.289   10.492   12.930    6.882
 143.50   25.406   25.543   25.735   -2.640   -3.132    2.406   -2.640   -3.132   -7.538   -6.352    8.268   11.285    6.433
 143.60   25.235   25.445   25.469   -3.257   -1.103    2.235   -3.257   -1.103   -2.466   -7.282    3.593    8.412    4.243
 143.70   25.714   25.861   25.863   -2.753   -0.306    2.714   -2.753   -0.306   -0.830   -7.472    0.842    7.519    3.782
 143.80   26.249   26.566   26.638   -4.090   -1.959    3.249   -4.090   -1.959   -6.363  -13.289    8.010   15.560    8.385
 143.90   25.746   25.983   26.024   -3.501   -1.470    2.746   -3.501   -1.470   -4.038   -9.612    5.148   10.978    5.814
 144.00   23.843   23.994   24.075   -2.692   -1.966    0.843   -2.692   -1.966   -1.656   -2.269    5.291    5.910    2.995
 144.10   23.286   23.340   23.416   -1.587   -1.885    0.286   -1.587   -1.885   -0.539   -0.453    2.992    3.077    1.537
 144.20   23.425   23.467   23.519   -1.401   -1.564    0.425   -1.401   -1.564   -0.665   -0.596    2.191    2.294    1.183
 144.30   24.065   24.098   24.212   -1.265   -2.347    1.065   -1.265   -2.347   -2.499   -1.347    2.967    4.120    2.053
 144.40   24.260   24.379   24.416   -2.403   -1.340    1.260   -2.403   -1.340   -1.688   -3.029    3.220    4.579    2.366
 144.50   23.426   23.589   23.604   -2.762   -0.841    0.426   -2.762   -0.841   -0.359   -1.178    2.322    4.258    1.314
 144.60   21.924   22.176   22.221   -3.334   -1.417   -1.076   -3.334   -1.417    1.525    3.587    4.724    7.140    3.062
 144.70   22.563   22.727   22.740   -2.726   -0.749   -0.437   -2.726   -0.749    0.327    1.190    2.043    4.091    1.194
 144.80   22.048   22.328   22.436   -3.528   -2.199   -0.952   -3.528   -2.199    2.095    3.360    7.758    9.094    4.355
 144.90   20.723   21.090   21.234   -3.916   -2.464   -2.277   -3.916   -2.464    5.609    8.914    9.647   13.292    7.141
 145.00   20.443   20.590   20.603   -2.457   -0.721   -2.557   -2.457   -0.721    1.843    6.282    1.771    6.547    3.391
 145.10   20.718   20.932   20.978   -2.980   -1.397   -2.282   -2.980   -1.397    3.188    6.799    4.163    8.019    4.293
 145.20   21.335   21.510   21.638   -2.736   -2.351   -1.665   -2.736   -2.351    3.914    4.555    6.432    7.893    4.400
 145.30   21.937   22.060   22.380   -2.324   -3.772   -1.063   -2.324   -3.772    4.011    2.471    8.767   10.380    4.976
 145.40   21.818   21.966   22.338   -2.544   -4.063   -1.182   -2.544   -4.063    4.803    3.006   10.335   12.188    5.893
 145.50   21.473   21.498   21.877   -1.022   -4.056   -1.527   -1.022   -4.056    6.193    1.560    4.145    9.914    3.807
 145.60   19.762   19.808   20.173    1.346   -3.822   -3.238    1.346   -3.822   12.374   -4.357   -5.143   13.450    7.046
 145.70   20.002   20.054   20.202    1.433   -2.443   -2.998    1.433   -2.443    7.324   -4.296   -3.502    8.504    4.592
 145.80   21.104   21.109   21.288    0.467   -2.749   -1.896    0.467   -2.749    5.212   -0.885   -1.283    5.686    2.720
 145.90   20.384   20.400   20.640   -0.798   -3.140   -2.616   -0.798   -3.140    8.214    2.088    2.506    8.670    4.419
 146.00   20.204   20.204   20.305   -0.160   -2.021   -2.796   -0.160   -2.021    5.651    0.448    0.324    5.964    2.839
 146.10   20.285   20.308   20.417    0.966   -2.111   -2.715    0.966   -2.111    5.733   -2.622   -2.039    6.381    3.313
 146.20   19.108   19.292   19.419   -2.655   -2.220   -3.892   -2.655   -2.220    8.640   10.335    5.895   13.563    7.352
 146.30   18.288   18.535   18.855   -3.012   -3.458   -4.712   -3.012   -3.458   16.294   14.192   10.417   21.616   11.994
 146.40   18.079   18.155   18.519   -1.651   -3.654   -4.921   -1.651   -3.654   17.980    8.126    6.034   20.146   10.316
 146.50   17.898   17.901   18.199    0.354   -3.279   -5.102    0.354   -3.279   16.731   -1.805   -1.160   18.455    8.434
 146.60   19.128   19.207   19.324    1.732   -2.128   -3.872    1.732   -2.128    8.240   -6.707   -3.687   11.260    5.623
 146.70   18.188   18.247   18.330    1.462   -1.743   -4.812    1.462   -1.743    8.389   -7.037   -2.549   14.167    5.621
 146.80   18.209   18.251   18.252    1.246   -0.196   -4.791    1.246   -0.196    0.941   -5.970   -0.245   12.274    3.024
 146.90   18.466   18.470   18.470    0.383   -0.077   -4.534    0.383   -0.077    0.351   -1.738   -0.030   10.356    0.887
 147.00   18.788   18.906   18.993    2.108   -1.818   -4.212    2.108   -1.818    7.656   -8.877   -3.832   12.743    6.167
 147.10   18.493   18.679   18.948    2.627   -3.180   -4.507    2.627   -3.180   14.334  -11.838   -8.354   18.664   10.191
 147.20   18.543   18.836   18.934    3.310   -1.930   -4.457    3.310   -1.930    8.603  -14.756   -6.389   17.276    9.118
 147.30   19.341   19.663   19.663    3.543    0.007   -3.659    3.543    0.007   -0.027  -12.961    0.026   12.968    6.481
 147.40   18.799   19.070   19.077    3.204    0.496   -4.201    3.204    0.496   -2.085  -13.461    1.590   14.081    6.857
 147.50   18.628   18.914   18.963    3.276   -1.375   -4.372    3.276   -1.375    6.014  -14.326   -4.506   15.872    8.088
 147.60   19.490   19.544   19.599    1.458   -1.461   -3.510    1.458   -1.461    5.128   -5.119   -2.130    8.292    3.776
 147.70   19.322   19.322   19.324   -0.055    0.225   -3.678   -0.055    0.225   -0.827    0.204   -0.012    6.790    0.426
 147.80   20.389   20.390   20.396   -0.142    0.497   -2.611   -0.142    0.497   -1.299    0.370   -0.071    3.541    0.676
 147.90   20.645   20.646   20.662   -0.180    0.817   -2.355   -0.180    0.817   -1.925    0.423   -0.147    3.123    0.988
 148.00   21.344   21.374   21.410    1.123    1.246   -1.656    1.123    1.246   -2.063   -1.860    1.399    2.778    1.555
 148.10   21.672   21.742   21.771    1.750    1.129   -1.328    1.750    1.129   -1.500   -2.325    1.976    3.051    1.700
 148.20   20.346   20.349   20.349    0.373    0.025   -2.654    0.373    0.025   -0.066   -0.990    0.009    3.592    0.496
 148.30   19.799   19.900   19.931    2.008    1.111   -3.201    2.008    1.111   -3.557   -6.429    2.231    7.758    3.839
 148.40   19.198   19.328   19.351    2.243    0.936   -3.802    2.243    0.936   -3.561   -8.529    2.101   10.183    4.739
 148.50   19.652   19.938   19.952    3.369    0.735   -3.348    3.369    0.735   -2.461  -11.279    2.476   11.550    5.904
 148.60   18.951   19.389   19.444    4.097    1.459   -4.049    4.097    1.459   -5.906  -16.587    5.976   17.652    9.297
 148.70   18.309   18.963   19.050    4.936    1.813   -4.691    4.936    1.813   -8.506  -23.156    8.952   24.830   13.121
 148.80   19.081   19.491   19.542    3.978    1.406   -3.919    3.978    1.406   -5.511  -15.589    5.594   16.579    8.728
 148.90   18.256   18.372   18.405    2.062   -1.099   -4.744    2.062   -1.099    5.214   -9.782   -2.266   13.983    5.657
 149.00   17.926   17.942   17.956    0.754   -0.706   -5.074    0.754   -0.706    3.580   -3.825   -0.532   13.406    2.633
 149.10   18.975   18.982   18.982    0.491   -0.019   -4.025    0.491   -0.019    0.075   -1.974   -0.009    8.220    0.988
 149.20   20.493   20.494   20.496   -0.159   -0.306   -2.507   -0.159   -0.306    0.766    0.399    0.049    3.202    0.433
 149.30   19.958   19.966   19.994    0.540    1.057   -3.042    0.540    1.057   -3.215   -1.643    0.571    5.331    1.828
 149.40   21.606   21.606   21.695   -0.117    1.959   -1.394   -0.117    1.959   -2.731    0.163   -0.229    2.897    1.373
 149.50   20.763   20.765   20.801   -0.239    1.226   -2.237   -0.239    1.226   -2.742    0.535   -0.293    3.281    1.404
 149.60   20.910   20.918   20.933    0.573    0.813   -2.090    0.573    0.813   -1.700   -1.198    0.466    2.680    1.066
 149.70   21.239   21.239   21.246    0.146   -0.553   -1.761    0.146   -0.553    0.974   -0.256   -0.081    1.715    0.505
 149.80   20.842   20.851   20.851    0.616    0.013   -2.158    0.616    0.013   -0.028   -1.330    0.008    2.518    0.665
 149.90   20.599   20.727   20.734    2.299   -0.562   -2.401    2.299   -0.562    1.348   -5.520   -1.291    5.683    2.914
 150.00   21.853   22.045   22.077    2.907   -1.188   -1.147    2.907   -1.188    1.363   -3.335   -3.454    5.590    2.495
 150.10   22.687   23.031   23.054    3.970   -1.031   -0.313    3.970   -1.031    0.323   -1.245   -4.094    8.462    2.146
 150.20   23.121   23.459   23.460    3.973   -0.173    0.121    3.973   -0.173   -0.021    0.479   -0.687    7.915    0.419
 150.30   23.232   23.362   23.374    2.461    0.751    0.232    2.461    0.751    0.174    0.570    1.848    3.336    0.971
 150.40   22.400   22.487   22.522    1.978    1.264   -0.600    1.978    1.264   -0.758   -1.187    2.499    2.934    1.434
 150.50   23.128   23.216   23.229    2.021    0.770    0.128    2.021    0.770    0.099    0.259    1.557    2.348    0.791
 150.60   22.336   22.463   22.485    2.382    1.007   -0.664    2.382    1.007   -0.668   -1.581    2.397    3.563    1.474
 150.70   21.263   21.313   21.363    1.452    1.458   -1.737    1.452    1.458   -2.532   -2.521    2.116    3.625    2.077
 150.80   21.240   21.429   21.652    2.841    3.099   -1.760    2.841    3.099   -5.454   -4.999    8.805   10.387    5.750
 150.90   22.105   22.294   22.405    2.903    2.227   -0.895    2.903    2.227   -1.994   -2.599    6.466    7.095    3.624
 151.00   23.784   23.898   23.901    2.326    0.432    0.784    2.326    0.432    0.338    1.824    1.004    3.105    1.054
 151.10   23.734   23.973   23.986    3.381   -0.779    0.734    3.381   -0.779   -0.572    2.480   -2.634    6.289    1.831
 151.20   22.757   22.897   22.982    2.527   -1.985   -0.243    2.527   -1.985    0.483   -0.615   -5.017    5.193    2.539
 151.30   23.144   23.177   23.382    1.236   -3.089    0.144    1.236   -3.089   -0.446    0.178   -3.818    5.544    1.924
 151.40   21.427   21.439   21.597    0.696   -2.609   -1.573    0.696   -2.609    4.103   -1.094   -1.815    4.882    2.309
 151.50   21.419   21.425   21.715    0.542   -3.537   -1.581    0.542   -3.537    5.593   -0.857   -1.917    7.652    2.987
 151.60   21.964   21.968   22.115    0.437   -2.542   -1.036    0.437   -2.542    2.635   -0.453   -1.111    3.864    1.448
 151.70   22.346   22.347   22.408    0.199   -1.654   -0.654    0.199   -1.654    1.082   -0.130   -0.328    1.601    0.569
 151.80   23.568   23.628   23.652    1.685   -1.060    0.568    1.685   -1.060   -0.602    0.957   -1.786    2.142    1.057
 151.90   24.079   24.175   24.302    2.144   -2.484    1.079    2.144   -2.484   -2.681    2.314   -5.325    5.966    3.198
 152.00   24.212   24.320   24.391    2.288   -1.856    1.212    2.288   -1.856   -2.250    2.774   -4.247    5.075    2.775
 152.10   23.043   23.081   23.081    1.327   -0.054    0.043    1.327   -0.054   -0.002    0.057   -0.072    0.883    0.046
 152.20   23.926   23.944   23.946    0.946    0.266    0.926    0.946    0.266    0.247    0.875    0.252    0.911    0.472
 152.30   25.213   25.216   25.219    0.418   -0.389    2.213    0.418   -0.389   -0.861    0.925   -0.163    2.612    0.637
 152.40   26.259   26.262   26.264   -0.421   -0.312    3.259   -0.421   -0.312   -1.017   -1.372    0.131    5.448    0.857
 152.50   25.150   25.191   25.192    1.437    0.181    2.150    1.437    0.181    0.390    3.091    0.261    3.361    1.563
 152.60   24.163   24.176   24.180    0.801   -0.385    1.163    0.801   -0.385   -0.448    0.932   -0.308    1.071    0.539
 152.70   23.817   23.849   23.850    1.223   -0.219    0.817    1.223   -0.219   -0.179    1.000   -0.268    1.106    0.525
 152.80   23.342   23.415   23.465    1.846    1.533    0.342    1.846    1.533    0.524    0.631    2.830    2.937    1.473
 152.90   23.468   23.630   23.641    2.760    0.725    0.468    2.760    0.725    0.339    1.291    2.001    4.181    1.203
 153.00   23.313   23.626   23.629    3.831   -0.360    0.313    3.831   -0.360   -0.113    1.200   -1.380    7.452    0.916
 153.10   24.295   24.418   24.448    2.448   -1.215    1.295    2.448   -1.215   -1.573    3.170   -2.974    4.573    2.311
 153.20   23.947   24.002   24.082    1.625   -1.964    0.947    1.625   -1.964   -1.860    1.539   -3.192    3.698    2.001
 153.30   24.006   24.035   24.286   -1.183   -3.477    1.006   -1.183   -3.477   -3.499   -1.191    4.115    7.252    2.765
 153.40   24.213   24.222   24.574    0.657   -4.139    1.213    0.657   -4.139   -5.023    0.797   -2.718    9.519    2.883
 153.50   22.634   22.652   22.996    0.916   -3.963   -0.366    0.916   -3.963    1.451   -0.335   -3.628    8.337    1.961
 153.60   22.967   23.039   23.440    1.821   -4.315   -0.033    1.821   -4.315    0.142   -0.060   -7.855   10.966    3.928
 153.70   23.124   23.232   23.695    2.231   -4.661    0.124    2.231   -4.661   -0.580    0.278  -10.400   13.358    5.210
 153.80   23.012   23.150   23.400    2.522   -3.411    0.012    2.522   -3.411   -0.042    0.031   -8.604    8.999    4.302
 153.90   23.182   23.282   23.628    2.153   -4.034    0.182    2.153   -4.034   -0.733    0.391   -8.687   10.472    4.363
 154.00   23.604   23.707   23.815    2.199   -2.269    0.604    2.199   -2.269   -1.371    1.329   -4.989    5.174    2.671
 154.10   24.420   24.607   24.751    3.030   -2.662    1.420    3.030   -2.662   -3.781    4.303   -8.067    9.143    4.947
 154.20   22.863   23.105   23.128    3.337   -1.030   -0.137    3.337   -1.030    0.142   -0.459   -3.438    6.108    1.735
 154.30   22.061   22.102   22.103    1.338   -0.234   -0.939    1.338   -0.234    0.220   -1.256   -0.313    1.363    0.656
 154.40   22.273   22.274   22.278   -0.209   -0.422   -0.727   -0.209   -0.422    0.307    0.152    0.088    0.375    0.177
 154.50   22.718   22.921   22.953   -3.042   -1.217   -0.282   -3.042   -1.217    0.343    0.858    3.703    5.409    1.908
 154.60   22.372   22.483   22.595   -2.225   -2.252   -0.628   -2.225   -2.252    1.413    1.397    5.010    5.208    2.695
 154.70   23.266   23.335   23.633   -1.795   -3.741    0.266   -1.795   -3.741   -0.995   -0.477    6.717    8.646    3.404
 154.80   22.753   22.804   22.952   -1.510   -2.604   -0.247   -1.510   -2.604    0.642    0.372    3.933    4.561    2.001
 154.90   22.061   22.075   22.194   -0.791   -2.296   -0.939   -0.791   -2.296    2.157    0.743    1.816    3.390    1.458
 155.00   21.277   21.277   21.392    0.015   -2.212   -1.723    0.015   -2.212    3.812   -0.027   -0.034    3.931    1.906
 155.10   21.978   21.978   22.052   -0.112   -1.795   -1.022   -0.112   -1.795    1.834    0.114    0.201    2.139    0.924
 155.20   22.594   22.601   22.735    0.598   -2.465   -0.406    0.598   -2.465    1.002   -0.243   -1.473    3.298    0.899
 155.30   22.985   23.036   23.103    1.524   -1.758   -0.015    1.524   -1.758    0.026   -0.022   -2.680    2.707    1.340
 155.40   22.670   22.826   22.900    2.666   -1.836   -0.330    2.666   -1.836    0.606   -0.880   -4.896    5.295    2.506
 155.50   23.435   23.630   23.645    3.029   -0.839    0.435    3.029   -0.839   -0.365    1.318   -2.542    5.034    1.443
 155.60   22.244   22.328   22.345    1.935   -0.865   -0.756    1.935   -0.865    0.654   -1.463   -1.673    2.532    1.158
 155.70   21.762   21.832   21.873    1.751   -1.324   -1.238    1.751   -1.324    1.638   -2.168   -2.318    3.176    1.786
 155.80   21.889   21.903   21.904    0.773    0.251   -1.111    0.773    0.251   -0.279   -0.858    0.194    0.947    0.462
 155.90   22.441   22.448   22.576    0.566    2.400   -0.559    0.566    2.400   -1.343   -0.317    1.359    3.197    0.968
 156.00   21.395   21.443   21.748   -1.428    3.627   -1.605   -1.428    3.627   -5.820    2.291   -5.179    8.885    4.060
 156.10   21.896   21.896   22.152   -0.033    3.353   -1.104   -0.033    3.353   -3.700    0.036   -0.111    6.231    1.851
 156.20   21.171   21.173   21.324    0.314    2.528   -1.829    0.314    2.528   -4.624   -0.575    0.794    4.917    2.363
 156.30   21.829   21.882   21.922   -1.531    1.323   -1.171   -1.531    1.323   -1.550    1.793   -2.026    2.733    1.559
 156.40   22.968   23.050   23.050   -1.945   -0.023   -0.032   -1.945   -0.023    0.001    0.063    0.046    1.893    0.039
 156.50   24.272   24.457   24.468   -3.003    0.743    1.272   -3.003    0.743    0.945   -3.820   -2.230    5.594    2.262
 156.60   25.412   25.476   25.507   -1.799   -1.263    2.412   -1.799   -1.263   -3.047   -4.339    2.272    5.325    2.884
 156.70   25.932   26.026   26.103   -2.200   -2.010    2.932   -2.200   -2.010   -5.894   -6.451    4.421    8.739    4.896
 156.80   25.514   25.811   25.840   -3.905   -1.209    2.514   -3.905   -1.209   -3.041   -9.818    4.723   11.517    5.656
 156.90   26.929   27.335   27.401   -4.697   -1.892    3.929   -4.697   -1.892   -7.432  -18.454    8.885   20.539   10.894
 157.00   25.234   25.560   25.776   -4.066   -3.336    2.234   -4.066   -3.336   -7.453   -9.084   13.563   16.325    8.972
 157.10   23.895   24.143   24.406   -3.451   -3.570    0.895   -3.451   -3.570   -3.197   -3.090   12.323   12.731    6.550
 157.20   24.684   24.847   25.057   -2.844   -3.232    1.684   -2.844   -3.232   -5.444   -4.789    9.192   10.686    5.854
 157.30   25.325   25.590   25.762   -3.677   -2.969    2.325   -3.677   -2.969   -6.903   -8.549   10.919   13.872    7.745
 157.40   24.591   24.946   25.072   -4.193   -2.511    1.591   -4.193   -2.511   -3.996   -6.672   10.529   13.209    6.545
 157.50   24.466   24.686   24.782   -3.292   -2.182    1.466   -3.292   -2.182   -3.199   -4.825    7.185    8.874    4.613
 157.60   24.134   24.530   24.532   -4.387   -0.338    1.134   -4.387   -0.338   -0.383   -4.976    1.482   10.324    2.603
 157.70   23.307   23.909   23.923   -5.334   -0.802    0.307   -5.334   -0.802   -0.246   -1.636    4.277   14.592    2.293
 157.80   23.537   24.075   24.075   -5.061   -0.084    0.537   -5.061   -0.084   -0.045   -2.716    0.427   12.957    1.375
 157.90   22.403   23.091   23.091   -5.591    0.066   -0.597   -5.591    0.066   -0.039    3.335   -0.367   15.809    1.678
 158.00   23.677   24.430   24.430   -6.019   -0.137    0.677   -6.019   -0.137   -0.093   -4.073    0.825   18.352    2.079
 158.10   22.797   23.280   23.301   -4.719    0.982   -0.203   -4.719    0.982   -0.199    0.958   -4.633   11.636    2.367
 158.20   21.745   22.397   22.437   -5.366   -1.338   -1.255   -5.366   -1.338    1.679    6.735    7.177   16.080    4.992
 158.30   21.682   22.181   22.242   -4.678   -1.654   -1.318   -4.678   -1.654    2.181    6.168    7.739   13.181    5.067
 158.40   20.386   20.806   20.808   -4.161    0.242   -2.614   -4.161    0.242   -0.634   10.879   -1.009   12.105    5.472
 158.50   18.811   19.507   19.524   -5.166    0.812   -4.189   -5.166    0.812   -3.404   21.641   -4.197   22.448   11.153
 158.60   18.078   18.360   18.364   -3.204    0.368   -4.922   -3.204    0.368   -1.812   15.768   -1.180   17.312    7.958
 158.70   18.564   18.825   18.831   -3.121   -0.477   -4.436   -3.121   -0.477    2.115   13.846    1.489   14.824    7.043
 158.80   18.192   18.544   18.545   -3.594   -0.237   -4.808   -3.594   -0.237    1.140   17.280    0.852   18.045    8.669
 158.90   16.624   17.142   17.147   -4.185    0.399   -6.376   -4.185    0.399   -2.547   26.688   -1.672   29.168   13.431
 159.00   18.052   18.436   18.461   -3.745   -0.950   -4.948   -3.745   -0.950    4.702   18.529    3.559   19.705    9.722
 159.10   19.214   19.743   19.998   -4.539   -3.189   -3.786   -4.539   -3.189   12.073   17.184   14.473   22.552   12.753
 159.20   18.309   18.458   18.565   -2.344   -1.994   -4.691   -2.344   -1.994    9.352   10.998    4.673   15.739    7.587
 159.30   17.333   17.666   18.062   -3.417   -3.759   -5.667   -3.417   -3.759   21.305   19.367   12.847   28.964   15.764
 159.40   17.304   17.735   18.099   -3.884   -3.612   -5.696   -3.884   -3.612   20.572   22.122   14.027   30.286   16.653
 159.50   16.397   16.899   17.080   -4.087   -2.480   -6.603   -4.087   -2.480   16.378   26.987   10.138   33.227   16.578
 159.60   15.484   16.319   16.394   -5.153   -1.563   -7.516   -5.153   -1.563   11.749   38.727    8.055   42.741   20.632
 159.70   17.033   17.565   17.628   -4.292   -1.491   -5.967   -4.292   -1.491    8.896   25.612    6.398   28.126   13.929
 159.80   19.201   19.689   19.706   -4.355   -0.825   -3.799   -4.355   -0.825    3.134   16.544    3.592   17.039    8.609
 159.90   18.229   18.611   18.645   -3.749   -1.134   -4.771   -3.749   -1.134    5.411   17.886    4.253   19.051    9.582
 160.00   17.418   17.767   17.983   -3.503   -2.778   -5.582   -3.503   -2.778   15.508   19.551    9.731   25.572   13.392
 160.10   17.406   17.774   17.841   -3.601   -1.543   -5.594   -3.601   -1.543    8.630   20.145    5.555   23.321   11.304
 160.20   16.304   17.157   17.172   -5.341   -0.727   -6.696   -5.341   -0.727    4.868   35.765    3.883   36.947   18.152
 160.30   17.561   18.554   18.605   -5.988   -1.380   -5.439   -5.988   -1.380    7.506   32.570    8.263   33.673   17.215
 160.40   18.736   19.648   19.738   -5.919   -1.879   -4.264   -5.919   -1.879    8.013   25.239   11.123   28.374   14.361
 160.50   18.991   19.826   20.039   -5.692   -2.919   -4.009   -5.692   -2.919   11.702   22.818   16.614   28.495   15.278
 160.60   20.483   21.281   21.492   -5.774   -3.003   -2.517   -5.774   -3.003    7.560   14.534   17.341   24.348   11.928
 160.70   20.234   21.459   21.713   -7.148   -3.313   -2.766   -7.148   -3.313    9.166   19.775   23.685   34.864   16.094
 160.80   19.445   20.180   20.407   -5.394   -3.041   -3.555   -5.394   -3.041   10.810   19.174   16.404   25.489   13.726
 160.90   19.923   20.516   20.524   -4.894   -0.590   -3.077   -4.894   -0.590    1.815   15.056    2.888   16.881    7.719
 161.00   20.261   20.689   20.693   -4.186   -0.397   -2.739   -4.186   -0.397    1.088   11.465    1.662   12.590    5.818
 161.10   20.352   20.672   20.702   -3.625   -1.110   -2.648   -3.625   -1.110    2.939    9.599    4.024   10.692    5.408
 161.20   21.633   21.973   22.026   -3.851   -1.533   -1.367   -3.851   -1.533    2.096    5.265    5.902    9.523    4.091
 161.30   21.560   22.143   22.144   -5.048   -0.140   -1.440   -5.048   -0.140    0.202    7.269    0.709   13.790    3.653
 161.40   22.527   23.280   23.303   -5.874   -1.030   -0.473   -5.874   -1.030    0.487    2.779    6.052   17.895    3.339
 161.50   23.348   23.800   23.837   -4.615   -1.326    0.348   -4.615   -1.326   -0.461   -1.606    6.120   11.590    3.172
 161.60   23.663   24.303   24.435   -5.538   -2.542    0.663   -5.538   -2.542   -1.686   -3.674   14.078   18.787    7.324
 161.70   23.448   24.133   24.295   -5.712   -2.793    0.448   -5.712   -2.793   -1.251   -2.558   15.954   20.313    8.103
 161.80   21.400   21.663   21.679   -3.365   -0.819   -1.600   -3.365   -0.819    1.311    5.384    2.757    7.278    3.095
 161.90   20.823   21.125   21.175   -3.557   -1.468   -2.177   -3.557   -1.468    3.195    7.744    5.220    9.773    4.935
 162.00   21.476   21.766   21.783   -3.542   -0.862   -1.524   -3.542   -0.862    1.314    5.398    3.053    7.805    3.170
 162.10   20.861   21.705   21.778   -5.994   -1.782   -2.139   -5.994   -1.782    3.812   12.822   10.681   21.839    8.559
 162.20   21.642   22.497   22.647   -6.145   -2.602   -1.358   -6.145   -2.602    3.534    8.346   15.990   23.187    9.190
 162.30   22.889   23.272   23.488   -4.206   -3.174   -0.111   -4.206   -3.174    0.352    0.466   13.347   13.885    6.680
 162.40   22.868   23.361   23.856   -4.777   -4.833   -0.132   -4.777   -4.833    0.639    0.632   23.088   23.098   11.553
 162.50   21.770   21.886   22.337   -2.246   -4.467   -1.230   -2.246   -4.467    5.494    2.763   10.036   13.259    5.885
 162.60   21.418   21.446   21.707   -1.098   -3.356   -1.582   -1.098   -3.356    5.310    1.738    3.686    7.487    3.347
 162.70   22.433   22.442   22.783   -0.659   -3.925   -0.567   -0.659   -3.925    2.227    0.374    2.587    8.081    1.717
 162.80   22.814   22.823   23.169   -0.625   -3.990   -0.186   -0.625   -3.990    0.742    0.116    2.492    8.172    1.302
 162.90   22.490   22.549   22.731   -1.632   -2.868   -0.510   -1.632   -2.868    1.461    0.832    4.679    5.573    2.486
 163.00   22.967   23.034   23.039   -1.758   -0.442   -0.033   -1.758   -0.442    0.014    0.058    0.777    1.644    0.390
 163.10   22.405   22.405   22.438   -0.180    1.216   -0.595   -0.180    1.216   -0.724    0.107   -0.219    0.933    0.382
 163.20   22.811   22.836   22.837   -1.059   -0.194   -0.189   -1.059   -0.194    0.037    0.200    0.205    0.597    0.144
 163.30   22.236   22.246   22.295   -0.680   -1.470   -0.764   -0.680   -1.470    1.124    0.520    1.000    1.604    0.796
 163.40   22.766   22.871   22.876   -2.196    0.429   -0.234   -2.196    0.429   -0.100    0.514   -0.941    2.531    0.539
 163.50   22.444   22.550   22.564   -2.184   -0.817   -0.556   -2.184   -0.817    0.455    1.215    1.784    2.873    1.103
 163.60   22.132   22.263   22.290   -2.413   -1.095   -0.868   -2.413   -1.095    0.951    2.096    2.642    3.889    1.752
 163.70   20.695   20.773   20.773   -1.805    0.014   -2.305   -1.805    0.014   -0.033    4.161   -0.025    4.286    2.081
 163.80   19.991   20.236   20.236   -3.138    0.123   -3.009   -3.138    0.123   -0.371    9.441   -0.387    9.457    4.728
 163.90   20.009   20.043   20.060   -1.165   -0.809   -2.991   -1.165   -0.809    2.420    3.484    0.943    5.478    2.173
 164.00   20.532   20.540   20.550    0.552    0.639   -2.468    0.552    0.639   -1.577   -1.361    0.352    3.401    1.056
 164.10   20.091   20.302   20.302    2.924   -0.058   -2.909    2.924   -0.058    0.170   -8.508   -0.171    8.510    4.256
 164.20   19.345   19.555   19.762    2.859   -2.852   -3.655    2.859   -2.852   10.423  -10.449   -8.152   14.832    8.430
 164.30   19.375   19.558   19.710    2.671   -2.440   -3.625    2.671   -2.440    8.846   -9.684   -6.519   13.116    7.323
 164.40   19.476   19.529   19.609    1.439   -1.774   -3.524    1.439   -1.774    6.252   -5.070   -2.552    8.818    4.222
 164.50   19.727   19.734   19.762    0.518   -1.057   -3.273    0.518   -1.057    3.458   -1.695   -0.547    6.049    1.945
 164.60   20.236   20.236   20.281   -0.020   -1.348   -2.764   -0.020   -1.348    3.725    0.055    0.027    4.728    1.863
 164.70   19.791   19.831   19.839   -1.248   -0.576   -3.209   -1.248   -0.576    1.849    4.003    0.719    6.092    2.234
 164.80   19.425   19.551   19.557   -2.223    0.470   -3.575   -2.223    0.470   -1.681    7.950   -1.046    8.975    4.096
 164.90   19.602   19.880   19.890   -3.308    0.632   -3.398   -3.308    0.632   -2.149   11.240   -2.092   11.444    5.817
 165.00   19.717   20.213   20.339   -4.451    2.264   -3.283   -4.451    2.264   -7.434   14.616  -10.078   17.861    9.624
 165.10   20.513   20.907   20.928   -4.040    0.920   -2.487   -4.040    0.920   -2.287   10.047   -3.716   11.677    5.477
 165.20   21.448   21.581   21.768   -2.385    2.850   -1.552   -2.385    2.850   -4.423    3.701   -6.799    8.111    4.458
 165.30   20.602   20.789   21.067   -2.787    3.410   -2.398   -2.787    3.410   -8.178    6.683   -9.504   12.573    7.104
 165.40   21.086   21.338   21.452   -3.272    2.206   -1.914   -3.272    2.206   -4.224    6.264   -7.219    9.619    5.225
 165.50   22.261   22.522   22.531   -3.414    0.652   -0.739   -3.414    0.652   -0.482    2.522   -2.226    6.314    1.699
 165.60   22.543   22.762   22.762   -3.152    0.003   -0.457   -3.152    0.003   -0.001    1.442   -0.010    5.073    0.721
 165.70   21.786   21.895   21.959   -2.176   -1.681   -1.214   -2.176   -1.681    2.041    2.640    3.658    4.517    2.476
 165.80   20.457   20.513   20.622   -1.512   -2.118   -2.543   -1.512   -2.118    5.384    3.844    3.201    6.617    3.675
 165.90   19.922   20.063   20.137   -2.375   -1.720   -3.078   -2.375   -1.720    5.292    7.310    4.084    9.035    4.953
 166.00   20.879   21.228   21.300   -3.835   -1.745   -2.121   -3.835   -1.745    3.701    8.133    6.691   11.124    5.582
 166.10   21.881   22.565   22.724   -5.515   -2.681   -1.119   -5.515   -2.681    3.002    6.174   14.788   19.430    8.152
 166.20   21.668   22.288   22.361   -5.220   -1.806   -1.332   -5.220   -1.806    2.406    6.952    9.430   16.142    5.980
 166.30   20.602   21.304   21.316   -5.425   -0.711   -2.398   -5.425   -0.711    1.706   13.008    3.859   17.842    6.837
 166.40   21.292   21.927   21.941   -5.237   -0.779   -1.708   -5.237   -0.779    1.330    8.942    4.079   15.473    4.959
 166.50   20.527   21.066   21.069   -4.736   -0.368   -2.473   -4.736   -0.368    0.910   11.712    1.742   14.340    5.938
 166.60   19.917   21.340   21.343   -7.663   -0.305   -3.083   -7.663   -0.305    0.940   23.626    2.336   34.163   11.880
 166.70   20.857   21.886   22.053   -6.633   -2.708   -2.143   -6.633   -2.708    5.804   14.213   17.964   27.960   11.815
 166.80   21.472   22.891   22.963   -7.934   -1.809   -1.528   -7.934   -1.809    2.764   12.123   14.354   34.280    9.495
 166.90   21.175   22.123   22.224   -6.405   -2.118   -1.825   -6.405   -2.118    3.864   11.688   13.563   24.420    9.159
 167.00   21.957   22.746   22.746   -5.939    0.182   -1.043   -5.939    0.182   -0.190    6.196   -1.082   18.195    3.146
 167.10   23.259   23.811   23.860   -5.094    1.531    0.259   -5.094    1.531    0.397   -1.321   -7.799   14.179    3.960
 167.20   23.432   24.113   24.114   -5.691   -0.089    0.432   -5.691   -0.089   -0.039   -2.461    0.509   16.289    1.257
 167.30   21.322   21.850   21.859   -4.775   -0.628   -1.678   -4.775   -0.628    1.053    8.013    2.996   13.005    4.310
 167.40   21.493   22.117   22.120   -5.217   -0.305   -1.507   -5.217   -0.305    0.460    7.859    1.593   14.788    4.016
 167.50   22.372   23.075   23.101   -5.652    1.099   -0.628   -5.652    1.099   -0.690    3.547   -6.210   16.771    3.592
 167.60   23.069   23.585   23.673   -4.905    2.041    0.069   -4.905    2.041    0.141   -0.339  -10.009   14.115    5.008
 167.70   22.191   22.557   22.587   -4.049    1.170   -0.809   -4.049    1.170   -0.947    3.277   -4.739    9.209    2.919
 167.80   22.910   23.507   23.550   -5.266    1.421   -0.090   -5.266    1.421   -0.128    0.474   -7.485   14.882    3.751
 167.90   23.399   23.754   23.880   -4.093    2.445    0.399   -4.093    2.445    0.976   -1.634  -10.007   11.444    5.093
 168.00   23.844   23.917   24.038   -1.858    2.414    0.844   -1.858    2.414    2.038   -1.569   -4.484    4.995    2.585
 168.10   23.604   23.643   23.774   -1.356    2.496    0.604   -1.356    2.496    1.507   -0.819   -3.385    4.216    1.897
 168.20   22.817   22.854   22.926   -1.314    1.805   -0.183   -1.314    1.805   -0.331    0.241   -2.371    2.509    1.203
 168.30   22.939   22.970   23.051   -1.185    1.928   -0.061   -1.185    1.928   -0.117    0.072   -2.285    2.563    1.145
 168.40   23.099   23.099   23.106   -0.155    0.546    0.099   -0.155    0.546    0.054   -0.015   -0.085    0.166    0.051
 168.50   21.359   21.378   21.379    0.896   -0.241   -1.641    0.896   -0.241    0.395   -1.471   -0.216    1.778    0.769
 168.60   22.142   22.179   22.207    1.282   -1.115   -0.858    1.282   -1.115    0.956   -1.100   -1.429    1.811    1.021
 168.70   23.695   23.696   23.757   -0.200   -1.701    0.695   -0.200   -1.701   -1.183   -0.139    0.340    1.709    0.619
 168.80   23.934   23.941   24.015   -0.586   -1.876    0.934   -0.586   -1.876   -1.752   -0.548    1.100    2.368    1.070
 168.90   25.144   25.146   25.251   -0.321   -2.300    2.144   -0.321   -2.300   -4.930   -0.688    0.738    4.994    2.516
 169.00   25.308   25.310   25.368   -0.374   -1.709    2.308   -0.374   -1.709   -3.944   -0.863    0.639    4.193    2.044
 169.10   26.842   26.843   26.870    0.202   -1.211    3.842    0.202   -1.211   -4.651    0.775   -0.244    8.134    2.361
 169.20   25.365   25.426   25.460   -1.750   -1.317    2.365   -1.750   -1.317   -3.114   -4.138    2.303    5.195    2.834
 169.30   25.778   25.812   25.812   -1.333   -0.005    2.778   -1.333   -0.005   -0.015   -3.703    0.007    4.747    1.852
 169.40   27.689   27.842   27.856   -2.911   -0.867    4.689   -2.911   -0.867   -4.065  -13.650    2.523   15.607    7.232
 169.50   27.765   27.855   27.858   -2.235   -0.425    4.765   -2.235   -0.425   -2.023  -10.648    0.949   13.941    5.440
 169.60   27.502   27.509   27.567   -0.645   -1.784    4.502   -0.645   -1.784   -8.030   -2.904    1.151   11.932    4.308
 169.70   27.052   27.052   27.058    0.090   -0.557    4.052    0.090   -0.557   -2.257    0.366   -0.050    8.369    1.144
 169.80   26.614   26.655   26.657   -1.481    0.299    3.614   -1.481    0.299    1.081   -5.353   -0.443    7.672    2.740
 169.90   26.684   26.711   26.711   -1.208    0.021    3.684   -1.208    0.021    0.076   -4.449   -0.025    7.516    2.225
 170.00   26.659   26.695   26.720   -1.397   -1.156    3.659   -1.397   -1.156   -4.230   -5.111    1.615    8.337    3.414
 170.10   27.099   27.144   27.171   -1.565   -1.203    4.099   -1.565   -1.203   -4.933   -6.417    1.884   10.351    4.155
 170.20   27.124   27.257   27.266   -2.680   -0.733    4.124   -2.680   -0.733   -3.024  -11.055    1.965   12.366    5.814
 170.30   27.547   27.696   27.698   -2.868    0.365    4.547   -2.868    0.365    1.660  -13.040   -1.047   14.517    6.594
 170.40   27.082   27.228   27.256   -2.816    1.251    4.082   -2.816    1.251    5.107  -11.494   -3.523   13.078    6.531
 170.50   26.156   26.270   26.270   -2.446    0.049    3.156   -2.446    0.049    0.153   -7.721   -0.119    7.974    3.862
 170.60   26.018   26.129   26.139   -2.410   -0.733    3.018   -2.410   -0.733   -2.213   -7.273    1.767    7.727    3.903
 170.70   26.525   26.573   26.578   -1.596   -0.496    3.525   -1.596   -0.496   -1.748   -5.626    0.791    7.610    2.972
 170.80   25.962   26.081   26.084   -2.491    0.393    2.962   -2.491    0.393    1.163   -7.379   -0.978    7.567    3.767
 170.90   26.574   26.744   26.750   -3.011   -0.561    3.574   -3.011   -0.561   -2.005  -10.761    1.689   11.077    5.538
 171.00   25.771   25.798   25.968   -1.185   -2.964    2.771   -1.185   -2.964   -8.211   -3.284    3.512    8.932    4.758
 171.10   24.508   24.530   24.602   -1.036   -1.880    1.508   -1.036   -1.880   -2.835   -1.562    1.948    3.441    1.889
 171.20   26.122   26.194   26.295   -1.944   -2.299    3.122   -1.944   -2.299   -7.178   -6.068    4.469    9.405    5.204
 171.30   25.877   26.116   26.261   -3.529   -2.755    2.877   -3.529   -2.755   -7.925  -10.153    9.723   14.160    8.069
 171.40   24.222   24.488   24.529   -3.605   -1.420    1.222   -3.605   -1.420   -1.735   -4.403    5.119    8.251    3.486
 171.50   24.363   24.454   24.492   -2.110   -1.363    1.363   -2.110   -1.363   -1.857   -2.876    2.875    4.083    2.235
 171.60   23.577   23.621   23.634   -1.443    0.765    0.577   -1.443    0.765    0.442   -0.833   -1.104    1.501    0.726
 171.70   22.525   22.783   22.792   -3.415    0.644   -0.475   -3.415    0.644   -0.306    1.622   -2.201    6.153    1.376
 171.80   23.568   23.934   23.934   -4.169   -0.014    0.568   -4.169   -0.014   -0.008   -2.369    0.060    8.853    1.185
 171.90   23.314   23.468   23.474   -2.690   -0.506    0.314   -2.690   -0.506   -0.159   -0.844    1.362    3.795    0.805
 172.00   23.848   24.073   24.074   -3.289   -0.169    0.848   -3.289   -0.169   -0.143   -2.788    0.555    5.781    1.423
 172.10   24.233   24.389   24.424   -2.750   -1.313    1.233   -2.750   -1.313   -1.619   -3.391    3.609    5.402    2.605
 172.20   24.462   24.642   24.652   -2.979   -0.709    1.462   -2.979   -0.709   -1.036   -4.354    2.111    5.756    2.474
 172.30   25.346   25.509   25.666   -2.874   -2.835    2.346   -2.874   -2.835   -6.650   -6.742    8.147   10.900    6.246
 172.40   24.797   25.133   25.197   -4.099   -1.795    1.797   -4.099   -1.795   -3.225   -7.364    7.358   11.627    5.449
 172.50   23.753   24.409   24.500   -5.620   -2.106    0.753   -5.620   -2.106   -1.586   -4.232   11.838   18.293    6.336
 172.60   25.154   25.614   25.667   -4.834   -1.643    2.154   -4.834   -1.643   -3.540  -10.413    7.943   15.354    6.783
 172.70   27.561   27.840   27.846   -3.932   -0.583    4.561   -3.932   -0.583   -2.658  -17.934    2.291   18.302    9.137
 172.80   27.355   27.522   27.523   -3.029    0.171    4.355   -3.029    0.171    0.745  -13.193   -0.518   14.086    6.612
 172.90   27.502   27.647   27.721   -2.827    2.020    4.502   -2.827    2.020    9.094  -12.728   -5.710   16.171    8.326
 173.00   27.633   27.683   27.811   -1.659    2.669    4.633   -1.659    2.669   12.364   -7.687   -4.427   15.670    7.608
 173.10   26.757   26.834   26.902   -2.026    1.917    3.757   -2.026    1.917    7.201   -7.613   -3.883   10.948    5.588
 173.20   26.609   26.620   26.647   -0.787   -1.196    3.609   -0.787   -1.196   -4.316   -2.839    0.941    7.536    2.625
 173.30   26.719   26.756   26.869   -1.420   -2.453    3.719   -1.420   -2.453   -9.122   -5.280    3.483   10.931    5.550
 173.40   28.220   28.220   28.386   -0.198   -3.067    5.220   -0.198   -3.067  -16.008   -1.033    0.607   18.345    8.026
 173.50   28.905   28.907   29.022    0.349   -2.580    5.905    0.349   -2.580  -15.234    2.061   -0.900   20.823    7.700
 173.60   29.525   29.539   29.624    0.903   -2.246    6.525    0.903   -2.246  -14.657    5.890   -2.027   24.219    7.963
 173.70   28.980   28.982   28.996    0.355   -0.896    5.980    0.355   -0.896   -5.356    2.123   -0.318   18.344    2.885
 173.80   27.084   27.084   27.154   -0.065   -1.955    4.084   -0.065   -1.955   -7.982   -0.264    0.126   10.251    3.994
 173.90   27.202   27.207   27.238   -0.546   -1.294    4.202   -0.546   -1.294   -5.438   -2.293    0.706    9.815    2.972
 174.00   27.445   27.445   27.447    0.019   -0.338    4.445    0.019   -0.338   -1.503    0.086   -0.007    9.936    0.752
 174.10   26.587   26.587   26.620    0.141   -1.325    3.587    0.141   -1.325   -4.752    0.506   -0.187    7.321    2.391
 174.20   25.885   25.885   25.886   -0.091   -0.245    2.885   -0.091   -0.245   -0.706   -0.262    0.022    4.194    0.377
 174.30   25.829   25.844   25.926   -0.905   -2.059    2.829   -0.905   -2.059   -5.824   -2.561    1.864    6.530    3.315
 174.40   26.126   26.162   26.193   -1.367   -1.276    3.126   -1.367   -1.276   -3.987   -4.273    1.744    6.633    3.049
 174.50   24.844   24.846   24.855    0.340   -0.664    1.844    0.340   -0.664   -1.223    0.627   -0.226    1.977    0.696
 174.60   24.425   24.429   24.548    0.400   -2.414    1.425    0.400   -2.414   -3.441    0.570   -0.965    4.010    1.810
 174.70   24.107   24.108   24.190   -0.221   -1.996    1.107   -0.221   -1.996   -2.209   -0.245    0.442    2.629    1.133
 174.80   25.240   25.253   25.387    0.814   -2.603    2.240    0.814   -2.603   -5.832    1.824   -2.120    6.229    3.234
 174.90   24.772   24.778   24.846   -0.536   -1.849    1.772   -0.536   -1.849   -3.276   -0.949    0.991    3.423    1.776
 175.00   24.297   24.297   24.324   -0.049   -1.130    1.297   -0.049   -1.130   -1.466   -0.064    0.056    1.481    0.734
 175.10   25.165   25.197   25.215    1.280   -0.932    2.165    1.280   -0.932   -2.018    2.771   -1.193    3.597    1.815
 175.20   24.582   24.753   24.769    2.903   -0.873    1.582    2.903   -0.873   -1.381    4.594   -2.533    5.847    2.713
 175.30   24.228   24.359   24.420    2.516   -1.728    1.228    2.516   -1.728   -2.123    3.091   -4.349    5.414    2.871
 175.40   24.790   24.807   24.823    0.904   -0.898    1.790    0.904   -0.898   -1.607    1.618   -0.811    2.414    1.210
 175.50   23.816   23.913   23.923    2.149   -0.668    0.816    2.149   -0.668   -0.546    1.754   -1.436    2.865    1.166
 175.60   22.838   23.004   23.059    2.758   -1.585   -0.162    2.758   -1.585    0.257   -0.446   -4.373    5.074    2.202
 175.70   22.314   22.530   22.599    3.108   -1.774   -0.686    3.108   -1.774    1.216   -2.131   -5.514    6.639    3.017
 175.80   23.923   24.137   24.137    3.202    0.058    0.923    3.202    0.058    0.054    2.957    0.187    5.555    1.482
 175.90   23.101   23.291   23.292    2.965    0.244    0.101    2.965    0.244    0.025    0.300    0.723    4.432    0.392
 176.00   22.892   22.997   23.027    2.195    1.189   -0.108    2.195    1.189   -0.129   -0.238    2.609    3.121    1.311
 176.10   21.587   21.587   21.590    0.121    0.342   -1.413    0.121    0.342   -0.484   -0.172    0.042    1.064    0.258
 176.20   21.078   21.079   21.122   -0.164    1.342   -1.922   -0.164    1.342   -2.579    0.315   -0.220    2.760    1.304
 176.30   20.187   20.213   20.226   -1.023    0.739   -2.813   -1.023    0.739   -2.079    2.877   -0.756    4.753    1.815
 176.40   20.963   20.963   21.291   -0.111    3.720   -2.037   -0.111    3.720   -7.578    0.225   -0.411    9.001    3.796
 176.50   20.182   20.192   20.349    0.635    2.529   -2.818    0.635    2.529   -7.129   -1.789    1.605    7.372    3.761
 176.60   19.949   19.980   20.263    1.103    3.378   -3.051    1.103    3.378  -10.306   -3.365    3.726   10.967    5.732
 176.70   20.036   20.039   20.267    0.344    3.037   -2.964    0.344    3.037   -9.003   -1.019    1.044    9.065    4.560
 176.80   18.645   18.668   18.702    0.926    1.119   -4.355    0.926    1.119   -4.872   -4.032    1.036   10.537    3.204
 176.90   18.726   18.726   18.746    0.119    0.869   -4.274    0.119    0.869   -3.714   -0.509    0.104    9.520    1.875
 177.00   17.217   17.218   17.218    0.044    0.044   -5.783    0.044    0.044   -0.255   -0.257    0.002   16.721    0.181
 177.10   17.506   17.599   17.611   -1.806    0.653   -5.494   -1.806    0.653   -3.585    9.921   -1.178   16.937    5.307
 177.20   17.514   17.556   17.623   -1.226    1.531   -5.486   -1.226    1.531   -8.402    6.727   -1.878   16.975    5.463
 177.30   16.768   16.879   16.995   -1.928    1.983   -6.232   -1.928    1.983  -12.359   12.012   -3.823   23.241    8.827
 177.40   16.844   16.973   16.981   -2.083   -0.529   -6.156   -2.083   -0.529    3.257   12.823    1.102   21.257    6.638
 177.50   17.904   17.946   17.972   -1.230   -0.979   -5.096   -1.230   -0.979    4.989    6.266    1.204   14.222    4.050
 177.60   19.092   19.100   19.117   -0.565   -0.807   -3.908   -0.565   -0.807    3.155    2.206    0.456    8.122    1.938
 177.70   19.180   19.206   19.275   -0.999   -1.628   -3.820   -0.999   -1.628    6.218    3.815    1.626    9.120    3.737
 177.80   20.273   20.274   20.371   -0.166   -1.986   -2.727   -0.166   -1.986    5.417    0.453    0.330    5.704    2.723
 177.90   20.305   20.306   20.308   -0.229   -0.313   -2.695   -0.229   -0.313    0.844    0.617    0.072    3.707    0.524
 178.00   21.173   21.173   21.173   -0.049    0.092   -1.827   -0.049    0.092   -0.167    0.090   -0.004    1.675    0.095
 178.10   20.886   20.944   20.944    1.565    0.107   -2.114    1.565    0.107   -0.227   -3.308    0.168    3.465    1.660
 178.20   20.599   20.703   20.740    2.075   -1.239   -2.401    2.075   -1.239    2.976   -4.983   -2.572    5.804    3.174
 178.30   19.602   19.677   19.689    1.717   -0.665   -3.398    1.717   -0.665    2.258   -5.834   -1.141    7.467    3.180
 178.40   18.976   19.037   19.097    1.521   -1.505   -4.024    1.521   -1.505    6.057   -6.120   -2.289   10.385    4.455
 178.50   20.586   20.622   20.704    1.224   -1.842   -2.414    1.224   -1.842    4.448   -2.954   -2.254    5.360    2.898
 178.60   19.657   19.712   19.720   -1.474    0.578   -3.343   -1.474    0.578   -1.934    4.929   -0.853    6.843    2.681
 178.70   18.651   18.778   18.812   -2.180    1.135   -4.349   -2.180    1.135   -4.935    9.480   -2.473   12.477    5.485
 178.80   19.869   20.022   20.031   -2.464    0.604   -3.131   -2.464    0.604   -1.891    7.714   -1.489    8.119    4.041
 178.90   20.876   20.936   20.976   -1.586    1.292   -2.124   -1.586    1.292   -2.744    3.369   -2.049    4.349    2.402
 179.00   19.199   19.252   19.389   -1.430    2.303   -3.801   -1.430    2.303   -8.753    5.435   -3.292   10.899    5.408
 179.10   20.692   20.710   20.771   -0.851    1.587   -2.308   -0.851    1.587   -3.662    1.964   -1.351    4.284    2.185
 179.20   21.010   21.016   21.075    0.492    1.580   -1.990    0.492    1.580   -3.144   -0.980    0.778    3.349    1.692
 179.30   20.858   20.858   21.060   -0.090    2.908   -2.142   -0.090    2.908   -6.231    0.192   -0.261    6.528    3.120
 179.40   21.696   21.701   21.969    0.463    3.423   -1.304    0.463    3.423   -4.464   -0.604    1.587    6.817    2.388
 179.50   22.840   22.848   22.996    0.608    2.598   -0.160    0.608    2.598   -0.415   -0.097    1.581    3.573    0.819
 179.60   23.024   23.026   23.143   -0.231    2.332    0.024   -0.231    2.332    0.057   -0.006   -0.539    2.746    0.271
 179.70   22.217   22.272   22.352   -1.559    1.883   -0.783   -1.559    1.883   -1.474    1.220   -2.937    3.295    1.753
 179.80   22.464   22.653   22.685   -2.916    1.209   -0.536   -2.916    1.209   -0.648    1.563   -3.524    5.126    1.955
 179.90   23.307   23.474   23.477   -2.797   -0.364    0.307   -2.797   -0.364   -0.112   -0.859    1.017    4.024    0.668
 180.00   24.097   24.184   24.199   -2.052   -0.841    1.097   -2.052   -0.841   -0.923   -2.251    1.726    3.060    1.491
 180.10   23.999   24.006   24.006   -0.560    0.156    0.999   -0.560    0.156    0.156   -0.560   -0.088    0.669    0.294
 180.20   23.294   23.301   23.432   -0.572    2.479    0.294   -0.572    2.479    0.728   -0.168   -1.419    3.279    0.802
 180.30   23.080   23.083   23.545   -0.399    4.638    0.080   -0.399    4.638    0.371   -0.032   -1.848   10.837    0.943
 180.40   23.122   23.141   23.924   -0.949    6.069    0.122   -0.949    6.069    0.739   -0.116   -5.761   18.877    2.905
 180.50   22.607   22.627   23.338   -0.932    5.719   -0.393   -0.932    5.719   -2.245    0.366   -5.332   16.866    2.898
 180.60   22.458   22.465   22.988    0.541    4.874   -0.542    0.541    4.874   -2.639   -0.293    2.636   12.170    1.871
 180.70   22.921   22.933   23.388   -0.737    4.593   -0.079   -0.737    4.593   -0.364    0.058   -3.385   10.821    1.702
 180.80   23.031   23.093   23.479   -1.690    4.241    0.031   -1.690    4.241    0.133   -0.053   -7.166   10.420    3.584
 180.90   21.143   21.154   21.528   -0.677    3.995   -1.857   -0.677    3.995   -7.417    1.257   -2.705    9.933    3.997
 181.00   20.603   20.610   20.980    0.531    3.920   -2.397    0.531    3.920   -9.394   -1.272    2.080   10.695    4.853
 181.10   21.969   22.024   22.171    1.556    2.547   -1.031    1.556    2.547   -2.625   -1.603    3.962    4.985    2.508
 181.20   22.146   22.274   22.427    2.385    2.621   -0.854    2.385    2.621   -2.239   -2.038    6.250    6.642    3.472
 181.30   22.668   22.816   23.029    2.591    3.126   -0.332    2.591    3.126   -1.038   -0.860    8.100    8.298    4.106
 181.40   21.555   21.898   22.122    3.859    3.139   -1.445    3.859    3.139   -4.535   -5.575   12.113   13.416    7.042
 181.50   21.635   22.106   22.505    4.541    4.215   -1.365    4.541    4.215   -5.753   -6.198   19.137   20.122   10.461
 181.60   21.586   21.906   22.099    3.732    2.908   -1.414    3.732    2.908   -4.112   -5.276   10.854   12.193    6.375
 181.70   20.215   20.474   20.604    3.249    2.311   -2.785    3.249    2.311   -6.438   -9.049    7.509   11.828    6.703
 181.80   19.050   19.053   19.227   -0.336    2.585   -3.950   -0.336    2.585  -10.211    1.326   -0.868   11.199    5.166
 181.90   19.619   19.619   19.905   -0.147    3.359   -3.381   -0.147    3.359  -11.358    0.496   -0.493   11.369    5.690
 182.00   20.122   20.129   20.310    0.542    2.702   -2.878    0.542    2.702   -7.775   -1.559    1.463    7.938    4.032
 182.10   19.700   19.705   19.727   -0.415    0.937   -3.300   -0.415    0.937   -3.093    1.370   -0.389    5.969    1.703
 182.20   19.002   19.034   19.036   -1.107   -0.296   -3.998   -1.107   -0.296    1.184    4.427    0.328    8.651    2.297
 182.30   19.105   19.125   19.133   -0.886    0.539   -3.895   -0.886    0.539   -2.101    3.451   -0.478    8.124    2.034
 182.40   18.861   18.861   18.936    0.040    1.683   -4.139    0.040    1.683   -6.965   -0.166    0.068    9.982    3.484
 182.50   18.293   18.336   18.406   -1.249    1.608   -4.707   -1.249    1.608   -7.568    5.880   -2.009   13.150    4.896
 182.60   18.588   18.700   18.866   -2.040    2.501   -4.412   -2.040    2.501  -11.032    9.001   -5.102   14.940    7.563
 182.70   19.594   19.729   19.729   -2.299   -0.038   -3.406   -2.299   -0.038    0.129    7.831    0.087    8.444    3.916
 182.80   19.120   19.210   19.211   -1.859   -0.124   -3.880   -1.859   -0.124    0.481    7.212    0.230    9.262    3.616
 182.90   20.337   20.555   20.602   -2.981    1.400   -2.663   -2.981    1.400   -3.728    7.938   -4.175    8.969    4.856
 183.00   19.522   19.883   19.941   -3.770    1.517   -3.478   -3.770    1.517   -5.276   13.111   -5.720   14.305    7.623
 183.10   18.278   18.434   18.448   -2.393    0.708   -4.722   -2.393    0.708   -3.343   11.301   -1.694   14.262    5.953
 183.20   19.477   19.730   19.772   -3.147    1.286   -3.523   -3.147    1.286   -4.532   11.088   -4.049   11.986    6.322
 183.30   20.445   20.898   20.990   -4.331    1.964   -2.555   -4.331    1.964   -5.018   11.067   -8.504   14.571    7.416
 183.40   19.044   19.357   19.510   -3.468    2.442   -3.956   -3.468    2.442   -9.660   13.721   -8.468   16.821    9.398
 183.50   18.184   18.575   18.729   -3.790    2.398   -4.816   -3.790    2.398  -11.549   18.252   -9.088   21.654   11.716
 183.60   19.248   19.510   19.520   -3.186    0.622   -3.752   -3.186    0.622   -2.334   11.955   -1.982   12.309    6.171
 183.70   19.632   19.647   19.647   -0.767   -0.010   -3.368   -0.767   -0.010    0.034    2.583    0.008    5.965    1.292
 183.80   19.262   19.278   19.281   -0.791    0.333   -3.738   -0.791    0.333   -1.243    2.957   -0.263    7.356    1.609
 183.90   20.314   20.338   20.341   -0.992    0.302   -2.686   -0.992    0.302   -0.811    2.666   -0.300    4.145    1.401
 184.00   19.851   19.851   19.916   -0.026    1.607   -3.149   -0.026    1.607   -5.062    0.082   -0.042    6.250    2.531
 184.10   18.781   18.781   18.786   -0.014   -0.393   -4.219   -0.014   -0.393    1.659    0.058    0.005    8.976    0.830
 184.20   19.295   19.344   19.376    1.380    1.118   -3.705    1.380    1.118   -4.144   -5.114    1.544    8.443    3.380
 184.30   20.266   20.285   20.378    0.879    1.943   -2.734    0.879    1.943   -5.311   -2.403    1.708    6.010    3.037
 184.40   20.507   20.509   20.528    0.272    0.882   -2.493    0.272    0.882   -2.200   -0.679    0.240    3.534    1.157
 184.50   22.517   22.526   22.527    0.643    0.207   -0.483    0.643    0.207   -0.100   -0.310    0.133    0.345    0.176
 184.60   21.442   21.447   21.506   -0.424    1.604   -1.558   -0.424    1.604   -2.498    0.661   -0.680    2.589    1.336
 184.70   21.479   21.480   21.603    0.188    2.301   -1.521    0.188    2.301   -3.499   -0.286    0.433    3.821    1.769
 184.80   23.511   23.512   23.570   -0.291    1.654    0.511   -0.291    1.654    0.844   -0.149   -0.482    1.540    0.492
 184.90   22.495   22.495   22.495    0.007    0.069   -0.505    0.007    0.069   -0.035   -0.003    0.000    0.130    0.018
 185.00   22.652   22.661   22.664   -0.638   -0.379   -0.348   -0.638   -0.379    0.132    0.222    0.241    0.336    0.177
 185.10   23.593   23.609   23.679    0.877   -1.809    0.593    0.877   -1.809   -1.073    0.520   -1.587    2.197    0.993
 185.20   24.131   24.287   24.332    2.747   -1.486    1.131    2.747   -1.486   -1.681    3.107   -4.082    5.517    2.699
 185.30   22.949   23.130   23.207    2.891   -1.880   -0.051    2.891   -1.880    0.096   -0.148   -5.436    5.948    2.719
 185.40   22.228   22.318   22.323    2.001   -0.488   -0.772    2.001   -0.488    0.377   -1.546   -0.976    2.420    0.933
 185.50   21.415   21.548   21.550    2.390    0.332   -1.585    2.390    0.332   -0.526   -3.789    0.793    4.168    1.953
 185.60   21.084   21.154   21.179    1.725   -1.025   -1.916    1.725   -1.025    1.964   -3.306   -1.768    3.850    2.117
 185.70   19.317   19.318   19.335   -0.121   -0.820   -3.683   -0.121   -0.820    3.021    0.444    0.099    7.125    1.528
 185.80   18.970   18.984   19.050   -0.737   -1.581   -4.030   -0.737   -1.581    6.372    2.969    1.165    9.643    3.563
 185.90   18.197   18.202   18.327   -0.422   -2.140   -4.803   -0.422   -2.140   10.280    2.025    0.902   13.915    5.258
 186.00   19.089   19.135   19.236   -1.324   -1.961   -3.911   -1.324   -1.961    7.668    5.178    2.596   10.445    4.805
 186.10   18.899   18.928   19.033   -1.054   -1.993   -4.101   -1.054   -1.993    8.172    4.324    2.101   10.951    4.741
 186.20   18.804   18.828   19.110   -0.944   -3.274   -4.196   -0.944   -3.274   13.737    3.963    3.092   14.608    7.314
 186.30   18.122   18.127   18.462    0.446   -3.501   -4.878    0.446   -3.501   17.078   -2.178   -1.563   18.126    8.644
 186.40   18.327   18.327   18.529    0.044   -2.731   -4.673    0.044   -2.731   12.763   -0.204   -0.119   14.651    6.383
 186.50   20.011   20.028   20.133   -0.825   -2.051   -2.989   -0.825   -2.051    6.131    2.466    1.693    6.910    3.411
 186.60   19.860   19.886   20.003   -1.014   -2.157   -3.140   -1.014   -2.157    6.773    3.185    2.188    7.770    3.899
 186.70   20.132   20.237   20.246   -2.054   -0.607   -2.868   -2.054   -0.607    1.741    5.890    1.247    6.405    3.134
 186.80   20.895   21.037   21.072   -2.441   -1.202   -2.105   -2.441   -1.202    2.529    5.137    2.933    5.915    3.217
 186.90   22.089   22.497   22.504   -4.266    0.558   -0.911   -4.266    0.558   -0.508    3.884   -2.379    9.668    2.292
 187.00   22.609   23.342   23.343   -5.804   -0.081   -0.391   -5.804   -0.081    0.032    2.268    0.471   16.924    1.158
 187.10   22.212   22.712   22.729   -4.740    0.891   -0.788   -4.740    0.891   -0.702    3.737   -4.222   11.940    2.841
 187.20   21.918   22.292   22.309   -4.066    0.874   -1.082   -4.066    0.874   -0.946    4.400   -3.554    9.233    2.868
 187.30   23.602   24.088   24.181   -4.816    2.118    0.602   -4.816    2.118    1.275   -2.900  -10.201   14.022    5.341
 187.40   23.695   24.205   24.306   -4.946    2.209    0.695   -4.946    2.209    1.534   -3.436  -10.925   14.913    5.777
 187.50   23.504   24.212   24.246   -5.811    1.284    0.504   -5.811    1.284    0.647   -2.928   -7.459   17.833    4.019
 187.60   24.453   25.051   25.081   -5.443    1.217    1.453   -5.443    1.217    1.769   -7.909   -6.625   16.608    5.234
 187.70   23.548   23.977   24.034   -4.516    1.661    0.548   -4.516    1.661    0.910   -2.473   -7.500   11.726    3.975
 187.80   23.058   23.459   23.464   -4.320    0.469    0.058   -4.320    0.469    0.027   -0.249   -2.026    9.442    1.021
 187.90   23.523   23.784   23.785   -3.513    0.231    0.523   -3.513    0.231    0.121   -1.838   -0.811    6.335    1.006
 188.00   25.080   25.315   25.315   -3.438   -0.059    2.080   -3.438   -0.059   -0.122   -7.152    0.202    8.076    3.578
 188.10   23.857   24.176   24.182   -3.913    0.507    0.857   -3.913    0.507    0.435   -3.355   -1.985    8.152    1.961
 188.20   24.045   24.460   24.479   -4.488    0.963    1.045   -4.488    0.963    1.006   -4.688   -4.322   11.081    3.228
 188.30   24.211   24.615   24.616   -4.436   -0.262    1.211   -4.436   -0.262   -0.317   -5.374    1.161   10.607    2.754
 188.40   24.853   25.177   25.196   -4.027    0.975    1.853   -4.027    0.975    1.808   -7.463   -3.928   10.303    4.313
 188.50   24.436   24.651   24.651   -3.246    0.135    1.436   -3.246    0.135    0.194   -4.663   -0.440    6.310    2.344
 188.60   24.094   24.445   24.446   -4.126   -0.221    1.094   -4.126   -0.221   -0.241   -4.514    0.911    9.137    2.306
 188.70   24.420   24.600   24.603   -2.971    0.379    1.420   -2.971    0.379    0.539   -4.219   -1.127    5.495    2.200
 188.80   23.694   23.937   23.939   -3.402   -0.270    0.694   -3.402   -0.270   -0.187   -2.363    0.919    6.065    1.271
 188.90   24.180   24.594   24.595   -4.497   -0.215    1.180   -4.497   -0.215   -0.254   -5.305    0.968   10.831    2.699
 189.00   22.972   23.437   23.437   -4.643   -0.158   -0.028   -4.643   -0.158    0.004    0.128    0.733   10.791    0.372
 189.10   24.025   24.533   24.545   -4.963    0.784    1.025   -4.963    0.784    0.804   -5.088   -3.891   13.146    3.228
 189.20   25.832   26.204   26.255   -4.398    1.635    2.832   -4.398    1.635    4.632  -12.457   -7.193   15.021    7.556
 189.30   25.581   25.934   25.990   -4.266    1.699    2.581   -4.266    1.699    4.383  -11.010   -7.246   13.873    6.945
 189.40   24.189   24.619   24.652   -4.581    1.279    1.189   -4.581    1.279    1.521   -5.445   -5.860   12.016    4.071
 189.50   23.878   24.503   24.508   -5.498    0.483    0.878   -5.498    0.483    0.424   -4.830   -2.656   15.616    2.764
 189.60   23.059   23.494   23.544   -4.499   -1.542    0.059   -4.499   -1.542   -0.091   -0.265    6.937   11.311    3.472
 189.70   21.528   22.096   22.187   -4.978   -2.006   -1.472   -4.978   -2.006    2.953    7.328    9.985   15.486    6.366
 189.80   23.246   23.770   23.841   -4.966   -1.838    0.246   -4.966   -1.838   -0.452   -1.220    9.127   14.048    4.610
 189.90   23.839   24.248   24.285   -4.435   -1.348    0.839   -4.435   -1.348   -1.131   -3.720    5.978   11.095    3.566
 190.00   24.218   24.555   24.555   -4.055    0.015    1.218   -4.055    0.015    0.018   -4.940   -0.061    8.965    2.470
 190.10   25.406   25.657   25.682   -3.582    1.141    2.406   -3.582    1.141    2.745   -8.616   -4.087    9.958    4.962
 190.20   22.912   23.083   23.087   -2.801    0.438   -0.088   -2.801    0.438   -0.038    0.246   -1.226    4.023    0.625
 190.30   22.113   22.273   22.274   -2.666    0.164   -0.887   -2.666    0.164   -0.145    2.365   -0.437    3.961    1.205
 190.40   22.964   23.188   23.227   -3.217   -1.336   -0.036   -3.217   -1.336    0.048    0.115    4.299    6.068    2.150
 190.50   21.500   22.031   22.056   -4.808   -1.049   -1.500   -4.808   -1.049    1.573    7.209    5.044   13.232    4.469
 190.60   22.799   23.262   23.278   -4.616   -0.873   -0.201   -4.616   -0.873    0.175    0.926    4.030   11.056    2.070
 190.70   22.529   22.974   23.031   -4.499   -1.625   -0.471   -4.499   -1.625    0.765    2.117    7.309   11.550    3.824
 190.80   20.930   21.352   21.499   -4.221   -2.515   -2.070   -4.221   -2.515    5.205    8.737   10.617   14.214    7.351
 190.90   21.347   21.758   21.827   -4.210   -1.724   -1.653   -4.210   -1.724    2.849    6.958    7.257   11.712    5.225
 191.00   21.830   22.381   22.397   -4.936   -0.834   -1.170   -4.936   -0.834    0.976    5.773    4.117   13.212    3.579
 191.10   22.235   22.836   22.874   -5.206   -1.316   -0.765   -5.206   -1.316    1.007    3.983    6.849   14.710    3.993
 191.20   23.865   24.422   24.536   -5.190   -2.358    0.865   -5.190   -2.358   -2.039   -4.487   12.240   16.624    6.597
 191.30   23.039   23.454   23.665   -4.395   -3.153    0.039   -4.395   -3.153   -0.122   -0.169   13.857   14.628    6.929
 191.40   23.449   23.593   23.695   -2.598   -2.193    0.449   -2.598   -2.193   -0.986   -1.168    5.699    5.882    2.950
 191.50   24.418   24.445   24.586   -1.137   -2.633    1.418   -1.137   -2.633   -3.733   -1.612    2.993    5.117    2.525
 191.60   24.405   24.440   24.535   -1.313   -2.155    1.405   -1.313   -2.155   -3.028   -1.845    2.830    4.172    2.269
 191.70   23.101   23.224   23.270   -2.384   -1.463    0.101   -2.384   -1.463   -0.148   -0.241    3.488    3.918    1.750
 191.80   22.080   22.126   22.192   -1.417   -1.719   -0.920   -1.417   -1.719    1.581    1.304    2.436    2.904    1.592
 191.90   22.137   22.239   22.241   -2.135   -0.245   -0.863   -2.135   -0.245    0.211    1.844    0.522    2.682    0.964
 192.00   22.209   22.248   22.309   -1.314   -1.648   -0.791   -1.314   -1.648    1.303    1.039    2.165    2.533    1.366
 192.10   23.455   23.515   23.543   -1.687   -1.135    0.455   -1.687   -1.135   -0.516   -0.767    1.914    2.170    1.063
 192.20   22.759   22.766   22.766   -0.529    0.157   -0.241   -0.529    0.157   -0.038    0.127   -0.083    0.181    0.078
 192.30   22.142   22.148   22.149    0.501    0.165   -0.858    0.501    0.165   -0.141   -0.429    0.083    0.507    0.230
 192.40   21.332   21.345   21.350    0.730    0.471   -1.668    0.730    0.471   -0.785   -1.218    0.344    1.768    0.744
 192.50   20.832   20.866   20.871    1.193    0.467   -2.168    1.193    0.467   -1.012   -2.586    0.557    3.171    1.416
 192.60   20.542   20.546   20.559    0.444   -0.722   -2.458    0.444   -0.722    1.774   -1.092   -0.321    3.381    1.054
 192.70   20.669   20.672   20.779   -0.365   -2.097   -2.331   -0.365   -2.097    4.889    0.851    0.766    4.983    2.510
 192.80   22.342   22.351   22.497    0.622   -2.561   -0.658    0.622   -2.561    1.685   -0.409   -1.593    3.690    1.177
 192.90   22.587   22.593   22.643   -0.531   -1.504   -0.413   -0.531   -1.504    0.621    0.219    0.799    1.357    0.518
 193.00   22.799   22.806   22.857   -0.544   -1.536   -0.201   -0.544   -1.536    0.308    0.109    0.836    1.348    0.449
 193.10   23.456   23.458   23.516    0.286   -1.650    0.456    0.286   -1.650   -0.753    0.131   -0.473    1.507    0.449
 193.20   21.968   21.974   22.136    0.520   -2.674   -1.032    0.520   -2.674    2.760   -0.537   -1.391    4.242    1.568
 193.30   21.416   21.416   21.541   -0.036   -2.322   -1.584   -0.036   -2.322    3.678    0.057    0.083    3.950    1.840
 193.40   23.034   23.034   23.106    0.185   -1.813    0.034    0.185   -1.813   -0.061    0.006   -0.336    1.661    0.171
 193.50   22.868   22.896   23.033   -1.135   -2.504   -0.132   -1.135   -2.504    0.330    0.150    2.841    3.787    1.432
 193.60   23.140   23.161   23.225   -0.995   -1.710    0.140   -0.995   -1.710   -0.240   -0.139    1.702    1.968    0.862
 193.70   21.913   21.973   21.981   -1.629   -0.565   -1.087   -1.629   -0.565    0.614    1.770    0.920    2.077    1.044
 193.80   22.379   22.455   22.480   -1.854    1.065   -0.621   -1.854    1.065   -0.662    1.152   -1.974    2.478    1.190
 193.90   23.018   23.206   23.211   -2.943   -0.466    0.018   -2.943   -0.466   -0.009   -0.054    1.371    4.439    0.686
 194.00   22.077   22.387   22.389   -3.714    0.317   -0.923   -3.714    0.317   -0.293    3.428   -1.179    7.372    1.818
 194.10   22.044   22.499   22.500   -4.500   -0.226   -0.956   -4.500   -0.226    0.216    4.302    1.018   10.609    2.213
 194.20   23.097   23.462   23.463   -4.126    0.128    0.097   -4.126    0.128    0.012   -0.398   -0.528    8.524    0.331
 194.30   23.682   24.229   24.256   -5.117    1.134    0.682   -5.117    1.134    0.774   -3.492   -5.802   13.970    3.408
 194.40   22.222   22.679   22.681   -4.532    0.307   -0.778   -4.532    0.307   -0.239    3.526   -1.391   10.619    1.899
 194.50   21.132   21.788   21.813   -5.307    1.039   -1.868   -5.307    1.039   -1.941    9.913   -5.515   16.365    5.754
 194.60   20.333   21.036   21.095   -5.395    1.581   -2.667   -5.395    1.581   -4.217   14.390   -8.528   19.358    8.625
 194.70   19.192   19.823   19.930   -4.962    2.066   -3.808   -4.962    2.066   -7.868   18.897  -10.251   21.697   11.446
 194.80   18.145   18.849   18.940   -5.102    1.854   -4.855   -5.102    1.854   -9.003   24.769   -9.461   26.519   14.001
 194.90   17.905   19.101   19.209   -6.653    2.037   -5.095   -6.653    2.037  -10.381   33.902  -13.555   37.191   18.979
 195.00   18.410   19.158   19.290   -5.303    2.249   -4.590   -5.303    2.249  -10.326   24.341  -11.928   27.124   14.503
 195.10   19.209   19.846   19.902   -4.988    1.500   -3.791   -4.988    1.500   -5.688   18.911   -7.482   20.752   10.559
 195.20   17.104   17.444   17.513   -3.432    1.548   -5.896   -3.432    1.548   -9.127   20.234   -5.312   24.470   11.412
 195.30   17.971   18.074   18.151   -1.923    1.676   -5.029   -1.923    1.676   -8.427    9.670   -3.222   15.898    6.613
 195.40   18.785   19.065   19.208   -3.259    2.333   -4.215   -3.259    2.333   -9.835   13.739   -7.605   16.918    9.265
 195.50   19.241   19.505   19.551   -3.194    1.354   -3.759   -3.194    1.354   -5.089   12.004   -4.324   13.080    6.868
 195.60   19.301   19.512   19.547   -2.865   -1.160   -3.699   -2.865   -1.160    4.290   10.599    3.323   11.619    5.954
 195.70   19.824   20.049   20.061   -2.995   -0.685   -3.176   -2.995   -0.685    2.174    9.512    2.050    9.763    4.985
 195.80   18.573   18.792   18.796   -2.861   -0.391   -4.427   -2.861   -0.391    1.732   12.664    1.119   13.967    6.415
 195.90   19.962   20.286   20.415   -3.612   -2.292   -3.038   -3.612   -2.292    6.963   10.973    8.278   13.764    7.704
 196.00   20.455   20.997   21.287   -4.742   -3.499   -2.545   -4.742   -3.499    8.907   12.071   16.595   20.607   11.185
 196.10   18.905   19.452   19.480   -4.584   -1.038   -4.095   -4.584   -1.038    4.252   18.772    4.759   19.430    9.914
 196.20   18.764   19.196   19.268   -4.048   -1.668   -4.236   -4.048   -1.668    7.063   17.146    6.750   18.554    9.867
 196.30   19.678   19.994   20.172   -3.539   -2.675   -3.322   -3.539   -2.675    8.886   11.757    9.467   15.358    8.758
 196.40   19.600   19.781   19.817   -2.670   -1.192   -3.400   -2.670   -1.192    4.051    9.077    3.181   10.053    5.218
 196.50   18.961   19.150   19.252   -2.680   -1.981   -4.039   -2.680   -1.981    8.000   10.825    5.309   13.710    7.235
 196.60   19.321   19.420   19.471   -1.961   -1.404   -3.679   -1.961   -1.404    5.165    7.217    2.754    9.678    4.646
 196.70   19.263   19.308   19.358   -1.323   -1.390   -3.737   -1.323   -1.390    5.194    4.945    1.839    8.824    3.702
 196.80   18.304   18.463   18.512   -2.422   -1.346   -4.696   -2.422   -1.346    6.322   11.372    3.260   14.865    6.707
 196.90   19.732   19.904   19.972   -2.611   -1.646   -3.268   -2.611   -1.646    5.381    8.535    4.299   10.106    5.483
 197.00   21.738   21.998   22.140   -3.374   -2.503   -1.262   -3.374   -2.503    3.159    4.258    8.446    9.622    4.986
 197.10   21.921   22.309   22.554   -4.144   -3.315   -1.079   -4.144   -3.315    3.578    4.472   13.736   14.662    7.441
 197.20   21.933   22.101   22.251   -2.718   -2.581   -1.067   -2.718   -2.581    2.754    2.901    7.015    7.594    4.038
 197.30   21.520   21.589   21.741   -1.722   -2.570   -1.480   -1.722   -2.570    3.803    2.548    4.425    5.880    3.184
 197.40   21.229   21.255   21.287   -1.055   -1.157   -1.771   -1.055   -1.157    2.049    1.869    1.221    2.794    1.515
 197.50   20.749   20.750   20.773   -0.109   -0.989   -2.251   -0.109   -0.989    2.226    0.246    0.108    3.028    1.121
 197.60   20.944   20.972   21.011   -1.072   -1.292   -2.056   -1.072   -1.292    2.655    2.203    1.384    3.521    1.859
 197.70   21.139   21.178   21.194   -1.284   -0.815   -1.861   -1.284   -0.815    1.517    2.389    1.047    2.888    1.509
 197.80   20.872   21.013   21.013   -2.427    0.128   -2.128   -2.427    0.128   -0.272    5.164   -0.310    5.217    2.590
 197.90   20.689   20.859   20.865   -2.658    0.509   -2.311   -2.658    0.509   -1.177    6.141   -1.353    6.331    3.199
 198.00   21.476   21.523   21.546   -1.424    0.992   -1.524   -1.424    0.992   -1.511    2.170   -1.412    2.667    1.499
 198.10   20.763   20.764   20.943    0.134    2.735   -2.237    0.134    2.735   -6.119   -0.299    0.366    6.252    3.069
 198.20   20.702   20.723   20.817    0.916    1.980   -2.298    0.916    1.980   -4.549   -2.105    1.813    5.019    2.665
 198.30   20.652   20.669   20.693    0.855    0.996   -2.348    0.855    0.996   -2.340   -2.008    0.852    3.619    1.599
 198.40   22.400   22.420   22.426   -0.951    0.537   -0.600   -0.951    0.537   -0.323    0.571   -0.511    0.776    0.416
 198.50   22.688   22.693   22.694   -0.484   -0.211   -0.312   -0.484   -0.211    0.066    0.151    0.102    0.188    0.097
 198.60   21.526   21.527   21.527   -0.180   -0.174   -1.474   -0.180   -0.174    0.256    0.265    0.031    1.118    0.185
 198.70   22.229   22.243   22.244   -0.784   -0.258   -0.771   -0.784   -0.258    0.199    0.605    0.203    0.638    0.334
 198.80   22.049   22.049   22.049    0.098   -0.022   -0.951    0.098   -0.022    0.021   -0.093   -0.002    0.457    0.048
 198.90   24.478   24.492   24.614    0.848   -2.448    1.478    0.848   -2.448   -3.617    1.253   -2.075    4.446    2.177
 199.00   23.201   23.202   23.260   -0.174   -1.635    0.201   -0.174   -1.635   -0.329   -0.035    0.284    1.372    0.218
 199.10   23.359   23.364   23.451   -0.482   -2.017    0.359   -0.482   -2.017   -0.724   -0.173    0.972    2.214    0.612
 199.20   23.863   23.915   24.057   -1.577   -2.611    0.863   -1.577   -2.611   -2.253   -1.361    4.116    5.023    2.443
 199.30   23.529   23.645   23.646   -2.339    0.260    0.529   -2.339    0.260    0.138   -1.236   -0.609    2.909    0.693
 199.40   23.968   24.028   24.052   -1.696   -1.068    0.968   -1.696   -1.068   -1.034   -1.642    1.810    2.476    1.327
 199.50   23.929   23.947   23.991   -0.922   -1.462    0.929   -0.922   -1.462   -1.358   -0.857    1.348    1.925    1.048
 199.60   23.833   23.849   23.870   -0.893   -0.998    0.833   -0.893   -0.998   -0.831   -0.744    0.891    1.244    0.714
 199.70   24.512   24.552   24.554   -1.396   -0.352    1.512   -1.396   -0.352   -0.532   -2.111    0.491    2.180    1.116
 199.80   25.324   25.373   25.404   -1.568   -1.249    2.324   -1.568   -1.249   -2.903   -3.645    1.958    4.711    2.527
 199.90   24.345   24.349   24.387   -0.428   -1.362    1.345   -0.428   -1.362   -1.832   -0.575    0.582    1.923    1.003
 200.00   23.793   23.818   23.971   -1.100   -2.699    0.793   -1.100   -2.699   -2.140   -0.872    2.970    4.563    1.882
 200.10   23.392   23.484   23.695   -2.084   -3.156    0.392   -2.084   -3.156   -1.236   -0.816    6.577    7.229    3.371
 200.20   22.356   22.410   22.715   -1.551   -3.713   -0.644   -1.551   -3.713    2.392    0.999    5.758    8.303    3.157
 200.30   21.789   21.907   22.464   -2.278   -4.970   -1.211   -2.278   -4.970    6.020    2.759   11.320   15.676    6.557
 200.40   21.029   21.121   21.368   -1.966   -3.237   -1.971   -1.966   -3.237    6.379    3.874    6.363    9.113    4.904
 200.50   20.174   20.178   20.331   -0.401   -2.488   -2.826   -0.401   -2.488    7.030    1.134    0.998    7.168    3.595
 200.60   21.221   21.225   21.242    0.415   -0.834   -1.779    0.415   -0.834    1.483   -0.737   -0.346    2.015    0.846
 200.70   22.898   22.911   22.911   -0.766   -0.052   -0.102   -0.766   -0.052    0.005    0.078    0.040    0.300    0.044
 200.80   21.944   21.959   21.960   -0.831   -0.120   -1.056   -0.831   -0.120    0.127    0.878    0.100    0.911    0.446
 200.90   20.812   20.850   20.936   -1.257   -1.901   -2.188   -1.257   -1.901    4.160    2.751    2.390    4.991    2.765
 201.00   20.702   20.702   20.811   -0.111   -2.128   -2.298   -0.111   -2.128    4.891    0.254    0.235    4.912    2.452
 201.10   22.685   22.686   22.740   -0.265   -1.557   -0.315   -0.265   -1.557    0.491    0.084    0.413    1.298    0.324
 201.20   21.511   21.545   21.545   -1.204    0.007   -1.489   -1.204    0.007   -0.010    1.793   -0.008    1.833    0.896
 201.30   21.499   21.666   21.704   -2.690    1.283   -1.501   -2.690    1.283   -1.927    4.038   -3.452    5.568    2.826
 201.40   20.138   20.273   20.273   -2.333    0.098   -2.862   -2.333    0.098   -0.279    6.677   -0.228    6.822    3.344
 201.50   20.846   21.211   21.284   -3.916   -1.765   -2.154   -3.916   -1.765    3.802    8.434    6.912   11.544    5.774
 201.60   19.939   20.300   20.379   -3.813   -1.791   -3.061   -3.813   -1.791    5.483   11.673    6.829   13.560    7.297
 201.70   20.570   20.777   20.802   -2.920   -1.034   -2.430   -2.920   -1.034    2.513    7.094    3.019    7.749    4.054
 201.80   21.748   21.918   21.928   -2.720   -0.663   -1.252   -2.720   -0.663    0.830    3.405    1.803    4.703    1.970
 201.90   22.357   22.599   22.615   -3.298   -0.845   -0.643   -3.298   -0.845    0.543    2.121    2.787    6.003    1.772
 202.00   22.162   22.498   22.613   -3.876   -2.274   -0.838   -3.876   -2.274    1.906    3.248    8.814   10.448    4.793
 202.10   22.411   23.124   23.342   -5.699   -3.184   -0.589   -5.699   -3.184    1.876    3.357   18.148   21.485    9.276
 202.20   21.675   22.254   22.332   -5.043   -1.865   -1.325   -5.043   -1.865    2.471    6.682    9.405   15.334    5.899
 202.30   21.572   21.816   22.019   -3.257   -2.985   -1.428   -3.257   -2.985    4.264    4.652    9.720   10.778    5.794
 202.40   21.270   21.408   21.503   -2.425   -2.021   -1.730   -2.425   -2.021    3.495    4.194    4.900    6.478    3.668
 202.50   20.929   20.946   20.950   -0.846    0.385   -2.071   -0.846    0.385   -0.796    1.751   -0.325    2.576    0.975
 202.60   21.363   21.363   21.367   -0.157   -0.389   -1.637   -0.157   -0.389    0.637    0.257    0.061    1.428    0.345
 202.70   21.979   22.161   22.164   -2.834   -0.386   -1.021   -2.834   -0.386    0.394    2.894    1.094    4.612    1.559
 202.80   22.140   22.389   22.390   -3.331   -0.099   -0.860   -3.331   -0.099    0.085    2.865    0.330    5.924    1.442
 202.90   21.925   22.364   22.379   -4.411    0.816   -1.075   -4.411    0.816   -0.878    4.743   -3.601   10.642    3.010
 203.00   22.282   22.425   22.429   -2.526   -0.457   -0.718   -2.526   -0.457    0.328    1.813    1.154    3.552    1.087
 203.10   21.113   21.220   21.224   -2.135   -0.410   -1.887   -2.135   -0.410    0.774    4.030    0.876    4.145    2.098
 203.20   21.133   21.200   21.205   -1.680   -0.454   -1.867   -1.680   -0.454    0.847    3.137    0.762    3.257    1.669
 203.30   20.241   20.248   20.292   -0.525   -1.332   -2.759   -0.525   -1.332    3.674    1.450    0.700    4.831    2.006
 203.40   19.588   19.592   19.617   -0.426   -0.980   -3.412   -0.426   -0.980    3.345    1.452    0.417    6.393    1.835
 203.50   19.985   19.990   19.993    0.449   -0.333   -3.015    0.449   -0.333    1.004   -1.352   -0.149    4.700    0.845
 203.60   20.476   20.530   20.562    1.492   -1.137   -2.524    1.492   -1.137    2.870   -3.765   -1.697    4.944    2.515
 203.70   22.020   22.037   22.039    0.866   -0.248   -0.980    0.866   -0.248    0.243   -0.849   -0.215    0.886    0.454
 203.80   21.411   21.434   21.437    1.004    0.353   -1.589    1.004    0.353   -0.561   -1.596    0.354    1.830    0.864
 203.90   20.309   20.418   20.455    2.108    1.226   -2.691    2.108    1.226   -3.297   -5.671    2.583    6.592    3.525
 204.00   21.680   21.719   21.721    1.305    0.303   -1.320    1.305    0.303   -0.400   -1.724    0.396    1.770    0.907
 204.10   22.325   22.545   22.596    3.143    1.513   -0.675    3.143    1.513   -1.021   -2.121    4.755    6.311    2.653
 204.20   22.264   22.424   22.517    2.672    2.050   -0.736    2.672    2.050   -1.508   -1.966    5.477    5.942    3.006
 204.30   22.765   22.863   22.886    2.107    1.023   -0.235    2.107    1.023   -0.240   -0.495    2.156    2.771    1.112
 204.40   23.331   23.407   23.427    1.887    0.958    0.331    1.887    0.958    0.317    0.625    1.807    2.294    0.969
 204.50   24.173   24.232   24.234    1.693    0.313    1.173    1.693    0.313    0.367    1.986    0.530    2.170    1.044
 204.60   23.951   23.993   24.098    1.411    2.253    0.951    1.411    2.253    2.143    1.342    3.179    3.986    2.031
 204.70   23.424   23.482   23.622    1.650    2.568    0.424    1.650    2.568    1.089    0.700    4.238    4.749    2.216
 204.80   22.954   23.128   23.320    2.828    2.983   -0.046    2.828    2.983   -0.136   -0.129    8.435    8.448    4.219
 204.90   23.093   23.179   23.335    1.992    2.695    0.093    1.992    2.695    0.252    0.186    5.370    5.622    2.690
 205.00   24.829   24.847   24.936    0.958    2.098    1.829    0.958    2.098    3.836    1.752    2.010    4.331    2.336
 205.10   22.464   22.470   22.720   -0.509    3.361   -0.536   -0.509    3.361   -1.801    0.273   -1.711    5.922    1.249
 205.20   22.981   22.990   23.124   -0.645    2.489   -0.019   -0.645    2.489   -0.047    0.012   -1.606    3.306    0.804
 205.30   22.991   22.992   23.072   -0.202    1.926   -0.009   -0.202    1.926   -0.018    0.002   -0.390    1.876    0.195
 205.40   24.179   24.212   24.215   -1.258    0.339    1.179   -1.258    0.339    0.400   -1.484   -0.426    1.545    0.798
 205.50   25.167   25.183   25.249   -0.910   -1.817    2.167   -0.910   -1.817   -3.937   -1.971    1.653    4.412    2.351
 205.60   24.118   24.158   24.206   -1.385   -1.531    1.118   -1.385   -1.531   -1.711   -1.548    2.119    2.755    1.566
 205.70   24.668   24.689   24.723   -1.027   -1.286    1.668   -1.027   -1.286   -2.144   -1.713    1.320    2.744    1.523
 205.80   23.706   23.760   23.800   -1.590   -1.391    0.706   -1.590   -1.391   -0.982   -1.123    2.211    2.480    1.334
 205.90   24.269   24.278   24.278   -0.654    0.103    1.269   -0.654    0.103    0.130   -0.830   -0.067    1.024    0.422
 206.00   22.517   22.559   22.606   -1.360   -1.460   -0.483   -1.360   -1.460    0.704    0.656    1.986    2.107    1.103
 206.10   23.530   23.534   23.629   -0.408   -2.115    0.530   -0.408   -2.115   -1.121   -0.217    0.863    2.460    0.716
 206.20   23.413   23.437   23.474    1.058   -1.305    0.413    1.058   -1.305   -0.539    0.437   -1.381    1.497    0.773
 206.30   22.821   22.839   22.860   -0.900   -0.978   -0.179   -0.900   -0.978    0.175    0.161    0.881    0.900    0.456
 206.40   24.278   24.305   24.338    1.143   -1.269    1.278    1.143   -1.269   -1.622    1.461   -1.452    2.276    1.311
 206.50   25.496   25.542   25.556    1.532   -0.863    2.496    1.532   -0.863   -2.154    3.823   -1.322    4.660    2.291
 206.60   25.691   25.698   25.699    0.622   -0.194    2.691    0.622   -0.194   -0.522    1.672   -0.121    3.832    0.878
 206.70   26.016   26.016   26.062    0.015   -1.548    3.016    0.015   -1.548   -4.668    0.045   -0.023    5.747    2.334
 206.80   23.876   23.972   23.984   -2.141   -0.773    0.876   -2.141   -0.773   -0.677   -1.876    1.654    2.974    1.295
 206.90   23.925   23.947   23.950   -1.021   -0.415    0.925   -1.021   -0.415   -0.384   -0.944    0.423    1.035    0.552
 207.00   24.545   24.558   24.584   -0.789    1.123    1.545   -0.789    1.123    1.736   -1.219   -0.886    2.136    1.149
 207.10   23.761   23.765   23.771   -0.416    0.527    0.761   -0.416    0.527    0.401   -0.317   -0.219    0.515    0.278
 207.20   23.736   23.757   23.758    1.013    0.160    0.736    1.013    0.160    0.118    0.745    0.162    0.796    0.386
 207.30   22.064   22.065   22.076    0.120   -0.714   -0.936    0.120   -0.714    0.669   -0.112   -0.086    0.700    0.342
 207.40   21.674   21.675   21.703    0.180   -1.108   -1.326    0.180   -1.108    1.469   -0.239   -0.200    1.509    0.751
 207.50   22.105   22.119   22.119    0.803    0.090   -0.895    0.803    0.090   -0.081   -0.719    0.073    0.727    0.363
 207.60   21.703   21.705   21.705   -0.282    0.057   -1.297   -0.282    0.057   -0.075    0.366   -0.016    0.883    0.187
 207.70   21.252   21.337   21.453   -1.903    2.228   -1.748   -1.903    2.228   -3.895    3.327   -4.241    5.822    3.325
 207.80   20.478   20.820   20.915   -3.754    1.999   -2.522   -3.754    1.999   -5.040    9.466   -7.504   12.223    6.544
 207.90   20.576   20.921   20.980   -3.786    1.577   -2.424   -3.786    1.577   -3.824    9.179   -5.971   11.349    5.799
 208.00   19.841   19.865   19.872   -0.975    0.549   -3.159   -0.975    0.549   -1.736    3.079   -0.536    5.616    1.788
 208.10   20.071   20.095   20.098   -0.987    0.324   -2.929   -0.987    0.324   -0.949    2.890   -0.320    4.829    1.529
 208.20   20.831   20.832   20.865    0.164    1.175   -2.169    0.164    1.175   -2.549   -0.356    0.193    3.056    1.291
 208.30   20.465   20.485   20.515   -0.915    1.109   -2.535   -0.915    1.109   -2.812    2.319   -1.015    4.247    1.892
 208.40   21.697   21.701   21.737   -0.407    1.265   -1.303   -0.407    1.265   -1.649    0.531   -0.516    1.733    0.904
 208.50   20.860   20.894   21.003   -1.186    2.134   -2.140   -1.186    2.134   -4.566    2.537   -2.530    5.269    2.902
 208.60   20.621   20.641   20.786   -0.914    2.454   -2.379   -0.914    2.454   -5.838    2.176   -2.244    6.259    3.311
 208.70   21.719   21.812   21.907   -2.019    2.036   -1.281   -2.019    2.036   -2.608    2.587   -4.110    4.931    2.756
 208.80   21.743   21.904   21.977   -2.650    1.797   -1.257   -2.650    1.797   -2.260    3.332   -4.763    5.917    3.118
 208.90   20.950   21.461   21.568   -4.658    2.142   -2.050   -4.658    2.142   -4.392    9.551   -9.978   15.245    7.247
 209.00   21.175   21.786   21.838   -5.124    1.503   -1.825   -5.124    1.503   -2.743    9.352   -7.701   15.924    6.211
 209.10   21.521   22.278   22.319   -5.758    1.348   -1.479   -5.758    1.348   -1.993    8.514   -7.762   18.580    5.846
 209.20   22.563   23.361   23.487   -6.054    2.427   -0.437   -6.054    2.427   -1.060    2.644  -14.692   21.364    7.483
 209.30   22.342   22.903   23.092   -5.035    2.953   -0.658   -5.035    2.953   -1.942    3.311  -14.865   17.249    7.677
 209.40   21.583   22.089   22.231   -4.700    2.512   -1.417   -4.700    2.512   -3.559    6.659  -11.806   15.204    7.007
 209.50   20.519   21.046   21.157   -4.681    2.164   -2.481   -4.681    2.164   -5.368   11.614  -10.127   16.374    8.159
 209.60   20.176   20.600   20.782   -4.162    2.737   -2.824   -4.162    2.737   -7.730   11.755  -11.391   16.395    9.051
 209.70   20.328   20.809   20.980   -4.450    2.676   -2.672   -4.450    2.676   -7.151   11.893  -11.909   17.054    9.143
 209.80   20.596   20.969   21.352   -3.941    4.024   -2.404   -3.941    4.024   -9.674    9.474  -15.856   18.749   10.425
 209.90   20.585   20.987   21.243   -4.091    3.286   -2.415   -4.091    3.286   -7.936    9.882  -13.443   16.684    9.238
 210.00   20.524   21.113   21.114   -4.950    0.266   -2.476   -4.950    0.266   -0.658   12.255   -1.316   15.350    6.171
 210.10   20.398   21.348   21.348   -6.297    0.062   -2.602   -6.297    0.062   -0.162   16.382   -0.393   23.210    8.194
 210.20   19.450   19.777   19.792   -3.578    0.791   -3.550   -3.578    0.791   -2.807   12.702   -2.830   13.015    6.656
 210.30   19.166   19.306   19.420   -2.322    2.100   -3.834   -2.322    2.100   -8.049    8.903   -4.876   12.250    6.477
 210.40   18.217   18.292   18.417   -1.654    2.140   -4.783   -1.654    2.140  -10.237    7.911   -3.541   15.095    6.707
 210.50   19.866   19.921   20.130   -1.480    2.893   -3.134   -1.480    2.893   -9.065    4.639   -4.281   10.190    5.523
 210.60   20.614   20.622   20.899   -0.560    3.394   -2.386   -0.560    3.394   -8.097    1.337   -1.902    8.762    4.212
 210.70   19.448   19.475   20.151   -1.039    5.175   -3.552   -1.039    5.175  -18.383    3.689   -5.375   20.239    9.752
 210.80   18.871   18.884   19.415   -0.707    4.509   -4.129   -0.707    4.509  -18.617    2.920   -3.189   18.940    9.556
 210.90   19.481   19.484   19.825   -0.304    3.661   -3.519   -0.304    3.661  -12.882    1.068   -1.112   12.938    6.487
 211.00   19.480   19.506   19.964   -1.007    4.250   -3.520   -1.007    4.250  -14.961    3.545   -4.281   15.735    7.980
 211.10   19.005   19.008   19.437   -0.345    4.057   -3.995   -0.345    4.057  -16.208    1.379   -1.401   16.270    8.163
 211.20   20.102   20.102   20.301   -0.054    2.837   -2.898   -0.054    2.837   -8.222    0.158   -0.154    8.225    4.112
 211.30   19.792   19.820   19.962    1.049    2.376   -3.208    1.049    2.376   -7.621   -3.366    2.493    8.518    4.348
 211.40   19.702   19.736   19.808    1.159    1.688   -3.298    1.159    1.688   -5.568   -3.822    1.956    7.535    3.516
 211.50   20.476   20.628   20.640    2.494    0.711   -2.524    2.494    0.711   -1.793   -6.294    1.772    6.547    3.390
 211.60   22.756   22.791   22.793    1.258   -0.326   -0.244    1.258   -0.326    0.079   -0.307   -0.410    0.874    0.259
 211.70   22.660   22.663   22.663    0.360    0.094   -0.340    0.360    0.094   -0.032   -0.122    0.034    0.127    0.065
 211.80   22.059   22.196   22.199    2.458   -0.396   -0.941    2.458   -0.396    0.372   -2.313   -0.973    3.541    1.268
 211.90   23.240   23.345   23.386    2.214   -1.368    0.240    2.214   -1.368   -0.329    0.532   -3.029    3.415    1.546
 212.00   21.381   21.424   21.424    1.357   -0.009   -1.619    1.357   -0.009    0.015   -2.196   -0.013    2.230    1.098
 212.10   20.693   20.704   20.704    0.672    0.103   -2.307    0.672    0.103   -0.238   -1.550    0.069    2.891    0.785
 212.20   20.615   20.615   20.615    0.008    0.138   -2.385    0.008    0.138   -0.329   -0.020    0.001    2.854    0.165
 212.30   20.926   20.951   20.959   -1.028    0.569   -2.074   -1.028    0.569   -1.181    2.132   -0.585    2.841    1.253
 212.40   21.310   21.368   21.372   -1.583   -0.396   -1.690   -1.583   -0.396    0.669    2.675    0.626    2.759    1.414
 212.50   20.620   20.695   20.696   -1.764    0.144   -2.380   -1.764    0.144   -0.342    4.199   -0.253    4.399    2.110
 212.60   21.258   21.278   21.310    0.917    1.172   -1.742    0.917    1.172   -2.041   -1.598    1.075    2.624    1.403
 212.70   23.015   23.029   23.062    0.821    1.222    0.015    0.821    1.222    0.018    0.012    1.003    1.083    0.502
 212.80   23.933   24.106   24.185    2.878    1.956    0.933    2.878    1.956    1.826    2.687    5.631    6.491    3.250
 212.90   23.112   23.243   23.267    2.465    1.056    0.112    2.465    1.056    0.118    0.276    2.603    3.602    1.310
 213.00   21.816   22.090   22.099    3.471    0.645   -1.184    3.471    0.645   -0.764   -4.111    2.239    6.933    2.371
 213.10   21.883   22.271   22.300    4.135    1.140   -1.117    4.135    1.140   -1.273   -4.617    4.714    9.822    3.360
 213.20   21.591   21.829   21.945    3.217    2.256   -1.409    3.217    2.256   -3.179   -4.532    7.257    8.711    4.564
 213.30   21.181   21.395   21.427    3.021    1.167   -1.819    3.021    1.167   -2.123   -5.495    3.524    6.897    3.432
 213.40   21.033   21.254   21.258    3.057    0.422   -1.967    3.057    0.422   -0.829   -6.013    1.289    6.696    3.103
 213.50   21.187   21.257   21.257    1.725   -0.011   -1.813    1.725   -0.011    0.021   -3.128   -0.020    3.132    1.564
 213.60   22.679   22.695   22.697    0.847    0.287   -0.321    0.847    0.287   -0.092   -0.272    0.243    0.451    0.188
 213.70   22.806   22.809   22.815    0.411   -0.519   -0.194    0.411   -0.519    0.101   -0.080   -0.214    0.238    0.125
 213.80   22.310   22.343   22.354    1.211   -0.720   -0.690    1.211   -0.720    0.497   -0.836   -0.872    1.231    0.653
 213.90   22.210   22.215   22.288    0.473    1.804   -0.790    0.473    1.804   -1.425   -0.374    0.854    2.051    0.851
 214.00   22.488   22.503   22.795    0.820    3.633   -0.512    0.820    3.633   -1.859   -0.419    2.977    7.066    1.767
 214.10   22.970   22.971   23.144    0.191    2.824   -0.030    0.191    2.824   -0.083   -0.006    0.538    4.007    0.272
 214.20   23.993   24.183   24.195    3.028    0.757    0.993    3.028    0.757    0.752    3.005    2.293    5.363    1.927
 214.30   23.011   23.229   23.236    3.180    0.576    0.011    3.180    0.576    0.006    0.034    1.832    5.221    0.916
 214.40   23.451   23.700   23.737    3.430    1.328    0.451    3.430    1.328    0.599    1.546    4.555    6.866    2.424
 214.50   24.922   25.178   25.178    3.578    0.079    1.922    3.578    0.079    0.151    6.877    0.281    8.251    3.442
 214.60   23.710   23.926   23.946    3.205    0.974    0.710    3.205    0.974    0.692    2.277    3.123    5.863    1.963
 214.70   22.838   22.963   22.998    2.395    1.258   -0.162    2.395    1.258   -0.204   -0.387    3.013    3.672    1.522
 214.80   23.262   23.729   23.779    4.683    1.554    0.262    4.683    1.554    0.407    1.227    7.279   12.207    3.696
 214.90   22.975   23.530   23.539    5.080    0.654   -0.025    5.080    0.654   -0.016   -0.127    3.321   13.119    1.662
 215.00   23.718   24.131   24.154    4.444    1.047    0.718    4.444    1.047    0.752    3.192    4.652   10.682    2.846
 215.10   24.198   24.502   24.562    3.847    1.718    1.198    3.847    1.718    2.058    4.608    6.608    9.592    4.157
 215.20   24.581   24.883   25.003    3.863    2.451    1.581    3.863    2.451    3.875    6.107    9.469   11.716    5.958
 215.30   25.288   25.590   25.645    3.917    1.691    2.288    3.917    1.691    3.869    8.963    6.623   11.719    5.898
 215.40   24.978   25.222   25.304    3.504    2.034    1.978    3.504    2.034    4.022    6.929    7.126   10.162    5.361
 215.50   25.482   25.947   26.092    4.890    2.745    2.482    4.890    2.745    6.814   12.137   13.423   18.803    9.668
 215.60   25.381   25.736   25.839    4.260    2.302    2.381    4.260    2.302    5.482   10.144    9.808   14.560    7.569
 215.70   25.847   26.230   26.393    4.467    2.926    2.847    4.467    2.926    8.329   12.718   13.071   18.311   10.025
 215.80   26.480   26.888   27.155    4.669    3.797    3.480    4.669    3.797   13.210   16.247   17.727   24.161   13.718
 215.90   24.676   25.071   25.259    4.434    3.075    1.676    4.434    3.075    5.155    7.432   13.633   15.961    8.180
 216.00   24.397   24.679   24.813    3.719    2.574    1.397    3.719    2.574    3.596    5.195    9.572   11.203    5.734
 216.10   24.604   24.837   24.844    3.398    0.598    1.604    3.398    0.598    0.958    5.448    2.030    7.236    2.946
 216.20   23.260   23.483   23.483    3.228   -0.011    0.260    3.228   -0.011   -0.003    0.839   -0.037    5.243    0.420
 216.30   23.854   24.122   24.133    3.589   -0.715    0.854    3.589   -0.715   -0.610    3.064   -2.566    7.062    2.021
 216.40   24.198   24.671   24.701    4.810   -1.213    1.198    4.810   -1.213   -1.453    5.760   -5.836   13.020    4.164
 216.50   25.662   25.970   25.971    3.988   -0.165    2.662    3.988   -0.165   -0.439   10.617   -0.658   11.510    5.323
 216.60   25.660   25.950   25.958    3.872   -0.622    2.660    3.872   -0.622   -1.654   10.298   -2.407   11.226    5.352
 216.70   25.251   25.352   25.436    2.256   -2.075    2.251    2.256   -2.075   -4.671    5.077   -4.681    7.230    4.169
 216.80   24.565   24.642   24.681    1.943   -1.399    1.565    1.943   -1.399   -2.190    3.041   -2.719    4.091    2.315
 216.90   25.266   25.469   25.613    3.203   -2.711    2.266    3.203   -2.711   -6.145    7.259   -8.684   11.373    6.439
 217.00   25.330   25.585   25.808    3.608   -3.380    2.330    3.608   -3.380   -7.875    8.406  -12.196   14.936    8.388
 217.10   25.730   25.943   26.114    3.320   -2.987    2.730    3.320   -2.987   -8.155    9.062   -9.917   13.698    7.857
 217.20   24.453   24.771   25.101    3.958   -4.053    1.453    3.958   -4.053   -5.890    5.751  -16.041   17.102    9.015
 217.30   24.154   24.448   24.643    3.778   -3.095    1.154    3.778   -3.095   -3.573    4.361  -11.695   12.595    6.492
 217.40   23.405   23.569   23.642    2.773   -1.857    0.405    2.773   -1.857   -0.752    1.124   -5.148    5.650    2.661
 217.50   23.615   23.751   23.786    2.537   -1.287    0.615    2.537   -1.287   -0.791    1.560   -3.264    4.235    1.852
 217.60   24.776   25.282   25.339    5.033   -1.696    1.776    5.033   -1.696   -3.012    8.940   -8.535   15.682    6.361
 217.70   22.886   23.467   23.597    5.189   -2.479   -0.114    5.189   -2.479    0.283   -0.592  -12.865   16.542    6.441
 217.80   22.538   22.979   23.204    4.480   -3.229   -0.462    4.480   -3.229    1.493   -2.071  -14.467   15.356    7.345
 217.90   22.838   23.244   23.426    4.325   -2.914   -0.162    4.325   -2.914    0.471   -0.699  -12.605   13.613    6.317
 218.00   25.299   25.546   25.744    3.539   -3.191    2.299    3.539   -3.191   -7.337    8.137  -11.293   13.997    7.868
 218.10   25.666   25.922   26.029    3.636   -2.350    2.666    3.636   -2.350   -6.266    9.694   -8.544   12.925    7.181
 218.20   24.188   24.406   24.438    3.256   -1.243    1.188    3.256   -1.243   -1.476    3.869   -4.046    6.780    2.895
 218.30   22.185   22.299   22.314    2.247   -0.825   -0.815    2.247   -0.825    0.673   -1.831   -1.855    3.196    1.346
 218.40   23.009   23.160   23.192    2.637   -1.218    0.009    2.637   -1.218   -0.011    0.024   -3.212    4.219    1.606
 218.50   23.824   24.070   24.178    3.433   -2.285    0.824    3.433   -2.285   -1.883    2.828   -7.844    8.842    4.274
 218.60   23.754   24.035   24.157    3.659   -2.434    0.754    3.659   -2.434   -1.836    2.760   -8.906    9.941    4.751
 218.70   23.080   23.333   23.357    3.428   -1.053    0.080    3.428   -1.053   -0.084    0.275   -3.610    6.432    1.811
 218.80   22.775   22.913   23.117    2.510   -3.069   -0.225    2.510   -3.069    0.691   -0.565   -7.702    7.884    3.877
 218.90   21.580   21.646   21.848    1.693   -2.965   -1.420    1.693   -2.965    4.211   -2.405   -5.021    6.838    3.490
 219.00   21.332   21.419   21.512    1.936   -1.996   -1.668    1.936   -1.996    3.330   -3.230   -3.864    5.257    3.019
 219.10   23.477   23.582   23.598    2.226   -0.853    0.477    2.226   -0.853   -0.407    1.062   -1.898    2.954    1.106
 219.20   22.461   22.479   22.500    0.917   -0.967   -0.539    0.917   -0.967    0.522   -0.494   -0.887    1.033    0.571
 219.30   22.374   22.471   22.480    2.086   -0.643   -0.626    2.086   -0.643    0.402   -1.306   -1.341    2.579    0.957
 219.40   21.989   22.145   22.146    2.622   -0.190   -1.011    2.622   -0.190    0.192   -2.651   -0.498    3.966    1.352
 219.50   22.810   23.247   23.247    4.488   -0.135   -0.190    4.488   -0.135    0.026   -0.853   -0.604   10.096    0.523
 219.60   22.748   23.178   23.246    4.443   -1.781   -0.252    4.443   -1.781    0.449   -1.119   -7.912   11.486    4.002
 219.70   22.357   22.887   22.944    4.898   -1.617   -0.643    4.898   -1.617    1.041   -3.151   -7.921   13.510    4.294
 219.80   23.926   24.407   24.503    4.821   -2.162    0.926    4.821   -2.162   -2.003    4.465  -10.426   14.390    5.759
 219.90   24.092   24.435   24.450    4.077   -0.859    1.092    4.077   -0.859   -0.938    4.453   -3.503    9.277    2.872
 220.00   23.132   23.728   23.833    5.284   -2.238    0.132    5.284   -2.238   -0.295    0.697  -11.826   16.475    5.925
 220.10   21.721   22.654   22.749    6.433   -2.075   -1.279    6.433   -2.075    2.654   -8.226  -13.350   23.662    7.952
 220.20   21.406   22.167   22.173    5.757   -0.547   -1.594    5.757   -0.547    0.872   -9.178   -3.151   17.993    4.871
 220.30   21.906   22.834   22.835    6.445   -0.199   -1.094    6.445   -0.199    0.217   -7.051   -1.279   21.385    3.585
 220.40   21.093   21.934   21.934    6.013    0.189   -1.907    6.013    0.189   -0.361  -11.464    1.139   19.913    5.763
 220.50   21.631   22.329   22.334    5.537    0.489   -1.369    5.537    0.489   -0.670   -7.580    2.710   16.387    4.039
 220.60   22.907   23.307   23.384    4.299    1.901   -0.093    4.299    1.901   -0.178   -0.402    8.171   11.052    4.092
 220.70   22.878   23.116   23.159    3.308    1.415   -0.122    3.308    1.415   -0.172   -0.403    4.681    6.480    2.351
 220.80   23.888   23.902   23.918    0.807    0.862    0.888    0.807    0.862    0.766    0.717    0.696    1.092    0.629
 220.90   22.640   22.687   22.718    1.469    1.180   -0.360    1.469    1.180   -0.425   -0.529    1.733    1.840    0.931
 221.00   21.708   21.910   21.926    2.969   -0.835   -1.292    2.969   -0.835    1.079   -3.837   -2.478    5.591    2.347
 221.10   21.223   21.299   21.355    1.803    1.549   -1.777    1.803    1.549   -2.753   -3.204    2.793    4.404    2.532
 221.20   21.652   21.767   21.863    2.241    2.039   -1.348    2.241    2.039   -2.750   -3.021    4.569    5.499    3.065
 221.30   20.519   20.575   20.608    1.514    1.167   -2.481    1.514    1.167   -2.894   -3.755    1.766    4.903    2.530
 221.40   20.367   20.375   20.397    0.589   -0.939   -2.633    0.589   -0.939    2.474   -1.550   -0.553    4.082    1.486
 221.50   19.036   19.037   19.038    0.135    0.208   -3.964    0.135    0.208   -0.825   -0.535    0.028    7.886    0.492
 221.60   18.485   18.503   18.503   -0.830   -0.023   -4.515   -0.830   -0.023    0.105    3.750    0.019   10.540    1.876
 221.70   18.369   18.392   18.396   -0.931    0.343   -4.631   -0.931    0.343   -1.587    4.310   -0.319   11.215    2.302
 221.80   18.649   18.785   18.797   -2.249    0.690   -4.351   -2.249    0.690   -3.000    9.786   -1.551   12.231    5.176
 221.90   19.575   19.577   19.609    0.245   -1.119   -3.425    0.245   -1.119    3.831   -0.840   -0.274    6.520    1.966
 222.00   20.159   20.160   20.178   -0.115   -0.855   -2.841   -0.115   -0.855    2.428    0.326    0.098    4.407    1.226
 222.10   20.373   20.456   20.545   -1.843   -1.916   -2.627   -1.843   -1.916    5.035    4.841    3.531    6.985    3.913
 222.20   20.079   20.087   20.093   -0.542   -0.490   -2.921   -0.542   -0.490    1.432    1.583    0.266    4.532    1.075
 222.30   19.139   19.170   19.182   -1.092    0.673   -3.861   -1.092    0.673   -2.599    4.218   -0.735    8.278    2.504
 222.40   19.041   19.057   19.059   -0.791   -0.214   -3.959   -0.791   -0.214    0.848    3.133    0.169    8.173    1.625
 222.50   20.022   20.048   20.082   -1.032   -1.164   -2.978   -1.032   -1.164    3.467    3.073    1.201    5.645    2.393
 222.60   20.037   20.049   20.067   -0.698   -0.845   -2.963   -0.698   -0.845    2.502    2.067    0.589    4.989    1.649
 222.70   19.319   19.319   19.394   -0.043   -1.695   -3.681   -0.043   -1.695    6.239    0.157    0.072    8.212    3.121
 222.80   19.536   19.554   19.558   -0.826   -0.399   -3.464   -0.826   -0.399    1.380    2.860    0.329    6.419    1.596
 222.90   20.162   20.179   20.189   -0.838   -0.622   -2.838   -0.838   -0.622    1.764    2.377    0.521    4.572    1.503
 223.00   22.974   22.981   23.014   -0.562   -1.232   -0.026   -0.562   -1.232    0.032    0.015    0.693    0.917    0.347
 223.10   22.678   22.683   22.797    0.481   -2.271   -0.322    0.481   -2.271    0.730   -0.155   -1.092    2.746    0.661
 223.20   21.447   21.463   21.479    0.821   -0.845   -1.553    0.821   -0.845    1.311   -1.275   -0.693    1.899    0.978
 223.30   19.332   19.356   19.435   -0.971   -1.747   -3.668   -0.971   -1.747    6.410    3.560    1.696    8.725    3.763
 223.40   20.712   20.712   20.840   -0.115   -2.307   -2.288   -0.115   -2.307    5.277    0.264    0.266    5.284    2.645
 223.50   21.117   21.123   21.136    0.520   -0.739   -1.883    0.520   -0.739    1.391   -0.978   -0.384    2.181    0.872
 223.60   21.270   21.270   21.316    0.080   -1.393   -1.730    0.080   -1.393    2.410   -0.139   -0.112    2.470    1.209
 223.70   21.921   22.032   22.066   -2.202   -1.231   -1.079   -2.202   -1.231    1.328    2.375    2.711    3.764    1.920
 223.80   21.381   21.414   21.441   -1.192   -1.081   -1.619   -1.192   -1.081    1.750    1.930    1.288    2.606    1.453
 223.90   22.479   22.481   22.529   -0.293   -1.469   -0.521   -0.293   -1.469    0.765    0.152    0.430    1.257    0.445
 224.00   21.833   21.861   21.906   -1.091   -1.402   -1.167   -1.091   -1.402    1.635    1.273    1.530    2.258    1.288
 224.10   23.071   23.133   23.134   -1.691    0.209    0.071   -1.691    0.209    0.015   -0.120   -0.353    1.454    0.187
 224.20   22.768   22.812   22.824   -1.418   -0.753   -0.232   -1.418   -0.753    0.175    0.330    1.068    1.316    0.566
 224.30   22.212   22.215   22.216    0.407   -0.153   -0.788    0.407   -0.153    0.120   -0.321   -0.062    0.405    0.174
 224.40   21.362   21.366   21.423    0.445   -1.553   -1.638    0.445   -1.553    2.544   -0.729   -0.691    2.646    1.367
 224.50   20.293   20.299   20.447    0.490   -2.457   -2.707    0.490   -2.457    6.650   -1.328   -1.205    6.802    3.444
 224.60   20.087   20.099   20.198    0.707   -1.996   -2.913    0.707   -1.996    5.815   -2.059   -1.411    6.485    3.164
 224.70   18.786   18.796   18.796    0.614   -0.044   -4.214    0.614   -0.044    0.186   -2.588   -0.027    9.068    1.297
 224.80   17.718   17.826   17.900    1.955    1.634   -5.282    1.955    1.634   -8.632  -10.327    3.195   17.196    6.917
 224.90   17.342   17.695   17.717    3.516    0.889   -5.658    3.516    0.889   -5.028  -19.891    3.125   22.580   10.377
 225.00   18.027   18.111   18.111    1.736   -0.054   -4.973    1.736   -0.054    0.268   -8.633   -0.094   13.873    4.319
 225.10   18.573   18.699   18.699    2.162   -0.143   -4.427    2.162   -0.143    0.633   -9.572   -0.309   12.146    4.799
 225.20   18.511   18.580   18.591    1.600   -0.663   -4.489    1.600   -0.663    2.976   -7.183   -1.061   11.577    3.924
 225.30   16.863   16.937   16.944    1.581   -0.472   -6.137    1.581   -0.472    2.893   -9.705   -0.746   20.191    5.077
 225.40   18.251   18.251   18.263    0.034    0.652   -4.749    0.034    0.652   -3.097   -0.160    0.022   11.489    1.551
 225.50   20.638   20.662   20.662    0.983    0.035   -2.362    0.983    0.035   -0.082   -2.321    0.034    3.272    1.161
 225.60   20.522   20.535   20.542   -0.715   -0.534   -2.478   -0.715   -0.534    1.323    1.773    0.382    3.468    1.122
 225.70   20.990   21.028   21.063   -1.261   -1.206   -2.010   -1.261   -1.206    2.424    2.533    1.520    3.542    1.911
 225.80   21.198   21.280   21.339   -1.867   -1.584   -1.802   -1.867   -1.584    2.854    3.366    2.957    4.622    2.656
 225.90   20.215   20.333   20.357   -2.184   -0.987   -2.785   -2.184   -0.987    2.748    6.082    2.155    6.749    3.507
 226.00   21.013   21.282   21.286   -3.370   -0.432   -1.987   -3.370   -0.432    0.859    6.694    1.456    7.744    3.452
 226.10   20.837   21.059   21.075   -3.052   -0.813   -2.163   -3.052   -0.813    1.758    6.603    2.480    7.328    3.634
 226.20   22.901   23.075   23.079   -2.821   -0.476   -0.099   -2.821   -0.476    0.047    0.278    1.342    4.097    0.686
 226.30   23.037   23.046   23.070   -0.658   -1.048    0.037   -0.658   -1.048   -0.038   -0.024    0.689    0.766    0.345
 226.40   23.324   23.325   23.326   -0.238   -0.244    0.324   -0.238   -0.244   -0.079   -0.077    0.058    0.110    0.062
 226.50   24.140   24.143   24.179    0.375   -1.326    1.140    0.375   -1.326   -1.511    0.428   -0.497    1.599    0.824
 226.60   24.081   24.084   24.132    0.388   -1.530    1.081    0.388   -1.530   -1.654    0.419   -0.593    1.830    0.903
 226.70   22.449   22.478   22.769    1.137   -3.632   -0.551    1.137   -3.632    2.001   -0.626   -4.129    7.392    2.315
 226.80   22.470   22.581   22.926    2.232   -3.961   -0.530    2.232   -3.961    2.097   -1.182   -8.842   10.477    4.582
 226.90   22.337   22.476   22.637    2.496   -2.694   -0.663    2.496   -2.694    1.785   -1.654   -6.725    6.964    3.576
 227.00   21.779   21.952   22.161    2.747   -3.038   -1.221    2.747   -3.038    3.708   -3.353   -8.346    9.133    4.864
 227.10   21.465   21.533   21.633    1.710   -2.076   -1.535    1.710   -2.076    3.186   -2.624   -3.550    4.795    2.722
 227.20   22.000   22.011   22.155   -0.717   -2.521   -1.000   -0.717   -2.521    2.522    0.718    1.809    3.937    1.593
 227.30   21.761   21.765   21.773    0.410   -0.606   -1.239    0.410   -0.606    0.751   -0.508   -0.248    1.035    0.470
 227.40   22.238   22.258   22.306    0.952   -1.454   -0.762    0.952   -1.454    1.108   -0.725   -1.384    1.800    0.958
 227.50   23.024   23.119   23.136   -2.086   -0.900    0.024   -2.086   -0.900   -0.022   -0.051    1.879    2.582    0.940
 227.60   23.605   23.677   23.679   -1.844    0.284    0.605   -1.844    0.284    0.172   -1.117   -0.525    1.924    0.623
 227.70   22.988   23.239   23.243   -3.408    0.410   -0.012   -3.408    0.410   -0.005    0.041   -1.399    5.893    0.700
 227.80   22.879   23.312   23.324   -4.473    0.748   -0.121   -4.473    0.748   -0.091    0.543   -3.344   10.291    1.694
 227.90   24.796   25.170   25.171   -4.323   -0.250    1.796   -4.323   -0.250   -0.448   -7.764    1.079   10.986    3.926
 228.00   25.437   26.071   26.079   -5.714    0.665    2.437   -5.714    0.665    1.620  -13.924   -3.797   19.513    7.262
 228.10   24.705   25.486   25.531   -6.260    1.524    1.705   -6.260    1.524    2.599  -10.673   -9.542   22.207    7.275
 228.20   22.467   23.596   23.660   -7.213    1.727   -0.533   -7.213    1.727   -0.920    3.844  -12.453   27.643    6.533
 228.30   20.052   20.914   20.935   -5.944    0.922   -2.948   -5.944    0.922   -2.718   17.524   -5.480   22.437    9.281
 228.40   20.554   21.225   21.227   -5.298    0.228   -2.446   -5.298    0.228   -0.559   12.963   -1.210   17.056    6.516
 228.50   19.121   20.775   20.783   -8.124   -0.571   -3.879   -8.124   -0.571    2.217   31.517    4.643   40.691   15.967
 228.60   20.578   21.707   21.716   -6.907    0.653   -2.422   -6.907    0.653   -1.582   16.727   -4.512   27.000    8.698
 228.70   21.215   21.971   21.977   -5.714   -0.498   -1.785   -5.714   -0.498    0.888   10.199    2.843   18.043    5.313
 228.80   20.956   21.696   21.716   -5.618    0.938   -2.044   -5.618    0.938   -1.917   11.483   -5.268   18.310    6.389
 228.90   20.595   21.351   21.357   -5.631    0.519   -2.405   -5.631    0.519   -1.249   13.543   -2.925   18.880    6.956
 229.00   19.640   20.379   20.380   -5.440    0.135   -3.360   -5.440    0.135   -0.454   18.278   -0.736   20.450    9.149
 229.10   18.148   18.679   18.723   -4.421    1.288   -4.852   -4.421    1.288   -6.252   21.452   -5.697   22.375   11.530
 229.20   18.544   18.934   18.948   -3.822    0.749   -4.456   -3.822    0.749   -3.337   17.033   -2.862   17.514    8.795
 229.30   18.639   18.903   18.910   -3.148    0.516   -4.361   -3.148    0.516   -2.252   13.731   -1.625   14.600    7.005
 229.40   18.073   18.250   18.256   -2.537   -0.472   -4.927   -2.537   -0.472    2.324   12.498    1.196   15.467    6.384
 229.50   18.569   19.023   19.025   -4.131    0.322   -4.431   -4.131    0.322   -1.427   18.304   -1.330   18.401    9.204
 229.60   18.963   19.428   19.459   -4.225    1.099   -4.037   -4.225    1.099   -4.438   17.059   -4.645   17.681    9.114
 229.70   18.520   19.257   19.259   -5.279    0.241   -4.480   -5.279    0.241   -1.081   23.651   -1.274   24.000   11.855
 229.80   20.196   20.487   20.489   -3.442   -0.275   -2.804   -3.442   -0.275    0.772    9.651    0.948    9.892    4.864
 229.90   19.632   19.840   19.851   -2.868    0.651   -3.368   -2.868    0.651   -2.194    9.662   -1.869    9.999    5.041
 230.00   20.375   20.552   20.552   -2.691    0.107   -2.625   -2.691    0.107   -0.280    7.065   -0.287    7.073    3.538
 230.10   19.866   19.932   19.975   -1.615    1.321   -3.134   -1.615    1.321   -4.141    5.061   -2.134    7.088    3.439
 230.20   19.819   19.897   19.899   -1.768    0.216   -3.181   -1.768    0.216   -0.687    5.625   -0.382    6.647    2.840
 230.30   19.341   19.473   19.482   -2.265    0.580   -3.659   -2.265    0.580   -2.123    8.287   -1.314    9.427    4.327
 230.40   20.166   20.179   20.225   -0.710    1.367   -2.834   -0.710    1.367   -3.873    2.013   -0.971    5.201    2.236
 230.50   21.133   21.134   21.212    0.127    1.826   -1.867    0.127    1.826   -3.409   -0.236    0.231    3.418    1.713
 230.60   21.575   21.605   21.605   -1.134   -0.012   -1.425   -1.134   -0.012    0.018    1.615    0.014    1.658    0.808
 230.70   20.449   20.515   20.525   -1.637   -0.662   -2.551   -1.637   -0.662    1.689    4.175    1.084    4.812    2.316
 230.80   20.208   20.321   20.323   -2.140   -0.252   -2.792   -2.140   -0.252    0.704    5.974    0.540    6.219    3.020
 230.90   22.238   22.517   22.523   -3.538   -0.504   -0.762   -3.538   -0.504    0.384    2.697    1.782    6.676    1.628
 231.00   22.305   22.641   22.665   -3.887   -1.030   -0.695   -3.887   -1.030    0.716    2.700    4.004    8.326    2.441
 231.10   22.565   22.974   22.978   -4.319   -0.390   -0.435   -4.319   -0.390    0.170    1.880    1.683    9.498    1.265
 231.20   22.969   23.193   23.198   -3.214    0.518   -0.031   -3.214    0.518   -0.016    0.101   -1.666    5.301    0.835
 231.30   21.994   22.165   22.175   -2.744    0.685   -1.006   -2.744    0.685   -0.689    2.760   -1.880    4.505    1.705
 231.40   21.874   22.225   22.282   -3.935    1.588   -1.126   -3.935    1.588   -1.788    4.429   -6.249    9.636    3.933
 231.50   22.677   22.971   23.014   -3.666    1.403   -0.323   -3.666    1.403   -0.453    1.184   -5.143    7.755    2.648
 231.60   23.197   23.306   23.312   -2.246   -0.526    0.197   -2.246   -0.526   -0.104   -0.443    1.181    2.680    0.633
 231.70   22.999   23.011   23.016   -0.728   -0.501   -0.001   -0.728   -0.501    0.000    0.001    0.365    0.391    0.183
 231.80   23.668   23.826   23.834   -2.741   -0.624    0.668   -2.741   -0.624   -0.417   -1.831    1.711    4.175    1.270
 231.90   24.094   24.742   24.748   -5.624   -0.563    1.094   -5.624   -0.563   -0.616   -6.154    3.168   16.574    3.475
 232.00   24.258   24.806   24.808   -5.185    0.338    1.258   -5.185    0.338    0.425   -6.523   -1.751   14.290    3.384
 232.10   24.444   24.808   24.809   -4.234   -0.271    1.444   -4.234   -0.271   -0.392   -6.114    1.149   10.044    3.117
 232.20   23.435   23.657   23.659   -3.236    0.261    0.435   -3.236    0.261    0.114   -1.408   -0.846    5.365    0.823
 232.30   22.412   22.836   22.860   -4.378    1.054   -0.588   -4.378    1.054   -0.619    2.573   -4.613   10.311    2.659
 232.40   21.822   22.131   22.170   -3.684    1.316   -1.178   -3.684    1.316   -1.551    4.341   -4.850    8.347    3.345
 232.50   23.310   23.410   23.439   -2.167    1.171    0.310   -2.167    1.171    0.363   -0.671   -2.537    3.081    1.324
 232.60   23.512   23.711   23.711   -3.066   -0.098    0.512   -3.066   -0.098   -0.050   -1.569    0.300    4.837    0.799
 232.70   23.813   24.043   24.054   -3.322   -0.709    0.813   -3.322   -0.709   -0.576   -2.700    2.356    6.101    1.815
 232.80   23.303   23.401   23.411   -2.145    0.666    0.303   -2.145    0.666    0.202   -0.649   -1.428    2.567    0.791
 232.90   22.619   22.781   22.832   -2.711    1.521   -0.381   -2.711    1.521   -0.579    1.033   -4.123    4.904    2.145
 233.00   24.265   24.822   24.907   -5.231    2.050    1.265   -5.231    2.050    2.592   -6.615  -10.721   16.580    6.431
 233.10   23.652   24.332   24.332   -5.711   -0.040    0.652   -5.711   -0.040   -0.026   -3.724    0.227   16.524    1.865
 233.20   23.317   23.781   23.820   -4.679    1.351    0.317   -4.679    1.351    0.428   -1.481   -6.323   11.910    3.254
 233.30   23.565   23.780   23.860   -3.188    1.955    0.565   -3.188    1.955    1.105   -1.802   -6.235    7.155    3.292
 233.40   23.809   23.858   23.974   -1.518    2.360    0.809   -1.518    2.360    1.910   -1.229   -3.583    4.265    2.121
 233.50   23.961   24.076   24.249   -2.351    2.890    0.961   -2.351    2.890    2.777   -2.260   -6.797    7.403    3.841
 233.60   23.573   23.677   23.841   -2.217    2.798    0.573   -2.217    2.798    1.602   -1.269   -6.202    6.535    3.265
 233.70   23.698   23.852   24.010   -2.701    2.756    0.698   -2.701    2.756    1.924   -1.886   -7.443    7.688    3.958
 233.80   23.874   24.244   24.271   -4.220    1.152    0.874   -4.220    1.152    1.006   -3.686   -4.860    9.948    3.091
 233.90   23.855   24.147   24.148   -3.746    0.168    0.855   -3.746    0.168    0.144   -3.203   -0.631    7.395    1.634
 234.00   22.870   23.111   23.132   -3.334    0.969   -0.130   -3.334    0.969   -0.126    0.434   -3.232    6.036    1.632
 234.10   20.599   21.104   21.175   -4.588    1.738   -2.401   -4.588    1.738   -4.174   11.016   -7.975   14.919    7.113
 234.20   20.336   20.878   20.976   -4.727    2.023   -2.664   -4.727    2.023   -5.388   12.591   -9.562   16.766    8.352
 234.30   20.197   20.904   20.985   -5.389    1.844   -2.803   -5.389    1.844   -5.169   15.106   -9.937   20.150    9.403
 234.40   19.417   19.835   19.848   -4.049    0.731   -3.583   -4.049    0.731   -2.619   14.510   -2.960   14.885    7.519
 234.50   20.740   20.829   20.836   -1.927    0.512   -2.260   -1.927    0.512   -1.158    4.354   -0.987    4.541    2.306
 234.60   19.920   19.943   19.951   -0.958    0.548   -3.080   -0.958    0.548   -1.687    2.952   -0.525    5.353    1.720
 234.70   18.392   18.470   18.471   -1.702   -0.084   -4.608   -1.702   -0.084    0.386    7.843    0.142   12.069    3.927
 234.80   19.114   19.144   19.145   -1.088    0.094   -3.886   -1.088    0.094   -0.365    4.229   -0.102    8.149    2.123
 234.90   18.903   18.934   18.962   -1.083   -1.033   -4.097   -1.083   -1.033    4.234    4.437    1.119    9.514    3.117
 235.00   19.319   19.323   19.338   -0.428    0.746   -3.681   -0.428    0.746   -2.747    1.576   -0.319    7.147    1.591
 235.10   19.525   19.525   19.538    0.054   -0.722   -3.475    0.054   -0.722    2.510   -0.187   -0.039    6.301    1.259
 235.20   19.567   19.569   19.573    0.294   -0.379   -3.433    0.294   -0.379    1.303   -1.011   -0.112    6.009    0.826
 235.30   21.021   21.034   21.039   -0.738    0.471   -1.979   -0.738    0.471   -0.933    1.461   -0.348    2.343    0.884
 235.40   20.094   20.094   20.097    0.121   -0.344   -2.906    0.121   -0.344    1.000   -0.351   -0.042    4.289    0.530
 235.50   20.192   20.192   20.240   -0.016    1.404   -2.808   -0.016    1.404   -3.942    0.044   -0.022    4.929    1.971
 235.60   21.220   21.227   21.437    0.547    2.993   -1.780    0.547    2.993   -5.327   -0.973    1.636    6.211    2.828
 235.70   21.630   21.640   21.762    0.639    2.302   -1.370    0.639    2.302   -3.153   -0.875    1.470    3.791    1.794
 235.80   19.648   19.650   19.744   -0.309    1.921   -3.352   -0.309    1.921   -6.438    1.036   -0.594    7.510    3.274
 235.90   20.312   20.441   20.530    2.295    1.909   -2.688    2.295    1.909   -5.132   -6.169    4.381    8.069    4.571
 236.00   22.370   22.535   22.712    2.717    2.832   -0.630    2.717    2.832   -1.783   -1.710    7.693    7.898    4.040
 236.10   21.118   21.223   21.245    2.115    0.972   -1.882    2.115    0.972   -1.831   -3.981    2.056    4.481    2.420
 236.20   20.945   21.118   21.165    2.701   -1.399   -2.055    2.701   -1.399    2.876   -5.550   -3.780    6.738    3.653
 236.30   22.772   22.788   22.888    0.843   -2.140   -0.228    0.843   -2.140    0.487   -0.192   -1.803    2.670    0.939
 236.40   24.515   24.550   24.589   -1.317   -1.387    1.515   -1.317   -1.387   -2.102   -1.995    1.827    2.977    1.713
 236.50   23.663   23.683   23.898   -0.982   -3.201    0.663   -0.982   -3.201   -2.120   -0.651    3.143    5.824    1.924
 236.60   22.947   22.974   23.048   -1.100   -1.850   -0.053   -1.100   -1.850    0.097    0.058    2.036    2.319    1.020
 236.70   22.451   22.453   22.525   -0.305   -1.791   -0.549   -0.305   -1.791    0.983    0.167    0.546    1.800    0.568
 236.80   22.385   22.388   22.501   -0.333   -2.256   -0.615   -0.333   -2.256    1.387    0.205    0.752    2.790    0.796
 236.90   19.188   19.193   19.363   -0.444   -2.558   -3.812   -0.444   -2.558    9.750    1.694    1.137   10.635    4.980
 237.00   18.471   18.522   18.581   -1.382   -1.478   -4.529   -1.382   -1.478    6.693    6.257    2.041   12.303    4.693
 237.10   18.310   18.522   18.663   -2.795   -2.285   -4.690   -2.795   -2.285   10.715   13.108    6.387   17.513    9.048
 237.20   19.362   19.630   19.883   -3.228   -3.163   -3.638   -3.228   -3.163   11.506   11.741   10.210   16.828    9.676
 237.30   20.058   20.335   20.632   -3.348   -3.488   -2.942   -3.348   -3.488   10.264    9.853   11.680   16.019    9.204
 237.40   20.060   20.227   20.245   -2.593   -0.838   -2.940   -2.593   -0.838    2.463    7.622    2.173    8.033    4.150
 237.50   20.917   21.117   21.157   -2.899   -1.304   -2.083   -2.899   -1.304    2.716    6.039    3.779    7.221    3.812
 237.60   19.624   19.680   19.784   -1.491   -2.021   -3.376   -1.491   -2.021    6.825    5.035    3.014    8.855    4.500
 237.70   20.810   20.818   20.824   -0.591   -0.480   -2.190   -0.591   -0.480    1.052    1.293    0.284    2.688    0.846
 237.80   19.307   19.324   19.325   -0.803   -0.185   -3.693   -0.803   -0.185    0.685    2.967    0.149    7.159    1.524
 237.90   19.816   19.848   19.857    1.131   -0.577   -3.184    1.131   -0.577    1.837   -3.602   -0.653    5.876    2.048
 238.00   21.049   21.072   21.076    0.995   -0.415   -1.951    0.995   -0.415    0.809   -1.942   -0.413    2.485    1.072
 238.10   21.148   21.168   21.326    0.917   -2.591   -1.852    0.917   -2.591    4.798   -1.697   -2.375    5.492    2.808
 238.20   21.581   21.583   21.748   -0.239   -2.674   -1.419   -0.239   -2.674    3.793    0.339    0.640    4.610    1.931
 238.30   23.151   23.243   23.268   -2.065   -1.080    0.151   -2.065   -1.080   -0.163   -0.311    2.230    2.726    1.129
 238.40   22.627   22.683   22.774   -1.595    2.043   -0.373   -1.595    2.043   -0.763    0.596   -3.259    3.429    1.700
 238.50   24.011   24.032   24.132   -1.001    2.196    1.011   -1.001    2.196    2.220   -1.011   -2.198    3.424    1.642
 238.60   24.394   24.394   24.463    0.020    1.828    1.394    0.020    1.828    2.549    0.027    0.036    2.643    1.275
 238.70   23.871   23.889   23.948   -0.936    1.678    0.871   -0.936    1.678    1.461   -0.815   -1.571    2.225    1.148
 238.80   23.633   23.633   23.652    0.086    0.948    0.633    0.086    0.948    0.600    0.055    0.082    0.654    0.304
 238.90   23.964   23.965   24.054    0.222    2.059    0.964    0.222    2.059    1.986    0.214    0.456    2.609    1.024
 239.00   25.677   25.691   25.774    0.853    2.063    2.677    0.853    2.063    5.521    2.284    1.760    6.074    3.114
 239.10   25.895   25.937   26.023    1.466    2.120    2.895    1.466    2.120    6.139    4.246    3.109    7.515    4.043
 239.20   25.269   25.342   25.410    1.925    1.856    2.269    1.925    1.856    4.211    4.369    3.573    6.150    3.521
 239.30   27.463   27.840   27.910    4.571    1.963    4.463    4.571    1.963    8.759   20.397    8.971   22.329   11.971
 239.40   26.316   26.589   26.720    3.804    2.645    3.316    3.804    2.645    8.769   12.613   10.062   16.230    9.182
 239.50   27.028   27.422   27.712    4.634    3.994    4.028    4.634    3.994   16.089   18.668   18.511   26.828   15.411
 239.60   25.964   26.509   26.572    5.347    1.831    2.964    5.347    1.831    5.428   15.848    9.793   20.366    9.702
 239.70   25.724   26.149   26.194    4.696    1.538    2.724    4.696    1.538    4.191   12.792    7.224   15.919    7.638
 239.80   25.353   26.023   26.158    5.863    2.660    2.353    5.863    2.660    6.261   13.798   15.598   23.495   10.873
 239.90   25.062   25.565   25.577    5.047    0.791    2.062    5.047    0.791    1.630   10.407    3.990   15.175    5.632
 240.00   26.802   27.027   27.027    3.486    0.077    3.802    3.486    0.077    0.294   13.252    0.269   13.304    6.629
 240.10   27.442   27.572   27.585    2.670    0.840    4.442    2.670    0.840    3.734   11.860    2.244   13.784    6.317
 240.20   26.367   26.399   26.401    1.302    0.386    3.367    1.302    0.386    1.300    4.382    0.502    6.588    2.299
 240.30   27.580   27.608   27.613    1.224   -0.556    4.580    1.224   -0.556   -2.548    5.606   -0.681   11.394    3.097
 240.40   27.843   27.878   27.929    1.392   -1.700    4.843    1.392   -1.700   -8.235    6.742   -2.367   14.142    5.452
 240.50   27.898   27.919   27.932    1.072   -0.835    4.898    1.072   -0.835   -4.091    5.252   -0.896   12.921    3.359
 240.60   27.613   27.741   27.742    2.653   -0.234    4.613    2.653   -0.234   -1.080   12.241   -0.621   14.190    6.152
 240.70   26.002   26.274   26.274    3.771    0.019    3.002    3.771    0.019    0.058   11.321    0.073   11.616    5.660
 240.80   25.956   26.249   26.251    3.911   -0.348    2.956    3.911   -0.348   -1.029   11.561   -1.361   12.077    5.843
 240.90   26.630   26.929   26.930    4.002   -0.295    3.630    4.002   -0.295   -1.070   14.525   -1.180   14.638    7.306
 241.00   27.603   27.913   27.925    4.151   -0.806    4.603    4.151   -0.806   -3.708   19.107   -3.344   19.534    9.874
 241.10   27.924   28.195   28.242    3.903   -1.628    4.924    3.903   -1.628   -8.015   19.215   -6.353   21.062   10.884
 241.20   27.099   27.249   27.279    2.850   -1.277    4.099    2.850   -1.277   -5.233   11.684   -3.639   13.279    6.655
 241.30   26.894   27.124   27.127    3.524   -0.355    3.894    3.524   -0.355   -1.381   13.723   -1.249   13.854    6.924
 241.40   28.004   28.076   28.076    2.012    0.052    5.004    2.012    0.052    0.259   10.068    0.104   14.544    5.036
 241.50   28.003   28.083   28.096    2.108   -0.875    5.003    2.108   -0.875   -4.378   10.547   -1.844   15.122    5.784
 241.60   28.460   28.546   28.553    2.217   -0.610    5.460    2.217   -0.610   -3.332   12.105   -1.353   17.550    6.314
 241.70   29.141   29.175   29.175    1.422   -0.030    6.141    1.422   -0.030   -0.182    8.735   -0.042   19.867    4.369
 241.80   29.604   29.604   29.608   -0.049    0.443    6.604   -0.049    0.443    2.923   -0.324   -0.022   21.907    1.470
 241.90   29.406   29.408   29.409    0.291    0.214    6.406    0.291    0.214    1.372    1.865    0.062   20.586    1.158
 242.00   28.660   28.684   28.687    1.162    0.425    5.660    1.162    0.425    2.406    6.575    0.494   16.785    3.509
 242.10   28.737   28.737   28.758   -0.024    1.104    5.737   -0.024    1.104    6.331   -0.138   -0.027   17.066    3.166
 242.20   28.052   28.057   28.057    0.549    0.067    5.052    0.549    0.067    0.337    2.773    0.037   12.912    1.397
 242.30   27.449   27.497   27.498    1.631    0.223    4.449    1.631    0.223    0.991    7.256    0.363   11.252    3.666
 242.40   27.425   27.476   27.477    1.669   -0.291    4.425    1.669   -0.291   -1.286    7.385   -0.485   11.225    3.756
 242.50   24.878   25.076   25.077    3.142   -0.242    1.878    3.142   -0.242   -0.454    5.902   -0.760    6.729    2.984
 242.60   26.327   26.771   26.849    4.856    2.044    3.327    4.856    2.044    6.803   16.156    9.927   19.414   10.073
 242.70   27.310   27.754   27.827    4.942    2.019    4.310    4.942    2.019    8.701   21.299    9.977   23.537   12.539
 242.80   29.004   29.373   29.414    4.640    1.559    6.004    4.640    1.559    9.362   27.860    7.236   30.006   15.134
 242.90   29.534   30.007   30.061    5.306    1.814    6.534    5.306    1.814   11.851   34.669    9.625   37.068   18.941
 243.00   29.410   29.846   29.873    5.087    1.253    6.410    5.087    1.253    8.034   32.605    6.376   34.265   17.090
 243.10   28.652   29.146   29.156    5.345    0.732    5.652    5.345    0.732    4.137   30.212    3.912   30.527   15.372
 243.20   29.740   30.169   30.172    5.068    0.406    6.740    5.068    0.406    2.738   34.159    2.059   35.640   17.165
 243.30   29.568   29.917   29.917    4.557    0.113    6.568    4.557    0.113    0.739   29.932    0.513   31.960   14.973
 243.40   28.523   28.628   28.631    2.444    0.473    5.523    2.444    0.473    2.615   13.500    1.157   18.351    6.900
 243.50   28.412   28.472   28.477    1.849    0.521    5.412    1.849    0.521    2.819   10.005    0.963   16.489    5.219
 243.60   27.805   27.861   27.864    1.779   -0.345    4.805    1.779   -0.345   -1.659    8.547   -0.614   13.184    4.364
 243.70   28.451   28.614   28.628    3.046    0.886    5.451    3.046    0.886    4.832   16.604    2.700   19.890    8.751
 243.80   28.968   28.993   29.041    1.203    1.670    5.968    1.203    1.670    9.969    7.179    2.009   19.927    6.224
 243.90   26.303   26.366   26.369    1.824    0.377    3.303    1.824    0.377    1.245    6.026    0.688    7.190    3.096
 244.00   25.619   25.689   25.702    1.887    0.836    2.619    1.887    0.836    2.190    4.942    1.578    5.560    2.815
 244.10   25.528   25.579   25.581    1.607   -0.328    2.528    1.607   -0.328   -0.830    4.063   -0.528    4.541    2.090
 244.20   25.124   25.132   25.137    0.614    0.503    2.124    0.614    0.503    1.068    1.305    0.309    2.571    0.857
 244.30   24.648   24.670   24.695    1.046    1.118    1.648    1.046    1.118    1.842    1.724    1.170    2.530    1.391
 244.40   25.449   25.478   25.560    1.226    2.047    2.449    1.226    2.047    5.014    3.001    2.509    5.845    3.180
 244.50   27.536   27.538   27.623   -0.297    2.173    4.536   -0.297    2.173    9.857   -1.349   -0.646   12.694    4.985
 244.60   27.298   27.299   27.432    0.296    2.696    4.298    0.296    2.696   11.586    1.274    0.799   12.913    5.842
 244.70   27.569   27.582   27.627    0.820    1.576    4.569    0.820    1.576    7.201    3.749    1.293   12.018    4.111
 244.80   27.191   27.214   27.218    1.105    0.485    4.191    1.105    0.485    2.034    4.629    0.536    9.511    2.542
 244.90   26.733   26.792   26.833    1.775    1.490    3.733    1.775    1.490    5.561    6.627    2.644    9.653    4.523
 245.00   27.420   27.450   27.450    1.277    0.067    4.420    1.277    0.067    0.297    5.644    0.086   10.586    2.826
 245.10   26.914   27.013   27.014    2.311   -0.262    3.914    2.311   -0.262   -1.025    9.044   -0.605   10.364    4.561
 245.20   27.862   27.946   27.952    2.170    0.578    4.862    2.170    0.578    2.809   10.549    1.254   14.339    5.494
 245.30   27.729   27.854   27.857    2.632    0.449    4.729    2.632    0.449    2.121   12.449    1.181   14.747    6.342
 245.40   27.924   27.966   27.975    1.536    0.692    4.924    1.536    0.692    3.408    7.564    1.063   13.543    4.182
 245.50   28.109   28.226   28.258    2.572    1.333    5.109    2.572    1.333    6.811   13.139    3.429   17.245    7.596
 245.60   28.607   28.637   28.723    1.312    2.222    5.607    1.312    2.222   12.460    7.355    2.915   19.049    7.380
 245.70   29.378   29.387   29.645    0.734    3.905    6.378    0.734    3.905   24.906    4.679    2.865   28.231   12.752
 245.80   28.891   28.959   29.441    1.989    5.305    5.891    1.989    5.305   31.249   11.716   10.550   33.398   17.500
 245.90   26.306   26.341   26.835    1.354    5.127    3.306    1.354    5.127   16.950    4.476    6.941   19.524    9.427
 246.00   25.974   25.991   26.321    0.953    4.150    2.974    0.953    4.150   12.342    2.835    3.956   13.488    6.634
 246.10   24.189   24.201   24.451    0.764    3.487    1.189    0.764    3.487    4.146    0.908    2.662    7.077    2.505
 246.20   23.771   23.883   23.977    2.316    2.122    0.771    2.316    2.122    1.635    1.785    4.914    5.230    2.739
 246.30   23.721   23.907   24.110    2.980    3.116    0.721    2.980    3.116    2.246    2.149    9.286    9.555    4.896
 246.40   24.564   24.676   24.890    2.348    3.254    1.564    2.348    3.254    5.089    3.673    7.639    9.273    4.944
 246.50   25.661   25.769   25.815    2.357    1.543    2.661    2.357    1.543    4.105    6.271    3.636    7.507    4.165
 246.60   24.773   24.902   24.923    2.531    1.026    1.773    2.531    1.026    1.818    4.488    2.596    5.301    2.747
 246.70   25.421   25.566   25.594    2.714    1.205    2.421    2.714    1.205    2.919    6.572    3.272    7.342    3.950
 246.80   25.042   25.168   25.231    2.524    1.781    2.042    2.524    1.781    3.637    5.153    4.497    6.856    3.873
 246.90   24.675   24.724   24.829    1.546    2.283    1.675    1.546    2.283    3.824    2.590    3.529    5.204    2.906
 247.00   23.705   23.804   23.888    2.178    1.997    0.705    2.178    1.997    1.407    1.535    4.349    4.614    2.411
 247.10   24.951   25.105   25.144    2.779    1.394    1.951    2.779    1.394    2.720    5.420    3.874    6.735    3.598
 247.20   26.479   26.749   26.879    3.788    2.644    3.479    3.788    2.644    9.197   13.178   10.014   16.720    9.468
 247.30   25.409   25.745   25.869    4.145    2.532    2.409    4.145    2.532    6.098    9.985   10.495   14.698    7.859
 247.40   26.209   26.553   26.673    4.257    2.532    3.209    4.257    2.532    8.127   13.664   10.779   17.418    9.604
 247.50   26.459   26.970   27.205    5.227    3.569    3.459    5.227    3.569   12.343   18.077   18.653   26.008   14.379
 247.60   26.624   27.354   27.573    6.278    3.466    3.624    6.278    3.466   12.562   22.752   21.758   32.279   16.948
 247.70   26.550   26.698   26.866    2.804    3.004    3.550    2.804    3.004   10.663    9.956    8.424   14.745    8.423
 247.80   26.813   26.961   27.139    2.823    3.099    3.813    2.823    3.099   11.819   10.763    8.749   16.057    9.111
 247.90   26.382   26.618   27.004    3.533    4.552    3.382    3.533    4.552   15.395   11.949   16.083   22.322   12.634
 248.00   26.974   27.342   27.625    4.473    3.939    3.974    4.473    3.939   15.653   17.776   17.618   25.657   14.760
 248.10   26.808   27.214   27.429    4.685    3.427    3.808    4.685    3.427   13.049   17.837   16.054   24.094   13.658
 248.20   26.815   27.019   27.123    3.308    2.372    3.815    3.308    2.372    9.050   12.620    7.846   15.562    8.700
 248.30   28.106   28.674   28.871    5.683    3.359    5.106    5.683    3.359   17.152   29.014   19.090   34.823   19.368
 248.40   26.566   27.398   27.452    6.703    1.714    3.566    6.703    1.714    6.113   23.901   11.491   30.290   13.608
 248.50   25.633   26.526   26.526    6.825    0.081    2.633    6.825    0.081    0.212   17.972    0.550   26.760    8.991
 248.60   25.603   26.543   26.547    7.001    0.449    2.603    7.001    0.449    1.168   18.222    3.142   27.995    9.264
 248.70   26.062   26.735   26.757    5.959   -1.079    3.062    5.959   -1.079   -3.303   18.250   -6.427   23.027    9.814
 248.80   25.813   26.430   26.438    5.676   -0.680    2.813    5.676   -0.680   -1.912   15.966   -3.858   20.296    8.268
 248.90   25.206   25.492   25.493    3.809   -0.149    2.206    3.809   -0.149   -0.328    8.403   -0.566    9.698    4.214
 249.00   27.283   27.590   27.593    4.106   -0.397    4.283    4.106   -0.397   -1.700   17.586   -1.629   17.680    8.872
 249.10   26.840   27.135   27.143    3.991   -0.687    3.840    3.991   -0.687   -2.636   15.325   -2.741   15.572    7.895
 249.20   27.952   28.424   28.425    5.160    0.207    4.952    5.160    0.207    1.026   25.551    1.069   25.594   12.797
 249.30   28.322   28.703   28.726    4.663    1.141    5.322    4.663    1.141    6.073   24.817    5.321   25.685   13.049
 249.40   28.322   28.925   28.931    5.874    0.570    5.322    5.874    0.570    3.032   31.265    3.347   31.580   15.795
 249.50   28.785   29.086   29.094    4.173    0.712    5.785    4.173    0.712    4.119   24.137    2.971   25.690   12.333
 249.60   28.645   29.037   29.043    4.756    0.602    5.645    4.756    0.602    3.396   26.845    2.861   27.421   13.605
 249.70   28.657   28.988   28.988    4.363    0.106    5.657    4.363    0.106    0.598   24.685    0.461   25.528   12.348
 249.80   28.985   29.132   29.134    2.916    0.401    5.985    2.916    0.401    2.401   17.453    1.170   22.244    8.828
 249.90   28.810   29.008   29.012    3.388    0.440    5.810    3.388    0.440    2.558   19.685    1.492   22.714    9.953
 250.00   29.441   29.629   29.634    3.332    0.553    6.441    3.332    0.553    3.563   21.464    1.843   26.450   10.918
 250.10   29.532   29.817   29.817    4.112    0.024    6.532    4.112    0.024    0.159   26.857    0.100   29.786   13.429
 250.20   27.025   27.327   27.327    4.049    0.013    4.025    4.049    0.013    0.051   16.297    0.052   16.297    8.148
 250.30   25.839   26.022   26.027    3.077   -0.507    2.839    3.077   -0.507   -1.440    8.737   -1.561    8.894    4.496
 250.40   25.202   25.322   25.350    2.460   -1.192    2.202    2.460   -1.192   -2.624    5.416   -2.931    6.160    3.347
 250.50   24.851   25.177   25.282    4.040   -2.299    1.851    4.040   -2.299   -4.255    7.477   -9.286   12.515    6.329
 250.60   25.729   25.893   25.922    2.910   -1.222    2.729    2.910   -1.222   -3.333    7.941   -3.555    8.704    4.659
 250.70   23.261   23.625   23.631    4.133    0.538    0.261    4.133    0.538    0.140    1.079    2.223    8.718    1.237
 250.80   21.455   22.051   22.051    5.092    0.123   -1.545    5.092    0.123   -0.191   -7.868    0.628   14.165    3.948
 250.90   22.240   23.020   23.023    5.940   -0.387   -0.760    5.940   -0.387    0.294   -4.515   -2.302   18.008    2.538
 251.00   22.348   23.163   23.163    6.089    0.052   -0.652    6.089    0.052   -0.034   -3.967    0.318   18.749    1.990
 251.10   23.473   23.902   23.905    4.509   -0.343    0.473    4.509   -0.343   -0.162    2.132   -1.547   10.338    1.320
 251.20   23.449   23.897   23.902    4.603   -0.523    0.449    4.603   -0.523   -0.235    2.067   -2.409   10.831    1.592
 251.30   25.570   25.869   25.874    3.924    0.523    2.570    3.924    0.523    1.344   10.083    2.053   11.136    5.189
 251.40   25.855   26.338   26.375    5.020    1.394    2.855    5.020    1.394    3.981   14.330    7.000   17.645    8.219
 251.50   24.769   25.407   25.434    5.656    1.177    1.769    5.656    1.177    2.082   10.006    6.657   18.253    6.098
 251.60   24.343   24.722   24.728    4.315    0.521    1.343    4.315    0.521    0.699    5.795    2.247   10.348    3.127
 251.70   25.787   26.378   26.395    5.555    0.945    2.787    5.555    0.945    2.634   15.482    5.250   19.761    8.279
 251.80   27.249   27.421   27.439    3.060    0.998    4.249    3.060    0.998    4.241   13.003    3.054   14.208    7.007
 251.90   26.462   26.515   26.530    1.681   -0.865    3.462    1.681   -0.865   -2.994    5.821   -1.454    7.781    3.353
 252.00   26.233   26.244   26.249    0.782    0.523    3.233    0.782    0.523    1.690    2.528    0.409    5.667    1.534
 252.10   25.229   25.292   25.301    1.784    0.666    2.229    1.784    0.666    1.485    3.977    1.189    4.298    2.204
 252.20   25.121   25.154   25.156    1.276    0.335    2.121    1.276    0.335    0.712    2.707    0.428    3.121    1.416
 252.30   26.019   26.056   26.057    1.385    0.182    3.019    1.385    0.182    0.549    4.182    0.252    5.534    2.112
 252.40   25.412   25.418   25.420    0.586   -0.249    2.412    0.586   -0.249   -0.600    1.414   -0.146    3.111    0.771
 252.50   25.815   25.816   25.834   -0.279    0.972    2.815   -0.279    0.972    2.735   -0.784   -0.271    4.472    1.429
 252.60   25.210   25.220   25.254    0.724    1.302    2.210    0.724    1.302    2.877    1.599    0.942    3.551    1.712
 252.70   24.253   24.261   24.266    0.624   -0.517    1.253    0.624   -0.517   -0.648    0.781   -0.322    1.113    0.532
 252.80   24.629   24.629   24.680   -0.167   -1.586    1.629   -0.167   -1.586   -2.582   -0.273    0.265    2.597    1.305
 252.90   24.770   24.787   24.815    0.933   -1.166    1.770    0.933   -1.166   -2.064    1.651   -1.088    2.681    1.429
 253.00   24.972   24.978   24.987    0.505    0.701    1.972    0.505    0.701    1.382    0.996    0.354    2.318    0.870
 253.10   24.090   24.090   24.166    0.152    1.911    1.090    0.152    1.911    2.083    0.166    0.291    2.432    1.055
 253.20   23.871   23.975   24.109    2.228    2.540    0.871    2.228    2.540    2.213    1.941    5.659    6.088    3.190
 253.30   24.521   24.671   24.783    2.714    2.359    1.521    2.714    2.359    3.588    4.129    6.403    7.624    4.211
 253.40   26.940   27.022   27.082    2.094    1.813    3.940    2.094    1.813    7.143    8.253    3.797   11.599    5.778
 253.50   26.583   26.739   26.779    2.877    1.462    3.583    2.877    1.462    5.240   10.308    4.207   11.627    6.153
 253.60   26.204   26.368   26.368    2.934    0.013    3.204    2.934    0.013    0.043    9.401    0.039    9.437    4.700
 253.70   26.199   26.327   26.331    2.597    0.428    3.199    2.597    0.428    1.368    8.307    1.111    8.580    4.246
 253.80   26.308   26.649   26.657    4.246    0.667    3.308    4.246    0.667    2.205   14.046    2.830   14.708    7.249
 253.90   25.274   25.458   25.469    3.057    0.739    2.274    3.057    0.739    1.681    6.951    2.259    7.531    3.750
 254.00   24.775   24.980   24.996    3.201    0.893    1.775    3.201    0.893    1.585    5.680    2.858    7.095    3.276
 254.10   24.645   24.774   24.779    2.523    0.472    1.645    2.523    0.472    0.776    4.151    1.190    4.648    2.194
 254.20   24.490   24.638   24.649    2.701    0.752    1.490    2.701    0.752    1.120    4.023    2.030    5.039    2.322
 254.30   25.238   25.701   25.702    4.860    0.132    2.238    4.860    0.132    0.295   10.875    0.640   14.320    5.449
 254.40   25.515   26.207   26.218    5.980    0.778    2.515    5.980    0.778    1.958   15.041    4.654   21.344    7.933
 254.50   25.522   25.983   25.986    4.868   -0.450    2.522    4.868   -0.450   -1.136   12.279   -2.192   15.131    6.263
 254.60   24.785   24.904   24.949    2.428   -1.497    1.785    2.428   -1.497   -2.672    4.334   -3.634    5.660    3.127
 254.70   21.908   21.918   21.930    0.671   -0.725   -1.092    0.671   -0.725    0.792   -0.732   -0.486    1.084    0.592
 254.80   21.703   21.708   21.726   -0.473   -0.879   -1.297   -0.473   -0.879    1.140    0.613    0.416    1.339    0.680
 254.90   23.462   23.539   23.647   -1.901   -2.252    0.462   -1.901   -2.252   -1.041   -0.879    4.280    4.449    2.246
 255.00   23.051   23.277   23.401   -3.232   -2.411    0.051   -3.232   -2.411   -0.123   -0.165    7.792    8.131    3.897
 255.10   22.844   22.915   23.005   -1.809   -2.026   -0.156   -1.809   -2.026    0.316    0.282    3.665    3.701    1.845
 255.20   22.616   22.628   22.684   -0.748   -1.587   -0.384   -0.748   -1.587    0.610    0.287    1.187    1.613    0.682
 255.30   21.929   21.970   22.036   -1.341   -1.704   -1.071   -1.341   -1.704    1.825    1.436    2.286    2.925    1.629
 255.40   22.251   22.398   22.444   -2.558   -1.433   -0.749   -2.558   -1.433    1.073    1.915    3.664    4.578    2.136
 255.50   22.220   22.497   22.501   -3.517   -0.430   -0.780   -3.517   -0.430    0.335    2.743    1.513    6.583    1.575
 255.60   22.820   23.123   23.123   -3.730   -0.069   -0.180   -3.730   -0.069    0.012    0.672    0.258    6.977    0.360
 255.70   23.565   23.904   23.910   -4.015    0.509    0.565   -4.015    0.509    0.288   -2.267   -2.044    8.348    1.533
 255.80   24.881   25.557   25.569   -5.837   -0.798    1.881   -5.837   -0.798   -1.501  -10.982    4.657   19.126    6.011
 255.90   26.399   26.752   26.753   -4.334   -0.115    3.399   -4.334   -0.115   -0.392  -14.732    0.500   15.175    7.373
 256.00   25.869   26.539   26.563   -5.923    1.125    2.869   -5.923    1.125    3.229  -16.995   -6.666   22.290    9.270
 256.10   24.239   24.794   24.927   -5.214    2.575    1.239   -5.214    2.575    3.192   -6.462  -13.427   17.676    7.620
 256.20   23.412   23.817   24.096   -4.374    3.655    0.412   -4.374    3.655    1.507   -1.804  -15.987   16.330    8.080
 256.30   22.000   22.541   22.684   -4.910    2.545   -1.000   -4.910    2.545   -2.546    4.911  -12.499   15.796    6.834
 256.40   22.453   23.176   23.224   -5.745    1.493   -0.547   -5.745    1.493   -0.817    3.143   -8.578   17.767    4.586
 256.50   22.278   23.245   23.249   -6.636    0.387   -0.722   -6.636    0.387   -0.279    4.792   -2.568   22.355    2.722
 256.60   21.426   22.599   22.673   -7.186    1.833   -1.574   -7.186    1.833   -2.885   11.311  -13.171   28.737    8.800
 256.70   21.156   22.001   22.058   -6.037    1.588   -1.844   -6.037    1.588   -2.927   11.131   -9.585   21.184    7.489
 256.80   21.721   22.486   22.493   -5.815    0.565   -1.279   -5.815    0.565   -0.722    7.437   -3.283   17.882    4.081
 256.90   21.558   22.261   22.262   -5.549    0.223   -1.442   -5.549    0.223   -0.321    8.001   -1.236   16.461    4.051
 257.00   22.785   23.530   23.562   -5.876    1.216   -0.215   -5.876    1.216   -0.262    1.265   -7.145   18.026    3.630
 257.10   21.897   22.552   22.575   -5.394    1.021   -1.103   -5.394    1.021   -1.126    5.947   -5.508   15.676    4.092
 257.20   20.600   21.235   21.238   -5.155   -0.383   -2.400   -5.155   -0.383    0.918   12.373    1.972   16.240    6.282
 257.30   20.928   21.419   21.472   -4.560    1.509   -2.072   -4.560    1.509   -3.128    9.450   -6.883   13.684    6.051
 257.40   22.280   23.008   23.057   -5.746    1.493   -0.720   -5.746    1.493   -1.076    4.140   -8.577   17.879    4.792
 257.50   22.271   22.861   22.864   -5.161    0.370   -0.729   -5.161    0.370   -0.270    3.762   -1.910   13.650    2.114
 257.60   21.417   21.842   21.862   -4.288    0.941   -1.583   -4.288    0.941   -1.490    6.787   -4.036   10.888    4.018
 257.70   21.021   21.233   21.234   -2.994   -0.217   -1.979   -2.994   -0.217    0.429    5.925    0.649    6.465    2.988
 257.80   21.620   21.633   21.659   -0.765   -1.054   -1.380   -0.765   -1.054    1.455    1.056    0.806    1.801    0.985
 257.90   22.441   22.584   22.585   -2.533    0.270   -0.559   -2.533    0.270   -0.151    1.416   -0.683    3.401    0.789
 258.00   22.357   22.496   22.501   -2.492    0.507   -0.643   -2.492    0.507   -0.326    1.602   -1.264    3.441    1.033
 258.10   21.645   21.735   21.749   -1.982    0.764   -1.355   -1.982    0.764   -1.035    2.686   -1.513    3.174    1.626
 258.20   20.772   20.806   20.807   -1.187    0.139   -2.228   -1.187    0.139   -0.311    2.645   -0.166    3.196    1.334
 258.30   19.168   19.172   19.184   -0.384    0.694   -3.832   -0.384    0.694   -2.658    1.470   -0.266    7.657    1.525
 258.40   19.468   19.468   19.502    0.056    1.153   -3.532    0.056    1.153   -4.073   -0.197    0.064    6.904    2.039
 258.50   19.249   19.254   19.261    0.421    0.517   -3.751    0.421    0.517   -1.939   -1.577    0.217    7.257    1.255
 258.60   20.050   20.114   20.125    1.601    0.673   -2.950    1.601    0.673   -1.985   -4.722    1.077    5.858    2.617
 258.70   20.014   20.020   20.146    0.487    2.249   -2.986    0.487    2.249   -6.717   -1.455    1.096    7.107    3.480
 258.80   19.287   19.454   19.519   -2.542    1.594   -3.713   -2.542    1.594   -5.918    9.438   -4.052   11.393    5.927
 258.90   19.581   19.915   20.073   -3.634    2.507   -3.419   -3.634    2.507   -8.572   12.426   -9.112   15.592    8.816
 259.00   19.282   19.364   19.508   -1.773    2.369   -3.718   -1.773    2.369   -8.807    6.592   -4.201   11.289    5.888
 259.10   20.329   20.469   20.557   -2.391    1.897   -2.671   -2.391    1.897   -5.067    6.386   -4.535    8.224    4.664
 259.20   19.784   20.212   20.557   -4.137    3.750   -3.216   -4.137    3.750  -12.062   13.304  -15.513   20.760   11.865
 259.30   20.144   20.232   20.567   -1.881    3.697   -2.856   -1.881    3.697  -10.559    5.373   -6.956   12.683    6.869
 259.40   20.058   20.080   20.297   -0.932    2.961   -2.942   -0.932    2.961   -8.711    2.742   -2.760    9.146    4.770
 259.50   20.414   20.480   20.609   -1.652    2.296   -2.586   -1.652    2.296   -5.938    4.273   -3.793    7.345    4.120
 259.60   19.674   19.697   19.743   -0.963    1.344   -3.326   -0.963    1.344   -4.470    3.202   -1.293    6.899    2.824
 259.70   20.020   20.073   20.103   -1.449    1.107   -2.980   -1.449    1.107   -3.299    4.317   -1.604    6.102    2.832
 259.80   19.976   20.028   20.093   -1.446    1.610   -3.024   -1.446    1.610   -4.870    4.372   -2.328    6.914    3.473
 259.90   20.196   20.205   20.321    0.601    2.172   -2.804    0.601    2.172   -6.091   -1.685    1.305    6.471    3.227
 260.00   19.274   19.283   19.431   -0.569    2.395   -3.726   -0.569    2.395   -8.924    2.118   -1.362    9.971    4.636
 260.10   18.600   18.606   18.629   -0.436    0.932   -4.400   -0.436    0.932   -4.099    1.920   -0.407   10.207    2.272
 260.20   18.440   18.451   18.470   -0.650    0.826   -4.560   -0.650    0.826   -3.767    2.964   -0.537   10.951    2.412
 260.30   19.322   19.418   19.471   -1.924    1.436   -3.678   -1.924    1.436   -5.282    7.075   -2.763    9.644    4.625
 260.40   18.994   19.097   19.116   -1.983    0.839   -4.006   -1.983    0.839   -3.363    7.945   -1.665   10.343    4.393
 260.50   19.426   19.479   19.521   -1.447   -1.276   -3.574   -1.447   -1.276    4.560    5.171    1.845    8.248    3.568
 260.60   19.713   19.816   19.829   -2.012   -0.720   -3.287   -2.012   -0.720    2.366    6.615    1.449    7.686    3.586
 260.70   20.218   20.225   20.231   -0.534   -0.479   -2.782   -0.534   -0.479    1.333    1.486    0.256    4.128    1.006
 260.80   19.506   19.543   19.554   -1.215    0.637   -3.494   -1.215    0.637   -2.227    4.245   -0.774    7.046    2.428
 260.90   20.167   20.263   20.306   -1.967    1.328   -2.833   -1.967    1.328   -3.763    5.574   -2.613    6.831    3.607
 261.00   21.614   21.622   21.635    0.596    0.763   -1.386    0.596    0.763   -1.058   -0.827    0.455    1.430    0.709
 261.10   22.041   22.229   22.243    2.887    0.796   -0.959    2.887    0.796   -0.764   -2.769    2.299    4.944    1.840
 261.20   20.742   20.848   20.850    2.096   -0.268   -2.258    2.096   -0.268    0.605   -4.732   -0.562    4.781    2.402
 261.30   19.854   20.082   20.104    3.013   -0.947   -3.146    3.013   -0.947    2.979   -9.477   -2.853    9.934    5.168
 261.40   20.810   20.954   21.029    2.458    1.774   -2.190    2.458    1.774   -3.885   -5.383    4.359    6.992    3.971
 261.50   20.891   20.907   20.935    0.797    1.098   -2.109    0.797    1.098   -2.316   -1.681    0.875    3.144    1.496
 261.60   20.881   21.040   21.065    2.585    1.016   -2.119    2.585    1.016   -2.153   -5.478    2.626    6.103    3.223
 261.70   20.368   20.643   20.844    3.360    2.886   -2.632    3.360    2.886   -7.597   -8.845    9.699   13.275    7.583
 261.80   19.731   19.807   19.917    1.733    2.097   -3.269    1.733    2.097   -6.854   -5.665    3.633    9.042    4.803
 261.90   21.005   21.036   21.042    1.142    0.500   -1.995    1.142    0.500   -0.998   -2.277    0.571    2.766    1.276
 262.00   19.216   19.386   19.394    2.559    0.562   -3.784    2.559    0.562   -2.128   -9.683    1.439   10.592    5.009
 262.10   19.585   19.863   19.863    3.310   -0.105   -3.415    3.310   -0.105    0.359  -11.302   -0.348   11.313    5.657
 262.20   21.372   21.543   21.544    2.709    0.118   -1.628    2.709    0.118   -0.191   -4.409    0.318    5.000    2.212
 262.30   22.646   22.768   22.768    2.351   -0.126   -0.354    2.351   -0.126    0.045   -0.833   -0.296    2.834    0.442
 262.40   24.791   25.125   25.141    4.083   -0.889    1.791    4.083   -0.889   -1.593    7.315   -3.632   10.337    4.160
 262.50   25.917   26.549   26.599    5.760   -1.623    2.917    5.760   -1.623   -4.735   16.802   -9.348   22.159    9.901
 262.60   24.859   25.801   25.853    6.908   -1.633    1.859    6.908   -1.633   -3.036   12.843  -11.278   26.920    8.680
 262.70   25.273   26.176   26.182    6.817    0.543    2.273    6.817    0.543    1.234   15.494    3.700   25.967    7.989
 262.80   25.149   26.053   26.071    6.803   -0.955    2.149    6.803   -0.955   -2.052   14.622   -6.494   25.904    8.065
 262.90   24.678   25.510   25.544    6.461   -1.320    1.678    6.461   -1.320   -2.215   10.845   -8.528   23.155    6.986
 263.00   24.862   24.966   25.109    2.276   -2.674    1.862    2.276   -2.674   -4.978    4.238   -6.086    7.898    4.466
 263.10   24.615   24.652   24.671    1.351   -0.964    1.615    1.351   -0.964   -1.557    2.183   -1.303    2.682    1.491
 263.20   24.784   24.935   24.936    2.735   -0.289    1.784    2.735   -0.289   -0.516    4.880   -0.791    5.374    2.485
 263.30   24.052   24.239   24.259    3.005   -0.976    1.052    3.005   -0.976   -1.027    3.161   -2.933    5.544    2.216
 263.40   23.799   24.020   24.030    3.250   -0.695    0.799    3.250   -0.695   -0.555    2.596   -2.260    5.842    1.743
 263.50   24.578   24.695   24.733    2.404   -1.368    1.578    2.404   -1.368   -2.159    3.793   -3.289    5.070    2.732
 263.60   24.784   24.822   24.827    1.375    0.495    1.784    1.375    0.495    0.884    2.454    0.681    2.661    1.348
 263.70   24.855   24.857   24.884    0.346    1.150    1.855    0.346    1.150    2.134    0.642    0.398    2.442    1.132
 263.80   25.056   25.113   25.132    1.698    0.962    2.056    1.698    0.962    1.978    3.492    1.634    4.018    2.166
 263.90   23.956   24.010   24.037    1.617    1.136    0.956    1.617    1.136    1.086    1.546    1.838    2.410    1.318
 264.00   23.596   23.604   23.605    0.615   -0.232    0.596    0.615   -0.232   -0.138    0.366   -0.142    0.393    0.208
 264.10   22.701   22.710   22.710    0.618    0.030   -0.299    0.618    0.030   -0.009   -0.185    0.019    0.236    0.093
 264.20   23.209   23.314   23.321    2.213   -0.576    0.209    2.213   -0.576   -0.120    0.463   -1.273    2.635    0.680
 264.30   23.541   23.690   23.701    2.655    0.736    0.541    2.655    0.736    0.398    1.436    1.953    3.940    1.228
 264.40   22.323   22.474   22.474    2.600   -0.006   -0.677    2.600   -0.006    0.004   -1.760   -0.015    3.609    0.880
 264.50   23.089   23.458   23.462    4.147    0.415    0.089    4.147    0.415    0.037    0.367    1.723    8.691    0.881
 264.60   23.595   24.205   24.207    5.402    0.228    0.595    5.402    0.228    0.136    3.214    1.234   14.793    1.723
 264.70   23.183   23.653   23.656    4.694   -0.371    0.183    4.694   -0.371   -0.068    0.857   -1.744   11.101    0.972
 264.80   23.363   23.835   23.880    4.724   -1.464    0.363    4.724   -1.464   -0.531    1.713   -6.916   12.295    3.573
 264.90   22.495   22.813   22.824    3.796   -0.715   -0.505    3.796   -0.715    0.361   -1.919   -2.713    7.589    1.671
 265.00   24.870   25.142   25.194    3.685   -1.622    1.870    3.685   -1.622   -3.034    6.891   -5.978    9.854    4.807
 265.10   26.245   26.392   26.414    2.777   -1.079    3.245    2.777   -1.079   -3.501    9.013   -2.997    9.705    5.062
 265.20   25.363   25.532   25.594    2.931   -1.783    2.363    2.931   -1.783   -4.214    6.926   -5.226    8.677    4.823
 265.30   24.930   24.956   25.059    1.135   -2.273    1.930    1.135   -2.273   -4.387    2.191   -2.581    5.090    2.771
 265.40   24.918   24.937   25.013    0.959   -1.959    1.918    0.959   -1.959   -3.757    1.839   -1.877    4.217    2.292
 265.50   23.395   23.396   23.458   -0.068   -1.711    0.395   -0.068   -1.711   -0.677   -0.027    0.117    1.545    0.344
 265.60   23.358   23.405   23.606   -1.490   -3.071    0.358   -1.490   -3.071   -1.098   -0.533    4.576    5.889    2.368
 265.70   23.158   23.182   23.286   -1.052   -2.194    0.158   -1.052   -2.194   -0.348   -0.167    2.307    2.972    1.170
 265.80   23.233   23.320   23.408   -2.011   -2.030    0.233   -2.011   -2.030   -0.472   -0.468    4.082    4.109    2.068
 265.90   24.699   24.801   24.801   -2.246    0.108    1.699   -2.246    0.108    0.184   -3.816   -0.243    3.972    1.914
 266.00   24.452   24.491   24.588   -1.386   -2.188    1.452   -1.386   -2.188   -3.176   -2.012    3.032    4.407    2.415
 266.10   26.277   26.301   26.360   -1.138   -1.753    3.277   -1.138   -1.753   -5.743   -3.728    1.994    7.551    3.566
 266.20   26.182   26.188   26.193   -0.544   -0.524    3.182   -0.544   -0.524   -1.667   -1.731    0.285    5.347    1.210
 266.30   23.455   23.479   23.492   -1.063   -0.787    0.455   -1.063   -0.787   -0.358   -0.484    0.836    0.978    0.515
 266.40   24.487   24.515   24.521    1.183   -0.512    1.487    1.183   -0.512   -0.762    1.759   -0.606    1.936    1.005
 266.50   24.630   24.635   24.643    0.528   -0.623    1.630    0.528   -0.623   -1.015    0.861   -0.329    1.661    0.686
 266.60   24.900   24.914   24.916    0.816    0.364    1.900    0.816    0.364    0.691    1.550    0.297    2.204    0.861
 266.70   23.688   23.715   23.829    1.142    2.322    0.688    1.142    2.322    1.597    0.786    2.653    3.586    1.598
 266.80   24.779   24.836   24.941    1.682    2.289    1.779    1.682    2.289    4.072    2.991    3.850    5.616    3.176
 266.90   25.333   25.446   25.452    2.397    0.516    2.333    2.397    0.516    1.204    5.593    1.237    5.728    2.927
 267.00   26.021   26.132   26.142    2.409   -0.728    3.021    2.409   -0.728   -2.200    7.278   -1.755    7.730    3.902
 267.10   24.298   24.374   24.516    1.917   -2.634    1.298    1.917   -2.634   -3.419    2.489   -5.050    6.149    3.293
 267.20   23.806   23.854   23.997    1.510   -2.619    0.806    1.510   -2.619   -2.111    1.217   -3.956    4.896    2.323
 267.30   23.529   23.529   23.730    0.194   -3.078    0.529    0.194   -3.078   -1.627    0.102   -0.596    4.896    0.868
 267.40   22.781   22.804   22.851    1.036   -1.453   -0.219    1.036   -1.453    0.318   -0.227   -1.506    1.617    0.778
 267.50   21.867   21.877   21.878    0.686    0.058   -1.133    0.686    0.058   -0.065   -0.778    0.040    0.879    0.391
 267.60   22.079   22.080   22.083    0.194    0.344   -0.921    0.194    0.344   -0.317   -0.179    0.067    0.502    0.185
 267.70   21.991   21.993   22.016   -0.261    1.017   -1.009   -0.261    1.017   -1.026    0.263   -0.265    1.060    0.546
 267.80   22.293   22.318   22.318   -1.048    0.182   -0.707   -1.048    0.182   -0.128    0.741   -0.190    0.815    0.388
 267.90   22.781   22.807   22.830   -1.092   -1.040   -0.219   -1.092   -1.040    0.228    0.240    1.136    1.161    0.592
 268.00   22.600   22.640   22.666   -1.348   -1.075   -0.400   -1.348   -1.075    0.430    0.539    1.449    1.566    0.802
 268.10   20.785   20.838   20.849   -1.480   -0.695   -2.215   -1.480   -0.695    1.538    3.278    1.028    3.789    1.882
 268.20   21.826   22.011   22.068   -2.841   -1.595   -1.174   -2.841   -1.595    1.872    3.334    4.531    5.996    2.964
 268.30   22.312   22.412   22.529   -2.117   -2.298   -0.688   -2.117   -2.298    1.582    1.457    4.866    5.119    2.660
 268.40   21.322   21.374   21.402   -1.480   -1.109   -1.678   -1.480   -1.109    1.860    2.482    1.640    3.116    1.754
 268.50   21.644   21.674   21.712   -1.141   -1.295   -1.356   -1.141   -1.295    1.756    1.547    1.477    2.409    1.384
 268.60   21.666   21.677   21.699    0.687   -0.990   -1.334    0.687   -0.990    1.321   -0.917   -0.681    1.617    0.873
 268.70   21.328   21.410   21.504    1.874   -2.005   -1.672    1.874   -2.005    3.351   -3.133   -3.757    5.163    2.965
 268.80   22.503   22.503   22.555    0.126   -1.523   -0.497    0.126   -1.523    0.757   -0.062   -0.191    1.291    0.392
 268.90   23.529   23.531   23.537    0.268   -0.559    0.529    0.268   -0.559   -0.296    0.142   -0.150    0.332    0.180
 269.00   23.278   23.288   23.289    0.667    0.256    0.278    0.667    0.256    0.071    0.186    0.171    0.294    0.131
 269.10   23.161   23.161   23.161   -0.048   -0.121    0.161   -0.048   -0.121   -0.019   -0.008    0.006    0.021    0.011
 269.20   23.369   23.424   23.449   -1.603    1.093    0.369   -1.603    1.093    0.403   -0.591   -1.752    1.950    0.946
 269.30   23.591   23.618   23.639   -1.127    0.992    0.591   -1.127    0.992    0.587   -0.667   -1.118    1.302    0.714
 269.40   23.100   23.218   23.219   -2.338   -0.194    0.100   -2.338   -0.194   -0.019   -0.234    0.454    2.756    0.255
 269.50   23.444   23.537   23.593   -2.097   -1.627    0.444   -2.097   -1.627   -0.722   -0.930    3.412    3.621    1.805
 269.60   23.531   23.794   23.810   -3.531   -0.861    0.531   -3.531   -0.861   -0.457   -1.873    3.039    6.745    1.800
 269.70   24.750   24.876   24.896   -2.498   -1.002    1.750   -2.498   -1.002   -1.754   -4.371    2.503    5.153    2.667
 269.80   25.053   25.304   25.324   -3.553   -1.008    2.053   -3.553   -1.008   -2.069   -7.295    3.581    8.929    4.193
 269.90   24.365   24.712   24.718   -4.123    0.548    1.365   -4.123    0.548    0.748   -5.629   -2.259    9.581    3.056
 270.00   24.148   24.275   24.275   -2.480    0.094    1.148   -2.480    0.094    0.108   -2.847   -0.234    3.738    1.429
 270.10   23.851   23.982   23.982   -2.509    0.043    0.851   -2.509    0.043    0.037   -2.135   -0.108    3.511    1.069
 270.20   23.043   23.127   23.131   -1.969    0.427    0.043   -1.969    0.427    0.019   -0.085   -0.841    2.031    0.423
 270.30   23.900   23.979   23.979   -1.938   -0.158    0.900   -1.938   -0.158   -0.142   -1.744    0.306    2.296    0.888
 270.40   23.623   24.006   24.007   -4.275   -0.199    0.623   -4.275   -0.199   -0.124   -2.662    0.852    9.353    1.399
 270.50   23.762   24.200   24.208   -4.585    0.628    0.762   -4.585    0.628    0.479   -3.493   -2.881   10.998    2.277
 270.60   24.561   24.931   24.946   -4.278   -0.883    1.561   -4.278   -0.883   -1.378   -6.677    3.776   10.756    3.897
 270.70   24.386   24.585   24.586   -3.126    0.191    1.386   -3.126    0.191    0.265   -4.332   -0.597    5.864    2.191
 270.80   25.392   25.596   25.600   -3.224   -0.427    2.392   -3.224   -0.427   -1.021   -7.712    1.375    8.148    3.950
 270.90   25.759   26.164   26.164   -4.582   -0.159    2.759   -4.582   -0.159   -0.440  -12.644    0.730   14.318    6.336
 271.00   23.952   24.625   24.644   -5.716   -0.983    0.952   -5.716   -0.983   -0.936   -5.443    5.616   17.273    3.938
 271.10   21.934   22.647   22.656   -5.636   -0.643   -1.066   -5.636   -0.643    0.685    6.005    3.622   16.655    3.523
 271.20   22.266   22.606   22.612   -3.910    0.520   -0.734   -3.910    0.520   -0.382    2.871   -2.031    8.048    1.769
 271.30   22.928   23.596   23.597   -5.578   -0.152   -0.072   -5.578   -0.152    0.011    0.404    0.847   15.573    0.469
 271.40   23.462   24.202   24.245   -5.940   -1.442    0.462   -5.940   -1.442   -0.666   -2.743    8.564   18.791    4.509
 271.50   21.619   22.034   22.097   -4.257   -1.663   -1.381   -4.257   -1.663    2.296    5.877    7.078   11.396    4.741
 271.60   20.843   21.306   21.327   -4.414   -0.963   -2.157   -4.414   -0.963    2.077    9.520    4.250   12.531    5.315
 271.70   21.168   21.304   21.330   -2.406   -1.053   -1.832   -2.406   -1.053    1.929    4.409    2.533    5.128    2.719
 271.80   20.978   21.138   21.162   -2.596   -0.990   -2.022   -2.596   -0.990    2.002    5.248    2.571    5.904    3.089
 271.90   22.387   22.639   22.670   -3.364   -1.193   -0.613   -3.364   -1.193    0.731    2.061    4.013    6.558    2.285
 272.00   22.248   22.447   22.469   -2.980   -1.000   -0.752   -2.980   -1.000    0.752    2.240    2.981    5.223    1.902
 272.10   22.796   22.926   22.958   -2.438   -1.225   -0.204   -2.438   -1.225    0.250    0.499    2.986    3.743    1.519
 272.20   21.728   21.892   21.917   -2.680   -1.045   -1.272   -2.680   -1.045    1.329    3.409    2.800    4.946    2.304
 272.30   22.796   22.922   22.923   -2.406    0.182   -0.204   -2.406    0.182   -0.037    0.492   -0.437    2.931    0.330
 272.40   23.846   23.987   24.013   -2.599   -1.105    0.846   -2.599   -1.105   -0.935   -2.200    2.871    4.347    1.868
 272.50   24.213   24.380   24.383   -2.845    0.422    1.213   -2.845    0.422    0.511   -3.452   -1.199    4.872    1.845
 272.60   25.472   25.734   25.769   -3.664   -1.348    2.472   -3.664   -1.348   -3.331   -9.056    4.938   10.675    5.420
 272.70   25.392   25.609   25.664   -3.326   -1.690    2.392   -3.326   -1.690   -4.043   -7.955    5.622    9.819    5.273
 272.80   24.796   24.915   25.043   -2.434   -2.526    1.796   -2.434   -2.526   -4.536   -4.370    6.148    7.764    4.401
 272.90   24.680   24.690   24.734   -0.729   -1.468    1.680   -0.729   -1.468   -2.466   -1.225    1.071    2.755    1.477
 273.00   25.020   25.057   25.093   -1.363   -1.343    2.020   -1.363   -1.343   -2.712   -2.752    1.830    3.870    2.138
 273.10   25.535   25.549   25.552   -0.857   -0.368    2.535   -0.857   -0.368   -0.932   -2.172    0.315    3.647    1.192
 273.20   25.880   25.883   25.886   -0.420   -0.345    2.880   -0.420   -0.345   -0.993   -1.208    0.145    4.294    0.785
 273.30   25.827   25.831   25.832    0.469   -0.182    2.827    0.469   -0.182   -0.514    1.327   -0.085    4.123    0.713
 273.40   25.605   25.605   25.610   -0.039   -0.494    2.605   -0.039   -0.494   -1.287   -0.101    0.019    3.516    0.645
 273.50   25.586   25.587   25.589   -0.154    0.314    2.586   -0.154    0.314    0.812   -0.398   -0.048    3.406    0.453
 273.60   25.989   25.989   26.006    0.153    0.923    2.989    0.153    0.923    2.758    0.459    0.142    4.904    1.400
 273.70   26.174   26.174   26.202    0.165   -1.202    3.174    0.165   -1.202   -3.815    0.522   -0.198    5.772    1.928
 273.80   27.024   27.027   27.089    0.413   -1.829    4.024    0.413   -1.829   -7.359    1.663   -0.756    9.855    3.791
 273.90   25.879   25.879   25.997   -0.064   -2.475    2.879   -0.064   -2.475   -7.126   -0.185    0.159    7.210    3.565
 274.00   24.094   24.105   24.126    0.745   -1.013    1.094    0.745   -1.013   -1.107    0.815   -0.754    1.388    0.784
 274.10   24.952   24.998   24.999    1.527   -0.131    1.952    1.527   -0.131   -0.256    2.979   -0.201    3.078    1.499
 274.20   24.387   24.409   24.432    1.047   -1.063    1.387    1.047   -1.063   -1.474    1.452   -1.113    2.074    1.175
 274.30   23.374   23.455   23.581    1.944   -2.434    0.374    1.944   -2.434   -0.910    0.727   -4.733    4.923    2.437
 274.40   23.285   23.312   23.582    1.118   -3.560    0.285    1.118   -3.560   -1.016    0.319   -3.981    7.003    2.061
 274.50   21.989   22.073   22.135    1.928   -1.653   -1.011    1.928   -1.653    1.672   -1.949   -3.187    3.736    2.047
 274.60   21.990   22.221   22.237    3.198   -0.846   -1.010    3.198   -0.846    0.855   -3.231   -2.707    5.982    2.150
 274.70   20.890   21.043   21.044    2.535    0.153   -2.110    2.535    0.153   -0.323   -5.350    0.388    5.452    2.687
 274.80   20.989   21.151   21.215    2.615   -1.646   -2.011    2.615   -1.646    3.310   -5.259   -4.304    6.796    3.779
 274.90   20.884   20.919   20.993    1.199   -1.765   -2.116    1.199   -1.765    3.734   -2.536   -2.116    4.514    2.493
 275.00   22.470   22.474   22.474    0.405   -0.154   -0.530    0.405   -0.154    0.081   -0.215   -0.062    0.234    0.119
 275.10   22.160   22.161   22.161   -0.211   -0.057   -0.840   -0.211   -0.057    0.048    0.177    0.012    0.377    0.092
 275.20   22.261   22.261   22.286   -0.109   -1.046   -0.739   -0.109   -1.046    0.773    0.080    0.114    0.826    0.393
 275.30   22.454   22.459   22.476    0.474   -0.856   -0.546    0.474   -0.856    0.467   -0.259   -0.406    0.628    0.335
 275.40   21.927   21.957   21.989    1.133   -1.190   -1.073    1.133   -1.190    1.277   -1.215   -1.348    1.925    1.110
 275.50   22.102   22.106   22.125    0.433   -0.919   -0.898    0.433   -0.919    0.825   -0.389   -0.398    0.919    0.498
 275.60   22.392   22.392   22.394   -0.078    0.254   -0.608   -0.078    0.254   -0.155    0.047   -0.020    0.220    0.081
 275.70   22.728   22.728   22.765   -0.029    1.307   -0.272   -0.029    1.307   -0.356    0.008   -0.038    0.892    0.179
 275.80   23.145   23.256   23.261   -2.268    0.485    0.145   -2.268    0.485    0.070   -0.328   -1.099    2.700    0.575
 275.90   23.794   23.919   23.921   -2.435    0.324    0.794   -2.435    0.324    0.257   -1.935   -0.788    3.334    1.052
 276.00   23.411   23.518   23.518   -2.236   -0.030    0.411   -2.236   -0.030   -0.012   -0.920    0.066    2.585    0.461
 276.10   23.020   23.089   23.105   -1.785    0.853    0.020   -1.785    0.853    0.017   -0.036   -1.523    1.957    0.762
 276.20   22.882   22.882   22.948    0.031    1.740   -0.118    0.031    1.740   -0.206   -0.004    0.054    1.521    0.106
 276.30   23.673   23.692   23.763   -0.933    1.842    0.673   -0.933    1.842    1.241   -0.628   -1.719    2.359    1.106
 276.40   24.518   24.518   24.534    0.045    0.899    1.518    0.045    0.899    1.364    0.068    0.040    1.557    0.683
 276.50   24.149   24.178   24.241    1.185    1.746    1.149    1.185    1.746    2.006    1.362    2.070    2.888    1.594
 276.60   23.446   23.448   23.502    0.311    1.591    0.446    0.311    1.591    0.710    0.139    0.495    1.414    0.438
 276.70   23.595   23.666   23.690    1.827    1.068    0.595    1.827    1.068    0.635    1.087    1.950    2.415    1.161
 276.80   25.690   25.696   25.742    0.546    1.544    2.690    0.546    1.544    4.153    1.468    0.842    4.958    2.242
 276.90   25.496   25.544   25.613    1.555    1.878    2.496    1.555    1.878    4.688    3.881    2.919    6.088    3.375
 277.00   24.861   24.897   24.969    1.342    1.900    1.861    1.342    1.900    3.536    2.498    2.550    4.437    2.512
 277.10   24.102   24.124   24.147    1.023    1.051    1.102    1.023    1.051    1.158    1.128    1.076    1.683    0.971
 277.20   23.877   23.879   23.889    0.299   -0.687    0.877    0.299   -0.687   -0.603    0.262   -0.205    0.666    0.344
 277.30   24.326   24.440   24.473   -2.360   -1.282    1.326   -2.360   -1.282   -1.700   -3.129    3.027    4.486    2.337
 277.40   24.181   24.326   24.362   -2.652   -1.333    1.181   -2.652   -1.333   -1.574   -3.132    3.535    5.103    2.489
 277.50   23.342   23.440   23.444   -2.145   -0.403    0.342   -2.145   -0.403   -0.138   -0.734    0.864    2.441    0.571
 277.60   24.456   24.559   24.589   -2.240   -1.216    1.456   -2.240   -1.216   -1.771   -3.262    2.725    4.308    2.302
 277.70   23.244   23.311   23.316   -1.760   -0.517    0.244   -1.760   -0.517   -0.126   -0.430    0.909    1.712    0.507
 277.80   24.023   24.060   24.066   -1.324   -0.535    1.023   -1.324   -0.535   -0.547   -1.355    0.708    1.543    0.812
 277.90   23.416   23.537   23.574   -2.382    1.331    0.416   -2.382    1.331    0.553   -0.990   -3.170    3.809    1.684
 278.00   23.604   23.806   23.807   -3.096    0.220    0.604   -3.096    0.220    0.133   -1.869   -0.681    4.999    0.997
 278.10   23.575   23.681   23.687   -2.240    0.500    0.575   -2.240    0.500    0.288   -1.289   -1.120    2.800    0.866
 278.20   24.528   24.572   24.580   -1.472   -0.592    1.528   -1.472   -0.592   -0.905   -2.250    0.872    2.427    1.289
 278.30   24.394   24.570   24.621   -2.941   -1.580    1.394   -2.941   -1.580   -2.202   -4.099    4.646    6.544    3.288
 278.40   26.062   26.370   26.519   -4.020   -2.805    3.062   -4.020   -2.805   -8.589  -12.309   11.279   16.704    9.387
 278.50   26.060   26.128   26.297   -1.881   -2.976    3.060   -1.881   -2.976   -9.105   -5.757    5.598   10.878    6.070
 278.60   25.825   25.826   25.962   -0.216   -2.654    2.825   -0.216   -2.654   -7.498   -0.610    0.573    7.536    3.772
 278.70   25.578   25.601   25.801   -1.072   -3.208    2.578   -1.072   -3.208   -8.270   -2.765    3.439    9.043    4.687
 278.80   26.955   26.974   27.055   -1.030   -2.091    3.955   -1.030   -2.091   -8.271   -4.072    2.153   10.537    4.733
 278.90   27.219   27.240   27.293   -1.055   -1.709    4.219   -1.055   -1.709   -7.211   -4.451    1.803   10.918    4.332
 279.00   26.170   26.341   26.396   -2.992   -1.709    3.170   -2.992   -1.709   -5.416   -9.486    5.113   10.962    6.030
 279.10   25.883   26.018   26.153   -2.649   -2.656    2.883   -2.649   -2.656   -7.657   -7.636    7.036   11.191    6.451
 279.20   27.229   27.247   27.382   -0.975   -2.720    4.229   -0.975   -2.720  -11.501   -4.124    2.652   13.116    6.251
 279.30   26.068   26.074   26.360   -0.586   -3.868    3.068   -0.586   -3.868  -11.866   -1.799    2.268   12.358    6.107
 279.40   25.268   25.270   25.291   -0.270   -1.046    2.268   -0.270   -1.046   -2.373   -0.612    0.282    3.156    1.233
 279.50   24.919   24.941   24.979   -1.063   -1.373    1.919   -1.063   -1.373   -2.634   -2.039    1.459    3.347    1.818
 279.60   24.209   24.252   24.370   -1.445   -2.402    1.209   -1.445   -2.402   -2.904   -1.746    3.471    4.660    2.425
 279.70   25.679   25.682   25.838   -0.370   -2.836    2.679   -0.370   -2.836   -7.599   -0.992    1.050    7.680    3.868
 279.80   26.297   26.301   26.442   -0.444   -2.726    3.297   -0.444   -2.726   -8.989   -1.465    1.211    9.250    4.594
 279.90   26.197   26.204   26.244   -0.600   -1.446    3.197   -0.600   -1.446   -4.623   -1.920    0.868    6.337    2.540
 280.00   26.330   26.334   26.334   -0.439    0.028    3.330   -0.439    0.028    0.093   -1.463   -0.012    5.643    0.733
 280.10   26.888   26.889   26.890   -0.158    0.235    3.888   -0.158    0.235    0.915   -0.615   -0.037    7.599    0.552
 280.20   26.546   26.569   26.617   -1.097    1.605    3.546   -1.097    1.605    5.692   -3.891   -1.761    8.178    3.558
 280.30   25.769   25.769   25.832    0.092    1.799    2.769    0.092    1.799    4.983    0.254    0.165    5.457    2.496
 280.40   26.560   26.563   26.595    0.365    1.320    3.560    0.365    1.320    4.700    1.299    0.482    7.275    2.450
 280.50   24.735   24.802   24.864    1.819    1.763    1.735    1.819    1.763    3.058    3.156    3.206    4.713    2.720
 280.60   23.454   23.539   23.579    2.000    1.373    0.454    2.000    1.373    0.624    0.909    2.746    3.046    1.480
 280.70   22.649   22.670   22.691    0.965    0.992   -0.351    0.965    0.992   -0.348   -0.339    0.957    1.019    0.537
 280.80   24.544   24.571   24.582    1.144    0.757    1.544    1.144    0.757    1.169    1.766    0.866    2.133    1.144
 280.90   24.362   24.374   24.375    0.744   -0.207    1.362    0.744   -0.207   -0.282    1.014   -0.154    1.226    0.532
 281.00   24.168   24.170   24.170    0.297   -0.201    1.168    0.297   -0.201   -0.235    0.347   -0.060    0.746    0.212
 281.10   26.518   26.523   26.524    0.549   -0.186    3.518    0.549   -0.186   -0.655    1.933   -0.102    6.356    1.021
 281.20   25.329   25.330   25.379   -0.267    1.566    2.329   -0.267    1.566    3.647   -0.622   -0.418    3.974    1.862
 281.30   26.000   26.041   26.041    1.468   -0.112    3.000    1.468   -0.112   -0.335    4.403   -0.164    5.583    2.209
 281.40   26.175   26.176   26.179    0.244   -0.388    3.175    0.244   -0.388   -1.232    0.773   -0.094    5.145    0.729
 281.50   24.810   24.820   24.838    0.707   -0.939    1.810    0.707   -0.939   -1.701    1.280   -0.664    2.330    1.115
 281.60   25.453   25.538   25.665    2.076   -2.556    2.453    2.076   -2.556   -6.269    5.093   -5.306    8.429    4.832
 281.70   26.900   26.928   26.937    1.237   -0.669    3.900    1.237   -0.669   -2.610    4.825   -0.828    8.594    2.774
 281.80   26.252   26.273   26.276    1.063   -0.397    3.252    1.063   -0.397   -1.292    3.457   -0.422    5.931    1.857
 281.90   26.465   26.541   26.564    1.999   -1.121    3.465    1.999   -1.121   -3.884    6.926   -2.240    8.630    4.125
 282.00   26.762   26.812   26.856    1.635   -1.536    3.762    1.635   -1.536   -5.777    6.152   -2.511    9.592    4.402
 282.10   27.350   27.361   27.385   -0.795   -1.130    4.350   -0.795   -1.130   -4.914   -3.457    0.898   10.415    3.038
 282.20   25.516   25.539   25.543   -1.093   -0.454    2.516   -1.093   -0.454   -1.141   -2.750    0.496    3.865    1.509
 282.30   27.317   27.415   27.434   -2.316    1.023    4.317   -2.316    1.023    4.417   -9.996   -2.369   12.522    5.591
 282.40   26.435   26.533   26.537   -2.271    0.476    3.435   -2.271    0.476    1.636   -7.803   -1.082    8.594    4.023
 282.50   26.602   26.747   26.773   -2.778    1.182    3.602   -2.778    1.182    4.257  -10.005   -3.283   11.043    5.679
 282.60   25.311   25.557   25.593   -3.539    1.345    2.311   -3.539    1.345    3.109   -8.179   -4.762    9.839    4.981
 282.70   25.796   25.903   25.952   -2.355    1.594    2.796   -2.355    1.594    4.456   -6.585   -3.753    7.952    4.396
 282.80   26.452   26.484   26.548   -1.313    1.835    3.452   -1.313    1.835    6.334   -4.534   -2.410    8.504    4.077
 282.90   25.132   25.142   25.142   -0.696   -0.114    2.132   -0.696   -0.114   -0.243   -1.484    0.079    2.522    0.753
 283.00   25.808   25.808   25.812    0.143   -0.446    2.808    0.143   -0.446   -1.251    0.401   -0.064    4.052    0.658
 283.10   26.155   26.176   26.202    1.042    1.165    3.155    1.042    1.165    3.677    3.287    1.214    6.199    2.540
 283.20   26.952   26.953   26.955    0.252    0.302    3.952    0.252    0.302    1.193    0.994    0.076    7.885    0.777
 283.30   27.585   27.644   27.645    1.804    0.238    4.585    1.804    0.238    1.091    8.270    0.429   12.165    4.176
 283.40   27.967   28.015   28.015    1.635    0.179    4.967    1.635    0.179    0.892    8.123    0.294   13.689    4.089
 283.50   27.667   27.674   27.678    0.626    0.488    4.667    0.626    0.488    2.277    2.919    0.305   11.206    1.857
 283.60   26.880   26.904   26.906    1.146   -0.295    3.880    1.146   -0.295   -1.143    4.445   -0.338    8.226    2.301
 283.70   26.680   26.680   26.693   -0.028   -0.833    3.680   -0.028   -0.833   -3.064   -0.104    0.024    7.118    1.533
 283.80   26.162   26.172   26.225    0.711   -1.657    3.162    0.711   -1.657   -5.241    2.248   -1.178    6.627    2.912
 283.90   26.446   26.447   26.462    0.161   -0.898    3.446    0.161   -0.898   -3.095    0.556   -0.145    6.354    1.574
 284.00   26.649   26.671   26.672    1.071    0.283    3.649    1.071    0.283    1.031    3.907    0.303    7.271    2.026
 284.10   27.224   27.316   27.316    2.238   -0.088    4.224    2.238   -0.088   -0.370    9.453   -0.196   11.429    4.731
 284.20   26.536   26.566   26.572    1.258    0.564    3.536    1.258    0.564    1.993    4.447    0.709    7.201    2.462
 284.30   26.059   26.062   26.162    0.417    2.290    3.059    0.417    2.290    7.005    1.277    0.956    7.387    3.592
 284.40   26.270   26.272   26.340    0.290    1.892    3.270    0.290    1.892    6.189    0.948    0.549    7.180    3.142
 284.50   25.721   25.726   25.770   -0.513    1.503    2.721   -0.513    1.503    4.089   -1.396   -0.771    4.962    2.195
 284.60   25.710   25.775   25.780   -1.830   -0.544    2.710   -1.830   -0.544   -1.474   -4.959    0.996    5.494    2.634
 284.70   25.391   25.574   25.593   -3.061   -0.981    2.391   -3.061   -0.981   -2.346   -7.318    3.005    8.024    4.126
 284.80   27.132   27.289   27.302   -2.930   -0.850    4.132   -2.930   -0.850   -3.510  -12.104    2.489   13.187    6.423
 284.90   26.974   27.085   27.090   -2.445   -0.536    3.974   -2.445   -0.536   -2.132   -9.717    1.311   11.030    5.017
 285.00   26.851   26.974   26.974   -2.574    0.042    3.851   -2.574    0.042    0.161   -9.911   -0.108   10.727    4.956
 285.10   26.390   26.410   26.449   -1.011   -1.439    3.390   -1.011   -1.439   -4.880   -3.426    1.455    7.294    3.069
 285.20   27.273   27.304   27.361    1.295   -1.772    4.273    1.295   -1.772   -7.571    5.533   -2.294   11.538    4.827
 285.30   26.676   26.733   26.774    1.737   -1.478    3.676    1.737   -1.478   -5.435    6.384   -2.567    9.358    4.384
 285.40   25.589   25.594   25.604    0.501   -0.706    2.589    0.501   -0.706   -1.828    1.297   -0.354    3.726    1.135
 285.50   26.981   26.981   26.996    0.205   -0.889    3.981    0.205   -0.889   -3.539    0.816   -0.182    8.339    1.818
 285.60   26.137   26.137   26.166    0.007    1.224    3.137    0.007    1.224    3.839    0.021    0.008    5.670    1.919
 285.70   25.679   25.684   25.691    0.504    0.567    2.679    0.504    0.567    1.519    1.349    0.286    3.877    1.026
 285.80   25.815   25.816   25.821   -0.195    0.487    2.815   -0.195    0.487    1.372   -0.550   -0.095    4.101    0.741
 285.90   25.907   25.991   25.995    2.088   -0.447    2.907    2.088   -0.447   -1.301    6.071   -0.934    6.507    3.140
 286.00   25.379   25.414   25.582    1.327   -2.929    2.379    1.327   -2.929   -6.969    3.158   -3.888    8.001    4.291
 286.10   26.681   26.682   26.844    0.261   -2.946    3.681    0.261   -2.946  -10.841    0.959   -0.767   11.146    5.455
 286.20   26.035   26.035   26.155    0.148   -2.493    3.035    0.148   -2.493   -7.567    0.449   -0.369    7.725    3.795
 286.30   25.205   25.275   25.464    1.886   -3.099    2.205    1.886   -3.099   -6.831    4.158   -5.844    9.009    4.952
 286.40   23.940   23.947   24.185    0.590   -3.379    0.940    0.590   -3.379   -3.177    0.555   -1.995    6.325    1.896
 286.50   23.719   23.722   23.865    0.412   -2.608    0.719    0.412   -2.608   -1.874    0.296   -1.074    3.745    1.090
 286.60   24.322   24.325   24.394   -0.407   -1.829    1.322   -0.407   -1.829   -2.418   -0.537    0.744    2.629    1.293
 286.70   25.446   25.451   25.459   -0.496   -0.649    2.446   -0.496   -0.649   -1.586   -1.213    0.322    3.324    1.011
 286.80   24.877   24.923   24.923   -1.518    0.030    1.877   -1.518    0.030    0.057   -2.849   -0.046    2.914    1.425
 286.90   23.778   23.899   23.900   -2.398    0.219    0.778   -2.398    0.219    0.170   -1.866   -0.524    3.201    0.973
 287.00   25.164   25.512   25.513   -4.204   -0.162    2.164   -4.204   -0.162   -0.351   -9.096    0.681   11.191    4.564
 287.10   26.366   26.602   26.647   -3.540    1.550    3.366   -3.540    1.550    5.218  -11.914   -5.488   13.131    7.059
 287.20   26.337   26.523   26.661   -3.133    2.708    3.337   -3.133    2.708    9.036  -10.455   -8.484   14.142    8.108
 287.30   25.743   25.930   25.951   -3.111    1.021    2.743   -3.111    1.021    2.801   -8.534   -3.176    9.123    4.763
 287.40   24.842   25.023   25.023   -3.001    0.134    1.842   -3.001    0.134    0.247   -5.529   -0.402    6.209    2.775
 287.50   24.154   24.455   24.456   -3.827    0.235    1.154   -3.827    0.235    0.271   -4.415   -0.899    8.015    2.257
 287.60   23.439   23.865   23.869   -4.490   -0.422    0.439   -4.490   -0.422   -0.185   -1.971    1.897   10.267    1.371
 287.70   23.994   24.474   24.579   -4.825   -2.271    0.994   -4.825   -2.271   -2.257   -4.795   10.959   14.712    6.086
 287.80   25.014   25.477   25.484   -4.838   -0.579    2.014   -4.838   -0.579   -1.165   -9.743    2.799   13.900    5.102
 287.90   26.194   27.134   27.140   -7.080   -0.523    3.194   -7.080   -0.523   -1.671  -22.618    3.704   30.306   11.490
 288.00   25.937   26.966   27.037   -7.378    1.962    2.937   -7.378    1.962    5.762  -21.667  -14.475   33.453   13.343
 288.10   25.134   26.144   26.149   -7.198    0.515    2.134   -7.198    0.515    1.100  -15.358   -3.710   28.313    7.919
 288.20   26.133   27.003   27.005   -6.801    0.278    3.133   -6.801    0.278    0.870  -21.307   -1.888   28.076   10.704
 288.30   26.338   27.095   27.101   -6.361    0.537    3.338   -6.361    0.537    1.792  -21.234   -3.415   25.947   10.791
 288.40   27.104   27.989   27.994   -6.983    0.501    4.104   -6.983    0.501    2.055  -28.661   -3.496   32.930   14.473
 288.50   26.981   27.647   27.653   -6.033    0.565    3.981   -6.033    0.565    2.250  -24.018   -3.409   26.284   12.182
 288.60   27.802   28.579   28.719   -6.621    2.826    4.802   -6.621    2.826   13.569  -31.794  -18.710   37.442   19.653
 288.70   27.670   28.499   28.551   -6.825    1.732    4.670   -6.825    1.732    8.087  -31.870  -11.821   35.693   17.470
 288.80   26.230   26.969   27.007   -6.271    1.427    3.230   -6.271    1.427    4.610  -20.253   -8.952   25.897   11.309
 288.90   25.586   26.367   26.424   -6.367    1.748    2.586   -6.367    1.748    4.520  -16.467  -11.126   25.139   10.190
 289.00   24.642   25.630   25.630   -7.045    0.110    1.642   -7.045    0.110    0.181  -11.570   -0.776   26.169    5.799
 289.10   25.706   26.684   26.721   -7.159   -1.413    2.706   -7.159   -1.413   -3.823  -19.371   10.115   30.284   11.092
 289.20   24.768   25.673   25.674   -6.755   -0.238    1.768   -6.755   -0.238   -0.421  -11.945    1.608   24.406    6.030
 289.30   25.256   26.108   26.109   -6.617    0.229    2.256   -6.617    0.229    0.516  -14.928   -1.512   24.461    7.507
 289.40   24.739   25.639   25.639   -6.732   -0.102    1.739   -6.732   -0.102   -0.177  -11.708    0.687   24.175    5.865
 289.50   24.601   25.301   25.310   -5.909   -0.664    1.601   -5.909   -0.664   -1.063   -9.462    3.921   18.959    5.148
 289.60   23.563   24.256   24.270   -5.760    0.809    0.563   -5.760    0.809    0.455   -3.240   -4.657   17.072    2.846
 289.70   22.570   22.903   22.952   -3.893    1.494   -0.430   -3.893    1.494   -0.643    1.675   -5.815    8.786    3.043
 289.80   23.403   23.656   23.697   -3.453    1.389    0.403   -3.453    1.389    0.559   -1.390   -4.798    7.008    2.513
 289.90   22.586   22.765   22.785   -2.853    0.935   -0.414   -2.853    0.935   -0.387    1.182   -2.667    4.593    1.472
 290.00   22.973   23.170   23.289   -3.018    2.344   -0.027   -3.018    2.344   -0.063    0.082   -7.072    7.300    3.537
 290.10   22.749   23.051   23.198   -3.719    2.609   -0.251   -3.719    2.609   -0.655    0.933   -9.703   10.351    4.885
 290.20   22.994   23.012   23.038   -0.899    1.094   -0.006   -0.899    1.094   -0.006    0.005   -0.983    1.002    0.491
 290.30   22.538   22.538   22.561    0.048    1.013   -0.462    0.048    1.013   -0.468   -0.022    0.049    0.621    0.236
 290.40   22.995   22.997   23.002    0.275   -0.483   -0.005    0.275   -0.483    0.002   -0.001   -0.133    0.155    0.066
 290.50   22.035   22.110   22.227    1.818   -2.280   -0.965    1.818   -2.280    2.200   -1.755   -4.145    4.717    2.505
 290.60   21.918   22.184   22.196    3.422   -0.735   -1.082    3.422   -0.735    0.796   -3.702   -2.517    6.710    2.273
 290.70   20.861   21.033   21.055    2.687   -0.955   -2.139    2.687   -0.955    2.044   -5.747   -2.567    6.353    3.309
 290.80   20.486   20.550   20.556    1.617   -0.526   -2.514    1.617   -0.526    1.324   -4.066   -0.852    4.607    2.180
 290.90   20.689   20.765   20.771    1.775    0.474   -2.311    1.775    0.474   -1.096   -4.102    0.842    4.358    2.164
 291.00   22.063   22.234   22.246    2.750   -0.733   -0.937    2.750   -0.733    0.687   -2.576   -2.017    4.489    1.672
 291.10   21.659   21.660   21.684    0.205   -1.016   -1.341    0.205   -1.016    1.363   -0.275   -0.208    1.436    0.703
 291.20   21.632   21.678   21.736   -1.418   -1.587   -1.368   -1.418   -1.587    2.171    1.940    2.250    3.200    1.840
 291.30   21.666   21.671   21.741   -0.449   -1.747   -1.334   -0.449   -1.747    2.330    0.599    0.784    2.516    1.265
 291.40   21.068   21.127   21.181    1.571   -1.522   -1.932    1.571   -1.522    2.941   -3.035   -2.392    4.259    2.428
 291.50   21.548   21.564   21.600    0.808   -1.255   -1.452    0.808   -1.255    1.822   -1.173   -1.015    2.168    1.197
 291.60   20.881   20.884   20.901    0.342    0.843   -2.119    0.342    0.843   -1.786   -0.724    0.288    2.658    0.974
 291.70   20.709   20.749   20.765    1.290    0.804   -2.291    1.290    0.804   -1.843   -2.956    1.038    3.780    1.817
 291.80   21.354   21.419   21.432    1.673    0.727   -1.646    1.673    0.727   -1.197   -2.755    1.217    3.020    1.620
 291.90   22.430   22.482   22.566    1.523    1.944   -0.570    1.523    1.944   -1.108   -0.868    2.961    3.212    1.639
 292.00   21.520   21.557   21.602    1.272    1.398   -1.480    1.272    1.398   -2.070   -1.883    1.778    2.882    1.658
 292.10   21.736   21.739   21.740    0.370    0.231   -1.264    0.370    0.231   -0.292   -0.467    0.086    0.894    0.279
 292.20   23.227   23.271   23.323    1.436   -1.555    0.227    1.436   -1.555   -0.353    0.326   -2.233    2.266    1.142
 292.30   21.966   21.975   22.077    0.604   -2.129   -1.034    0.604   -2.129    2.201   -0.624   -1.286    2.982    1.312
 292.40   22.078   22.081   22.130    0.371   -1.474   -0.922    0.371   -1.474    1.359   -0.342   -0.547    1.580    0.752
 292.50   21.620   21.631   21.672    0.698    1.337   -1.380    0.698    1.337   -1.845   -0.964    0.933    2.089    1.140
 292.60   22.042   22.064   22.185    1.005    2.310   -0.958    1.005    2.310   -2.214   -0.964    2.323    3.634    1.675
 292.70   23.337   23.339   23.403   -0.337    1.728    0.337   -0.337    1.728    0.582   -0.114   -0.583    1.606    0.416
 292.80   21.779   21.796   21.812    0.865    0.846   -1.221    0.865    0.846   -1.033   -1.057    0.732    1.478    0.825
 292.90   21.373   21.375   21.375    0.290   -0.056   -1.627    0.290   -0.056    0.092   -0.472   -0.016    1.368    0.241
 293.00   20.847   20.871   20.902   -1.003    1.143   -2.153   -1.003    1.143   -2.461    2.160   -1.146    3.474    1.735
 293.10   22.114   22.116   22.117   -0.286    0.205   -0.886   -0.286    0.205   -0.182    0.253   -0.059    0.455    0.159
 293.20   22.749   22.763   22.769    0.801    0.538   -0.251    0.801    0.538   -0.135   -0.201    0.431    0.497    0.247
 293.30   22.678   22.752   22.775    1.838    1.003   -0.322    1.838    1.003   -0.323   -0.592    1.844    2.244    0.982
 293.40   22.269   22.348   22.348    1.875   -0.151   -0.731    1.875   -0.151    0.111   -1.370   -0.284    2.036    0.702
 293.50   21.639   21.774   21.774    2.420    0.005   -1.361    2.420    0.005   -0.006   -3.293    0.011    3.854    1.647
 293.60   21.899   22.103   22.115    2.996   -0.717   -1.101    2.996   -0.717    0.789   -3.297   -2.147    5.350    2.006
 293.70   21.798   21.925   21.946    2.361   -0.949   -1.202    2.361   -0.949    1.141   -2.838   -2.240    3.959    1.896
 293.80   21.685   21.724   21.838    1.289   -2.227   -1.315    1.289   -2.227    2.927   -1.694   -2.870    4.174    2.218
 293.90   21.561   21.593   22.003    1.184   -4.228   -1.439    1.184   -4.228    6.085   -1.704   -5.007   10.675    4.031
 294.00   23.590   23.674   24.437    1.994   -6.058    0.590    1.994   -6.058   -3.575    1.177  -12.082   20.513    6.327
 294.10   23.929   24.022   24.625    2.107   -5.419    0.929    2.107   -5.419   -5.034    1.957  -11.418   17.336    6.316
 294.20   24.473   24.645   25.226    2.908   -5.383    1.473    2.908   -5.383   -7.927    4.283  -15.657   19.803    9.032
 294.30   24.489   24.730   25.210    3.440   -4.899    1.489    3.440   -4.899   -7.297    5.124  -16.854   19.027    9.534
 294.40   25.273   25.358   25.694    2.083   -4.138    2.273    2.083   -4.138   -9.404    4.734   -8.619   13.312    6.803
 294.50   26.080   26.106   26.532    1.153   -4.738    3.080    1.153   -4.738  -14.593    3.552   -5.463   16.632    7.991
 294.60   26.231   26.255   26.580    1.118   -4.141    3.231    1.118   -4.141  -13.381    3.614   -4.632   14.420    7.307
 294.70   28.741   28.784   29.035    1.568   -3.809    5.741    1.568   -3.809  -21.869    9.001   -5.971   24.965   12.196
 294.80   27.017   27.017   27.294   -0.114   -3.879    4.017   -0.114   -3.879  -15.580   -0.458    0.442   15.596    7.797
 294.90   27.288   27.298   27.548    0.738   -3.700    4.288    0.738   -3.700  -15.866    3.164   -2.730   16.311    8.204
 295.00   28.862   28.863   28.979    0.254   -2.588    5.862    0.254   -2.588  -15.170    1.487   -0.656   20.562    7.628
 295.10   27.365   27.478   27.552    2.491   -2.021    4.365    2.491   -2.021   -8.822   10.872   -5.035   14.670    7.439
 295.20   25.018   25.163   25.220    2.704   -1.690    2.018    2.704   -1.690   -3.410    5.455   -4.570    7.118    3.945
 295.30   24.550   24.660   24.729    2.326   -1.853    1.550    2.326   -1.853   -2.871    3.604   -4.309    5.622    3.154
 295.40   27.310   27.478   27.479    3.041   -0.140    4.310    3.041   -0.140   -0.603   13.104   -0.426   13.919    6.562
 295.50   27.615   27.666   27.669    1.680   -0.420    4.615    1.680   -0.420   -1.938    7.752   -0.705   12.147    4.011
 295.60   27.472   27.482   27.485    0.753   -0.377    4.472    0.753   -0.377   -1.686    3.368   -0.284   10.355    1.889
 295.70   26.713   26.741   26.746    1.231    0.509    3.713    1.231    0.509    1.889    4.569    0.626    7.779    2.492
 295.80   26.568   26.659   26.676    2.201   -0.951    3.568    2.201   -0.951   -3.393    7.853   -2.094    9.239    4.404
 295.90   25.813   26.008   26.063    3.179   -1.692    2.813    3.179   -1.692   -4.759    8.943   -5.379   10.441    5.735
 296.00   26.788   26.801   26.851    0.843   -1.634    3.788    0.843   -1.634   -6.189    3.193   -1.377    8.864    3.549
 296.10   27.061   27.075   27.090   -0.871   -0.888    4.061   -0.871   -0.888   -3.606   -3.538    0.773    9.021    2.555
 296.20   26.771   26.772   26.787    0.252   -0.897    3.771    0.252   -0.897   -3.383    0.951   -0.226    7.543    1.761
 296.30   26.605   26.610   26.631    0.499    1.075    3.605    0.499    1.075    3.875    1.800    0.537    7.200    2.153
 296.40   27.588   27.610   27.744    1.096    2.725    4.588    1.096    2.725   12.503    5.028    2.986   14.840    6.901
 296.50   27.080   27.087   27.168    0.611    2.096    4.080    0.611    2.096    8.551    2.495    1.281   10.707    4.499
 296.60   27.901   27.927   28.076    1.211    2.883    4.901    1.211    2.883   14.131    5.934    3.491   16.899    7.860
 296.70   27.236   27.351   27.422    2.514    1.961    4.236    2.514    1.961    8.304   10.648    4.929   14.052    7.187
 296.80   27.099   27.170   27.214    1.964    1.549    4.099    1.964    1.549    6.347    8.051    3.042   11.528    5.347
 296.90   26.644   26.649   26.695    0.542    1.551    3.644    0.542    1.551    5.650    1.976    0.841    7.988    3.022
 297.00   25.836   25.893   25.935    1.722    1.469    2.836    1.722    1.469    4.167    4.883    2.530    6.583    3.450
 297.10   26.165   26.168   26.170    0.390   -0.285    3.165    0.390   -0.285   -0.903    1.234   -0.111    5.126    0.766
 297.20   25.801   25.806   25.806   -0.462    0.105    2.801   -0.462    0.105    0.295   -1.295   -0.049    4.036    0.664
 297.30   26.494   26.500   26.500   -0.578   -0.069    3.494   -0.578   -0.069   -0.243   -2.018    0.040    6.273    1.017
 297.40   26.821   26.853   26.857    1.325   -0.421    3.821    1.325   -0.421   -1.609    5.061   -0.558    8.265    2.670
 297.50   25.018   25.049   25.126    1.255   -1.969    2.018    1.255   -1.969   -3.974    2.532   -2.471    4.762    2.660
 297.60   26.450   26.469   26.507    1.018   -1.408    3.450    1.018   -1.408   -4.856    3.511   -1.433    7.459    3.081
 297.70   26.327   26.333   26.336    0.594    0.331    3.327    0.594    0.331    1.101    1.976    0.197    5.765    1.136
 297.80   27.105   27.105   27.147   -0.104    1.518    4.105   -0.104    1.518    6.230   -0.428   -0.158    9.581    3.123
 297.90   26.746   26.786   26.790    1.476    0.445    3.746    1.476    0.445    1.666    5.530    0.657    8.204    2.907
 298.00   24.718   24.755   24.755    1.359   -0.029    1.718    1.359   -0.029   -0.049    2.335   -0.039    2.399    1.168
 298.10   23.505   23.515   23.537    0.679    1.013    0.505    0.679    1.013    0.511    0.343    0.687    0.871    0.461
 298.20   24.220   24.249   24.256   -1.173    0.596    1.220   -1.173    0.596    0.727   -1.432   -0.699    1.610    0.876
 298.30   25.042   25.088   25.112   -1.523    1.102    2.042   -1.523    1.102    2.251   -3.109   -1.678    3.851    2.095
 298.40   25.954   25.996   26.015   -1.476    0.990    2.954   -1.476    0.990    2.924   -4.361   -1.461    5.943    2.725
 298.50   24.671   24.721   24.722   -1.570    0.227    1.671   -1.570    0.227    0.380   -2.623   -0.357    2.654    1.337
 298.60   23.143   23.165   23.169   -1.001    0.445    0.143   -1.001    0.445    0.064   -0.143   -0.445    0.611    0.236
 298.70   22.839   22.873   22.891   -1.254   -0.906   -0.161   -1.254   -0.906    0.146    0.202    1.135    1.209    0.581
 298.80   22.928   23.024   23.037   -2.093   -0.796   -0.072   -2.093   -0.796    0.057    0.150    1.666    2.510    0.837
 298.90   23.961   23.971   24.022   -0.692   -1.558    0.961   -0.692   -1.558   -1.497   -0.665    1.078    1.915    0.980
 299.00   22.914   22.946   22.952    1.214   -0.525   -0.086    1.214   -0.525    0.045   -0.105   -0.637    0.878    0.324
 299.10   23.666   23.689   23.756    1.060   -1.777    0.666    1.060   -1.777   -1.183    0.705   -1.883    2.362    1.167
 299.20   23.727   23.808   23.811    1.966   -0.357    0.727    1.966   -0.357   -0.260    1.430   -0.702    2.261    0.807
 299.30   24.385   24.413   24.421    1.183   -0.617    1.385    1.183   -0.617   -0.854    1.638   -0.730    1.848    0.993
 299.40   23.107   23.126   23.127    0.947    0.238    0.107    0.947    0.238    0.025    0.101    0.226    0.482    0.124
 299.50   23.654   23.732   23.771    1.921    1.355    0.654    1.921    1.355    0.887    1.257    2.605    2.979    1.512
 299.60   23.488   23.654   23.820    2.795    2.809    0.488    2.795    2.809    1.371    1.363    7.851    7.970    4.043
 299.70   23.083   23.222   23.355    2.538    2.488    0.083    2.538    2.488    0.207    0.211    6.315    6.319    3.161
 299.80   22.482   22.530   22.561    1.471    1.177   -0.518    1.471    1.177   -0.610   -0.762    1.731    1.908    0.994
 299.90   22.790   22.791   22.801    0.162    0.691   -0.210    0.162    0.691   -0.145   -0.034    0.112    0.274    0.093
 300.00   23.191   23.209   23.275    0.907    1.754    0.191    0.907    1.754    0.336    0.174    1.592    1.969    0.818
 300.10   22.988   22.999   23.081    0.706    1.944   -0.012    0.706    1.944   -0.022   -0.008    1.372    2.139    0.686
 300.20   22.843   22.843   23.032    0.107    2.942   -0.157    0.107    2.942   -0.462   -0.017    0.316    4.345    0.280
 300.30   23.409   23.409   23.587    0.110    2.892    0.409    0.110    2.892    1.182    0.045    0.319    4.271    0.613
 300.40   23.425   23.428   23.464   -0.353    1.303    0.425   -0.353    1.303    0.554   -0.150   -0.460    1.001    0.368
 300.50   23.640   23.640   23.681    0.151    1.381    0.640    0.151    1.381    0.884    0.096    0.208    1.170    0.457
 300.60   22.518   22.519   22.622   -0.154    2.156   -0.482   -0.154    2.156   -1.039    0.074   -0.331    2.452    0.547
 300.70   22.644   22.691   22.723    1.467    1.195   -0.356    1.467    1.195   -0.426   -0.522    1.753    1.853    0.939
 300.80   23.628   23.742   23.801    2.319    1.682    0.628    2.319    1.682    1.056    1.457    3.900    4.301    2.148
 300.90   23.112   23.257   23.257    2.589    0.165    0.112    2.589    0.165    0.019    0.290    0.428    3.371    0.259
 301.00   21.369   21.403   21.452    1.203    1.444   -1.631    1.203    1.444   -2.356   -1.962    1.738    3.097    1.762
 301.10   22.848   22.952   22.970    2.184    0.912   -0.152    2.184    0.912   -0.139   -0.332    1.992    2.812    1.012
 301.20   22.112   22.211   22.216    2.093   -0.466   -0.888    2.093   -0.466    0.414   -1.857   -0.975    2.692    1.069
 301.30   21.564   21.750   21.780    2.842   -1.145   -1.436    2.842   -1.145    1.644   -4.082   -3.253    5.725    2.736
 301.40   20.956   21.186   21.201    3.113   -0.803   -2.044    3.113   -0.803    1.641   -6.363   -2.500    7.257    3.515
 301.50   20.667   20.969   20.970    3.544    0.195   -2.333    3.544    0.195   -0.454   -8.267    0.689    9.020    4.154
 301.60   19.619   19.706   19.822    1.845    2.147   -3.381    1.845    2.147   -7.260   -6.237    3.961    9.723    5.179
 301.70   19.300   19.377   19.483    1.715    2.034   -3.700    1.715    2.034   -7.526   -6.344    3.489   10.383    5.222
 301.80   20.982   21.125   21.141    2.451    0.831   -2.018    2.451    0.831   -1.676   -4.946    2.036    5.385    2.803
 301.90   20.540   20.771   20.772    3.091    0.188   -2.460    3.091    0.188   -0.462   -7.603    0.581    7.820    3.820
 302.00   19.769   19.856   19.894    1.860    1.221   -3.231    1.860    1.221   -3.946   -6.008    2.271    7.694    3.769
 302.10   19.859   19.955   19.956    1.956    0.212   -3.141    1.956    0.212   -0.665   -6.144    0.414    6.869    3.097
 302.20   20.450   20.461   20.494   -0.649    1.172   -2.550   -0.649    1.172   -2.987    1.655   -0.760    4.147    1.749
 302.30   21.172   21.181   21.232    0.624    1.474   -1.828    0.624    1.474   -2.695   -1.141    0.920    2.953    1.534
 302.40   21.852   21.875   21.900    0.996    1.042   -1.148    0.996    1.042   -1.196   -1.143    1.038    1.698    0.977
 302.50   21.375   21.379   21.386   -0.447    0.523   -1.625   -0.447    0.523   -0.851    0.726   -0.234    1.558    0.571
 302.60   20.636   20.648   20.650   -0.709    0.319   -2.364   -0.709    0.319   -0.755    1.675   -0.226    3.097    0.926
 302.70   20.112   20.124   20.124    0.705   -0.059   -2.888    0.705   -0.059    0.170   -2.037   -0.041    4.421    1.022
 302.80   19.965   19.974   19.987   -0.580    0.735   -3.035   -0.580    0.735   -2.230    1.759   -0.426    5.042    1.436
 302.90   19.205   19.230   19.247    0.972   -0.817   -3.795    0.972   -0.817    3.099   -3.687   -0.794    8.005    2.441
 303.00   18.325   18.325   18.551    0.064   -2.884   -4.675    0.064   -2.884   13.480   -0.299   -0.185   15.086    6.742
 303.10   19.581   19.599   19.793   -0.837   -2.761   -3.419   -0.837   -2.761    9.441    2.860    2.310   10.007    5.066
 303.20   21.163   21.176   21.240    0.743   -1.657   -1.837    0.743   -1.657    3.044   -1.366   -1.231    3.336    1.778
 303.30   20.628   20.628   20.691    0.089   -1.619   -2.372    0.089   -1.619    3.841   -0.210   -0.143    4.129    1.925
 303.40   21.573   21.674   21.696    2.096   -0.968   -1.427    2.096   -0.968    1.381   -2.992   -2.028    3.683    1.934
 303.50   21.272   21.767   21.804    4.615   -1.278   -1.728    4.615   -1.278    2.209   -7.976   -5.901   12.961    5.082
 303.60   19.862   20.141   20.319    3.340   -2.687   -3.138    3.340   -2.687    8.433  -10.482   -8.975   14.113    8.086
 303.70   19.769   19.944   20.205    2.635   -3.241   -3.231    2.635   -3.241   10.473   -8.515   -8.541   13.945    7.987
 303.80   19.237   19.833   20.062    4.822   -3.025   -3.763    4.822   -3.025   11.381  -18.145  -14.587   23.281   12.957
 303.90   19.582   20.424   20.693    5.801   -3.329   -3.418    5.801   -3.329   11.377  -19.826  -19.312   28.207   14.962
 304.00   21.381   21.871   21.958    4.603   -1.960   -1.619    4.603   -1.960    3.173   -7.453   -9.019   13.823    6.061
 304.10   22.733   22.918   22.972    2.907   -1.577   -0.267    2.907   -1.577    0.421   -0.777   -4.584    5.504    2.334
 304.20   23.478   23.535   23.574    1.646   -1.347    0.478    1.646   -1.347   -0.643    0.786   -2.217    2.376    1.219
 304.30   22.680   22.759   22.868    1.899   -2.233   -0.320    1.899   -2.233    0.715   -0.608   -4.239    4.347    2.171
 304.40   21.605   21.715   21.784    2.179   -1.731   -1.395    2.179   -1.731    2.414   -3.039   -3.772    4.844    2.706
 304.50   22.502   22.610   22.662    2.200   -1.539   -0.498    2.200   -1.539    0.766   -1.095   -3.385    3.727    1.819
 304.60   22.115   22.163   22.165    1.464   -0.271   -0.885    1.464   -0.271    0.240   -1.296   -0.397    1.500    0.688
 304.70   22.916   22.939   22.939    1.018    0.058   -0.084    1.018    0.058   -0.005   -0.085    0.059    0.523    0.052
 304.80   23.477   23.477   23.491    0.023   -0.806    0.477    0.023   -0.806   -0.384    0.011   -0.018    0.439    0.193
 304.90   21.561   21.561   21.597   -0.058    1.241   -1.439   -0.058    1.241   -1.786    0.083   -0.072    1.807    0.895
 305.00   20.469   20.528   20.612   -1.552    1.856   -2.531   -1.552    1.856   -4.698    3.929   -2.881    6.130    3.384
 305.10   20.532   20.535   20.569   -0.325    1.198   -2.468   -0.325    1.198   -2.956    0.802   -0.389    3.816    1.544
 305.20   20.012   20.022   20.051    0.656    1.072   -2.988    0.656    1.072   -3.204   -1.960    0.703    5.255    1.910
 305.30   19.602   19.682   19.781    1.780    1.968   -3.398    1.780    1.968   -6.688   -6.051    3.504    9.296    4.838
 305.40   19.352   19.505   19.592    2.440    1.843   -3.648    2.440    1.843   -6.723   -8.900    4.496   11.328    6.013
 305.50   18.195   18.460   18.461    3.119   -0.120   -4.805    3.119   -0.120    0.577  -14.985   -0.375   16.414    7.500
 305.60   18.737   18.835   18.863    1.921   -1.036   -4.263    1.921   -1.036    4.419   -8.191   -1.991   11.471    4.759
 305.70   18.757   18.766   18.767    0.603   -0.163   -4.243    0.603   -0.163    0.691   -2.561   -0.098    9.199    1.327
 305.80   17.967   18.060   18.066    1.833   -0.447   -5.033    1.833   -0.447    2.249   -9.224   -0.819   14.444    4.765
 305.90   18.451   18.681   18.694    2.924   -0.699   -4.549    2.924   -0.699    3.180  -13.301   -2.044   14.866    6.914
 306.00   18.193   18.331   18.341    2.243   -0.603   -4.807    2.243   -0.603    2.900  -10.782   -1.353   14.252    5.624
 306.10   18.560   18.636   18.734    1.678   -1.918   -4.440    1.678   -1.918    8.515   -7.448   -3.218   13.102    5.881
 306.20   19.937   19.962   19.988    1.003   -1.020   -3.063    1.003   -1.020    3.124   -3.073   -1.023    5.714    2.250
 306.30   20.130   20.130   20.176    0.016   -1.363   -2.870    0.016   -1.363    3.912   -0.047   -0.022    5.047    1.956
 306.40   20.761   20.762   20.805   -0.186    1.327   -2.239   -0.186    1.327   -2.970    0.417   -0.247    3.403    1.505
 306.50   21.769   21.810   21.928    1.332    2.269   -1.231    1.332    2.269   -2.793   -1.639    3.021    4.218    2.214
 306.60   20.984   21.043   21.111    1.587    1.686   -2.016    1.587    1.686   -3.400   -3.200    2.675    4.713    2.690
 306.70   21.781   21.847   21.894    1.700    1.431   -1.219    1.700    1.431   -1.745   -2.073    2.433    3.213    1.821
 306.80   20.953   20.954   20.991   -0.278    1.245   -2.047   -0.278    1.245   -2.549    0.569   -0.346    2.909    1.317
 306.90   20.879   20.917   20.931    1.256    0.758   -2.121    1.256    0.758   -1.606   -2.663    0.951    3.324    1.626
 307.00   20.420   20.429   20.437    0.593    0.559   -2.580    0.593    0.559   -1.442   -1.530    0.332    3.659    1.064
 307.10   19.147   19.147   19.244    0.069    1.930   -3.853    0.069    1.930   -7.436   -0.267    0.134    9.288    3.721
 307.20   19.612   19.642   19.677    1.084    1.180   -3.388    1.084    1.180   -3.999   -3.673    1.279    7.024    2.789
 307.30   20.291   20.461   20.469    2.635   -0.546   -2.709    2.635   -0.546    1.478   -7.138   -1.438    7.289    3.715
 307.40   21.379   21.449   21.449    1.728   -0.124   -1.621    1.728   -0.124    0.201   -2.801   -0.214    2.814    1.408
 307.50   22.507   22.509   22.524    0.252   -0.813   -0.493    0.252   -0.813    0.400   -0.124   -0.205    0.483    0.233
 307.60   22.591   22.591   22.592   -0.042    0.092   -0.409   -0.042    0.092   -0.038    0.017   -0.004    0.089    0.021
 307.70   22.651   22.689   22.717   -1.308    1.141   -0.349   -1.308    1.141   -0.398    0.456   -1.493    1.568    0.806
 307.80   24.062   24.170   24.182   -2.276    0.773    1.062   -2.276    0.773    0.821   -2.418   -1.759    3.453    1.550
 307.90   23.152   23.684   23.686   -4.990    0.291    0.152   -4.990    0.291    0.044   -0.759   -1.454   12.504    0.821
 308.00   23.886   24.282   24.282   -4.369    0.038    0.886   -4.369    0.038    0.034   -3.871   -0.166    9.939    1.937
 308.10   24.909   25.152   25.217   -3.485    1.807    1.909   -3.485    1.807    3.451   -6.655   -6.299    9.529    4.896
 308.20   23.973   24.118   24.126   -2.638    0.621    0.973   -2.638    0.621    0.604   -2.566   -1.637    4.144    1.551
 308.30   24.294   24.398   24.404   -2.259    0.546    1.294   -2.259    0.546    0.706   -2.922   -1.234    3.537    1.625
 308.40   24.655   24.701   24.751   -1.514   -1.569    1.655   -1.514   -1.569   -2.595   -2.505    2.375    3.745    2.159
 308.50   24.853   24.968   25.001   -2.396   -1.287    1.853   -2.396   -1.287   -2.385   -4.438    3.083    5.414    2.953
 308.60   25.248   25.387   25.435   -2.651   -1.562    2.248   -2.651   -1.562   -3.512   -5.959    4.142    7.261    4.031
 308.70   23.659   23.833   23.833   -2.875    0.085    0.659   -2.875    0.085    0.056   -1.895   -0.245    4.354    0.956
 308.80   22.942   23.166   23.214   -3.213   -1.484   -0.058   -3.213   -1.484    0.086    0.186    4.767    6.264    2.386
 308.90   21.922   22.047   22.137   -2.347   -1.995   -1.078   -2.347   -1.995    2.151    2.530    4.683    5.326    2.870
 309.00   22.746   22.804   22.824   -1.622   -0.956   -0.254   -1.622   -0.956    0.243    0.412    1.551    1.805    0.811
 309.10   24.276   24.295   24.295   -0.968   -0.035    1.276   -0.968   -0.035   -0.045   -1.236    0.034    1.283    0.618
 309.20   24.417   24.417   24.484   -0.174   -1.808    1.417   -0.174   -1.808   -2.562   -0.247    0.315    2.653    1.296
 309.30   23.934   23.937   24.006    0.410   -1.812    0.934    0.410   -1.812   -1.692    0.383   -0.744    2.161    0.944
 309.40   24.768   24.819   24.880    1.589   -1.742    1.768    1.589   -1.742   -3.079    2.809   -2.768    4.342    2.502
 309.50   24.796   24.796   24.830    0.071   -1.289    1.796    0.071   -1.289   -2.315    0.127   -0.091    2.447    1.160
 309.60   24.425   24.447   24.526   -1.045   -1.970    1.425   -1.045   -1.970   -2.807   -1.489    2.060    3.502    1.893
 309.70   23.762   23.780   23.794   -0.940   -0.806    0.762   -0.940   -0.806   -0.614   -0.716    0.757    1.057    0.605
 309.80   24.190   24.192   24.240    0.285   -1.525    1.190    0.285   -1.525   -1.815    0.339   -0.435    1.912    0.949
 309.90   25.220   25.237   25.260    0.914   -1.079    2.220    0.914   -1.079   -2.396    2.028   -0.986    3.464    1.645
 310.00   23.495   23.504   23.504   -0.634    0.116    0.495   -0.634    0.116    0.058   -0.314   -0.074    0.330    0.164
 310.10   24.488   24.519   24.580    1.224   -1.742    1.488    1.224   -1.742   -2.592    1.822   -2.133    3.374    1.910
 310.20   23.266   23.266   23.328   -0.026   -1.698    0.266   -0.026   -1.698   -0.451   -0.007    0.044    1.478    0.227
 310.30   22.257   22.300   22.350   -1.382   -1.502   -0.743   -1.382   -1.502    1.116    1.027    2.075    2.359    1.285
 310.40   22.410   22.619   22.696   -3.066   -1.879   -0.590   -3.066   -1.879    1.109    1.810    5.761    6.640    3.070
 310.50   24.700   24.905   24.994   -3.190   -2.105    1.700   -3.190   -2.105   -3.579   -5.423    6.715    8.748    4.672
 310.60   25.022   25.171   25.272   -2.740   -2.250    2.022   -2.740   -2.250   -4.550   -5.540    6.166    8.330    4.728
 310.70   24.608   24.753   24.867   -2.682   -2.374    1.608   -2.682   -2.374   -3.816   -4.311    6.366    7.705    4.291
 310.80   23.754   23.941   23.944   -2.986   -0.370    0.754   -2.986   -0.370   -0.279   -2.251    1.106    4.810    1.262
 310.90   23.401   23.653   23.653   -3.444   -0.179    0.401   -3.444   -0.179   -0.072   -1.380    0.617    6.028    0.756
 311.00   23.690   23.850   23.872   -2.757   -1.021    0.690   -2.757   -1.021   -0.704   -1.902    2.814    4.559    1.734
 311.10   24.264   24.318   24.400   -1.612   -1.994    1.264   -1.612   -1.994   -2.522   -2.038    3.214    4.087    2.283
 311.20   22.038   22.089   22.213   -1.506   -2.343   -0.962   -1.506   -2.343    2.254    1.449    3.528    4.341    2.215
 311.30   21.037   21.098   21.121   -1.600   -0.985   -1.963   -1.600   -0.985    1.935    3.141    1.577    3.692    2.006
 311.40   21.199   21.344   21.349   -2.481   -0.456   -1.801   -2.481   -0.456    0.821    4.467    1.131    4.803    2.340
 311.50   22.180   22.184   22.184   -0.417   -0.105   -0.820   -0.417   -0.105    0.086    0.342    0.044    0.429    0.178
 311.60   20.618   20.623   20.645   -0.459    0.944   -2.382   -0.459    0.944   -2.248    1.092   -0.433    3.387    1.268
 311.70   21.949   21.970   21.986   -0.953    0.823   -1.051   -0.953    0.823   -0.864    1.001   -0.784    1.344    0.769
 311.80   21.871   21.957   21.966   -1.944    0.635   -1.129   -1.944    0.635   -0.717    2.195   -1.234    2.728    1.309
 311.90   22.136   22.228   22.272   -2.024    1.401   -0.864   -2.024    1.401   -1.210    1.749   -2.835    3.403    1.772
 312.00   22.335   22.433   22.450   -2.096   -0.876   -0.665   -2.096   -0.876    0.583    1.394    1.835    2.800    1.188
 312.10   21.391   21.428   21.433   -1.274   -0.436   -1.609   -1.274   -0.436    0.702    2.051    0.556    2.202    1.119
 312.20   22.092   22.152   22.186   -1.628   -1.240   -0.908   -1.628   -1.240    1.126    1.479    2.019    2.507    1.372
 312.30   23.048   23.152   23.161   -2.193   -0.643    0.048   -2.193   -0.643   -0.031   -0.105    1.409    2.611    0.707
 312.40   22.885   23.078   23.084   -2.974    0.533   -0.115   -2.974    0.533   -0.061    0.342   -1.584    4.572    0.811
 312.50   22.071   22.516   22.526   -4.455   -0.671   -0.929   -4.455   -0.671    0.624    4.141    2.991   10.582    2.573
 312.60   23.020   23.370   23.375   -4.031   -0.483    0.020   -4.031   -0.483   -0.010   -0.079    1.949    8.241    0.975
 312.70   24.822   25.286   25.291   -4.824    0.472    1.822   -4.824    0.472    0.860   -8.788   -2.277   13.406    4.559
 312.80   24.317   24.665   24.665   -4.132   -0.110    1.317   -4.132   -0.110   -0.145   -5.440    0.456    9.409    2.730
 312.90   23.231   23.488   23.528   -3.467    1.372    0.231   -3.467    1.372    0.317   -0.801   -4.756    6.979    2.417
 313.00   25.164   25.214   25.214   -1.576    0.042    2.164   -1.576    0.042    0.092   -3.410   -0.067    3.584    1.706
 313.10   24.226   24.227   24.496   -0.135   -3.620    1.226   -0.135   -3.620   -4.440   -0.166    0.489    7.313    2.235
 313.20   22.926   22.926   23.267   -0.030   -3.966   -0.074   -0.030   -3.966    0.294    0.002    0.120    7.869    0.159
 313.30   24.516   24.538   24.601   -1.025   -1.765    1.516   -1.025   -1.765   -2.677   -1.554    1.810    3.234    1.793
 313.40   23.579   23.621   23.643   -1.408   -1.012    0.579   -1.408   -1.012   -0.586   -0.815    1.426    1.672    0.872
 313.50   23.617   23.662   23.796   -1.467   -2.523    0.617   -1.467   -2.523   -1.556   -0.905    3.701    4.448    2.058
 313.60   23.467   23.468   23.525   -0.126   -1.640    0.467   -0.126   -1.640   -0.767   -0.059    0.206    1.462    0.398
 313.70   23.375   23.381   23.429    0.525   -1.500    0.375    0.525   -1.500   -0.563    0.197   -0.787    1.333    0.494
 313.80   23.091   23.092   23.092    0.209   -0.168    0.091    0.209   -0.168   -0.015    0.019   -0.035    0.040    0.021
 313.90   23.327   23.335   23.338    0.592   -0.387    0.327    0.592   -0.387   -0.127    0.194   -0.229    0.304    0.163
 314.00   23.258   23.292   23.329    1.251   -1.323    0.258    1.251   -1.323   -0.342    0.323   -1.655    1.691    0.860
 314.10   24.292   24.299   24.348    0.576   -1.548    1.292    0.576   -1.548   -2.001    0.745   -0.892    2.200    1.157
 314.20   24.475   24.506   24.513   -1.227   -0.612    1.475   -1.227   -0.612   -0.903   -1.810    0.751    2.028    1.079
 314.30   23.784   23.817   23.840   -1.255    1.042    0.784   -1.255    1.042    0.817   -0.984   -1.307    1.638    0.914
 314.40   24.634   24.657   24.690   -1.084    1.266    1.634   -1.084    1.266    2.069   -1.771   -1.373    2.724    1.525
 314.50   23.106   23.129   23.131   -1.048    0.299    0.106   -1.048    0.299    0.032   -0.111   -0.314    0.599    0.167
 314.60   22.348   22.363   22.365   -0.831   -0.232   -0.652   -0.831   -0.232    0.151    0.542    0.193    0.585    0.297
 314.70   22.196   22.210   22.211    0.777    0.212   -0.804    0.777    0.212   -0.171   -0.625    0.165    0.648    0.334
 314.80   21.501   21.516   21.529    0.815   -0.743   -1.499    0.815   -0.743    1.114   -1.222   -0.605    1.732    0.880
 314.90   22.067   22.096   22.098    1.133   -0.353   -0.933    1.133   -0.353    0.329   -1.057   -0.400    1.140    0.589
 315.00   22.691   22.694   22.694   -0.399    0.037   -0.309   -0.399    0.037   -0.011    0.123   -0.015    0.128    0.062
 315.10   22.643   22.654   22.655   -0.698    0.216   -0.357   -0.698    0.216   -0.077    0.249   -0.151    0.331    0.150
 315.20   20.466   20.472   20.497    0.498   -1.006   -2.534    0.498   -1.006    2.550   -1.262   -0.501    3.841    1.445
 315.30   20.715   20.747   20.854   -1.153   -2.111   -2.285   -1.153   -2.111    4.825    2.634    2.434    5.504    3.006
 315.40   19.441   19.471   19.570   -1.082   -1.968   -3.559   -1.082   -1.968    7.005    3.852    2.130    8.856    4.136
 315.50   19.430   19.455   19.459   -0.975   -0.397   -3.570   -0.975   -0.397    1.418    3.482    0.387    6.926    1.890
 315.60   19.944   19.945   19.946   -0.095    0.208   -3.056   -0.095    0.208   -0.636    0.292   -0.020    4.695    0.350
 315.70   21.171   21.186   21.194   -0.812   -0.566   -1.829   -0.812   -0.566    1.035    1.485    0.459    2.163    0.934
 315.80   21.105   21.115   21.146   -0.639   -1.152   -1.895   -0.639   -1.152    2.183    1.211    0.736    2.663    1.301
 315.90   22.281   22.308   22.313    1.078   -0.517   -0.719    1.078   -0.517    0.371   -0.775   -0.557    0.973    0.512
 316.00   22.932   22.932   22.941    0.179   -0.622   -0.068    0.179   -0.622    0.042   -0.012   -0.112    0.212    0.060
 316.10   23.723   23.727   23.772   -0.446   -1.468    0.723   -0.446   -1.468   -1.061   -0.323    0.655    1.438    0.644
 316.20   25.349   25.354   25.354    0.495   -0.005    2.349    0.495   -0.005   -0.011    1.162   -0.002    2.882    0.581
 316.30   26.309   26.310   26.311    0.266    0.093    3.309    0.266    0.093    0.309    0.879    0.025    5.515    0.466
 316.40   24.551   24.565   24.571   -0.835   -0.543    1.551   -0.835   -0.543   -0.842   -1.295    0.453    1.699    0.805
 316.50   23.683   23.697   23.716   -0.816    0.945    0.683   -0.816    0.945    0.646   -0.558   -0.771    1.013    0.575
 316.60   23.096   23.111   23.190   -0.823    1.910    0.096   -0.823    1.910    0.184   -0.079   -1.572    2.168    0.792
 316.70   23.646   23.717   23.898   -1.826    2.934    0.646   -1.826    2.934    1.896   -1.180   -5.358    6.180    2.902
 316.80   22.341   22.409   22.609   -1.733    3.005   -0.659   -1.733    3.005   -1.979    1.141   -5.207    6.233    2.843
 316.90   23.033   23.178   23.549   -2.590    4.164    0.033   -2.590    4.164    0.136   -0.084  -10.785   12.024    5.393
 317.00   22.368   22.609   22.886   -3.294    3.545   -0.632   -3.294    3.545   -2.240    2.081  -11.674   11.906    6.034
 317.10   22.338   22.355   22.550   -0.870    2.958   -0.662   -0.870    2.958   -1.957    0.576   -2.574    4.972    1.642
 317.20   23.294   23.305   23.465   -0.742    2.732    0.294   -0.742    2.732    0.802   -0.218   -2.026    4.051    1.095
 317.30   23.912   23.913   24.017   -0.233    2.235    0.912   -0.233    2.235    2.038   -0.212   -0.521    2.940    1.057
 317.40   23.191   23.193   23.545   -0.281    4.054    0.191   -0.281    4.054    0.776   -0.054   -1.139    8.274    0.690
 317.50   22.606   22.612   22.730   -0.555    2.314   -0.394   -0.555    2.314   -0.913    0.219   -1.285    2.909    0.795
 317.60   21.113   21.146   21.360   -1.191    3.013   -1.887   -1.191    3.013   -5.687    2.247   -3.588    7.030    3.545
 317.70   21.802   21.824   21.924   -0.982    2.090   -1.198   -0.982    2.090   -2.503    1.176   -2.052    3.383    1.722
 317.80   22.015   22.204   22.478   -2.888    3.502   -0.985   -2.888    3.502   -3.449    2.844  -10.112   10.786    5.528
 317.90   23.491   23.578   24.012   -2.033    4.543    0.491   -2.033    4.543    2.229   -0.997   -9.233   12.505    4.775
 318.00   23.436   23.622   23.900   -2.957    3.636    0.436   -2.957    3.636    1.585   -1.289  -10.753   11.079    5.473
 318.10   22.720   22.881   23.152   -2.710    3.527   -0.280   -2.710    3.527   -0.987    0.758   -9.560    9.933    4.820
 318.20   22.782   22.801   22.978   -0.915    2.850   -0.218   -0.915    2.850   -0.620    0.199   -2.609    4.505    1.345
 318.30   23.804   23.829   24.048   -1.081    3.244    0.804   -1.081    3.244    2.608   -0.869   -3.505    6.169    2.227
 318.40   23.787   23.803   23.871   -0.864    1.797    0.787   -0.864    1.797    1.415   -0.680   -1.553    2.299    1.104
 318.50   23.276   23.305   23.352   -1.169    1.482    0.276   -1.169    1.482    0.409   -0.323   -1.732    1.819    0.904
 318.60   23.012   23.046   23.082   -1.250    1.289    0.012   -1.250    1.289    0.015   -0.015   -1.611    1.612    0.806
 318.70   23.993   24.254   24.368   -3.546    2.356    0.993   -3.546    2.356    2.341   -3.523   -8.356    9.558    4.683
 318.80   23.424   23.764   23.973   -4.003    3.157    0.424   -4.003    3.157    1.339   -1.698  -12.638   13.085    6.411
 318.90   23.841   23.922   24.083   -1.960    2.787    0.841   -1.960    2.787    2.344   -1.649   -5.463    6.158    3.085
 319.00   21.381   21.382   21.402   -0.222    0.933   -1.619   -0.222    0.933   -1.511    0.360   -0.207    1.771    0.784
 319.10   21.668   21.668   21.668    0.026   -0.012   -1.332    0.026   -0.012    0.016   -0.034   -0.000    0.887    0.019
 319.20   22.029   22.094   22.107   -1.692   -0.773   -0.971   -1.692   -0.773    0.751    1.643    1.308    2.202    1.115
 319.30   20.883   21.053   21.053   -2.672   -0.014   -2.117   -2.672   -0.014    0.029    5.657    0.037    5.811    2.829
 319.40   20.607   20.733   20.757   -2.280   -1.007   -2.393   -2.280   -1.007    2.409    5.458    2.295    5.971    3.196
 319.50   20.772   21.026   21.032   -3.259    0.463   -2.228   -3.259    0.463   -1.032    7.261   -1.511    7.900    3.744
 319.60   20.465   20.975   21.010   -4.598    1.224   -2.535   -4.598    1.224   -3.104   11.657   -5.629   14.533    6.656
 319.70   20.437   20.957   21.058   -4.641    2.054   -2.563   -4.641    2.054   -5.264   11.896   -9.532   16.165    8.064
 319.80   20.605   21.289   21.419   -5.355    2.356   -2.395   -5.355    2.356   -5.644   12.826  -12.618   19.983    9.429
 319.90   18.603   19.393   19.507   -5.480    2.107   -4.397   -5.480    2.107   -9.265   24.095  -11.546   26.901   14.140
 320.00   19.297   19.731   19.814   -4.115    1.814   -3.703   -4.115    1.814   -6.719   15.236   -7.466   16.967    9.125
 320.10   19.904   20.261   20.544   -3.790    3.393   -3.096   -3.790    3.393  -10.505   11.733  -12.858   17.729   10.165
 320.20   20.514   20.642   20.824   -2.290    2.747   -2.486   -2.290    2.747   -6.829    5.692   -6.290    9.484    5.445
 320.30   21.847   21.909   22.120   -1.642    3.048   -1.153   -1.642    3.048   -3.515    1.893   -5.004    6.659    3.201
 320.40   21.975   22.105   22.152   -2.397    1.436   -1.025   -2.397    1.436   -1.472    2.457   -3.441    4.429    2.239
 320.50   22.334   22.487   22.487   -2.619    0.102   -0.666   -2.619    0.102   -0.068    1.746   -0.268    3.658    0.884
 320.60   21.630   21.786   21.787   -2.606    0.156   -1.370   -2.606    0.156   -0.213    3.571   -0.405    4.347    1.800
 320.70   20.840   20.977   21.007   -2.391    1.129   -2.160   -2.391    1.129   -2.437    5.163   -2.698    5.826    3.157
 320.80   21.354   21.463   21.586   -2.155    2.301   -1.646   -2.155    2.301   -3.787    3.547   -4.960    6.325    3.589
 320.90   22.910   23.035   23.051   -2.396    0.857   -0.090   -2.396    0.857   -0.077    0.216   -2.053    3.242    1.033
 321.00   23.735   23.828   23.835   -2.109   -0.565    0.735   -2.109   -0.565   -0.415   -1.549    1.191    2.653    0.999
 321.10   25.242   25.243   25.276   -0.169    1.300    2.242   -0.169    1.300    2.915   -0.380   -0.220    3.373    1.474
 321.20   25.757   25.764   25.961   -0.608    3.196    2.757   -0.608    3.196    8.811   -1.676   -1.943    9.092    4.588
 321.30   26.901   26.904   26.997   -0.375    2.250    3.901   -0.375    2.250    8.777   -1.463   -0.844   10.210    4.469
 321.40   27.203   27.247   27.290   -1.547    1.538    4.203   -1.547    1.538    6.465   -6.500   -2.379   11.211    4.735
 321.50   27.106   27.130   27.177   -1.158    1.588    4.106   -1.158    1.588    6.521   -4.754   -1.839   10.360    4.139
 321.60   26.875   27.029   27.066   -2.881    1.414    3.875   -2.881    1.414    5.479  -11.165   -4.074   12.658    6.543
 321.70   26.655   26.684   26.684   -1.244    0.055    3.655   -1.244    0.055    0.201   -4.547   -0.069    7.455    2.276
 321.80   24.354   24.361   24.395   -0.578   -1.292    1.354   -0.578   -1.292   -1.749   -0.783    0.747    1.918    1.028
 321.90   24.354   24.370   24.370   -0.864    0.076    1.354   -0.864    0.076    0.103   -1.170   -0.066    1.293    0.588
 322.00   26.707   26.707   26.710   -0.071   -0.359    3.707   -0.071   -0.359   -1.332   -0.262    0.025    6.939    0.679
 322.10   28.573   28.588   28.589    0.935   -0.189    5.573    0.935   -0.189   -1.054    5.210   -0.177   15.982    2.660
 322.20   28.953   28.954   28.954    0.314    0.074    5.953    0.314    0.074    0.441    1.869    0.023   17.769    0.960
 322.30   29.682   29.722   29.727    1.554   -0.535    6.682    1.554   -0.535   -3.574   10.382   -0.831   23.671    5.505
 322.40   29.507   29.676   29.722    3.157    1.656    6.507    3.157    1.656   10.775   20.540    5.227   27.525   11.888
 322.50   29.892   29.893   30.030    0.303    2.862    6.892    0.303    2.862   19.722    2.086    0.866   27.888    9.926
 322.60   30.192   30.193   30.408    0.236    3.611    7.192    0.236    3.611   25.967    1.697    0.852   32.406   13.018
 322.70   30.792   30.821   30.923    1.324    2.513    7.792    1.324    2.513   19.583   10.314    3.326   34.394   11.191
 322.80   31.815   31.851   31.865    1.519    0.952    8.815    1.519    0.952    8.392   13.390    1.446   40.458    7.934
 322.90   30.717   30.790   30.791    2.122    0.233    7.717    2.122    0.233    1.794   16.374    0.493   32.051    8.239
 323.00   30.491   30.521   30.521    1.337   -0.218    7.491    1.337   -0.218   -1.633   10.016   -0.291   28.977    5.076
 323.10   30.442   30.457   30.461    0.976   -0.482    7.442    0.976   -0.482   -3.590    7.265   -0.471   28.282    4.059
 323.20   29.988   29.993   30.061    0.546   -2.021    6.988    0.546   -2.021  -14.126    3.818   -1.104   26.610    7.337
 323.30   29.367   29.385   29.509   -1.020   -2.704    6.367   -1.020   -2.704  -17.219   -6.493    2.758   24.448    9.304
 323.40   28.914   28.914   29.053   -0.069   -2.833    5.914   -0.069   -2.833  -16.756   -0.410    0.196   21.505    8.381
 323.50   28.847   28.865   28.977   -1.041   -2.534    5.847   -1.041   -2.534  -14.818   -6.085    2.638   20.845    8.117
 323.60   27.974   27.988   28.153   -0.873   -3.052    4.974   -0.873   -3.052  -15.178   -4.343    2.664   17.407    8.005
 323.70   28.414   28.431   28.586   -0.986   -2.972    5.414   -0.986   -2.972  -16.091   -5.341    2.932   19.560    8.603
 323.80   29.475   29.475   29.535   -0.131   -1.875    6.475   -0.131   -1.875  -12.142   -0.847    0.245   22.729    6.087
 323.90   30.107   30.107   30.139   -0.122   -1.380    7.107   -0.122   -1.380   -9.805   -0.864    0.168   26.212    4.922
 324.00   29.387   29.415   29.416   -1.280   -0.169    6.387   -1.280   -0.169   -1.080   -8.174    0.216   21.232    4.124
 324.10   29.699   29.746   29.825   -1.679   -2.173    6.699   -1.679   -2.173  -14.554  -11.245    3.647   26.206    9.375
 324.20   28.959   29.000   29.056   -1.551   -1.799    5.959   -1.551   -1.799  -10.721   -9.242    2.791   20.575    7.214
 324.30   27.133   27.184   27.235   -1.665   -1.660    4.133   -1.665   -1.660   -6.859   -6.883    2.764   11.305    5.051
 324.40   28.161   28.164   28.314    0.469   -2.907    5.161    0.469   -2.907  -15.003    2.422   -1.364   17.652    7.629
 324.50   27.309   27.310   27.525    0.176   -3.436    4.309    0.176   -3.436  -14.805    0.759   -0.605   15.202    7.419
 324.60   26.652   26.664   26.800    0.792   -2.702    3.652    0.792   -2.702   -9.869    2.891   -2.139   10.633    5.252
 324.70   26.181   26.192   26.304    0.755   -2.427    3.181    0.755   -2.427   -7.720    2.403   -1.833    8.290    4.145
 324.80   25.180   25.193   25.330    0.799   -2.631    2.180    0.799   -2.631   -5.736    1.741   -2.101    6.157    3.176
 324.90   26.067   26.090   26.162    1.076   -1.940    3.067    1.076   -1.940   -5.952    3.300   -2.088    7.166    3.559
 325.00   25.746   25.808   25.833    1.786   -1.119    2.746    1.786   -1.119   -3.072    4.906   -1.998    5.993    3.062
 325.10   26.879   26.946   26.953    1.903    0.613    3.879    1.903    0.613    2.376    7.382    1.166    9.521    3.921
 325.20   27.040   27.108   27.108    1.911    0.129    4.040    1.911    0.129    0.521    7.721    0.246    9.996    3.871
 325.30   27.435   27.482   27.494    1.608   -0.809    4.435    1.608   -0.809   -3.587    7.133   -1.301   11.457    4.045
 325.40   25.917   25.991   26.000    1.966   -0.672    2.917    1.966   -0.672   -1.961    5.733   -1.322    6.411    3.101
 325.50   26.487   26.794   26.811    4.044   -0.961    3.487    4.044   -0.961   -3.351   14.102   -3.886   14.719    7.503
 325.60   25.477   25.852   25.872    4.389   -1.020    2.477    4.389   -1.020   -2.527   10.869   -4.478   13.218    6.012
 325.70   25.428   25.585   25.586    2.832   -0.199    2.428    2.832   -0.199   -0.484    6.875   -0.564    6.977    3.458
 325.80   27.021   27.043   27.047    1.111   -0.445    4.021    1.111   -0.445   -1.789    4.469   -0.495    8.799    2.419
 325.90   27.880   27.921   27.921    1.501    0.035    4.880    1.501    0.035    0.170    7.325    0.052   13.036    3.664
 326.00   28.004   28.115   28.116    2.502   -0.163    5.004    2.502   -0.163   -0.817   12.522   -0.409   15.664    6.278
 326.10   25.841   25.942   25.974    2.286    1.289    2.841    2.286    1.289    3.661    6.495    2.946    7.479    4.008
 326.20   26.120   26.152   26.153    1.289    0.228    3.120    1.289    0.228    0.710    4.022    0.293    5.723    2.047
 326.30   27.076   27.139   27.303    1.844   -2.989    4.076    1.844   -2.989  -12.186    7.517   -5.513   14.477    7.671
 326.40   25.706   25.810   25.834    2.313   -1.111    2.706    2.313   -1.111   -3.007    6.259   -2.570    6.954    3.702
 326.50   25.855   26.169   26.288    4.040   -2.502    2.855    4.040   -2.502   -7.143   11.536  -10.108   15.367    8.460
 326.60   25.949   25.999   26.004    1.617   -0.494    2.949    1.617   -0.494   -1.455    4.768   -0.798    5.776    2.524
 326.70   25.739   25.779   25.849    1.432   -1.895    2.739    1.432   -1.895   -5.190    3.923   -2.714    6.572    3.525
 326.80   24.652   24.738   24.818    2.061   -1.985    1.652    2.061   -1.985   -3.280    3.405   -4.090    5.458    3.126
 326.90   25.226   25.230   25.241    0.411   -0.736    2.226    0.411   -0.736   -1.638    0.915   -0.302    2.834    0.950
 327.00   24.225   24.251   24.261    1.108   -0.712    1.225    1.108   -0.712   -0.872    1.358   -0.789    1.618    0.898
 327.10   23.532   23.621   23.641    2.041   -0.992    0.532    2.041   -0.992   -0.528    1.086   -2.025    2.717    1.179
 327.20   24.043   24.172   24.172    2.495   -0.067    1.043    2.495   -0.067   -0.070    2.602   -0.167    3.659    1.304
 327.30   25.362   25.491   25.493    2.559   -0.300    2.362    2.559   -0.300   -0.710    6.045   -0.769    6.109    3.067
 327.40   26.380   26.617   26.638    3.551   -1.034    3.380    3.551   -1.034   -3.493   12.002   -3.671   12.551    6.514
 327.50   26.714   26.731   26.775    0.962   -1.526    3.714    0.962   -1.526   -5.667    3.572   -1.468    8.523    3.429
 327.60   27.116   27.197   27.219    2.094   -1.109    4.116    2.094   -1.109   -4.565    8.620   -2.323   11.278    5.013
 327.70   26.504   26.530   26.531    1.160   -0.225    3.504    1.160   -0.225   -0.789    4.064   -0.261    6.839    2.074
 327.80   26.441   26.449   26.450    0.618   -0.259    3.441    0.618   -0.259   -0.892    2.128   -0.160    6.146    1.157
 327.90   27.462   27.504   27.504   -1.512   -0.068    4.462   -1.512   -0.068   -0.305   -6.745    0.103   11.101    3.376
 328.00   28.650   28.685   28.685   -1.411    0.050    5.650   -1.411    0.050    0.281   -7.971   -0.070   16.958    3.988
 328.10   29.169   29.170   29.172   -0.159   -0.325    6.169   -0.159   -0.325   -2.007   -0.979    0.052   19.097    1.117
 328.20   29.891   29.915   29.918    1.192    0.427    6.891    1.192    0.427    2.944    8.211    0.509   24.546    4.369
 328.30   28.937   28.942   28.956    0.516    0.886    5.937    0.516    0.886    5.259    3.065    0.457   18.152    3.052
 328.40   29.709   29.745   29.753    1.453   -0.704    6.709    1.453   -0.704   -4.724    9.748   -1.023   23.811    5.440
 328.50   29.373   29.476   29.534    2.462   -1.838    6.373    2.462   -1.838  -11.712   15.690   -4.524   25.029   10.048
 328.60   29.963   30.011   30.022    1.712   -0.792    6.963    1.712   -0.792   -5.513   11.919   -1.355   26.018    6.601
 328.70   31.788   31.823   31.823    1.494   -0.022    8.788    1.494   -0.022   -0.197   13.133   -0.033   39.729    6.567
 328.80   30.085   30.095   30.096    0.791    0.148    7.085    0.791    0.148    1.050    5.608    0.117   25.423    2.853
 328.90   30.060   30.061   30.064   -0.242    0.442    7.060   -0.242    0.442    3.123   -1.710   -0.107   25.047    1.781
 329.00   31.965   31.996   32.007    1.405   -0.826    8.965    1.405   -0.826   -7.408   12.592   -1.161   41.515    7.328
 329.10   31.706   31.711   31.712    0.572    0.156    8.706    0.572    0.156    1.361    4.977    0.089   38.073    2.580
 329.20   31.953   31.953   31.955    0.115    0.380    8.953    0.115    0.380    3.404    1.028    0.044   40.156    1.778
 329.30   30.474   30.474   30.475   -0.079    0.094    7.474   -0.079    0.094    0.702   -0.590   -0.007   27.940    0.459
 329.40   29.640   29.650   29.655   -0.797    0.512    6.640   -0.797    0.512    3.396   -5.291   -0.408   22.491    3.150
 329.50   29.402   29.409   29.418   -0.636    0.704    6.402   -0.636    0.704    4.510   -4.074   -0.448   20.946    3.047
 329.60   30.792   30.792   30.824    0.132    1.417    7.792    0.132    1.417   11.040    1.030    0.187   31.366    5.545
 329.70   31.716   31.757   31.774    1.622    1.029    8.716    1.622    1.029    8.970   14.140    1.670   39.830    8.414
 329.80   29.759   29.768   29.772    0.760   -0.445    6.759    0.760   -0.445   -3.008    5.135   -0.338   23.227    2.980
 329.90   29.235   29.262   29.263    1.243   -0.276    6.235    1.243   -0.276   -1.720    7.752   -0.343   20.250    3.974
 330.00   28.526   28.526   28.528    0.109    0.350    5.526    0.109    0.350    1.934    0.602    0.038   15.333    1.013
 330.10   28.694   28.793   28.793    2.385    0.097    5.694    2.385    0.097    0.554   13.580    0.232   19.059    6.797
 330.20   29.056   29.075   29.079    1.052    0.454    6.056    1.052    0.454    2.748    6.371    0.477   18.996    3.477
 330.30   30.442   30.446   30.448    0.493    0.375    7.442    0.493    0.375    2.792    3.667    0.185   27.884    2.306
 330.40   30.546   30.547   30.605    0.209    1.883    7.546    0.209    1.883   14.209    1.574    0.393   30.267    7.151
 330.50   30.368   30.369   30.455    0.157    2.283    7.368    0.157    2.283   16.825    1.154    0.358   29.767    8.434
 330.60   29.957   29.959   29.978    0.281    1.085    6.957    0.281    1.085    7.546    1.956    0.305   24.831    3.901
 330.70   29.505   29.505   29.537   -0.035    1.383    6.505   -0.035    1.383    8.995   -0.228   -0.048   22.114    4.499
 330.80   29.843   29.845   29.895   -0.311    1.735    6.843   -0.311    1.735   11.871   -2.132   -0.540   24.969    6.037
 330.90   28.458   28.463   28.539    0.507    2.092    5.458    0.507    2.092   11.421    2.767    1.061   17.213    5.899
 331.00   29.308   29.317   29.317    0.741    0.086    6.308    0.741    0.086    0.544    4.673    0.064   20.171    2.353
 331.10   28.641   28.642   28.645    0.274   -0.435    5.641    0.274   -0.435   -2.456    1.545   -0.119   16.042    1.452
 331.20   29.232   29.272   29.290   -1.521   -1.032    6.232   -1.521   -1.032   -6.430   -9.479    1.569   21.111    5.781
 331.30   26.843   26.855   26.917   -0.810   -1.818    3.843   -0.810   -1.818   -6.988   -3.113    1.473    9.366    3.895
 331.40   28.245   28.250   28.472    0.508   -3.549    5.245    0.508   -3.549  -18.615    2.666   -1.804   20.184    9.446
 331.50   28.286   28.319   28.488    1.362   -3.106    5.286    1.362   -3.106  -16.417    7.199   -4.230   19.720    9.209
 331.60   26.814   27.063   27.133    3.667   -1.947    3.814    3.667   -1.947   -7.426   13.984   -7.140   15.891    8.685
 331.70   27.078   27.286   27.316    3.361   -1.289    4.078    3.361   -1.289   -5.256   13.706   -4.331   14.794    7.652
 331.80   25.662   25.667   25.679    0.517   -0.798    2.662    0.517   -0.798   -2.124    1.377   -0.413    3.995    1.283
 331.90   25.120   25.120   25.127   -0.061    0.582    2.120   -0.061    0.582    1.235   -0.130   -0.036    2.419    0.621
 332.00   26.884   26.894   26.894   -0.734    0.034    3.884   -0.734    0.034    0.134   -2.849   -0.025    7.811    1.426
 332.10   26.041   26.041   26.073   -0.037   -1.298    3.041   -0.037   -1.298   -3.947   -0.111    0.048    5.467    1.975
 332.20   25.929   26.066   26.072    2.664    0.579    2.929    2.664    0.579    1.697    7.804    1.543    8.007    4.067
 332.30   26.721   27.131   27.168    4.696    1.415    3.721    4.696    1.415    5.265   17.474    6.643   18.949    9.711
 332.40   27.931   28.199   28.239    3.874    1.508    4.931    3.874    1.508    7.435   19.102    5.840   20.798   10.657
 332.50   28.120   28.253   28.462    2.735    3.448    5.120    2.735    3.448   17.653   14.003    9.429   22.791   12.213
 332.60   27.366   27.671   27.889    4.099    3.475    4.366    4.099    3.475   15.172   17.898   14.246   23.971   13.725
 332.70   27.008   27.162   27.205    2.897    1.526    4.008    2.897    1.526    6.113   11.608    4.419   13.389    6.922
 332.80   28.343   28.479   28.610    2.771    2.738    5.343    2.771    2.738   14.633   14.807    7.589   21.865   11.079
 332.90   27.212   27.351   27.360    2.755    0.687    4.212    2.755    0.687    2.892   11.604    1.891   12.902    6.054
 333.00   28.261   28.285   28.304    1.183    1.025    5.261    1.183    1.025    5.391    6.223    1.212   15.061    4.161
 333.10   26.542   26.549   26.559    0.608    0.757    3.542    0.608    0.757    2.681    2.154    0.460    6.743    1.735
 333.20   25.259   25.270   25.296    0.758    1.144    2.259    0.758    1.144    2.583    1.712    0.867    3.493    1.609
 333.30   26.114   26.116   26.117    0.345    0.189    3.114    0.345    0.189    0.588    1.075    0.065    4.926    0.613
 333.40   26.829   26.834   26.841   -0.545    0.587    3.829   -0.545    0.587    2.246   -2.088   -0.320    7.651    1.541
 333.50   26.307   26.389   26.419   -2.084    1.265    3.307   -2.084    1.265    4.183   -6.890   -2.636    8.438    4.240
 333.60   26.074   26.086   26.107   -0.780    1.054    3.074   -0.780    1.054    3.241   -2.397   -0.822    5.585    2.057
 333.70   25.392   25.397   25.412   -0.497    0.855    2.392   -0.497    0.855    2.046   -1.189   -0.425    3.351    1.202
 333.80   24.734   24.766   24.770    1.262    0.416    1.734    1.262    0.416    0.721    2.188    0.525    2.386    1.181
 333.90   24.567   24.634   24.683    1.816    1.557    1.567    1.816    1.557    2.440    2.846    2.828    4.089    2.348
 334.00   24.558   24.656   24.658    2.190    0.353    1.558    2.190    0.353    0.550    3.413    0.773    3.675    1.771
 334.10   23.515   23.570   23.573    1.609   -0.395    0.515    1.609   -0.395   -0.203    0.829   -0.635    1.504    0.532
 334.20   24.329   24.338   24.339    0.684   -0.214    1.329    0.684   -0.214   -0.285    0.909   -0.147    1.140    0.482
 334.30   24.633   24.657   24.662    1.094    0.483    1.633    1.094    0.483    0.788    1.786    0.528    2.048    1.011
 334.40   24.629   24.681   24.710    1.605    1.179    1.629    1.605    1.179    1.921    2.615    1.893    3.310    1.878
 334.50   22.746   22.747   22.790   -0.212    1.398   -0.254   -0.212    1.398   -0.355    0.054   -0.297    1.033    0.233
 334.60   23.849   23.867   23.957    0.948    2.073    0.849    0.948    2.073    1.759    0.804    1.965    2.958    1.379
 334.70   22.996   23.010   23.180    0.804    2.804   -0.004    0.804    2.804   -0.012   -0.004    2.254    4.256    1.127
 334.80   24.422   24.422   24.532   -0.026    2.324    1.422   -0.026    2.324    3.304   -0.037   -0.060    3.711    1.652
 334.90   24.639   24.735   24.826    2.172    2.131    1.639    2.172    2.131    3.493    3.560    4.629    5.974    3.403
 335.00   25.627   25.627   25.663    0.107    1.364    2.627    0.107    1.364    3.584    0.281    0.146    4.386    1.799
 335.10   26.072   26.095   26.117   -1.092    1.084    3.072   -1.092    1.084    3.331   -3.356   -1.185    5.902    2.437
 335.20   26.689   26.711   26.713    1.091   -0.296    3.689    1.091   -0.296   -1.093    4.025   -0.323    7.443    2.091
 335.30   26.851   26.884   26.887    1.341    0.407    3.851    1.341    0.407    1.567    5.163    0.546    8.396    2.712
 335.40   26.498   26.541   26.546    1.520   -0.505    3.498    1.520   -0.505   -1.766    5.317   -0.768    7.400    2.828
 335.50   27.685   27.754   27.760    1.950    0.579    4.685    1.950    0.579    2.714    9.136    1.130   13.045    4.799
 335.60   27.779   27.788   27.798    0.690   -0.736    4.779    0.690   -0.736   -3.519    3.297   -0.508   11.930    2.424
 335.70   27.863   27.916   27.917    1.719    0.155    4.863    1.719    0.155    0.752    8.359    0.266   13.315    4.199
 335.80   27.537   27.582   27.606    1.581    1.144    4.537    1.581    1.144    5.188    7.173    1.808   12.195    4.518
 335.90   25.697   25.903   25.961    3.261    1.734    2.697    3.261    1.734    4.676    8.794    5.654   10.457    5.727
 336.00   27.340   27.726   27.747    4.608    1.094    4.340    4.608    1.094    4.748   19.998    5.041   20.632   10.581
 336.10   27.908   28.100   28.124    3.280    1.154    4.908    3.280    1.154    5.662   16.101    3.784   18.091    8.741
 336.20   28.741   28.878   28.880    2.812   -0.355    5.741    2.812   -0.355   -2.040   16.146   -0.999   20.497    8.152
 336.30   28.476   28.487   28.542    0.786    1.764    5.476    0.786    1.764    9.663    4.303    1.386   16.861    5.334
 336.40   27.958   27.985   28.098   -1.246    2.518    4.958   -1.246    2.518   12.484   -6.176   -3.137   16.235    7.139
 336.50   28.773   28.777   28.824   -0.479    1.640    5.773   -0.479    1.640    9.468   -2.766   -0.786   18.124    4.947
 336.60   28.171   28.176   28.245   -0.481    1.984    5.171   -0.481    1.984   10.259   -2.485   -0.953   15.455    5.300
 336.70   29.004   29.006   29.117   -0.341    2.534    6.004   -0.341    2.534   15.215   -2.045   -0.863   21.295    7.688
 336.80   30.750   30.758   30.914   -0.701    3.107    7.750   -0.701    3.107   24.078   -5.435   -2.179   35.102   12.390
 336.90   30.201   30.238   30.589    1.503    4.621    7.201    1.503    4.621   33.271   10.823    6.945   37.728   17.835
 337.00   29.647   29.647   29.987    0.155    4.503    6.647    0.155    4.503   29.930    1.033    0.700   32.240   14.978
 337.10   30.289   30.292   30.413   -0.433    2.714    7.289   -0.433    2.714   19.783   -3.154   -1.174   30.341   10.033
 337.20   29.809   29.816   29.886    0.648    2.056    6.809    0.648    2.056   14.000    4.409    1.331   25.502    7.369
 337.30   31.422   31.465   31.635    1.639    3.277    8.422    1.639    3.277   27.596   13.806    5.371   42.175   15.660
 337.40   30.570   30.570   30.614    0.042    1.639    7.570    0.042    1.639   12.410    0.317    0.069   29.997    6.207
 337.50   29.420   29.423   29.435   -0.409   -0.853    6.420   -0.409   -0.853   -5.473   -2.623    0.348   21.056    3.040
 337.60   28.705   28.777   28.782   -2.029   -0.547    5.705   -2.029   -0.547   -3.119  -11.577    1.109   18.484    6.021
 337.70   28.271   28.409   28.426   -2.802    0.959    5.271   -2.802    0.959    5.053  -14.770   -2.686   18.277    7.920
 337.80   28.131   28.200   28.222   -1.965    1.130    5.131   -1.965    1.130    5.796  -10.081   -2.219   15.732    5.919
 337.90   29.084   29.093   29.157   -0.723    1.941    6.084   -0.723    1.941   11.809   -4.400   -1.404   20.650    6.340
 338.00   30.221   30.345   30.396   -2.742    1.753    7.221   -2.742    1.753   12.656  -19.800   -4.806   31.365   11.993
 338.10   30.057   30.110   30.119   -1.784    0.719    7.057   -1.784    0.719    5.077  -12.593   -1.284   26.754    6.819
 338.20   28.810   28.810   28.837    0.052    1.233    5.810    0.052    1.233    7.167    0.299    0.064   17.641    3.587
 338.30   27.772   27.772   27.798    0.069    1.194    4.772    0.069    1.194    5.697    0.329    0.082   12.103    2.854
 338.40   28.757   28.759   28.759    0.329   -0.052    5.757    0.329   -0.052   -0.299    1.894   -0.017   16.627    0.959
 338.50   27.531   27.532   27.534   -0.210    0.328    4.531   -0.210    0.328    1.487   -0.951   -0.069   10.341    0.883
 338.60   27.298   27.299   27.314   -0.213    0.908    4.298   -0.213    0.908    3.904   -0.917   -0.194    9.672    2.008
 338.70   27.861   27.861   27.935   -0.037    2.029    4.861   -0.037    2.029    9.861   -0.178   -0.074   13.872    4.931
 338.80   29.462   29.465   29.493   -0.455    1.282    6.462   -0.455    1.282    8.282   -2.943   -0.584   21.801    4.404
 338.90   29.161   29.163   29.164   -0.330   -0.282    6.161   -0.330   -0.282   -1.735   -2.034    0.093   19.072    1.338
 339.00   28.537   28.555   28.558   -1.011   -0.420    5.537   -1.011   -0.420   -2.325   -5.599    0.425   15.931    3.039
 339.10   27.599   27.599   27.599   -0.060   -0.028    4.599   -0.060   -0.028   -0.128   -0.277    0.002   10.576    0.153
 339.20   28.390   28.394   28.394   -0.452   -0.226    5.390   -0.452   -0.226   -1.219   -2.438    0.102   14.653    1.364
 339.30   28.491   28.501   28.502   -0.781    0.198    5.491   -0.781    0.198    1.090   -4.289   -0.155   15.398    2.214
 339.40   28.830   28.875   28.885   -1.612    0.757    5.830   -1.612    0.757    4.412   -9.399   -1.220   18.582    5.227
 339.50   28.328   28.337   28.377   -0.702   -1.512    5.328   -0.702   -1.512   -8.056   -3.741    1.061   15.585    4.473
 339.60   28.859   28.925   28.985   -1.961   -1.857    5.859   -1.961   -1.857  -10.882  -11.490    3.643   20.810    8.120
 339.70   29.026   29.129   29.153   -2.442   -1.189    6.026   -2.442   -1.189   -7.165  -14.719    2.904   21.848    8.313
 339.80   28.034   28.071   28.076   -1.445   -0.537    5.034   -1.445   -0.537   -2.705   -7.273    0.776   13.858    3.899
 339.90   27.915   27.953   27.968   -1.449   -0.932    4.915   -1.449   -0.932   -4.582   -7.121    1.351   13.563    4.288
 340.00   26.343   26.444   26.450   -2.310   -0.589    3.343   -2.310   -0.589   -1.968   -7.720    1.359    8.427    4.041
 340.10   26.770   26.782   26.833   -0.809   -1.652    3.770   -0.809   -1.652   -6.229   -3.051    1.337    8.799    3.532
 340.20   25.683   25.687   25.757    0.434   -1.890    2.683    0.434   -1.890   -5.071    1.163   -0.819    5.480    2.633
 340.30   24.879   24.882   25.012   -0.387   -2.538    1.879   -0.387   -2.538   -4.770   -0.727    0.982    5.062    2.462
 340.40   24.961   25.044   25.044   -2.037   -0.004    1.961   -2.037   -0.004   -0.008   -3.995    0.009    3.998    1.997
 340.50   25.105   25.123   25.131   -0.961    0.625    2.105   -0.961    0.625    1.316   -2.023   -0.601    2.873    1.244
 340.60   24.232   24.288   24.308   -1.645    1.004    1.232   -1.645    1.004    1.237   -2.026   -1.652    2.616    1.446
 340.70   23.309   23.358   23.446   -1.498    2.040    0.309   -1.498    2.040    0.631   -0.463   -3.056    3.251    1.577
 340.80   21.716   21.716   21.865    0.034    2.546   -1.284    0.034    2.546   -3.269   -0.043    0.086    4.067    1.635
 340.90   22.941   22.981   23.183    1.360    3.052   -0.059    1.360    3.052   -0.180   -0.080    4.150    5.584    2.077
 341.00   22.816   22.836   22.936    0.952    2.137   -0.184    0.952    2.137   -0.393   -0.175    2.033    2.752    1.039
 341.10   22.706   22.707   22.801   -0.160    2.073   -0.294   -0.160    2.073   -0.608    0.047   -0.332    2.205    0.347
 341.20   22.294   22.354   22.671   -1.640    3.778   -0.706   -1.640    3.778   -2.669    1.158   -6.196    8.732    3.422
 341.30   20.865   20.870   20.927   -0.490    1.534   -2.135   -0.490    1.534   -3.277    1.047   -0.752    3.578    1.761
 341.40   22.592   22.592   22.599    0.018    0.543   -0.408    0.018    0.543   -0.221   -0.007    0.010    0.231    0.111
 341.50   22.816   22.827   22.832   -0.704    0.482   -0.184   -0.704    0.482   -0.089    0.130   -0.340    0.381    0.187
 341.60   21.468   21.476   21.478   -0.585    0.235   -1.532   -0.585    0.235   -0.360    0.895   -0.137    1.372    0.487
 341.70   22.361   22.362   22.378    0.271    0.824   -0.639    0.271    0.824   -0.527   -0.173    0.223    0.580    0.299
 341.80   21.419   21.468   21.472    1.453    0.371   -1.581    1.453    0.371   -0.586   -2.297    0.539    2.374    1.216
 341.90   21.009   21.019   21.106    0.648    1.918   -1.991    0.648    1.918   -3.819   -1.290    1.243    4.032    2.109
 342.00   21.362   21.367   21.370   -0.453   -0.387   -1.638   -0.453   -0.387    0.634    0.742    0.175    1.520    0.496
 342.10   21.269   21.300   21.300   -1.146   -0.090   -1.731   -1.146   -0.090    0.156    1.983    0.103    2.158    0.996
 342.20   23.132   23.135   23.135    0.307   -0.195    0.132    0.307   -0.195   -0.026    0.041   -0.060    0.075    0.038
 342.30   22.816   22.817   22.842    0.172    1.075   -0.184    0.172    1.075   -0.198   -0.032    0.185    0.610    0.136
 342.40   21.652   21.657   21.695   -0.461    1.285   -1.348   -0.461    1.285   -1.732    0.621   -0.593    1.840    0.967
 342.50   20.437   20.622   20.628   -2.755    0.505   -2.563   -2.755    0.505   -1.295    7.061   -1.392    7.207    3.656
 342.60   19.092   19.172   19.197   -1.757    0.974   -3.908   -1.757    0.974   -3.807    6.867   -1.712    9.656    4.018
 342.70   18.707   18.776   18.777   -1.600   -0.248   -4.293   -1.600   -0.248    1.063    6.869    0.396   10.525    3.481
 342.80   17.976   18.009   18.010   -1.096   -0.174   -5.024   -1.096   -0.174    0.876    5.506    0.191   13.237    2.789
 342.90   19.315   19.322   19.332   -0.515   -0.614   -3.685   -0.515   -0.614    2.262    1.897    0.316    7.110    1.485
 343.00   20.379   20.386   20.386   -0.509   -0.018   -2.621   -0.509   -0.018    0.046    1.335    0.009    3.564    0.668
 343.10   20.289   20.307   20.416   -0.855    2.105   -2.711   -0.855    2.105   -5.706    2.318   -1.800    6.256    3.208
 343.20   19.953   20.038   20.045   -1.836    0.546   -3.047   -1.836    0.546   -1.665    5.595   -1.004    6.477    2.962
 343.30   18.811   18.930   18.951   -2.119    0.884   -4.189   -2.119    0.884   -3.705    8.877   -1.874   11.411    4.900
 343.40   21.059   21.290   21.291   -3.130    0.214   -1.941   -3.130    0.214   -0.415    6.077   -0.668    6.806    3.064
 343.50   20.631   20.722   20.794   -1.936    1.739   -2.369   -1.936    1.739   -4.120    4.586   -3.367    6.192    3.512
 343.60   22.229   22.261   22.295   -1.190    1.219   -0.771   -1.190    1.219   -0.939    0.917   -1.451    1.748    0.978
 343.70   23.329   23.339   23.398   -0.683    1.665    0.329   -0.683    1.665    0.548   -0.225   -1.138    1.673    0.641
 343.80   24.763   24.847   24.896   -2.042    1.564    1.763   -2.042    1.564    2.756   -3.599   -3.193    4.861    2.773
 343.90   23.993   24.135   24.174   -2.616    1.383    0.993   -2.616    1.383    1.373   -2.596   -3.618    4.870    2.330
 344.00   22.701   22.941   22.942   -3.308    0.183   -0.299   -3.308    0.183   -0.055    0.988   -0.605    5.532    0.580
 344.10   22.951   23.199   23.233   -3.385   -1.249   -0.049   -3.385   -1.249    0.061    0.166    4.226    6.509    2.115
 344.20   23.335   23.472   23.480   -2.537    0.625    0.335   -2.537    0.625    0.209   -0.849   -1.586    3.470    0.905
 344.30   23.813   24.084   24.152   -3.600    1.812    0.813   -3.600    1.812    1.473   -2.927   -6.521    8.450    3.649
 344.40   24.010   24.327   24.547   -3.917    3.279    1.010   -3.917    3.279    3.312   -3.956  -12.842   13.555    6.920
 344.50   23.293   23.352   23.493   -1.658    2.566    0.293   -1.658    2.566    0.753   -0.486   -4.254    4.709    2.174
 344.60   21.837   21.907   22.060   -1.750    2.592   -1.163   -1.750    2.592   -3.013    2.035   -4.535    5.565    2.906
 344.70   22.496   22.558   22.840   -1.670    3.581   -0.504   -1.670    3.581   -1.806    0.842   -5.980    7.933    3.152
 344.80   22.810   22.835   23.091   -1.083    3.428   -0.190   -1.083    3.428   -0.653    0.206   -3.710    6.478    1.887
 344.90   23.496   23.529   23.625   -1.236    2.130    0.496   -1.236    2.130    1.057   -0.613   -2.633    3.156    1.452
 345.00   22.384   22.408   22.438   -1.032    1.171   -0.616   -1.032    1.171   -0.721    0.636   -1.209    1.408    0.772
 345.10   22.440   22.445   22.445    0.474    0.001   -0.560    0.474    0.001   -0.001   -0.266    0.001    0.270    0.133
 345.20   21.697   21.703   21.780    0.501    1.828   -1.303    0.501    1.828   -2.380   -0.653    0.916    2.644    1.316
 345.30   21.697   21.701   21.761    0.436    1.608   -1.303    0.436    1.608   -2.095   -0.569    0.702    2.237    1.141
 345.40   22.267   22.281   22.284   -0.801   -0.344   -0.733   -0.801   -0.344    0.252    0.587    0.276    0.649    0.348
 345.50   20.918   20.918   20.924    0.199    0.501   -2.082    0.199    0.501   -1.043   -0.414    0.100    2.313    0.563
 345.60   20.669   20.675   20.739   -0.466   -1.635   -2.331   -0.466   -1.635    3.809    1.086    0.762    4.160    2.017
 345.70   21.333   21.344   21.360   -0.676   -0.845   -1.667   -0.676   -0.845    1.409    1.127    0.571    1.975    0.946
 345.80   21.153   21.195   21.219    1.336   -1.005   -1.847    1.336   -1.005    1.857   -2.468   -1.343    3.103    1.684
 345.90   22.266   22.266   22.296    0.120   -1.158   -0.734    0.120   -1.158    0.851   -0.088   -0.139    0.948    0.433
 346.00   23.719   23.747   23.810   -1.152   -1.724    0.719   -1.152   -1.724   -1.240   -0.829    1.986    2.408    1.242
 346.10   24.954   25.093   25.279   -2.631   -3.061    1.954   -2.631   -3.061   -5.982   -5.142    8.052   10.054    5.636
 346.20   25.991   26.048   26.210   -1.725   -2.907    2.991   -1.725   -2.907   -8.694   -5.160    5.015   10.186    5.643
 346.30   26.251   26.282   26.381   -1.277   -2.282    3.251   -1.277   -2.282   -7.419   -4.150    2.914    8.703    4.493
 346.40   26.718   26.726   26.748   -0.628   -1.082    3.718   -0.628   -1.082   -4.023   -2.336    0.680    7.696    2.351
 346.50   26.463   26.465   26.516    0.357   -1.633    3.463    0.357   -1.633   -5.654    1.235   -0.582    7.392    2.908
 346.60   24.019   24.055   24.196   -1.310   -2.615    1.019   -1.310   -2.615   -2.665   -1.335    3.427    4.797    2.271
 346.70   23.729   23.756   23.840   -1.138   -1.998    0.729   -1.138   -1.998   -1.457   -0.830    2.273    2.909    1.412
 346.80   25.124   25.141   25.173   -0.918   -1.271    2.124   -0.918   -1.271   -2.699   -1.950    1.167    3.485    1.764
 346.90   25.051   25.065   25.109    0.825   -1.487    2.051    0.825   -1.487   -3.049    1.692   -1.226    3.548    1.848
 347.00   24.830   24.858   24.879   -1.174   -1.015    1.830   -1.174   -1.015   -1.858   -2.148    1.192    2.879    1.540
 347.10   25.549   25.657   25.787   -2.353   -2.579    2.549   -2.353   -2.579   -6.574   -5.999    6.068    9.343    5.386
 347.20   24.606   24.678   24.735   -1.881   -1.682    1.606   -1.881   -1.682   -2.702   -3.020    3.163    4.473    2.570
 347.30   25.111   25.150   25.293   -1.405   -2.683    2.111   -1.405   -2.683   -5.664   -2.966    3.770    6.815    3.711
 347.40   24.608   24.715   24.750   -2.290   -1.324    1.608   -2.290   -1.324   -2.130   -3.684    3.033    4.793    2.613
 347.50   25.191   25.247   25.248   -1.680   -0.219    2.191   -1.680   -0.219   -0.479   -3.681    0.368    3.836    1.865
 347.60   24.298   24.355   24.381   -1.661   -1.121    1.298   -1.661   -1.121   -1.456   -2.157    1.863    2.851    1.600
 347.70   22.629   22.678   22.809   -1.497   -2.437   -0.371   -1.497   -2.437    0.905    0.556    3.649    4.160    1.900
 347.80   24.465   24.556   24.793   -2.112   -3.416    1.465   -2.112   -3.416   -5.005   -3.095    7.215    9.138    4.655
 347.90   25.424   25.586   25.650   -2.874   -1.809    2.424   -2.874   -1.809   -4.386   -6.966    5.200    8.704    4.868
 348.00   24.916   25.043   25.248   -2.518   -3.212    1.916   -2.518   -3.212   -6.155   -4.824    8.089   10.166    5.626
 348.10   25.303   25.408   25.710   -2.309   -3.929    2.303   -2.309   -3.929   -9.049   -5.317    9.070   13.035    6.936
 348.20   24.471   24.617   25.041   -2.669   -4.593    1.471   -2.669   -4.593   -6.758   -3.927   12.260   15.192    7.270
 348.30   25.710   25.999   26.424   -3.862   -4.721    2.710   -3.862   -4.721  -12.795  -10.468   18.236   22.277   12.307
 348.40   25.828   26.011   26.122   -3.077   -2.407    2.828   -3.077   -2.407   -6.806   -8.703    7.406   11.630    6.651
 348.50   25.788   25.879   26.135   -2.174   -3.646    2.788   -2.174   -3.646  -10.163   -6.060    7.925   12.893    7.120
 348.60   26.117   26.192   26.441   -1.972   -3.622    3.117   -1.972   -3.622  -11.293   -6.149    7.145   13.366    7.355
 348.70   25.712   26.073   26.256   -4.324   -3.098    2.712   -4.324   -3.098   -8.399  -11.724   13.393   17.822    9.841
 348.80   25.625   25.722   25.892   -2.226   -2.961    2.625   -2.226   -2.961   -7.774   -5.845    6.593   10.309    5.875
 348.90   26.405   26.471   26.725   -1.865   -3.677    3.405   -1.865   -3.677  -12.522   -6.349    6.856   14.297    7.812
 349.00   26.441   26.538   27.104   -2.266   -5.511    3.441   -2.266   -5.511  -18.965   -7.796   12.487   23.674   12.004
 349.10   26.961   26.968   27.388   -0.621   -4.777    3.961   -0.621   -4.777  -18.924   -2.459    2.966   19.450    9.656
 349.20   26.214   26.334   26.647   -2.517   -4.069    3.214   -2.517   -4.069  -13.078   -8.089   10.242   16.611    9.238
 349.30   26.373   26.384   26.861   -0.785   -5.038    3.373   -0.785   -5.038  -16.990   -2.646    3.953   18.684    8.821
 349.40   26.464   26.466   27.072    0.245   -5.696    3.464    0.245   -5.696  -19.734    0.849   -1.396   22.254    9.901
 349.50   25.861   25.867   26.462    0.544   -5.580    2.861    0.544   -5.580  -15.965    1.557   -3.037   19.810    8.163
 349.60   26.357   26.362   26.806    0.502   -4.861    3.357    0.502   -4.861  -16.319    1.686   -2.442   17.576    8.293
 349.70   26.161   26.163   26.528   -0.290   -4.386    3.161   -0.290   -4.386  -13.865   -0.917    1.272   14.657    6.977
 349.80   26.022   26.030   26.215   -0.673   -3.105    3.022   -0.673   -3.105   -9.382   -2.032    2.088    9.612    4.912
 349.90   24.917   24.920   25.043   -0.375   -2.480    1.917   -0.375   -2.480   -4.756   -0.719    0.930    4.984    2.449
 350.00   24.418   24.425   24.515   -0.575   -2.095    1.418   -0.575   -2.095   -2.972   -0.815    1.204    3.366    1.654
 350.10   24.781   24.853   24.958   -1.894   -2.282    1.781   -1.894   -2.282   -4.063   -3.373    4.322    5.983    3.412
 350.20   25.749   25.889   25.934   -2.689   -1.533    2.749   -2.689   -1.533   -4.215   -7.392    4.122    8.569    4.727
 350.30   26.025   26.062   26.088   -1.378   -1.183    3.025   -1.378   -1.183   -3.578   -4.167    1.629    6.224    2.864
 350.40   23.911   23.914   23.998   -0.364   -2.008    0.911   -0.364   -2.008   -1.830   -0.332    0.730    2.497    0.999
 350.50   24.568   24.588   24.745    1.003   -2.782    1.568    1.003   -2.782   -4.362    1.573   -2.792    5.603    2.706
 350.60   24.098   24.104   24.201    0.529   -2.171    1.098    0.529   -2.171   -2.383    0.580   -1.147    3.099    1.354
 350.70   24.499   24.499   24.534    0.008   -1.299    1.499    0.008   -1.299   -1.947    0.012   -0.011    1.967    0.973
 350.80   24.325   24.332   24.347   -0.567   -0.868    1.325   -0.567   -0.868   -1.151   -0.752    0.493    1.416    0.730
 350.90   24.391   24.398   24.405   -0.601   -0.557    1.391   -0.601   -0.557   -0.775   -0.835    0.335    1.303    0.594
 351.00   25.067   25.127   25.160   -1.741   -1.290    2.067   -1.741   -1.290   -2.667   -3.598    2.246    4.484    2.505
 351.10   25.192   25.354   25.404   -2.857   -1.602    2.192   -2.857   -1.602   -3.512   -6.263    4.578    7.768    4.258
 351.20   25.307   25.408   25.411   -2.271   -0.374    2.307   -2.271   -0.374   -0.862   -5.239    0.849    5.309    2.688
 351.30   23.784   23.815   23.831   -1.223   -0.873    0.784   -1.223   -0.873   -0.685   -0.959    1.068    1.437    0.795
 351.40   23.693   23.739   23.822    1.479   -1.992    0.693    1.479   -1.992   -1.380    1.024   -2.946    3.318    1.705
 351.50   23.474   23.541   23.558    1.775   -0.890    0.474    1.775   -0.890   -0.422    0.841   -1.579    2.083    0.919
 351.60   21.516   21.539   21.540    0.994   -0.113   -1.484    0.994   -0.113    0.168   -1.475   -0.112    1.601    0.744
 351.70   22.544   22.556   22.562    0.745    0.508   -0.456    0.745    0.508   -0.232   -0.340    0.379    0.511    0.280
 351.80   22.151   22.152   22.163    0.240   -0.694   -0.849    0.240   -0.694    0.589   -0.204   -0.167    0.630    0.323
 351.90   21.266   21.281   21.302    0.820   -0.936   -1.734    0.820   -0.936    1.623   -1.422   -0.767    2.278    1.145
 352.00   21.245   21.245   21.281    0.075   -1.236   -1.755    0.075   -1.236    2.170   -0.131   -0.092    2.307    1.088
 352.10   20.435   20.476   20.488   -1.295   -0.688   -2.565   -1.295   -0.688    1.765    3.320    0.891    4.364    1.932
 352.20   20.858   20.884   20.906   -1.041   -0.945   -2.142   -1.041   -0.945    2.025    2.230    0.985    3.283    1.585
 352.30   19.018   19.035   19.036   -0.817   -0.182   -3.982   -0.817   -0.182    0.726    3.252    0.149    8.280    1.668
 352.40   19.073   19.319   19.319   -3.072   -0.106   -3.927   -3.072   -0.106    0.418   12.065    0.327   12.436    6.038
 352.50   19.978   20.203   20.209   -3.004   -0.489   -3.022   -3.004   -0.489    1.477    9.078    1.469    9.198    4.657
 352.60   20.215   20.753   20.754   -4.697   -0.159   -2.785   -4.697   -0.159    0.442   13.082    0.745   14.922    6.556
 352.70   18.342   18.664   18.677   -3.450   -0.696   -4.658   -3.450   -0.696    3.242   16.071    2.402   17.042    8.285
 352.80   19.186   19.565   19.646   -3.830   -1.787   -3.814   -3.830   -1.787    6.814   14.608    6.843   16.204    8.755
 352.90   19.380   19.952   20.010   -4.744   -1.518   -3.620   -4.744   -1.518    5.495   17.174    7.202   18.958    9.708
 353.00   18.798   19.006   19.096   -2.806   -1.844   -4.202   -2.806   -1.844    7.750   11.791    5.176   14.467    7.515
 353.10   18.802   19.094   19.097   -3.322   -0.363   -4.198   -3.322   -0.363    1.525   13.947    1.207   14.396    7.041
 353.20   20.258   20.678   20.679   -4.145   -0.214   -2.742   -4.145   -0.214    0.588   11.367    0.889   12.374    5.708
 353.30   19.377   19.842   19.842   -4.269    0.063   -3.623   -4.269    0.063   -0.227   15.463   -0.267   15.674    7.734
 353.40   20.537   20.835   20.835   -3.513   -0.096   -2.463   -3.513   -0.096    0.236    8.653    0.336    9.208    4.331
 353.50   21.629   21.690   21.711   -1.622    0.949   -1.371   -1.622    0.949   -1.301    2.223   -1.539    2.705    1.500
 353.60   22.311   22.433   22.499   -2.333    1.728   -0.689   -2.333    1.728   -1.190    1.607   -4.031    4.452    2.250
 353.70   22.074   22.078   22.156   -0.399    1.861   -0.926   -0.399    1.861   -1.723    0.370   -0.743    2.241    0.956
 353.80   23.414   23.427   23.465   -0.768    1.343    0.414   -0.768    1.343    0.557   -0.318   -1.032    1.283    0.608
 353.90   23.960   24.029   24.041   -1.824    0.735    0.960   -1.824    0.735    0.705   -1.751   -1.340    2.393    1.157
 354.00   23.261   23.297   23.297   -1.289   -0.072    0.261   -1.289   -0.072   -0.019   -0.336    0.093    0.867    0.175
 354.10   23.379   23.389   23.390   -0.669   -0.281    0.379   -0.669   -0.281   -0.107   -0.254    0.188    0.335    0.167
 354.20   23.778   23.856   23.902   -1.921   -1.487    0.778   -1.921   -1.487   -1.157   -1.495    2.858    3.255    1.713
 354.30   23.169   23.351   23.354   -2.906    0.381    0.169   -2.906    0.381    0.064   -0.492   -1.108    4.310    0.607
 354.40   23.398   23.718   23.734   -3.888   -0.860    0.398   -3.888   -0.860   -0.342   -1.546    3.343    8.007    1.850
 354.50   22.923   23.081   23.189   -2.698   -2.226   -0.077   -2.698   -2.226    0.171    0.207    6.007    6.121    3.007
 354.60   22.954   23.088   23.208   -2.491   -2.353   -0.046   -2.491   -2.353    0.109    0.116    5.864    5.874    2.933
 354.70   22.809   23.033   23.054   -3.198   -1.002   -0.191   -3.198   -1.002    0.191    0.610    3.205    5.635    1.634
 354.80   22.885   22.967   22.997   -1.941   -1.181   -0.115   -1.941   -1.181    0.136    0.223    2.294    2.589    1.154
 354.90   22.094   22.479   22.547   -4.147   -1.746   -0.906   -4.147   -1.746    1.583    3.758    7.242   10.533    4.156
 355.00   20.994   21.403   21.487   -4.162   -1.905   -2.006   -4.162   -1.905    3.821    8.347    7.928   12.486    6.065
 355.10   22.066   22.550   22.636   -4.650   -1.966   -0.934   -4.650   -1.966    1.837    4.345    9.144   13.182    5.144
 355.20   21.274   21.626   21.635   -3.887   -0.621   -1.726   -3.887   -0.621    1.072    6.710    2.413    9.238    3.606
 355.30   21.222   21.610   21.615   -4.077   -0.440   -1.778   -4.077   -0.440    0.783    7.248    1.795    9.989    3.754
 355.40   21.994   22.250   22.270   -3.363    0.935   -1.006   -3.363    0.935   -0.941    3.382   -3.146    6.598    2.357
 355.50   22.641   22.774   22.774   -2.461    0.005   -0.359   -2.461    0.005   -0.002    0.884   -0.013    3.092    0.442
 355.60   23.058   23.203   23.204   -2.590    0.227    0.058   -2.590    0.227    0.013   -0.151   -0.589    3.382    0.304
 355.70   22.377   22.637   22.710   -3.425   -1.811   -0.623   -3.425   -1.811    1.129    2.134    6.201    7.698    3.327
 355.80   23.209   23.483   23.485   -3.579   -0.306    0.209   -3.579   -0.306   -0.064   -0.748    1.096    6.474    0.664
 355.90   24.084   24.153   24.184   -1.824   -1.216    1.084   -1.824   -1.216   -1.318   -1.977    2.217    2.990    1.625
 356.00   23.898   23.913   23.918   -0.843    0.497    0.898   -0.843    0.497    0.446   -0.757   -0.419    0.882    0.487
 356.10   24.508   24.569   24.573   -1.730    0.447    1.508   -1.730    0.447    0.674   -2.608   -0.773    2.733    1.401
 356.20   24.668   24.695   24.709   -1.161   -0.824    1.668   -1.161   -0.824   -1.375   -1.937    0.957    2.405    1.281
 356.30   25.330   25.436   25.443   -2.319   -0.601    2.330   -2.319   -0.601   -1.401   -5.404    1.394    5.585    2.877
 356.40   25.807   26.018   26.024   -3.302   -0.564    2.807   -3.302   -0.564   -1.583   -9.270    1.862    9.551    4.793
 356.50   25.335   25.522   25.568   -3.088   -1.527    2.335   -3.088   -1.527   -3.566   -7.210    4.717    8.661    4.662
 356.60   23.798   23.936   24.004   -2.565   -1.804    0.798   -2.565   -1.804   -1.440   -2.048    4.628    5.237    2.631
 356.70   23.361   23.373   23.530   -0.733   -2.715    0.361   -0.733   -2.715   -0.980   -0.265    1.991    4.021    1.118
 356.80   23.897   23.898   23.940   -0.233   -1.418    0.897   -0.233   -1.418   -1.272   -0.209    0.331    1.435    0.665
 356.90   25.206   25.207   25.361    0.045   -2.797    2.206    0.045   -2.797   -6.171    0.100   -0.127    6.346    3.087
 357.00   24.869   24.897   24.991   -1.182   -2.160    1.869   -1.182   -2.160   -4.037   -2.209    2.552    4.777    2.631
 357.10   25.133   25.134   25.135   -0.154   -0.294    2.133   -0.154   -0.294   -0.626   -0.328    0.045    2.330    0.354
 357.20   25.758   25.793   25.810   -1.349   -0.936    2.758   -1.349   -0.936   -2.582   -3.721    1.263    5.151    2.351
 357.30   28.183   28.234   28.384   -1.696   -2.914    5.183   -1.696   -2.914  -15.106   -8.788    4.941   19.117    9.081
 357.40   27.714   27.720   27.909   -0.592   -3.241    4.714   -0.592   -3.241  -15.281   -2.790    1.919   16.540    7.826
 357.50   28.979   28.980   29.169   -0.185   -3.320    5.979   -0.185   -3.320  -19.851   -1.105    0.613   23.403    9.945
 357.60   28.736   28.743   28.987   -0.667   -3.748    5.736   -0.667   -3.748  -21.499   -3.825    2.500   23.696   10.989
 357.70   28.523   28.610   28.819   -2.225   -3.466    5.523   -2.225   -3.466  -19.143  -12.288    7.711   23.733   12.009
 357.80   28.887   28.935   29.072   -1.676   -2.811    5.887   -1.676   -2.811  -16.546   -9.866    4.711   22.682    9.916
 357.90   29.497   29.674   29.865   -3.236   -3.373    6.497   -3.236   -3.373  -21.911  -21.022   10.914   32.026   16.134
 358.00   29.096   29.396   29.534   -4.192   -2.852    6.096   -4.192   -2.852  -17.387  -25.552   11.957   31.432   16.569
 358.10   28.701   28.917   28.919   -3.533   -0.267    5.701   -3.533   -0.267   -1.522  -20.143    0.943   22.527   10.111
 358.20   28.729   28.822   28.823   -2.317    0.178    5.729   -2.317    0.178    1.018  -13.274   -0.412   19.112    6.660
 358.30   27.614   27.615   27.622    0.106    0.631    4.614    0.106    0.631    2.910    0.491    0.067   10.851    1.476
 358.40   27.231   27.232   27.243   -0.218    0.788    4.231   -0.218    0.788    3.332   -0.924   -0.172    9.284    1.731
 358.50   25.015   25.017   25.034    0.298   -0.910    2.015    0.298   -0.910   -1.833    0.601   -0.271    2.489    0.974
 358.60   25.885   25.889   25.928    0.450   -1.415    2.885    0.450   -1.415   -4.084    1.299   -0.637    5.266    2.166
 358.70   27.066   27.067   27.094    0.211   -1.219    4.066    0.211   -1.219   -4.956    0.859   -0.258    9.032    2.519
 358.80   27.709   27.710   27.727   -0.160   -0.972    4.709   -0.160   -0.972   -4.577   -0.753    0.155   11.574    2.321
 358.90   27.614   27.750   27.758   -2.744    0.688    4.614   -2.744    0.688    3.172  -12.660   -1.886   14.645    6.593
 359.00   26.941   26.963   26.994   -1.098   -1.289    3.941   -1.098   -1.289   -5.080   -4.328    1.416    9.199    3.411
 359.10   26.042   26.056   26.127   -0.845   -1.926    3.042   -0.845   -1.926   -5.859   -2.570    1.627    6.839    3.301
 359.20   25.934   25.956   26.105   -1.076   -2.779    2.934   -1.076   -2.779   -8.153   -3.158    2.991    8.745    4.621
 359.30   26.063   26.063   26.190    0.046   -2.579    3.063    0.046   -2.579   -7.899    0.139   -0.117    8.017    3.951
 359.40   27.389   27.398   27.401    0.687   -0.448    4.389    0.687   -0.448   -1.966    3.016   -0.308    9.968    1.807
 359.50   27.779   27.784   27.787   -0.482    0.438    4.779   -0.482    0.438    2.095   -2.305   -0.211   11.634    1.561
 359.60   29.991   30.029   30.037   -1.499    0.710    6.991   -1.499    0.710    4.966  -10.483   -1.065   25.816    5.824
 359.70   29.051   29.149   29.152   -2.389   -0.401    6.051   -2.389   -0.401   -2.426  -14.457    0.958   21.242    7.345
 359.80   26.888   27.037   27.038   -2.833    0.279    3.888   -2.833    0.279    1.087  -11.016   -0.792   11.611    5.549
 359.90   27.538   27.720   27.799   -3.172    2.099    4.538   -3.172    2.099    9.527  -14.395   -6.660   17.531    9.251
 360.00   27.344   27.559   27.576   -3.437    0.955    4.344   -3.437    0.955    4.149  -14.933   -3.283   15.800    7.921
 360.10   28.660   28.823   28.828   -3.062   -0.531    5.660   -3.062   -0.531   -3.006  -17.329    1.626   20.847    8.832
 360.20   28.912   29.029   29.030   -2.605    0.287    5.912   -2.605    0.287    1.696  -15.398   -0.747   20.907    7.755
 360.30   27.860   27.979   28.017   -2.582    1.458    4.860   -2.582    1.458    7.088  -12.550   -3.766   16.208    7.449
 360.40   28.308   28.452   28.562   -2.860    2.506    5.308   -2.860    2.506   13.303  -15.181   -7.169   21.317   10.710
 360.50   28.677   28.891   29.125   -3.504    3.687    5.677   -3.504    3.687   20.931  -19.893  -12.918   29.051   15.817
 360.60   28.195   28.408   28.507   -3.477    2.373    5.195   -3.477    2.373   12.325  -18.059   -8.249   22.350   11.684
 360.70   27.893   28.161   28.162   -3.880    0.244    4.893   -3.880    0.244    1.193  -18.984   -0.946   19.527    9.523
 360.80   28.767   29.091   29.092   -4.326   -0.313    5.767   -4.326   -0.313   -1.802  -24.946    1.352   26.035   12.524
 360.90   28.357   28.584   28.584   -3.596    0.097    5.357   -3.596    0.097    0.518  -19.263   -0.348   20.819    9.636
 361.00   28.185   28.527   28.531   -4.402    0.486    5.185   -4.402    0.486    2.518  -22.824   -2.137   23.249   11.531
 361.10   27.731   28.136   28.140   -4.755   -0.462    4.731   -4.755   -0.462   -2.185  -22.498    2.196   22.605   11.355
 361.20   27.224   27.574   27.574   -4.377    0.028    4.224   -4.377    0.028    0.120  -18.488   -0.124   18.500    9.244
 361.30   27.702   28.311   28.331   -5.841   -1.074    4.702   -5.841   -1.074   -5.048  -27.462    6.270   28.686   14.309
 361.40   28.131   28.806   28.806   -6.201    0.112    5.131   -6.201    0.112    0.573  -31.813   -0.693   32.392   15.913
 361.50   27.125   27.831   27.902   -6.228    1.991    4.125   -6.228    1.991    8.213  -25.690  -12.401   29.884   14.842
 361.60   29.312   29.531   29.693   -3.591    3.091    6.312   -3.591    3.091   19.511  -22.667  -11.099   31.147   15.951
 361.70   28.456   28.889   29.079   -4.983    3.317    5.456   -4.983    3.317   18.095  -27.188  -16.528   32.800   18.302
 361.80   26.935   27.469   27.657   -5.391    3.218    3.935   -5.391    3.218   12.662  -21.213  -17.350   27.452   15.094
 361.90   26.945   27.328   27.398   -4.562    1.956    3.945   -4.562    1.956    7.717  -17.995   -8.924   20.099   10.759
 362.00   25.900   26.373   26.476   -4.975    2.330    2.900   -4.975    2.330    6.755  -14.425  -11.590   19.292    9.849
 362.10   25.574   26.140   26.525   -5.410    4.502    2.574   -5.410    4.502   11.588  -13.923  -24.355   28.079   15.177
 362.20   25.842   26.081   26.460   -3.519    4.462    2.842   -3.519    4.462   12.681  -10.002  -15.701   20.184   11.262
 362.30   24.786   25.137   25.365   -4.180    3.397    1.786   -4.180    3.397    6.069   -7.468  -14.202   16.104    8.578
 362.40   24.844   25.236   25.296   -4.433    1.737    1.844   -4.433    1.737    3.203   -8.174   -7.701   13.034    5.839
 362.50   25.118   25.815   25.817   -5.961    0.282    2.118   -5.961    0.282    0.597  -12.623   -1.681   20.049    6.374
 362.60   26.467   27.365   27.448   -6.952    2.136    3.467   -6.952    2.136    7.407  -24.105  -14.851   32.457   14.632
 362.70   28.093   29.527   29.548   -9.091    1.113    5.093   -9.091    1.113    5.667  -46.295  -10.117   54.908   23.863
 362.80   26.524   28.300   28.333   -9.868    1.382    3.524   -9.868    1.382    4.870  -34.769  -13.638   55.848   18.832
 362.90   25.898   27.455   27.460   -9.115    0.536    2.898   -9.115    0.536    1.554  -26.415   -4.887   45.885   13.454
 363.00   24.345   25.882   25.886   -8.788   -0.443    1.345   -8.788   -0.443   -0.596  -11.818    3.896   39.621    6.229
 363.10   23.166   24.502   24.519   -7.979    0.917    0.166   -7.979    0.917    0.152   -1.326   -7.315   32.264    3.718
 363.20   23.380   24.538   24.624   -7.450    2.063    0.380   -7.450    2.063    0.783   -2.829  -15.368   29.949    7.823
 363.30   23.541   24.120   24.166   -5.252    1.501    0.541   -5.252    1.501    0.812   -2.842   -7.881   15.062    4.208
 363.40   25.818   26.470   26.514   -5.836    1.523    2.818   -5.836    1.523    4.292  -16.449   -8.888   22.163    9.591
 363.50   26.904   27.129   27.132   -3.491    0.405    3.904   -3.491    0.405    1.580  -13.629   -1.413   13.796    6.896
 363.60   24.592   24.874   24.924   -3.735    1.571    1.592   -3.735    1.571    2.501   -5.947   -5.867    9.477    4.360
 363.70   24.883   25.448   25.539   -5.334    2.148    1.883   -5.334    2.148    4.046  -10.045  -11.460   18.308    7.884
 363.80   25.709   26.186   26.269   -4.976    2.087    2.709   -4.976    2.087    5.653  -13.477  -10.385   18.225    8.964
 363.90   26.381   27.075   27.194   -6.089    2.544    3.381   -6.089    2.544    8.602  -20.590  -15.491   27.492   13.582
 364.00   26.507   26.791   26.879   -3.890    2.179    3.507   -3.890    2.179    7.643  -13.640   -8.477   16.088    8.893
 364.10   25.493   25.526   25.584   -1.296    1.722    2.493   -1.296    1.722    4.291   -3.230   -2.231    5.428    2.908
 364.20   25.351   25.395   25.409   -1.499    0.835    2.351   -1.499    0.835    1.964   -3.524   -1.252    4.236    2.112
 364.30   24.435   24.486   24.486   -1.576    0.120    1.435   -1.576    0.120    0.173   -2.262   -0.190    2.279    1.138
 364.40   23.603   23.718   23.743   -2.330    1.103    0.603   -2.330    1.103    0.665   -1.405   -2.570    3.505    1.502
 364.50   23.392   23.673   23.676   -3.634    0.406    0.392   -3.634    0.406    0.159   -1.424   -1.477    6.764    1.029
 364.60   23.093   23.272   23.294   -2.877   -1.025    0.093   -2.877   -1.025   -0.096   -0.268    2.950    4.669    1.482
 364.70   23.484   23.507   23.514   -1.054   -0.569    0.484   -1.054   -0.569   -0.275   -0.510    0.599    0.834    0.417
 364.80   22.065   22.128   22.144    1.669   -0.861   -0.935    1.669   -0.861    0.805   -1.561   -1.437    2.201    1.135
 364.90   23.169   23.180   23.180    0.700   -0.104    0.169    0.700   -0.104   -0.018    0.118   -0.073    0.265    0.070
 365.00   24.017   24.040   24.044   -1.052   -0.425    1.017   -1.052   -0.425   -0.432   -1.070    0.447    1.160    0.618
 365.10   24.471   24.573   24.575   -2.232    0.311    1.471   -2.232    0.311    0.458   -3.284   -0.695    3.622    1.694
 365.20   24.584   24.853   24.860   -3.644    0.600    1.584   -3.644    0.600    0.951   -5.773   -2.187    8.075    3.123
 365.30   23.945   24.452   24.457   -4.955   -0.496    0.945   -4.955   -0.496   -0.469   -4.683    2.456   12.846    2.654
 365.40   23.672   23.979   23.984   -3.823    0.482    0.672   -3.823    0.482    0.324   -2.569   -1.842    7.649    1.589
 365.50   22.478   22.669   22.705   -2.943    1.270   -0.522   -2.943    1.270   -0.664    1.537   -3.737    5.272    2.048
 365.60   22.261   22.466   22.474   -3.031    0.577   -0.739   -3.031    0.577   -0.426    2.240   -1.749    5.034    1.437
 365.70   22.737   22.936   22.982   -3.019    1.456   -0.263   -3.019    1.456   -0.384    0.795   -4.396    5.651    2.242
 365.80   24.838   24.870   24.913   -1.246    1.476    1.838   -1.246    1.476    2.714   -2.290   -1.839    3.555    1.999
 365.90   24.023   24.207   24.229   -2.984    1.031    1.023   -2.984    1.031    1.054   -3.052   -3.077    5.507    2.230
 366.00   23.212   23.411   23.444   -3.047    1.248    0.212   -3.047    1.248    0.265   -0.646   -3.804    5.444    1.934
 366.10   24.691   24.691   24.762   -0.059    1.875    1.691   -0.059    1.875    3.171   -0.100   -0.111    3.190    1.587
 366.20   23.120   23.128   23.129    0.601    0.195    0.120    0.601    0.195    0.023    0.072    0.117    0.207    0.070
 366.30   22.296   22.317   22.317    0.961    0.158   -0.704    0.961    0.158   -0.112   -0.676    0.152    0.722    0.351
 366.40   21.602   21.616   21.618    0.779   -0.218   -1.398    0.779   -0.218    0.304   -1.089   -0.170    1.304    0.572
 366.50   21.183   21.239   21.239    1.539    0.089   -1.817    1.539    0.089   -0.162   -2.797    0.137    2.839    1.402
 366.60   21.137   21.167   21.187    1.120    0.913   -1.863    1.120    0.913   -1.700   -2.086    1.022    2.778    1.439
 366.70   21.564   21.564   21.637   -0.057    1.781   -1.436   -0.057    1.781   -2.557    0.081   -0.101    2.618    1.280
 366.80   20.895   20.907   20.955    0.712    1.414   -2.105    0.712    1.414   -2.977   -1.499    1.007    3.469    1.741
 366.90   20.282   20.282   20.296    0.171    0.753   -2.718    0.171    0.753   -2.046   -0.464    0.128    3.992    1.051
 367.00   19.431   19.433   19.501    0.315    1.619   -3.569    0.315    1.619   -5.780   -1.126    0.511    7.731    2.955
 367.10   18.837   18.855   18.993    0.821    2.279   -4.163    0.821    2.279   -9.487   -3.417    1.871   11.597    5.128
 367.20   18.905   18.942   19.046    1.180    1.992   -4.095    1.180    1.992   -8.157   -4.831    2.350   11.064    4.884
 367.30   19.038   19.045   19.219    0.532    2.579   -3.962    0.532    2.579  -10.216   -2.108    1.372   11.315    5.261
 367.40   19.248   19.253   19.350   -0.452    1.936   -3.752   -0.452    1.936   -7.264    1.696   -0.875    9.016    3.755
 367.50   18.646   18.675   18.762   -1.049    1.798   -4.354   -1.049    1.798   -7.829    4.566   -1.886   11.645    4.629
 367.60   20.487   20.649   20.694   -2.577    1.363   -2.513   -2.577    1.363   -3.424    6.475   -3.512    7.406    4.062
 367.70   20.823   20.937   20.937   -2.183    0.173   -2.177   -2.183    0.173   -0.376    4.753   -0.377    4.767    2.391
 367.80   20.944   21.047   21.096   -2.075    1.434   -2.056   -2.075    1.434   -2.948    4.265   -2.976    5.294    2.989
 367.90   23.350   23.358   23.443   -0.609    1.995    0.350   -0.609    1.995    0.699   -0.213   -1.215    2.237    0.709
 368.00   22.821   22.832   22.890   -0.707    1.624   -0.179   -0.707    1.624   -0.291    0.126   -1.148    1.585    0.596
 368.10   22.945   23.010   23.173   -1.735    2.742   -0.055   -1.735    2.742   -0.152    0.096   -4.757    5.265    2.380
 368.20   22.659   22.664   22.913   -0.472    3.370   -0.341   -0.472    3.370   -1.150    0.161   -1.592    5.850    0.986
 368.30   21.624   21.628   21.702    0.426    1.788   -1.376    0.426    1.788   -2.461   -0.586    0.761    2.636    1.321
 368.40   22.538   22.540   22.563   -0.351    1.010   -0.462   -0.351    1.010   -0.467    0.163   -0.355    0.678    0.304
 368.50   22.492   22.544   22.546    1.529   -0.338   -0.508    1.529   -0.338    0.172   -0.777   -0.516    1.356    0.474
 368.60   23.768   23.878   23.890    2.288   -0.771    0.768    2.288   -0.771   -0.592    1.757   -1.765    3.211    1.280
 368.70   22.766   22.808   22.809    1.389    0.207   -0.234    1.389    0.207   -0.049   -0.326    0.288    1.013    0.219
 368.80   24.346   24.380   24.418    1.279    1.357    1.346    1.279    1.357    1.826    1.722    1.735    2.644    1.526
 368.90   24.776   24.827   24.866    1.596    1.401    1.776    1.596    1.401    2.488    2.833    2.235    3.831    2.192
 369.00   25.775   25.844   25.866    1.880   -1.074    2.775    1.880   -1.074   -2.982    5.218   -2.020    6.196    3.170
 369.10   26.392   26.478   26.499    2.123   -1.059    3.392    2.123   -1.059   -3.591    7.203   -2.248    8.568    4.178
 369.20   25.153   25.270   25.271    2.425    0.292    2.153    2.425    0.292    0.628    5.221    0.707    5.300    2.653
 369.30   25.010   25.063   25.065    1.622    0.283    2.010    1.622    0.283    0.570    3.260    0.460    3.376    1.671
 369.40   24.632   24.707   24.708    1.918   -0.221    1.632    1.918   -0.221   -0.360    3.131   -0.423    3.196    1.590
 369.50   24.352   24.500   24.523    2.688   -1.052    1.352    2.688   -1.052   -1.422    3.634   -2.826    5.079    2.409
 369.60   22.343   22.523   22.546    2.845   -1.004   -0.657    2.845   -1.004    0.660   -1.870   -2.857    4.767    1.739
 369.70   22.703   22.874   22.919    2.795   -1.425   -0.297    2.795   -1.425    0.423   -0.830   -3.983    4.965    2.045
 369.80   24.219   24.266   24.307    1.516   -1.413    1.219    1.516   -1.413   -1.722    1.847   -2.141    2.889    1.656
 369.90   25.135   25.172   25.216    1.362   -1.500    2.135    1.362   -1.500   -3.203    2.907   -2.043    4.331    2.392
 370.00   24.803   24.864   24.885    1.741   -1.025    1.803    1.741   -1.025   -1.849    3.140   -1.786    3.667    2.029
 370.10   25.813   25.996   26.039    3.085   -1.482    2.813    3.085   -1.482   -4.169    8.677   -4.573    9.813    5.329
 370.20   25.030   25.245   25.344    3.284   -2.244    2.030    3.284   -2.244   -4.556    6.666   -7.369    9.970    5.466
 370.30   25.674   25.737   25.739    1.802   -0.295    2.674    1.802   -0.295   -0.790    4.818   -0.532    5.242    2.456
 370.40   24.954   24.998   25.001    1.471    0.382    1.954    1.471    0.382    0.746    2.874    0.562    3.064    1.511
 370.50   24.903   24.905   24.912    0.361   -0.587    1.903    0.361   -0.587   -1.117    0.687   -0.212    2.048    0.664
 370.60   24.238   24.239   24.242    0.274   -0.368    1.238    0.274   -0.368   -0.455    0.339   -0.101    0.871    0.288
 370.70   24.704   24.715   24.724    0.721   -0.673    1.704    0.721   -0.673   -1.147    1.229   -0.486    1.939    0.875
 370.80   23.674   23.787   23.907    2.320   -2.393    0.674    2.320   -2.393   -1.612    1.563   -5.552    5.782    2.995
 370.90   23.466   23.526   23.597    1.684   -1.828    0.466    1.684   -1.828   -0.852    0.785   -3.079    3.198    1.645
 371.00   21.890   21.954   22.047   -1.672   -2.023   -1.110   -1.672   -2.023    2.246    1.856    3.384    4.062    2.233
 371.10   21.691   21.747   21.783   -1.567   -1.243   -1.309   -1.567   -1.243    1.627    2.051    1.947    2.857    1.631
 371.20   23.122   23.187   23.188   -1.732   -0.122    0.122   -1.732   -0.122   -0.015   -0.212    0.211    1.514    0.150
 371.30   21.362   21.379   21.382   -0.846    0.358   -1.638   -0.846    0.358   -0.587    1.386   -0.303    1.763    0.768
 371.40   20.860   20.882   20.902   -0.952    0.907   -2.140   -0.952    0.907   -1.941    2.038   -0.864    3.154    1.472
 371.50   21.860   21.860   21.861    0.048   -0.234   -1.140    0.048   -0.234    0.267   -0.054   -0.011    0.679    0.136
 371.60   20.313   20.314   20.329    0.244   -0.783   -2.687    0.244   -0.783    2.104   -0.656   -0.191    3.947    1.106
 371.70   18.797   18.825   18.923   -1.019   -1.920   -4.203   -1.019   -1.920    8.068    4.282    1.956   11.193    4.671
 371.80   19.877   19.945   20.111   -1.641   -2.580   -3.123   -1.641   -2.580    8.058    5.125    4.235    9.552    5.223
 371.90   21.000   21.223   21.251   -3.069   -1.086   -2.000   -3.069   -1.086    2.172    6.140    3.332    7.300    3.658
 372.00   21.128   21.188   21.190   -1.596   -0.269   -1.872   -1.596   -0.269    0.504    2.988    0.430    3.062    1.530
 372.10   21.660   21.698   21.702   -1.286   -0.413   -1.340   -1.286   -0.413    0.554    1.723    0.531    1.809    0.943
 372.20   21.654   21.794   21.813   -2.469   -0.906   -1.346   -2.469   -0.906    1.220    3.323    2.237    4.364    2.094
 372.30   19.817   20.061   20.279   -3.117   -2.965   -3.183   -3.117   -2.965    9.436    9.921    9.242   14.318    8.260
 372.40   20.159   20.190   20.483   -1.124   -3.451   -2.841   -1.124   -3.451    9.806    3.194    3.880   10.624    5.509
 372.50   21.888   21.929   22.056   -1.354   -2.361   -1.112   -1.354   -2.361    2.627    1.506    3.197    4.323    2.202
 372.60   21.652   21.652   21.709   -0.113   -1.568   -1.348   -0.113   -1.568    2.114    0.152    0.177    2.145    1.064
 372.70   21.654   21.691   21.886    1.261   -2.920   -1.346    1.261   -2.920    3.930   -1.698   -3.682    5.963    2.823
 372.80   21.691   21.705   21.743    0.767   -1.283   -1.309    0.767   -1.283    1.680   -1.004   -0.984    1.974    1.095
 372.90   20.709   20.722   20.742    0.742   -0.909   -2.291    0.742   -0.909    2.082   -1.701   -0.675    3.314    1.386
 373.00   18.962   18.966   19.280   -0.384   -3.465   -4.038   -0.384   -3.465   13.992    1.551    1.331   14.230    7.070
 373.10   18.378   18.399   18.849   -0.865   -4.096   -4.622   -0.865   -4.096   18.928    3.998    3.543   19.440    9.834
 373.20   20.169   20.171   20.811   -0.290   -5.120   -2.831   -0.290   -5.120   14.493    0.820    1.483   17.154    7.296
 373.30   18.288   18.352   18.892   -1.524   -4.487   -4.712   -1.524   -4.487   21.140    7.178    6.836   22.326   11.674
 373.40   19.524   19.617   19.841   -1.901   -2.979   -3.476   -1.901   -2.979   10.352    6.606    5.661   12.282    6.761
 373.50   20.749   20.805   21.023   -1.529   -3.018   -2.251   -1.529   -3.018    6.794    3.441    4.613    8.256    4.452
 373.60   22.699   22.817   22.969   -2.312   -2.646   -0.301   -2.312   -2.646    0.796    0.695    6.116    6.217    3.103
 373.70   22.350   22.491   22.581   -2.514   -2.006   -0.650   -2.514   -2.006    1.303    1.633    5.042    5.382    2.729
 373.80   22.431   22.653   22.740   -3.162   -1.997   -0.569   -3.162   -1.997    1.136    1.799    6.314    7.154    3.331
 373.90   20.979   21.271   21.275   -3.515   -0.382   -2.021   -3.515   -0.382    0.773    7.103    1.344    8.293    3.635
 374.00   21.493   21.883   21.922   -4.111   -1.308   -1.507   -4.111   -1.308    1.971    6.194    5.376   10.439    4.218
 374.10   21.166   21.457   21.542   -3.519   -1.913   -1.834   -3.519   -1.913    3.507    6.453    6.731    9.702    4.981
 374.20   20.334   20.819   20.944   -4.468   -2.281   -2.666   -4.468   -2.281    6.080   11.912   10.190   16.137    8.407
 374.30   20.295   20.538   20.544   -3.150   -0.487   -2.705   -3.150   -0.487    1.317    8.519    1.534    8.737    4.378
 374.40   19.643   19.914   19.914   -3.274    0.066   -3.357   -3.274    0.066   -0.221   10.990   -0.215   10.996    5.497
 374.50   20.246   20.748   20.846   -4.538   -2.014   -2.754   -4.538   -2.014    5.547   12.498    9.140   16.118    8.224
 374.60   19.975   20.578   20.686   -4.942   -2.112   -3.025   -4.942   -2.112    6.388   14.949   10.438   19.018    9.660
 374.70   19.201   19.802   19.815   -4.841   -0.724   -3.799   -4.841   -0.724    2.751   18.391    3.505   19.195    9.461
 374.80   19.190   19.549   19.609   -3.731   -1.523   -3.810   -3.731   -1.523    5.801   14.213    5.680   15.376    8.184
 374.90   18.096   18.281   18.283   -2.599    0.261   -4.904   -2.599    0.261   -1.278   12.744   -0.677   15.436    6.413
 375.00   18.337   18.424   18.456   -1.788    1.085   -4.663   -1.788    1.085   -5.058    8.337   -1.939   13.059    4.971
 375.10   19.011   19.125   19.128   -2.081    0.342   -3.989   -2.081    0.342   -1.363    8.300   -0.711   10.179    4.221
 375.20   17.814   17.966   17.966   -2.327    0.083   -5.186   -2.327    0.083   -0.428   12.070   -0.192   16.158    6.039
 375.30   17.583   17.637   17.643   -1.377    0.468   -5.417   -1.377    0.468   -2.535    7.458   -0.644   15.730    3.952
 375.40   16.646   16.674   16.676   -0.974    0.257   -6.354   -0.974    0.257   -1.632    6.189   -0.250   20.695    3.203
 375.50   15.776   15.997   15.997   -2.652    0.028   -7.224   -2.652    0.028   -0.205   19.156   -0.075   29.612    9.578
 375.60   15.802   16.002   16.003   -2.522   -0.041   -7.198   -2.522   -0.041    0.296   18.153    0.104   29.083    9.078
 375.70   16.280   16.388   16.390   -1.879   -0.284   -6.720   -1.879   -0.284    1.908   12.626    0.533   24.386    6.390
 375.80   17.156   17.337   17.338   -2.499   -0.227   -5.844   -2.499   -0.227    1.328   14.602    0.568   20.225    7.337
 375.90   18.770   19.232   19.233   -4.192    0.152   -4.230   -4.192    0.152   -0.644   17.730   -0.638   17.742    8.876
 376.00   18.772   18.797   18.797   -0.962   -0.081   -4.228   -0.962   -0.081    0.340    4.067    0.077    9.404    2.041
 376.10   17.973   17.975   18.024    0.245   -1.334   -5.027    0.245   -1.334    6.707   -1.231   -0.327   13.556    3.413
 376.20   17.403   17.405   17.508    0.211   -1.900   -5.597    0.211   -1.900   10.636   -1.179   -0.400   17.489    5.354
 376.30   16.978   17.133   17.137    2.304   -0.378   -6.022    2.304   -0.378    2.275  -13.876   -0.870   20.860    7.044
 376.40   15.687   16.012   16.077    3.212    1.443   -7.313    3.212    1.443  -10.549  -23.489    4.633   32.940   13.081
 376.50   14.627   14.717   14.801    1.623    1.579   -8.373    1.623    1.579  -13.222  -13.586    2.562   37.615    9.565
 376.60   15.140   15.143   15.183    0.316    1.104   -7.860    0.316    1.104   -8.677   -2.487    0.349   31.553    4.517
 376.70   15.793   15.803   15.809   -0.538    0.464   -7.207   -0.538    0.464   -3.347    3.875   -0.250   26.220    2.563
 376.80   16.069   16.083   16.083    0.678   -0.114   -6.931    0.678   -0.114    0.791   -4.699   -0.077   24.259    2.383
 376.90   15.291   15.297   15.308    0.426   -0.589   -7.709    0.426   -0.589    4.537   -3.281   -0.250   29.979    2.802
 377.00   15.867   15.867   15.950    0.088   -1.630   -7.133    0.088   -1.630   11.629   -0.631   -0.144   26.775    5.824
 377.10   16.844   16.848   16.877   -0.373   -1.002   -6.156   -0.373   -1.002    6.172    2.296    0.374   19.523    3.298
 377.20   16.445   16.464   16.563   -0.809   -1.808   -6.555   -0.809   -1.808   11.852    5.301    1.462   23.448    6.533
 377.30   15.224   15.303   15.321   -1.554   -0.746   -7.776   -1.554   -0.746    5.798   12.081    1.158   31.719    6.725
 377.40   17.054   17.063   17.083   -0.572   -0.822   -5.946   -0.572   -0.822    4.890    3.399    0.470   18.181    2.987
 377.50   16.771   16.797   16.861    0.936   -1.469   -6.229    0.936   -1.469    9.152   -5.832   -1.376   20.917    5.470
 377.60   17.962   18.394   18.478    3.966   -1.753   -5.038    3.966   -1.753    8.832  -19.985   -6.953   22.096   11.464
 377.70   20.071   20.372   20.378    3.491   -0.506   -2.929    3.491   -0.506    1.483  -10.226   -1.768   10.512    5.242
 377.80   19.259   19.374   19.379    2.105    0.471   -3.741    2.105    0.471   -1.763   -7.874    0.992    9.324    4.065
 377.90   19.669   19.761   19.764    1.912    0.304   -3.331    1.912    0.304   -1.013   -6.369    0.581    7.423    3.237
 378.00   19.830   19.999   20.007    2.594    0.572   -3.170    2.594    0.572   -1.814   -8.223    1.484    8.553    4.275
 378.10   20.058   20.308   20.308    3.174    0.002   -2.942    3.174    0.002   -0.006   -9.335    0.006    9.362    4.668
 378.20   20.431   20.586   20.611    2.522   -1.007   -2.569    2.522   -1.007    2.588   -6.480   -2.541    6.988    3.713
 378.30   21.125   21.143   21.150    0.861   -0.548   -1.875    0.861   -0.548    1.027   -1.614   -0.472    2.278    0.985
 378.40   20.776   20.786   20.812   -0.643   -1.039   -2.224   -0.643   -1.039    2.311    1.430    0.668    3.220    1.399
 378.50   20.923   20.951   20.984   -1.097   -1.162   -2.077   -1.097   -1.162    2.413    2.278    1.274    3.434    1.777
 378.60   20.808   20.808   20.967    0.051   -2.578   -2.192    0.051   -2.578    5.651   -0.113   -0.133    5.727    2.827
 378.70   18.507   18.507   18.597   -0.091   -1.825   -4.493   -0.091   -1.825    8.201    0.411    0.167   11.765    4.106
 378.80   17.738   17.742   17.778    0.384   -1.134   -5.262    0.384   -1.134    5.967   -2.022   -0.436   14.563    3.158
 378.90   17.463   17.494   17.662   -1.034   -2.433   -5.537   -1.034   -2.433   13.473    5.723    2.515   18.822    7.426
 379.00   18.597   18.630   18.915   -1.113   -3.273   -4.403   -1.113   -3.273   14.412    4.901    3.643   15.671    7.826
 379.10   19.333   19.398   19.446   -1.584   -1.370   -3.667   -1.584   -1.370    5.024    5.807    2.169    8.916    3.990
 379.20   18.868   18.978   19.000   -2.044   -0.910   -4.132   -2.044   -0.910    3.761    8.448    1.861   11.042    4.717
 379.30   19.261   19.346   19.421   -1.814   -1.704   -3.739   -1.814   -1.704    6.371    6.784    3.092   10.088    4.903
 379.40   19.668   19.702   19.869   -1.159   -2.571   -3.332   -1.159   -2.571    8.565    3.860    2.978    9.526    4.928
 379.50   19.892   19.917   20.192   -0.994   -3.319   -3.108   -0.994   -3.319   10.313    3.090    3.300   10.830    5.630
 379.60   19.671   19.740   19.994   -1.658   -3.172   -3.329   -1.658   -3.172   10.562    5.519    5.259   11.948    6.513
 379.70   19.134   19.341   19.657   -2.819   -3.513   -3.866   -2.819   -3.513   13.582   10.896    9.902   17.616   10.016
 379.80   19.163   19.331   19.624   -2.541   -3.377   -3.837   -2.541   -3.377   12.955    9.750    8.581   16.290    9.172
 379.90   18.904   19.002   19.100   -1.930   -1.928   -4.096   -1.930   -1.928    7.895    7.903    3.719   12.108    5.887
 380.00   19.409   19.625   19.702   -2.901   -1.743   -3.591   -2.901   -1.743    6.258   10.415    5.056   12.172    6.580
 380.10   20.000   20.313   20.329   -3.551   -0.818   -3.000   -3.551   -0.818    2.455   10.653    2.905   11.139    5.656
 380.20   20.705   21.387   21.534   -5.356   -2.514   -2.295   -5.356   -2.514    5.770   12.293   13.468   20.140    9.563
 380.30   20.666   21.124   21.427   -4.374   -3.591   -2.334   -4.374   -3.591    8.382   10.211   15.708   18.739   10.262
 380.40   20.342   20.829   21.057   -4.478   -3.089   -2.658   -4.478   -3.089    8.212   11.903   13.832   18.329   10.005
 380.50   20.546   20.629   20.746   -1.847   -2.197   -2.454   -1.847   -2.197    5.390    4.531    4.056    7.128    4.063
 380.60   21.039   21.093   21.227   -1.502   -2.382   -1.961   -1.502   -2.382    4.671    2.946    3.579    5.888    3.290
 380.70   20.953   21.233   21.276   -3.442   -1.348   -2.047   -3.442   -1.348    2.760    7.047    4.639    8.927    4.438
 380.80   20.137   20.447   20.714   -3.546   -3.318   -2.863   -3.546   -3.318    9.500   10.152   11.765   15.890    9.107
 380.90   21.021   21.140   21.252   -2.237   -2.180   -1.979   -2.237   -2.180    4.314    4.427    4.876    6.837    3.937
 381.00   21.162   21.259   21.427   -2.029   -2.677   -1.838   -2.029   -2.677    4.919    3.728    5.430    7.329    4.111
 381.10   21.041   21.094   21.247   -1.495   -2.550   -1.959   -1.495   -2.550    4.997    2.930    3.813    6.290    3.468
 381.20   21.273   21.280   21.490   -0.564   -2.993   -1.727   -0.564   -2.993    5.170    0.974    1.688    6.130    2.762
 381.30   19.483   19.500   19.660   -0.813   -2.506   -3.517   -0.813   -2.506    8.815    2.860    2.038    9.656    4.744
 381.40   19.870   19.878   19.900    0.578   -0.935   -3.130    0.578   -0.935    2.926   -1.808   -0.540    5.503    1.741
 381.50   18.991   19.020   19.068    1.044   -1.354   -4.009    1.044   -1.354    5.429   -4.186   -1.414    9.497    3.500
 381.60   18.689   18.792   18.808    1.971   -0.762   -4.311    1.971   -0.762    3.284   -8.498   -1.502   11.526    4.617
 381.70   17.548   17.570   17.707    0.895   -2.196   -5.452    0.895   -2.196   11.973   -4.879   -1.965   17.676    6.539
 381.80   16.985   17.023   17.085    1.144   -1.446   -6.015    1.144   -1.446    8.700   -6.880   -1.654   19.790    5.607
 381.90   15.430   15.430   15.546   -0.071   -1.891   -7.570   -0.071   -1.891   14.313    0.538    0.134   30.442    7.162
 382.00   15.344   15.345   15.345   -0.216    0.057   -7.656   -0.216    0.057   -0.439    1.654   -0.012   29.335    0.856
 382.10   16.075   16.077   16.083   -0.217   -0.453   -6.925   -0.217   -0.453    3.137    1.500    0.098   24.103    1.739
 382.20   16.185   16.217   16.299   -1.024   -1.634   -6.815   -1.024   -1.634   11.135    6.978    1.673   25.082    6.623
 382.30   17.207   17.233   17.480   -0.954   -2.924   -5.793   -0.954   -2.924   16.942    5.529    2.791   21.513    9.019
 382.40   18.029   18.098   18.382   -1.584   -3.218   -4.971   -1.584   -3.218   15.997    7.877    5.099   18.789    9.273
 382.50   19.659   19.904   20.186   -3.113   -3.360   -3.341   -3.113   -3.360   11.225   10.399   10.459   16.070    9.267
 382.60   18.701   18.823   18.956   -2.142   -2.240   -4.299   -2.142   -2.240    9.628    9.208    4.796   14.043    7.080
 382.70   18.268   18.306   18.427   -1.187   -2.101   -4.732   -1.187   -2.101    9.942    5.619    2.495   14.109    5.845
 382.80   17.980   17.981   18.043   -0.188   -1.494   -5.020   -0.188   -1.494    7.500    0.945    0.281   13.732    3.782
 382.90   19.597   19.735   19.829    2.328   -1.933   -3.403    2.328   -1.933    6.576   -7.923   -4.499   10.367    5.618
 383.00   19.466   19.576   19.613    2.072   -1.198   -3.534    2.072   -1.198    4.234   -7.322   -2.483    9.108    4.407
 383.10   18.526   18.699   18.909    2.536   -2.812   -4.474    2.536   -2.812   12.581  -11.345   -7.131   17.177    9.190
 383.20   17.205   17.310   17.564    1.906   -2.979   -5.795    1.906   -2.979   17.264  -11.045   -5.677   23.047   10.633
 383.30   16.999   17.088   17.238    1.746   -2.272   -6.001    1.746   -2.272   13.638  -10.479   -3.968   22.116    8.826
 383.40   17.093   17.178   17.238    1.706   -1.445   -5.907    1.706   -1.445    8.538  -10.078   -2.466   19.949    6.719
 383.50   16.414   16.450   16.605    1.088   -2.264   -6.586    1.088   -2.264   14.913   -7.164   -2.463   24.845    8.364
 383.60   17.518   17.589   17.595    1.581   -0.443   -5.482    1.581   -0.443    2.430   -8.667   -0.701   16.374    4.514
 383.70   17.738   17.860   17.904    2.080   -1.266   -5.262    2.080   -1.266    6.664  -10.943   -2.634   16.808    6.540
 383.80   18.318   18.535   18.644    2.824   -2.021   -4.682    2.824   -2.021    9.464  -13.220   -5.708   16.990    8.616
 383.90   19.747   19.898   19.898    2.449    0.093   -3.253    2.449    0.093   -0.302   -7.967    0.228    8.295    3.988
 384.00   19.407   19.463   19.467    1.470   -0.419   -3.593    1.470   -0.419    1.504   -5.280   -0.615    7.621    2.762
 384.10   18.543   18.884   18.937    3.572   -1.412   -4.457    3.572   -1.412    6.292  -15.922   -5.043   17.310    8.924
 384.20   18.631   18.821   18.866    2.670   -1.289   -4.369    2.670   -1.289    5.632  -11.665   -3.442   13.939    6.701
 384.30   19.644   19.754   19.773    2.088   -0.865   -3.356    2.088   -0.865    2.904   -7.006   -1.806    8.185    3.898
 384.40   19.307   19.556   19.598    3.107   -1.287   -3.693    3.107   -1.287    4.753  -11.475   -3.999   12.475    6.524
 384.50   21.034   21.259   21.449    3.086   -2.844   -1.966    3.086   -2.844    5.591   -6.067   -8.777   10.739    6.023
 384.60   20.464   20.584   20.671    2.219   -1.894   -2.536    2.219   -1.894    4.804   -5.628   -4.204    7.472    4.255
 384.70   19.454   19.537   19.642    1.798   -2.030   -3.546    1.798   -2.030    7.199   -6.375   -3.650    9.963    5.143
 384.80   20.241   20.417   20.469    2.678   -1.460   -2.759    2.678   -1.460    4.027   -7.390   -3.909    8.459    4.640
 384.90   21.227   21.409   21.422    2.782   -0.744   -1.773    2.782   -0.744    1.319   -4.933   -2.071    5.719    2.755
 385.00   20.897   20.990   21.030    1.968   -1.295   -2.103    1.968   -1.295    2.724   -4.139   -2.550    4.987    2.786
 385.10   21.291   21.525   21.550    3.172   -1.027   -1.709    3.172   -1.027    1.756   -5.422   -3.259    7.019    3.283
 385.20   21.682   21.762   21.926    1.858   -2.682   -1.318    1.858   -2.682    3.535   -2.449   -4.985    6.193    3.292
 385.30   21.948   22.120   22.285    2.748   -2.711   -1.052    2.748   -2.711    2.851   -2.890   -7.450    8.004    4.242
 385.40   22.391   22.434   22.626    1.382   -2.943   -0.609    1.382   -2.943    1.792   -0.841   -4.067    5.472    2.262
 385.50   22.578   22.615   22.738    1.294   -2.363   -0.422    1.294   -2.363    0.997   -0.546   -3.058    3.718    1.631
 385.60   22.370   22.700   22.711    3.855   -0.697   -0.630    3.855   -0.697    0.439   -2.428   -2.685    7.871    1.823
 385.70   21.258   21.681   21.738    4.260   -1.581   -1.742    4.260   -1.581    2.755   -7.420   -6.737   11.840    5.197
 385.80   20.232   20.626   20.778    4.011   -2.509   -2.768    4.011   -2.509    6.945  -11.102  -10.066   15.024    8.258
 385.90   19.991   20.130   20.379    2.365   -3.174   -3.009    2.365   -3.174    9.552   -7.117   -7.506   12.362    7.040
 386.00   19.404   19.456   19.470    1.423   -0.740   -3.596    1.423   -0.740    2.659   -5.116   -1.052    7.751    2.930
 386.10   19.820   20.007   20.022    2.723   -0.775   -3.180    2.723   -0.775    2.465   -8.658   -2.111    9.063    4.623
 386.20   19.592   20.114   20.140    4.554   -1.034   -3.408    4.554   -1.034    3.526  -15.520   -4.710   16.711    8.299
 386.30   19.440   19.998   20.032    4.692    1.169   -3.560    4.692    1.169   -4.163  -16.706    5.487   18.031    9.035
 386.40   20.642   21.185   21.195    4.768   -0.662   -2.358    4.768   -0.662    1.561  -11.244   -3.154   14.365    5.891
 386.50   21.557   22.240   22.240    5.468   -0.151   -1.443    5.468   -0.151    0.217   -7.890   -0.823   16.001    3.968
 386.60   21.843   22.296   22.299    4.469    0.341   -1.157    4.469    0.341   -0.395   -5.168    1.526   10.712    2.702
 386.70   20.414   20.664   20.677    3.204    0.742   -2.586    3.204    0.742   -1.920   -8.288    2.379    8.754    4.417
 386.80   22.305   22.536   22.570    3.221    1.242   -0.695    3.221    1.242   -0.863   -2.239    4.001    6.200    2.333
 386.90   22.255   22.433   22.449    2.818    0.851   -0.745    2.818    0.851   -0.633   -2.099    2.397    4.611    1.624
 387.00   21.793   22.202   22.259    4.245    1.585   -1.207    4.245    1.585   -1.914   -5.124    6.729   10.994    4.336
 387.10   22.001   22.209   22.437    3.036    3.186   -0.999    3.036    3.186   -3.183   -3.034    9.672   10.182    5.312
 387.20   21.185   21.214   21.236    1.120    0.957   -1.815    1.120    0.957   -1.737   -2.033    1.072    2.733    1.441
 387.30   22.135   22.334   22.335    2.970   -0.198   -0.865    2.970   -0.198    0.171   -2.568   -0.587    4.804    1.320
 387.40   20.881   21.023   21.031    2.438    0.594   -2.119    2.438    0.594   -1.259   -5.166    1.448    5.394    2.756
 387.50   21.976   22.167   22.169    2.908    0.253   -1.024    2.908    0.253   -0.260   -2.979    0.737    4.784    1.540
 387.60   21.020   21.098   21.106    1.809   -0.601   -1.980    1.809   -0.601    1.190   -3.582   -1.087    3.777    1.964
 387.70   22.232   22.289   22.290    1.593    0.262   -0.768    1.593    0.262   -0.201   -1.224    0.417    1.599    0.654
 387.80   22.455   22.705   22.712    3.361    0.554   -0.545    3.361    0.554   -0.302   -1.832    1.864    5.952    1.315
 387.90   21.809   21.993   21.993    2.843    0.024   -1.191    2.843    0.024   -0.028   -3.388    0.067    4.752    1.694
 388.00   22.685   22.829   22.842    2.553   -0.783   -0.315    2.553   -0.783    0.247   -0.804   -2.000    3.616    1.085
 388.10   23.370   23.529   23.573    2.735   -1.435    0.370    2.735   -1.435   -0.530    1.011   -3.923    4.837    2.043
 388.20   22.972   23.164   23.304    2.979   -2.553   -0.028    2.979   -2.553    0.072   -0.084   -7.605    7.696    3.803
 388.30   22.815   23.138   23.275    3.853   -2.521   -0.185    3.853   -2.521    0.466   -0.712   -9.713   10.618    4.875
 388.40   22.131   22.409   22.477    3.520   -1.747   -0.869    3.520   -1.747    1.517   -3.058   -6.147    8.097    3.516
 388.50   21.552   21.841   21.954    3.541   -2.226   -1.448    3.541   -2.226    3.223   -5.127   -7.880    9.794    4.969
 388.60   21.817   21.891   21.935    1.800   -1.395   -1.183    1.800   -1.395    1.650   -2.130   -2.510    3.292    1.841
 388.70   22.017   22.031   22.124    0.772   -2.027   -0.983    0.772   -2.027    1.992   -0.759   -1.564    2.835    1.322
 388.80   22.631   22.661   22.841    1.165   -2.864   -0.369    1.165   -2.864    1.058   -0.430   -3.338    4.850    1.764
 388.90   22.733   22.790   22.884   -1.605   -2.075   -0.267   -1.605   -2.075    0.553    0.428    3.332    3.478    1.702
 389.00   22.833   23.070   23.089   -3.296   -0.935   -0.167   -3.296   -0.935    0.156    0.550    3.081    5.883    1.567
 389.10   23.625   23.753   23.754   -2.459   -0.235    0.625   -2.459   -0.235   -0.147   -1.538    0.577    3.245    0.824
 389.20   24.069   24.189   24.189   -2.402    0.054    1.069   -2.402    0.054    0.058   -2.568   -0.130    3.457    1.286
 389.30   22.664   22.673   22.709   -0.628    1.283   -0.336   -0.628    1.283   -0.431    0.211   -0.805    1.077    0.469
 389.40   22.338   22.379   22.392    1.361    0.773   -0.662    1.361    0.773   -0.512   -0.901    1.052    1.444    0.738
 389.50   22.868   22.908   22.956    1.345    1.484   -0.132    1.345    1.484   -0.195   -0.177    1.995    2.014    1.006
 389.60   22.688   22.712   22.728   -1.041    0.852   -0.312   -1.041    0.852   -0.265    0.324   -0.887    0.953    0.490
 389.70   21.456   21.456   21.474   -0.054    0.869   -1.544   -0.054    0.869   -1.342    0.084   -0.047    1.571    0.673
 389.80   21.446   21.458   21.474    0.714    0.832   -1.554    0.714    0.832   -1.293   -1.110    0.595    1.809    0.903
 389.90   19.631   19.639   19.645    0.545    0.491   -3.369    0.545    0.491   -1.655   -1.835    0.268    5.943    1.243
 390.00   18.842   18.846   18.999   -0.400    2.402   -4.158   -0.400    2.402   -9.988    1.664   -0.961   11.610    5.086
 390.10   17.498   17.503   17.517   -0.413    0.682   -5.502   -0.413    0.682   -3.751    2.274   -0.282   15.451    2.198
 390.20   18.007   18.084   18.084   -1.664   -0.009   -4.993   -1.664   -0.009    0.046    8.310    0.015   13.851    4.155
 390.30   19.459   19.604   19.612   -2.377    0.560   -3.541   -2.377    0.560   -1.982    8.417   -1.331    9.250    4.374
 390.40   18.958   18.963   18.997   -0.436    1.124   -4.042   -0.436    1.124   -4.542    1.762   -0.490    8.893    2.448
 390.50   20.035   20.085   20.088   -1.418    0.308   -2.965   -1.418    0.308   -0.914    4.205   -0.437    5.448    2.163
 390.60   19.762   19.848   19.865   -1.838    0.819   -3.238   -1.838    0.819   -2.653    5.949   -1.506    7.265    3.343
 390.70   19.540   19.643   19.653   -2.007    0.624   -3.460   -2.007    0.624   -2.159    6.945   -1.253    8.195    3.690
 390.80   20.806   20.806   20.844    0.016    1.258   -2.194    0.016    1.258   -2.759   -0.034    0.020    3.197    1.380
 390.90   20.634   20.650   20.715    0.811    1.634   -2.366    0.811    1.634   -3.866   -1.918    1.325    4.462    2.257
 391.00   19.639   19.649   19.835   -0.614    2.708   -3.361   -0.614    2.708   -9.101    2.064   -1.663    9.503    4.740
 391.10   21.098   21.137   21.312   -1.284    2.723   -1.902   -1.284    2.723   -5.179    2.442   -3.496    6.340    3.354
 391.20   20.538   20.538   20.832   -0.077    3.487   -2.462   -0.077    3.487   -8.585    0.188   -0.267    9.113    4.296
 391.30   20.246   20.352   20.602   -2.074    3.198   -2.754   -2.074    3.198   -8.807    5.710   -6.632   11.056    6.208
 391.40   20.603   20.628   20.730   -1.016    2.054   -2.397   -1.016    2.054   -4.924    2.436   -2.087    5.499    2.938
 391.50   20.702   20.765   20.854   -1.617    1.927   -2.298   -1.617    1.927   -4.430    3.717   -3.118    5.807    3.285
 391.60   19.647   19.678   19.733   -1.096    1.480   -3.353   -1.096    1.480   -4.962    3.676   -1.623    7.317    3.193
 391.70   18.923   18.955   19.048   -1.094    1.883   -4.077   -1.094    1.883   -7.677    4.462   -2.061   10.682    4.558
 391.80   18.555   18.741   18.897   -2.638    2.419   -4.445   -2.638    2.419  -10.755   11.726   -6.382   16.286    8.572
 391.90   20.363   20.363   20.592   -0.098    3.062   -2.637   -0.098    3.062   -8.077    0.258   -0.299    8.172    4.043
 392.00   19.550   19.550   19.822   -0.092    3.270   -3.450   -0.092    3.270  -11.283    0.319   -0.302   11.303    5.646
 392.10   19.550   19.564   19.775   -0.764    2.880   -3.450   -0.764    2.880   -9.938    2.637   -2.202   10.393    5.257
 392.20   19.516   19.522   19.548   -0.467    1.022   -3.484   -0.467    1.022   -3.562    1.627   -0.477    6.700    1.972
 392.30   19.962   19.962   19.978   -0.020    0.789   -3.038   -0.020    0.789   -2.398    0.060   -0.016    4.926    1.199
 392.40   18.201   18.252   18.255   -1.367    0.311   -4.799   -1.367    0.311   -1.493    6.561   -0.425   12.499    3.371
 392.50   15.923   15.956   15.965   -1.019    0.539   -7.077   -1.019    0.539   -3.813    7.214   -0.549   25.706    4.089
 392.60   16.093   16.127   16.144   -1.042    0.750   -6.907   -1.042    0.750   -5.181    7.199   -0.782   24.676    4.452
 392.70   16.072   16.087   16.158   -0.702    1.512   -6.928   -0.702    1.512  -10.479    4.866   -1.062   25.391    5.801
 392.80   16.600   16.618   16.622   -0.782    0.326   -6.400   -0.782    0.326   -2.084    5.003   -0.255   20.838    2.713
 392.90   16.338   16.345   16.381   -0.464   -1.084   -6.662   -0.464   -1.084    7.221    3.091    0.503   22.883    3.935
 393.00   16.973   17.236   17.245   -2.998   -0.562   -6.027   -2.998   -0.562    3.386   18.067    1.684   22.811    9.229
 393.10   15.866   16.578   16.640   -4.808   -1.431   -7.134   -4.808   -1.431   10.213   34.300    6.882   38.032   18.222
 393.20   15.337   15.700   15.787   -3.357   -1.652   -7.663   -3.357   -1.652   12.659   25.724    5.546   36.360   14.601
 393.30   16.785   17.062   17.073   -3.061   -0.615   -6.215   -3.061   -0.615    3.820   19.020    1.881   24.182    9.745
 393.40   17.824   17.938   17.950   -2.015    0.660   -5.176   -2.015    0.660   -3.417   10.429   -1.330   15.643    5.527
 393.50   18.045   18.179   18.254   -2.203    1.651   -4.955   -2.203    1.651   -8.181   10.917   -3.638   16.065    7.060
 393.60   17.716   17.797   17.855   -1.701    1.437   -5.284   -1.701    1.437   -7.592    8.988   -2.444   16.441    6.008
 393.70   18.974   18.985   19.088    0.629    1.986   -4.026    0.629    1.986   -7.994   -2.533    1.249   10.272    4.239
 393.80   17.640   17.732   17.863    1.807    2.157   -5.360    1.807    2.157  -11.562   -9.684    3.897   18.323    7.788
 393.90   17.525   17.687   17.730    2.391    1.233   -5.475    2.391    1.233   -6.749  -13.092    2.947   18.608    7.511
 394.00   16.620   16.905   16.916    3.089    0.602   -6.380    3.089    0.602   -3.843  -19.707    1.861   25.302   10.082
 394.10   17.098   17.256   17.272    2.328    0.731   -5.902    2.328    0.731   -4.314  -13.740    1.702   20.393    7.251
 394.20   17.343   17.616   17.663    3.087    1.296   -5.657    3.087    1.296   -7.333  -17.464    4.002   21.606    9.679
 394.30   16.109   16.554   16.600    3.814   -1.228   -6.891    3.814   -1.228    8.462  -26.286   -4.684   31.774   14.005
 394.40   15.532   16.058   16.063    4.075   -0.419   -7.468    4.075   -0.419    3.126  -30.433   -1.706   36.275   15.320
 394.50   16.110   16.372   16.393    2.917   -0.827   -6.890    2.917   -0.827    5.695  -20.098   -2.411   28.331   10.514
 394.60   17.163   17.329   17.349    2.391   -0.825   -5.837    2.391   -0.825    4.815  -13.957   -1.973   20.233    7.448
 394.70   16.863   16.984   17.071    2.020   -1.719   -6.137    2.020   -1.719   10.549  -12.398   -3.473   22.348    8.323
 394.80   16.837   16.892   16.905    1.366   -0.642   -6.163    1.366   -0.642    3.956   -8.420   -0.877   20.131    4.672
 394.90   17.442   17.516   17.546    1.612   -1.026   -5.558    1.612   -1.026    5.702   -8.959   -1.654   17.272    5.374
 395.00   17.829   17.855   17.864    0.978    0.555   -5.171    0.978    0.555   -2.869   -5.056    0.542   14.003    2.919
 395.10   17.981   18.075   18.077    1.845    0.289   -5.019    1.845    0.289   -1.450   -9.263    0.533   14.341    4.695
 395.20   17.540   17.585   17.587    1.264   -0.257   -5.460    1.264   -0.257    1.406   -6.901   -0.325   15.739    3.525
 395.30   15.422   15.477   15.489    1.307   -0.590   -7.578    1.307   -0.590    4.474   -9.901   -0.771   29.740    5.446
 395.40   16.595   16.965   17.042    3.527   -1.614   -6.405    3.527   -1.614   10.336  -22.588   -5.691   28.033   12.742
 395.50   15.985   16.291   16.311    3.143   -0.810   -7.015    3.143   -0.810    5.686  -22.048   -2.547   29.875   11.456
 395.60   15.664   15.778   15.794    1.896    0.691   -7.336    1.896    0.691   -5.072  -13.911    1.311   28.945    7.432
 395.70   16.868   16.912   16.940    1.225   -0.963   -6.132    1.225   -0.963    5.903   -7.515   -1.180   20.016    4.814
 395.80   17.641   17.641   17.641    0.101   -0.038   -5.359    0.101   -0.038    0.203   -0.541   -0.004   14.367    0.289
 395.90   16.658   16.660   16.660    0.241    0.082   -6.342    0.241    0.082   -0.520   -1.530    0.020   20.144    0.808
 396.00   16.060   16.067   16.072    0.495   -0.377   -6.940    0.495   -0.377    2.617   -3.434   -0.187   24.277    2.161
 396.10   15.623   15.623   15.627    0.119   -0.323   -7.377    0.119   -0.323    2.381   -0.878   -0.038   27.270    1.269
 396.20   14.959   14.992   14.995    1.001   -0.265   -8.041    1.001   -0.265    2.128   -8.048   -0.265   32.866    4.164
 396.30   16.698   16.788   16.847    1.742   -1.402   -6.302    1.742   -1.402    8.838  -10.979   -2.443   22.361    7.152
 396.40   16.849   16.918   16.919    1.523    0.204   -6.151    1.523    0.204   -1.255   -9.368    0.311   20.095    4.729
 396.50   15.497   15.545   15.545    1.213   -0.035   -7.503    1.213   -0.035    0.264   -9.101   -0.043   28.882    4.552
 396.60   15.655   15.699   15.699   -1.174    0.138   -7.345   -1.174    0.138   -1.015    8.627   -0.162   27.676    4.344
 396.70   16.540   16.612   16.725   -1.554   -1.935   -6.460   -1.554   -1.935   12.503   10.037    3.007   23.948    8.156
 396.80   17.405   17.433   17.546   -0.995   -1.988   -5.595   -0.995   -1.988   11.125    5.568    1.979   18.125    6.298
 396.90   15.682   15.767   15.888   -1.634   -1.961   -7.318   -1.634   -1.961   14.349   11.960    3.204   30.036    9.476
 397.00   15.906   15.935   16.180   -0.960   -2.809   -7.094   -0.960   -2.809   19.925    6.813    2.697   29.570   10.615
 397.10   16.013   16.245   16.719   -2.741   -3.950   -6.987   -2.741   -3.950   27.599   19.153   10.827   35.969   17.648
 397.20   15.384   15.469   15.896   -1.625   -3.657   -7.616   -1.625   -3.657   27.855   12.379    5.944   37.014   15.528
 397.30   15.210   15.236   15.593   -0.899   -3.319   -7.790   -0.899   -3.319   25.853    7.007    2.985   36.257   13.476
 397.40   14.258   14.304   14.645   -1.139   -3.143   -8.742   -1.139   -3.143   27.479    9.958    3.581   43.799   14.723
 397.50   13.520   13.520   13.756    0.123   -2.534   -9.480    0.123   -2.534   24.019   -1.170   -0.313   48.155   12.025
 397.60   12.785   12.829   12.918   -1.056   -1.513  -10.215   -1.056   -1.513   15.454   10.783    1.597   53.870    9.456
 397.70   13.975   13.982   14.069    0.445   -1.560   -9.025    0.445   -1.560   14.075   -4.014   -0.694   42.040    7.326
 397.80   14.226   14.281   14.327    1.249   -1.155   -8.774    1.249   -1.155   10.134  -10.957   -1.442   39.938    7.497
 397.90   14.942   14.993   15.098    1.236   -1.778   -8.058    1.236   -1.778   14.330   -9.963   -2.199   34.812    8.796
 398.00   14.724   14.738   14.795    0.627   -1.297   -8.276    0.627   -1.297   10.736   -5.185   -0.813   35.280    5.975
 398.10   15.374   15.381   15.414    0.446   -1.013   -7.626    0.446   -1.013    7.729   -3.399   -0.452   29.689    4.228
 398.20   15.623   15.632   15.638    0.511   -0.457   -7.377    0.511   -0.457    3.375   -3.772   -0.234   27.443    2.533
 398.30   15.257   15.274   15.278    0.713    0.352   -7.743    0.713    0.352   -2.724   -5.521    0.251   30.293    3.081
 398.40   14.704   14.709   14.799   -0.365   -1.633   -8.296   -0.365   -1.633   13.545    3.030    0.596   35.810    6.946
 398.50   15.897   15.918   15.950   -0.822   -1.004   -7.103   -0.822   -1.004    7.130    5.841    0.826   26.067    4.627
 398.60   15.396   15.405   15.459    0.517   -1.296   -7.604    0.517   -1.296    9.857   -3.934   -0.671   29.883    5.317
 398.70   17.234   17.240   17.263   -0.455   -0.893   -5.766   -0.455   -0.893    5.146    2.623    0.406   17.125    2.895
 398.80   16.515   16.530   16.635   -0.700   -1.870   -6.485   -0.700   -1.870   12.125    4.541    1.309   23.022    6.507
 398.90   17.431   17.438   17.442   -0.468   -0.387   -5.569   -0.468   -0.387    2.153    2.603    0.181   15.689    1.692
 399.00   17.727   17.790   17.794   -1.495   -0.394   -5.273   -1.495   -0.394    2.077    7.884    0.589   15.098    4.087
 399.10   17.700   17.719   17.791   -0.813   -1.602   -5.300   -0.813   -1.602    8.487    4.308    1.302   15.655    4.803
 399.20   18.890   18.908   19.018   -0.822   -2.037   -4.110   -0.822   -2.037    8.370    3.376    1.673   10.856    4.590
 399.30   19.221   19.257   19.429   -1.167   -2.585   -3.779   -1.167   -2.585    9.766    4.409    3.015   11.159    5.566
 399.40   20.158   20.215   20.531   -1.519   -3.587   -2.842   -1.519   -3.587   10.193    4.316    5.447   11.623    6.168
 399.50   21.065   21.067   21.293   -0.328   -3.093   -1.935   -0.328   -3.093    5.987    0.636    1.016    6.711    3.053
 399.60   21.396   21.397   21.600    0.201   -2.957   -1.604    0.201   -2.957    4.742   -0.322   -0.593    5.677    2.395
 399.70   20.789   20.806   21.030    0.843   -3.061   -2.211    0.843   -3.061    6.768   -1.864   -2.580    7.484    3.739
 399.80   21.828   21.851   22.039    1.002   -2.871   -1.172    1.002   -2.871    3.365   -1.174   -2.876    5.309    2.290
 399.90   20.642   20.724   20.939    1.849   -2.992   -2.358    1.849   -2.992    7.056   -4.360   -5.532    8.966    4.985
 400.00   19.575   19.648   19.677    1.694   -1.057   -3.425    1.694   -1.057    3.619   -5.801   -1.790    7.857    3.534
 400.10   19.265   19.454   19.521    2.700   -1.615   -3.735    2.700   -1.615    6.033  -10.082   -4.361   11.922    6.266
 400.20   18.961   19.360   19.448    3.908   -1.854   -4.039    3.908   -1.854    7.490  -15.783   -7.247   17.511    9.457
 400.30   19.516   19.957   19.961    4.173    0.389   -3.484    4.173    0.389   -1.355  -14.540    1.623   14.853    7.346
 400.40   19.518   19.780   19.783    3.208    0.342   -3.482    3.208    0.342   -1.192  -11.168    1.098   11.264    5.643
 400.50   20.454   20.638   20.675    2.748    1.233   -2.546    2.748    1.233   -3.140   -6.998    3.390    7.779    4.193
 400.60   19.696   19.840   19.857    2.393    0.817   -3.304    2.393    0.817   -2.699   -7.906    1.954    8.655    4.290
 400.70   19.999   20.124   20.125    2.240    0.206   -3.001    2.240    0.206   -0.618   -6.723    0.461    7.034    3.384
 400.80   19.399   19.679   19.682    3.304    0.384   -3.601    3.304    0.384   -1.383  -11.898    1.269   12.015    6.022
 400.90   20.963   21.155   21.166    2.845    0.695   -2.037    2.845    0.695   -1.417   -5.796    1.978    6.364    3.143
 401.00   20.966   21.251   21.262    3.472    0.680   -2.034    3.472    0.680   -1.383   -7.063    2.362    8.329    3.788
 401.10   19.312   19.471   19.472    2.484    0.204   -3.688    2.484    0.204   -0.753   -9.160    0.507    9.905    4.602
 401.20   20.568   20.677   20.684    2.120    0.552   -2.432    2.120    0.552   -1.343   -5.155    1.170    5.356    2.727
 401.30   20.045   20.055   20.127    0.648    1.699   -2.955    0.648    1.699   -5.021   -1.914    1.100    6.020    2.743
 401.40   19.861   19.901   19.906    1.251    0.449   -3.139    1.251    0.449   -1.410   -3.926    0.562    5.809    2.104
 401.50   21.059   21.135   21.164    1.788    1.118   -1.941    1.788    1.118   -2.171   -3.471    2.000    4.108    2.278
 401.60   21.591   21.647   21.651    1.556   -0.429   -1.409    1.556   -0.429    0.604   -2.193   -0.667    2.296    1.185
 401.70   22.257   22.291   22.314    1.234   -1.021   -0.743    1.234   -1.021    0.759   -0.917   -1.260    1.559    0.867
 401.80   19.902   19.908   19.908    0.485   -0.154   -3.098    0.485   -0.154    0.477   -1.503   -0.075    4.928    0.789
 401.90   20.625   20.655   20.686    1.117   -1.131   -2.375    1.117   -1.131    2.686   -2.653   -1.263    4.084    1.990
 402.00   20.521   20.701   20.774    2.723   -1.736   -2.479    2.723   -1.736    4.303   -6.749   -4.727    8.286    4.648
 402.10   20.213   20.625   20.784    4.103   -2.571   -2.787    4.103   -2.571    7.165  -11.436  -10.547   15.605    8.564
 402.20   19.156   19.290   19.331    2.269   -1.254   -3.844    2.269   -1.254    4.820   -8.723   -2.846   10.749    5.182
 402.30   18.794   18.940   18.949    2.346    0.562   -4.206    2.346    0.562   -2.364   -9.868    1.319   11.754    5.116
 402.40   16.908   17.075   17.076    2.388    0.191   -6.092    2.388    0.191   -1.163  -14.547    0.456   21.428    7.301
 402.50   17.037   17.087   17.089    1.314   -0.227   -5.963    1.314   -0.227    1.352   -7.838   -0.298   18.670    3.979
 402.60   17.474   17.531   17.558    1.415   -0.959   -5.526    1.415   -0.959    5.301   -7.820   -1.357   16.729    4.772
 402.70   17.769   17.776   17.816    0.478   -1.189   -5.231    0.478   -1.189    6.217   -2.503   -0.569   14.500    3.363
 402.80   17.538   17.543   17.548    0.431    0.404   -5.462    0.431    0.404   -2.205   -2.353    0.174   15.090    1.615
 402.90   16.976   16.976   17.102   -0.033    2.071   -6.024   -0.033    2.071  -12.472    0.199   -0.068   20.286    6.237
 403.00   15.414   15.416   15.519   -0.220    1.785   -7.586   -0.220    1.785  -13.543    1.669   -0.393   30.392    6.825
 403.10   15.393   15.396   15.604    0.320    2.536   -7.607    0.320    2.536  -19.292   -2.438    0.813   32.202    9.731
 403.20   15.736   15.736   16.119   -0.069    3.496   -7.264   -0.069    3.496  -25.400    0.501   -0.241   32.501   12.703
 403.30   15.911   15.916   16.115   -0.430    2.523   -7.089   -0.430    2.523  -17.888    3.048   -1.085   28.405    9.089
 403.40   16.777   16.781   16.910    0.381    2.085   -6.223    0.381    2.085  -12.973   -2.372    0.795   21.609    6.606
 403.50   17.577   17.579   17.642   -0.284    1.487   -5.423   -0.284    1.487   -8.065    1.539   -0.422   15.853    4.111
 403.60   16.298   16.359   16.361   -1.404    0.299   -6.702   -1.404    0.299   -2.002    9.407   -0.419   23.487    4.813
 403.70   15.351   15.357   15.404    0.413    1.211   -7.649    0.413    1.211   -9.261   -3.158    0.500   30.071    4.899
 403.80   15.170   15.236   15.246    1.424    0.545   -7.830    1.424    0.545   -4.270  -11.147    0.776   31.820    5.981
 403.90   16.447   16.519   16.607    1.540    1.713   -6.553    1.540    1.713  -11.228  -10.093    2.639   24.126    7.663
 404.00   17.672   17.848   18.024    2.499    2.514   -5.328    2.499    2.514  -13.393  -13.315    6.282   20.476    9.951
 404.10   15.762   15.965   15.985    2.533    0.803   -7.238    2.533    0.803   -5.813  -18.337    2.035   29.724    9.672
 404.20   14.062   14.263   14.300    2.386    1.021   -8.938    2.386    1.021   -9.125  -21.326    2.436   43.309   11.662
 404.30   13.612   13.640   13.641    0.875   -0.190   -9.388    0.875   -0.190    1.788   -8.211   -0.167   44.469    4.202
 404.40   14.397   14.398   14.415    0.156    0.697   -8.603    0.156    0.697   -5.999   -1.345    0.109   37.257    3.074
 404.50   14.039   14.055   14.147   -0.655    1.614   -8.961   -0.655    1.614  -14.462    5.866   -1.057   41.664    7.821
 404.60   13.156   13.165   13.170   -0.499    0.345   -9.844   -0.499    0.345   -3.399    4.915   -0.172   48.637    2.989
 404.70   13.228   13.229   13.233   -0.193    0.335   -9.772   -0.193    0.335   -3.270    1.883   -0.064   47.823    1.887
 404.80   14.755   14.810   14.812   -1.284   -0.189   -8.245   -1.284   -0.189    1.555   10.589    0.242   34.836    5.353
 404.90   14.786   14.791   14.806   -0.404   -0.650   -8.214   -0.404   -0.650    5.343    3.322    0.263   34.030    3.148
 405.00   12.967   12.978   13.095   -0.518   -1.751  -10.033   -0.518   -1.751   17.569    5.195    0.907   51.996    9.172
 405.10   13.811   13.887   14.014   -1.448   -1.883   -9.189   -1.448   -1.883   17.300   13.302    2.725   45.039   10.996
 405.20   13.733   13.881   14.034   -2.025   -2.065   -9.267   -2.025   -2.065   19.138   18.764    4.181   47.124   13.563
 405.30   12.253   12.268   12.426   -0.612   -1.972  -10.747   -0.612   -1.972   21.195    6.579    1.207   59.882   11.113
 405.40   12.790   12.801   13.136   -0.516   -2.947  -10.210   -0.516   -2.947   30.092    5.271    1.522   56.595   15.294
 405.50   13.960   14.191   14.288   -2.550   -1.664   -9.040   -2.550   -1.664   15.042   23.050    4.243   45.494   13.925
 405.60   13.709   13.833   13.854   -1.848   -0.762   -9.291   -1.848   -0.762    7.076   17.166    1.407   45.155    9.310
 405.70   13.628   13.644   13.660   -0.671   -0.642   -9.372   -0.671   -0.642    6.020    6.284    0.431   44.349    4.357
 405.80   14.163   14.231   14.296   -1.381    1.368   -8.837   -1.381    1.368  -12.091   12.201   -1.889   40.931    8.641
 405.90   15.056   15.105   15.117   -1.223    0.601   -7.944   -1.223    0.601   -4.773    9.718   -0.735   32.485    5.426
 406.00   15.062   15.168   15.175   -1.788   -0.468   -7.938   -1.788   -0.468    3.717   14.193    0.837   33.214    7.348
 406.10   15.155   15.604   15.613   -3.717   -0.534   -7.845   -3.717   -0.534    4.191   29.162    1.986   37.827   14.764
 406.20   15.012   15.253   15.333   -2.698   -1.567   -7.988   -2.698   -1.567   12.518   21.547    4.228   36.767   12.638
 406.30   14.168   14.234   14.297   -1.365   -1.343   -8.832   -1.365   -1.343   11.859   12.052    1.832   40.832    8.503
 406.40   14.941   14.944   14.946   -0.292   -0.233   -8.059   -0.292   -0.233    1.878    2.356    0.068   32.544    1.507
 406.50   14.923   14.935   14.973   -0.576   -1.067   -8.077   -0.576   -1.067    8.617    4.654    0.615   33.351    4.906
 406.60   14.703   14.752   14.757   -1.200   -0.393   -8.297   -1.200   -0.393    3.258    9.959    0.471   35.215    5.245
 406.70   15.320   15.331   15.341   -0.567    0.558   -7.680   -0.567    0.558   -4.289    4.352   -0.316   29.807    3.059
 406.80   15.950   16.011   16.018    1.404    0.470   -7.050    1.404    0.470   -3.312   -9.896    0.659   25.949    5.228
 406.90   16.413   16.489   16.512    1.585   -0.866   -6.587    1.585   -0.866    5.702  -10.438   -1.372   23.325    5.986
 407.00   16.752   16.812   16.812    1.415    0.061   -6.248    1.415    0.061   -0.381   -8.844    0.086   20.523    4.426
 407.10   16.174   16.267   16.276    1.740   -0.545   -6.826    1.740   -0.545    3.717  -11.875   -0.947   24.962    6.240
 407.20   14.901   14.932   15.217    0.962   -2.930   -8.099    0.962   -2.930   23.729   -7.789   -2.818   37.550   12.566
 407.30   14.592   14.621   14.901    0.916   -2.877   -8.408    0.916   -2.877   24.194   -7.704   -2.637   39.908   12.764
 407.40   17.097   17.123   17.376    0.944   -2.958   -5.903    0.944   -2.958   17.461   -5.575   -2.794   22.245    9.271
 407.50   17.361   17.433   17.473    1.583   -1.181   -5.639    1.583   -1.181    6.659   -8.925   -1.869   17.848    5.645
 407.60   16.586   16.656   16.741    1.519   -1.691   -6.414    1.519   -1.691   10.848   -9.742   -2.569   23.151    7.403
 407.70   16.008   16.210   16.369    2.550   -2.274   -6.992    2.550   -2.274   15.901  -17.827   -5.799   30.278   12.291
 407.80   16.988   17.291   17.458    3.223   -2.409   -6.012    3.223   -2.409   14.484  -19.380   -7.765   26.170   12.705
 407.90   17.733   18.192   18.213    4.061   -0.882   -5.267    4.061   -0.882    4.646  -21.390   -3.582   22.507   11.090
 408.00   17.992   18.654   18.755    4.925   -1.939   -5.008    4.925   -1.939    9.710  -24.663   -9.549   26.546   14.087
 408.10   17.339   17.968   18.114    4.712   -2.296   -5.661    4.712   -2.296   12.998  -26.672  -10.818   29.759   15.791
 408.20   16.822   17.358   17.451    4.279   -1.798   -6.178    4.279   -1.798   11.109  -26.436   -7.695   29.855   14.845
 408.30   17.791   18.013   18.105    2.822   -1.818   -5.209    2.822   -1.818    9.471  -14.701   -5.131   19.204    9.113
 408.40   18.958   19.278   19.366    3.498   -1.848   -4.042    3.498   -1.848    7.471  -14.139   -6.465   15.996    8.625
 408.50   17.567   18.037   18.093    4.091   -1.427   -5.433    4.091   -1.427    7.754  -22.226   -5.838   24.146   12.127
 408.60   16.624   17.378   17.507    5.062   -2.120   -6.376    5.062   -2.120   13.518  -32.270  -10.732   35.381   18.298
 408.70   16.198   16.601   16.764    3.636   -2.331   -6.802    3.636   -2.331   15.856  -24.733   -8.476   32.462   15.289
 408.80   17.017   17.378   17.524    3.525   -2.257   -5.983    3.525   -2.257   13.506  -21.093   -7.957   26.662   13.140
 408.90   17.203   17.619   17.696    3.804   -1.652   -5.797    3.804   -1.652    9.575  -22.052   -6.284   25.401   12.424
 409.00   15.928   16.175   16.360    2.819   -2.450   -7.072    2.819   -2.450   17.330  -19.936   -6.908   31.983   13.652
 409.10   15.634   15.904   15.909    2.921   -0.371   -7.366    2.921   -0.371    2.734  -21.516   -1.084   31.465   10.858
 409.20   15.577   15.655   15.727    1.566   -1.499   -7.423    1.566   -1.499   11.128  -11.624   -2.347   29.901    8.131
 409.30   14.198   14.201   14.213   -0.294   -0.589   -8.802   -0.294   -0.589    5.182    2.592    0.173   38.956    2.898
 409.40   14.610   14.715   14.793   -1.759    1.518   -8.390   -1.759    1.518  -12.734   14.761   -2.670   37.898    9.838
 409.50   15.506   15.617   15.948   -1.852    3.235   -7.494   -1.852    3.235  -24.239   13.879   -5.991   35.023   14.283
 409.60   14.582   14.797   15.144   -2.508    3.227   -8.418   -2.508    3.227  -27.167   21.111   -8.094   43.781   17.672
 409.70   13.762   13.908   14.023   -2.012    1.789   -9.238   -2.012    1.789  -16.526   18.588   -3.599   46.298   12.566
 409.80   14.564   14.637   14.941   -1.458    2.997   -8.436   -1.458    2.997  -25.285   12.299   -4.370   41.136   14.228
 409.90   14.566   14.671   14.923   -1.746    2.734   -8.434   -1.746    2.734  -23.055   14.729   -4.774   40.824   13.886
 410.00   14.596   14.677   14.811   -1.543    1.989   -8.404   -1.543    1.989  -16.715   12.967   -3.069   38.482   10.688
 410.10   16.249   16.643   16.772   -3.597    2.077   -6.751   -3.597    2.077  -14.023   24.283   -7.472   31.413   14.510
 410.20   17.353   17.647   17.784   -3.210    2.203   -5.647   -3.210    2.203  -12.442   18.125   -7.072   23.523   11.547
 410.30   16.674   16.967   16.970   -3.140    0.313   -6.326   -3.140    0.313   -1.982   19.864   -0.984   24.989    9.994
 410.40   17.681   17.820   17.865   -2.217    1.277   -5.319   -2.217    1.277   -6.790   11.790   -2.830   17.416    6.948
 410.50   18.330   18.413   18.595   -1.752    2.592   -4.670   -1.752    2.592  -12.107    8.182   -4.542   15.800    7.651
 410.60   18.284   18.397   18.485   -2.032    1.805   -4.716   -2.032    1.805   -8.513    9.583   -3.668   14.814    6.666
 410.70   17.130   17.246   17.418   -1.991    2.440   -5.870   -1.991    2.440  -14.324   11.686   -4.859   22.186    9.557
 410.80   17.986   18.514   18.752   -4.390    2.976   -5.014   -4.390    2.976  -14.924   22.012  -13.067   26.636   14.816
 410.90   16.731   17.126   17.126   -3.657   -0.035   -6.269   -3.657   -0.035    0.220   22.927    0.128   26.340   11.464
 411.00   17.542   18.378   18.378   -5.480    0.013   -5.458   -5.480    0.013   -0.073   29.913   -0.074   29.914   14.957
 411.10   17.842   18.305   18.331   -4.092   -0.972   -5.158   -4.092   -0.972    5.015   21.108    3.979   22.148   11.029
 411.20   17.973   18.087   18.312   -2.028   -2.861   -5.027   -2.028   -2.861   14.385   10.197    5.804   18.787    9.282
 411.30   16.889   16.951   17.174   -1.456   -2.758   -6.111   -1.456   -2.758   16.857    8.898    4.016   23.538    9.740
 411.40   16.795   16.937   17.001   -2.193   -1.467   -6.205   -2.193   -1.467    9.101   13.610    3.217   22.733    8.343
 411.50   17.186   17.667   17.832   -4.095   -2.420   -5.814   -4.095   -2.420   14.073   23.808    9.911   28.215   14.689
 411.60   17.977   18.391   18.479   -3.878   -1.805   -5.023   -3.878   -1.805    9.065   19.478    6.998   21.762   11.297
 411.70   17.276   17.544   17.544   -3.055   -0.160   -5.724   -3.055   -0.160    0.916   17.487    0.489   21.063    8.759
 411.80   15.459   15.741   15.770   -2.968    0.962   -7.541   -2.968    0.962   -7.255   22.381   -2.855   33.302   11.850
 411.90   16.983   17.018   17.084   -1.101   -1.501   -6.017   -1.101   -1.501    9.031    6.622    1.652   19.836    5.660
 412.00   17.123   17.130   17.164   -0.475   -1.081   -5.877   -0.475   -1.081    6.350    2.789    0.513   17.964    3.477
 412.10   18.492   18.533   18.547   -1.239   -0.721   -4.508   -1.239   -0.721    3.253    5.584    0.894   11.189    3.262
 412.20   19.445   19.550   19.648   -2.022   -1.956   -3.555   -2.022   -1.956    6.954    7.188    3.956   10.276    5.378
 412.30   20.267   20.348   20.419   -1.814   -1.707   -2.733   -1.814   -1.707    4.665    4.959    3.096    6.838    3.740
 412.40   19.297   19.439   19.576   -2.346   -2.310   -3.703   -2.346   -2.310    8.555    8.689    5.421   12.278    6.673
 412.50   19.147   19.221   19.471   -1.690   -3.107   -3.853   -1.690   -3.107   11.973    6.512    5.250   13.679    7.303
 412.60   18.987   18.988   19.136   -0.160   -2.373   -4.013   -0.160   -2.373    9.523    0.643    0.381   10.880    4.776
 412.70   18.123   18.164   18.223   -1.221   -1.467   -4.877   -1.221   -1.467    7.154    5.953    1.790   13.714    4.739
 412.80   18.341   18.342   18.426   -0.064   -1.760   -4.659   -0.064   -1.760    8.200    0.300    0.113   12.402    4.103
 412.90   19.146   19.184   19.295   -1.213   -2.061   -3.854   -1.213   -2.061    7.943    4.674    2.500   10.286    4.775
 413.00   19.746   19.766   19.788   -0.894    0.928   -3.254   -0.894    0.928   -3.019    2.909   -0.829    6.125    2.137
 413.10   20.509   20.525   20.568   -0.810    1.323   -2.491   -0.810    1.323   -3.296    2.017   -1.072    4.305    2.005
 413.20   19.420   19.492   19.509   -1.680    0.815   -3.580   -1.680    0.815   -2.917    6.016   -1.369    8.153    3.412
 413.30   18.938   18.965   19.005    1.019    1.224   -4.062    1.019    1.224   -4.971   -4.139    1.247    9.518    3.294
 413.40   18.675   18.681   18.845    0.477    2.482   -4.325    0.477    2.482  -10.734   -2.063    1.183   12.548    5.497
 413.50   19.452   19.506   19.579   -1.455    1.686   -3.548   -1.455    1.686   -5.982    5.162   -2.453    8.774    4.137
 413.60   20.556   20.563   20.613   -0.528    1.445   -2.444   -0.528    1.445   -3.531    1.291   -0.763    4.170    1.918
 413.70   22.396   22.397   22.469   -0.241    1.797   -0.604   -0.241    1.797   -1.086    0.145   -0.432    1.827    0.589
 413.80   23.192   23.192   23.212    0.094    0.974    0.192    0.094    0.974    0.187    0.018    0.091    0.498    0.104
 413.90   23.521   23.527   23.596    0.550    1.804    0.521    0.550    1.804    0.939    0.286    0.992    1.914    0.698
 414.00   23.108   23.108   23.214   -0.141    2.212    0.108   -0.141    2.212    0.239   -0.015   -0.313    2.463    0.197
 414.10   23.160   23.193   23.309   -1.244    2.317    0.160   -1.244    2.317    0.370   -0.199   -2.884    3.472    1.457
 414.20   22.547   22.650   22.856   -2.158    3.064   -0.453   -2.158    3.064   -1.388    0.977   -6.611    7.125    3.413
 414.30   19.645   19.693   19.773   -1.380    1.771   -3.355   -1.380    1.771   -5.942    4.631   -2.444    8.149    3.960
 414.40   19.450   19.487   19.538   -1.197    1.424   -3.550   -1.197    1.424   -5.054    4.248   -1.703    8.031    3.409
 414.50   20.638   20.739   20.739   -2.046   -0.139   -2.362   -2.046   -0.139    0.329    4.833    0.285    4.893    2.426
 414.60   20.931   21.026   21.112   -2.003    1.903   -2.069   -2.003    1.903   -3.939    4.145   -3.812    5.958    3.436
 414.70   21.600   21.690   21.713   -1.975    0.982   -1.400   -1.975    0.982   -1.375    2.764   -1.940    3.412    1.823
 414.80   22.425   22.523   22.633   -2.092    2.231   -0.575   -2.092    2.231   -1.282    1.202   -4.669    4.843    2.494
 414.90   22.423   22.533   22.751   -2.224    3.141   -0.577   -2.224    3.141   -1.812    1.283   -6.984    7.571    3.664
 415.00   22.665   22.829   22.999   -2.736    2.787   -0.335   -2.736    2.787   -0.935    0.917   -7.623    7.681    3.867
 415.10   23.069   23.134   23.403   -1.730    3.541    0.069   -1.730    3.541    0.244   -0.119   -6.125    7.768    3.066
 415.20   22.665   22.695   22.797   -1.149    2.162   -0.335   -1.149    2.162   -0.723    0.384   -2.483    3.053    1.307
 415.30   21.519   21.523   21.638   -0.394    2.229   -1.481   -0.394    2.229   -3.301    0.584   -0.879    3.658    1.732
 415.40   21.579   21.583   21.678    0.396    2.034   -1.421    0.396    2.034   -2.890   -0.563    0.806    3.156    1.526
 415.50   21.985   22.005   22.006   -0.948    0.190   -1.015   -0.948    0.190   -0.193    0.962   -0.180    0.983    0.499
 415.60   22.804   22.809   22.840   -0.490    1.186   -0.196   -0.490    1.186   -0.232    0.096   -0.581    0.842    0.317
 415.70   22.249   22.250   22.316   -0.143    1.714   -0.751   -0.143    1.714   -1.286    0.107   -0.245    1.760    0.657
 415.80   21.825   21.826   21.850    0.223    1.015   -1.175    0.223    1.015   -1.192   -0.262    0.226    1.230    0.621
 415.90   22.743   22.786   22.798    1.395   -0.743   -0.257    1.395   -0.743    0.191   -0.358   -1.037    1.282    0.557
 416.00   22.561   22.688   22.692    2.394    0.421   -0.439    2.394    0.421   -0.185   -1.050    1.007    3.049    0.733
 416.10   22.584   22.628   22.639    1.414    0.695   -0.416    1.414    0.695   -0.289   -0.589    0.984    1.329    0.591
 416.20   21.979   21.980   22.027   -0.189    1.443   -1.021   -0.189    1.443   -1.473    0.193   -0.273    1.580    0.755
 416.30   21.411   21.411   21.540    0.005    2.354   -1.589    0.005    2.354   -3.742   -0.008    0.012    4.035    1.871
 416.40   22.333   22.337   22.460    0.438    2.344   -0.667    0.438    2.344   -1.564   -0.292    1.027    3.066    0.947
 416.50   22.643   22.736   22.975    2.055    3.304   -0.357    2.055    3.304   -1.181   -0.734    6.792    7.636    3.466
 416.60   22.891   22.943   22.995    1.541    1.554   -0.109    1.541    1.554   -0.169   -0.168    2.395    2.401    1.203
 416.70   23.097   23.356   23.424    3.466    1.783    0.097    3.466    1.783    0.174    0.338    6.181    7.602    3.096
 416.80   23.611   23.764   23.891    2.699    2.455    0.611    2.699    2.455    1.499    1.648    6.626    6.842    3.495
 416.90   24.892   24.974   25.033    2.013    1.719    1.892    2.013    1.719    3.254    3.809    3.461    5.294    3.044
 417.00   27.547   27.739   27.744    3.256    0.545    4.547    3.256    0.545    2.480   14.806    1.776   15.788    7.559
 417.10   25.903   26.108   26.175    3.268    1.864    2.903    3.268    1.864    5.410    9.487    6.090   11.290    6.252
 417.20   25.739   26.009   26.014    3.736    0.536    2.739    3.736    0.536    1.467   10.234    2.001   10.875    5.265
 417.30   23.985   24.058   24.063    1.874   -0.494    0.985    1.874   -0.494   -0.487    1.845   -0.926    2.363    1.061
 417.40   24.744   24.776   24.781    1.243    0.529    1.744    1.243    0.529    0.922    2.169    0.657    2.434    1.223
 417.50   23.765   23.845   23.885    1.951   -1.374    0.765    1.951   -1.374   -1.051    1.493   -2.681    3.141    1.622
 417.60   22.681   22.776   22.776    2.077    0.075   -0.319    2.077    0.075   -0.024   -0.663    0.157    2.210    0.341
 417.70   22.932   22.959   22.959    1.104    0.146   -0.068    1.104    0.146   -0.010   -0.075    0.161    0.622    0.089
 417.80   22.780   22.887   22.891    2.205    0.458   -0.220    2.205    0.458   -0.101   -0.485    1.011    2.561    0.563
 417.90   21.628   22.043   22.052    4.256   -0.633   -1.372    4.256   -0.633    0.868   -5.838   -2.693   10.198    3.244
 418.00   21.738   21.958   22.052    3.102   -2.029   -1.262    3.102   -2.029    2.560   -3.914   -6.293    7.665    3.921
 418.10   21.040   21.706   21.753    5.337   -1.435   -1.960    5.337   -1.435    2.813  -10.462   -7.658   17.192    6.633
 418.20   19.577   20.121   20.159    4.647   -1.237   -3.423    4.647   -1.237    4.236  -15.909   -5.751   17.423    8.719
 418.30   19.371   19.776   19.779    3.984   -0.296   -3.629    3.984   -0.296    1.073  -14.460   -1.178   14.567    7.274
 418.40   18.281   18.755   18.792    4.192    1.176   -4.719    4.192    1.176   -5.552  -19.780    4.931   20.611   10.564
 418.50   19.264   19.625   19.743    3.747    2.159   -3.736    3.747    2.159   -8.066  -14.000    8.089   16.330    9.035
 418.60   19.507   19.844   19.983    3.637    2.354   -3.493    3.637    2.354   -8.222  -12.702    8.561   15.483    8.692
 418.70   20.141   20.405   20.407    3.270    0.312   -2.859    3.270    0.312   -0.891   -9.348    1.019    9.481    4.723
 418.80   20.203   20.267   20.307    1.601   -1.281   -2.797    1.601   -1.281    3.583   -4.477   -2.050    6.012    3.045
 418.90   20.053   20.070   20.119    0.824   -1.403   -2.947    0.824   -1.403    4.134   -2.427   -1.155    5.665    2.466
 419.00   19.430   19.552   19.554    2.184   -0.232   -3.570    2.184   -0.232    0.828   -7.796   -0.506    8.784    3.928
 419.10   19.486   19.521   19.523    1.158   -0.270   -3.514    1.158   -0.270    0.949   -4.068   -0.313    6.879    2.094
 419.20   17.811   17.920   17.932    1.977   -0.649   -5.189    1.977   -0.649    3.368  -10.259   -1.283   15.630    5.437
 419.30   18.929   19.026   19.070    1.920    1.294   -4.071    1.920    1.294   -5.267   -7.815    2.483   10.967    4.873
 419.40   18.285   18.370   18.428    1.765    1.462   -4.715    1.765    1.462   -6.894   -8.319    2.580   13.740    5.554
 419.50   18.917   18.921   18.922    0.378   -0.184   -4.083    0.378   -0.184    0.752   -1.545   -0.070    8.424    0.860
 419.60   18.592   18.606   18.757   -0.714    2.376   -4.408   -0.714    2.376  -10.472    3.149   -1.697   12.792    5.533
 419.70   18.620   18.650   18.695   -1.066    1.291   -4.380   -1.066    1.291   -5.654    4.670   -1.376   10.995    3.731
 419.80   19.403   19.409   19.410    0.489    0.181   -3.597    0.489    0.181   -0.651   -1.760    0.089    6.605    0.939
 419.90   19.480   19.489   19.499   -0.593    0.604   -3.520   -0.593    0.604   -2.127    2.086   -0.358    6.552    1.500
 420.00   18.815   18.919   18.926   -1.985   -0.520   -4.185   -1.985   -0.520    2.177    8.308    1.032   10.864    4.325
 420.10   19.010   19.075   19.095   -1.573   -0.882   -3.990   -1.573   -0.882    3.519    6.277    1.387    9.588    3.664
 420.20   18.706   18.713   18.714   -0.525   -0.192   -4.294   -0.525   -0.192    0.825    2.253    0.101    9.376    1.201
 420.30   18.523   18.599   18.665   -1.678   -1.573   -4.477   -1.678   -1.573    7.044    7.514    2.641   12.667    5.316
 420.40   18.344   18.371   18.379   -0.998   -0.536   -4.656   -0.998   -0.536    2.495    4.649    0.535   11.481    2.651
 420.50   19.447   19.477   19.477   -1.085   -0.076   -3.553   -1.085   -0.076    0.269    3.856    0.082    6.903    1.933
 420.60   19.934   19.941   19.977   -0.538   -1.200   -3.066   -0.538   -1.200    3.679    1.650    0.646    5.566    2.042
 420.70   19.466   19.480   19.561   -0.749   -1.773   -3.534   -0.749   -1.773    6.265    2.646    1.327    8.096    3.464
 420.80   19.510   19.592   19.605   -1.786   -0.706   -3.490   -1.786   -0.706    2.463    6.232    1.260    7.932    3.409
 420.90   20.983   21.040   21.076   -1.543   -1.240   -2.017   -1.543   -1.240    2.502    3.112    1.914    3.994    2.214
 421.00   20.344   20.397   20.400   -1.466   -0.325   -2.656   -1.466   -0.325    0.863    3.893    0.476    4.654    2.008
 421.10   19.998   20.001   20.001   -0.306    0.049   -3.002   -0.306    0.049   -0.148    0.920   -0.015    4.553    0.466
 421.20   18.794   18.801   18.847   -0.506   -1.316   -4.206   -0.506   -1.316    5.535    2.130    0.666    9.840    2.984
 421.30   17.960   17.966   18.056    0.479   -1.800   -5.040    0.479   -1.800    9.072   -2.413   -0.862   14.436    4.714
 421.40   18.409   18.418   18.538    0.582   -2.101   -4.591    0.582   -2.101    9.647   -2.671   -1.222   12.915    5.042
 421.50   19.611   19.677   19.691    1.616   -0.742   -3.389    1.616   -0.742    2.514   -5.478   -1.199    7.325    3.073
 421.60   20.051   20.054   20.240    0.357   -2.742   -2.949    0.357   -2.742    8.087   -1.053   -0.979    8.172    4.107
 421.70   19.828   19.830   19.891   -0.263   -1.565   -3.172   -0.263   -1.565    4.965    0.834    0.412    6.291    2.526
 421.80   20.251   20.254   20.420    0.363   -2.595   -2.749    0.363   -2.595    7.134   -0.999   -0.943    7.212    3.632
 421.90   19.356   19.388   19.414    1.108   -1.006   -3.644    1.108   -1.006    3.665   -4.039   -1.115    7.759    2.783
 422.00   19.980   20.118   20.123    2.349   -0.467   -3.020    2.349   -0.467    1.411   -7.092   -1.098    7.426    3.657
 422.10   19.111   19.196   19.200    1.811    0.388   -3.889    1.811    0.388   -1.507   -7.042    0.702    9.278    3.618
 422.20   18.783   18.855   18.868    1.643    0.703   -4.217    1.643    0.703   -2.967   -6.927    1.155   10.489    3.812
 422.30   19.575   19.745   19.762    2.589    0.801   -3.425    2.589    0.801   -2.745   -8.868    2.075    9.538    4.756
 422.40   20.390   20.441   20.604    1.456    2.582   -2.610    1.456    2.582   -6.740   -3.800    3.758    7.800    4.301
 422.50   21.805   21.912   22.175    2.156    3.409   -1.195    2.156    3.409   -4.073   -2.576    7.350    8.850    4.395
 422.60   22.108   22.256   22.520    2.554    3.438   -0.892    2.554    3.438   -3.065   -2.277    8.781    9.570    4.788
 422.70   20.278   20.350   20.415    1.711    1.632   -2.722    1.711    1.632   -4.443   -4.657    2.793    6.500    3.508
 422.80   21.012   21.073   21.093    1.601    0.929   -1.988    1.601    0.929   -1.848   -3.183    1.488    3.690    1.985
 422.90   22.458   22.473   22.479    0.821    0.517   -0.542    0.821    0.517   -0.280   -0.445    0.425    0.618    0.338
 423.00   22.159   22.234   22.251    1.822    0.870   -0.841    1.822    0.870   -0.732   -1.533    1.585    2.392    1.161
 423.10   21.663   21.665   21.726    0.254    1.633   -1.337    0.254    1.633   -2.183   -0.340    0.415    2.259    1.124
 423.20   22.922   22.924   22.948   -0.275    1.059   -0.078   -0.275    1.059   -0.082    0.021   -0.292    0.602    0.152
 423.30   22.734   22.772   22.793   -1.323    0.974   -0.266   -1.323    0.974   -0.260    0.353   -1.289    1.386    0.681
 423.40   21.489   21.496   21.496   -0.549    0.060   -1.511   -0.549    0.060   -0.091    0.830   -0.033    1.295    0.418
 423.50   21.268   21.381   21.394   -2.199   -0.750   -1.732   -2.199   -0.750    1.299    3.808    1.649    4.198    2.174
 423.60   22.149   22.375   22.419   -3.174   -1.397   -0.851   -3.174   -1.397    1.189    2.701    4.433    6.374    2.663
 423.70   22.705   22.887   22.997   -2.886   -2.246   -0.295   -2.886   -2.246    0.663    0.852    6.481    6.729    3.285
 423.80   23.121   23.297   23.375   -2.864   -1.901    0.121   -2.864   -1.901   -0.229   -0.345    5.445    5.916    2.730
 423.90   21.541   21.819   21.858   -3.476   -1.310   -1.459   -3.476   -1.310    1.912    5.073    4.553    7.964    3.540
 424.00   21.428   21.759   21.831   -3.782   -1.777   -1.572   -3.782   -1.777    2.794    5.947    6.722    9.968    4.700
 424.10   20.014   20.417   20.491   -4.039   -1.736   -2.986   -4.039   -1.736    5.185   12.062    7.014   14.124    7.443
 424.20   19.472   19.594   19.815   -2.186   -2.950   -3.528   -2.186   -2.950   10.407    7.712    6.447   12.963    7.234
 424.30   19.375   19.598   19.761   -2.951   -2.531   -3.625   -2.951   -2.531    9.175   10.699    7.469   14.128    7.975
 424.40   19.084   19.190   19.331   -2.015   -2.323   -3.916   -2.015   -2.323    9.097    7.889    4.681   12.395    6.460
 424.50   19.311   19.420   19.420   -2.055    0.022   -3.689   -2.055    0.022   -0.081    7.580   -0.045    8.917    3.790
 424.60   20.008   20.169   20.170   -2.546    0.100   -2.992   -2.546    0.100   -0.298    7.616   -0.253    7.720    3.813
 424.70   19.598   19.643   19.763   -1.331   -2.171   -3.402   -1.331   -2.171    7.386    4.530    2.891    9.030    4.567
 424.80   20.441   20.441   20.628    0.005   -2.777   -2.559    0.005   -2.777    7.107   -0.012   -0.013    7.131    3.553
 424.90   20.366   20.389   20.569   -0.959   -2.716   -2.634   -0.959   -2.716    7.153    2.527    2.605    7.616    4.010
 425.00   20.829   20.963   20.974   -2.367   -0.696   -2.171   -2.367   -0.696    1.511    5.140    1.647    5.401    2.802
 425.10   20.513   20.537   20.537   -0.984   -0.119   -2.487   -0.984   -0.119    0.297    2.447    0.118    3.584    1.234
 425.20   20.104   20.104   20.106    0.125   -0.286   -2.896    0.125   -0.286    0.830   -0.363   -0.036    4.242    0.453
 425.30   18.661   18.663   18.680   -0.271   -0.800   -4.339   -0.271   -0.800    3.471    1.178    0.217    9.769    1.836
 425.40   18.061   18.078   18.079    0.793    0.055   -4.939    0.793    0.055   -0.270   -3.918    0.043   12.513    1.964
 425.50   18.778   18.795   18.851    0.802    1.458   -4.222    0.802    1.458   -6.158   -3.388    1.170   10.300    3.563
 425.60   19.382   19.387   19.544    0.409    2.476   -3.618    0.409    2.476   -8.958   -1.480    1.013    9.693    4.568
 425.70   19.381   19.408   19.465    1.023    1.481   -3.619    1.023    1.481   -5.360   -3.702    1.516    8.167    3.344
 425.80   17.997   18.026   18.101    1.013    1.652   -5.003    1.013    1.652   -8.265   -5.068    1.674   14.391    4.919
 425.90   17.267   17.304   17.319   -1.134    0.718   -5.733   -1.134    0.718   -4.114    6.504   -0.814   17.336    3.869
 426.00   16.585   16.591   16.631   -0.443    1.148   -6.415   -0.443    1.148   -7.361    2.845   -0.509   21.330    3.954
 426.10   17.365   17.403   17.470    1.160    1.520   -5.635    1.160    1.520   -8.563   -6.535    1.762   17.705    5.458
 426.20   18.440   18.484   18.487    1.285    0.298   -4.560    1.285    0.298   -1.359   -5.860    0.383   11.268    3.014
 426.30   18.519   18.546   18.548    1.000    0.236   -4.481    1.000    0.236   -1.057   -4.483    0.236   10.568    2.306
 426.40   19.995   19.995   20.057   -0.106    1.572   -3.005   -0.106    1.572   -4.724    0.319   -0.167    5.757    2.369
 426.50   20.012   20.073   20.121   -1.570    1.382   -2.988   -1.570    1.382   -4.130    4.691   -2.170    6.652    3.308
 426.60   19.491   19.510   19.570   -0.870    1.522   -3.509   -0.870    1.522   -5.343    3.051   -1.324    7.694    3.147
 426.70   20.652   20.653   20.742   -0.204    1.916   -2.348   -0.204    1.916   -4.499    0.479   -0.391    4.613    2.271
 426.80   20.539   20.581   20.671   -1.311    1.936   -2.461   -1.311    1.936   -4.765    3.227   -2.538    5.762    3.145
 426.90   20.074   20.146   20.317   -1.706    2.632   -2.926   -1.706    2.632   -7.703    4.993   -4.491    9.202    5.110
 427.00   19.634   19.702   19.874   -1.632    2.608   -3.366   -1.632    2.608   -8.779    5.493   -4.258   10.398    5.599
 427.10   19.589   19.617   19.733   -1.042    2.140   -3.411   -1.042    2.140   -7.299    3.555   -2.230    8.650    4.210
 427.20   19.839   19.879   19.977   -1.267    1.971   -3.161   -1.267    1.971   -6.229    4.004   -2.496    7.740    3.907
 427.30   20.862   20.956   21.022   -1.983    1.673   -2.138   -1.983    1.673   -3.578    4.240   -3.317    5.652    3.232
 427.40   21.324   21.546   21.552   -3.090    0.498   -1.676   -3.090    0.498   -0.834    5.180   -1.537    6.302    2.733
 427.50   20.414   20.507   20.538   -1.950    1.124   -2.586   -1.950    1.124   -2.906    5.042   -2.192    5.876    3.109
 427.60   21.245   21.338   21.380   -1.990    1.350   -1.755   -1.990    1.350   -2.370    3.493   -2.686    4.432    2.502
 427.70   20.531   20.638   20.664   -2.102    1.048   -2.469   -2.102    1.048   -2.588    5.192   -2.204    5.808    3.103
 427.80   19.221   19.353   19.397   -2.264   -1.296   -3.779   -2.264   -1.296    4.897    8.555    2.933   10.543    5.142
 427.90   17.886   17.887   17.888   -0.240   -0.163   -5.114   -0.240   -0.163    0.832    1.228    0.039   13.121    0.742
 428.00   19.403   19.421   19.451   -0.840    1.071   -3.597   -0.840    1.071   -3.852    3.021   -0.900    7.395    2.489
 428.10   19.397   19.399   19.577   -0.271    2.635   -3.603   -0.271    2.635   -9.494    0.976   -0.714    9.999    4.786
 428.20   19.691   19.698   19.832    0.535    2.299   -3.309    0.535    2.299   -7.606   -1.771    1.230    8.259    3.953
 428.30   20.739   20.751   20.877   -0.721    2.292   -2.261   -0.721    2.292   -5.183    1.630   -1.652    5.443    2.839
 428.40   19.592   19.648   19.670   -1.482    0.929   -3.408   -1.482    0.929   -3.166    5.051   -1.376    7.338    3.059
 428.50   19.880   19.953   19.953   -1.699    0.124   -3.120   -1.699    0.124   -0.386    5.299   -0.210    6.317    2.659
 428.60   20.229   20.398   20.400   -2.624   -0.282   -2.771   -2.624   -0.282    0.781    7.272    0.740    7.323    3.676
 428.70   21.651   21.820   21.851   -2.715    1.167   -1.349   -2.715    1.167   -1.574    3.664   -3.167    5.277    2.546
 428.80   20.849   20.922   21.096   -1.747    2.705   -2.151   -1.747    2.705   -5.818    3.758   -4.726    7.498    4.192
 428.90   21.378   21.380   21.652    0.313    3.419   -1.622    0.313    3.419   -5.545   -0.507    1.069    7.208    2.835
 429.00   20.724   20.725   20.828    0.196    2.076   -2.276    0.196    2.076   -4.725   -0.447    0.407    4.764    2.382
 429.10   19.769   19.770   19.926   -0.128    2.492   -3.231   -0.128    2.492   -8.053    0.413   -0.319    8.333    4.035
 429.20   19.344   19.396   19.428   -1.418    1.103   -3.656   -1.418    1.103   -4.031    5.185   -1.564    8.296    3.376
 429.30   19.954   19.971   20.071   -0.809    2.005   -3.046   -0.809    2.005   -6.108    2.465   -1.623    6.977    3.392
 429.40   20.031   20.045   20.072   -0.747    1.047   -2.969   -0.747    1.047   -3.108    2.218   -0.782    5.235    1.949
 429.50   20.879   20.897   20.906   -0.864    0.616   -2.121   -0.864    0.616   -1.306    1.833   -0.532    2.812    1.156
 429.60   21.948   21.953   22.037   -0.473    1.918   -1.052   -0.473    1.918   -2.018    0.498   -0.908    2.505    1.134
 429.70   21.883   21.891   22.095   -0.612    2.992   -1.117   -0.612    2.992   -3.343    0.684   -1.831    5.287    1.936
 429.80   23.201   23.206   23.327    0.493    2.371    0.201    0.493    2.371    0.476    0.099    1.170    2.953    0.633
 429.90   23.044   23.050   23.055    0.528    0.504    0.044    0.528    0.504    0.022    0.023    0.266    0.267    0.134
 430.00   22.694   22.721   22.737    1.103    0.851   -0.306    1.103    0.851   -0.260   -0.337    0.939    1.018    0.516
 430.10   21.443   21.462   21.502    0.901   -1.312   -1.557    0.901   -1.312    2.043   -1.403   -1.182    2.479    1.373
 430.20   22.297   22.304   22.304    0.550    0.072   -0.703    0.550    0.072   -0.051   -0.386    0.040    0.400    0.196
 430.30   21.488   21.498   21.541    0.634    1.369   -1.512    0.634    1.369   -2.070   -0.958    0.868    2.281    1.220
 430.40   21.255   21.263   21.281    0.576    0.892   -1.745    0.576    0.892   -1.556   -1.006    0.514    2.087    0.962
 430.50   20.004   20.020   20.080   -0.790    1.558   -2.996   -0.790    1.558   -4.668    2.366   -1.230    6.013    2.688
 430.60   21.154   21.205   21.264   -1.462    1.584   -1.846   -1.462    1.584   -2.923    2.699   -2.315    4.026    2.302
 430.70   22.763   22.781   22.833   -0.896    1.543   -0.237   -0.896    1.543   -0.366    0.212   -1.383    1.621    0.723
 430.80   22.254   22.254   22.255   -0.161    0.144   -0.746   -0.161    0.144   -0.107    0.120   -0.023    0.302    0.081
 430.90   22.076   22.077   22.105    0.252    1.113   -0.924    0.252    1.113   -1.029   -0.233    0.281    1.079    0.546
 431.00   22.469   22.481   22.632   -0.753    2.608   -0.531   -0.753    2.608   -1.386    0.400   -1.964    3.825    1.218
 431.10   22.163   22.164   22.233   -0.215    1.750   -0.837   -0.215    1.750   -1.464    0.180   -0.376    1.905    0.761
 431.20   20.411   20.426   20.569    0.786    2.422   -2.589    0.786    2.422   -6.271   -2.036    1.904    6.594    3.431
 431.30   20.900   20.913   21.151    0.748    3.164   -2.100    0.748    3.164   -6.645   -1.571    2.367    7.490    3.613
 431.40   20.251   20.260   20.631   -0.577    3.898   -2.749   -0.577    3.898  -10.713    1.587   -2.251   11.540    5.531
 431.50   18.353   18.370   18.715    0.809    3.576   -4.647    0.809    3.576  -16.617   -3.758    2.891   17.518    8.640
 431.60   18.393   18.393   18.552    0.065    2.421   -4.607    0.065    2.421  -11.155   -0.297    0.156   13.546    5.580
 431.70   17.325   17.337   17.510    0.654    2.456   -5.675    0.654    2.456  -13.937   -3.713    1.607   19.333    7.256
 431.80   15.575   15.747   15.842    2.318    1.740   -7.425    2.318    1.740  -12.920  -17.214    4.034   31.767   10.949
 431.90   15.569   15.604   15.759    1.051    2.205   -7.431    1.051    2.205  -16.382   -7.813    2.318   30.595    9.149
 432.00   14.474   14.514   14.912    1.068    3.423   -8.526    1.068    3.423  -29.183   -9.109    3.657   42.772   15.395
 432.10   15.554   15.812   16.055    2.847    2.779   -7.446    2.847    2.779  -20.692  -21.197    7.911   35.635   15.330
 432.20   16.125   16.333   16.564    2.602    2.754   -6.875    2.602    2.754  -18.934  -17.890    7.166   30.812   13.508
 432.30   16.156   16.177   16.177    0.815    0.125   -6.844    0.815    0.125   -0.857   -5.576    0.102   23.758    2.821
 432.40   16.364   16.381   16.412    0.749    0.999   -6.636    0.749    0.999   -6.626   -4.969    0.748   22.795    4.158
 432.50   13.754   13.980   14.007    2.505    0.867   -9.246    2.505    0.867   -8.020  -23.158    2.173   46.256   12.302
 432.60   13.423   14.428   14.458    5.290    0.928   -9.577    5.290    0.928   -8.885  -50.660    4.908   60.279   25.833
 432.70   13.804   14.536   14.579    4.555    1.114   -9.196    4.555    1.114  -10.247  -41.892    5.076   53.283   21.713
 432.80   14.565   15.055   15.064    3.809    0.529   -8.435    3.809    0.529   -4.461  -32.129    2.015   42.970   16.250
 432.90   14.392   14.935   14.965    3.990    0.949   -8.608    3.990    0.949   -8.172  -34.345    3.788   45.459   17.753
 433.00   13.366   13.949   13.988    3.990    1.052   -9.634    3.990    1.052  -10.136  -38.436    4.198   54.919   19.986
 433.10   13.367   13.678   13.690    2.898    0.586   -9.633    2.898    0.586   -5.649  -27.912    1.699   50.765   14.264
 433.20   14.196   14.520   14.557    3.048    1.049   -8.804    3.048    1.049   -9.235  -26.836    3.197   43.951   14.280
 433.30   12.181   12.800   12.818    3.930    0.686  -10.819    3.930    0.686   -7.423  -42.512    2.696   66.477   21.620
 433.40   12.153   12.400   12.474    2.463    1.362  -10.847    2.463    1.362  -14.776  -26.720    3.355   62.795   15.358
 433.50   11.767   11.923   12.157    1.925    2.373  -11.233    1.925    2.373  -26.657  -21.621    4.567   67.763   17.313
 433.60   11.765   11.977   12.189    2.243    2.266  -11.235    2.243    2.266  -25.459  -25.196    5.082   68.194   18.089
 433.70   13.028   13.329   13.540    2.815    2.385   -9.972    2.815    2.385  -23.779  -28.075    6.714   56.526   18.700
 433.80   14.187   14.315   14.343    1.912    0.893   -8.813    1.912    0.893   -7.874  -16.851    1.708   41.064    9.339
 433.90   13.718   14.002   14.040    2.805   -1.032   -9.282    2.805   -1.032    9.581  -26.038   -2.896   47.543   13.948
 434.00   14.606   15.088   15.113    3.783   -0.882   -8.394    3.783   -0.882    7.401  -31.756   -3.335   42.777   16.388
 434.10   15.816   16.402   16.404    4.347   -0.252   -7.184    4.347   -0.252    1.812  -31.231   -1.097   35.287   15.651
 434.20   16.372   16.532   16.626    2.295   -1.768   -6.628    2.295   -1.768   11.718  -15.209   -4.057   26.162    9.812
 434.30   16.055   16.393   16.626    3.311   -2.777   -6.945    3.311   -2.777   19.285  -22.995   -9.194   33.454   15.694
 434.40   15.780   16.257   16.408    3.909   -2.224   -7.220    3.909   -2.224   16.056  -28.221   -8.692   36.177   16.806
 434.50   15.430   16.176   16.290    4.853   -1.928   -7.570    4.853   -1.928   14.595  -36.737   -9.358   42.285   20.312
 434.60   16.022   16.883   16.902    5.325   -0.788   -6.978    5.325   -0.788    5.498  -37.157   -4.195   38.834   18.897
 434.70   15.835   16.302   16.302    3.871   -0.119   -7.165    3.871   -0.119    0.855  -27.737   -0.462   33.167   13.877
 434.80   16.275   16.882   16.977    4.486   -1.795   -6.725    4.486   -1.795   12.072  -30.171   -8.053   34.288   16.740
 434.90   16.062   16.443   16.546    3.518   -1.839   -6.938    3.518   -1.839   12.758  -24.410   -6.470   31.947   14.147
 435.00   16.277   16.715   16.719    3.800   -0.351   -6.723    3.800   -0.351    2.357  -25.550   -1.333   29.882   12.847
 435.10   17.258   17.634   17.635    3.620   -0.195   -5.742    3.620   -0.195    1.121  -20.785   -0.707   23.055   10.414
 435.20   15.814   16.397   16.401    4.333    0.347   -7.186    4.333    0.347   -2.497  -31.138    1.506   35.266   15.637
 435.30   15.417   15.759   15.986    3.262    2.686   -7.583    3.262    2.686  -20.368  -24.731    8.761   37.675   16.607
 435.40   15.926   16.283   16.455    3.390    2.372   -7.074    3.390    2.372  -16.782  -23.981    8.043   33.579   15.177
 435.50   15.656   16.047   16.057    3.517    0.566   -7.344    3.517    0.566   -4.158  -25.831    1.992   33.312   13.120
 435.60   16.356   16.687   16.698    3.309    0.610   -6.644    3.309    0.610   -4.053  -21.985    2.018   27.734   11.223
 435.70   15.538   15.826   15.832    3.003   -0.450   -7.462    3.003   -0.450    3.355  -22.408   -1.350   32.448   11.349
 435.80   16.873   17.042   17.219    2.392   -2.465   -6.127    2.392   -2.465   15.103  -14.654   -5.896   24.667   10.927
 435.90   17.660   17.712   17.874    1.351   -2.405   -5.340    1.351   -2.405   12.842   -7.217   -3.250   18.063    7.543
 436.00   18.797   18.825   18.869    1.034   -1.278   -4.203    1.034   -1.278    5.373   -4.346   -1.322   10.185    3.518
 436.10   18.214   18.358   18.359    2.293   -0.190   -4.786    2.293   -0.190    0.907  -10.973   -0.435   14.099    5.510
 436.20   17.726   17.736   17.764    0.607    0.986   -5.274    0.607    0.986   -5.200   -3.199    0.598   14.578    3.067
 436.30   18.365   18.513   18.580    2.340    1.570   -4.635    2.340    1.570   -7.277  -10.845    3.673   14.712    6.784
 436.40   18.417   18.587   18.809    2.503    2.887   -4.583    2.503    2.887  -13.231  -11.470    7.226   17.801    9.471
 436.50   18.544   18.589   18.684    1.297    1.875   -4.456    1.297    1.875   -8.356   -5.780    2.432   12.528    5.224
 436.60   16.893   17.099   17.121    2.645    0.865   -6.107    2.645    0.865   -5.285  -16.156    2.289   22.523    8.576
 436.70   17.811   18.327   18.350    4.319    0.924   -5.189    4.319    0.924   -4.796  -22.414    3.991   23.220   11.633
 436.80   16.686   17.016   17.016    3.334    0.005   -6.314    3.334    0.005   -0.030  -21.049    0.016   25.489   10.524
 436.90   18.207   18.426   18.432    2.827   -0.469   -4.793    2.827   -0.469    2.249  -13.550   -1.327   15.591    6.900
 437.00   17.270   17.368   17.371    1.844    0.352   -5.730    1.844    0.352   -2.017  -10.569    0.649   18.181    5.390
 437.10   17.744   17.794   17.794    1.337   -0.053   -5.256    1.337   -0.053    0.281   -7.026   -0.071   14.708    3.516
 437.20   16.946   17.252   17.253    3.232    0.146   -6.054    3.232    0.146   -0.883  -19.567    0.472   23.557    9.796
 437.30   16.984   17.282   17.289    3.193    0.518   -6.016    3.193    0.518   -3.115  -19.208    1.653   23.327    9.765
 437.40   17.027   17.327   17.354    3.212    0.964   -5.973    3.212    0.964   -5.757  -19.185    3.095   23.462   10.134
 437.50   17.661   18.218   18.224    4.467    0.478   -5.339    4.467    0.478   -2.553  -23.847    2.136   24.341   12.039
 437.60   18.080   19.171   19.175    6.373    0.399   -4.920    6.373    0.399   -1.962  -31.355    2.542   32.491   15.759
 437.70   18.551   19.128   19.143    4.666    0.746   -4.449    4.666    0.746   -3.317  -20.760    3.479   21.062   10.655
 437.80   18.045   18.928   19.036    5.714    2.024   -4.955    5.714    2.024  -10.028  -28.313   11.564   30.649   16.093
 437.90   19.374   19.919   20.047    4.626    2.263   -3.626    4.626    2.263   -8.207  -16.775   10.471   19.837   10.705
 438.00   17.674   18.422   18.486    5.197    1.536   -5.326    5.197    1.536   -8.179  -27.681    7.981   28.868   14.974
 438.10   17.358   18.038   18.171    4.906    2.196   -5.642    4.906    2.196  -12.388  -27.684   10.772   30.365   16.093
 438.20   19.424   19.729   19.863    3.456    2.304   -3.576    3.456    2.304   -8.239  -12.358    7.961   15.019    8.426
 438.30   18.777   19.292   19.437    4.431    2.370   -4.223    4.431    2.370  -10.010  -18.716   10.503   21.546   11.841
 438.40   18.961   19.606   19.694    4.987    1.854   -4.039    4.987    1.854   -7.487  -20.140    9.245   22.308   11.695
 438.50   19.797   20.143   20.220    3.715    1.766   -3.203    3.715    1.766   -5.656  -11.898    6.560   13.588    7.358
 438.60   20.669   20.787   20.796    2.217    0.621   -2.331    2.217    0.621   -1.448   -5.169    1.377    5.369    2.771
 438.70   20.695   20.786   20.788    1.952   -0.247   -2.305    1.952   -0.247    0.570   -4.501   -0.483    4.594    2.281
 438.80   22.197   22.268   22.269    1.778    0.230   -0.803    1.778    0.230   -0.185   -1.428    0.409    1.929    0.748
 438.90   22.079   22.136   22.273    1.587    2.467   -0.921    1.587    2.467   -2.271   -1.461    3.913    4.725    2.377
 439.00   22.234   22.282   22.448    1.469    2.725   -0.766    1.469    2.725   -2.089   -1.126    4.003    5.086    2.327
 439.10   22.005   22.006   22.145    0.257    2.479   -0.995    0.257    2.479   -2.468   -0.256    0.637    3.601    1.281
 439.20   22.165   22.166   22.252    0.162    1.962   -0.835    0.162    1.962   -1.638   -0.136    0.319    2.287    0.837
 439.30   23.133   23.177   23.208    1.426    1.193    0.133    1.426    1.193    0.159    0.190    1.702    1.738    0.860
 439.40   23.596   23.599   23.702    0.328    2.212    0.596    0.328    2.212    1.319    0.196    0.726    2.677    0.759
 439.50   21.999   22.000   22.000    0.199    0.115   -1.001    0.199    0.115   -0.115   -0.199    0.023    0.527    0.116
 439.60   21.178   21.196   21.197    0.866   -0.237   -1.822    0.866   -0.237    0.432   -1.578   -0.205    2.063    0.825
 439.70   21.863   21.893   21.998    1.155   -2.149   -1.137    1.155   -2.149    2.445   -1.314   -2.483    3.624    1.862
 439.80   22.185   22.264   22.372    1.874   -2.187   -0.815    1.874   -2.187    1.781   -1.527   -4.099    4.479    2.361
 439.90   21.497   21.714   21.774    3.062   -1.622   -1.503    3.062   -1.622    2.439   -4.603   -4.968    7.134    3.599
 440.00   23.853   23.948   24.009    2.132   -1.710    0.853    2.132   -1.710   -1.458    1.818   -3.646    4.099    2.164
 440.10   22.027   22.038   22.167    0.688   -2.388   -0.973    0.688   -2.388    2.323   -0.670   -1.644    3.561    1.462
 440.20   22.521   22.533   22.533   -0.720   -0.146   -0.479   -0.720   -0.146    0.070    0.345    0.105    0.384    0.184
 440.30   22.472   22.564   22.575    2.041   -0.679   -0.528    2.041   -0.679    0.359   -1.078   -1.387    2.453    0.896
 440.40   21.099   21.157   21.168    1.559   -0.687   -1.901    1.559   -0.687    1.305   -2.964   -1.070    3.258    1.705
 440.50   22.061   22.186   22.187    2.355   -0.070   -0.939    2.355   -0.070    0.065   -2.212   -0.164    3.217    1.109
 440.60   22.373   22.728   22.734    4.001    0.547   -0.627    4.001    0.547   -0.343   -2.510    2.189    8.352    1.674
 440.70   22.205   22.379   22.380    2.788   -0.114   -0.795    2.788   -0.114    0.091   -2.216   -0.318    4.209    1.121
 440.80   21.891   22.123   22.123    3.199    0.070   -1.109    3.199    0.070   -0.078   -3.549    0.225    5.735    1.779
 440.90   21.696   22.210   22.211    4.754   -0.098   -1.304    4.754   -0.098    0.127   -6.200   -0.464   12.155    3.109
 441.00   21.496   21.679   21.704    2.808    1.051   -1.504    2.808    1.051   -1.581   -4.223    2.952    5.626    2.695
 441.10   21.954   22.241   22.243    3.565    0.287   -1.046    3.565    0.287   -0.301   -3.730    1.025    6.942    1.940
 441.20   23.014   23.372   23.373    4.073    0.199    0.014    4.073    0.199    0.003    0.057    0.810    8.314    0.406
 441.30   23.066   23.575   23.589    4.872    0.803    0.066    4.872    0.803    0.053    0.322    3.914   12.195    1.964
 441.40   23.927   24.707   24.798    6.159    2.120    0.927    6.159    2.120    1.965    5.709   13.057   21.642    7.193
 441.50   24.265   24.871   25.003    5.458    2.565    1.265    5.458    2.565    3.244    6.903   14.001   18.985    7.972
 441.60   22.863   24.181   24.231    7.874    1.562   -0.137    7.874    1.562   -0.215   -1.082   12.296   32.228    6.173
 441.70   22.761   23.792   23.847    6.925    1.627   -0.239    6.925    1.627   -0.388   -1.652   11.264   25.330    5.696
 441.80   23.221   24.764   24.772    8.604    0.637    0.221    8.604    0.637    0.141    1.905    5.480   37.245    2.902
 441.90   25.133   26.430   26.478    8.176    1.602    2.133    8.176    1.602    3.417   17.441   13.097   36.980   11.038
 442.00   24.634   26.438   26.456    9.597    0.990    1.634    9.597    0.990    1.618   15.682    9.503   47.881    9.204
 442.10   25.043   26.355   26.410    8.212   -1.705    2.043    8.212   -1.705   -3.482   16.777  -13.998   37.262   11.063
 442.20   25.532   26.430   26.441    6.828   -0.766    2.532    6.828   -0.766   -1.939   17.290   -5.229   26.807    9.084
 442.30   24.937   25.966   25.982    7.237   -0.910    1.937    7.237   -0.910   -1.763   14.020   -6.585   28.478    7.795
 442.40   25.043   25.484   25.512    4.720   -1.200    2.043    4.720   -1.200   -2.451    9.642   -5.663   13.946    5.724
 442.50   25.282   25.604   25.604    4.044    0.086    2.282    4.044    0.086    0.195    9.229    0.346   10.785    4.619
 442.60   25.107   25.288   25.307    3.020   -0.966    2.107    3.020   -0.966   -2.035    6.363   -2.916    7.245    3.645
 442.70   25.215   25.376   25.408    2.854   -1.277    2.215    2.854   -1.277   -2.827    6.320   -3.643    7.339    3.912
 442.80   25.692   25.707   25.708    0.890    0.128    2.692    0.890    0.128    0.345    2.395    0.114    4.027    1.211
 442.90   25.639   25.690   25.698    1.626   -0.617    2.639    1.626   -0.617   -1.629    4.289   -1.004    4.993    2.348
 443.00   26.942   26.978   26.980    1.410   -0.258    3.942    1.410   -0.258   -1.016    5.558   -0.364    8.795    2.831
 443.10   27.924   27.924   27.931    0.060   -0.624    4.924    0.060   -0.624   -3.070    0.298   -0.038   12.320    1.542
 443.20   27.903   27.903   27.942   -0.169   -1.470    4.903   -0.169   -1.470   -7.207   -0.827    0.248   13.113    3.629
 443.30   26.896   26.897   26.898    0.260   -0.209    3.896    0.260   -0.209   -0.815    1.013   -0.054    7.645    0.651
 443.40   26.738   26.739   26.739    0.281    0.136    3.738    0.281    0.136    0.508    1.049    0.038    7.033    0.583
 443.50   26.408   26.547   26.550    2.706   -0.395    3.408    2.706   -0.395   -1.347    9.223   -1.069    9.547    4.691
 443.60   27.545   27.635   27.636    2.234   -0.180    4.545    2.234   -0.180   -0.818   10.152   -0.402   12.840    5.096
 443.70   27.316   27.317   27.319   -0.210   -0.285    4.316   -0.210   -0.285   -1.231   -0.905    0.060    9.378    0.764
 443.80   25.677   25.757   25.770   -2.031    0.803    2.677   -2.031    0.803    2.150   -5.438   -1.632    5.969    3.035
 443.90   25.153   25.153   25.154   -0.015    0.138    2.153   -0.015    0.138    0.297   -0.031   -0.002    2.328    0.149
 444.00   24.555   24.614   24.643    1.717   -1.176    1.555    1.717   -1.176   -1.828    2.669   -2.019    3.374    1.907
 444.10   25.419   25.489   25.660    1.896   -2.952    2.419    1.896   -2.952   -7.140    4.587   -5.597    9.080    5.083
 444.20   23.384   23.600   23.766    3.189   -2.803    0.384    3.189   -2.803   -1.076    1.223   -8.939    9.087    4.543
 444.30   24.018   24.126   24.269    2.278   -2.627    1.018    2.278   -2.627   -2.675    2.320   -5.985    6.565    3.477
 444.40   23.510   23.628   23.647    2.362   -0.945    0.510    2.362   -0.945   -0.482    1.205   -2.233    3.366    1.291
 444.50   23.053   23.067   23.068    0.809    0.187    0.053    0.809    0.187    0.010    0.043    0.152    0.346    0.079
 444.60   22.302   22.322   22.325    0.946   -0.392   -0.698    0.946   -0.392    0.274   -0.660   -0.370    0.768    0.403
 444.70   21.179   21.182   21.249   -0.348   -1.688   -1.821   -0.348   -1.688    3.073    0.633    0.587    3.142    1.596
 444.80   21.917   21.929   21.977    0.718   -1.451   -1.083    0.718   -1.451    1.571   -0.777   -1.042    1.896    1.019
 444.90   22.907   23.082   23.126    2.842   -1.421   -0.093    2.842   -1.421    0.133   -0.266   -4.039    5.052    2.025
 445.00   22.239   22.320   22.333    1.895   -0.774   -0.761    1.895   -0.774    0.589   -1.441   -1.466    2.384    1.069
 445.10   21.594   21.600   21.651    0.513   -1.489   -1.406    0.513   -1.489    2.094   -0.722   -0.764    2.229    1.172
 445.20   21.303   21.303   21.306   -0.062   -0.313   -1.697   -0.062   -0.313    0.532    0.105    0.019    1.491    0.271
 445.30   19.564   19.565   19.578   -0.051    0.715   -3.436   -0.051    0.715   -2.457    0.174   -0.036    6.158    1.232
 445.40   18.433   18.518   18.528   -1.776   -0.605   -4.567   -1.776   -0.605    2.763    8.110    1.074   12.190    4.317
 445.50   19.452   19.452   19.453    0.125    0.180   -3.548    0.125    0.180   -0.638   -0.442    0.022    6.318    0.388
 445.60   20.266   20.289   20.290    0.956   -0.222   -2.734    0.956   -0.222    0.608   -2.613   -0.213    4.218    1.346
 445.70   20.352   20.355   20.460   -0.399    2.062   -2.648   -0.399    2.062   -5.461    1.056   -0.822    5.713    2.811
 445.80   21.055   21.059   21.254   -0.425    2.874   -1.945   -0.425    2.874   -5.590    0.827   -1.221    6.111    2.891
 445.90   22.179   22.183   22.183   -0.411    0.083   -0.821   -0.411    0.083   -0.068    0.338   -0.034    0.425    0.173
 446.00   21.935   21.938   21.961   -0.391    0.988   -1.065   -0.391    0.988   -1.052    0.417   -0.386    1.131    0.598
 446.10   22.416   22.426   22.439   -0.670    0.774   -0.584   -0.670    0.774   -0.452    0.391   -0.518    0.694    0.396
 446.20   21.621   21.673   21.695   -1.499    0.986   -1.379   -1.499    0.986   -1.360    2.067   -1.478    2.560    1.441
 446.30   22.615   22.617   22.644   -0.317    1.108   -0.385   -0.317    1.108   -0.427    0.122   -0.351    0.738    0.283
 446.40   21.175   21.190   21.191    0.795    0.251   -1.825    0.795    0.251   -0.459   -1.451    0.200    2.013    0.767
 446.50   21.378   21.379   21.466    0.188    1.937   -1.622    0.188    1.937   -3.142   -0.305    0.365    3.210    1.589
 446.60   21.516   21.521   21.594   -0.459    1.770   -1.484   -0.459    1.770   -2.626    0.682   -0.813    2.772    1.416
 446.70   21.265   21.305   21.458   -1.297    2.560   -1.735   -1.297    2.560   -4.441    2.250   -3.320    5.622    2.992
 446.80   19.535   19.679   19.995   -2.375    3.540   -3.465   -2.375    3.540  -12.265    8.231   -8.408   15.089    8.498
 446.90   20.401   20.503   20.709   -2.046    2.915   -2.599   -2.046    2.915   -7.577    5.319   -5.964    9.720    5.506
 447.00   21.153   21.197   21.414   -1.354    3.042   -1.847   -1.354    3.042   -5.618    2.501   -4.120    7.250    3.701
 447.10   19.832   19.941   20.300   -2.090    3.801   -3.168   -2.090    3.801  -12.042    6.622   -7.943   14.426    7.936
 447.20   20.388   20.605   20.817   -2.981    2.965   -2.612   -2.981    2.965   -7.745    7.788   -8.840   12.252    7.050
 447.30   20.203   20.409   20.457   -2.891    1.400   -2.797   -2.891    1.400   -3.916    8.084   -4.047    9.069    4.926
 447.40   21.315   21.344   21.361   -1.113    0.871   -1.685   -1.113    0.871   -1.468    1.875   -0.969    2.419    1.286
 447.50   21.990   22.062   22.079   -1.791    0.858   -1.010   -1.791    0.858   -0.867    1.809   -1.537    2.482    1.264
 447.60   22.387   22.546   22.550   -2.671    0.459   -0.613   -2.671    0.459   -0.281    1.637   -1.226    3.859    1.032
 447.70   23.087   23.200   23.283   -2.279    1.974    0.087   -2.279    1.974    0.172   -0.199   -4.499    4.550    2.254
 447.80   23.828   24.032   24.064   -3.120    1.256    0.828   -3.120    1.256    1.040   -2.584   -3.919    5.998    2.404
 447.90   23.297   23.394   23.425   -2.135    1.193    0.297   -2.135    1.193    0.354   -0.634   -2.546    3.034    1.324
 448.00   23.606   23.640   23.701   -1.273    1.702    0.606   -1.273    1.702    1.031   -0.771   -2.167    2.442    1.260
 448.10   23.195   23.204   23.584   -0.663    4.213    0.195   -0.663    4.213    0.822   -0.129   -2.794    9.114    1.458
 448.20   21.527   21.528   21.633    0.182    2.135   -1.473    0.182    2.135   -3.146   -0.268    0.388    3.382    1.590
 448.30   21.626   21.627   21.754    0.111    2.350   -1.374    0.111    2.350   -3.228   -0.152    0.261    3.710    1.621
 448.40   21.173   21.176   21.422    0.341    3.238   -1.827    0.341    3.238   -5.915   -0.622    1.103    6.968    3.024
 448.50   20.409   20.449   20.576    1.269    2.286   -2.591    1.269    2.286   -5.922   -3.286    2.900    6.773    3.684
 448.60   20.477   20.567   20.617    1.923    1.433   -2.523    1.923    1.433   -3.614   -4.852    2.755    6.058    3.324
 448.70   19.862   19.863   19.888    0.252    0.992   -3.138    0.252    0.992   -3.114   -0.791    0.250    5.448    1.612
 448.80   19.789   19.972   19.973   -2.691    0.231   -3.211   -2.691    0.231   -0.740    8.641   -0.620    8.802    4.347
 448.90   19.584   19.823   19.826   -3.070    0.344   -3.416   -3.070    0.344   -1.177   10.488   -1.057   10.607    5.303
 449.00   20.533   20.563   20.565   -1.128   -0.249   -2.467   -1.128   -0.249    0.615    2.783    0.281    3.711    1.432
 449.10   22.382   22.454   22.456   -1.800   -0.339   -0.618   -1.800   -0.339    0.210    1.113    0.611    1.868    0.643
 449.20   21.263   21.371   21.373   -2.142   -0.311   -1.737   -2.142   -0.311    0.539    3.721    0.665    3.851    1.909
 449.30   20.623   20.810   20.814   -2.783   -0.386   -2.377   -2.783   -0.386    0.916    6.615    1.073    6.772    3.382
 449.40   21.489   21.874   21.880   -4.083   -0.505   -1.511   -4.083   -0.505    0.764    6.170    2.064    9.606    3.275
 449.50   20.039   20.471   20.583   -4.185   -2.141   -2.961   -4.185   -2.141    6.342   12.394    8.963   15.436    8.279
 449.60   18.930   19.384   19.386   -4.173   -0.236   -4.070   -4.173   -0.236    0.960   16.985    0.985   17.018    8.520
 449.70   18.672   19.091   19.092   -3.978    0.111   -4.328   -3.978    0.111   -0.479   17.218   -0.440   17.285    8.615
 449.80   19.262   19.669   19.676   -3.977    0.554   -3.738   -3.977    0.554   -2.071   14.866   -2.203   15.048    7.585
 449.90   19.834   19.962   19.968   -2.259    0.470   -3.166   -2.259    0.470   -1.486    7.153   -1.061    7.674    3.691
 450.00   18.356   18.431   18.456   -1.662    0.953   -4.644   -1.662    0.953   -4.425    7.718   -1.584   12.617    4.518
 450.10   17.208   17.862   17.869   -4.789    0.501   -5.792   -4.789    0.501   -2.901   27.737   -2.399   28.365   13.996
 450.20   17.652   18.597   18.599   -5.854    0.250   -5.348   -5.854    0.250   -1.337   31.307   -1.464   31.467   15.685
 450.30   17.259   17.505   17.524   -2.930    0.814   -5.741   -2.930    0.814   -4.672   16.820   -2.384   21.104    8.809
 450.40   16.052   16.211   16.259   -2.267    1.245   -6.948   -2.267    1.245   -8.650   15.752   -2.823   27.481    9.095
 450.50   16.565   16.672   16.677   -1.883   -0.413   -6.435   -1.883   -0.413    2.661   12.118    0.779   22.562    6.216
 450.60   15.903   16.004   16.044   -1.794   -1.127   -7.097   -1.794   -1.127    7.998   12.731    2.022   27.425    7.585
 450.70   15.494   15.514   15.656   -0.780   -2.102   -7.506   -0.780   -2.102   15.774    5.858    1.640   30.682    8.453
 450.80   16.613   16.724   16.882   -1.918   -2.307   -6.387   -1.918   -2.307   14.732   12.252    4.425   24.896    9.833
 450.90   16.780   16.801   17.031   -0.832   -2.787   -6.220   -0.832   -2.787   17.336    5.177    2.320   23.573    9.120
 451.00   18.001   18.029   18.719   -0.999   -5.036   -4.999   -0.999   -5.036   25.173    4.994    5.031   25.672   13.076
 451.10   16.994   17.149   17.398   -2.298   -2.935   -6.006   -2.298   -2.935   17.624   13.803    6.745   24.981   11.690
 451.20   16.781   16.909   17.250   -2.079   -3.415   -6.219   -2.079   -3.415   21.238   12.932    7.101   27.333   12.930
 451.30   17.545   17.840   18.350   -3.230   -4.297   -5.455   -3.230   -4.297   23.441   17.621   13.880   29.329   16.222
 451.40   17.744   17.897   18.182   -2.340   -3.206   -5.256   -2.340   -3.206   16.851   12.301    7.503   21.692   11.086
 451.50   17.645   17.719   17.810   -1.618   -1.793   -5.355   -1.618   -1.793    9.600    8.666    2.901   17.254    6.627
 451.60   18.461   18.467   18.530   -0.505   -1.516   -4.539   -0.505   -1.516    6.882    2.292    0.765   11.580    3.647
 451.70   18.596   18.604   18.607    0.570   -0.310   -4.404    0.570   -0.310    1.367   -2.511   -0.177    9.909    1.432
 451.80   16.937   16.990   17.045    1.343    1.366   -6.063    1.343    1.366   -8.283   -8.145    1.835   20.216    5.881
 451.90   17.401   17.416   17.433    0.723    0.760   -5.599    0.723    0.760   -4.254   -4.047    0.549   16.222    2.948
 452.00   15.591   15.612   15.634    0.822    0.813   -7.409    0.822    0.813   -6.021   -6.091    0.668   28.116    4.295
 452.10   15.758   15.844   15.867    1.650    0.861   -7.242    1.650    0.861   -6.234  -11.948    1.420   27.958    6.776
 452.20   17.175   17.235   17.274    1.433    1.156   -5.825    1.433    1.156   -6.735   -8.348    1.657   18.658    5.427
 452.30   18.504   18.607   18.636    1.957    1.041   -4.496    1.957    1.041   -4.680   -8.799    2.037   12.564    5.086
 452.40   16.184   16.195   16.249    0.584    1.328   -6.816    0.584    1.328   -9.050   -3.980    0.775   24.278    4.958
 452.50   16.398   16.401   16.406    0.320   -0.413   -6.602    0.320   -0.413    2.727   -2.109   -0.132   21.929    1.725
 452.60   17.166   17.208   17.221    1.198   -0.659   -5.834    1.198   -0.659    3.843   -6.992   -0.789   17.952    4.009
 452.70   19.107   19.116   19.150    0.564   -1.143   -3.893    0.564   -1.143    4.448   -2.196   -0.645    8.388    2.501
 452.80   17.443   17.505   17.661    1.467   -2.349   -5.557    1.467   -2.349   13.055   -8.150   -3.446   19.275    7.886
 452.90   17.187   17.223   17.427    1.122   -2.653   -5.813    1.122   -2.653   15.424   -6.525   -2.978   21.046    8.505
 453.00   17.800   17.889   18.153    1.780   -3.083   -5.200    1.780   -3.083   16.032   -9.254   -5.487   19.855    9.653
 453.10   20.630   20.678   20.768    1.414   -1.935   -2.370    1.414   -1.935    4.587   -3.351   -2.736    5.681    3.152
 453.20   20.208   20.348   20.380    2.381   -1.149   -2.792    2.381   -1.149    3.206   -6.647   -2.734    7.391    3.935
 453.30   19.988   20.206   20.278    2.960   -1.709   -3.012    2.960   -1.709    5.147   -8.916   -5.058   10.377    5.735
 453.40   19.333   19.520   19.570    2.694   -1.403   -3.667    2.694   -1.403    5.143   -9.877   -3.778   11.334    5.879
 453.50   18.545   18.850   18.886    3.377   -1.167   -4.455    3.377   -1.167    5.200  -15.046   -3.942   16.308    8.200
 453.60   18.800   19.053   19.058    3.098   -0.418   -4.200    3.098   -0.418    1.755  -13.015   -1.295   13.709    6.598
 453.70   18.624   18.818   18.823    2.694   -0.452   -4.376    2.694   -0.452    1.976  -11.787   -1.216   13.305    6.007
 453.80   17.040   17.095   17.108    1.368    0.665   -5.960    1.368    0.665   -3.965   -8.154    0.910   18.915    4.556
 453.90   17.462   17.470   17.476   -0.532   -0.444   -5.538   -0.532   -0.444    2.459    2.945    0.236   15.576    1.922
 454.00   18.430   18.432   18.468    0.270   -1.150   -4.570    0.270   -1.150    5.256   -1.234   -0.311   11.142    2.704
 454.10   18.286   18.286   18.336    0.094   -1.354   -4.714    0.094   -1.354    6.383   -0.445   -0.128   12.034    3.200
 454.20   17.555   17.555   17.795   -0.143   -2.908   -5.445   -0.143   -2.908   15.837    0.777    0.415   19.066    7.931
 454.30   18.576   18.610   18.937   -1.122   -3.501   -4.424   -1.122   -3.501   15.488    4.962    3.927   16.542    8.365
 454.40   19.648   19.648   19.669   -0.044   -0.909   -3.352   -0.044   -0.909    3.045    0.146    0.040    6.032    1.525
 454.50   20.987   20.987   21.005   -0.051    0.876   -2.013   -0.051    0.876   -1.764    0.103   -0.045    2.411    0.884
 454.60   20.451   20.478   20.478   -1.057    0.103   -2.549   -1.057    0.103   -0.262    2.694   -0.109    3.813    1.355
 454.70   21.401   21.433   21.433   -1.171   -0.064   -1.599   -1.171   -0.064    0.102    1.873    0.075    1.967    0.938
 454.80   20.785   20.787   20.788   -0.311   -0.203   -2.215   -0.311   -0.203    0.449    0.690    0.063    2.522    0.413
 454.90   21.411   21.418   21.450   -0.555   -1.178   -1.589   -0.555   -1.178    1.873    0.882    0.654    2.111    1.085
 455.00   21.500   21.770   21.835   -3.418   -1.688   -1.500   -3.418   -1.688    2.533    5.129    5.771    8.393    4.063
 455.10   21.139   21.572   21.579   -4.302   -0.543   -1.861   -4.302   -0.543    1.011    8.008    2.335   11.132    4.201
 455.20   21.257   21.475   21.475   -3.052   -0.170   -1.743   -3.052   -0.170    0.297    5.321    0.520    6.192    2.677
 455.30   21.012   21.285   21.292   -3.397   -0.535   -1.988   -3.397   -0.535    1.064    6.754    1.819    7.890    3.537
 455.40   21.104   21.490   21.496   -4.052   -0.502   -1.896   -4.052   -0.502    0.952    7.683    2.035   10.135    4.002
 455.50   21.802   22.215   22.219   -4.268   -0.422   -1.198   -4.268   -0.422    0.506    5.115    1.802    9.916    2.724
 455.60   20.186   20.679   20.725   -4.487   -1.393   -2.814   -4.487   -1.393    3.920   12.628    6.250   14.997    7.312
 455.70   21.715   21.984   22.091   -3.427   -2.167   -1.285   -3.427   -2.167    2.784    4.402    7.426    9.045    4.535
 455.80   21.719   22.075   22.158   -3.946   -1.921   -1.281   -3.946   -1.921    2.460    5.053    7.581   10.451    4.718
 455.90   21.701   21.860   21.996   -2.628   -2.442   -1.299   -2.628   -2.442    3.172    3.414    6.418    7.279    3.965
 456.00   21.309   21.384   21.537   -1.787   -2.559   -1.691   -1.787   -2.559    4.326    3.022    4.573    6.300    3.491
 456.10   21.629   21.630   21.669   -0.273   -1.297   -1.371   -0.273   -1.297    1.779    0.375    0.355    1.819    0.926
 456.20   22.176   22.186   22.258   -0.663   -1.786   -0.824   -0.663   -1.786    1.471    0.546    1.185    2.154    0.983
 456.30   20.872   20.911   20.920   -1.278    0.629   -2.128   -1.278    0.629   -1.338    2.719   -0.803    3.278    1.568
 456.40   23.201   23.548   23.603   -4.024    1.613    0.201   -4.024    1.613    0.325   -0.810   -6.492    9.417    3.275
 456.50   22.890   23.189   23.244   -3.712    1.595   -0.110   -3.712    1.595   -0.175    0.408   -5.921    8.168    2.969
 456.60   22.238   22.475   22.557   -3.250    1.919   -0.762   -3.250    1.919   -1.462    2.475   -6.239    7.415    3.435
 456.70   22.398   22.485   22.575   -1.976    2.007   -0.602   -1.976    2.007   -1.208    1.189   -3.965    4.146    2.156
 456.80   22.604   22.786   22.807   -2.874    0.980   -0.396   -2.874    0.980   -0.388    1.137   -2.815    4.687    1.530
 456.90   22.140   22.153   22.188    0.737    1.243   -0.860    0.737    1.243   -1.068   -0.633    0.916    1.413    0.772
 457.00   21.925   21.925   21.953    0.085    1.107   -1.075    0.085    1.107   -1.191   -0.092    0.094    1.195    0.599
 457.10   20.676   20.860   20.863   -2.767    0.346   -2.324   -2.767    0.346   -0.804    6.430   -0.957    6.588    3.275
 457.20   19.787   20.061   20.066   -3.308    0.430   -3.213   -3.308    0.430   -1.383   10.629   -1.423   10.726    5.407
 457.30   20.527   20.833   20.834   -3.557    0.225   -2.473   -3.557    0.225   -0.557    8.798   -0.802    9.411    4.426
 457.40   21.206   21.421   21.463   -3.025    1.345   -1.794   -3.025    1.345   -2.413    5.428   -4.069    7.090    3.600
 457.50   20.661   20.826   20.829   -2.614   -0.331   -2.339   -2.614   -0.331    0.774    6.112    0.865    6.205    3.111
 457.60   20.548   20.948   20.997   -4.074    1.436   -2.452   -4.074    1.436   -3.521    9.989   -5.850   12.336    6.050
 457.70   20.898   21.210   21.343   -3.628    2.374   -2.102   -3.628    2.374   -4.991    7.625   -8.613   11.608    6.270
 457.80   19.607   19.713   19.897   -2.043    2.696   -3.393   -2.043    2.696   -9.148    6.933   -5.509   11.478    6.366
 457.90   20.015   20.024   20.154   -0.595    2.285   -2.985   -0.595    2.285   -6.822    1.776   -1.359    7.244    3.590
 458.00   19.523   19.524   19.669    0.262    2.385   -3.477    0.262    2.385   -8.294   -0.911    0.625    8.925    4.183
 458.10   19.879   19.879   20.123    0.177    3.124   -3.121    0.177    3.124   -9.751   -0.552    0.552    9.766    4.891
 458.20   20.812   20.833   20.910    0.943    1.787   -2.188    0.943    1.787   -3.911   -2.063    1.685    4.436    2.366
 458.30   23.053   23.061   23.164   -0.611    2.184    0.053   -0.611    2.184    0.115   -0.032   -1.335    2.572    0.670
 458.40   22.403   22.505   22.612   -2.146    2.200   -0.597   -2.146    2.200   -1.314    1.282   -4.721    4.901    2.533
 458.50   21.294   21.494   21.495   -2.927    0.220   -1.706   -2.927    0.220   -0.375    4.994   -0.643    5.763    2.525
 458.60   19.575   19.856   19.857   -3.328   -0.194   -3.425   -3.328   -0.194    0.664   11.397    0.645   11.421    5.717
 458.70   19.134   19.260   19.260   -2.200   -0.067   -3.866   -2.200   -0.067    0.259    8.505    0.147    9.895    4.255
 458.80   18.153   18.358   18.367   -2.736    0.583   -4.847   -2.736    0.583   -2.828   13.260   -1.596   15.658    6.826
 458.90   17.920   18.124   18.154   -2.712    1.040   -5.080   -2.712    1.040   -5.282   13.778   -2.820   17.121    7.511
 459.00   18.859   19.063   19.094   -2.783    1.088   -4.141   -2.783    1.088   -4.505   11.523   -3.028   13.037    6.369
 459.10   20.760   20.835   20.894   -1.769    1.570   -2.240   -1.769    1.570   -3.516    3.962   -2.776    5.305    2.990
 459.20   21.102   21.138   21.213   -1.234    1.787   -1.898   -1.234    1.787   -3.393    2.342   -2.205    4.160    2.338
 459.30   20.996   21.000   21.010   -0.434    0.639   -2.004   -0.434    0.639   -1.280    0.870   -0.277    2.307    0.786
 459.40   21.114   21.116   21.178   -0.299    1.622   -1.886   -0.299    1.622   -3.059    0.564   -0.485    3.139    1.574
 459.50   20.651   20.666   20.709   -0.806    1.320   -2.349   -0.806    1.320   -3.100    1.893   -1.064    3.955    1.892
 459.60   21.537   21.583   21.586   -1.417    0.355   -1.463   -1.417    0.355   -0.520    2.074   -0.504    2.138    1.098
 459.70   22.707   22.722   22.791   -0.821    1.770   -0.293   -0.821    1.770   -0.519    0.241   -1.454    1.947    0.781
 459.80   23.599   23.634   23.754   -1.303    2.379    0.599   -1.303    2.379    1.424   -0.780   -3.100    3.858    1.750
 459.90   23.146   23.185   23.272   -1.353    2.012    0.146   -1.353    2.012    0.293   -0.197   -2.723    2.950    1.373
 460.00   23.637   23.648   23.704   -0.708    1.623    0.637   -0.708    1.623    1.035   -0.451   -1.149    1.771    0.805
 460.10   23.299   23.336   23.363   -1.317    1.116    0.299   -1.317    1.116    0.334   -0.394   -1.470    1.535    0.779
 460.20   21.797   21.854   21.924   -1.574    1.753   -1.203   -1.574    1.753   -2.109    1.894   -2.760    3.499    1.978
 460.30   20.204   20.225   20.297   -0.915    1.715   -2.796   -0.915    1.715   -4.796    2.557   -1.569    5.799    2.829
 460.40   20.296   20.305   20.310   -0.590    0.452   -2.704   -0.590    0.452   -1.223    1.596   -0.267    3.932    1.014
 460.50   22.099   22.211   22.211   -2.224   -0.147   -0.901   -2.224   -0.147    0.132    2.003    0.326    2.889    1.017
 460.60   23.184   23.252   23.256   -1.778   -0.413    0.184   -1.778   -0.413   -0.076   -0.327    0.734    1.683    0.404
 460.70   21.515   21.580   21.585   -1.675    0.471   -1.485   -1.675    0.471   -0.699    2.488   -0.789    2.617    1.351
 460.80   21.678   21.678   21.682    0.091    0.424   -1.322    0.091    0.424   -0.561   -0.120    0.038    0.969    0.288
 460.90   22.029   22.032   22.067   -0.346    1.236   -0.971   -0.346    1.236   -1.200    0.336   -0.428    1.296    0.659
 461.00   21.925   21.969   22.159   -1.398    2.893   -1.075   -1.398    2.893   -3.110    1.503   -4.043    5.739    2.659
 461.10   21.822   21.826   21.902   -0.397    1.825   -1.178   -0.397    1.825   -2.150    0.468   -0.725    2.439    1.158
 461.20   22.761   22.834   22.836    1.825    0.309   -0.239    1.825    0.309   -0.074   -0.436    0.563    1.741    0.358
 461.30   22.789   22.803   22.838    0.814    1.258   -0.211    0.814    1.258   -0.266   -0.172    1.024    1.144    0.536
 461.40   22.140   22.152   22.192    0.738    1.325   -0.860    0.738    1.325   -1.139   -0.635    0.978    1.520    0.815
 461.50   23.402   23.460   23.460    1.652    0.076    0.402    1.652    0.076    0.031    0.664    0.126    1.449    0.338
 461.60   23.123   23.132   23.138    0.634   -0.534    0.123    0.634   -0.534   -0.066    0.078   -0.339    0.351    0.177
 461.70   24.356   24.357   24.357   -0.200   -0.086    1.356   -0.200   -0.086   -0.116   -0.271    0.017    0.943    0.148
 461.80   23.499   23.512   23.531    0.762   -0.949    0.499    0.762   -0.949   -0.474    0.381   -0.723    0.865    0.472
 461.90   22.872   22.950   23.066    1.890   -2.316   -0.128    1.890   -2.316    0.297   -0.243   -4.378    4.477    2.197
 462.00   22.467   22.591   22.656    2.369   -1.708   -0.533    2.369   -1.708    0.911   -1.263   -4.045    4.406    2.167
 462.10   23.068   23.147   23.233    1.902   -1.995    0.068    1.902   -1.995   -0.137    0.130   -3.795    3.802    1.900
 462.20   23.173   23.404   23.566    3.279   -2.762    0.173    3.279   -2.762   -0.477    0.566   -9.056    9.205    4.543
 462.30   23.096   23.245   23.471    2.624   -3.248    0.096    2.624   -3.248   -0.313    0.253   -8.524    8.724    4.267
 462.40   22.145   22.311   22.623    2.711   -3.748   -0.855    2.711   -3.748    3.203   -2.317  -10.163   11.066    5.453
 462.50   21.966   22.078   22.249    2.223   -2.759   -1.034    2.223   -2.759    2.854   -2.300   -6.134    6.812    3.573
 462.60   21.454   21.498   21.562    1.378   -1.661   -1.546    1.378   -1.661    2.568   -2.132   -2.289    3.525    2.024
 462.70   22.539   22.572   22.572    1.221   -0.056   -0.461    1.221   -0.056    0.026   -0.563   -0.069    0.853    0.284
 462.80   24.168   24.198   24.222    1.200    1.073    1.168    1.200    1.073    1.253    1.402    1.288    1.978    1.140
 462.90   25.045   25.060   25.106   -0.854   -1.531    2.045   -0.854   -1.531   -3.130   -1.746    1.307    3.627    1.907
 463.00   24.000   24.000   24.077   -0.022   -1.927    1.000   -0.022   -1.927   -1.927   -0.022    0.043    2.357    0.964
 463.10   24.780   24.782   24.877   -0.315   -2.171    1.780   -0.315   -2.171   -3.865   -0.561    0.684    3.991    1.982
 463.20   26.847   26.847   27.097   -0.171   -3.673    3.847   -0.171   -3.673  -14.129   -0.657    0.627   14.159    7.079
 463.30   27.425   27.425   27.685   -0.165   -3.783    4.425   -0.165   -3.783  -16.741   -0.732    0.626   16.961    8.385
 463.40   26.698   26.710   26.855   -0.803   -2.785    3.698   -0.803   -2.785  -10.299   -2.968    2.236   11.037    5.474
 463.50   25.967   26.108   26.269   -2.707   -2.903    2.967   -2.707   -2.903   -8.613   -8.031    7.856   12.278    7.078
 463.60   23.841   23.948   24.275   -2.252   -3.973    0.841   -2.252   -3.973   -3.343   -1.895    8.947   10.781    4.868
 463.70   23.460   23.712   23.955   -3.447   -3.403    0.460   -3.447   -3.403   -1.566   -1.587   11.732   11.839    5.971
 463.80   23.611   23.870   24.041   -3.506   -2.866    0.611   -3.506   -2.866   -1.750   -2.141   10.046   10.438    5.210
 463.90   23.336   23.677   23.769   -4.001   -2.090    0.336   -4.001   -2.090   -0.703   -1.346    8.362   10.246    4.249
 464.00   23.198   23.512   23.656   -3.829   -2.613    0.198   -3.829   -2.613   -0.517   -0.758   10.005   10.763    5.023
 464.10   24.920   25.019   25.266   -2.226   -3.523    1.920   -2.226   -3.523   -6.763   -4.274    7.843   10.525    5.601
 464.20   24.822   24.827   25.066   -0.516   -3.450    1.822   -0.516   -3.450   -6.287   -0.940    1.779    7.745    3.301
 464.30   25.530   25.534   25.581   -0.465   -1.561    2.530   -0.465   -1.561   -3.948   -1.177    0.726    4.526    2.092
 464.40   24.366   24.376   24.537   -0.699   -2.803    1.366   -0.699   -2.803   -3.829   -0.955    1.960    5.106    2.203
 464.50   22.597   22.597   22.954   -0.186   -4.030   -0.403   -0.186   -4.030    1.625    0.075    0.748    8.219    0.895
 464.60   24.071   24.082   24.274   -0.707   -3.049    1.071   -0.707   -3.049   -3.267   -0.758    2.156    5.473    1.993
 464.70   24.608   24.644   24.768   -1.342   -2.474    1.608   -1.342   -2.474   -3.977   -2.157    3.320    5.253    2.806
 464.80   24.501   24.539   24.565   -1.362   -1.139    1.501   -1.362   -1.139   -1.709   -2.045    1.551    2.703    1.542
 464.90   23.459   23.623   23.665   -2.786   -1.402    0.459   -2.786   -1.402   -0.643   -1.278    3.905    4.969    2.079
 465.00   23.354   23.563   23.584   -3.136   -0.990    0.354   -3.136   -0.990   -0.350   -1.110    3.104    5.469    1.657
 465.10   22.313   22.366   22.366   -1.547   -0.019   -0.687   -1.547   -0.019    0.013    1.064    0.029    1.433    0.532
 465.20   21.557   21.558   21.558   -0.122   -0.157   -1.443   -0.122   -0.157    0.226    0.176    0.019    1.061    0.144
 465.30   22.525   22.538   22.546    0.762   -0.620   -0.475    0.762   -0.620    0.295   -0.362   -0.473    0.596    0.332
 465.40   22.467   22.490   22.502    1.034    0.717   -0.533    1.034    0.717   -0.383   -0.552    0.741    0.934    0.500
 465.50   22.173   22.174   22.216    0.104    1.370   -0.827    0.104    1.370   -1.132   -0.086    0.142    1.285    0.572
 465.60   22.679   22.679   22.743    0.204    1.700   -0.321    0.204    1.700   -0.547   -0.066    0.347    1.518    0.325
 465.70   23.193   23.200   23.283   -0.574    1.965    0.193   -0.574    1.965    0.379   -0.110   -1.127    2.113    0.597
 465.80   23.143   23.144   23.158   -0.112    0.824    0.143   -0.112    0.824    0.118   -0.016   -0.093    0.356    0.075
 465.90   23.418   23.439   23.442    0.987    0.382    0.418    0.987    0.382    0.160    0.412    0.377    0.647    0.290
 466.00   23.687   23.705   23.714    0.922   -0.662    0.687    0.922   -0.662   -0.455    0.633   -0.610    0.880    0.495
 466.10   22.617   22.629   22.666    0.719   -1.296   -0.383    0.719   -1.296    0.496   -0.275   -0.932    1.172    0.546
 466.20   22.911   23.081   23.082    2.796   -0.193   -0.089    2.796   -0.193    0.017   -0.248   -0.539    3.931    0.297
 466.30   23.601   23.767   23.769    2.810   -0.279    0.601    2.810   -0.279   -0.167    1.688   -0.783    4.166    0.934
 466.40   24.585   24.672   24.745    2.063   -1.907    1.585    2.063   -1.907   -3.022    3.270   -3.934    5.202    2.971
 466.50   25.643   25.776   25.868    2.613   -2.187    2.643    2.613   -2.187   -5.779    6.907   -5.714    9.298    5.333
 466.60   25.266   25.386   25.386    2.457    0.133    2.266    2.457    0.133    0.300    5.569    0.326    5.596    2.793
 466.70   23.923   23.932   23.950    0.644   -0.940    0.923    0.644   -0.940   -0.868    0.594   -0.606    1.075    0.607
 466.80   23.683   23.700   23.717    0.911   -0.883    0.683    0.911   -0.883   -0.603    0.622   -0.804    1.038    0.591
 466.90   23.517   23.529   23.539   -0.757   -0.667    0.517   -0.757   -0.667   -0.345   -0.391    0.505    0.642    0.363
 467.00   23.429   23.446   23.446   -0.893   -0.114    0.429   -0.893   -0.114   -0.049   -0.383    0.102    0.497    0.200
 467.10   25.259   25.290   25.348    1.251   -1.722    2.259    1.251   -1.722   -3.890    2.826   -2.154    4.816    2.634
 467.20   25.889   25.898   25.937    0.712   -1.422    2.889    0.712   -1.422   -4.109    2.056   -1.013    5.437    2.352
 467.30   24.484   24.489   24.499    0.519   -0.688    1.484    0.519   -0.688   -1.021    0.770   -0.357    1.472    0.664
 467.40   24.462   24.471   24.477    0.670   -0.545    1.462    0.670   -0.545   -0.797    0.980   -0.365    1.442    0.657
 467.50   26.044   26.124   26.183    2.043   -1.759    3.044    2.043   -1.759   -5.356    6.220   -3.595    8.268    4.480
 467.60   26.019   26.032   26.125    0.826   -2.202    3.019    0.826   -2.202   -6.647    2.492   -1.818    7.322    3.664
 467.70   26.540   26.603   26.757    1.820   -2.866    3.540    1.820   -2.866  -10.147    6.445   -5.218   12.031    6.552
 467.80   25.986   26.002   26.069    0.907   -1.870    2.986    0.907   -1.870   -5.583    2.708   -1.696    6.617    3.216
 467.90   26.808   26.810   26.894    0.386   -2.118    3.808    0.386   -2.118   -8.066    1.471   -0.818    9.568    4.120
 468.00   25.624   25.628   25.810   -0.465   -3.058    2.624   -0.465   -3.058   -8.024   -1.219    1.421    8.227    4.120
 468.10   22.962   23.002   23.151   -1.354   -2.627   -0.038   -1.354   -2.627    0.101    0.052    3.555    4.367    1.779
 468.20   22.758   22.886   23.016   -2.415   -2.446   -0.242   -2.415   -2.446    0.592    0.585    5.907    5.936    2.983
 468.30   23.989   24.169   24.485   -2.944   -3.917    0.989   -2.944   -3.917   -3.875   -2.913   11.532   12.495    6.255
 468.40   24.833   24.967   25.100   -2.585   -2.575    1.833   -2.585   -2.575   -4.720   -4.739    6.658    8.338    4.719
 468.50   26.786   26.975   27.079   -3.188   -2.367    3.786   -3.188   -2.367   -8.960  -12.070    7.545   15.049    8.410
 468.60   27.188   27.216   27.229   -1.242   -0.824    4.188   -1.242   -0.824   -3.449   -5.201    1.023    9.880    3.162
 468.70   26.399   26.480   26.482   -2.066   -0.388    3.399   -2.066   -0.388   -1.317   -7.022    0.801    7.985    3.594
 468.80   27.312   27.349   27.351   -1.427   -0.326    4.312   -1.427   -0.326   -1.405   -6.153    0.465   10.368    3.164
 468.90   28.469   28.530   28.549   -1.864   -1.018    5.469   -1.864   -1.018   -5.570  -10.195    1.898   17.213    5.886
 469.00   28.050   28.132   28.136   -2.149   -0.478    5.050   -2.149   -0.478   -2.412  -10.854    1.027   15.175    5.583
 469.10   26.274   26.554   26.571   -3.846    0.936    3.274   -3.846    0.936    3.065  -12.593   -3.600   13.194    6.726
 469.20   27.030   27.303   27.363   -3.853    1.810    4.030   -3.853    1.810    7.295  -15.528   -6.976   17.183    9.260
 469.30   25.501   25.737   25.738   -3.483   -0.111    2.501   -3.483   -0.111   -0.278   -8.709    0.388    9.198    4.361
 469.40   25.472   25.756   25.756   -3.816    0.105    2.472   -3.816    0.105    0.260   -9.432   -0.401   10.341    4.722
 469.50   25.953   26.095   26.096   -2.713   -0.246    2.953   -2.713   -0.246   -0.726   -8.013    0.667    8.072    4.037
 469.60   25.150   25.407   25.418   -3.607   -0.747    2.150   -3.607   -0.747   -1.606   -7.755    2.695    9.096    4.183
 469.70   26.383   26.841   26.932   -4.934   -2.221    3.383   -4.934   -2.221   -7.514  -16.693   10.957   20.361   10.667
 469.80   26.769   26.984   26.998   -3.395   -0.890    3.769   -3.395   -0.890   -3.354  -12.796    3.020   13.262    6.784
 469.90   25.982   26.050   26.112   -1.882   -1.786    2.982   -1.882   -1.786   -5.327   -5.612    3.361    7.813    4.218
 470.00   26.017   26.137   26.138   -2.501   -0.241    3.017   -2.501   -0.241   -0.728   -7.544    0.603    7.707    3.802
 470.10   26.511   26.566   26.568   -1.719   -0.314    3.511   -1.719   -0.314   -1.104   -6.035    0.541    7.689    3.079
 470.20   24.563   24.631   24.633   -1.825   -0.361    1.563   -1.825   -0.361   -0.564   -2.852    0.658    2.952    1.490
 470.30   24.502   24.510   24.510   -0.615   -0.045    1.502   -0.615   -0.045   -0.068   -0.924    0.028    1.319    0.463
 470.40   24.535   24.552   24.591   -0.896    1.401    1.535   -0.896    1.401    2.150   -1.376   -1.256    2.561    1.423
 470.50   24.385   24.397   24.402   -0.756    0.508    1.385   -0.756    0.508    0.704   -1.047   -0.384    1.374    0.659
 470.60   24.132   24.155   24.169   -1.047   -0.825    1.132   -1.047   -0.825   -0.934   -1.186    0.864    1.530    0.870
 470.70   24.814   24.816   24.847    0.275   -1.252    1.814    0.275   -1.252   -2.271    0.498   -0.344    2.467    1.175
 470.80   26.589   26.620   26.642    1.284   -1.099    3.589    1.284   -1.099   -3.946    4.609   -1.412    7.868    3.115
 470.90   27.716   27.719   27.760    0.444   -1.498    4.716    0.444   -1.498   -7.062    2.091   -0.664   12.338    3.698
 471.00   26.397   26.398   26.413   -0.055   -0.902    3.397   -0.055   -0.902   -3.066   -0.187    0.050    6.180    1.536
 471.10   25.798   25.813   25.813    0.880    0.016    2.798    0.880    0.016    0.044    2.461    0.014    4.301    1.231
 471.20   25.555   25.595   25.595    1.440   -0.082    2.555    1.440   -0.082   -0.209    3.678   -0.118    4.303    1.843
 471.30   26.859   26.898   26.900    1.443   -0.341    3.859    1.443   -0.341   -1.314    5.570   -0.492    8.545    2.872
 471.40   26.526   26.550   26.641    1.115    2.203    3.526    1.115    2.203    7.769    3.933    2.457    9.266    4.524
 471.50   28.363   28.375   28.446    0.833    2.016    5.363    0.833    2.016   10.810    4.467    1.679   16.758    5.908
 471.60   26.909   27.023   27.023    2.481   -0.090    3.909    2.481   -0.090   -0.353    9.699   -0.224   10.721    4.854
 471.70   28.868   28.937   28.970    2.001   -1.368    5.868    2.001   -1.368   -8.025   11.740   -2.736   20.155    7.241
 471.80   28.562   28.768   28.773    3.430   -0.560    5.562    3.430   -0.560   -3.117   19.079   -1.922   21.509    9.713
 471.90   26.729   27.126   27.128    4.626   -0.291    3.729    4.626   -0.291   -1.084   17.251   -1.345   17.695    8.668
 472.00   26.459   26.869   26.869    4.678    0.047    3.459    4.678    0.047    0.163   16.179    0.221   16.924    8.091
 472.10   27.384   27.630   27.647    3.675    0.973    4.384    3.675    0.973    4.264   16.113    3.574   16.837    8.523
 472.20   28.010   28.153   28.155    2.830   -0.356    5.010    2.830   -0.356   -1.784   14.179   -1.008   16.618    7.163
 472.30   27.469   27.501   27.514    1.322   -0.837    4.469    1.322   -0.837   -3.740    5.908   -1.106   11.212    3.540
 472.40   27.351   27.431   27.465    2.085   -1.370    4.351    2.085   -1.370   -5.961    9.073   -2.856   12.580    5.613
 472.50   28.111   28.234   28.241    2.629   -0.650    5.111    2.629   -0.650   -3.321   13.437   -1.708   16.728    6.973
 472.60   28.156   28.179   28.210    1.128   -1.325    5.156    1.128   -1.325   -6.831    5.814   -1.494   14.807    4.547
 472.70   27.487   27.487   27.615   -0.014   -2.655    4.487   -0.014   -2.655  -11.915   -0.063    0.037   13.594    5.958
 472.80   26.854   26.856   26.894   -0.275   -1.441    3.854   -0.275   -1.441   -5.556   -1.059    0.396    8.505    2.835
 472.90   26.973   27.017   27.092    1.544   -2.006    3.973    1.544   -2.006   -7.969    6.133   -3.096   11.096    5.261
 473.00   26.336   26.356   26.518    1.008   -2.925    3.336    1.008   -2.925   -9.758    3.364   -2.949   10.351    5.367
 473.10   25.214   25.253   25.317    1.390   -1.808    2.214    1.390   -1.808   -4.003    3.077   -2.512    5.051    2.819
 473.20   24.235   24.275   24.284    1.381   -0.670    1.235    1.381   -0.670   -0.828    1.706   -0.925    1.941    1.055
 473.30   23.936   23.940   23.953    0.429   -0.811    0.936    0.429   -0.811   -0.759    0.401   -0.348    0.859    0.463
 473.40   24.278   24.323   24.327    1.484    0.452    1.278    1.484    0.452    0.577    1.896    0.671    2.019    1.046
 473.50   26.188   26.199   26.199    0.748   -0.062    3.188    0.748   -0.062   -0.199    2.385   -0.047    5.364    1.197
 473.60   27.437   27.438   27.447   -0.288   -0.673    4.437   -0.288   -0.673   -2.987   -1.277    0.194   10.110    1.627
 473.70   27.220   27.221   27.222    0.247   -0.221    4.220    0.247   -0.221   -0.932    1.043   -0.055    8.959    0.700
 473.80   27.819   27.856   27.863    1.432    0.623    4.819    1.432    0.623    3.002    6.901    0.892   12.832    3.789
 473.90   27.159   27.174   27.184    0.898    0.741    4.159    0.898    0.741    3.080    3.735    0.665    9.326    2.443
 474.00   26.233   26.247   26.256    0.872    0.697    3.233    0.872    0.697    2.254    2.819    0.608    5.848    1.830
 474.10   25.139   25.211   25.254    1.913    1.468    2.139    1.913    1.468    3.140    4.091    2.808    5.194    2.936
 474.20   24.817   24.818   24.845    0.148    1.155    1.817    0.148    1.155    2.099    0.269    0.171    2.330    1.062
 474.30   24.619   24.620   24.651   -0.191    1.250    1.619   -0.191    1.250    2.024   -0.309   -0.239    2.110    1.031
 474.40   25.390   25.414   25.571   -1.092    2.829    2.390   -1.092    2.829    6.762   -2.610   -3.090    7.454    3.940
 474.50   25.013   25.046   25.181   -1.292    2.605    2.013   -1.292    2.605    5.244   -2.601   -3.366    6.254    3.376
 474.60   25.331   25.331   25.429   -0.104    2.233    2.331   -0.104    2.233    5.203   -0.242   -0.232    5.213    2.607
 474.70   25.596   25.606   25.687   -0.700    2.042    2.596   -0.700    2.042    5.302   -1.818   -1.430    5.700    2.892
 474.80   25.743   25.762   25.773   -1.004   -0.735    2.743   -1.004   -0.735   -2.017   -2.753    0.738    4.535    1.746
 474.90   25.485   25.486   25.503    0.180   -0.932    2.485    0.180   -0.932   -2.315    0.447   -0.168    3.539    1.182
 475.00   25.178   25.203   25.207    1.127    0.469    2.178    1.127    0.469    1.022    2.454    0.529    3.116    1.355
 475.10   23.085   23.087   23.087    0.225    0.068    0.085    0.225    0.068    0.006    0.019    0.015    0.031    0.013
 475.20   23.137   23.137   23.137   -0.196   -0.028    0.137   -0.196   -0.028   -0.004   -0.027    0.006    0.029    0.014
 475.30   22.571   22.708   22.724   -2.492    0.842   -0.429   -2.492    0.842   -0.361    1.070   -2.099    3.553    1.192
 475.40   22.654   22.668   22.686   -0.774    0.911   -0.346   -0.774    0.911   -0.315    0.267   -0.705    0.774    0.409
 475.50   23.701   23.704   23.717    0.417   -0.762    0.701    0.417   -0.762   -0.534    0.292   -0.318    0.622    0.343
 475.60   24.216   24.217   24.257   -0.255   -1.377    1.216   -0.255   -1.377   -1.675   -0.310    0.351    1.720    0.870
 475.70   24.590   24.592   24.637    0.318   -1.499    1.590    0.318   -1.499   -2.384    0.505   -0.477    2.438    1.241
 475.80   25.449   25.449   25.572   -0.105   -2.507    2.449   -0.105   -2.507   -6.138   -0.256    0.263    6.146    3.075
 475.90   25.484   25.485   25.539   -0.232   -1.662    2.484   -0.232   -1.662   -4.129   -0.577    0.386    4.493    2.093
 476.00   25.278   25.290   25.299    0.775   -0.668    2.278    0.775   -0.668   -1.522    1.766   -0.518    3.118    1.194
 476.10   26.177   26.177   26.177   -0.197   -0.027    3.177   -0.197   -0.027   -0.087   -0.627    0.005    5.065    0.317
 476.20   25.568   25.574   25.574   -0.559   -0.142    2.568   -0.559   -0.142   -0.364   -1.435    0.079    3.463    0.741
 476.30   25.490   25.526   25.533   -1.364   -0.609    2.490   -1.364   -0.609   -1.517   -3.395    0.831    4.215    1.905
 476.40   24.494   24.501   24.504   -0.588    0.387    1.494   -0.588    0.387    0.578   -0.878   -0.228    1.363    0.538
 476.50   23.924   23.959   23.971   -1.290   -0.753    0.924   -1.290   -0.753   -0.696   -1.193    0.972    1.543    0.844
 476.60   24.054   24.062   24.079   -0.648   -0.905    1.054   -0.648   -0.905   -0.953   -0.683    0.586    1.174    0.655
 476.70   23.562   23.578   23.631    0.875   -1.584    0.562    0.875   -1.584   -0.889    0.491   -1.386    1.795    0.859
 476.80   23.442   23.516   23.576    1.863   -1.691    0.442    1.863   -1.691   -0.747    0.823   -3.150    3.262    1.670
 476.90   23.873   23.913   23.914    1.384    0.263    0.873    1.384    0.263    0.229    1.208    0.364    1.373    0.641
 477.00   25.160   25.186   25.192    1.144    0.549    2.160    1.144    0.549    1.185    2.471    0.628    3.137    1.406
 477.10   26.431   26.433   26.436    0.302    0.356    3.431    0.302    0.356    1.223    1.036    0.108    5.996    0.803
 477.20   26.735   26.741   26.770    0.567    1.246    3.735    0.567    1.246    4.655    2.117    0.707    7.911    2.581
 477.30   24.791   24.793   24.794   -0.284    0.283    1.791   -0.284    0.283    0.507   -0.509   -0.080    1.684    0.361
 477.40   25.183   25.204   25.230   -1.025   -1.147    2.183   -1.025   -1.147   -2.504   -2.239    1.176    3.567    1.779
 477.50   25.965   25.987   25.988   -1.077   -0.256    2.965   -1.077   -0.256   -0.760   -3.192    0.276    5.007    1.646
 477.60   26.033   26.042   26.048    0.679    0.578    3.033    0.679    0.578    1.754    2.059    0.393    4.996    1.366
 477.70   25.608   25.610   25.714    0.347    2.313    2.608    0.347    2.313    6.032    0.906    0.803    6.136    3.076
 477.80   24.334   24.362   24.468    1.177    2.272    1.334    1.177    2.272    3.030    1.569    2.673    4.162    2.167
 477.90   24.790   24.910   24.911    2.448    0.111    1.790    2.448    0.111    0.199    4.382    0.272    4.605    2.197
 478.00   24.010   24.218   24.239    3.169   -1.005    1.010    3.169   -1.005   -1.015    3.200   -3.185    6.037    2.314
 478.10   24.012   24.272   24.340    3.542   -1.810    1.012    3.542   -1.810   -1.833    3.586   -6.413    8.425    3.786
 478.20   23.385   23.455   23.481    1.809   -1.105    0.385    1.809   -1.105   -0.426    0.697   -1.999    2.321    1.080
 478.30   23.295   23.428   23.453    2.488   -1.084    0.295    2.488   -1.084   -0.320    0.735   -2.697    3.726    1.407
 478.40   23.582   23.612   23.612    1.201    0.013    0.582    1.201    0.013    0.007    0.699    0.015    0.890    0.349
 478.50   23.040   23.042   23.050    0.331   -0.612    0.040    0.331   -0.612   -0.024    0.013   -0.202    0.243    0.102
 478.60   21.623   21.662   21.866    1.309   -2.975   -1.377    1.309   -2.975    4.097   -1.802   -3.894    6.231    2.966
 478.70   21.947   21.951   22.101    0.442   -2.569   -1.053    0.442   -2.569    2.705   -0.465   -1.135    3.952    1.485
 478.80   22.593   22.658   22.708   -1.707   -1.512   -0.407   -1.707   -1.512    0.615    0.694    2.582    2.683    1.372
 478.90   22.453   22.482   22.513   -1.136   -1.174   -0.547   -1.136   -1.174    0.642    0.621    1.334    1.484    0.803
 479.00   22.825   22.849   22.916   -1.050   -1.755   -0.175   -1.050   -1.755    0.308    0.184    1.842    2.106    0.938
 479.10   22.451   22.508   22.586   -1.601   -1.870   -0.549   -1.601   -1.870    1.026    0.878    2.994    3.181    1.642
 479.20   21.621   21.654   21.667   -1.193   -0.734   -1.379   -1.193   -0.734    1.011    1.644    0.875    1.930    1.060
 479.30   21.105   21.111   21.114    0.513    0.356   -1.895    0.513    0.356   -0.674   -0.973    0.183    1.991    0.599
 479.40   21.361   21.374   21.375    0.755   -0.136   -1.639    0.755   -0.136    0.223   -1.237   -0.103    1.637    0.631
 479.50   22.101   22.139   22.163   -1.312   -1.030   -0.899   -1.312   -1.030    0.926    1.180    1.351    1.796    1.010
 479.60   22.376   22.386   22.425   -0.689   -1.323   -0.624   -0.689   -1.323    0.826    0.430    0.911    1.307    0.651
 479.70   21.478   21.487   21.522   -0.646   -1.225   -1.522   -0.646   -1.225    1.865    0.983    0.791    2.117    1.126
 479.80   21.857   21.888   21.914   -1.166   -1.063   -1.143   -1.166   -1.063    1.215    1.333    1.240    1.899    1.095
 479.90   22.390   22.471   22.491   -1.904   -0.956   -0.610   -1.904   -0.956    0.583    1.161    1.820    2.456    1.118
 480.00   24.238   24.311   24.314   -1.878   -0.416    1.238   -1.878   -0.416   -0.515   -2.326    0.781    2.617    1.253
 480.10   24.665   24.777   24.777   -2.351   -0.182    1.665   -2.351   -0.182   -0.303   -3.914    0.427    4.166    1.975
 480.20   24.765   25.033   25.044   -3.655   -0.750    1.765   -3.655   -0.750   -1.324   -6.451    2.741    8.517    3.566
 480.30   24.071   24.346   24.440   -3.650   -2.140    1.071   -3.650   -2.140   -2.293   -3.910    7.813    9.527    4.516
 480.40   22.911   23.233   23.255   -3.850   -1.025   -0.089   -3.850   -1.025    0.091    0.341    3.945    7.940    1.981
 480.50   23.997   24.152   24.184   -2.729    1.260    0.997   -2.729    1.260    1.256   -2.721   -3.438    5.014    2.280
 480.60   23.501   23.741   23.759   -3.367    0.911    0.501   -3.367    0.911    0.457   -1.688   -3.067    6.209    1.765
 480.70   23.528   23.568   23.572   -1.381   -0.414    0.528   -1.381   -0.414   -0.218   -0.729    0.571    1.178    0.476
 480.80   24.110   24.113   24.114   -0.380   -0.219    1.110   -0.380   -0.219   -0.243   -0.422    0.083    0.713    0.247
 480.90   23.095   23.098   23.110   -0.362    0.757    0.095   -0.362    0.757    0.072   -0.034   -0.274    0.357    0.143
 481.00   23.969   24.012   24.013   -1.434    0.195    0.969   -1.434    0.195    0.189   -1.389   -0.279    1.516    0.715
 481.10   22.970   23.103   23.109   -2.473    0.563   -0.030   -2.473    0.563   -0.017    0.075   -1.393    3.217    0.697
 481.20   22.951   23.141   23.144   -2.959    0.397   -0.049   -2.959    0.397   -0.020    0.146   -1.174    4.458    0.592
 481.30   22.013   22.138   22.143   -2.356    0.455   -0.987   -2.356    0.455   -0.450    2.327   -1.073    3.367    1.301
 481.40   22.619   22.685   22.690   -1.729    0.479   -0.381   -1.729    0.479   -0.182    0.658   -0.828    1.681    0.536
 481.50   22.044   22.343   22.415   -3.642   -1.792   -0.956   -3.642   -1.792    1.713    3.480    6.527    8.694    3.796
 481.60   23.280   23.317   23.486   -1.306   -2.818    0.280   -1.306   -2.818   -0.789   -0.366    3.680    4.862    1.891
 481.70   23.104   23.107   23.182   -0.385   -1.858    0.104   -0.385   -1.858   -0.193   -0.040    0.715    1.806    0.371
 481.80   24.497   24.511   24.519    0.829    0.635    1.497    0.829    0.635    0.950    1.241    0.526    1.665    0.825
 481.90   22.923   22.933   22.933    0.671    0.064   -0.077    0.671    0.064   -0.005   -0.051    0.043    0.230    0.034
 482.00   23.258   23.262   23.269    0.428    0.593    0.258    0.428    0.593    0.153    0.110    0.254    0.301    0.158
 482.10   23.502   23.566   23.575   -1.733    0.633    0.502   -1.733    0.633    0.318   -0.871   -1.097    1.829    0.718
 482.20   25.002   25.142   25.151   -2.649   -0.697    2.002   -2.649   -0.697   -1.396   -5.302    1.847    5.755    2.893
 482.30   23.955   24.149   24.163   -3.053    0.805    0.955   -3.053    0.805    0.769   -2.917   -2.457    5.442    1.945
 482.40   23.920   24.331   24.396   -4.454   -1.782    0.920   -4.454   -1.782   -1.638   -4.096    7.937   11.931    4.540
 482.50   22.136   22.452   22.453   -3.750   -0.232   -0.864   -3.750   -0.232    0.201    3.240    0.871    7.432    1.680
 482.60   21.156   21.377   21.388   -3.067   -0.694   -1.844   -3.067   -0.694    1.279    5.657    2.128    6.645    3.089
 482.70   22.483   22.684   22.857   -3.011   -2.813   -0.517   -3.011   -2.813    1.455    1.557    8.470    8.623    4.367
 482.80   23.671   23.966   24.050   -3.748   -2.010    0.671   -3.748   -2.010   -1.349   -2.515    7.532    9.267    4.027
 482.90   22.738   23.540   23.552   -6.094   -0.755   -0.262   -6.094   -0.755    0.198    1.599    4.602   18.889    2.438
 483.00   22.194   22.825   22.834   -5.328    0.638   -0.806   -5.328    0.638   -0.514    4.295   -3.398   14.724    2.750
 483.10   21.566   21.775   21.936   -3.007    2.650   -1.434   -3.007    2.650   -3.800    4.311   -7.969    9.060    4.912
 483.20   22.011   22.312   22.555   -3.652    3.302   -0.989   -3.652    3.302   -3.264    3.610  -12.057   12.607    6.501
 483.30   21.287   21.998   22.033   -5.546    1.241   -1.713   -5.546    1.241   -2.126    9.500   -6.885   17.618    5.962
 483.40   20.911   21.776   21.805   -6.075    1.130   -2.089   -6.075    1.130   -2.361   12.691   -6.868   21.275    7.311
 483.50   21.706   22.601   22.607   -6.296    0.545   -1.294   -6.296    0.545   -0.706    8.146   -3.434   20.803    4.434
 483.60   20.575   21.335   21.336   -5.643   -0.240   -2.425   -5.643   -0.240    0.581   13.685    1.352   18.890    6.882
 483.70   21.238   21.795   21.831   -4.896   -1.251   -1.762   -4.896   -1.251    2.205    8.629    6.127   14.321    5.405
 483.80   21.707   22.481   22.680   -5.849   -2.994   -1.293   -5.849   -2.994    3.872    7.564   17.514   22.426    9.733
 483.90   22.008   23.271   23.324   -7.563   -1.563   -0.992   -7.563   -1.563    1.550    7.502   11.818   30.312    7.042
 484.00   20.950   21.890   21.896   -6.348   -0.486   -2.050   -6.348   -0.486    0.997   13.016    3.086   22.369    6.707
 484.10   20.315   21.341   21.377   -6.536   -1.254   -2.685   -6.536   -1.254    3.368   17.547    8.198   25.748    9.829
 484.20   19.100   19.945   19.948   -5.743   -0.391   -3.900   -5.743   -0.391    1.524   22.397    2.244   24.171   11.280
 484.30   20.640   21.001   21.053   -3.873    1.490   -2.360   -3.873    1.490   -3.515    9.139   -5.770   11.393    5.682
 484.40   22.032   22.505   22.509   -4.592    0.424   -0.968   -4.592    0.424   -0.411    4.446   -1.948   11.102    2.436
 484.50   21.069   21.616   21.641   -4.832   -1.032   -1.931   -4.832   -1.032    1.993    9.330    4.986   14.070    5.382
 484.60   20.868   21.551   21.568   -5.385   -0.854   -2.132   -5.385   -0.854    1.821   11.484    4.599   17.140    6.252
 484.70   21.431   22.409   22.415   -6.550   -0.504   -1.569   -6.550   -0.504    0.790   10.280    3.299   22.813    5.413
 484.80   21.231   22.029   22.154   -5.873   -2.353   -1.769   -5.873   -2.353    4.162   10.389   13.822   21.582    8.892
 484.90   21.153   21.886   21.886   -5.619   -0.009   -1.847   -5.619   -0.009    0.016   10.381    0.048   17.495    5.191
 485.00   21.441   21.838   21.844   -4.148   -0.493   -1.559   -4.148   -0.493    0.769    6.468    2.045    9.939    3.413
 485.10   21.896   22.429   22.527   -4.864   -2.095   -1.104   -4.864   -2.095    2.314    5.371   10.191   14.632    5.875
 485.20   22.335   22.710   22.794   -4.109   -1.956   -0.665   -4.109   -1.956    1.300    2.731    8.039   10.577    4.294
 485.30   22.086   22.568   22.568   -4.640    0.049   -0.914   -4.640    0.049   -0.045    4.242   -0.229   11.184    2.124
 485.40   22.378   22.687   22.782   -3.728   -2.083   -0.622   -3.728   -2.083    1.295    2.317    7.766    9.311    4.104
 485.50   22.832   23.228   23.355   -4.272   -2.432   -0.168   -4.272   -2.432    0.410    0.720   10.387   12.094    5.210
 485.60   22.599   22.824   23.002   -3.194   -2.857   -0.401   -3.194   -2.857    1.146    1.281    9.126    9.263    4.643
 485.70   21.382   21.529   21.633   -2.506   -2.127   -1.618   -2.506   -2.127    3.441    4.055    5.331    6.711    3.765
 485.80   21.855   22.009   22.142   -2.598   -2.423   -1.145   -2.598   -2.423    2.775    2.975    6.297    6.968    3.748
 485.90   21.356   21.488   21.725   -2.379   -3.199   -1.644   -2.379   -3.199    5.258    3.911    7.610    9.297    5.021
 486.00   20.939   21.112   21.215   -2.702   -2.080   -2.061   -2.702   -2.080    4.289    5.571    5.622    7.940    4.501
 486.10   20.335   20.552   20.936   -2.981   -3.989   -2.665   -2.981   -3.989   10.632    7.945   11.894   15.953    8.911
 486.20   18.393   18.600   19.052   -2.767   -4.126   -4.607   -2.767   -4.126   19.009   12.746   11.417   22.952   12.788
 486.30   19.117   19.288   19.474   -2.559   -2.688   -3.883   -2.559   -2.688   10.435    9.934    6.877   14.422    7.982
 486.40   19.214   19.386   19.567   -2.572   -2.655   -3.786   -2.572   -2.655   10.052    9.739    6.831   14.000    7.787
 486.50   19.338   19.472   20.053   -2.285   -4.791   -3.662   -2.285   -4.791   17.546    8.366   10.946   20.794   11.154
 486.60   19.649   19.690   20.063   -1.269   -3.849   -3.351   -1.269   -3.849   12.896    4.252    4.884   13.825    7.215
 486.70   19.010   19.181   19.338   -2.556   -2.454   -3.990   -2.556   -2.454    9.789   10.199    6.272   14.236    7.733
 486.80   19.786   19.983   20.067   -2.793   -1.844   -3.214   -2.793   -1.844    5.925    8.975    5.149   10.763    5.962
 486.90   20.713   20.905   20.936   -2.828   -1.139   -2.287   -2.828   -1.139    2.604    6.468    3.221    7.263    3.840
 487.00   20.148   20.522   20.528   -3.900   -0.511   -2.852   -3.900   -0.511    1.457   11.124    1.992   11.803    5.697
 487.10   20.248   20.426   20.430   -2.688   -0.418   -2.752   -2.688   -0.418    1.149    7.397    1.123    7.487    3.785
 487.20   19.847   20.081   20.098   -3.053   -0.828   -3.153   -3.053   -0.828    2.611    9.626    2.529    9.974    5.145
 487.30   19.907   20.237   20.247   -3.640   -0.639   -3.093   -3.640   -0.639    1.977   11.258    2.327   11.612    5.832
 487.40   20.065   20.220   20.225   -2.499   -0.413   -2.935   -2.499   -0.413    1.213    7.333    1.033    7.514    3.752
 487.50   19.690   19.972   19.973   -3.343    0.188   -3.310   -3.343    0.188   -0.623   11.066   -0.630   11.084    5.551
 487.60   20.888   21.145   21.146   -3.289   -0.142   -2.112   -3.289   -0.142    0.301    6.948    0.468    7.651    3.485
 487.70   20.114   20.501   20.533   -3.961   -1.158   -2.886   -3.961   -1.158    3.340   11.431    4.586   12.679    6.381
 487.80   21.655   21.861   21.929   -2.995   -1.727   -1.345   -2.995   -1.727    2.322    4.029    5.171    6.880    3.477
 487.90   22.702   22.853   22.891   -2.628   -1.321   -0.298   -2.628   -1.321    0.394    0.784    3.472    4.370    1.791
 488.00   21.912   22.042   22.046   -2.391   -0.374   -1.088   -2.391   -0.374    0.407    2.601    0.894    3.520    1.390
 488.10   20.771   20.987   20.993   -3.005    0.503   -2.229   -3.005    0.503   -1.121    6.700   -1.511    7.128    3.480
 488.20   20.624   20.859   20.872   -3.120    0.731   -2.376   -3.120    0.731   -1.736    7.414   -2.280    7.958    3.974
 488.30   20.870   21.199   21.219   -3.717   -0.923   -2.130   -3.717   -0.923    1.967    7.918    3.432    9.604    4.425
 488.40   20.173   20.863   20.882   -5.323   -0.879   -2.827   -5.323   -0.879    2.486   15.050    4.680   18.551    7.978
 488.50   21.037   21.701   21.712   -5.328   -0.677   -1.963   -5.328   -0.677    1.329   10.459    3.606   16.348    5.571
 488.60   21.915   22.455   22.455   -4.896    0.068   -1.085   -4.896    0.068   -0.074    5.313   -0.335   12.578    2.662
 488.70   22.448   22.903   22.903   -4.541    0.049   -0.552   -4.541    0.049   -0.027    2.506   -0.222   10.465    1.258
 488.80   21.843   22.061   22.091   -3.097    1.132   -1.157   -3.097    1.132   -1.310    3.584   -3.508    6.108    2.592
 488.90   22.091   22.311   22.345   -3.125    1.238   -0.909   -3.125    1.238   -1.125    2.841   -3.867    6.062    2.465
 489.00   22.474   22.851   22.869   -4.131   -0.922   -0.526   -4.131   -0.922    0.485    2.173    3.809    9.096    2.206
 489.10   23.096   23.386   23.392   -3.671    0.529    0.096   -3.671    0.529    0.051   -0.354   -1.943    6.884    0.988
 489.20   21.917   22.162   22.180   -3.292   -0.895   -1.083   -3.292   -0.895    0.969    3.567    2.945    6.407    2.363
 489.30   25.515   25.523   25.527   -0.632    0.452    2.515   -0.632    0.452    1.136   -1.590   -0.286    3.465    0.988
 489.40   27.925   27.961   27.967    1.421   -0.549    4.925    1.421   -0.549   -2.702    7.001   -0.780   13.289    3.772
 489.50   28.036   28.046   28.049    0.752    0.417    5.036    0.752    0.417    2.100    3.789    0.314   13.051    2.172
 489.60   27.493   27.517   27.562    1.147    1.568    4.493    1.147    1.568    7.045    5.154    1.799   11.981    4.456
 489.70   28.908   28.955   28.956    1.643   -0.211    5.908    1.643   -0.211   -1.245    9.709   -0.346   18.825    4.897
 489.80   29.063   29.131   29.143    1.987   -0.828    6.063    1.987   -0.828   -5.022   12.046   -1.645   20.699    6.577
 489.90   28.222   28.251   28.252    1.283    0.197    5.222    1.283    0.197    1.026    6.697    0.252   14.476    3.390
 490.00   28.261   28.372   28.380    2.506    0.679    5.261    2.506    0.679    3.572   13.186    1.701   17.212    6.884
 490.10   28.457   28.457   28.457   -0.163    0.077    5.457   -0.163    0.077    0.423   -0.888   -0.013   14.904    0.492
 490.20   27.513   27.517   27.521   -0.472    0.460    4.513   -0.472    0.460    2.078   -2.131   -0.217   10.401    1.492
 490.30   27.874   27.901   27.934   -1.233    1.356    4.874   -1.233    1.356    6.611   -6.009   -1.672   13.558    4.545
 490.40   27.385   27.560   27.658   -3.101    2.329    4.385   -3.101    2.329   10.212  -13.597   -7.221   17.134    9.237
 490.50   27.840   27.907   27.945   -1.929    1.449    4.840   -1.929    1.449    7.016   -9.335   -2.795   14.624    6.004
 490.60   27.126   27.127   27.150    0.253    1.136    4.126    0.253    1.136    4.686    1.044    0.287    9.187    2.405
 490.70   26.252   26.262   26.286   -0.724    1.137    3.252   -0.724    1.137    3.696   -2.356   -0.824    6.195    2.230
 490.80   25.977   25.999   26.000   -1.083   -0.164    2.977   -1.083   -0.164   -0.489   -3.225    0.178    5.030    1.633
 490.90   27.925   27.965   27.993   -1.495   -1.243    4.925   -1.495   -1.243   -6.123   -7.364    1.859   14.020    4.878
 491.00   30.257   30.378   30.435   -2.705   -1.860    7.257   -2.705   -1.860  -13.500  -19.628    5.031   31.721   12.174
 491.10   31.136   31.225   31.233   -2.357   -0.691    8.136   -2.357   -0.691   -5.626  -19.173    1.629   36.114   10.024
 491.20   30.584   30.686   30.696   -2.495   -0.770    7.584   -2.495   -0.770   -5.839  -18.920    1.920   32.169    9.946
 491.30   31.224   31.226   31.226   -0.371   -0.151    8.224   -0.371   -0.151   -1.240   -3.049    0.056   33.894    1.646
 491.40   30.478   30.478   30.482   -0.122   -0.478    7.478   -0.122   -0.478   -3.575   -0.912    0.058   28.080    1.845
 491.50   29.182   29.212   29.229   -1.327    0.983    6.182   -1.327    0.983    6.079   -8.204   -1.305   20.474    5.147
 491.60   28.628   28.629   28.631    0.294    0.340    5.628    0.294    0.340    1.914    1.653    0.100   15.937    1.266
 491.70   28.796   28.829   28.880   -1.366   -1.725    5.796   -1.366   -1.725   -9.997   -7.919    2.356   19.220    6.485
 491.80   29.137   29.146   29.188   -0.751   -1.557    6.137   -0.751   -1.557   -9.553   -4.608    1.169   20.322    5.335
 491.90   29.164   29.168   29.208   -0.511   -1.522    6.164   -0.511   -1.522   -9.379   -3.151    0.778   20.283    4.962
 492.00   26.305   26.337   26.341   -1.291   -0.457    3.305   -1.291   -0.457   -1.509   -4.268    0.589    6.400    2.283
 492.10   25.860   25.880   25.880   -1.023    0.001    2.860   -1.023    0.001    0.002   -2.925   -0.001    4.613    1.463
 492.20   25.041   25.041   25.043   -0.112   -0.283    2.041   -0.112   -0.283   -0.578   -0.229    0.032    2.129    0.311
 492.30   23.566   23.605   23.790   -1.362   -2.953    0.566   -1.362   -2.953   -1.672   -0.771    4.023    5.449    2.212
 492.40   24.952   25.095   25.208   -2.675   -2.381    1.952   -2.675   -2.381   -4.648   -5.222    6.370    8.319    4.729
 492.50   25.573   25.698   25.770   -2.535   -1.931    2.573   -2.535   -1.931   -4.967   -6.521    4.894    8.386    4.774
 492.60   24.814   24.838   24.903   -1.099   -1.786    1.814   -1.099   -1.786   -3.240   -1.993    1.962    3.844    2.140
 492.70   24.286   24.287   24.312    0.147   -1.096    1.286    0.147   -1.096   -1.410    0.189   -0.161    1.439    0.716
 492.80   25.410   25.417   25.572   -0.608   -2.815    2.410   -0.608   -2.815   -6.784   -1.464    1.711    7.051    3.574
 492.90   26.024   26.102   26.165   -2.014   -1.813    3.024   -2.014   -1.813   -5.482   -6.091    3.651    8.244    4.486
 493.00   26.029   26.194   26.212   -2.939   -0.956    3.029   -2.939   -0.956   -2.895   -8.902    2.809    9.363    4.887
 493.10   26.678   26.765   26.781   -2.157   -0.924    3.678   -2.157   -0.924   -3.400   -7.934    1.994    9.518    4.429
 493.20   26.162   26.183   26.184   -1.035   -0.281    3.162   -1.035   -0.281   -0.889   -3.272    0.291    5.574    1.701
 493.30   26.017   26.064   26.080   -1.566   -0.893    3.017   -1.566   -0.893   -2.694   -4.726    1.399    6.177    2.809
 493.40   27.144   27.197   27.216   -1.702   -1.017    4.144   -1.702   -1.017   -4.215   -7.054    1.732   10.552    4.199
 493.50   28.152   28.208   28.257   -1.766   -1.676    5.152   -1.766   -1.676   -8.637   -9.100    2.961   16.237    6.445
 493.60   28.065   28.086   28.104   -1.099   -0.992    5.065   -1.099   -0.992   -5.023   -5.567    1.090   13.921    3.789
 493.70   27.569   27.589   27.591   -1.037   -0.360    4.569   -1.037   -0.360   -1.643   -4.737    0.373   11.041    2.514
 493.80   27.075   27.154   27.157   -2.078    0.415    4.075   -2.078    0.415    1.693   -8.467   -0.863   10.546    4.339
 493.90   27.923   27.928   28.005   -0.563   -2.071    4.923   -0.563   -2.071  -10.194   -2.771    1.166   14.419    5.314
 494.00   28.638   28.655   28.680   -0.979   -1.209    5.638   -0.979   -1.209   -6.818   -5.521    1.184   17.105    4.426
 494.10   27.843   27.850   27.850   -0.596   -0.061    4.843   -0.596   -0.061   -0.297   -2.887    0.037   11.908    1.451
 494.20   26.261   26.329   26.331    1.889    0.379    3.261    1.889    0.379    1.235    6.159    0.715    7.172    3.161
 494.30   25.789   25.811   25.811    1.056   -0.128    2.789    1.056   -0.128   -0.358    2.945   -0.136    4.456    1.485
 494.40   26.438   26.438   26.463    0.111   -1.135    3.438    0.111   -1.135   -3.903    0.381   -0.126    6.561    1.962
 494.50   28.446   28.523   28.538    2.087   -0.928    5.446    2.087   -0.928   -5.053   11.369   -1.937   17.440    6.296
 494.60   28.657   28.807   28.820    2.941   -0.848    5.657    2.941   -0.848   -4.797   16.636   -2.494   20.683    8.746
 494.70   29.348   29.586   29.593    3.744    0.646    6.348    3.744    0.646    4.102   23.766    2.419   27.367   12.119
 494.80   25.701   25.777   25.802    1.978    1.153    2.701    1.978    1.153    3.115    5.341    2.281    6.267    3.295
 494.90   27.047   27.047   27.072    0.147    1.165    4.047    0.147    1.165    4.713    0.594    0.171    8.877    2.377
 495.00   28.944   28.944   28.960    0.066    0.954    5.944    0.066    0.954    5.670    0.394    0.063   18.124    2.842
 495.10   28.384   28.429   28.432   -1.603    0.424    5.384   -1.603    0.424    2.280   -8.629   -0.679   15.867    4.475
 495.20   27.019   27.102   27.106   -2.123    0.428    4.019   -2.123    0.428    1.718   -8.531   -0.907   10.420    4.375
 495.30   25.648   25.690   25.690   -1.479    0.035    2.648   -1.479    0.035    0.093   -3.917   -0.052    4.600    1.959
 495.40   26.068   26.136   26.141   -1.886   -0.494    3.068   -1.886   -0.494   -1.517   -5.785    0.932    6.606    3.026
 495.50   26.426   26.492   26.524   -1.870    1.308    3.426   -1.870    1.308    4.483   -6.405   -2.446    8.473    4.096
 495.60   26.433   26.658   26.762   -3.456    2.356    3.433   -3.456    2.356    8.087  -11.864   -8.142   14.639    8.253
 495.70   25.914   26.146   26.147   -3.476    0.229    2.914   -3.476    0.229    0.667  -10.130   -0.796   10.314    5.092
 495.80   27.143   27.274   27.321   -2.673    1.604    4.143   -2.673    1.604    6.643  -11.074   -4.287   13.440    6.803
 495.90   25.876   26.344   26.441   -4.946    2.266    2.876   -4.946    2.266    6.516  -14.223  -11.209   18.934    9.623
 496.00   26.124   26.429   26.567   -4.000    2.705    3.124   -4.000    2.705    8.452  -12.498  -10.823   16.541    9.284
 496.10   26.630   27.053   27.073   -4.769    1.040    3.630   -4.769    1.040    3.775  -17.309   -4.960   18.499    9.199
 496.20   26.157   26.438   26.443   -3.845   -0.513    3.157   -3.845   -0.513   -1.620  -12.137    1.973   12.505    6.201
 496.30   26.068   26.558   26.688   -5.074    2.640    3.068   -5.074    2.640    8.099  -15.570  -13.395   21.066   11.039
 496.40   26.127   26.470   26.575   -4.246    2.365    3.127   -4.246    2.365    7.395  -13.279  -10.041   16.701    9.108
 496.50   25.356   25.606   25.651   -3.565    1.519    2.356   -3.565    1.519    3.579   -8.400   -5.415   10.284    5.308
 496.60   24.479   24.753   24.896   -3.675    2.666    1.479   -3.675    2.666    3.942   -5.435   -9.797   11.400    5.938
 496.70   25.045   25.312   25.438   -3.666    2.531    2.045   -3.666    2.531    5.176   -7.497   -9.280   12.015    6.502
 496.80   23.970   24.131   24.217   -2.781    2.044    0.970   -2.781    2.044    1.983   -2.698   -5.683    6.425    3.298
 496.90   23.383   23.407   23.431   -1.078    1.053    0.383   -1.078    1.053    0.403   -0.412   -1.135    1.209    0.637
 497.00   23.535   23.576   23.594   -1.387    0.903    0.535   -1.387    0.903    0.483   -0.743   -1.252    1.512    0.767
 497.10   22.864   22.879   22.908   -0.847    1.147   -0.136   -0.847    1.147   -0.156    0.116   -0.972    1.026    0.496
 497.20   23.000   23.002   23.028    0.301    1.094   -0.000    0.301    1.094   -0.000   -0.000    0.329    0.644    0.165
 497.30   23.275   23.283   23.333   -0.605    1.538    0.275   -0.605    1.538    0.422   -0.166   -0.930    1.403    0.518
 497.40   22.564   22.666   22.976   -2.149    3.763   -0.436   -2.149    3.763   -1.641    0.937   -8.086    9.485    4.152
 497.50   22.887   23.133   23.445   -3.363    3.810   -0.113   -3.363    3.810   -0.430    0.380  -12.813   12.919    6.413
 497.60   23.022   23.141   23.313   -2.345    2.826    0.022   -2.345    2.826    0.063   -0.052   -6.628    6.744    3.314
 497.70   23.142   23.180   23.252   -1.331    1.822    0.142   -1.331    1.822    0.259   -0.189   -2.426    2.557    1.223
 497.80   22.392   22.542   22.555   -2.592   -0.777   -0.608   -2.592   -0.777    0.473    1.576    2.014    3.845    1.300
 497.90   22.423   22.740   22.742   -3.788   -0.298   -0.577   -3.788   -0.298    0.172    2.187    1.131    7.385    1.234
 498.00   23.423   23.868   23.868   -4.587   -0.099    0.423   -4.587   -0.099   -0.042   -1.940    0.454   10.614    0.997
 498.10   23.018   23.226   23.226   -3.101    0.044    0.018   -3.101    0.044    0.001   -0.056   -0.136    4.808    0.073
 498.20   23.087   23.392   23.433   -3.761   -1.388    0.087   -3.761   -1.388   -0.121   -0.329    5.222    8.042    2.617
 498.30   22.818   23.153   23.168   -3.925   -0.829   -0.182   -3.925   -0.829    0.151    0.716    3.255    8.064    1.668
 498.40   22.475   22.620   22.622   -2.557    0.255   -0.525   -2.557    0.255   -0.134    1.342   -0.652    3.439    0.749
 498.50   21.616   21.752   21.755   -2.425   -0.384   -1.384   -2.425   -0.384    0.531    3.356    0.930    3.971    1.761
 498.60   21.366   21.664   21.666   -3.579   -0.339   -1.634   -3.579   -0.339    0.555    5.849    1.215    7.799    3.000
 498.70   21.939   22.117   22.121   -2.799   -0.432   -1.061   -2.799   -0.432    0.458    2.969    1.208    4.572    1.619
 498.80   25.224   25.530   25.537   -3.940    0.584    2.224   -3.940    0.584    1.299   -8.764   -2.302   10.406    4.577
 498.90   25.353   25.779   25.785   -4.667   -0.531    2.353   -4.667   -0.531   -1.250  -10.984    2.478   13.803    5.665
 499.00   25.427   26.083   26.098   -5.812   -0.898    2.427   -5.812   -0.898   -2.180  -14.106    5.219   20.237    7.599
 499.10   24.951   25.534   25.536   -5.423    0.329    1.951   -5.423    0.329    0.642  -10.583   -1.784   16.665    5.376
 499.20   25.048   25.428   25.450   -4.378   -1.075    2.048   -4.378   -1.075   -2.202   -8.965    4.708   12.257    5.182
 499.30   25.867   25.980   25.987   -2.417   -0.626    2.867   -2.417   -0.626   -1.795   -6.930    1.513    7.227    3.658
 499.40   25.286   25.540   25.542   -3.595   -0.340    2.286   -3.595   -0.340   -0.776   -8.219    1.221    9.134    4.172
 499.50   25.783   26.493   26.497   -6.092    0.474    2.783   -6.092    0.474    1.319  -16.954   -2.888   22.540    8.625
 499.60   25.825   26.614   26.615   -6.429    0.221    2.825   -6.429    0.221    0.623  -18.165   -1.418   24.683    9.116
 499.70   25.798   26.235   26.255   -4.766    1.023    2.798   -4.766    1.023    2.863  -13.335   -4.877   15.794    7.242
 499.80   25.839   26.125   26.131   -3.858    0.519    2.839   -3.858    0.519    1.472  -10.954   -2.001   11.608    5.616
 499.90   26.283   26.733   26.748   -4.884    0.894    3.283   -4.884    0.894    2.935  -16.033   -4.366   17.713    8.437
 500.00   26.289   27.013   27.046   -6.213    1.329    3.289   -6.213    1.329    4.371  -20.433   -8.259   25.594   11.234
 500.10   27.064   27.516   27.516   -4.967    0.189    4.064   -4.967    0.189    0.767  -20.184   -0.937   20.610   10.110
 500.20   26.546   27.029   27.036   -5.088    0.596    3.546   -5.088    0.596    2.113  -18.043   -3.031   19.408    9.209
 500.30   26.693   27.067   27.070   -4.488   -0.390    3.693   -4.488   -0.390   -1.439  -16.574    1.750   16.967    8.364
 500.40   27.010   27.407   27.416   -4.644   -0.712    4.010   -4.644   -0.712   -2.857  -18.624    3.308   19.078    9.565
 500.50   27.382   27.867   27.869   -5.176    0.300    4.382   -5.176    0.300    1.313  -22.681   -1.550   23.041   11.386
 500.60   29.201   29.486   29.486   -4.092    0.135    6.201   -4.092    0.135    0.840  -25.371   -0.554   27.604   12.695
 500.70   29.270   29.542   29.544   -4.004    0.295    6.270   -4.004    0.295    1.848  -25.104   -1.180   27.714   12.600
 500.80   28.593   28.806   28.811   -3.499    0.534    5.593   -3.499    0.534    2.986  -19.567   -1.868   21.902    9.941
 500.90   28.720   29.021   29.023   -4.169   -0.319    5.720   -4.169   -0.319   -1.826  -23.845    1.331   25.099   11.976
 501.00   27.619   27.842   27.889   -3.516   -1.605    4.619   -3.516   -1.605   -7.415  -16.244    5.644   18.140    9.363
 501.10   26.356   26.531   26.677   -3.043   -2.791    3.356   -3.043   -2.791   -9.367  -10.211    8.493   14.156    8.126
 501.20   26.057   26.308   26.339   -3.625   -1.275    3.057   -3.625   -1.275   -3.899  -11.083    4.624   12.057    6.313
 501.30   27.716   27.900   27.919   -3.199   -1.031    4.716   -3.199   -1.031   -4.861  -15.084    3.297   16.767    8.094
 501.40   28.565   28.744   28.768   -3.203   -1.180    5.565   -3.203   -1.180   -6.569  -17.822    3.781   21.309    9.683
 501.50   28.417   28.671   28.703   -3.806   -1.366    5.417   -3.806   -1.366   -7.400  -20.620    5.200   22.850   11.258
 501.60   28.635   28.799   28.814   -3.062   -0.940    5.635   -3.062   -0.940   -5.296  -17.258    2.878   21.009    9.140
 501.70   28.903   28.948   28.949   -1.618   -0.131    5.903   -1.618   -0.131   -0.772   -9.550    0.212   18.740    4.792
 501.80   28.348   28.402   28.410   -1.762   -0.667    5.348   -1.762   -0.667   -3.569   -9.424    1.176   16.075    5.073
 501.90   27.930   28.001   28.001   -1.994   -0.136    4.930   -1.994   -0.136   -0.669   -9.830    0.271   14.148    4.928
 502.00   26.860   26.965   26.965   -2.369   -0.175    3.860   -2.369   -0.175   -0.674   -9.146    0.413   10.273    4.590
 502.10   27.267   27.332   27.366   -1.875   -1.368    4.267   -1.875   -1.368   -5.838   -8.001    2.565   11.798    5.116
 502.20   27.081   27.098   27.098   -0.941   -0.033    4.081   -0.941   -0.033   -0.134   -3.839    0.031    8.772    1.921
 502.30   27.423   27.456   27.456   -1.332    0.001    4.423   -1.332    0.001    0.005   -5.893   -0.002   10.670    2.946
 502.40   28.465   28.667   28.683   -3.403   -0.958    5.465   -3.403   -0.958   -5.233  -18.594    3.258   21.178    9.794
 502.50   28.750   28.994   29.023   -3.751   -1.297    5.750   -3.751   -1.297   -7.461  -21.572    4.867   24.412   11.669
 502.60   27.803   27.906   27.991   -2.397   -2.176    4.803   -2.397   -2.176  -10.451  -11.511    5.216   16.773    8.200
 502.70   26.583   26.902   26.930   -4.132   -1.217    3.583   -4.132   -1.217   -4.362  -14.805    5.030   15.696    8.116
 502.80   27.690   28.093   28.104   -4.739   -0.789    4.690   -4.739   -0.789   -3.702  -22.228    3.740   22.541   11.421
 502.90   27.174   27.731   27.738   -5.532    0.622    4.174   -5.532    0.622    2.594  -23.091   -3.438   24.206   11.745
 503.00   27.133   27.395   27.430   -3.776    1.392    4.133   -3.776    1.392    5.752  -15.608   -5.255   16.640    8.722
 503.10   26.019   26.139   26.164   -2.501    1.155    3.019   -2.501    1.155    3.486   -7.549   -2.888    8.350    4.401
 503.20   26.709   26.994   27.008   -3.913    0.880    3.709   -3.913    0.880    3.265  -14.514   -3.445   14.922    7.635
 503.30   26.459   26.929   26.931   -5.006   -0.366    3.459   -5.006   -0.366   -1.267  -17.315    1.833   18.578    8.729
 503.40   24.307   24.530   24.576   -3.301   -1.514    1.307   -3.301   -1.514   -1.978   -4.313    4.997    7.447    3.445
 503.50   24.255   24.513   24.514   -3.545   -0.251    1.255   -3.545   -0.251   -0.315   -4.449    0.890    7.103    2.274
 503.60   23.880   23.984   24.011   -2.235   -1.140    0.880   -2.235   -1.140   -1.003   -1.967    2.548    3.534    1.686
 503.70   23.290   23.392   23.392   -2.176    0.075    0.290   -2.176    0.075    0.022   -0.632   -0.164    2.412    0.326
 503.80   22.813   22.895   22.903   -1.934    0.598   -0.187   -1.934    0.598   -0.112    0.361   -1.156    2.066    0.608
 503.90   22.494   22.632   22.632   -2.494   -0.034   -0.506   -2.494   -0.034    0.017    1.263    0.086    3.239    0.633
 504.00   23.105   23.227   23.232   -2.374   -0.493    0.105   -2.374   -0.493   -0.052   -0.250    1.170    2.945    0.599
 504.10   23.638   23.712   23.714   -1.872   -0.243    0.638   -1.872   -0.243   -0.155   -1.195    0.454    1.985    0.644
 504.20   24.153   24.211   24.220   -1.679   -0.678    1.153   -1.679   -0.678   -0.782   -1.935    1.139    2.303    1.189
 504.30   24.097   24.195   24.208   -2.177   -0.806    1.097   -2.177   -0.806   -0.883   -2.387    1.754    3.295    1.546
 504.40   24.962   25.208   25.208   -3.515    0.147    1.962   -3.515    0.147    0.289   -6.894   -0.518    8.111    3.460
 504.50   24.710   24.831   24.838   -2.454    0.593    1.710   -2.454    0.593    1.014   -4.195   -1.455    4.648    2.277
 504.60   24.615   24.616   24.688    0.221    1.885    1.615    0.221    1.885    3.045    0.357    0.417    3.106    1.547
 504.70   23.974   24.024   24.080    1.555    1.642    0.974    1.555    1.642    1.599    1.514    2.552    3.030    1.686
 504.80   24.383   24.390   24.428   -0.583    1.359    1.383   -0.583    1.359    1.880   -0.807   -0.793    2.050    1.097
 504.90   24.918   24.997   25.021   -1.989    1.098    1.918   -1.989    1.098    2.105   -3.814   -2.183    4.419    2.436
 505.00   25.596   25.659   25.724   -1.799    1.825    2.596   -1.799    1.825    4.739   -4.671   -3.285    6.654    3.710
 505.10   26.345   26.386   26.454   -1.470    1.896    3.345   -1.470    1.896    6.341   -4.917   -2.786    8.472    4.247
 505.20   25.456   25.643   25.729   -3.092    2.107    2.456   -3.092    2.107    5.174   -7.592   -6.514   10.014    5.631
 505.30   25.245   25.273   25.279   -1.197    0.546    2.245   -1.197    0.546    1.227   -2.688   -0.654    3.386    1.513
 505.40   23.501   23.501   23.503   -0.183   -0.227    0.501   -0.183   -0.227   -0.114   -0.092    0.042    0.168    0.076
 505.50   23.563   23.578   23.578   -0.840    0.029    0.563   -0.840    0.029    0.016   -0.473   -0.024    0.512    0.237
 505.60   22.573   22.605   22.639   -1.204    1.245   -0.427   -1.204    1.245   -0.531    0.514   -1.499    1.591    0.835
 505.70   23.391   23.446   23.540   -1.611    2.101    0.391   -1.611    2.101    0.821   -0.629   -3.384    3.581    1.769
 505.80   24.512   24.553   24.715   -1.433    2.824    1.512   -1.433    2.824    4.269   -2.166   -4.046    6.156    3.134
 505.90   23.446   23.471   23.552   -1.101    1.948    0.446   -1.101    1.948    0.868   -0.491   -2.145    2.603    1.183
 506.00   23.563   23.624   23.689   -1.700    1.756    0.563   -1.700    1.756    0.988   -0.956   -2.985    3.145    1.643
 506.10   24.013   24.013   24.126   -0.167    2.328    1.013   -0.167    2.328    2.358   -0.169   -0.388    3.237    1.198
 506.20   24.768   24.874   24.880   -2.301    0.520    1.768   -2.301    0.520    0.920   -4.068   -1.197    4.346    2.170
 506.30   25.088   25.325   25.335   -3.457   -0.702    2.088   -3.457   -0.702   -1.465   -7.218    2.426    8.402    3.877
 506.40   25.904   26.092   26.113   -3.122   -1.051    2.904   -3.122   -1.051   -3.053   -9.067    3.281    9.643    5.057
 506.50   25.265   25.481   25.484   -3.310    0.403    2.265   -3.310    0.403    0.913   -7.497   -1.335    8.125    3.835
 506.60   25.313   25.383   25.383   -1.884   -0.022    2.313   -1.884   -0.022   -0.051   -4.358    0.042    4.450    2.179
 506.70   23.964   24.006   24.034   -1.429    1.150    0.964   -1.429    1.150    1.108   -1.377   -1.643    2.146    1.207
 506.80   23.310   23.313   23.315   -0.391    0.313    0.310   -0.391    0.313    0.097   -0.121   -0.122    0.174    0.099
 506.90   21.857   21.860   21.870   -0.320    0.653   -1.143   -0.320    0.653   -0.746    0.366   -0.209    0.917    0.429
 507.00   20.501   20.553   20.557   -1.452   -0.411   -2.499   -1.452   -0.411    1.027    3.627    0.597    4.260    1.908
 507.10   21.347   21.376   21.376   -1.115    0.055   -1.653   -1.115    0.055   -0.091    1.844   -0.061    1.990    0.923
 507.20   22.220   22.269   22.275   -1.469    0.543   -0.780   -1.469    0.543   -0.423    1.145   -0.798    1.530    0.729
 507.30   20.803   20.822   20.843   -0.878    0.944   -2.197   -0.878    0.944   -2.075    1.930   -0.829    3.245    1.476
 507.40   20.568   20.682   20.737   -2.168    1.508   -2.432   -2.168    1.508   -3.668    5.274   -3.270    6.446    3.604
 507.50   21.088   21.210   21.372   -2.269    2.630   -1.912   -2.269    2.630   -5.027    4.338   -5.967    7.859    4.464
 507.60   21.493   21.536   21.978   -1.363    4.385   -1.507   -1.363    4.385   -6.611    2.054   -5.975   11.679    4.572
 507.70   21.011   21.021   21.193   -0.652    2.688   -1.989   -0.652    2.688   -5.346    1.296   -1.751    5.802    2.886
 507.80   21.119   21.257   21.381   -2.414    2.301   -1.881   -2.414    2.301   -4.328    4.539   -5.554    7.329    4.189
 507.90   19.199   19.428   19.584   -2.974    2.462   -3.801   -2.974    2.462   -9.357   11.304   -7.322   14.676    8.200
 508.00   20.264   20.324   20.591   -1.558    3.308   -2.736   -1.558    3.308   -9.052    4.262   -5.154   10.429    5.627
 508.10   19.415   19.644   19.741   -2.989    1.958   -3.585   -2.989    1.958   -7.020   10.715   -5.853   12.810    7.042
 508.20   17.722   17.810   17.865   -1.767    1.399   -5.278   -1.767    1.399   -7.385    9.329   -2.473   16.471    6.076
 508.30   18.589   18.650   18.680   -1.497    1.066   -4.411   -1.497    1.066   -4.701    6.605   -1.596   11.416    4.131
 508.40   19.097   19.161   19.204   -1.565    1.282   -3.903   -1.565    1.282   -5.004    6.106   -2.006    9.662    4.073
 508.50   19.445   19.578   19.589   -2.282    0.631   -3.555   -2.282    0.631   -2.244    8.111   -1.440    9.121    4.269
 508.60   19.823   19.967   20.024   -2.396   -1.515   -3.177   -2.396   -1.515    4.812    7.614    3.629    9.066    4.855
 508.70   20.113   20.269   20.326   -2.504   -1.529   -2.887   -2.504   -1.529    4.415    7.230    3.830    8.472    4.648
 508.80   20.124   20.460   20.523   -3.694   -1.610   -2.876   -3.694   -1.610    4.632   10.625    5.949   12.256    6.514
 508.90   19.773   19.966   20.032   -2.773   -1.620   -3.227   -2.773   -1.620    5.227    8.950    4.491   10.364    5.648
 509.00   20.505   20.778   20.861   -3.358   -1.863   -2.495   -3.358   -1.863    4.649    8.379    6.258   10.487    5.722
 509.10   21.607   21.865   22.000   -3.354   -2.431   -1.393   -3.354   -2.431    3.387    4.673    8.153    9.550    4.995
 509.20   21.940   22.098   22.145   -2.641   -1.443   -1.060   -2.641   -1.443    1.530    2.800    3.811    5.091    2.485
 509.30   23.241   23.475   23.482   -3.312   -0.559    0.241   -3.312   -0.559   -0.134   -0.797    1.850    5.669    1.009
 509.40   21.707   22.116   22.117   -4.233   -0.204   -1.293   -4.233   -0.204    0.264    5.475    0.865    9.818    2.775
 509.50   20.997   21.207   21.208   -2.976    0.125   -2.003   -2.976    0.125   -0.250    5.960   -0.371    6.442    2.989
 509.60   20.538   20.719   20.724   -2.735   -0.450   -2.462   -2.735   -0.450    1.107    6.733    1.230    6.871    3.466
 509.70   22.064   22.287   22.304   -3.146   -0.865   -0.936   -3.146   -0.865    0.809    2.945    2.721    5.762    2.045
 509.80   22.025   22.366   22.426   -3.891   -1.641   -0.975   -3.891   -1.641    1.601    3.795    6.386    9.392    3.799
 509.90   21.884   22.055   22.112   -2.744   -1.581   -1.116   -2.744   -1.581    1.765    3.063    4.340    5.639    2.799
 510.00   22.620   22.822   22.921   -3.026   -2.126   -0.380   -3.026   -2.126    0.807    1.149    6.433    6.910    3.292
 510.10   22.627   22.759   22.806   -2.445   -1.459   -0.373   -2.445   -1.459    0.544    0.911    3.569    4.124    1.861
 510.20   22.885   22.918   23.041   -1.224   -2.380   -0.115   -1.224   -2.380    0.273    0.140    2.914    3.588    1.465
 510.30   22.728   22.751   22.851   -1.014   -2.136   -0.272   -1.014   -2.136    0.580    0.275    2.166    2.833    1.130
 510.40   23.189   23.215   23.321   -1.100   -2.224    0.189   -1.100   -2.224   -0.419   -0.207    2.447    3.096    1.246
 510.50   23.037   23.037   23.177   -0.053   -2.545    0.037   -0.053   -2.545   -0.094   -0.002    0.135    3.242    0.082
 510.60   22.336   22.338   22.554    0.283   -3.117   -0.664    0.283   -3.117    2.070   -0.188   -0.883    5.119    1.129
 510.70   22.973   23.005   23.127    1.209   -2.373   -0.027    1.209   -2.373    0.064   -0.033   -2.868    3.546    1.435
 510.80   22.060   22.086   22.264    1.067   -2.811   -0.940    1.067   -2.811    2.643   -1.003   -2.998    4.962    2.060
 510.90   21.713   21.725   21.725    0.711   -0.172   -1.287    0.711   -0.172    0.222   -0.915   -0.122    1.096    0.475
 511.00   22.292   22.335   22.337    1.375    0.317   -0.708    1.375    0.317   -0.225   -0.973    0.436    1.245    0.545
 511.10   22.813   23.051   23.055    3.303    0.428   -0.187    3.303    0.428   -0.080   -0.617    1.413    5.563    0.772
 511.20   24.341   24.450   24.474    2.305    1.077    1.341    2.305    1.077    1.445    3.092    2.483    4.136    2.110
 511.30   24.056   24.093   24.104    1.334    0.719    1.056    1.334    0.719    0.760    1.409    0.959    1.706    0.933
 511.40   22.477   22.502   22.626    1.043    2.367   -0.523    1.043    2.367   -1.237   -0.545    2.470    3.482    1.408
 511.50   21.495   21.499   21.502    0.448   -0.363   -1.505    0.448   -0.363    0.547   -0.675   -0.163    1.299    0.442
 511.60   20.569   20.592   20.649    0.973   -1.536   -2.431    0.973   -1.536    3.734   -2.364   -1.494    4.607    2.333
 511.70   18.424   18.468   18.598    1.268   -2.196   -4.576    1.268   -2.196   10.047   -5.804   -2.785   13.684    5.966
 511.80   17.950   17.951   18.031    0.145   -1.701   -5.050    0.145   -1.701    8.592   -0.731   -0.246   14.208    4.313
 511.90   19.406   19.408   19.544   -0.249   -2.306   -3.594   -0.249   -2.306    8.286    0.894    0.573    9.147    4.177
 512.00   20.743   20.747   20.887    0.387   -2.416   -2.257    0.387   -2.416    5.452   -0.874   -0.936    5.539    2.800
 512.10   22.210   22.212   22.285   -0.261   -1.800   -0.790   -0.261   -1.800    1.422    0.206    0.470    1.967    0.756
 512.20   21.324   21.325   21.344    0.172   -0.906   -1.676    0.172   -0.906    1.519   -0.288   -0.156    1.830    0.777
 512.30   20.603   20.610   20.621   -0.531   -0.694   -2.397   -0.531   -0.694    1.663    1.273    0.368    3.255    1.063
 512.40   21.223   21.255   21.344   -1.168   -1.952   -1.777   -1.168   -1.952    3.469    2.075    2.279    4.166    2.320
 512.50   21.755   21.773   21.773   -0.877   -0.145   -1.245   -0.877   -0.145    0.181    1.092    0.128    1.170    0.557
 512.60   22.464   22.522   22.532   -1.612    0.668   -0.536   -1.612    0.668   -0.358    0.863   -1.076    1.665    0.713
 512.70   22.001   22.031   22.052   -1.148    0.959   -0.999   -1.148    0.959   -0.958    1.146   -1.101    1.617    0.928
 512.80   21.984   22.000   22.001   -0.850    0.170   -1.016   -0.850    0.170   -0.173    0.863   -0.144    0.892    0.446
 512.90   22.482   22.568   22.593   -1.966   -1.076   -0.518   -1.966   -1.076    0.558    1.019    2.116    2.647    1.207
 513.00   21.754   22.082   22.128   -3.793   -1.419   -1.246   -3.793   -1.419    1.768    4.726    5.382    8.978    3.689
 513.10   22.381   22.479   22.523   -2.089   -1.411   -0.619   -2.089   -1.411    0.873    1.293    2.948    3.370    1.668
 513.20   22.705   22.738   22.869   -1.231   -2.439   -0.295   -1.231   -2.439    0.719    0.363    3.002    3.776    1.554
 513.30   23.536   23.594   23.669   -1.656   -1.879    0.536   -1.656   -1.879   -1.007   -0.888    3.111    3.279    1.694
 513.40   24.987   24.989   25.010    0.323   -1.038    1.987    0.323   -1.038   -2.062    0.642   -0.336    2.564    1.093
 513.50   24.894   24.895   24.899    0.241   -0.432    1.894    0.241   -0.432   -0.817    0.456   -0.104    1.915    0.471
 513.60   24.250   24.276   24.279    1.112   -0.393    1.250    1.112   -0.393   -0.492    1.390   -0.437    1.477    0.769
 513.70   23.634   23.705   23.709    1.829   -0.472    0.634    1.829   -0.472   -0.299    1.159   -0.863    1.985    0.738
 513.80   25.038   25.094   25.094    1.670    0.075    2.038    1.670    0.075    0.152    3.404    0.125    3.474    1.705
 513.90   24.612   24.653   24.697    1.423   -1.468    1.612    1.423   -1.468   -2.367    2.294   -2.090    3.390    1.951
 514.00   26.384   26.429   26.453    1.535   -1.127    3.384    1.535   -1.127   -3.816    5.194   -1.730    7.540    3.336
 514.10   26.734   26.751   26.753    0.940   -0.302    3.734    0.940   -0.302   -1.129    3.509   -0.284    7.460    1.848
 514.20   26.339   26.410   26.430    1.934    1.028    3.339    1.934    1.028    3.433    6.459    1.989    7.974    3.790
 514.30   26.357   26.396   26.412    1.429    0.938    3.357    1.429    0.938    3.150    4.797    1.341    7.095    2.947
 514.40   25.399   25.406   25.406    0.606   -0.032    2.399    0.606   -0.032   -0.076    1.454   -0.019    3.062    0.728
 514.50   26.960   26.960   26.964   -0.070   -0.467    3.960   -0.070   -0.467   -1.848   -0.279    0.033    7.953    0.935
 514.60   25.961   25.962   25.967    0.256    0.501    2.961    0.256    0.501    1.485    0.758    0.128    4.542    0.836
 514.70   26.050   26.054   26.064    0.434   -0.738    3.050    0.434   -0.738   -2.252    1.325   -0.321    5.019    1.316
 514.80   27.264   27.301   27.302    1.422    0.110    4.264    1.422    0.110    0.469    6.065    0.156   10.109    3.042
 514.90   27.123   27.154   27.156    1.288   -0.281    4.123    1.288   -0.281   -1.161    5.313   -0.363    9.371    2.725
 515.00   26.642   26.659   26.659    0.929    0.067    3.642    0.929    0.067    0.245    3.385    0.062    7.068    1.697
 515.10   26.132   26.190   26.201    1.740    0.763    3.132    1.740    0.763    2.390    5.450    1.328    6.711    3.049
 515.20   24.082   24.189   24.201    2.274    0.764    1.082    2.274    0.764    0.827    2.460    1.737    3.462    1.562
 515.30   25.819   25.926   25.974    2.358    1.576    2.819    2.358    1.576    4.441    6.647    3.715    7.994    4.408
 515.40   28.052   28.210   28.221    2.987    0.784    5.052    2.987    0.784    3.961   15.090    2.342   17.528    7.888
 515.50   28.127   28.267   28.304    2.813    1.434    5.127    2.813    1.434    7.353   14.423    4.034   18.128    8.342
 515.60   27.780   27.904   27.938    2.619    1.391    4.780    2.619    1.391    6.650   12.519    3.643   15.823    7.318
 515.70   27.109   27.133   27.139    1.124    0.584    4.109    1.124    0.584    2.401    4.617    0.656    9.245    2.623
 515.80   25.816   25.826   25.835    0.728    0.672    2.816    0.728    0.672    1.893    2.050    0.489    4.455    1.416
 515.90   26.161   26.161   26.181    0.008   -1.014    3.161    0.008   -1.014   -3.206    0.026   -0.008    5.511    1.603
 516.00   26.257   26.257   26.257    0.079   -0.182    3.257    0.079   -0.182   -0.592    0.258   -0.014    5.323    0.323
 516.10   27.963   27.970   28.010   -0.602   -1.495    4.963   -0.602   -1.495   -7.420   -2.987    0.900   13.615    4.024
 516.20   27.956   27.963   27.963    0.650    0.010    4.956    0.650    0.010    0.049    3.220    0.006   12.491    1.610
 516.30   27.566   27.642   27.653    2.056    0.767    4.566    2.056    0.767    3.504    9.385    1.578   12.829    5.070
 516.40   29.069   29.110   29.117    1.558   -0.624    6.069    1.558   -0.624   -3.784    9.457   -0.972   19.823    5.116
 516.50   29.640   29.641   29.646    0.221   -0.514    6.640    0.221   -0.514   -3.415    1.471   -0.114   22.203    1.860
 516.60   29.097   29.103   29.127   -0.585   -1.193    6.097   -0.585   -1.193   -7.277   -3.564    0.698   19.470    4.066
 516.70   28.708   28.753   28.784    1.615   -1.337    5.708    1.615   -1.337   -7.631    9.219   -2.159   18.487    6.080
 516.80   29.298   29.339   29.354    1.560   -0.930    6.298    1.560   -0.930   -5.855    9.826   -1.451   21.479    5.765
 516.90   28.829   28.835   28.845    0.613    0.745    5.829    0.613    0.745    4.343    3.575    0.457   17.453    2.822
 517.00   30.597   30.597   30.605    0.187    0.673    7.597    0.187    0.673    5.113    1.418    0.126   29.100    2.654
 517.10   31.426   31.428   31.428   -0.377    0.076    8.426   -0.377    0.076    0.643   -3.172   -0.029   35.573    1.619
 517.20   32.022   32.022   32.035   -0.106   -0.901    9.022   -0.106   -0.901   -8.129   -0.958    0.096   41.107    4.093
 517.30   31.063   31.105   31.107   -1.622    0.327    8.063   -1.622    0.327    2.633  -13.079   -0.530   33.876    6.676
 517.40   31.378   31.385   31.400   -0.681    0.978    8.378   -0.681    0.978    8.191   -5.702   -0.665   35.803    5.001
 517.50   30.421   30.422   30.440    0.204    1.044    7.421    0.204    1.044    7.747    1.514    0.213   28.104    3.948
 517.60   29.530   29.535   29.539    0.523    0.481    6.530    0.523    0.481    3.142    3.418    0.252   21.573    2.325
 517.70   29.970   29.976   29.978    0.603    0.307    6.970    0.603    0.307    2.138    4.204    0.185   24.522    2.360
 517.80   29.461   29.461   29.462    0.102   -0.145    6.461    0.102   -0.145   -0.938    0.662   -0.015   20.890    0.574
 517.90   28.900   28.904   28.906   -0.465   -0.369    5.900   -0.465   -0.369   -2.179   -2.742    0.172   17.581    1.753
 518.00   29.580   29.593   29.604   -0.866    0.808    6.580   -0.866    0.808    5.316   -5.696   -0.699   22.349    3.911
 518.10   29.419   29.422   29.475    0.403    1.778    6.419    0.403    1.778   11.413    2.586    0.716   22.264    5.862
 518.20   28.662   28.698   28.772    1.443    2.059    5.662    1.443    2.059   11.659    8.170    2.972   19.189    7.272
 518.30   28.823   28.880   28.935    1.816    1.794    5.823    1.816    1.794   10.443   10.575    3.257   20.208    7.607
 518.40   29.660   29.975   30.013    4.331    1.523    6.660    4.331    1.523   10.146   28.845    6.598   32.718   15.641
 518.50   28.302   28.571   28.572    3.911    0.323    5.302    3.911    0.323    1.713   20.735    1.264   21.754   10.422
 518.60   28.497   28.760   28.826    3.879    1.942    5.497    3.879    1.942   10.676   21.323    7.533   24.519   12.504
 518.70   28.564   28.840   28.875    3.979    1.436    5.564    3.979    1.436    7.987   22.138    5.712   24.424   12.109
 518.80   28.256   28.432   28.441    3.162    0.707    5.256    3.162    0.707    3.713   16.621    2.234   19.061    8.588
 518.90   27.659   28.164   28.243    5.305    2.115    4.659    5.305    2.115    9.854   24.719   11.220   27.164   14.440
 519.00   28.403   28.979   29.028    5.747    1.697    5.403    5.747    1.697    9.167   31.049    9.750   32.547   16.905
 519.10   28.099   28.812   28.817    6.370    0.522    5.099    6.370    0.522    2.660   32.481    3.323   33.426   16.379
 519.20   28.606   29.107   29.121    5.376   -0.918    5.606    5.376   -0.918   -5.147   30.136   -4.936   30.584   15.484
 519.30   30.013   30.883   30.893    7.280   -0.786    7.013    7.280   -0.786   -5.515   51.055   -5.725   51.400   25.835
 519.40   28.317   29.651   29.665    8.791   -0.930    5.317    8.791   -0.930   -4.947   46.746   -8.180   53.214   23.857
 519.50   27.835   29.387   29.395    9.424   -0.656    4.835    9.424   -0.656   -3.172   45.568   -6.182   56.309   23.047
 519.60   28.456   29.535   29.537    7.913   -0.284    5.456    7.913   -0.284   -1.551   43.170   -2.249   46.229   21.628
 519.70   29.186   30.275   30.300    8.044   -1.234    6.186    8.044   -1.234   -7.632   49.763   -9.924   52.250   25.657
 519.80   28.536   29.211   29.213    6.241   -0.336    5.536    6.241   -0.336   -1.860   34.553   -2.097   34.858   17.333
 519.90   27.723   28.599   28.600    7.025    0.239    4.723    7.025    0.239    1.127   33.178    1.676   35.858   16.620
 520.00   29.478   30.170   30.172    6.422    0.384    6.478    6.422    0.384    2.486   41.606    2.464   41.681   20.877
 520.10   28.379   28.887   28.896    5.398    0.690    5.379    5.398    0.690    3.709   29.034    3.722   29.271   14.753
 520.20   27.822   28.364   28.365    5.516   -0.289    4.822    5.516   -0.289   -1.391   26.600   -1.592   26.883   13.342
 520.30   29.363   30.296   30.296    7.461   -0.190    6.363    7.461   -0.190   -1.210   47.473   -1.419   48.094   23.755
 520.40   28.492   28.927   28.936    5.000   -0.706    5.492    5.000   -0.706   -3.879   27.461   -3.532   27.832   13.979
 520.50   28.916   29.098   29.099    3.248   -0.163    5.916    3.248   -0.163   -0.963   19.218   -0.529   22.790    9.625
 520.60   27.984   28.091   28.091    2.451   -0.045    4.984    2.451   -0.045   -0.222   12.215   -0.109   15.423    6.109
 520.70   28.445   28.596   28.600    2.935   -0.441    5.445    2.935   -0.441   -2.400   15.983   -1.294   19.230    8.107
 520.80   27.815   27.922   28.031    2.442   -2.466    4.815    2.442   -2.466  -11.873   11.760   -6.023   17.616    8.882
 520.90   28.555   28.723   28.825    3.104   -2.418    5.555    3.104   -2.418  -13.432   17.242   -7.506   23.169   11.555
 521.00   29.659   29.806   29.942    2.955   -2.852    6.659    2.955   -2.852  -18.988   19.674   -8.425   30.601   14.306
 521.10   30.223   30.486   30.748    3.992   -4.005    7.223    3.992   -4.005  -28.930   28.839  -15.990   42.079   21.934
 521.20   29.379   29.919   30.175    5.660   -3.924    6.379    5.660   -3.924  -25.028   36.102  -22.207   44.058   24.611
 521.30   30.330   30.936   31.057    6.093   -2.735    7.330    6.093   -2.735  -20.045   44.661  -16.661   49.166   25.855
 521.40   30.429   30.966   31.076    5.740   -2.610    7.429    5.740   -2.610  -19.392   42.644  -14.984   47.477   24.592
 521.50   30.334   30.925   30.949    6.014   -1.227    7.334    6.014   -1.227   -8.999   44.111   -7.379   45.735   22.810
 521.60   30.860   31.563   31.607    6.624   -1.674    7.860    6.624   -1.674  -13.154   52.061  -11.085   54.225   27.414
 521.70   32.071   32.702   32.742    6.395   -1.616    9.071    6.395   -1.616  -14.658   58.010  -10.335   62.895   30.360
 521.80   30.633   31.604   31.640    7.774   -1.503    7.633    7.774   -1.503  -11.469   59.340  -11.682   60.479   30.779
 521.90   27.976   28.835   28.875    6.989   -1.515    4.976    6.989   -1.515   -7.537   34.774  -10.586   37.948   18.561
 522.00   28.403   29.052   29.099    6.106   -1.646    5.403    6.106   -1.646   -8.896   32.992  -10.053   34.594   17.809
 522.10   28.447   29.127   29.200    6.256   -2.065    5.447    6.256   -2.065  -11.251   34.078  -12.922   36.538   19.071
 522.20   27.307   28.186   28.423    6.983   -3.662    4.307    6.983   -3.662  -15.771   30.080  -25.570   40.365   21.257
 522.30   27.006   27.504   27.760    5.206   -3.762    4.006    5.206   -3.762  -15.072   20.855  -19.583   28.651   16.168
 522.40   26.820   27.233   27.433    4.726   -3.306    3.820    4.726   -3.306  -12.627   18.052  -15.623   23.927   13.504
 522.50   26.612   26.926   27.086    4.100   -2.933    3.612    4.100   -2.933  -10.596   14.810  -12.025   19.230   10.911
 522.60   26.651   27.043   27.241    4.588   -3.279    3.651    4.588   -3.279  -11.971   16.750  -15.045   22.565   12.749
 522.70   26.463   26.806   26.879    4.275   -1.982    3.463    4.275   -1.982   -6.862   14.804   -8.473   17.098    9.193
 522.80   26.251   26.323   26.391    1.944   -1.895    3.251    1.944   -1.895   -6.161    6.321   -3.684    8.970    4.782
 522.90   26.901   27.006   27.054    2.378   -1.619    3.901    2.378   -1.619   -6.316    9.277   -3.850   11.747    5.932
 523.00   27.284   27.409   27.576    2.616   -3.033    4.284    2.616   -3.033  -12.993   11.206   -7.936   17.197    9.452
 523.10   27.117   27.143   27.312    1.204   -3.029    4.117    1.204   -3.029  -12.469    4.955   -3.646   13.785    6.952
 523.20   25.978   25.989   26.414   -0.750   -4.719    2.978   -0.750   -4.719  -14.053   -2.233    3.539   15.848    7.331
 523.30   24.412   24.412   24.651   -0.118   -3.422    1.412   -0.118   -3.422   -4.831   -0.167    0.405    6.860    2.426
 523.40   24.766   24.901   25.415    2.593   -5.081    1.766    2.593   -5.081   -8.974    4.579  -13.173   17.829    8.292
 523.50   24.149   24.269   24.775    2.409   -4.979    1.149    2.409   -4.979   -5.722    2.768  -11.994   15.957    6.787
 523.60   24.463   24.673   25.118    3.214   -4.702    1.463    3.214   -4.702   -6.881    4.702  -15.113   17.291    8.629
 523.70   25.078   25.144   25.329    1.812   -3.058    2.078    1.812   -3.058   -6.356    3.766   -5.542    8.479    4.618
 523.80   24.633   24.686   24.784    1.622   -2.204    1.633    1.622   -2.204   -3.599    2.648   -3.574    5.076    2.861
 523.90   24.995   25.000   25.069    0.491   -1.859    1.995    0.491   -1.859   -3.710    0.979   -0.913    3.840    1.972
 524.00   26.131   26.200   26.284    1.892   -2.108    3.131    1.892   -2.108   -6.601    5.924   -3.988    8.914    4.862
 524.10   26.563   26.646   26.669    2.094   -1.123    3.563    2.094   -1.123   -4.002    7.462   -2.352    9.172    4.394
 524.20   24.496   24.517   24.527   -1.015    0.706    1.496   -1.015    0.706    1.057   -1.518   -0.717    1.883    0.992
 524.30   23.201   23.203   23.211   -0.294    0.609    0.201   -0.294    0.609    0.122   -0.059   -0.179    0.249    0.112
 524.40   22.730   22.732   22.763   -0.228    1.196   -0.270   -0.228    1.196   -0.322    0.062   -0.273    0.778    0.214
 524.50   23.280   23.391   23.436   -2.278    1.465    0.280   -2.278    1.465    0.409   -0.637   -3.336    3.706    1.710
 524.60   22.430   22.532   22.532   -2.135    0.086   -0.570   -2.135    0.086   -0.049    1.216   -0.185    2.444    0.616
 524.70   22.305   22.317   22.333   -0.732   -0.859   -0.695   -0.732   -0.859    0.597    0.509    0.629    0.879    0.503
 524.80   22.362   22.486   22.489   -2.359   -0.341   -0.638   -2.359   -0.341    0.217    1.505    0.804    3.044    0.860
 524.90   22.457   22.730   22.781   -3.515   -1.530   -0.543   -3.515   -1.530    0.832    1.910    5.378    7.495    2.884
 525.00   22.045   22.163   22.248   -2.284   -1.948   -0.955   -2.284   -1.948    1.861    2.182    4.450    4.963    2.647
 525.10   22.220   22.252   22.287   -1.190   -1.243   -0.780   -1.190   -1.243    0.970    0.929    1.480    1.786    0.999
 525.20   21.324   21.402   21.403   -1.831   -0.200   -1.676   -1.831   -0.200    0.336    3.069    0.367    3.101    1.555
 525.30   21.274   21.479   21.480   -2.965    0.212   -1.726   -2.965    0.212   -0.366    5.117   -0.629    5.907    2.584
 525.40   21.306   21.481   21.483   -2.737    0.275   -1.694   -2.737    0.275   -0.467    4.637   -0.754    5.219    2.360
 525.50   21.170   21.338   21.429   -2.672    1.978   -1.830   -2.672    1.978   -3.620    4.890   -5.285    7.200    4.030
 525.60   21.105   21.222   21.232   -2.232    0.642   -1.895   -2.232    0.642   -1.217    4.231   -1.433    4.494    2.315
 525.70   20.777   21.032   21.033   -3.267    0.183   -2.223   -3.267    0.183   -0.406    7.262   -0.597    7.823    3.649
 525.80   21.697   22.004   22.004   -3.661   -0.012   -1.303   -3.661   -0.012    0.016    4.771    0.044    7.552    2.386
 525.90   22.803   23.111   23.136   -3.759   -1.071   -0.197   -3.759   -1.071    0.211    0.739    4.027    7.659    2.050
 526.00   23.445   23.615   23.619   -2.826   -0.428    0.445   -2.826   -0.428   -0.191   -1.258    1.210    4.184    0.878
 526.10   22.885   22.960   22.978   -1.851   -0.914   -0.115   -1.851   -0.914    0.105    0.212    1.691    2.136    0.854
 526.20   22.824   22.901   22.981   -1.875   -1.918   -0.176   -1.875   -1.918    0.337    0.330    3.596    3.612    1.813
 526.30   23.111   23.205   23.364   -2.083   -2.727    0.111   -2.083   -2.727   -0.303   -0.231    5.678    5.892    2.846
 526.40   21.241   21.627   21.697   -4.067   -1.747   -1.759   -4.067   -1.747    3.074    7.153    7.107   11.344    5.271
 526.50   21.298   21.742   21.812   -4.368   -1.755   -1.702   -4.368   -1.755    2.986    7.433    7.664   12.527    5.543
 526.60   21.520   21.638   21.641   -2.256   -0.363   -1.480   -2.256   -0.363    0.537    3.338    0.818    3.706    1.739
 526.70   20.873   21.147   21.152   -3.394   -0.471   -2.127   -3.394   -0.471    1.002    7.221    1.599    8.134    3.732
 526.80   19.288   19.312   19.379   -0.972   -1.602   -3.712   -0.972   -1.602    5.947    3.609    1.557    8.646    3.564
 526.90   18.816   18.841   18.926   -0.971   -1.793   -4.184   -0.971   -1.793    7.500    4.063    1.741   10.830    4.353
 527.00   19.800   19.801   19.972    0.200   -2.612   -3.200    0.200   -2.612    8.359   -0.640   -0.523    8.552    4.200
 527.10   19.197   19.199   19.250    0.302   -1.393   -3.803    0.302   -1.393    5.296   -1.148   -0.420    8.248    2.718
 527.20   20.375   20.402   20.585   -1.055   -2.735   -2.625   -1.055   -2.735    7.180    2.769    2.885    7.742    4.109
 527.30   20.471   20.476   20.660    0.466   -2.749   -2.529    0.466   -2.749    6.953   -1.179   -1.281    7.086    3.584
 527.40   20.060   20.208   20.463    2.439   -3.223   -2.940    2.439   -3.223    9.475   -7.171   -7.861   12.490    7.124
 527.50   20.853   21.026   21.091    2.693   -1.650   -2.147    2.693   -1.650    3.543   -5.784   -4.444    7.294    4.054
 527.60   20.555   20.826   20.893    3.351   -1.677   -2.445    3.351   -1.677    4.102   -8.194   -5.620   10.010    5.375
 527.70   20.087   20.392   20.417    3.517   -1.004   -2.913    3.517   -1.004    2.925  -10.247   -3.532   10.934    5.613
 527.80   19.830   20.430   20.430    4.917   -0.055   -3.170    4.917   -0.055    0.175  -15.589   -0.272   17.116    7.796
 527.90   21.297   21.579   21.608    3.476   -1.136   -1.703    3.476   -1.136    1.935   -5.920   -3.948    8.136    3.687
 528.00   22.299   22.420   22.431    2.327   -0.693   -0.701    2.327   -0.693    0.485   -1.631   -1.612    3.194    1.172
 528.10   21.549   21.776   21.777    3.136   -0.230   -1.451    3.136   -0.230    0.333   -4.550   -0.720    5.997    2.309
 528.20   22.906   22.941   22.941    1.259    0.042   -0.094    1.259    0.042   -0.004   -0.118    0.053    0.798    0.065
 528.30   23.269   23.332   23.341    1.708   -0.653    0.269    1.708   -0.653   -0.176    0.460   -1.116    1.708    0.610
 528.40   21.083   21.149   21.154    1.662   -0.473   -1.917    1.662   -0.473    0.907   -3.186   -0.786    3.331    1.703
 528.50   21.104   21.217   21.218    2.193    0.109   -1.896    2.193    0.109   -0.208   -4.159    0.240    4.210    2.086
 528.60   20.480   20.608   20.610    2.293    0.279   -2.520    2.293    0.279   -0.704   -5.778    0.641    5.843    2.928
 528.70   21.010   21.239   21.343    3.110    2.104   -1.990    3.110    2.104   -4.188   -6.191    6.544    9.031    4.967
 528.80   20.000   20.211   20.244    2.915    1.144   -3.000    2.915    1.144   -3.432   -8.747    3.336    9.405    4.985
 528.90   19.780   19.780   19.792    0.169    0.672   -3.220    0.169    0.672   -2.163   -0.544    0.113    5.425    1.116
 529.00   20.487   20.497   20.498    0.641   -0.139   -2.513    0.641   -0.139    0.349   -1.610   -0.089    3.372    0.825
 529.10   19.707   19.911   19.931    2.837   -0.892   -3.293    2.837   -0.892    2.938   -9.341   -2.532    9.843    5.057
 529.20   19.471   19.539   19.551    1.626   -0.703   -3.529    1.626   -0.703    2.480   -5.738   -1.142    7.796    3.177
 529.30   19.540   19.780   19.890    3.068   -2.095   -3.460    3.068   -2.095    7.249  -10.614   -6.427   12.886    7.185
 529.40   18.105   18.191   18.245    1.764   -1.402   -4.895    1.764   -1.402    6.862   -8.636   -2.473   14.519    5.652
 529.50   18.548   18.583   18.591    1.152   -0.536   -4.452    1.152   -0.536    2.388   -5.127   -0.618   10.718    2.845
 529.60   19.547   19.548   19.564    0.115   -0.804   -3.453    0.115   -0.804    2.775   -0.397   -0.092    6.290    1.402
 529.70   19.576   19.593   19.615    0.828    0.921   -3.424    0.828    0.921   -3.155   -2.836    0.763    6.631    2.155
 529.80   19.540   19.785   19.804    3.106    0.867   -3.460    3.106    0.867   -2.999  -10.749    2.692   11.187    5.740
 529.90   19.479   19.774   19.778    3.402   -0.397   -3.521    3.402   -0.397    1.398  -11.981   -1.351   12.067    6.069
 530.00   19.890   20.224   20.241    3.662    0.821   -3.110    3.662    0.821   -2.554  -11.388    3.007   11.877    6.026
 530.10   22.188   22.534   22.536    3.935    0.273   -0.812    3.935    0.273   -0.222   -3.196    1.076    8.110    1.690
 530.20   24.185   24.445   24.452    3.560    0.579    1.185    3.560    0.579    0.686    4.218    2.062    7.207    2.373
 530.30   25.651   25.951   25.998    3.931    1.567    2.651    3.931    1.567    4.154   10.423    6.159   12.469    6.400
 530.40   23.776   23.872   23.874    2.132    0.345    0.776    2.132    0.345    0.268    1.655    0.736    2.633    0.915
 530.50   23.009   23.278   23.279    3.529    0.252    0.009    3.529    0.252    0.002    0.031    0.889    6.260    0.445
 530.60   22.878   23.316   23.316    4.495   -0.105   -0.122    4.495   -0.105    0.013   -0.548   -0.473   10.118    0.362
 530.70   22.656   23.039   23.039    4.183   -0.038   -0.344    4.183   -0.038    0.013   -1.438   -0.160    8.809    0.723
 530.80   22.967   23.808   23.874    6.273    1.767   -0.033    6.273    1.767   -0.058   -0.208   11.087   21.238    5.545
 530.90   21.450   22.360   22.361    6.314    0.208   -1.550    6.314    0.208   -0.323   -9.786    1.314   21.156    4.940
 531.00   22.488   23.442   23.451    6.618   -0.648   -0.512    6.618   -0.648    0.332   -3.389   -4.286   22.241    2.737
 531.10   22.635   23.488   23.489    6.274    0.166   -0.365    6.274    0.166   -0.061   -2.290    1.043   19.761    1.258
 531.20   22.151   22.778   22.812    5.308   -1.241   -0.849    5.308   -1.241    1.054   -4.505   -6.590   15.220    4.026
 531.30   22.725   23.194   23.284    4.642   -2.052   -0.275    4.642   -2.052    0.565   -1.279   -9.526   12.918    4.814
 531.40   23.862   24.232   24.240    4.215   -0.631    0.862    4.215   -0.631   -0.544    3.634   -2.661    9.453    2.269
 531.50   24.396   24.774   24.896    4.312   -2.464    1.396    4.312   -2.464   -3.440    6.019  -10.626   13.307    6.344
 531.60   24.898   25.108   25.248    3.239   -2.656    1.898    3.239   -2.656   -5.041    6.148   -8.600   10.572    5.856
 531.70   24.640   24.925   24.939    3.762   -0.815    1.640    3.762   -0.815   -1.337    6.169   -3.067    8.753    3.509
 531.80   24.390   24.807   24.883    4.530   -1.949    1.390    4.530   -1.949   -2.708    6.294   -8.826   13.123    5.587
 531.90   23.045   23.597   23.597    5.073   -0.070    0.045    5.073   -0.070   -0.003    0.228   -0.356   12.873    0.211
 532.00   22.285   22.777   22.806    4.707   -1.159   -0.715    4.707   -1.159    0.829   -3.366   -5.455   12.005    3.232
 532.10   22.603   23.185   23.191    5.163   -0.502   -0.397    5.163   -0.502    0.199   -2.050   -2.594   13.534    1.656
 532.20   22.920   23.276   23.277    4.057   -0.086   -0.080    4.057   -0.086    0.007   -0.324   -0.348    8.236    0.238
 532.30   21.748   22.385   22.389    5.302    0.404   -1.252    5.302    0.404   -0.506   -6.638    2.142   14.920    3.496
 532.40   21.702   22.308   22.308    5.162   -0.036   -1.298    5.162   -0.036    0.047   -6.700   -0.186   14.167    3.352
 532.50   21.806   22.647   22.647    6.112   -0.108   -1.194    6.112   -0.108    0.129   -7.296   -0.662   19.396    3.664
 532.60   21.816   22.744   22.744    6.432   -0.088   -1.184    6.432   -0.088    0.105   -7.618   -0.568   21.389    3.820
 532.70   21.951   22.593   22.597    5.344    0.452   -1.049    5.344    0.452   -0.474   -5.604    2.418   14.934    3.061
 532.80   21.678   22.570   22.571    6.283    0.177   -1.322    6.283    0.177   -0.234   -8.303    1.113   20.625    4.190
 532.90   21.456   22.535   22.547    6.890   -0.729   -1.544    6.890   -0.729    1.125  -10.639   -5.020   25.193    5.909
 533.00   20.297   21.469   21.505    6.994   -1.256   -2.703    6.994   -1.256    3.396  -18.902   -8.787   28.899   10.560
 533.10   20.279   21.235   21.237    6.300   -0.249   -2.721    6.300   -0.249    0.678  -17.144   -1.571   23.581    8.615
 533.20   21.363   22.393   22.393    6.714   -0.127   -1.637    6.714   -0.127    0.208  -10.992   -0.852   23.886    5.513
 533.30   20.817   21.690   21.712    6.090   -0.973   -2.183    6.090   -0.973    2.124  -13.293   -5.927   21.402    7.354
 533.40   21.982   22.878   22.881    6.338   -0.370   -1.018    6.338   -0.370    0.377   -6.452   -2.345   20.673    3.438
 533.50   22.911   23.639   23.675    5.823   -1.291   -0.089    5.823   -1.291    0.115   -0.519   -7.519   17.791    3.769
 533.60   23.667   24.626   24.627    6.805    0.215    0.667    6.805    0.215    0.143    4.540    1.462   23.401    2.386
 533.70   25.399   26.192   26.218    6.398    1.176    2.399    6.398    1.176    2.821   15.346    7.523   24.033    8.661
 533.80   24.009   25.293   25.339    7.957    1.513    1.009    7.957    1.513    1.527    8.029   12.038   33.314    7.275
 533.90   23.048   24.720   24.777    8.937    1.682    0.048    8.937    1.682    0.080    0.426   15.029   41.347    7.518
 534.00   24.359   25.947   25.988    8.937    1.466    1.359    8.937    1.466    1.992   12.146   13.099   41.933    8.987
 534.10   24.767   26.270   26.396    8.759    2.583    1.767    8.759    2.583    4.563   15.474   22.620   43.251   13.892
 534.20   23.390   24.924   24.982    8.611    1.689    0.390    8.611    1.689    0.658    3.355   14.543   38.577    7.470
 534.30   24.753   25.932   25.994    7.729    1.791    1.753    7.729    1.791    3.141   13.552   13.845   33.009    9.813
 534.40   25.034   26.339   26.362    8.186    1.095    2.034    8.186    1.095    2.227   16.654    8.964   36.178    9.522
 534.50   24.832   25.893   25.906    7.337    0.803    1.832    7.337    0.803    1.472   13.442    5.895   28.914    7.376
 534.60   25.677   26.955   26.956    8.199    0.276    2.677    8.199    0.276    0.739   21.953    2.263   37.238   11.041
 534.70   26.511   27.332   27.352    6.650    1.060    3.511    6.650    1.060    3.723   23.345    7.052   28.835   12.335
 534.80   26.370   27.002   27.026    5.808    1.145    3.370    5.808    1.145    3.859   19.573    6.652   23.202   10.515
 534.90   26.251   26.701   26.724    4.883    1.119    3.251    4.883    1.119    3.639   15.872    5.465   17.830    8.588
 535.00   26.013   26.578   26.711    5.449    2.664    3.013    5.449    2.664    8.028   16.420   14.516   22.934   11.670
 535.10   25.434   25.735   25.828    3.930    2.184    2.434    3.930    2.184    5.314    9.563    8.580   13.066    6.952
 535.20   25.042   25.576   25.581    5.200    0.510    2.042    5.200    0.510    1.041   10.616    2.652   15.732    5.496
 535.30   25.303   25.514   25.516    3.272    0.265    2.303    3.272    0.265    0.609    7.537    0.866    8.042    3.806
 535.40   25.140   25.183   25.200    1.479    0.924    2.140    1.479    0.924    1.977    3.164    1.366    3.809    1.986
 535.50   25.674   25.799   25.813    2.539    0.846    2.674    2.539    0.846    2.262    6.788    2.148    7.155    3.735
 535.60   25.972   26.404   26.408    4.757    0.454    2.972    4.757    0.454    1.350   14.138    2.162   15.836    7.183
 535.70   24.962   25.329   25.338    4.299    0.667    1.962    4.299    0.667    1.309    8.434    2.868   11.388    4.502
 535.80   24.245   24.382   24.384    2.581    0.302    1.245    2.581    0.302    0.376    3.214    0.780    4.153    1.665
 535.90   25.225   25.394   25.410    2.922   -0.890    2.225    2.922   -0.890   -1.981    6.502   -2.600    7.140    3.639
 536.00   25.846   26.026   26.039    3.049    0.846    2.846    3.049    0.846    2.409    8.678    2.581    9.057    4.685
 536.10   26.752   26.828   26.828    2.010    0.108    3.752    2.010    0.108    0.407    7.541    0.218    9.065    3.777
 536.20   27.853   27.881   27.903    1.257   -1.110    4.853    1.257   -1.110   -5.388    6.100   -1.396   13.182    4.129
 536.30   27.304   27.376   27.406    1.987   -1.285    4.304    1.987   -1.285   -5.532    8.551   -2.554   12.062    5.250
 536.40   25.949   25.960   26.121    0.764   -2.894    2.949    0.764   -2.894   -8.535    2.254   -2.212    8.828    4.550
 536.50   24.969   24.970   25.034    0.249   -1.792    1.969    0.249   -1.792   -3.528    0.491   -0.447    3.575    1.795
 536.60   26.081   26.094   26.136    0.837   -1.467    3.081    0.837   -1.467   -4.519    2.578   -1.227    6.172    2.673
 536.70   25.749   25.771   25.783    1.070    0.767    2.749    1.070    0.767    2.108    2.941    0.821    4.645    1.855
 536.80   24.475   24.482   24.530    0.582    1.534    1.475    0.582    1.534    2.263    0.858    0.892    2.433    1.290
 536.90   24.447   24.453   24.467   -0.528    0.811    1.447   -0.528    0.811    1.173   -0.764   -0.428    1.515    0.732
 537.00   24.795   24.796   24.801    0.169   -0.503    1.795    0.169   -0.503   -0.904    0.303   -0.085    1.752    0.478
 537.10   25.592   25.592   25.593    0.190   -0.226    2.592    0.190   -0.226   -0.586    0.492   -0.043    3.402    0.383
 537.20   25.689   25.723   25.727   -1.318   -0.487    2.689   -1.318   -0.487   -1.308   -3.544    0.641    4.602    1.916
 537.30   27.182   27.342   27.374   -2.952    1.335    4.182   -2.952    1.335    5.585  -12.344   -3.942   13.993    7.055
 537.40   27.208   27.237   27.237   -1.242    0.113    4.208   -1.242    0.113    0.476   -5.229   -0.141    9.633    2.626
 537.50   27.637   27.695   27.723   -1.785   -1.243    4.637   -1.785   -1.243   -5.764   -8.279    2.219   13.118    5.165
 537.60   26.486   26.616   26.623   -2.624    0.609    3.486   -2.624    0.609    2.124   -9.146   -1.599    9.703    4.762
 537.70   27.079   27.296   27.313   -3.437    0.964    4.079   -3.437    0.964    3.934  -14.018   -3.314   14.689    7.466
 537.80   26.235   26.395   26.408   -2.910    0.806    3.235   -2.910    0.806    2.608   -9.412   -2.346    9.790    5.022
 537.90   26.505   26.614   26.663   -2.406    1.613    3.505   -2.406    1.613    5.654   -8.432   -3.880   10.337    5.434
 538.00   27.531   27.695   27.756   -3.006    1.851    4.531   -3.006    1.851    8.389  -13.620   -5.565   16.497    8.468
 538.10   26.070   26.114   26.183   -1.519    1.902    3.070   -1.519    1.902    5.839   -4.663   -2.889    7.674    4.006
 538.20   26.451   26.485   26.490   -1.352   -0.492    3.451   -1.352   -0.492   -1.697   -4.664    0.665    6.988    2.504
 538.30   26.860   26.909   26.957   -1.623   -1.592    3.860   -1.623   -1.592   -6.148   -6.267    2.585   10.037    4.576
 538.40   27.119   27.292   27.322   -3.071   -1.283    4.119   -3.071   -1.283   -5.283  -12.646    3.939   14.018    7.130
 538.50   27.953   28.215   28.257   -3.836   -1.536    4.953   -3.836   -1.536   -7.609  -18.999    5.892   20.803   10.649
 538.60   28.397   28.551   28.590   -2.959   -1.494    5.397   -2.959   -1.494   -8.064  -15.970    4.422   20.058    9.215
 538.70   28.809   28.828   28.896   -1.037   -1.989    5.809   -1.037   -1.989  -11.553   -6.022    2.062   19.387    6.595
 538.80   28.182   28.192   28.233    0.733   -1.531    5.182    0.733   -1.531   -7.934    3.800   -1.123   14.869    4.434
 538.90   29.132   29.148   29.187   -0.946   -1.524    6.132   -0.946   -1.524   -9.347   -5.802    1.442   20.412    5.548
 539.00   28.386   28.387   28.391   -0.207   -0.497    5.386   -0.207   -0.497   -2.678   -1.114    0.103   14.651    1.451
 539.10   28.072   28.081   28.097    0.697    0.971    5.072    0.697    0.971    4.923    3.535    0.676   13.576    3.049
 539.20   29.283   29.311   29.342    1.280    1.335    6.283    1.280    1.335    8.385    8.043    1.708   21.449    5.872
 539.30   28.897   28.949   28.987    1.734    1.487    5.897    1.734    1.487    8.771   10.224    2.579   19.996    6.858
 539.40   28.803   28.847   28.855    1.587    0.693    5.803    1.587    0.693    4.019    9.211    1.099   18.337    5.055
 539.50   27.624   27.625   27.662   -0.267    1.426    4.624   -0.267    1.426    6.593   -1.236   -0.381   11.741    3.359
 539.60   28.569   28.573   28.632   -0.469    1.830    5.569   -0.469    1.830   10.191   -2.610   -0.858   17.293    5.278
 539.70   29.878   29.884   29.896    0.613    0.846    6.878    0.613    0.846    5.820    4.214    0.519   24.198    3.602
 539.80   29.634   29.689   29.689    1.792    0.190    6.634    1.792    0.190    1.263   11.888    0.341   23.631    5.980
 539.90   30.387   30.470   30.471    2.253   -0.153    7.387    2.253   -0.153   -1.128   16.643   -0.344   29.832    8.342
 540.00   28.915   28.996   29.077    2.166   -2.171    5.915    2.166   -2.171  -12.843   12.814   -4.704   22.199    9.371
 540.10   28.483   28.506   28.510    1.150   -0.491    5.483    1.150   -0.491   -2.693    6.304   -0.565   15.811    3.439
 540.20   29.267   29.273   29.340    0.586   -1.975    6.267    0.586   -1.975  -12.377    3.674   -1.158   21.761    6.481
 540.30   29.410   29.411   29.417    0.226    0.597    6.410    0.226    0.597    3.825    1.448    0.135   20.750    2.046
 540.40   29.739   29.740   29.776   -0.269    1.452    6.739   -0.269    1.452    9.783   -1.815   -0.391   23.797    4.979
 540.50   29.884   29.885   29.885    0.255    0.152    6.884    0.255    0.152    1.047    1.756    0.039   23.739    1.022
 540.60   27.504   27.517   27.523    0.839   -0.593    4.504    0.839   -0.593   -2.669    3.778   -0.497   10.671    2.326
 540.70   28.686   28.690   28.700   -0.506   -0.750    5.686   -0.506   -0.750   -4.266   -2.878    0.380   16.574    2.580
 540.80   28.070   28.078   28.109    0.641   -1.330    5.070    0.641   -1.330   -6.745    3.250   -0.853   13.944    3.768
 540.90   27.589   27.620   27.734    1.312   -2.515    4.589    1.312   -2.515  -11.542    6.019   -3.299   14.553    6.714
 541.00   27.575   27.575   27.602    0.152   -1.220    4.575    0.152   -1.220   -5.579    0.695   -0.185   11.219    2.813
 541.10   27.988   27.990   27.991   -0.284    0.270    4.988   -0.284    0.270    1.346   -1.419   -0.077   12.518    0.978
 541.20   27.706   27.708   27.770    0.331    1.848    4.706    0.331    1.848    8.695    1.557    0.611   12.835    4.427
 541.30   26.486   26.517   26.611    1.283    2.241    3.486    1.283    2.241    7.810    4.474    2.876    9.409    4.725
 541.40   26.538   26.538   26.680    0.136    2.745    3.538    0.136    2.745    9.709    0.480    0.373   10.033    4.864
 541.50   26.556   26.560   26.612    0.427    1.668    3.556    0.427    1.668    5.932    1.517    0.712    7.806    3.082
 541.60   27.548   27.565   27.571    0.983   -0.549    4.548    0.983   -0.549   -2.495    4.470   -0.539   10.975    2.574
 541.70   28.451   28.455   28.501    0.464   -1.621    5.451    0.464   -1.621   -8.838    2.530   -0.753   16.279    4.612
 541.80   27.785   27.786   27.786   -0.265   -0.030    4.785   -0.265   -0.030   -0.145   -1.268    0.008   11.484    0.638
 541.90   27.654   27.685   27.780    1.314    2.288    4.654    1.314    2.288   10.648    6.114    3.006   14.311    6.321
 542.00   27.886   27.938   28.112    1.707    3.115    4.886    1.707    3.115   15.219    8.343    5.318   18.246    9.076
 542.10   28.254   28.266   28.266    0.817    0.057    5.254    0.817    0.057    0.300    4.291    0.047   14.138    2.151
 542.20   28.755   28.758   28.758    0.396   -0.128    5.755    0.396   -0.128   -0.736    2.277   -0.051   16.647    1.197
 542.30   28.818   28.818   28.845    0.208    1.236    5.818    0.208    1.236    7.190    1.212    0.258   17.708    3.648
 542.40   29.801   29.811   29.812   -0.736   -0.236    6.801   -0.736   -0.236   -1.606   -5.004    0.174   23.429    2.629
 542.50   29.014   29.022   29.029   -0.688    0.635    6.014   -0.688    0.635    3.821   -4.140   -0.437   18.520    2.825
 542.60   28.477   28.478   28.510    0.231   -1.357    5.477    0.231   -1.357   -7.434    1.268   -0.314   15.947    3.774
 542.70   28.042   28.064   28.145    1.110   -2.138    5.042    1.110   -2.138  -10.781    5.599   -2.374   15.614    6.189
 542.80   27.509   27.509   27.561    0.085   -1.693    4.509    0.085   -1.693   -7.632    0.384   -0.144   11.600    3.822
 542.90   28.360   28.384   28.386   -1.175   -0.318    5.360   -1.175   -0.318   -1.702   -6.299    0.373   15.106    3.268
 543.00   28.635   28.694   28.786   -1.826   -2.303    5.635   -1.826   -2.303  -12.980  -10.290    4.206   20.199    8.545
 543.10   28.856   28.920   29.087   -1.928   -3.109    5.856   -1.928   -3.109  -18.206  -11.288    5.993   23.837   11.122
 543.20   28.083   28.227   28.295   -2.846   -1.957    5.083   -2.846   -1.957   -9.946  -14.467    5.569   18.884    9.209
 543.30   28.536   28.585   28.779   -1.673   -3.340    5.536   -1.673   -3.340  -18.490   -9.259    5.586   22.300   10.710
 543.40   28.128   28.218   28.350   -2.249   -2.733    5.128   -2.249   -2.733  -14.014  -11.536    6.147   19.414    9.582
 543.50   27.467   27.529   27.530   -1.851   -0.226    4.467   -1.851   -0.226   -1.008   -8.270    0.418   11.716    4.171
 543.60   26.847   26.871   26.871   -1.141    0.109    3.847   -1.141    0.109    0.419   -4.389   -0.124    8.055    2.205
 543.70   28.032   28.166   28.206   -2.745   -1.507    5.032   -2.745   -1.507   -7.583  -13.813    4.137   17.563    8.146
 543.80   27.997   28.044   28.066   -1.616   -1.122    4.997   -1.616   -1.122   -5.607   -8.078    1.814   14.422    4.999
 543.90   28.687   28.740   28.749   -1.748   -0.711    5.687   -1.748   -0.711   -4.044   -9.943    1.243   17.953    5.403
 544.00   27.151   27.185   27.207   -1.355   -1.095    4.151   -1.355   -1.095   -4.546   -5.623    1.484   10.133    3.691
 544.10   26.267   26.333   26.351   -1.865   -0.971    3.267   -1.865   -0.971   -3.171   -6.094    1.811    7.547    3.552
 544.20   27.236   27.275   27.356   -1.450   -2.108    4.236   -1.450   -2.108   -8.932   -6.144    3.058   12.248    5.632
 544.30   27.503   27.522   27.582   -1.034   -1.813    4.503   -1.034   -1.813   -8.165   -4.657    1.875   12.316    4.793
 544.40   28.359   28.373   28.375   -0.894   -0.317    5.359   -0.894   -0.317   -1.698   -4.790    0.283   14.810    2.545
 544.50   29.949   29.964   29.964   -0.942   -0.110    6.949   -0.942   -0.110   -0.763   -6.543    0.103   24.595    3.294
 544.60   28.246   28.332   28.332   -2.204   -0.103    5.246   -2.204   -0.103   -0.541  -11.563    0.227   16.196    5.789
 544.70   28.045   28.107   28.108   -1.861    0.296    5.045   -1.861    0.296    1.493   -9.387   -0.551   14.502    4.760
 544.80   26.668   26.705   26.707   -1.393   -0.360    3.668   -1.393   -0.360   -1.320   -5.111    0.501    7.764    2.651
 544.90   25.597   25.700   25.704   -2.305    0.434    2.597   -2.305    0.434    1.127   -5.986   -1.000    6.123    3.087
 545.00   27.050   27.051   27.096   -0.273   -1.561    4.050   -0.273   -1.561   -6.324   -1.104    0.426    9.457    3.217
 545.10   27.840   27.843   27.850   -0.405    0.602    4.840   -0.405    0.602    2.914   -1.958   -0.244   11.978    1.760
 545.20   27.448   27.453   27.465    0.535    0.800    4.448    0.535    0.800    3.558    2.378    0.428   10.355    2.150
 545.30   26.889   26.922   26.922    1.336   -0.029    3.889    1.336   -0.029   -0.111    5.195   -0.038    8.456    2.598
 545.40   26.973   27.148   27.176    3.084    1.222    3.973    3.084    1.222    4.853   12.250    3.767   13.391    6.852
 545.50   27.385   27.423   27.437    1.448   -0.864    4.385    1.448   -0.864   -3.789    6.349   -1.251   11.035    3.749
 545.60   27.119   27.170   27.195    1.664   -1.183    4.119    1.664   -1.183   -4.874    6.852   -1.969   10.565    4.318
 545.70   28.105   28.113   28.122    0.705   -0.698    5.105    0.705   -0.698   -3.565    3.598   -0.492   13.520    2.544
 545.80   29.066   29.072   29.154    0.585   -2.186    6.066    0.585   -2.186  -13.262    3.550   -1.279   20.960    6.894
 545.90   27.501   27.581   27.588    2.093   -0.658    4.501    2.093   -0.658   -2.960    9.421   -1.376   12.536    4.985
 546.00   28.209   28.282   28.290    2.033    0.669    5.209    2.033    0.669    3.486   10.590    1.361   15.856    5.616
 546.10   26.911   26.960   27.039    1.611    2.074    3.911    1.611    2.074    8.111    6.303    3.342   11.098    5.401
 546.20   26.500   26.543   26.563    1.505    1.026    3.500    1.505    1.026    3.592    5.268    1.545    7.785    3.280
 546.30   26.306   26.338   26.353    1.293    0.888    3.306    1.293    0.888    2.937    4.273    1.148    6.695    2.655
 546.40   25.925   25.938   25.946   -0.837    0.616    2.925   -0.837    0.616    1.803   -2.448   -0.516    4.818    1.542
 546.50   25.245   25.268   25.268   -1.093   -0.057    2.245   -1.093   -0.057   -0.127   -2.453    0.062    3.118    1.228
 546.60   25.778   25.780   25.785   -0.392   -0.484    2.778   -0.392   -0.484   -1.345   -1.090    0.190    4.051    0.871
 546.70   27.241   27.282   27.282   -1.494   -0.028    4.241   -1.494   -0.028   -0.117   -6.336    0.041   10.111    3.169
 546.80   26.777   26.845   26.847   -1.911   -0.307    3.777   -1.911   -0.307   -1.160   -7.217    0.587    9.006    3.667
 546.90   26.298   26.382   26.382   -2.104    0.051    3.298   -2.104    0.051    0.168   -6.938   -0.107    7.653    3.470
 547.00   25.875   25.886   25.889   -0.739    0.416    2.875   -0.739    0.416    1.195   -2.126   -0.307    4.493    1.229
 547.10   25.706   25.730   25.731   -1.120   -0.250    2.706   -1.120   -0.250   -0.678   -3.029    0.280    4.318    1.558
 547.20   25.463   25.473   25.475    0.729   -0.314    2.463    0.729   -0.314   -0.774    1.794   -0.229    3.347    0.984
 547.30   26.558   26.571   26.588    0.826   -0.938    3.558    0.826   -0.938   -3.337    2.939   -0.775    7.111    2.257
 547.40   24.680   24.758   24.758   -1.959   -0.107    1.680   -1.959   -0.107   -0.179   -3.291    0.209    3.335    1.651
 547.50   24.763   24.820   24.820   -1.668   -0.029    1.763   -1.668   -0.029   -0.052   -2.941    0.049    2.946    1.471
 547.60   23.371   23.386   23.414    0.827   -1.146    0.371    0.827   -1.146   -0.426    0.307   -0.948    1.068    0.542
 547.70   25.456   25.488   25.497    1.292    0.648    2.456    1.292    0.648    1.591    3.174    0.837    4.060    1.824
 547.80   25.790   25.826   25.856    1.360    1.260    2.790    1.360    1.260    3.515    3.795    1.714    5.611    2.725
 547.90   25.640   25.757   25.779    2.461    1.058    2.640    2.461    1.058    2.792    6.496    2.603    7.071    3.767
 548.00   25.898   25.911   25.929    0.825    0.955    2.898    0.825    0.955    2.769    2.389    0.788    4.995    1.871
 548.10   26.158   26.216   26.273    1.742    1.738    3.158    1.742    1.738    5.489    5.500    3.027    8.013    4.169
 548.20   25.834   25.956   25.987    2.523    1.259    2.834    2.523    1.259    3.567    7.148    3.176    7.989    4.299
 548.30   24.608   24.636   24.637    1.177   -0.183    1.608    1.177   -0.183   -0.295    1.894   -0.216    2.003    0.964
 548.40   25.185   25.306   25.306    2.477    0.087    2.185    2.477    0.087    0.189    5.412    0.214    5.458    2.710
 548.50   26.449   26.621   26.638    3.023   -0.934    3.449    3.023   -0.934   -3.220   10.428   -2.823   10.955    5.637
 548.60   25.833   26.018   26.074    3.098   -1.709    2.833    3.098   -1.709   -4.841    8.775   -5.294   10.271    5.667
 548.70   25.179   25.309   25.317    2.565   -0.623    2.179    2.565   -0.623   -1.358    5.587   -1.599    5.856    2.984
 548.80   24.516   24.704   24.707    3.044    0.361    1.516    3.044    0.361    0.547    4.615    1.099    5.848    2.388
 548.90   25.535   25.853   26.044    4.044    3.145    2.535    4.044    3.145    7.971   10.251   12.717   16.334    9.087
 549.00   27.083   27.112   27.148    1.262    1.393    4.083    1.262    1.393    5.687    5.152    1.758   10.100    3.936
 549.10   25.888   25.898   25.902    0.711    0.449    2.888    0.711    0.449    1.296    2.053    0.319    4.524    1.224
 549.20   25.060   25.069   25.101    0.672    1.255    2.060    0.672    1.255    2.585    1.384    0.843    3.135    1.525
 549.30   25.285   25.317   25.317    1.260   -0.075    2.285    1.260   -0.075   -0.173    2.880   -0.095    3.409    1.443
 549.40   24.781   24.812   24.819    1.228   -0.618    1.781    1.228   -0.618   -1.102    2.187   -0.759    2.531    1.282
 549.50   23.587   23.613   23.619    1.096   -0.571    0.587    1.096   -0.571   -0.335    0.644   -0.626    0.937    0.479
 549.60   24.509   24.510   24.510    0.294    0.057    1.509    0.294    0.057    0.086    0.444    0.017    1.183    0.226
 549.70   25.169   25.177   25.178    0.630    0.199    2.169    0.630    0.199    0.431    1.367    0.125    2.571    0.719
 549.80   26.712   26.813   26.813    2.325   -0.115    3.712    2.325   -0.115   -0.427    8.632   -0.268    9.600    4.323
 549.90   27.003   27.300   27.301    4.016   -0.265    4.003    4.016   -0.265   -1.062   16.074   -1.066   16.110    8.072
 550.00   26.385   26.693   26.705    4.044    0.811    3.385    4.044    0.811    2.746   13.689    3.281   14.236    7.171
 550.10   25.675   25.958   25.963    3.821    0.522    2.675    3.821    0.522    1.395   10.221    1.993   11.014    5.253
 550.20   25.537   26.004   26.004    4.902   -0.073    2.537    4.902   -0.073   -0.186   12.439   -0.359   15.238    6.223
 550.30   27.246   27.501   27.563    3.732    1.845    4.246    3.732    1.845    7.835   15.849    6.887   17.683    9.487
 550.40   27.930   28.048   28.087    2.567    1.481    4.930    2.567    1.481    7.304   12.655    3.803   16.545    7.549
 550.50   27.336   27.364   27.385    1.232   -1.081    4.336    1.232   -1.081   -4.686    5.344   -1.332   10.744    3.615
 550.60   28.272   28.332   28.369    1.851   -1.450    5.272    1.851   -1.450   -7.646    9.757   -2.684   16.660    6.342
 550.70   28.504   28.531   28.567    1.239   -1.447    5.504    1.239   -1.447   -7.961    6.821   -1.793   16.959    5.318
 550.80   27.805   27.962   28.032    2.957   -1.979    4.805    2.957   -1.979   -9.509   14.209   -5.852   17.875    9.036
 550.90   27.990   28.047   28.168    1.792   -2.608    4.990    1.792   -2.608  -13.014    8.941   -4.674   17.456    8.233
 551.00   29.084   29.243   29.453    3.048   -3.510    6.084    3.048   -3.510  -21.357   18.546  -10.701   29.315   15.121
 551.10   29.698   29.814   29.968    2.630   -3.028    6.698    2.630   -3.028  -20.282   17.618   -7.964   30.476   14.010
 551.20   30.685   30.774   30.878    2.336   -2.536    7.685    2.336   -2.536  -19.493   17.953   -5.925   35.477   13.578
 551.30   29.506   29.710   29.952    3.476   -3.799    6.506    3.476   -3.799  -24.715   22.615  -13.204   34.421   18.004
 551.40   29.169   29.354   29.410    3.283   -1.814    6.169    3.283   -1.814  -11.190   20.255   -5.955   26.065   11.947
 551.50   27.840   27.911   28.010    1.986   -2.349    4.840    1.986   -2.349  -11.371    9.612   -4.665   16.445    7.801
 551.60   27.450   27.648   27.718    3.303   -1.960    4.450    3.303   -1.960   -8.721   14.702   -6.474   17.279    9.139
 551.70   25.801   26.139   26.204    4.193   -1.851    2.801    4.193   -1.851   -5.185   11.741   -7.762   14.424    7.500
 551.80   24.590   24.970   25.004    4.343   -1.302    1.590    4.343   -1.302   -2.069    6.905   -5.654   11.543    4.581
 551.90   24.257   24.584   24.630    3.999   -1.509    1.257    3.999   -1.509   -1.897    5.025   -6.036    9.924    4.040
 552.00   23.737   24.233   24.273    4.875   -1.400    0.737    4.875   -1.400   -1.032    3.593   -6.827   13.137    3.892
 552.10   24.282   24.343   24.353    1.712   -0.709    1.282    1.712   -0.709   -0.910    2.195   -1.215    2.539    1.334
 552.20   25.259   25.389   25.406    2.568   -0.945    2.259    2.568   -0.945   -2.134    5.799   -2.427    6.294    3.320
 552.30   26.246   26.383   26.385    2.680    0.316    3.246    2.680    0.316    1.025    8.700    0.846    8.910    4.401
 552.40   26.887   26.933   26.947    1.560    0.888    3.887    1.560    0.888    3.454    6.065    1.386    9.168    3.558
 552.50   26.980   27.087   27.104    2.401   -0.972    3.980    2.401   -0.972   -3.870    9.554   -2.334   11.274    5.285
 552.60   27.524   27.543   27.543    1.002   -0.183    4.524    1.002   -0.183   -0.828    4.534   -0.183   10.754    2.306
 552.70   27.088   27.101   27.152    0.843   -1.657    4.088    0.843   -1.657   -6.774    3.446   -1.397   10.084    3.864
 552.80   26.684   26.800   26.905    2.496   -2.376    3.684    2.496   -2.376   -8.754    9.195   -5.932   12.724    7.007
 552.90   26.143   26.166   26.209    1.101   -1.498    3.143    1.101   -1.498   -4.709    3.460   -1.649    6.667    3.036
 553.00   24.677   24.687   24.761    0.698   -1.916    1.677    0.698   -1.916   -3.214    1.170   -1.337    3.485    1.836
 553.10   23.805   23.809   23.833   -0.470   -1.056    0.805   -0.470   -1.056   -0.850   -0.378    0.496    0.991    0.527
 553.20   23.690   23.781   23.812   -2.073   -1.224    0.690   -2.073   -1.224   -0.845   -1.431    2.537    3.136    1.517
 553.30   23.773   23.816   23.821   -1.444   -0.458    0.773   -1.444   -0.458   -0.354   -1.116    0.661    1.446    0.672
 553.40   24.983   24.985   24.987    0.346    0.289    1.983    0.346    0.289    0.573    0.685    0.100    2.067    0.449
 553.50   24.077   24.082   24.153    0.467    1.849    1.077    0.467    1.849    1.992    0.503    0.863    2.398    1.114
 553.60   24.285   24.287   24.330    0.283    1.458    1.285    0.283    1.458    1.873    0.363    0.412    1.928    0.976
 553.70   23.922   23.940   23.962    0.917    1.034    0.922    0.917    1.034    0.953    0.846    0.948    1.380    0.794
 553.80   24.994   24.999   25.135    0.502    2.615    1.994    0.502    2.615    5.214    1.000    1.312    5.532    2.734
 553.90   24.664   24.666   24.666    0.276    0.146    1.664    0.276    0.146    0.244    0.460    0.040    1.434    0.261
 554.00   24.798   24.808   24.808    0.717   -0.055    1.798    0.717   -0.055   -0.098    1.290   -0.039    1.875    0.647
 554.10   23.468   23.472   23.479   -0.461    0.544    0.468   -0.461    0.544    0.255   -0.215   -0.251    0.364    0.209
 554.20   23.867   23.868   23.868    0.155    0.118    0.867    0.155    0.118    0.103    0.135    0.018    0.395    0.085
 554.30   25.020   25.072   25.081    1.609   -0.684    2.020    1.609   -0.684   -1.381    3.251   -1.101    3.569    1.850
 554.40   25.495   25.664   25.664    2.940    0.090    2.495    2.940    0.090    0.225    7.337    0.265    7.440    3.673
 554.50   26.001   26.111   26.117    2.398   -0.560    3.001    2.398   -0.560   -1.681    7.198   -1.343    7.536    3.756
 554.60   26.760   26.848   26.863    2.173   -0.884    3.760    2.173   -0.884   -3.324    8.169   -1.921    9.820    4.513
 554.70   25.386   25.399   25.419    0.816    1.008    2.386    0.816    1.008    2.404    1.947    0.822    3.686    1.601
 554.80   25.151   25.193   25.265    1.467    1.906    2.151    1.467    1.906    4.099    3.154    2.795    5.204    2.939
 554.90   24.182   24.255   24.288    1.888    1.260    1.182    1.888    1.260    1.489    2.232    2.379    3.275    1.793
 555.00   23.631   23.704   23.720    1.858    0.858    0.631    1.858    0.858    0.542    1.173    1.594    2.293    1.026
 555.10   23.457   23.879   23.910    4.473    1.204    0.457    4.473    1.204    0.550    2.042    5.386   10.832    2.893
 555.20   23.313   23.731   23.862    4.437    2.493    0.313    4.437    2.493    0.780    1.389   11.062   13.000    5.588
 555.30   23.946   24.440   24.618    4.891    2.954    0.946    4.891    2.954    2.793    4.625   14.449   16.772    7.713
 555.40   25.065   25.586   25.855    5.138    3.720    2.065    5.138    3.720    7.679   10.608   19.112   22.250   11.584
 555.50   24.895   25.343   25.391    4.744    1.567    1.895    4.744    1.567    2.970    8.990    7.435   14.276    6.019
 555.60   24.118   24.459   24.513    4.068    1.637    1.118    4.068    1.637    1.829    4.548    6.658   10.240    4.134
 555.70   22.670   22.972   22.992    3.714    0.961   -0.330    3.714    0.961   -0.317   -1.226    3.568    7.412    1.893
 555.80   21.978   22.123   22.136    2.530    0.751   -1.022    2.530    0.751   -0.768   -2.587    1.900    4.006    1.650
 555.90   22.419   22.429   22.435    0.647    0.527   -0.581    0.647    0.527   -0.306   -0.376    0.341    0.517    0.296
 556.00   21.047   21.069   21.100    0.962    1.142   -1.953    0.962    1.142   -2.230   -1.880    1.099    3.022    1.558
 556.10   20.188   20.188   20.212   -0.002    0.965   -2.812   -0.002    0.965   -2.714    0.006   -0.002    4.418    1.357
 556.20   20.349   20.349   20.362   -0.114   -0.721   -2.651   -0.114   -0.721    1.911    0.302    0.082    3.781    0.968
 556.30   21.384   21.384   21.559    0.042   -2.741   -1.616    0.042   -2.741    4.430   -0.068   -0.115    5.064    2.216
 556.40   21.059   21.079   21.425    0.927   -3.837   -1.941    0.927   -3.837    7.449   -1.800   -3.557    9.675    4.224
 556.50   23.522   23.546   23.690    1.069   -2.614    0.522    1.069   -2.614   -1.363    0.557   -2.794    4.124    1.579
 556.60   23.191   23.196   23.376    0.501   -2.893    0.191    0.501   -2.893   -0.552    0.096   -1.451    4.328    0.778
 556.70   23.282   23.282   23.428    0.010   -2.613    0.282    0.010   -2.613   -0.736    0.003   -0.027    3.453    0.368
 556.80   24.327   24.327   24.552   -0.006   -3.315    1.327   -0.006   -3.315   -4.400   -0.008    0.019    6.375    2.200
 556.90   23.128   23.194   23.252    1.748   -1.647    0.128    1.748   -1.647   -0.211    0.224   -2.878    2.892    1.447
 557.00   23.099   23.204   23.228    2.205   -1.047    0.099    2.205   -1.047   -0.104    0.218   -2.310    2.985    1.161
 557.10   23.936   24.216   24.218    3.675   -0.290    0.936    3.675   -0.290   -0.271    3.439   -1.066    7.232    1.806
 557.20   23.829   24.125   24.146    3.762    1.005    0.829    3.762    1.005    0.834    3.120    3.782    7.927    2.487
 557.30   23.926   24.196   24.230    3.603    1.277    0.926    3.603    1.277    1.183    3.338    4.600    7.736    2.903
 557.40   24.924   25.246   25.282    4.014    1.357    1.924    4.014    1.357    2.611    7.725    5.447   10.829    4.903
 557.50   25.487   25.770   26.013    3.808    3.549    2.487    3.808    3.549    8.828    9.471   13.516   16.642    9.358
 557.60   25.104   25.416   25.605    3.972    3.107    2.104    3.972    3.107    6.536    8.356   12.342   14.928    8.137
 557.70   25.491   25.812   25.956    4.059    2.731    2.491    4.059    2.731    6.802   10.111   11.086   15.071    8.237
 557.80   25.102   25.429   25.676    4.065    3.553    2.102    4.065    3.553    7.468    8.543   14.441   16.781    9.183
 557.90   25.180   25.383   25.562    3.202    3.015    2.180    3.202    3.015    6.574    6.981    9.653   12.048    6.803
 558.00   25.608   25.801   25.873    3.147    1.928    2.608    3.147    1.928    5.029    8.209    6.069   10.213    5.690
 558.10   26.301   26.606   26.766    4.017    2.919    3.301    4.017    2.919    9.638   13.260   11.727   17.777   10.077
 558.20   26.892   27.036   27.279    2.790    3.628    3.892    2.790    3.628   14.120   10.859   10.123   18.047   10.244
 558.30   26.527   26.656   26.863    2.612    3.329    3.527    2.612    3.329   11.742    9.212    8.694   15.172    8.636
 558.40   24.770   24.774   25.082    0.411    3.918    1.770    0.411    3.918    6.936    0.728    1.611    9.328    3.579
 558.50   24.833   24.860   25.086    1.146    3.366    1.833    1.146    3.366    6.170    2.100    3.856    8.001    3.787
 558.60   26.034   26.035   26.346   -0.199    4.038    3.034   -0.199    4.038   12.250   -0.605   -0.805   12.773    6.145
 558.70   26.457   26.530   26.582   -1.965    1.669    3.457   -1.965    1.669    5.771   -6.793   -3.281    9.300    4.749
 558.80   27.370   27.386   27.423   -0.944    1.432    4.370   -0.944    1.432    6.257   -4.124   -1.352   11.018    3.807
 558.90   26.506   26.533   26.590   -1.197    1.744    3.506   -1.197    1.744    6.115   -4.197   -2.089    8.383    3.853
 559.00   24.388   24.443   24.446   -1.636    0.399    1.388   -1.636    0.399    0.554   -2.271   -0.653    2.382    1.214
 559.10   24.074   24.107   24.129   -1.247    1.051    1.074   -1.247    1.051    1.129   -1.340   -1.310    1.906    1.094
 559.20   24.180   24.192   24.194   -0.748   -0.351    1.180   -0.748   -0.351   -0.414   -0.883    0.262    1.038    0.505
 559.30   24.506   24.529   24.628    1.063    2.202    1.506    1.063    2.202    3.316    1.600    2.340    4.124    2.182
 559.40   23.607   23.683   23.838    1.904    2.716    0.607    1.904    2.716    1.647    1.155    5.171    5.684    2.774
 559.50   24.928   24.931   25.167    0.353    3.442    1.928    0.353    3.442    6.637    0.681    1.215    7.845    3.391
 559.60   25.653   25.678   26.015    1.124    4.174    2.653    1.124    4.174   11.074    2.983    4.692   12.862    6.196
 559.70   24.799   24.840   24.927    1.432    2.084    1.799    1.432    2.084    3.749    2.576    2.985    4.816    2.720
 559.80   26.256   26.258   26.490    0.322    3.496    3.256    0.322    3.496   11.385    1.049    1.127   11.465    5.744
 559.90   25.760   25.783   25.955   -1.083    2.984    2.760   -1.083    2.984    8.236   -2.989   -3.231    8.847    4.669
 560.00   25.348   25.348   25.587    0.178    3.484    2.348    0.178    3.484    8.180    0.418    0.621    8.841    4.107
 560.10   25.664   25.668   25.926   -0.475    3.648    2.664   -0.475    3.648    9.716   -1.266   -1.734   10.313    4.975
 560.20   23.874   23.900   24.042   -1.117    2.605    0.874   -1.117    2.605    2.277   -0.976   -2.909    4.400    1.911
 560.30   22.226   22.226   22.283    0.050    1.602   -0.774    0.050    1.602   -1.241   -0.039    0.080    1.585    0.622
 560.40   22.509   22.555   22.760    1.443    3.049   -0.491    1.443    3.049   -1.497   -0.708    4.399    5.809    2.350
 560.50   22.244   22.326   22.535    1.917    3.065   -0.756    1.917    3.065   -2.318   -1.450    5.875    6.821    3.240
 560.60   20.785   20.904   20.993    2.229    1.930   -2.215    2.229    1.930   -4.276   -4.938    4.302    6.800    3.911
 560.70   20.704   20.747   20.789    1.330    1.332   -2.296    1.330    1.332   -3.058   -3.054    1.772    4.407    2.335
 560.80   21.263   21.337   21.374    1.777    1.254   -1.737    1.777    1.254   -2.179   -3.087    2.230    3.874    2.194
 560.90   20.986   21.288   21.310    3.571    0.970   -2.014    3.571    0.970   -1.953   -7.192    3.464    8.875    4.109
 561.00   20.999   21.304   21.309    3.592    0.482   -2.001    3.592    0.482   -0.964   -7.187    1.731    8.569    3.728
 561.10   20.510   20.608   20.625    2.009    0.844   -2.490    2.009    0.844   -2.101   -5.002    1.695    5.474    2.842
 561.20   19.594   19.704   19.705    2.082   -0.138   -3.406    2.082   -0.138    0.470   -7.090   -0.287    7.977    3.556
 561.30   20.632   20.660   20.685    1.073   -1.018   -2.368    1.073   -1.018    2.411   -2.540   -1.092    3.897    1.834
 561.40   19.061   19.067   19.069   -0.495    0.250   -3.939   -0.495    0.250   -0.984    1.951   -0.124    7.912    1.094
 561.50   19.412   19.430   19.432   -0.842    0.274   -3.588   -0.842    0.274   -0.983    3.021   -0.231    6.830    1.592
 561.60   20.198   20.255   20.255   -1.516   -0.123   -2.802   -1.516   -0.123    0.343    4.246    0.186    5.081    2.132
 561.70   21.981   22.142   22.146   -2.665   -0.374   -1.019   -2.665   -0.374    0.381    2.715    0.998    4.141    1.459
 561.80   22.036   22.279   22.293   -3.275    0.799   -0.964   -3.275    0.799   -0.769    3.156   -2.616    6.147    2.085
 561.90   20.033   20.147   20.232   -2.137    1.853   -2.967   -2.137    1.853   -5.498    6.339   -3.960    8.401    4.639
 562.00   20.355   20.424   20.484   -1.675    1.568   -2.645   -1.675    1.568   -4.147    4.431   -2.627    6.130    3.307
 562.10   20.393   20.502   20.681   -2.111    2.718   -2.607   -2.111    2.718   -7.087    5.503   -5.738    9.321    5.325
 562.20   22.142   22.187   22.441    1.413    3.366   -0.858    1.413    3.366   -2.887   -1.212    4.755    7.031    2.847
 562.30   22.981   22.981   23.115   -0.160    2.487   -0.019   -0.160    2.487   -0.048    0.003   -0.398    3.105    0.200
 562.40   21.961   21.971   21.997   -0.654    1.069   -1.039   -0.654    1.069   -1.110    0.680   -0.699    1.325    0.739
 562.50   22.188   22.238   22.258   -1.487    0.942   -0.812   -1.487    0.942   -0.765    1.208   -1.400    1.879    1.001
 562.60   21.262   21.263   21.280    0.043    0.861   -1.738    0.043    0.861   -1.496   -0.074    0.037    1.881    0.749
 562.70   22.841   22.951   23.005   -2.244   -1.567   -0.159   -2.244   -1.567    0.249    0.356    3.516    3.758    1.771
 562.80   22.317   22.354   22.404   -1.285   -1.492   -0.683   -1.285   -1.492    1.019    0.877    1.917    2.171    1.171
 562.90   21.711   21.775   21.800   -1.665   -1.049   -1.289   -1.665   -1.049    1.352    2.146    1.747    2.767    1.540
 563.00   21.778   21.833   21.858   -1.547   -1.041   -1.222   -1.547   -1.041    1.271    1.889    1.609    2.484    1.394
 563.10   20.211   20.243   20.244   -1.134    0.192   -2.789   -1.134    0.192   -0.535    3.163   -0.218    4.550    1.608
 563.20   18.912   18.936   18.947   -0.967    0.636   -4.088   -0.967    0.636   -2.599    3.955   -0.615    9.028    2.386
 563.30   19.049   19.185   19.315   -2.275    2.242   -3.951   -2.275    2.242   -8.856    8.987   -5.099   12.904    6.804
 563.40   20.802   20.943   21.015   -2.422    1.746   -2.198   -2.422    1.746   -3.838    5.324   -4.229    6.873    3.904
 563.50   21.439   21.572   21.864   -2.392    3.560   -1.561   -2.392    3.560   -5.557    3.734   -8.517   10.417    5.417
 563.60   20.063   20.284   20.514   -2.983    3.065   -2.937   -2.983    3.065   -9.002    8.761   -9.143   13.459    7.768
 563.70   19.289   19.599   19.885   -3.476    3.361   -3.711   -3.476    3.361  -12.475   12.902  -11.685   18.579   10.708
 563.80   19.952   20.278   20.322   -3.618    1.339   -3.048   -3.618    1.339   -4.080   11.027   -4.843   12.086    6.358
 563.90   20.389   20.648   20.670   -3.261    0.948   -2.611   -3.261    0.948   -2.475    8.517   -3.091    9.177    4.696
 564.00   19.684   19.943   19.998   -3.199    1.492   -3.316   -3.199    1.492   -4.946   10.609   -4.773   11.728    6.320
 564.10   19.922   20.042   20.287   -2.193    3.145   -3.078   -2.193    3.145   -9.683    6.750   -6.897   12.089    6.836
 564.20   18.584   18.708   18.856   -2.149    2.361   -4.416   -2.149    2.361  -10.429    9.491   -5.075   14.849    7.493
 564.30   19.800   19.989   20.059   -2.744    1.665   -3.200   -2.744    1.665   -5.328    8.780   -4.569   10.270    5.620
 564.40   20.019   20.247   20.250   -3.028    0.332   -2.981   -3.028    0.332   -0.989    9.025   -1.005    9.081    4.567
 564.50   21.085   21.255   21.266   -2.683    0.698   -1.915   -2.683    0.698   -1.337    5.138   -1.872    5.676    2.815
 564.60   22.673   22.711   22.724   -1.310    0.770   -0.327   -1.310    0.770   -0.252    0.428   -1.009    1.209    0.562
 564.70   23.780   23.813   23.940   -1.254    2.455    0.780   -1.254    2.455    1.916   -0.978   -3.079    4.105    1.878
 564.80   22.561   22.575   22.647   -0.806    1.799   -0.439   -0.806    1.799   -0.790    0.354   -1.451    2.040    0.845
 564.90   23.158   23.163   23.213    0.502    1.514    0.158    0.502    1.514    0.239    0.079    0.761    1.285    0.401
 565.00   24.123   24.127   24.134    0.472    0.563    1.123    0.472    0.563    0.631    0.530    0.265    0.900    0.433
 565.10   23.785   23.792   23.817    0.590    1.075    0.785    0.590    1.075    0.844    0.464    0.635    1.060    0.577
 565.20   23.711   23.725   23.832   -0.827    2.256    0.711   -0.827    2.256    1.604   -0.588   -1.866    3.139    1.265
 565.30   24.058   24.059   24.163   -0.287    2.237    1.058   -0.287    2.237    2.366   -0.303   -0.641    3.102    1.235
 565.40   25.109   25.114   25.145   -0.522    1.234    2.109   -0.522    1.234    2.602   -1.100   -0.644    3.121    1.449
 565.50   22.808   22.811   22.813    0.398    0.249   -0.192    0.398    0.249   -0.048   -0.076    0.099    0.129    0.067
 565.60   22.198   22.210   22.210   -0.741   -0.047   -0.802   -0.741   -0.047    0.038    0.594    0.035    0.597    0.298
 565.70   21.476   21.476   21.492    0.081    0.825   -1.524    0.081    0.825   -1.258   -0.124    0.067    1.506    0.633
 565.80   22.052   22.064   22.098    0.728   -1.239   -0.948    0.728   -1.239    1.174   -0.690   -0.901    1.481    0.817
 565.90   20.875   20.882   20.895    0.518   -0.736   -2.125    0.518   -0.736    1.564   -1.101   -0.381    2.662    0.975
 566.00   21.884   21.930   21.935    1.429    0.453   -1.116    1.429    0.453   -0.506   -1.595    0.647    1.747    0.897
 566.10   22.436   22.530   22.530    2.050   -0.167   -0.564    2.050   -0.167    0.094   -1.156   -0.343    2.275    0.605
 566.20   21.834   22.191   22.232    3.964   -1.358   -1.166    3.964   -1.358    1.584   -4.622   -5.384    9.459    3.635
 566.30   23.116   23.677   23.811    5.122   -2.521    0.116    5.122   -2.521   -0.293    0.595  -12.915   16.303    6.466
 566.40   22.641   22.823   22.863    2.882   -1.348   -0.359    2.882   -1.348    0.484   -1.035   -3.885    5.126    2.025
 566.50   21.584   21.869   21.937    3.515   -1.723   -1.416    3.515   -1.723    2.439   -4.975   -6.057    8.663    4.105
 566.60   20.491   20.547   20.547    1.523   -0.048   -2.509    1.523   -0.048    0.121   -3.823   -0.073    4.310    1.913
 566.70   20.815   20.886   20.918    1.711    1.170   -2.185    1.711    1.170   -2.557   -3.737    2.002    4.534    2.475
 566.80   21.051   21.059   21.128    0.550    1.715   -1.949    0.550    1.715   -3.341   -1.071    0.943    3.519    1.816
 566.90   22.236   22.239   22.273   -0.362    1.220   -0.764   -0.362    1.220   -0.932    0.276   -0.441    1.101    0.534
 567.00   23.046   23.090   23.091    1.431   -0.159    0.046    1.431   -0.159   -0.007    0.066   -0.227    1.037    0.118
 567.10   22.437   22.502   22.577    1.703    1.841   -0.563    1.703    1.841   -1.036   -0.959    3.136    3.304    1.719
 567.20   22.630   22.757   22.879    2.404    2.358   -0.370    2.404    2.358   -0.873   -0.890    5.668    5.738    2.902
 567.30   22.770   22.861   23.036    2.043    2.831   -0.230    2.043    2.831   -0.651   -0.470    5.782    6.119    2.919
 567.40   20.589   20.649   20.685    1.573    1.218   -2.411    1.573    1.218   -2.936   -3.793    1.916    4.886    2.583
 567.50   20.551   20.608   20.612    1.529    0.447   -2.449    1.529    0.447   -1.095   -3.744    0.683    4.267    1.980
 567.60   20.825   20.911   20.979    1.904    1.682   -2.175    1.904    1.682   -3.660   -4.141    3.202    5.593    3.194
 567.70   21.624   21.803   21.849    2.785    1.424   -1.376    2.785    1.424   -1.960   -3.832    3.967    5.839    2.927
 567.80   22.116   22.320   22.348    3.009    1.104   -0.884    3.009    1.104   -0.976   -2.658    3.323    5.527    2.183
 567.90   23.404   23.769   23.775    4.152    0.531    0.404    4.152    0.531    0.215    1.677    2.207    8.842    1.390
 568.00   24.184   24.352   24.352    2.851    0.085    1.184    2.851    0.085    0.100    3.376    0.241    4.769    1.693
 568.10   24.130   24.259   24.268    2.501    0.669    1.130    2.501    0.669    0.755    2.826    1.673    3.990    1.685
 568.20   23.925   24.017   24.042    2.095    1.096    0.925    2.095    1.096    1.014    1.938    2.295    3.223    1.585
 568.30   23.647   23.709   23.709    1.716   -0.138    0.647    1.716   -0.138   -0.089    1.109   -0.237    1.691    0.569
 568.40   24.554   24.647   24.650    2.133   -0.387    1.554    2.133   -0.387   -0.602    3.316   -0.826    3.558    1.735
 568.50   23.566   23.634   23.640    1.795   -0.541    0.566    1.795   -0.541   -0.306    1.015   -0.971    1.917    0.719
 568.60   24.316   24.488   24.497    2.896   -0.673    1.316    2.896   -0.673   -0.886    3.811   -1.951    5.287    2.186
 568.70   26.184   26.414   26.416    3.475   -0.378    3.184    3.475   -0.378   -1.204   11.063   -1.314   11.177    5.603
 568.80   25.234   25.328   25.334    2.178    0.532    2.234    2.178    0.532    1.189    4.867    1.159    5.010    2.571
 568.90   25.132   25.292   25.293    2.842   -0.224    2.132    2.842   -0.224   -0.477    6.059   -0.635    6.336    3.055
 569.00   23.636   23.768   23.784    2.501   -0.875    0.636    2.501   -0.875   -0.557    1.592   -2.188    3.713    1.381
 569.10   23.764   23.765   23.793   -0.082   -1.173    0.764   -0.082   -1.173   -0.897   -0.063    0.097    0.984    0.452
 569.20   23.838   23.839   23.906   -0.244   -1.795    0.838   -0.244   -1.795   -1.504   -0.204    0.437    1.992    0.790
 569.30   22.670   22.827   22.918   -2.668   -2.048   -0.330   -2.668   -2.048    0.676    0.880    5.464    5.710    2.788
 569.40   22.946   23.181   23.182   -3.291   -0.194   -0.054   -3.291   -0.194    0.010    0.176    0.639    5.435    0.331
 569.50   23.808   23.845   23.990   -1.332   -2.640    0.808   -1.332   -2.640   -2.132   -1.075    3.515    4.697    2.125
 569.60   23.698   23.709   23.782   -0.701   -1.868    0.698   -0.701   -1.868   -1.304   -0.489    1.309    2.234    0.956
 569.70   22.466   22.469   22.567    0.381   -2.102   -0.534    0.381   -2.102    1.123   -0.204   -0.801    2.424    0.697
 569.80   20.426   20.489   20.589   -1.605   -2.021   -2.574   -1.605   -2.021    5.201    4.130    3.243    6.641    3.695
 569.90   20.596   20.657   20.760   -1.592   -2.068   -2.404   -1.592   -2.068    4.971    3.829    3.292    6.296    3.543
 570.00   20.925   20.928   20.984    0.355   -1.534   -2.075    0.355   -1.534    3.183   -0.738   -0.545    3.392    1.656
 570.10   23.067   23.078   23.091    0.693   -0.787    0.067    0.693   -0.787   -0.053    0.047   -0.546    0.552    0.275
 570.20   23.825   23.827   23.847    0.287   -0.988    0.825    0.287   -0.988   -0.815    0.236   -0.283    0.869    0.447
 570.30   23.489   23.608   23.641    2.363    1.261    0.489    2.363    1.261    0.617    1.156    2.981    3.708    1.628
 570.40   23.601   23.659   23.680    1.647    1.012    0.601    1.647    1.012    0.608    0.990    1.666    2.048    1.016
 570.50   22.822   22.925   22.946    2.169   -0.977   -0.178    2.169   -0.977    0.173   -0.385   -2.118    2.845    1.080
 570.60   23.331   23.444   23.448    2.301    0.422    0.331    2.301    0.422    0.140    0.761    0.971    2.791    0.621
 570.70   24.597   24.853   24.853    3.554   -0.195    1.597    3.554   -0.195   -0.312    5.677   -0.694    7.612    2.864
 570.80   26.253   26.474   26.478    3.413    0.493    3.253    3.413    0.493    1.602   11.102    1.681   11.236    5.671
 570.90   26.306   26.590   26.645    3.875    1.720    3.306    3.875    1.720    5.686   12.810    6.666   14.452    7.760
 571.00   25.583   25.743   25.743    2.869    0.041    2.583    2.869    0.041    0.106    7.409    0.118    7.451    3.705
 571.10   24.344   24.497   24.516    2.727    0.964    1.344    2.727    0.964    1.296    3.666    2.628    5.085    2.346
 571.20   24.116   24.343   24.345    3.318    0.310    1.116    3.318    0.310    0.346    3.701    1.029    6.174    1.929
 571.30   23.341   23.667   23.713    3.914    1.474    0.341    3.914    1.474    0.503    1.335    5.770    8.806    2.972
 571.40   24.028   24.621   24.792    5.370    2.905    1.028    5.370    2.905    2.987    5.522   15.603   19.170    8.409
 571.50   25.156   25.569   25.627    4.576    1.726    2.156    4.576    1.726    3.720    9.865    7.896   14.282    6.586
 571.60   24.565   24.930   25.042    4.249    2.367    1.565    4.249    2.367    3.705    6.650   10.058   13.053    6.307
 571.70   24.673   24.880   25.049    3.207    2.904    1.673    3.207    2.904    4.856    5.364    9.312   10.757    5.897
 571.80   25.830   25.880   25.986    1.607    2.350    2.830    1.607    2.350    6.651    4.547    3.777    8.057    4.449
 571.90   25.050   25.077   25.113    1.179    1.344    2.050    1.179    1.344    2.755    2.417    1.585    3.699    1.997
 572.00   25.369   25.460   25.461    2.157    0.230    2.369    2.157    0.230    0.545    5.108    0.496    5.157    2.580
 572.10   26.498   26.799   26.819    4.004    1.037    3.498    4.004    1.037    3.629   14.005    4.153   14.670    7.526
 572.20   26.754   26.849   26.930    2.263    2.084    3.754    2.263    2.084    7.823    8.494    4.716   11.776    6.236
 572.30   26.551   26.653   26.714    2.340    1.795    3.551    2.340    1.795    6.373    8.309    4.200   10.652    5.641
 572.40   27.206   27.543   27.617    4.299    2.012    4.206    4.299    2.012    8.460   18.082    8.649   20.110   10.878
 572.50   28.136   28.399   28.465    3.858    1.931    5.136    3.858    1.931    9.919   19.812    7.450   22.494   11.688
 572.60   27.540   27.787   27.917    3.695    2.696    4.540    3.695    2.696   12.239   16.776    9.960   20.766   11.515
 572.70   26.639   26.860   27.001    3.438    2.754    3.639    3.438    2.754   10.024   12.513    9.470   16.326    9.310
 572.80   25.146   25.373   25.393    3.388    1.006    2.146    3.388    1.006    2.158    7.270    3.406    8.546    4.157
 572.90   25.662   25.837   25.943    2.997    2.350    2.662    2.997    2.350    6.256    7.978    7.042   10.795    6.172
 573.00   25.794   25.910   26.019    2.450    2.373    2.794    2.450    2.373    6.630    6.846    5.814    9.720    5.582
 573.10   26.057   26.119   26.123    1.798    0.448    3.057    1.798    0.448    1.370    5.498    0.806    6.391    2.862
 573.20   25.657   25.728   25.742    1.914    0.860    2.657    1.914    0.860    2.284    5.084    1.645    5.729    2.905
 573.30   26.680   26.965   26.973    3.911    0.677    3.680    3.911    0.677    2.490   14.390    2.646   14.645    7.421
 573.40   25.751   26.053   26.197    3.957    2.745    2.751    3.957    2.745    7.551   10.885   10.863   15.380    8.566
 573.50   25.021   25.365   25.404    4.167    1.402    2.021    4.167    1.402    2.834    8.420    5.842   11.705    5.317
 573.60   24.496   24.855   24.931    4.210    1.937    1.496    4.210    1.937    2.898    6.299    8.155   11.858    5.352
 573.70   23.538   23.965   23.994    4.505    1.178    0.538    4.505    1.178    0.634    2.422    5.309   10.986    2.935
 573.80   24.510   24.765   24.783    3.541    0.934    1.510    3.541    0.934    1.411    5.349    3.307    7.846    3.222
 573.90   23.615   23.832   23.834    3.207    0.306    0.615    3.207    0.306    0.188    1.972    0.981    5.378    1.105
 574.00   24.987   25.186   25.188    3.165   -0.254    1.987    3.165   -0.254   -0.505    6.288   -0.805    7.014    3.180
 574.10   24.131   24.291   24.409    2.777   -2.398    1.131    2.777   -2.398   -2.713    3.142   -6.659    7.371    3.923
 574.20   25.638   25.777   25.804    2.681   -1.162    2.638    2.681   -1.162   -3.064    7.071   -3.114    7.747    4.156
 574.30   25.692   25.920   25.982    3.428   -1.786    2.692    3.428   -1.786   -4.810    9.230   -6.124   11.096    6.038
 574.40   25.947   26.373   26.519    4.725   -2.779    2.947    4.725   -2.779   -8.190   13.923  -13.133   19.367   10.409
 574.50   26.690   27.177   27.336    5.121   -2.943    3.690    5.121   -2.943  -10.859   18.897  -15.070   24.251   13.249
 574.60   26.413   26.647   26.699    3.527   -1.665    3.413    3.527   -1.665   -5.681   12.039   -5.871   13.431    7.275
 574.70   25.577   25.992   26.010    4.623   -0.980    2.577    4.623   -0.980   -2.525   11.915   -4.530   14.488    6.497
 574.80   25.077   25.555   25.615    4.921   -1.759    2.077    4.921   -1.759   -3.654   10.220   -8.658   15.813    6.942
 574.90   23.473   23.701   23.787    3.280   -2.025    0.473    3.280   -2.025   -0.957    1.550   -6.643    7.542    3.444
 575.00   23.664   23.759   23.866    2.119   -2.255    0.664    2.119   -2.255   -1.499    1.408   -4.779    5.009    2.601
 575.10   23.744   23.922   23.927    2.919   -0.466    0.744    2.919   -0.466   -0.347    2.171   -1.361    4.646    1.293
 575.20   23.679   23.905   23.963    3.283   -1.660    0.679    3.283   -1.660   -1.127    2.229   -5.450    6.997    2.998
 575.30   23.855   24.177   24.311    3.938   -2.549    0.855    3.938   -2.549   -2.178    3.365  -10.037   11.367    5.404
 575.40   24.481   25.118   25.175    5.620   -1.685    1.481    5.620   -1.685   -2.496    8.325   -9.469   18.308    6.426
 575.50   25.254   25.869   25.870    5.608    0.170    2.254    5.608    0.170    0.384   12.640    0.955   18.279    6.341
 575.60   24.941   25.577   25.583    5.669   -0.539    1.941    5.669   -0.539   -1.046   11.001   -3.055   18.095    5.733
 575.70   23.568   24.123   24.124    5.146   -0.195    0.568    5.146   -0.195   -0.111    2.923   -1.005   13.423    1.547
 575.80   22.543   23.332   23.340    6.015   -0.589   -0.457    6.015   -0.589    0.269   -2.747   -3.540   18.370    2.244
 575.90   21.420   22.076   22.081    5.342   -0.460   -1.580    5.342   -0.460    0.726   -8.438   -2.456   15.621    4.409
 576.00   20.348   20.933   20.957    4.912   -1.010   -2.652    4.912   -1.010    2.679  -13.027   -4.963   16.091    7.098
 576.10   20.516   20.901   20.902    3.992   -0.239   -2.484    3.992   -0.239    0.593   -9.918   -0.954   11.084    4.991
 576.20   19.937   20.088   20.147    2.457    1.540   -3.063    2.457    1.540   -4.717   -7.527    3.784    8.896    4.828
 576.30   21.155   21.358   21.466    2.935    2.154   -1.845    2.935    2.154   -3.974   -5.415    6.322    8.329    4.612
 576.40   22.729   22.783   22.786    1.567    0.380   -0.271    1.567    0.380   -0.103   -0.424    0.595    1.337    0.369
 576.50   21.784   21.818   21.820    1.209    0.334   -1.216    1.209    0.334   -0.406   -1.469    0.404    1.525    0.789
 576.60   23.215   23.215   23.217    0.001    0.300    0.215    0.001    0.300    0.065    0.000    0.000    0.068    0.032
 576.70   23.546   23.552   23.572    0.516    0.981    0.546    0.516    0.981    0.536    0.282    0.506    0.763    0.395
 576.80   22.664   22.664   22.697    0.008    1.208   -0.336    0.008    1.208   -0.405   -0.003    0.009    0.786    0.203
 576.90   24.163   24.187   24.200   -1.079    0.797    1.163   -1.079    0.797    0.926   -1.255   -0.860    1.576    0.890
 577.00   24.543   24.594   24.638   -1.593    1.471    1.543   -1.593    1.471    2.270   -2.457   -2.343    3.540    2.042
 577.10   24.789   24.806   24.840   -0.920    1.312    1.789   -0.920    1.312    2.347   -1.646   -1.208    2.884    1.555
 577.20   23.333   23.334   23.392    0.193    1.643    0.333    0.193    1.643    0.547    0.064    0.317    1.423    0.318
 577.30   21.821   21.901   21.960    1.874    1.613   -1.179    1.874    1.613   -1.903   -2.210    3.023    3.752    2.100
 577.40   21.423   21.426   21.436   -0.334    0.654   -1.577   -0.334    0.654   -1.032    0.526   -0.218    1.513    0.589
 577.50   21.442   21.443   21.463   -0.206    0.915   -1.558   -0.206    0.915   -1.425    0.320   -0.188    1.653    0.736
 577.60   23.175   23.180   23.208   -0.507    1.145    0.175   -0.507    1.145    0.200   -0.088   -0.580    0.799    0.310
 577.70   22.152   22.188   22.227   -1.267   -1.318   -0.848   -1.267   -1.318    1.117    1.075    1.670    2.031    1.139
 577.80   22.335   22.407   22.623   -1.802   -3.116   -0.665   -1.802   -3.116    2.073    1.199    5.615    6.699    3.052
 577.90   23.460   23.667   23.939   -3.125   -3.598    0.460   -3.125   -3.598   -1.655   -1.438   11.243   11.460    5.727
 578.00   25.047   25.146   25.413   -2.232   -3.674    2.047   -2.232   -3.674   -7.519   -4.568    8.201   11.335    6.014
 578.10   24.552   24.561   24.763   -0.666   -3.155    1.552   -0.666   -3.155   -4.897   -1.033    2.100    6.403    2.714
 578.20   24.488   24.501   24.506   -0.807   -0.471    1.488   -0.807   -0.471   -0.701   -1.201    0.380    1.544    0.721
 578.30   26.088   26.125   26.174   -1.395   -1.593    3.088   -1.395   -1.593   -4.919   -4.307    2.222    7.009    3.453
 578.40   26.127   26.127   26.228   -0.028   -2.300    3.127   -0.028   -2.300   -7.192   -0.088    0.064    7.535    3.597
 578.50   25.080   25.087   25.192    0.608   -2.293    2.080    0.608   -2.293   -4.768    1.265   -1.394    4.976    2.563
 578.60   25.366   25.394   25.707    1.209   -3.997    2.366    1.209   -3.997   -9.455    2.861   -4.833   11.517    5.499
 578.70   23.615   23.666   23.789    1.560   -2.411    0.615    1.560   -2.411   -1.482    0.959   -3.761    4.312    2.078
 578.80   23.568   23.607   23.739    1.351   -2.503    0.568    1.351   -2.503   -1.422    0.767   -3.382    4.207    1.874
 578.90   26.283   26.288   26.423   -0.527   -2.666    3.283   -0.527   -2.666   -8.752   -1.730    1.405    9.081    4.516
 579.00   24.854   24.937   25.053   -2.033   -2.406    1.854   -2.033   -2.406   -4.460   -3.769    4.891    6.679    3.809
 579.10   25.451   25.485   25.622   -1.316   -2.648    2.451   -1.316   -2.648   -6.490   -3.224    3.484    7.375    4.021
 579.20   25.827   25.845   25.921   -0.954   -1.988    2.827   -0.954   -1.988   -5.621   -2.696    1.896    6.427    3.258
 579.30   24.325   24.342   24.347    0.917   -0.479    1.325    0.917   -0.479   -0.634    1.214   -0.439    1.412    0.719
 579.40   24.114   24.135   24.136    0.994   -0.201    1.114    0.994   -0.201   -0.224    1.108   -0.200    1.135    0.574
 579.50   23.967   24.060   24.061    2.108    0.228    0.967    2.108    0.228    0.221    2.040    0.481    2.717    1.054
 579.60   24.627   24.665   24.716    1.371    1.591    1.627    1.371    1.591    2.589    2.230    2.181    3.529    2.027
 579.70   23.566   23.607   23.706    1.390    2.164    0.566    1.390    2.164    1.226    0.788    3.009    3.469    1.672
 579.80   23.967   24.014   24.043    1.489    1.178    0.967    1.489    1.178    1.140    1.441    1.754    2.270    1.270
 579.90   24.204   24.411   24.423    3.177    0.737    1.204    3.177    0.737    0.887    3.825    2.342    6.044    2.286
 580.00   22.389   22.503   22.548    2.263    1.415   -0.611    2.263    1.415   -0.864   -1.382    3.202    3.748    1.797
 580.10   20.154   20.157   20.192    0.376    1.196   -2.846    0.376    1.196   -3.406   -1.070    0.450    4.838    1.799
 580.20   21.092   21.101   21.198   -0.621    2.027   -1.908   -0.621    2.027   -3.868    1.186   -1.260    4.069    2.119
 580.30   22.050   22.114   22.267   -1.686    2.599   -0.950   -1.686    2.599   -2.469    1.601   -4.382    5.250    2.639
 580.40   20.817   20.834   20.891    0.827    1.550   -2.183    0.827    1.550   -3.382   -1.804    1.281    3.925    2.021
 580.50   22.532   22.549   22.608    0.874    1.634   -0.468    0.874    1.634   -0.765   -0.410    1.429    1.827    0.836
 580.60   24.213   24.284   24.328    1.864    1.455    1.213    1.864    1.455    1.764    2.260    2.711    3.530    1.973
 580.70   26.208   26.261   26.301    1.664    1.458    3.208    1.664    1.458    4.677    5.340    2.426    7.594    3.751
 580.80   26.726   26.783   26.784    1.738    0.206    3.726    1.738    0.206    0.769    6.475    0.358    8.474    3.265
 580.90   27.541   27.791   27.841    3.723    1.655    4.541    3.723    1.655    7.517   16.905    6.163   18.610    9.750
 581.00   26.763   27.082   27.089    4.144    0.621    3.763    4.144    0.621    2.336   15.595    2.572   15.860    7.989
 581.10   26.696   26.872   26.875    3.066    0.442    3.696    3.066    0.442    1.632   11.335    1.354   11.630    5.766
 581.20   25.612   25.815   25.850    3.229    1.360    2.612    3.229    1.360    3.552    8.433    4.391    9.549    5.075
 581.30   25.288   25.327   25.345    1.405    0.964    2.288    1.405    0.964    2.206    3.215    1.355    4.070    2.064
 581.40   24.909   24.915   24.934    0.549    0.972    1.909    0.549    0.972    1.856    1.048    0.534    2.445    1.099
 581.50   25.334   25.344   25.403    0.688    1.738    2.334    0.688    1.738    4.057    1.606    1.196    4.472    2.262
 581.60   25.480   25.490   25.520    0.739    1.237    2.480    0.739    1.237    3.068    1.831    0.914    4.112    1.844
 581.70   25.506   25.557   25.570    1.617    0.813    2.506    1.617    0.813    2.036    4.051    1.314    4.776    2.360
 581.80   27.103   27.233   27.235    2.657   -0.302    4.103    2.657   -0.302   -1.240   10.901   -0.803   11.993    5.500
 581.90   26.557   26.768   26.791    3.347    1.127    3.557    3.347    1.127    4.010   11.908    3.773   12.565    6.559
 582.00   26.152   26.309   26.410    2.868    2.302    3.152    2.868    2.302    7.257    9.043    6.603   11.732    6.671
 582.10   25.405   25.660   25.772    3.615    2.393    2.405    3.615    2.393    5.753    8.692    8.649   12.287    6.773
 582.20   26.262   26.314   26.339    1.653    1.158    3.262    1.653    1.158    3.776    5.393    1.914    7.357    3.428
 582.30   27.426   27.490   27.494    1.886    0.432    4.426    1.886    0.432    1.910    8.348    0.814   11.666    4.301
 582.40   27.827   27.867   27.867    1.489   -0.021    4.827    1.489   -0.021   -0.103    7.187   -0.032   12.757    3.594
 582.50   26.418   26.420   26.431    0.312   -0.760    3.418    0.312   -0.760   -2.597    1.067   -0.237    6.179    1.409
 582.60   26.657   26.669   26.680    0.814    0.752    3.657    0.814    0.752    2.752    2.977    0.613    7.301    2.050
 582.70   27.376   27.382   27.390    0.582   -0.667    4.376    0.582   -0.667   -2.921    2.546   -0.388    9.966    1.947
 582.80   28.362   28.364   28.374    0.370   -0.768    5.362    0.370   -0.768   -4.115    1.981   -0.284   14.736    2.288
 582.90   27.797   27.801   27.813   -0.414   -0.819    4.797   -0.414   -0.819   -3.931   -1.988    0.340   11.930    2.209
 583.00   26.842   26.954   26.971   -2.448   -0.976    3.842   -2.448   -0.976   -3.750   -9.407    2.390   10.855    5.203
 583.10   25.917   26.039   26.052   -2.514   -0.814    2.917   -2.514   -0.814   -2.376   -7.335    2.048    7.748    3.989
 583.20   24.198   24.451   24.453   -3.507   -0.299    1.198   -3.507   -0.299   -0.358   -4.202    1.048    6.911    2.173
 583.30   24.442   24.635   24.643   -3.079    0.653    1.442   -3.079    0.653    0.942   -4.438   -2.012    5.992    2.482
 583.40   23.917   24.233   24.317   -3.903    2.024    0.917   -3.903    2.024    1.855   -3.578   -7.898   10.084    4.433
 583.50   25.119   25.653   25.814   -5.208    2.872    2.119   -5.208    2.872    6.086  -11.037  -14.957   19.932    9.780
 583.60   26.751   27.130   27.253   -4.518    2.589    3.751   -4.518    2.589    9.713  -16.946  -11.697   20.592   11.384
 583.70   29.011   29.178   29.255   -3.120    2.118    6.011   -3.120    2.118   12.732  -18.753   -6.609   25.174   11.805
 583.80   29.338   29.615   29.661   -4.043    1.659    6.338   -4.043    1.659   10.515  -25.624   -6.708   29.632   14.249
 583.90   28.997   29.430   29.522   -5.030    2.329    5.997   -5.030    2.329   13.966  -30.166  -11.713   33.345   17.622
 584.00   28.623   29.194   29.240   -5.742    1.647    5.623   -5.742    1.647    9.262  -32.290   -9.457   33.653   17.449
 584.10   29.473   29.942   29.996   -5.279    1.788    6.473   -5.279    1.788   11.576  -34.171   -9.439   36.483   18.646
 584.20   28.716   29.107   29.212   -4.755    2.475    5.716   -4.755    2.475   14.145  -27.179  -11.766   30.702   16.410
 584.30   28.377   28.916   29.047   -5.553    2.755    5.377   -5.553    2.755   14.817  -29.860  -15.301   33.672   18.339
 584.40   27.926   28.395   28.594   -5.140    3.364    4.926   -5.140    3.364   16.569  -25.319  -17.287   30.998   17.424
 584.50   27.205   27.637   27.793   -4.866    2.945    4.205   -4.866    2.945   12.384  -20.461  -14.328   25.015   13.940
 584.60   26.417   26.821   26.892   -4.634    1.954    3.417   -4.634    1.954    6.676  -15.837   -9.053   18.486    9.713
 584.70   25.972   26.505   26.635   -5.287    2.637    2.972   -5.287    2.637    7.837  -15.712  -13.940   21.867   11.209
 584.80   25.984   26.225   26.492   -3.544    3.756    2.984   -3.544    3.756   11.210  -10.576  -13.312   17.787   10.182
 584.90   26.755   26.866   27.219   -2.437    4.366    3.755   -2.437    4.366   16.396   -9.151  -10.640   19.552   10.791
 585.00   25.681   25.957   26.450   -3.774    5.081    2.681   -3.774    5.081   13.624  -10.118  -19.176   23.625   12.803
 585.10   25.634   25.741   26.103   -2.347    4.335    2.634   -2.347    4.335   11.415   -6.181  -10.175   15.617    8.247
 585.20   24.977   25.018   25.126   -1.427    2.325    1.977   -1.427    2.325    4.598   -2.821   -3.317    5.676    3.166
 585.30   22.821   22.902   23.014   -1.916    2.270   -0.179   -1.916    2.270   -0.406    0.342   -4.351    4.429    2.191
 585.40   22.117   22.133   22.311   -0.852    2.807   -0.883   -0.852    2.807   -2.478    0.752   -2.390    4.692    1.762
 585.50   21.624   21.675   21.739   -1.473    1.673   -1.376   -1.473    1.673   -2.301    2.026   -2.464    3.430    1.966
 585.60   21.783   22.048   22.074   -3.408    1.075   -1.217   -3.408    1.075   -1.308    4.148   -3.663    7.127    2.843
 585.70   21.584   21.767   21.769   -2.818   -0.304   -1.416   -2.818   -0.304    0.431    3.991    0.857    5.020    2.052
 585.80   20.487   20.808   20.808   -3.644    0.076   -2.513   -3.644    0.076   -0.192    9.159   -0.279    9.800    4.582
 585.90   21.431   21.706   21.719   -3.448    0.759   -1.569   -3.448    0.759   -1.192    5.411   -2.618    7.464    3.064
 586.00   21.822   22.019   22.038   -2.934    0.928   -1.178   -2.934    0.928   -1.093    3.455   -2.723    5.428    2.267
 586.10   22.268   22.422   22.514   -2.621    2.031   -0.732   -2.621    2.031   -1.487    1.919   -5.325    5.767    2.926
 586.20   22.488   22.548   22.609   -1.646    1.650   -0.512   -1.646    1.650   -0.844    0.842   -2.716    2.847    1.483
 586.30   19.985   20.057   20.104   -1.702    1.368   -3.015   -1.702    1.368   -4.125    5.133   -2.328    6.931    3.492
 586.40   19.068   19.111   19.136   -1.286    0.964   -3.932   -1.286    0.964   -3.791    5.057   -1.240    9.022    3.220
 586.50   19.505   19.702   19.710   -2.781   -0.576   -3.495   -2.781   -0.576    2.014    9.722    1.603   10.143    5.029
 586.60   21.508   22.015   22.125   -4.699   -2.206   -1.492   -4.699   -2.206    3.292    7.012   10.365   14.585    6.470
 586.70   20.568   20.836   21.077   -3.330   -3.175   -2.432   -3.330   -3.175    7.720    8.099   10.573   13.542    7.697
 586.80   20.948   21.357   21.541   -4.160   -2.807   -2.052   -4.160   -2.807    5.761    8.538   11.679   14.701    7.786
 586.90   19.619   20.208   20.340   -4.846   -2.314   -3.381   -4.846   -2.314    7.823   16.385   11.211   20.134   10.670
 587.00   18.815   19.311   19.493   -4.346   -2.663   -4.185   -4.346   -2.663   11.142   18.185   11.570   21.742   12.131
 587.10   19.084   19.630   19.771   -4.598   -2.357   -3.916   -4.598   -2.357    9.231   18.006   10.840   21.018   11.478
 587.20   19.531   20.176   20.260   -5.061   -1.841   -3.469   -5.061   -1.841    6.385   17.557    9.316   20.519   10.438
 587.30   20.333   20.962   21.073   -5.097   -2.157   -2.667   -5.097   -2.157    5.751   13.592   10.991   18.870    9.201
 587.40   19.299   20.237   20.415   -6.088   -2.696   -3.701   -6.088   -2.696    9.979   22.531   16.416   29.015   14.805
 587.50   20.883   21.477   21.600   -5.018   -2.293   -2.117   -5.018   -2.293    4.855   10.622   11.508   17.459    8.198
 587.60   19.783   20.488   20.593   -5.325   -2.085   -3.217   -5.325   -2.085    6.706   17.128   11.102   21.525   10.743
 587.70   18.603   19.168   19.360   -4.618   -2.722   -4.397   -4.618   -2.722   11.970   20.305   12.572   24.035   13.357
 587.80   18.645   19.103   19.488   -4.159   -3.852   -4.355   -4.159   -3.852   16.774   18.112   16.019   25.549   14.714
 587.90   18.036   18.185   18.452   -2.320   -3.127   -4.964   -2.320   -3.127   15.523   11.517    7.256   19.902   10.323
 588.00   18.535   18.538   18.934   -0.321   -3.851   -4.465   -0.321   -3.851   17.194    1.432    1.235   17.433    8.649
 588.10   19.270   19.425   19.604   -2.452   -2.644   -3.730   -2.452   -2.644    9.864    9.147    6.484   13.460    7.466
 588.20   20.681   20.875   21.149   -2.838   -3.390   -2.319   -2.838   -3.390    7.860    6.581    9.621   12.461    7.029
 588.30   21.183   21.450   21.749   -3.375   -3.596   -1.817   -3.375   -3.596    6.536    6.134   12.138   13.814    7.544
 588.40   21.666   21.870   22.282   -2.979   -4.264   -1.334   -2.979   -4.264    5.690    3.975   12.705   14.421    7.239
 588.50   22.586   22.608   22.751   -0.976   -2.550   -0.414   -0.976   -2.550    1.055    0.404    2.490    3.814    1.367
 588.60   22.349   22.349   22.455   -0.015   -2.175   -0.651   -0.015   -2.175    1.416    0.010    0.034    2.578    0.708
 588.70   21.567   21.662   21.861   -2.031   -2.937   -1.433   -2.031   -2.937    4.209    2.911    5.966    7.403    3.930
 588.80   21.623   21.700   21.740   -1.831   -1.320   -1.377   -1.831   -1.320    1.817    2.521    2.416    3.494    1.968
 588.90   20.927   21.069   21.147   -2.441   -1.824   -2.073   -2.441   -1.824    3.781    5.062    4.452    6.792    3.865
 589.00   22.589   22.621   22.621   -1.204    0.101   -0.411   -1.204    0.101   -0.041    0.495   -0.121    0.814    0.256
 589.10   23.709   23.721   23.764   -0.772   -1.419    0.709   -0.772   -1.419   -1.006   -0.547    1.096    1.556    0.793
 589.20   23.517   23.607   23.722   -2.056   -2.340    0.517   -2.056   -2.340   -1.210   -1.063    4.810    4.984    2.536
 589.30   23.223   23.256   23.381   -1.247   -2.413    0.223   -1.247   -2.413   -0.537   -0.278    3.008    3.713    1.534
 589.40   23.039   23.062   23.064    1.024   -0.273    0.039    1.024   -0.273   -0.011    0.040   -0.279    0.562    0.141
 589.50   23.861   23.861   23.862    0.099    0.172    0.861    0.099    0.172    0.148    0.085    0.017    0.390    0.086
 589.60   22.853   22.854   22.874    0.177    0.970   -0.147    0.177    0.970   -0.143   -0.026    0.172    0.497    0.112
 589.70   23.316   23.320   23.323   -0.453    0.319    0.316   -0.453    0.319    0.101   -0.143   -0.144    0.203    0.113
 589.80   22.838   22.866   22.866   -1.128   -0.077   -0.162   -1.128   -0.077    0.012    0.182    0.087    0.652    0.101
 589.90   22.113   22.150   22.150   -1.290    0.027   -0.887   -1.290    0.027   -0.024    1.145   -0.035    1.226    0.573
 590.00   22.508   22.592   22.610   -1.952   -0.902   -0.492   -1.952   -0.902    0.444    0.961    1.760    2.433    1.027
 590.10   21.739   21.922   22.048   -2.825   -2.350   -1.261   -2.825   -2.350    2.963    3.562    6.640    7.547    4.048
 590.20   23.031   23.119   23.234   -2.019   -2.312    0.031   -2.019   -2.312   -0.071   -0.062    4.667    4.711    2.334
 590.30   23.956   24.135   24.200   -2.936   -1.771    0.956   -2.936   -1.771   -1.693   -2.807    5.202    6.337    3.074
 590.40   23.228   23.336   23.394   -2.244   -1.639    0.228   -2.244   -1.639   -0.374   -0.512    3.678    3.887    1.866
 590.50   22.480   22.584   22.663   -2.169   -1.891   -0.520   -2.169   -1.891    0.984    1.128    4.100    4.274    2.183
 590.60   23.327   23.333   23.336   -0.529   -0.415    0.327   -0.529   -0.415   -0.135   -0.173    0.219    0.279    0.155
 590.70   23.115   23.115   23.150   -0.147    1.264    0.115   -0.147    1.264    0.145   -0.017   -0.186    0.816    0.118
 590.80   22.954   22.968   22.980    0.799    0.754   -0.046    0.799    0.754   -0.035   -0.037    0.602    0.604    0.302
 590.90   23.762   23.954   23.985    3.024    1.211    0.762    3.024    1.211    0.923    2.305    3.661    5.595    2.212
 591.00   25.088   25.212   25.212    2.495   -0.069    2.088    2.495   -0.069   -0.145    5.208   -0.173    5.294    2.607
 591.10   24.424   24.485   24.487    1.725   -0.325    1.424    1.725   -0.325   -0.463    2.457   -0.561    2.555    1.281
 591.20   25.120   25.120   25.208   -0.077    2.102    2.120   -0.077    2.102    4.457   -0.164   -0.163    4.460    2.231
 591.30   26.873   26.894   26.897    1.080    0.348    3.873    1.080    0.348    1.349    4.184    0.376    8.143    2.206
 591.40   27.220   27.246   27.255    1.180   -0.697    4.220    1.180   -0.697   -2.942    4.979   -0.823    9.844    2.921
 591.50   26.504   26.510   26.515    0.555   -0.531    3.504    0.555   -0.531   -1.859    1.946   -0.295    6.434    1.354
 591.60   27.639   27.640   27.650    0.236   -0.715    4.639    0.236   -0.715   -3.316    1.094   -0.169   11.045    1.748
 591.70   29.972   29.986   29.989   -0.930   -0.378    6.972   -0.930   -0.378   -2.636   -6.481    0.351   24.807    3.503
 591.80   30.299   30.310   30.321   -0.838   -0.808    7.299   -0.838   -0.808   -5.897   -6.120    0.677   27.314    4.263
 591.90   30.324   30.332   30.350   -0.721    1.030    7.324   -0.721    1.030    7.546   -5.281   -0.743   27.608    4.620
 592.00   29.779   29.782   29.796   -0.418    0.899    6.779   -0.418    0.899    6.091   -2.835   -0.376   23.469    3.365
 592.10   29.657   29.667   29.669    0.768   -0.373    6.657    0.768   -0.373   -2.480    5.112   -0.286   22.522    2.844
 592.20   30.480   30.546   30.550    2.009    0.503    7.480    2.009    0.503    3.760   15.029    1.010   30.119    7.763
 592.30   30.828   30.928   30.961    2.491    1.421    7.828    2.491    1.421   11.120   19.498    3.538   34.749   11.362
 592.40   30.511   30.598   30.616    2.296    1.068    7.511    2.296    1.068    8.025   17.248    2.453   31.417    9.590
 592.50   32.178   32.225   32.227    1.746   -0.316    9.178    1.746   -0.316   -2.900   16.027   -0.552   43.690    8.149
 592.60   31.886   31.898   31.931   -0.867    1.447    8.886   -0.867    1.447   12.861   -7.705   -1.255   40.904    7.523
 592.70   31.255   31.255   31.261   -0.058    0.603    8.255   -0.058    0.603    4.979   -0.479   -0.035   34.255    2.501
 592.80   30.432   30.433   30.437   -0.290    0.473    7.432   -0.290    0.473    3.517   -2.154   -0.137   27.772    2.063
 592.90   28.821   28.877   28.878   -1.797   -0.175    5.821   -1.797   -0.175   -1.020  -10.459    0.315   18.572    5.257
 593.00   28.145   28.267   28.268   -2.623   -0.092    5.145   -2.623   -0.092   -0.471  -13.496    0.240   16.682    6.753
 593.10   28.536   28.540   28.540    0.511   -0.049    5.536    0.511   -0.049   -0.273    2.828   -0.025   15.453    1.420
 593.20   28.441   28.454   28.454    0.853    0.085    5.441    0.853    0.085    0.463    4.639    0.072   15.169    2.331
 593.30   29.496   29.498   29.499    0.300   -0.174    6.496    0.300   -0.174   -1.133    1.946   -0.052   21.162    1.126
 593.40   29.637   29.686   29.686    1.709   -0.149    6.637    1.709   -0.149   -0.987   11.343   -0.254   23.495    5.694
 593.50   29.106   29.208   29.209    2.443    0.240    6.106    2.443    0.240    1.463   14.920    0.585   21.655    7.501
 593.60   30.010   30.226   30.226    3.600   -0.131    7.010    3.600   -0.131   -0.917   25.238   -0.471   31.062   12.630
 593.70   29.815   29.949   29.949    2.829    0.113    6.815    2.829    0.113    0.770   19.284    0.320   27.233    9.651
 593.80   29.816   29.924   29.924    2.534    0.098    6.816    2.534    0.098    0.667   17.273    0.248   26.446    8.644
 593.90   29.411   29.459   29.466    1.688    0.648    6.411    1.688    0.648    4.156   10.822    1.094   22.183    5.822
 594.00   27.873   27.891   27.919    1.015    1.232    4.873    1.015    1.232    6.002    4.946    1.250   13.146    3.939
 594.10   27.619   27.656   27.773    1.415    2.555    4.619    1.415    2.555   11.802    6.535    3.615   14.934    6.983
 594.20   28.017   28.026   28.030    0.700    0.481    5.017    0.700    0.481    2.413    3.513    0.337   12.947    2.138
 594.30   28.207   28.228   28.250    1.075   -1.124    5.207    1.075   -1.124   -5.855    5.600   -1.209   14.768    4.096
 594.40   27.993   28.014   28.014    1.083   -0.146    4.993    1.083   -0.146   -0.730    5.405   -0.158   13.062    2.728
 594.50   27.608   27.637   27.641   -1.263    0.493    4.608   -1.263    0.493    2.270   -5.818   -0.622   11.536    3.138
 594.60   27.535   27.668   27.754   -2.706    2.194    4.535   -2.706    2.194    9.949  -12.273   -5.937   16.351    8.439
 594.70   27.541   27.653   27.695   -2.486    1.517    4.541   -2.486    1.517    6.888  -11.291   -3.771   14.553    6.877
 594.80   26.039   26.112   26.130   -1.955    0.959    3.039   -1.955    0.959    2.914   -5.940   -1.875    6.987    3.438
 594.90   25.165   25.390   25.411   -3.375    1.045    2.165   -3.375    1.045    2.262   -7.305   -3.526    8.583    4.210
 595.00   25.051   25.184   25.316   -2.583    2.578    2.051   -2.583    2.578    5.288   -5.298   -6.659    8.763    5.009
 595.10   25.003   25.055   25.076   -1.606    1.034    2.003   -1.606    1.034    2.071   -3.217   -1.661    3.831    2.086
 595.20   25.841   25.841   25.851    0.044   -0.724    2.841    0.044   -0.724   -2.058    0.125   -0.032    4.298    1.031
 595.30   25.959   25.973   25.973    0.846   -0.022    2.959    0.846   -0.022   -0.066    2.503   -0.019    4.736    1.252
 595.40   26.554   26.576   26.638    1.073    1.821    3.554    1.073    1.821    6.471    3.814    1.954    8.549    3.881
 595.50   26.797   26.797   26.894   -0.137    2.275    3.797   -0.137    2.275    8.638   -0.519   -0.311    9.806    4.330
 595.60   27.342   27.343   27.405    0.257    1.835    4.342    0.257    1.835    7.968    1.116    0.471   11.144    4.030
 595.70   26.943   26.943   27.096    0.224    2.874    3.943    0.224    2.874   11.332    0.883    0.644   11.927    5.692
 595.80   26.899   26.935   27.049   -1.393    2.481    3.899   -1.393    2.481    9.674   -5.431   -3.456   11.650    5.810
 595.90   27.035   27.036   27.102   -0.217    1.895    4.035   -0.217    1.895    7.645   -0.876   -0.411    9.960    3.853
 596.00   26.933   26.935   27.033   -0.340    2.300    3.933   -0.340    2.300    9.044   -1.339   -0.783   10.435    4.588
 596.10   26.935   26.941   27.293   -0.565    4.365    3.935   -0.565    4.365   17.178   -2.223   -2.466   17.430    8.748
 596.20   27.619   27.620   28.083    0.186    5.077    4.619    0.186    5.077   23.453    0.859    0.944   23.575   11.744
 596.30   27.881   27.895   28.387    0.873    5.263    4.881    0.873    5.263   25.693    4.260    4.593   26.147   13.223
 596.40   27.032   27.047   27.593   -0.872    5.464    4.032   -0.872    5.464   22.035   -3.518   -4.767   23.441   11.409
 596.50   26.056   26.056   26.616   -0.098    5.431    3.056   -0.098    5.431   16.595   -0.298   -0.530   19.422    8.303
 596.60   26.426   26.430   26.848   -0.410    4.724    3.426   -0.410    4.724   16.186   -1.406   -1.938   17.112    8.181
 596.70   25.634   25.654   25.930    1.020    3.768    2.634    1.020    3.768    9.925    2.686    3.843   11.088    5.489
 596.80   25.545   25.586   25.687    1.447    2.284    2.545    1.447    2.284    5.812    3.683    3.306    6.894    3.817
 596.90   27.817   27.836   27.994    1.033    2.970    4.817    1.033    2.970   14.305    4.977    3.068   16.544    7.727
 597.00   30.194   30.331   30.391    2.876    1.908    7.194    2.876    1.908   13.724   20.688    5.486   31.832   12.713
 597.10   28.653   28.751   28.885    2.379    2.778    5.653    2.379    2.778   15.705   13.449    6.611   22.667   10.854
 597.20   27.632   27.674   28.027    1.526    4.433    4.632    1.526    4.433   20.535    7.066    6.763   21.718   11.373
 597.30   29.844   29.850   30.052    0.594    3.475    6.844    0.594    3.475   23.783    4.069    2.066   29.635   12.108
 597.40   31.105   31.112   31.261    0.651    3.046    8.105    0.651    3.046   24.691    5.278    1.984   37.700   12.663
 597.50   30.636   30.713   30.803    2.171    2.360    7.636    2.171    2.360   18.024   16.578    5.124   34.296   12.509
 597.60   30.860   30.872   30.932    0.873    1.923    7.860    0.873    1.923   15.116    6.859    1.678   33.118    8.342
 597.70   29.781   29.781   29.793    0.063    0.858    6.781    0.063    0.858    5.821    0.431    0.055   23.359    2.919
 597.80   29.254   29.254   29.291   -0.086    1.477    6.254   -0.086    1.477    9.240   -0.536   -0.127   20.652    4.628
 597.90   28.982   28.982   29.074    0.088    2.300    5.982    0.088    2.300   13.757    0.527    0.203   20.542    6.884
 598.00   29.770   29.787   29.827    0.994    1.555    6.770    0.994    1.555   10.525    6.729    1.545   24.619    6.294
 598.10   29.030   29.031   29.037    0.125    0.621    6.030    0.125    0.621    3.746    0.753    0.078   18.384    1.911
 598.20   29.531   29.551   29.568   -1.084    1.008    6.531   -1.084    1.008    6.582   -7.079   -1.092   22.424    4.864
 598.30   28.214   28.236   28.244   -1.105    0.688    5.214   -1.105    0.688    3.588   -5.759   -0.760   14.440    3.414
 598.40   29.688   29.693   29.734   -0.524    1.563    6.688   -0.524    1.563   10.452   -3.504   -0.819   23.725    5.527
 598.50   30.800   30.802   30.961   -0.343    3.126    7.800   -0.343    3.126   24.383   -2.674   -1.072   35.367   12.276
 598.60   29.385   29.400   29.570   -0.956    3.161    6.385   -0.956    3.161   20.185   -6.105   -3.023   25.837   10.652
 598.70   28.690   28.694   28.927    0.484    3.663    5.690    0.484    3.663   20.843    2.755    1.773   23.015   10.549
 598.80   29.280   29.290   29.378    0.758    2.274    6.280    0.758    2.274   14.279    4.757    1.722   22.590    7.574
 598.90   28.144   28.153   28.320    0.726    3.072    5.144    0.726    3.072   15.802    3.737    2.232   18.212    8.195
 599.00   27.963   27.967   28.047   -0.470    2.120    4.963   -0.470    2.120   10.522   -2.333   -0.996   14.674    5.412
 599.10   26.536   26.561   26.561   -1.139    0.002    3.536   -1.139    0.002    0.006   -4.027   -0.002    6.900    2.014
 599.20   26.824   26.824   26.830   -0.094   -0.566    3.824   -0.094   -0.566   -2.164   -0.360    0.053    7.476    1.097
 599.30   26.003   26.003   26.017   -0.104    0.851    3.003   -0.104    0.851    2.557   -0.314   -0.089    4.877    1.289
 599.40   25.383   25.386   25.410   -0.424    1.093    2.383   -0.424    1.093    2.604   -1.011   -0.464    3.526    1.416
 599.50   25.243   25.254   25.258   -0.742    0.432    2.243   -0.742    0.432    0.968   -1.664   -0.320    2.885    0.976
 599.60   24.333   24.338   24.342   -0.445   -0.459    1.333   -0.445   -0.459   -0.612   -0.594    0.204    1.093    0.438
 599.70   24.297   24.297   24.311   -0.064   -0.801    1.297   -0.064   -0.801   -1.039   -0.083    0.051    1.164    0.522
 599.80   23.642   23.669   23.669   -1.114    0.080    0.642   -1.114    0.080    0.052   -0.716   -0.089    0.830    0.362
 599.90   22.426   22.462   22.466   -1.274   -0.397   -0.574   -1.274   -0.397    0.228    0.731    0.506    1.055    0.459
 600.00   22.660   22.680   22.714   -0.947   -1.253   -0.340   -0.947   -1.253    0.426    0.322    1.186    1.291    0.650
 600.10   22.551   22.553   22.575    0.350   -0.992   -0.449    0.350   -0.992    0.446   -0.157   -0.347    0.654    0.293
 600.20   23.141   23.141   23.149    0.129    0.580    0.141    0.129    0.580    0.082    0.018    0.075    0.186    0.056
 600.30   23.749   23.779   23.781    1.197   -0.306    0.749    1.197   -0.306   -0.229    0.896   -0.366    1.043    0.497
 600.40   22.233   22.233   22.258    0.138   -1.051   -0.767    0.138   -1.051    0.807   -0.106   -0.145    0.856    0.413
 600.50   22.042   22.055   22.086    0.751   -1.180   -0.958    0.751   -1.180    1.131   -0.719   -0.886    1.437    0.803
 600.60   23.604   23.649   23.649    1.473   -0.010    0.604    1.473   -0.010   -0.006    0.889   -0.014    1.267    0.445
 600.70   22.623   22.636   22.636    0.750    0.049   -0.377    0.750    0.049   -0.019   -0.283    0.037    0.354    0.143
 600.80   23.108   23.113   23.128    0.475   -0.833    0.108    0.475   -0.833   -0.090    0.051   -0.395    0.465    0.204
 600.90   23.382   23.401   23.408    0.939    0.601    0.382    0.939    0.601    0.230    0.358    0.565    0.694    0.353
 601.00   24.018   24.065   24.111    1.508    1.486    1.018    1.508    1.486    1.513    1.535    2.242    2.760    1.555
 601.10   24.385   24.429   24.457    1.453    1.184    1.385    1.453    1.184    1.640    2.014    1.720    2.716    1.558
 601.20   24.675   24.694   24.700    0.982    0.542    1.675    0.982    0.542    0.908    1.645    0.533    2.032    0.977
 601.30   23.393   23.413   23.416    0.949    0.371    0.393    0.949    0.371    0.146    0.373    0.352    0.596    0.267
 601.40   24.421   24.470   24.514    1.551    1.469    1.421    1.551    1.469    2.087    2.204    2.279    3.291    1.898
 601.50   22.908   23.009   23.013    2.162    0.400   -0.092    2.162    0.400   -0.037   -0.200    0.865    2.421    0.444
 601.60   21.854   21.923   21.924    1.738    0.212   -1.146    1.738    0.212   -0.243   -1.991    0.368    2.188    1.019
 601.70   22.035   22.035   22.036   -0.011    0.111   -0.965   -0.011    0.111   -0.107    0.011   -0.001    0.471    0.054
 601.80   23.426   23.429   23.446    0.396   -0.890    0.426    0.396   -0.890   -0.379    0.168   -0.352    0.565    0.272
 601.90   21.752   22.045   22.049    3.585   -0.380   -1.248    3.585   -0.380    0.474   -4.474   -1.362    7.277    2.351
 602.00   21.929   22.271   22.279    3.890    0.590   -1.071    3.890    0.590   -0.632   -4.165    2.295    8.312    2.399
 602.10   21.460   21.585   21.603    2.315    0.901   -1.540    2.315    0.901   -1.387   -3.564    2.085    4.270    2.178
 602.20   20.780   20.847   20.921    1.668    1.762   -2.220    1.668    1.762   -3.911   -3.704    2.939    5.408    3.068
 602.30   21.151   21.426   21.613    3.428    2.835   -1.849    3.428    2.835   -5.244   -6.340    9.719   11.605    6.367
 602.40   21.774   22.000   22.082    3.146    1.901   -1.226    3.146    1.901   -2.331   -3.858    5.982    7.509    3.745
 602.50   20.930   21.096   21.132    2.637    1.248   -2.070    2.637    1.248   -2.583   -5.458    3.291    6.397    3.438
 602.60   22.284   22.364   22.367    1.893    0.339   -0.716    1.893    0.339   -0.243   -1.356    0.642    2.106    0.760
 602.70   22.490   22.533   22.533    1.385   -0.058   -0.510    1.385   -0.058    0.029   -0.706   -0.080    1.090    0.355
 602.80   23.073   23.125   23.233    1.542   -2.244    0.073    1.542   -2.244   -0.164    0.113   -3.461    3.710    1.733
 602.90   24.101   24.143   24.160    1.428   -0.894    1.101    1.428   -0.894   -0.985    1.572   -1.277    2.025    1.126
 603.00   23.993   24.051   24.090    1.671   -1.369    0.993    1.671   -1.369   -1.359    1.659   -2.286    2.825    1.567
 603.10   23.420   23.543   23.561    2.403   -0.937    0.420    2.403   -0.937   -0.393    1.008   -2.251    3.414    1.249
 603.20   24.121   24.212   24.263    2.105   -1.565    1.121    2.105   -1.565   -1.753    2.359   -3.294    4.068    2.207
 603.30   23.263   23.360   23.448    2.128   -2.025    0.263    2.128   -2.025   -0.533    0.560   -4.310    4.350    2.189
 603.40   22.292   22.397   22.454    2.173   -1.599   -0.708    2.173   -1.599    1.133   -1.539   -3.474    3.889    1.982
 603.50   21.909   21.913   21.924    0.378   -0.713   -1.091    0.378   -0.713    0.777   -0.412   -0.269    0.920    0.460
 603.60   21.979   21.982   21.994   -0.369    0.728   -1.021   -0.369    0.728   -0.744    0.376   -0.268    0.855    0.438
 603.70   23.234   23.274   23.296   -1.357    1.008    0.234   -1.357    1.008    0.236   -0.318   -1.367    1.456    0.712
 603.80   22.163   22.294   22.315   -2.409   -0.975   -0.837   -2.409   -0.975    0.816    2.016    2.349    3.728    1.601
 603.90   21.491   21.784   21.797   -3.559   -0.750   -1.509   -3.559   -0.750    1.131    5.369    2.668    7.751    3.050
 604.00   20.330   20.721   20.725   -4.003    0.438   -2.670   -4.003    0.438   -1.168   10.688   -1.752   11.674    5.447
 604.10   20.877   21.195   21.256   -3.653   -1.611   -2.123   -3.653   -1.611    3.420    7.754    5.886   10.224    5.159
 604.20   21.483   22.242   22.268   -5.761   -1.055   -1.517   -5.761   -1.055    1.601    8.737    6.081   18.302    5.382
 604.30   20.660   21.349   21.398   -5.382   -1.445   -2.340   -5.382   -1.445    3.381   12.596    7.776   18.267    7.592
 604.40   19.563   20.118   20.196   -4.693   -1.764   -3.437   -4.693   -1.764    6.064   16.130    8.281   18.476    9.559
 604.50   19.633   19.900   19.926   -3.251   -1.013   -3.367   -3.251   -1.013    3.410   10.946    3.293   11.466    5.964
 604.60   20.773   21.024   21.064   -3.235   -1.296   -2.227   -3.235   -1.296    2.886    7.203    4.193    8.552    4.410
 604.70   19.440   20.058   20.071   -4.943   -0.711   -3.560   -4.943   -0.711    2.531   17.595    3.514   18.804    9.060
 604.80   19.566   20.120   20.136   -4.689    0.806   -3.434   -4.689    0.806   -2.768   16.100   -3.779   17.212    8.384
 604.90   19.956   20.546   20.559   -4.888    0.739   -3.044   -4.888    0.739   -2.248   14.879   -3.609   16.851    7.737
 605.00   20.551   21.076   21.077   -4.676   -0.213   -2.449   -4.676   -0.213    0.521   11.451    0.996   13.953    5.753
 605.10   20.862   21.815   21.822   -6.377   -0.555   -2.138   -6.377   -0.555    1.186   13.632    3.538   22.775    7.067
 605.20   21.468   22.375   22.380   -6.306    0.479   -1.532   -6.306    0.479   -0.734    9.662   -3.023   21.170    5.075
 605.30   22.079   22.863   22.876   -5.933    0.775   -0.921   -5.933    0.775   -0.714    5.463   -4.600   18.325    3.589
 605.40   24.055   24.489   24.492   -4.592   -0.360    1.055   -4.592   -0.360   -0.380   -4.843    1.654   11.164    2.566
 605.50   22.202   22.868   22.929   -5.477   -1.677   -0.798   -5.477   -1.677    1.338    4.371    9.184   16.722    5.129
 605.60   22.625   23.419   23.436   -6.046   -0.889   -0.375   -6.046   -0.889    0.334    2.269    5.374   18.745    2.922
 605.70   22.762   24.282   24.296   -8.454   -0.835   -0.238   -8.454   -0.835    0.198    2.009    7.057   36.112    3.670
 605.80   25.314   26.357   26.425   -7.343   -1.891    2.314   -7.343   -1.891   -4.376  -16.990   13.889   31.426   11.188
 605.90   26.625   27.032   27.057   -4.678   -1.154    3.625   -4.678   -1.154   -4.183  -16.957    5.399   18.178    9.140
 606.00   24.890   25.471   25.487   -5.409   -0.906    1.890   -5.409   -0.906   -1.712  -10.223    4.900   16.825    5.733
 606.10   22.865   23.424   23.445   -5.087   -1.001   -0.135   -5.087   -1.001    0.135    0.687    5.092   13.447    2.570
 606.20   22.568   22.920   23.049   -3.998   -2.435   -0.432   -3.998   -2.435    1.051    1.726    9.736   11.051    4.972
 606.30   24.874   24.980   25.014   -2.292   -1.298    1.874   -2.292   -1.298   -2.434   -4.297    2.976    5.227    2.883
 606.40   25.596   25.750   25.764   -2.819   -0.825    2.596   -2.819   -0.825   -2.142   -7.317    2.326    7.682    3.985
 606.50   25.742   25.972   26.014   -3.452   -1.474    2.742   -3.452   -1.474   -4.043   -9.465    5.090   10.804    5.741
 606.60   24.355   24.437   24.438   -2.006    0.211    1.355   -2.006    0.211    0.286   -2.718   -0.423    2.952    1.383
 606.70   24.769   24.871   24.885   -2.258    0.816    1.769   -2.258    0.816    1.444   -3.994   -1.844    4.447    2.315
 606.80   25.515   25.578   25.588   -1.791    0.733    2.515   -1.791    0.733    1.844   -4.506   -1.313    5.036    2.521
 606.90   24.829   24.919   24.921   -2.111    0.356    1.829   -2.111    0.356    0.651   -3.862   -0.751    3.965    1.994
 607.00   24.836   25.023   25.030   -3.053   -0.582    1.836   -3.053   -0.582   -1.068   -5.604    1.776    6.514    2.988
 607.10   24.798   25.050   25.060   -3.550    0.685    1.798   -3.550    0.685    1.232   -6.381   -2.433    8.150    3.470
 607.20   24.489   25.001   25.044   -5.031    1.479    1.489   -5.031    1.479    2.202   -7.493   -7.439   14.856    5.393
 607.30   25.241   25.655   25.670   -4.589    0.867    2.241   -4.589    0.867    1.943  -10.284   -3.977   13.415    5.598
 607.40   24.872   25.311   25.314   -4.690   -0.423    1.872   -4.690   -0.423   -0.791   -8.781    1.982   12.840    4.518
 607.50   24.278   24.711   24.716   -4.604   -0.529    1.278   -4.604   -0.529   -0.676   -5.884    2.435   11.556    3.202
 607.60   23.315   23.845   23.848   -5.001    0.396    0.315   -5.001    0.396    0.125   -1.573   -1.980   12.632    1.266
 607.70   24.916   25.210   25.262   -3.834   -1.619    1.916   -3.834   -1.619   -3.102   -7.348    6.206   10.497    5.053
 607.80   25.310   25.629   25.665   -4.033   -1.351    2.310   -4.033   -1.351   -3.121   -9.316    5.450   11.714    5.618
 607.90   24.919   25.271   25.276   -4.203   -0.499    1.919   -4.203   -0.499   -0.958   -8.065    2.097   10.797    4.194
 608.00   24.375   24.852   24.877   -4.843   -1.113    1.375   -4.843   -1.113   -1.531   -6.662    5.392   13.294    4.353
 608.10   24.170   24.442   24.447   -3.642    0.489    1.170   -3.642    0.489    0.572   -4.259   -1.780    7.434    2.326
 608.20   25.463   25.822   25.838   -4.292    0.902    2.463   -4.292    0.902    2.220  -10.570   -3.870   12.650    5.737
 608.30   26.429   26.626   26.633   -3.235    0.604    3.429   -3.235    0.604    2.069  -11.090   -1.952   11.291    5.725
 608.40   25.787   25.908   25.927   -2.510   -0.986    2.787   -2.510   -0.986   -2.748   -6.995    2.476    7.520    3.957
 608.50   26.551   26.645   26.676   -2.242   -1.278    3.551   -2.242   -1.278   -4.537   -7.960    2.864    9.633    4.800
 608.60   27.381   27.596   27.649   -3.441   -1.703    4.381   -3.441   -1.703   -7.459  -15.075    5.859   16.965    8.905
 608.70   26.818   27.159   27.177   -4.290   -0.995    3.818   -4.290   -0.995   -3.800  -16.377    4.270   16.984    8.673
 608.80   27.328   27.689   27.732   -4.455   -1.552    4.328   -4.455   -1.552   -6.717  -19.283    6.915   20.496   10.779
 608.90   29.280   29.665   29.750   -4.765   -2.252    6.280   -4.765   -2.252  -14.141  -29.923   10.730   33.606   17.396
 609.00   29.441   29.862   30.197   -4.996   -4.489    6.441   -4.996   -4.489  -28.912  -32.180   22.428   43.298   24.364
 609.10   28.883   29.087   29.281   -3.438   -3.366    5.883   -3.438   -3.366  -19.803  -20.224   11.573   28.879   15.290
 609.20   28.902   28.995   29.132   -2.320   -2.821    5.902   -2.320   -2.821  -16.646  -13.691    6.543   24.084   11.262
 609.30   27.073   27.279   27.297   -3.349   -0.981    4.073   -3.349   -0.981   -3.997  -13.639    3.287   14.382    7.294
 609.40   27.776   27.930   27.941   -2.926   -0.787    4.776   -2.926   -0.787   -3.760  -13.976    2.304   15.997    7.327
 609.50   27.626   27.886   27.924   -3.800   -1.464    4.626   -3.800   -1.464   -6.772  -17.577    5.562   18.990    9.820
 609.60   25.524   25.706   25.721   -3.057   -0.857    2.524   -3.057   -0.857   -2.164   -7.716    2.621    8.225    4.215
 609.70   25.180   25.267   25.327   -2.091   -1.743    2.180   -2.091   -1.743   -3.800   -4.558    3.643    6.081    3.482
 609.80   26.163   26.311   26.430   -2.792   -2.509    3.163   -2.792   -2.509   -7.934   -8.830    7.004   12.045    6.892
 609.90   25.966   26.013   26.252   -1.564   -3.530    2.966   -1.564   -3.530  -10.470   -4.639    5.521   11.852    6.356
 610.00   26.093   26.145   26.318   -1.639   -3.015    3.093   -1.639   -3.015   -9.327   -5.071    4.944   10.674    5.856
 610.10   26.881   26.894   27.010   -0.845   -2.497    3.881   -0.845   -2.497   -9.690   -3.280    2.110   11.005    5.223
 610.20   28.494   28.546   28.672   -1.727   -2.679    5.494   -1.727   -2.679  -14.718   -9.486    4.626   20.170    9.055
 610.30   29.740   29.859   30.092   -2.673   -3.733    6.740   -2.673   -3.733  -25.160  -18.014    9.978   33.251   16.256
 610.40   29.961   30.059   30.262   -2.426   -3.500    6.961   -2.426   -3.500  -24.363  -16.889    8.492   33.295   15.418
 610.50   28.629   28.802   28.868   -3.158   -1.950    5.629   -3.158   -1.950  -10.973  -17.774    6.156   22.727   10.888
 610.60   29.092   29.243   29.399   -2.972   -3.024    6.092   -2.972   -3.024  -18.420  -18.104    8.985   27.542   13.673
 610.70   29.949   30.121   30.303   -3.209   -3.323    6.949   -3.209   -3.323  -23.095  -22.299   10.664   34.817   16.914
 610.80   29.393   29.621   29.816   -3.663   -3.412    6.393   -3.663   -3.412  -21.811  -23.416   12.495   32.964   17.177
 610.90   29.657   29.799   29.965   -2.903   -3.151    6.657   -2.903   -3.151  -20.973  -19.322    9.145   31.333   14.974
 611.00   29.409   29.563   29.563   -3.011   -0.138    6.409   -3.011   -0.138   -0.883  -19.297    0.415   25.082    9.661
 611.10   28.706   29.028   29.028   -4.307    0.083    5.706   -4.307    0.083    0.476  -24.578   -0.359   25.560   12.293
 611.20   27.344   27.649   27.709   -4.097   -1.820    4.344   -4.097   -1.820   -7.905  -17.798    7.455   19.484   10.426
 611.30   27.079   27.522   27.544   -4.916   -1.113    4.079   -4.916   -1.113   -4.542  -20.053    5.473   21.022   10.638
 611.40   28.804   29.236   29.319   -5.008   -2.204    5.804   -5.008   -2.204  -12.789  -29.064   11.036   31.809   16.808
 611.50   29.368   29.558   29.577   -3.346   -1.063    6.368   -3.346   -1.063   -6.771  -21.305    3.557   26.438   11.318
 611.60   29.892   29.909   29.915   -0.988   -0.609    6.892   -0.988   -0.609   -4.195   -6.808    0.601   24.425    4.010
 611.70   28.126   28.143   28.145   -0.981    0.240    5.126   -0.981    0.240    1.232   -5.029   -0.236   13.650    2.592
 611.80   28.465   28.492   28.552   -1.240   -1.849    5.465   -1.240   -1.849  -10.107   -6.776    2.293   17.411    6.191
 611.90   28.936   29.197   29.225   -3.897   -1.289    5.936   -3.897   -1.289   -7.649  -23.132    5.021   26.040   12.438
 612.00   28.318   28.699   28.802   -4.659   -2.431    5.318   -4.659   -2.431  -12.928  -24.780   11.326   27.952   15.079
 612.10   28.038   28.345   28.369   -4.158   -1.161    5.038   -4.158   -1.161   -5.851  -20.949    4.829   22.010   11.140
 612.20   27.476   27.713   27.714   -3.619   -0.268    4.476   -3.619   -0.268   -1.201  -16.200    0.971   16.602    8.137
 612.30   27.235   27.501   27.511   -3.821    0.710    4.235   -3.821    0.710    3.006  -16.180   -2.712   16.518    8.340
 612.40   26.516   26.690   26.693   -3.041   -0.416    3.516   -3.041   -0.416   -1.464  -10.694    1.266   10.893    5.434
 612.50   24.769   25.249   25.250   -4.904    0.129    1.769   -4.904    0.129    0.228   -8.674   -0.631   13.597    4.350
 612.60   25.273   25.640   25.729   -4.326    2.137    2.273   -4.326    2.137    4.856   -9.833   -9.244   14.224    7.171
 612.70   23.834   23.984   24.179   -2.686    3.064    0.834   -2.686    3.064    2.554   -2.239   -8.231    8.649    4.452
 612.80   24.398   24.508   24.577   -2.317    1.848    1.398   -2.317    1.848    2.584   -3.239   -4.282    5.369    2.979
 612.90   24.471   24.753   24.765   -3.727   -0.768    1.471   -3.727   -0.768   -1.130   -5.482    2.863    8.321    3.143
 613.00   25.471   25.876   25.876   -4.558    0.122    2.471   -4.558    0.122    0.302  -11.264   -0.556   13.449    5.641
 613.10   27.192   27.592   27.617   -4.682    1.175    4.192   -4.682    1.175    4.924  -19.626   -5.499   20.436   10.484
 613.20   27.618   28.089   28.123   -5.122   -1.388    4.618   -5.122   -1.388   -6.410  -23.652    7.111   24.743   12.758
 613.30   27.580   27.814   27.869   -3.603   -1.741    4.580   -3.603   -1.741   -7.973  -16.501    6.272   18.494    9.685
 613.40   27.075   27.185   27.202   -2.436   -0.988    4.075   -2.436   -0.988   -4.028   -9.926    2.408   11.758    5.490
 613.50   27.410   27.436   27.436   -1.201   -0.026    4.410   -1.201   -0.026   -0.113   -5.295    0.031   10.444    2.648
 613.60   26.960   27.035   27.040   -2.001    0.517    3.960   -2.001    0.517    2.048   -7.926   -1.035    9.979    4.126
 613.70   26.564   26.587   26.588   -1.117   -0.229    3.564   -1.117   -0.229   -0.816   -3.982    0.256    7.001    2.036
 613.80   24.732   24.733   24.773    0.302   -1.397    1.732    0.302   -1.397   -2.419    0.523   -0.422    2.520    1.255
 613.90   24.792   24.792   24.798    0.058    0.550    1.792    0.058    0.550    0.986    0.104    0.032    1.758    0.496
 614.00   24.178   24.182   24.186   -0.431    0.447    1.178   -0.431    0.447    0.527   -0.508   -0.193    0.887    0.378
 614.10   23.371   23.372   23.374   -0.196    0.316    0.371   -0.196    0.316    0.117   -0.073   -0.062    0.138    0.076
 614.20   24.374   24.384   24.390    0.709    0.546    1.374    0.709    0.546    0.749    0.974    0.387    1.343    0.644
 614.30   24.878   24.902   24.902   -1.094    0.109    1.878   -1.094    0.109    0.205   -2.055   -0.119    2.367    1.034
 614.40   25.392   25.415   25.424   -1.083    0.696    2.392   -1.083    0.696    1.665   -2.589   -0.753    3.688    1.584
 614.50   25.359   25.366   25.393    0.603    1.161    2.359    0.603    1.161    2.740    1.424    0.701    3.639    1.583
 614.60   25.292   25.301   25.304    0.652    0.424    2.292    0.652    0.424    0.973    1.495    0.277    2.930    0.902
 614.70   24.252   24.323   24.344    1.861    1.025    1.252    1.861    1.025    1.283    2.329    1.908    3.040    1.636
 614.80   24.069   24.070   24.070   -0.260   -0.028    1.069   -0.260   -0.028   -0.030   -0.278    0.007    0.606    0.140
 614.90   23.424   23.425   23.439   -0.173    0.818    0.424   -0.173    0.818    0.347   -0.073   -0.141    0.439    0.191
 615.00   25.576   25.578   25.674    0.307    2.223    2.576    0.307    2.223    5.725    0.791    0.683    5.834    2.910
 615.10   25.677   25.678   25.777    0.228    2.262    2.677    0.228    2.262    6.055    0.612    0.517    6.167    3.054
 615.20   24.741   24.783   24.919    1.436    2.602    1.741    1.436    2.602    4.531    2.500    3.735    5.932    3.191
 615.30   24.668   24.865   25.014    3.125    2.727    1.668    3.125    2.727    4.548    5.212    8.524    9.993    5.489
 615.40   25.149   25.313   25.447    2.878    2.600    2.149    2.878    2.600    5.589    6.186    7.485    9.833    5.602
 615.50   23.196   23.231   23.317    1.276    1.993    0.196    1.276    1.993    0.391    0.250    2.543    2.819    1.293
 615.60   24.616   24.625   24.725    0.646    2.225    1.616    0.646    2.225    3.596    1.045    1.438    3.990    2.005
 615.70   23.576   23.579   23.760    0.340    2.932    0.576    0.340    2.932    1.689    0.196    0.997    4.523    0.986
 615.80   23.913   23.925   24.053    0.779    2.478    0.913    0.779    2.478    2.261    0.711    1.930    3.790    1.528
 615.90   22.976   22.977   23.115    0.070    2.522   -0.024    0.070    2.522   -0.059   -0.002    0.177    3.182    0.094
 616.00   23.308   23.336   23.344    1.152    0.596    0.308    1.152    0.596    0.183    0.355    0.686    0.889    0.397
 616.10   22.788   22.791   22.836   -0.370    1.431   -0.212   -0.370    1.431   -0.304    0.079   -0.530    1.115    0.308
 616.20   22.524   22.531   22.592   -0.569    1.656   -0.476   -0.569    1.656   -0.788    0.271   -0.942    1.647    0.629
 616.30   23.193   23.205   23.265   -0.756    1.672    0.193   -0.756    1.672    0.322   -0.145   -1.263    1.702    0.656
 616.40   23.287   23.349   23.419   -1.699    1.814    0.287   -1.699    1.814    0.521   -0.488   -3.083    3.131    1.582
 616.50   23.577   23.594   23.708   -0.903    2.325    0.577   -0.903    2.325    1.340   -0.521   -2.100    3.276    1.272
 616.60   22.367   22.376   22.456   -0.651    1.890   -0.633   -0.651    1.890   -1.196    0.412   -1.229    2.198    0.882
 616.70   23.519   23.541   23.645   -1.007    2.221    0.519   -1.007    2.221    1.153   -0.523   -2.236    3.108    1.285
 616.80   26.305   26.311   26.315   -0.573    0.465    3.305   -0.573    0.465    1.538   -1.894   -0.267    5.733    1.227
 616.90   25.673   25.673   25.691   -0.085    0.955    2.673   -0.085    0.955    2.552   -0.227   -0.081    4.032    1.282
 617.00   26.478   26.478   26.497    0.140    0.985    3.478    0.140    0.985    3.426    0.485    0.137    6.543    1.732
 617.10   26.246   26.269   26.388    1.108    2.502    3.246    1.108    2.502    8.121    3.596    2.772    9.011    4.652
 617.20   27.167   27.168   27.295   -0.099    2.637    4.167   -0.099    2.637   10.988   -0.413   -0.261   12.164    5.499
 617.30   26.361   26.363   26.463    0.314    2.308    3.361    0.314    2.308    7.756    1.054    0.724    8.360    3.930
 617.40   25.365   25.430   25.503    1.819    1.928    2.365    1.819    1.928    4.558    4.301    3.506    6.308    3.591
 617.50   24.480   24.568   24.625    2.086    1.662    1.480    2.086    1.662    2.460    3.087    3.467    4.652    2.627
 617.60   26.409   26.467   26.475    1.763    0.630    3.409    1.763    0.630    2.149    6.011    1.112    7.563    3.240
 617.70   27.672   27.672   27.733    0.113    1.839    4.672    0.113    1.839    8.590    0.526    0.207   12.610    4.304
 617.80   27.513   27.516   27.691    0.354    3.114    4.513    0.354    3.114   14.055    1.598    1.103   15.097    7.094
 617.90   27.124   27.128   27.200    0.484    1.973    4.124    0.484    1.973    8.138    1.996    0.955   10.567    4.217
 618.00   27.516   27.583   27.862    1.917    3.933    4.516    1.917    3.933   17.763    8.656    7.539   19.769   10.574
 618.10   27.674   27.729   27.996    1.748    3.858    4.674    1.748    3.858   18.029    8.168    6.742   19.889   10.455
 618.20   28.586   28.599   28.933    0.847    4.383    5.586    0.847    4.383   24.484    4.730    3.711   25.567   12.606
 618.30   27.220   27.248   27.604    1.239    4.416    4.220    1.239    4.416   18.635    5.228    5.471   19.422   10.056
 618.40   27.575   27.631   27.703    1.759    1.989    4.575    1.759    1.989    9.100    8.049    3.499   13.992    6.321
 618.50   28.870   28.871   28.938    0.198    1.966    5.870    0.198    1.966   11.544    1.160    0.389   19.184    5.804
 618.60   27.843   27.844   27.913   -0.271    1.954    4.843   -0.271    1.954    9.466   -1.314   -0.530   13.674    4.786
 618.70   28.454   28.470   28.492   -0.974    1.119    5.454   -0.974    1.119    6.102   -5.312   -1.090   15.972    4.082
 618.80   27.578   27.593   27.615   -0.894    1.114    4.578   -0.894    1.114    5.101   -4.095   -0.997   11.500    3.308
 618.90   26.969   26.970   26.983    0.213   -0.836    3.969    0.213   -0.836   -3.318    0.847   -0.178    8.249    1.714
 619.00   27.208   27.228   27.233    1.039   -0.546    4.208    1.039   -0.546   -2.298    4.371   -0.567    9.542    2.485
 619.10   28.242   28.242   28.285   -0.143   -1.568    5.242   -0.143   -1.568   -8.219   -0.748    0.224   14.977    4.128
 619.20   26.440   26.474   26.520    1.344   -1.548    3.440    1.344   -1.548   -5.327    4.622   -2.080    8.019    3.677
 619.30   25.780   25.781   25.782   -0.303   -0.153    2.780   -0.303   -0.153   -0.425   -0.843    0.046    3.921    0.473
 619.40   25.725   25.733   25.741   -0.628    0.630    2.725   -0.628    0.630    1.716   -1.712   -0.396    4.109    1.228
 619.50   26.269   26.270   26.271   -0.123   -0.229    3.269   -0.123   -0.229   -0.747   -0.402    0.028    5.378    0.425
 619.60   26.279   26.283   26.328   -0.444    1.532    3.279   -0.444    1.532    5.024   -1.456   -0.680    6.649    2.638
 619.70   25.897   25.897   26.024   -0.024    2.569    2.897   -0.024    2.569    7.442   -0.069   -0.061    7.496    3.721
 619.80   25.017   25.050   25.126   -1.302    1.946    2.017   -1.302    1.946    3.924   -2.626   -2.534    4.775    2.679
 619.90   25.471   25.617   25.627   -2.729    0.703    2.471   -2.729    0.703    1.737   -6.743   -1.918    7.023    3.611
 620.00   25.046   25.160   25.222   -2.395    1.755    2.046   -2.395    1.755    3.592   -4.900   -4.203    6.501    3.694
 620.10   25.642   25.663   25.687   -1.047    1.105    2.642   -1.047    1.105    2.919   -2.765   -1.157    4.647    2.092
 620.20   25.660   25.667   25.668   -0.584   -0.211    2.660   -0.584   -0.211   -0.562   -1.554    0.123    3.732    0.829
 620.30   24.974   24.974   25.013   -0.111    1.390    1.974   -0.111    1.390    2.743   -0.219   -0.154    2.920    1.378
 620.40   24.569   24.586   24.599   -0.936    0.787    1.569   -0.936    0.787    1.235   -1.467   -0.737    1.978    1.027
 620.50   24.540   24.549   24.554   -0.661    0.496    1.540   -0.661    0.496    0.764   -1.017   -0.328    1.527    0.657
 620.60   25.342   25.423   25.426    2.032    0.363    2.342    2.032    0.363    0.851    4.759    0.739    4.872    2.445
 620.70   25.933   25.972   25.974    1.439    0.258    2.933    1.439    0.258    0.756    4.220    0.371    5.368    2.151
 620.80   25.992   26.001   26.002   -0.660    0.295    2.992   -0.660    0.295    0.881   -1.976   -0.195    4.738    1.086
 620.90   26.156   26.160   26.164    0.474   -0.410    3.156    0.474   -0.410   -1.295    1.497   -0.195    5.177    0.995
 621.00   26.672   26.673   26.673    0.247   -0.044    3.672    0.247   -0.044   -0.160    0.909   -0.011    6.773    0.461
 621.10   28.416   28.456   28.456    1.506   -0.154    5.416    1.506   -0.154   -0.832    8.155   -0.231   15.811    4.100
 621.20   28.384   28.428   28.430    1.574    0.338    5.384    1.574    0.338    1.820    8.477    0.532   15.792    4.343
 621.30   29.337   29.339   29.346    0.344    0.646    6.337    0.344    0.646    4.091    2.179    0.222   20.347    2.320
 621.40   28.456   28.544   28.544   -2.231    0.077    5.456   -2.231    0.077    0.421  -12.176   -0.172   17.378    6.092
 621.50   27.492   27.493   27.502   -0.261    0.680    4.492   -0.261    0.680    3.052   -1.175   -0.178   10.355    1.638
 621.60   26.552   26.605   26.622   -1.677    0.951    3.552   -1.677    0.951    3.379   -5.956   -1.596    8.166    3.516
 621.70   27.443   27.517   27.544   -2.017    1.216    4.443   -2.017    1.216    5.403   -8.961   -2.453   12.644    5.374
 621.80   28.974   29.076   29.076   -2.439    0.000    5.974   -2.439    0.000    0.000  -14.573   -0.000   20.819    7.287
 621.90   28.712   28.789   28.789   -2.113   -0.070    5.712   -2.113   -0.070   -0.398  -12.069    0.147   18.546    6.038
 622.00   28.244   28.268   28.272   -1.170   -0.459    5.244   -1.170   -0.459   -2.409   -6.137    0.538   14.541    3.307
 622.10   26.574   26.608   26.681   -1.343   -1.975    3.574   -1.343   -1.975   -7.060   -4.799    2.652    9.240    4.470
 622.20   26.450   26.450   26.490    0.006   -1.454    3.450    0.006   -1.454   -5.016    0.019   -0.008    7.008    2.508
 622.30   26.357   26.358   26.360   -0.261   -0.334    3.357   -0.261   -0.334   -1.122   -0.877    0.087    5.725    0.713
 622.40   25.383   25.384   25.384   -0.200   -0.162    2.383   -0.200   -0.162   -0.387   -0.477    0.032    2.873    0.307
 622.50   25.980   26.012   26.013    1.309    0.218    2.980    1.309    0.218    0.650    3.899    0.286    5.319    1.981
 622.60   24.805   24.810   24.833    0.479    1.082    1.805    0.479    1.082    1.953    0.865    0.519    2.329    1.099
 622.70   23.915   23.936   23.946    1.000    0.676    0.915    1.000    0.676    0.619    0.915    0.676    1.147    0.648
 622.80   24.640   24.665   24.670    1.111   -0.459    1.640    1.111   -0.459   -0.753    1.822   -0.510    2.068    1.018
 622.90   24.537   24.603   24.628    1.799    1.103    1.537    1.799    1.103    1.696    2.765    1.985    3.408    1.901
 623.00   25.198   25.243   25.271    1.498    1.192    2.198    1.498    1.192    2.619    3.294    1.785    4.248    2.286
 623.10   25.364   25.391   25.489    1.165    2.237    2.364    1.165    2.237    5.289    2.754    2.607    5.976    3.254
 623.20   23.665   23.684   23.692   -0.954    0.612    0.665   -0.954    0.612    0.407   -0.634   -0.584    0.863    0.477
 623.30   22.950   22.973   23.043    1.018    1.790   -0.050    1.018    1.790   -0.089   -0.051    1.823    2.122    0.913
 623.40   24.983   25.008   25.138    1.109    2.558    1.983    1.109    2.558    5.073    2.199    2.836    5.852    3.107
 623.50   26.311   26.311   26.475    0.197    2.939    3.311    0.197    2.939    9.730    0.651    0.578    9.818    4.884
 623.60   25.884   25.922   26.010    1.396    2.138    2.884    1.396    2.138    6.168    4.027    2.985    7.421    3.974
 623.70   25.852   26.134   26.242    3.826    2.373    2.852    3.826    2.373    6.769   10.912    9.079   14.202    7.863
 623.80   24.991   25.153   25.298    2.851    2.707    1.991    2.851    2.707    5.389    5.676    7.717    9.709    5.496
 623.90   25.386   25.583   25.645    3.170    1.782    2.386    3.170    1.782    4.252    7.564    5.648    9.459    5.177
 624.00   25.398   25.594   25.600    3.165    0.552    2.398    3.165    0.552    1.324    7.588    1.747    8.034    3.949
 624.10   25.455   25.785   25.793    4.113    0.631    2.455    4.113    0.631    1.549   10.096    2.595   11.669    5.269
 624.20   25.540   25.870   25.960    4.116    2.165    2.540    4.116    2.165    5.500   10.454    8.911   14.039    7.399
 624.30   26.118   26.464   26.546    4.268    2.084    3.118    4.268    2.084    6.498   13.307    8.895   16.140    8.637
 624.40   25.548   26.113   26.215    5.405    2.310    2.548    5.405    2.310    5.885   13.772   12.484   20.520    9.748
 624.50   25.214   25.823   25.836    5.572    0.822    2.214    5.572    0.822    1.820   12.338    4.579   18.311    6.643
 624.60   25.623   25.993   26.000    4.368    0.609    2.623    4.368    0.609    1.599   11.457    2.662   13.165    5.935
 624.70   25.718   25.891   25.891    2.986    0.132    2.718    2.986    0.132    0.359    8.115    0.394    8.160    4.066
 624.80   24.735   24.906   24.925    2.919    0.966    1.735    2.919    0.966    1.675    5.063    2.819    6.231    3.016
 624.90   23.579   23.657   23.784    1.914    2.453    0.579    1.914    2.453    1.421    1.109    4.694    5.007    2.514
 625.00   23.183   23.238   23.397    1.598    2.723    0.183    1.598    2.723    0.499    0.293    4.352    5.001    2.195
 625.10   22.720   22.724   22.784    0.402    1.659   -0.280    0.402    1.659   -0.464   -0.113    0.667    1.496    0.410
 625.20   22.663   22.686   22.701    1.006    0.837   -0.337    1.006    0.837   -0.282   -0.339    0.842    0.913    0.475
 625.30   22.970   23.013   23.020    1.409    0.559   -0.030    1.409    0.559   -0.017   -0.042    0.788    1.150    0.395
 625.40   22.357   22.362   22.376    0.466    0.799   -0.643    0.466    0.799   -0.513   -0.300    0.372    0.634    0.351
 625.50   22.440   22.444   22.534    0.403    2.006   -0.560    0.403    2.006   -1.123   -0.225    0.807    2.250    0.701
 625.60   23.026   23.026   23.040    0.005    0.795    0.026    0.005    0.795    0.021    0.000    0.004    0.316    0.011
 625.70   22.989   23.018   23.038    1.160    0.946   -0.011    1.160    0.946   -0.010   -0.013    1.098    1.121    0.549
 625.80   23.145   23.346   23.373    3.061    1.112    0.145    3.061    1.112    0.161    0.443    3.403    5.312    1.718
 625.90   23.266   23.343   23.367    1.903    1.047    0.266    1.903    1.047    0.278    0.506    1.992    2.395    1.037
 626.00   23.536   23.588   23.592    1.561    0.429    0.536    1.561    0.429    0.230    0.837    0.670    1.455    0.548
 626.10   23.233   23.262   23.268    1.158   -0.539    0.233    1.158   -0.539   -0.126    0.270   -0.624    0.842    0.346
 626.20   23.570   23.629   23.636    1.667   -0.590    0.570    1.667   -0.590   -0.336    0.950   -0.983    1.726    0.704
 626.30   25.473   25.488   25.521    0.886   -1.290    2.473    0.886   -1.290   -3.191    2.192   -1.144    4.283    2.019
 626.40   24.440   24.494   24.508    1.619   -0.847    1.440    1.619   -0.847   -1.220    2.331   -1.372    2.706    1.484
 626.50   23.487   23.487   23.493   -0.028   -0.533    0.487   -0.028   -0.533   -0.259   -0.014    0.015    0.261    0.130
 626.60   22.164   22.178   22.230    0.769   -1.516   -0.836    0.769   -1.516    1.267   -0.643   -1.166    1.794    0.919
 626.70   20.121   20.265   20.333    2.414   -1.666   -2.879    2.414   -1.666    4.798   -6.951   -4.023    8.448    4.678
 626.80   20.706   20.785   20.830    1.804   -1.374   -2.294    1.804   -1.374    3.152   -4.137   -2.479    5.202    2.881
 626.90   19.487   19.709   19.755    2.952   -1.356   -3.513    2.952   -1.356    4.765  -10.370   -4.003   11.448    6.047
 627.00   19.752   20.101   20.241    3.728   -2.377   -3.248    3.728   -2.377    7.720  -12.108   -8.861   15.048    8.437
 627.10   19.820   20.376   20.521    4.725   -2.435   -3.180    4.725   -2.435    7.742  -15.024  -11.506   19.184   10.223
 627.20   18.903   19.283   19.766    3.807   -4.344   -4.097    3.807   -4.344   17.798  -15.599  -16.539   25.076   14.436
 627.30   19.652   19.865   20.423    2.902   -4.741   -3.348    2.902   -4.741   15.873   -9.715  -13.759   21.055   11.572
 627.40   19.783   20.056   20.299    3.300   -3.132   -3.217    3.300   -3.132   10.076  -10.619  -10.336   15.526    8.960
 627.50   18.496   18.676   18.768    2.593   -1.854   -4.504    2.593   -1.854    8.351  -11.680   -4.808   15.226    7.571
 627.60   18.533   18.669   18.699    2.246   -1.056   -4.467    2.246   -1.056    4.717  -10.034   -2.372   13.057    5.669
 627.70   18.623   18.688   18.707    1.554   -0.853   -4.377    1.554   -0.853    3.734   -6.800   -1.326   11.149    3.935
 627.80   21.058   21.082   21.114    1.011   -1.161   -1.942    1.011   -1.161    2.256   -1.963   -1.174    3.072    1.606
 627.90   19.837   19.889   19.895    1.440   -0.466   -3.163    1.440   -0.466    1.472   -4.555   -0.670    6.147    2.417
 628.00   19.609   20.000   20.005    3.932   -0.481   -3.391    3.932   -0.481    1.630  -13.332   -1.890   13.595    6.782
 628.10   21.022   21.289   21.289    3.364    0.062   -1.978    3.364    0.062   -0.123   -6.656    0.210    7.618    3.330
 628.20   20.596   20.944   20.944    3.801   -0.111   -2.404    3.801   -0.111    0.267   -9.136   -0.422   10.118    4.575
 628.30   20.562   20.823   20.824    3.285    0.182   -2.438    3.285    0.182   -0.445   -8.008    0.599    8.383    4.021
 628.40   20.345   20.707   20.712    3.852    0.459   -2.655    3.852    0.459   -1.219  -10.227    1.769   11.049    5.225
 628.50   21.560   21.868   21.896    3.657    1.104   -1.440    3.657    1.104   -1.590   -5.267    4.038    8.335    3.412
 628.60   21.121   21.848   21.875    5.589    1.103   -1.879    5.589    1.103   -2.073  -10.505    6.163   17.994    6.177
 628.70   21.621   22.427   22.627    5.961    2.996   -1.379    5.961    2.996   -4.132   -8.220   17.857   23.203   10.044
 628.80   22.955   24.248   24.350    7.812    2.227   -0.045    7.812    2.227   -0.100   -0.350   17.396   32.997    8.700
 628.90   22.665   23.710   23.737    6.961    1.141   -0.335    6.961    1.141   -0.383   -2.335    7.943   24.937    4.144
 629.00   21.523   22.306   22.518    5.858    3.081   -1.477    5.858    3.081   -4.549   -8.651   18.049   22.997   10.263
 629.10   21.256   21.613   21.657    3.913    1.383   -1.744    3.913    1.383   -2.412   -6.825    5.411   10.134    4.519
 629.20   21.017   21.408   21.522    4.073    2.211   -1.983    4.073    2.211   -4.385   -8.078    9.005   12.705    6.434
 629.30   20.936   21.112   21.149    2.720    1.263   -2.064    2.720    1.263   -2.607   -5.615    3.435    6.627    3.540
 629.40   21.814   22.077   22.092    3.396    0.810   -1.186    3.396    0.810   -0.961   -4.028    2.753    6.800    2.486
 629.50   20.849   21.336   21.336    4.533    0.040   -2.151    4.533    0.040   -0.087   -9.749    0.184   12.586    4.876
 629.60   20.115   20.474   20.474    3.814    0.191   -2.885    3.814    0.191   -0.550  -11.003    0.727   11.453    5.520
 629.70   19.484   19.960   20.024    4.335    1.589   -3.516    4.335    1.589   -5.588  -15.240    6.889   16.838    8.817
 629.80   20.168   20.347   20.430    2.692    1.832   -2.832    2.692    1.832   -5.187   -7.621    4.931    9.309    5.227
 629.90   18.981   19.386   19.466    3.942    1.762   -4.019    3.942    1.762   -7.080  -15.843    6.944   17.398    9.346
 630.00   19.827   20.577   20.885    5.504    3.575   -3.173    5.504    3.575  -11.345  -17.467   19.681   26.576   14.328
 630.10   20.203   20.465   20.646    3.267    2.725   -2.797    3.267    2.725   -7.623   -9.139    8.902   12.961    7.431
 630.20   20.962   21.365   21.382    4.129    0.859   -2.038    4.129    0.859   -1.751   -8.414    3.548   10.969    4.649
 630.30   22.354   22.655   22.655    3.676    0.088   -0.646    3.676    0.088   -0.057   -2.374    0.324    6.971    1.198
 630.40   21.678   22.224   22.224    4.899    0.011   -1.322    4.899    0.011   -0.015   -6.477    0.056   12.872    3.238
 630.50   22.597   23.247   23.271    5.461    1.058   -0.403    5.461    1.058   -0.427   -2.203    5.778   15.551    3.099
 630.60   22.487   23.119   23.157    5.370    1.332   -0.513    5.370    1.332   -0.684   -2.757    7.152   15.439    3.848
 630.70   21.764   21.896   22.058    2.410    2.661   -1.236    2.410    2.661   -3.290   -2.979    6.412    7.208    3.899
 630.80   21.759   22.014   22.070    3.341    1.567   -1.241    3.341    1.567   -1.945   -4.146    5.237    7.580    3.478
 630.90   23.136   23.385   23.537    3.407    2.666    0.136    3.407    2.666    0.362    0.462    9.081    9.365    4.550
 631.00   23.836   23.957   24.018    2.410    1.708    0.836    2.410    1.708    1.428    2.014    4.117    4.712    2.400
 631.10   23.267   23.463   23.463    3.029    0.131    0.267    3.029    0.131    0.035    0.808    0.397    4.633    0.450
 631.20   23.609   23.675   23.676    1.766    0.219    0.609    1.766    0.219    0.134    1.075    0.387    1.769    0.575
 631.30   24.132   24.162   24.232    1.202    1.841    1.132    1.202    1.841    2.083    1.360    2.212    3.057    1.665
 631.40   23.672   23.675   23.678    0.367    0.382    0.672    0.367    0.382    0.257    0.247    0.140    0.366    0.191
 631.50   23.051   23.216   23.222    2.762   -0.544    0.051    2.762   -0.544   -0.028    0.141   -1.503    3.965    0.755
 631.60   22.158   22.645   22.659    4.670   -0.804   -0.842    4.670   -0.804    0.677   -3.932   -3.755   11.581    2.739
 631.70   21.481   22.021   22.081    4.845   -1.624   -1.519    4.845   -1.624    2.467   -7.360   -7.870   14.211    5.527
 631.80   22.024   22.474   22.495    4.474   -0.988   -0.976    4.474   -0.988    0.965   -4.368   -4.423   10.975    3.145
 631.90   22.425   22.693   22.722    3.476   -1.158   -0.575    3.476   -1.158    0.666   -1.999   -4.027    6.877    2.272
 632.00   22.260   22.387   22.416    2.383   -1.143   -0.740    2.383   -1.143    0.846   -1.764   -2.725    3.767    1.677
 632.10   21.620   21.766   21.832    2.510   -1.697   -1.380    2.510   -1.697    2.341   -3.463   -4.260    5.542    2.984
 632.20   21.616   22.088   22.116    4.540   -1.121   -1.384    4.540   -1.121    1.551   -6.282   -5.089   11.891    4.116
 632.30   21.920   22.259   22.278    3.870   -0.933   -1.080    3.870   -0.933    1.007   -4.179   -3.609    8.505    2.807
 632.40   20.693   21.135   21.153    4.300   -0.887   -2.307    4.300   -0.887    2.046   -9.921   -3.813   12.299    5.412
 632.50   22.264   22.435   22.450    2.769   -0.804   -0.736    2.769   -0.804    0.592   -2.039   -2.226    4.429    1.538
 632.60   22.470   22.506   22.564    1.276   -1.620   -0.530    1.276   -1.620    0.859   -0.677   -2.067    2.267    1.169
 632.70   23.586   23.704   23.738    2.368   -1.267    0.586    2.368   -1.267   -0.742    1.387   -3.001    3.778    1.694
 632.80   24.167   24.279   24.287    2.319   -0.626    1.167    2.319   -0.626   -0.731    2.708   -1.453    3.568    1.579
 632.90   24.528   24.622   24.628    2.149    0.563    1.528    2.149    0.563    0.860    3.283    1.210    3.634    1.801
 633.00   23.172   23.178   23.186    0.528    0.588    0.172    0.528    0.588    0.101    0.091    0.310    0.327    0.169
 633.10   22.281   22.286   22.292    0.497   -0.499   -0.719    0.497   -0.499    0.359   -0.358   -0.248    0.507    0.282
 633.20   22.088   22.183   22.226    2.053    1.383   -0.912    2.053    1.383   -1.262   -1.873    2.838    3.479    1.813
 633.30   22.218   22.257   22.323    1.308    1.726   -0.782    1.308    1.726   -1.349   -1.022    2.257    2.649    1.410
 633.40   22.645   22.751   22.814    2.200    1.690   -0.355    2.200    1.690   -0.601   -0.782    3.718    3.911    1.923
 633.50   24.289   24.468   24.548    2.951    1.979    1.289    2.951    1.979    2.552    3.804    5.840    7.143    3.711
 633.60   25.799   25.887   25.985    2.140    2.255    2.799    2.140    2.255    6.311    5.989    4.825    8.748    4.974
 633.70   25.459   25.460   25.538    0.206    1.993    2.459    0.206    1.993    4.901    0.507    0.411    5.031    2.472
 633.80   27.323   27.349   27.385    1.178    1.405    4.323    1.178    1.405    6.074    5.091    1.655   11.026    4.048
 633.90   26.761   26.815   26.926    1.688    2.449    3.761    1.688    2.449    9.211    6.350    4.134   11.498    5.964
 634.00   27.474   27.480   27.607    0.598    2.643    4.474    0.598    2.643   11.823    2.674    1.579   13.679    6.112
 634.10   27.935   28.105   28.145    3.085    1.509    4.935    3.085    1.509    7.446   15.222    4.654   18.072    8.787
 634.20   28.466   28.504   28.577    1.461    2.037    5.466    1.461    2.037   11.134    7.988    2.976   18.083    7.011
 634.30   29.022   29.034   29.205    0.832    3.155    6.022    0.832    3.155   19.000    5.008    2.624   23.456    9.912
 634.40   29.145   29.248   29.480    2.441    3.695    6.145    2.441    3.695   22.710   15.003    9.021   28.691   14.337
 634.50   27.788   27.943   28.025    2.939    2.142    4.788    2.939    2.142   10.258   14.072    6.296   18.077    9.259
 634.60   27.437   27.486   27.773    1.646    3.979    4.437    1.646    3.979   17.655    7.301    6.548   19.114   10.098
 634.70   26.606   26.606   26.868    0.072    3.741    3.606    0.072    3.741   13.491    0.261    0.270   13.503    6.748
 634.80   26.655   26.682   27.425    1.201    6.340    3.655    1.201    6.340   23.174    4.390    7.614   27.498   12.392
 634.90   25.526   25.550   26.137    1.094    5.508    2.526    1.094    5.508   13.915    2.764    6.025   18.958    7.707
 635.00   24.580   24.596   24.741    0.892    2.671    1.580    0.892    2.671    4.220    1.410    2.384    5.214    2.524
 635.10   25.931   25.949   26.116    0.974    2.943    2.931    0.974    2.943    8.627    2.856    2.868    9.102    4.765
 635.20   24.682   24.710   24.788    1.188    1.956    1.682    1.188    1.956    3.289    1.998    2.324    4.033    2.248
 635.30   25.466   25.504   25.666    1.404    2.879    2.466    1.404    2.879    7.099    3.461    4.042    8.170    4.436
 635.40   25.147   25.250   25.374    2.275    2.507    2.147    2.275    2.507    5.383    4.885    5.702    8.035    4.619
 635.50   24.343   24.473   24.616    2.521    2.648    1.343    2.521    2.648    3.556    3.385    6.675    7.585    4.143
 635.60   22.726   22.930   23.015    3.052    1.979   -0.274    3.052    1.979   -0.542   -0.836    6.040    6.653    3.061
 635.70   23.555   23.709   23.719    2.704    0.675    0.555    2.704    0.675    0.374    1.500    1.825    4.038    1.196
 635.80   23.481   23.772   23.837    3.711    1.757    0.481    3.711    1.757    0.844    1.783    6.518    8.542    3.405
 635.90   23.111   23.417   23.447    3.779    1.186    0.111    3.779    1.186    0.131    0.418    4.482    7.849    2.252
 636.00   24.451   24.750   24.799    3.837    1.550    1.451    3.837    1.550    2.249    5.568    5.949    9.617    4.227
 636.10   25.036   25.174   25.174    2.630    0.013    2.036    2.630    0.013    0.026    5.356    0.033    5.532    2.678
 636.20   24.537   24.817   24.822    3.714   -0.508    1.537    3.714   -0.508   -0.780    5.709   -1.886    8.208    3.032
 636.30   23.177   23.481   23.482    3.769   -0.191    0.177    3.769   -0.191   -0.034    0.666   -0.719    7.135    0.490
 636.40   24.613   24.971   24.971    4.211   -0.067    1.613    4.211   -0.067   -0.108    6.792   -0.281   10.168    3.399
 636.50   24.609   24.942   24.945    4.063   -0.382    1.609    4.063   -0.382   -0.614    6.537   -1.550    9.620    3.373
 636.60   25.480   25.851   25.879    4.363   -1.189    2.480    4.363   -1.189   -2.948   10.822   -5.186   13.301    6.179
 636.70   25.068   25.320   25.361    3.570   -1.440    2.068    3.570   -1.440   -2.977    7.380   -5.140    9.545    4.737
 636.80   24.504   24.662   24.686    2.794   -1.079    1.504    2.794   -1.079   -1.622    4.200   -3.014    5.615    2.709
 636.90   23.214   23.353   23.673    2.546   -3.878    0.214    2.546   -3.878   -0.829    0.544   -9.875   10.785    4.963
 637.00   22.215   22.528   22.705    3.737   -2.834   -0.785    3.737   -2.834    2.224   -2.932  -10.593   11.308    5.607
 637.10   22.261   22.496   22.496    3.241   -0.060   -0.739    3.241   -0.060    0.044   -2.393   -0.193    5.526    1.201
 637.20   22.783   22.932   22.936    2.610    0.434   -0.217    2.610    0.434   -0.094   -0.566    1.133    3.523    0.635
 637.30   22.770   22.940   22.970    2.789   -1.167   -0.230    2.789   -1.167    0.268   -0.641   -3.254    4.596    1.664
 637.40   22.298   22.354   22.383    1.578   -1.150   -0.702    1.578   -1.150    0.807   -1.108   -1.815    2.153    1.137
 637.50   22.866   22.934   22.971    1.770   -1.303   -0.134    1.770   -1.303    0.175   -0.238   -2.307    2.425    1.163
 637.60   23.828   23.933   23.986    2.238   -1.587    0.828    2.238   -1.587   -1.315    1.854   -3.552    4.106    2.108
 637.70   25.162   25.420   25.439    3.614   -0.981    2.162    3.614   -0.981   -2.121    7.814   -3.546    9.350    4.420
 637.80   24.932   25.232   25.250    3.879   -0.939    1.932    3.879   -0.939   -1.815    7.495   -3.643    9.832    4.265
 637.90   24.046   24.140   24.150    2.127    0.675    1.046    2.127    0.675    0.706    2.226    1.435    3.037    1.371
 638.00   24.586   24.687   24.687    2.228    0.043    1.586    2.228    0.043    0.069    3.535    0.096    3.742    1.768
 638.10   24.312   24.633   24.639    3.962   -0.571    1.312    3.962   -0.571   -0.749    5.198   -2.264    8.873    2.859
 638.20   25.059   25.397   25.405    4.133   -0.628    2.059    4.133   -0.628   -1.293    8.510   -2.596   10.858    4.495
 638.30   24.430   24.860   24.912    4.608   -1.610    1.430    4.608   -1.610   -2.301    6.588   -7.418   12.935    5.092
 638.40   22.478   22.835   22.921    4.022   -1.986   -0.522    4.022   -1.986    1.036   -2.098   -7.987   10.195    4.161
 638.50   22.424   22.571   22.586    2.572   -0.818   -0.576    2.572   -0.818    0.471   -1.481   -2.103    3.808    1.307
 638.60   22.872   23.046   23.049    2.826   -0.353   -0.128    2.826   -0.353    0.045   -0.360   -0.998    4.063    0.531
 638.70   21.696   21.751   21.751    1.553    0.026   -1.304    1.553    0.026   -0.034   -2.026    0.040    2.057    1.013
 638.80   22.474   22.518   22.560    1.395   -1.383   -0.526    1.395   -1.383    0.727   -0.733   -1.930    2.068    1.094
 638.90   22.066   22.077   22.130    0.680   -1.530   -0.934    0.680   -1.530    1.429   -0.635   -1.040    1.838    0.939
 639.00   23.456   23.485   23.485    1.158    0.058    0.456    1.158    0.058    0.027    0.528    0.068    0.776    0.267
 639.10   22.032   22.059   22.079    1.085   -0.930   -0.968    1.085   -0.930    0.900   -1.050   -1.010    1.490    0.856
 639.20   21.321   21.377   21.379    1.549   -0.280   -1.679    1.549   -0.280    0.471   -2.601   -0.434    2.648    1.339
 639.30   20.750   20.772   20.811    0.953    1.267   -2.250    0.953    1.267   -2.849   -2.143    1.207    3.786    1.882
 639.40   20.307   20.322   20.341    0.771    0.894   -2.693    0.771    0.894   -2.409   -2.076    0.689    4.323    1.627
 639.50   21.893   21.901   21.909    0.588   -0.599   -1.107    0.588   -0.599    0.663   -0.651   -0.353    0.966    0.497
 639.60   22.497   22.498   22.580    0.274   -1.914   -0.503    0.274   -1.914    0.963   -0.138   -0.525    1.996    0.553
 639.70   20.891   20.908   20.922    0.851   -0.747   -2.109    0.851   -0.747    1.574   -1.796   -0.636    2.865    1.236
 639.80   21.793   21.796   21.818   -0.394   -0.972   -1.207   -0.394   -0.972    1.173    0.476    0.383    1.279    0.661
 639.90   21.662   21.668   21.719    0.508   -1.496   -1.338    0.508   -1.496    2.002   -0.680   -0.760    2.143    1.123
 640.00   22.173   22.269   22.307    2.057   -1.306   -0.827    2.057   -1.306    1.079   -1.700   -2.686    3.310    1.679
 640.10   22.574   22.689   22.729    2.279   -1.349   -0.426    2.279   -1.349    0.575   -0.970   -3.075    3.598    1.638
 640.20   23.422   23.592   23.699    2.824   -2.257    0.422    2.824   -2.257   -0.953    1.192   -6.374    6.623    3.277
 640.30   23.636   23.770   24.022    2.519   -3.468    0.636    2.519   -3.468   -2.206    1.602   -8.736    9.389    4.576
 640.40   23.841   23.896   24.152    1.617   -3.509    0.841    1.617   -3.509   -2.952    1.360   -5.676    7.819    3.270
 640.50   23.758   23.759   23.981    0.218   -3.257    0.758    0.218   -3.257   -2.470    0.165   -0.709    5.615    1.287
 640.60   23.542   23.543   23.845   -0.219   -3.783    0.542   -0.219   -3.783   -2.049   -0.119    0.830    7.327    1.107
 640.70   23.526   23.526   23.977   -0.164   -4.626    0.526   -0.164   -4.626   -2.431   -0.086    0.761   10.849    1.274
 640.80   23.989   23.995   24.657   -0.548   -5.677    0.989   -0.548   -5.677   -5.613   -0.542    3.110   16.756    3.220
 640.90   23.238   23.309   23.961   -1.825   -5.550    0.238   -1.825   -5.550   -1.318   -0.433   10.127   17.092    5.111
 641.00   23.349   23.352   23.601   -0.380   -3.418    0.349   -0.380   -3.418   -1.193   -0.133    1.300    5.973    0.884
 641.10   24.888   24.889   25.075    0.164   -3.049    1.888    0.164   -3.049   -5.758    0.310   -0.500    6.445    2.894
 641.20   25.149   25.217   25.308   -1.854   -2.140    2.149   -1.854   -2.140   -4.599   -3.984    3.967    6.317    3.632
 641.30   24.803   24.913   25.058   -2.344   -2.688    1.803   -2.344   -2.688   -4.845   -4.226    6.301    7.985    4.501
 641.40   24.555   24.795   24.968   -3.445   -2.929    1.555   -3.445   -2.929   -4.555   -5.356   10.091   11.432    6.149
 641.50   24.398   24.572   24.625   -2.922   -1.609    1.398   -2.922   -1.609   -2.249   -4.085    4.701    6.540    3.311
 641.60   25.290   25.382   25.426   -2.160   -1.495    2.290   -2.160   -1.495   -3.424   -4.945    3.230    6.072    3.414
 641.70   24.771   24.904   25.045   -2.565   -2.661    1.771   -2.565   -2.661   -4.713   -4.544    6.826    8.399    4.729
 641.80   25.054   25.067   25.169   -0.825   -2.256    2.054   -0.825   -2.256   -4.632   -1.694    1.861    4.993    2.636
 641.90   24.323   24.325   24.398   -0.307   -1.897    1.323   -0.307   -1.897   -2.510   -0.406    0.583    2.722    1.304
 642.00   23.707   23.709   23.805   -0.316   -2.132    0.707   -0.316   -2.132   -1.507   -0.224    0.675    2.574    0.833
 642.10   24.474   24.481   24.596   -0.586   -2.378    1.474   -0.586   -2.378   -3.505   -0.864    1.394    4.085    1.935
 642.20   24.414   24.414   24.714    0.046   -3.840    1.414    0.046   -3.840   -5.429    0.065   -0.177    8.373    2.716
 642.30   25.639   25.655   25.887   -0.899   -3.459    2.639   -0.899   -3.459   -9.130   -2.371    3.108    9.870    4.966
 642.40   24.244   24.305   24.522   -1.720   -3.253    1.244   -1.720   -3.253   -4.047   -2.140    5.595    7.544    3.615
 642.50   24.482   24.624   24.783   -2.642   -2.804    1.482   -2.642   -2.804   -4.155   -3.914    7.408    8.519    4.676
 642.60   26.205   26.308   26.502   -2.329   -3.198    3.205   -2.329   -3.198  -10.250   -7.464    7.446   12.961    7.352
 642.70   25.586   25.811   26.056   -3.402   -3.563    2.586   -3.402   -3.563   -9.213   -8.796   12.120   15.476    8.791
 642.80   24.888   25.032   25.211   -2.682   -2.997    1.888   -2.682   -2.997   -5.660   -5.065    8.040    9.873    5.530
 642.90   26.731   27.041   27.096   -4.078   -1.734    3.731   -4.078   -1.734   -6.469  -15.218    7.071   16.781    8.992
 643.00   26.266   26.538   26.554   -3.789   -0.928    3.266   -3.789   -0.928   -3.031  -12.374    3.515   12.941    6.608
 643.10   25.270   25.340   25.371   -1.887   -1.256    2.270   -1.887   -1.256   -2.850   -4.282    2.369    5.144    2.832
 643.20   25.726   25.758   25.926   -1.278   -2.948    2.726   -1.278   -2.948   -8.036   -3.484    3.768    8.878    4.768
 643.30   27.056   27.248   27.581   -3.227   -4.272    4.056   -3.227   -4.272  -17.327  -13.089   13.784   22.557   12.860
 643.40   27.120   27.333   27.418   -3.400   -2.159    4.120   -3.400   -2.159   -8.896  -14.008    7.340   16.598    9.073
 643.50   26.246   26.253   26.286   -0.637   -1.310    3.246   -0.637   -1.310   -4.251   -2.069    0.835    6.328    2.401
 643.60   24.506   24.552   24.567   -1.497   -0.878    1.506   -1.497   -0.878   -1.322   -2.255    1.314    2.640    1.463
 643.70   24.554   24.563   24.628   -0.639   -1.799    1.554   -0.639   -1.799   -2.797   -0.993    1.150    3.031    1.591
 643.80   24.970   24.974   25.152   -0.414   -2.991    1.970   -0.414   -2.991   -5.894   -0.815    1.237    6.501    3.039
 643.90   25.361   25.366   25.518   -0.515   -2.774    2.361   -0.515   -2.774   -6.550   -1.215    1.428    6.768    3.406
 644.00   25.410   25.414   25.555   -0.465   -2.680    2.410   -0.465   -2.680   -6.459   -1.121    1.247    6.603    3.336
 644.10   23.862   23.874   23.934    0.741   -1.703    0.862    0.741   -1.703   -1.469    0.639   -1.262    2.097    1.020
 644.20   25.154   25.158   25.404    0.425   -3.524    2.154    0.425   -3.524   -7.592    0.916   -1.498    8.619    3.896
 644.30   25.076   25.124   25.180   -1.547   -1.684    2.076   -1.547   -1.684   -3.497   -3.211    2.605    4.770    2.708
 644.40   25.082   25.282   25.437   -3.169   -2.810    2.082   -3.169   -2.810   -5.851   -6.600    8.905   11.138    6.267
 644.50   25.818   25.907   26.067   -2.141   -2.890    2.818   -2.141   -2.890   -8.144   -6.033    6.187   10.438    5.937
 644.60   26.905   26.952   27.137   -1.579   -3.164    3.905   -1.579   -3.164  -12.358   -6.167    4.997   13.879    7.344
 644.70   26.991   27.054   27.250   -1.838   -3.267    3.991   -1.838   -3.267  -13.038   -7.337    6.006   14.990    8.060
 644.80   26.975   27.055   27.248   -2.076   -3.238    3.975   -2.076   -3.238  -12.871   -8.251    6.720   15.297    8.350
 644.90   27.609   27.651   27.855   -1.522   -3.362    4.609   -1.522   -3.362  -15.494   -7.017    5.118   17.431    8.881
 645.00   26.000   26.002   26.055   -0.342   -1.668    3.000   -0.342   -1.668   -5.004   -1.026    0.570    5.949    2.570
 645.10   25.286   25.289   25.454    0.375   -2.896    2.286    0.375   -2.896   -6.621    0.856   -1.085    6.877    3.382
 645.20   24.320   24.356   24.440    1.331   -2.023    1.320    1.331   -2.023   -2.670    1.756   -2.692    3.803    2.089
 645.30   24.713   24.771   24.776    1.694    0.514    1.713    1.694    0.514    0.881    2.901    0.871    3.034    1.577
 645.40   25.700   25.850   25.885    2.783    1.342    2.700    2.783    1.342    3.624    7.514    3.736    8.418    4.570
 645.50   25.772   25.934   25.939    2.889    0.535    2.772    2.889    0.535    1.484    8.008    1.546    8.158    4.145
 645.60   25.837   26.032   26.066    3.181    1.347    2.837    3.181    1.347    3.820    9.022    4.283    9.988    5.346
 645.70   26.688   26.912   26.913    3.470    0.256    3.687    3.470    0.256    0.945   12.795    0.889   12.851    6.430
 645.80   26.655   26.965   26.976    4.075   -0.782    3.655    4.075   -0.782   -2.858   14.897   -3.187   15.291    7.750
 645.90   25.368   26.261   26.270    6.791   -0.677    2.368    6.791   -0.677   -1.604   16.082   -4.601   26.091    8.402
 646.00   26.443   27.164   27.177    6.214    0.860    3.443    6.214    0.860    2.962   21.397    5.345   25.605   11.126
 646.10   25.780   26.528   26.550    6.257   -1.083    2.780    6.257   -1.083   -3.009   17.393   -6.774   24.025    9.453
 646.20   25.110   25.574   25.614    4.852   -1.430    2.110    4.852   -1.430   -3.016   10.235   -6.937   15.016    6.363
 646.30   23.803   24.083   24.183    3.661   -2.191    0.803    3.661   -2.191   -1.760    2.941   -8.022    9.425    4.362
 646.40   24.398   24.844   24.965    4.689   -2.453    1.398    4.689   -2.453   -3.429    6.554  -11.502   14.979    6.837
 646.50   25.962   26.240   26.413    3.810   -3.020    2.962    3.810   -3.020   -8.944   11.284  -11.505   16.203    9.215
 646.60   26.384   26.539   26.702    2.866   -2.949    3.384    2.866   -2.949   -9.979    9.697   -8.453   14.181    8.141
 646.70   25.925   26.121   26.237    3.189   -2.469    2.925    3.189   -2.469   -7.221    9.330   -7.873   12.412    7.092
 646.80   23.611   23.772   23.831    2.764   -1.675    0.611    2.764   -1.675   -1.024    1.689   -4.631    5.410    2.517
 646.90   23.292   23.454   23.455    2.749    0.206    0.292    2.749    0.206    0.060    0.803    0.567    3.842    0.492
 647.00   22.355   22.402   22.432    1.453   -1.155   -0.645    1.453   -1.155    0.745   -0.937   -1.678    1.930    1.030
 647.10   20.112   20.209   20.275    1.973   -1.631   -2.888    1.973   -1.631    4.709   -5.697   -3.217    7.445    4.030
 647.20   19.625   19.716   20.128    1.895   -4.051   -3.375    1.895   -4.051   13.672   -6.395   -7.675   15.695    8.466
 647.30   18.899   18.950   19.321    1.391   -3.770   -4.101    1.391   -3.770   15.462   -5.705   -5.243   16.485    8.648
 647.40   19.584   19.585   19.888   -0.212   -3.457   -3.416   -0.212   -3.457   11.809    0.723    0.732   11.833    5.927
 647.50   19.489   19.521   19.627   -1.119   -2.038   -3.511   -1.119   -2.038    7.157    3.929    2.281    8.868    4.239
 647.60   19.463   19.604   19.669   -2.347   -1.599   -3.537   -2.347   -1.599    5.655    8.301    3.751   10.288    5.361
 647.70   18.167   18.227   18.245   -1.470   -0.819   -4.833   -1.470   -0.819    3.956    7.104    1.203   13.094    4.110
 647.80   17.386   17.394   17.394   -0.543    0.085   -5.614   -0.543    0.085   -0.478    3.048   -0.046   15.910    1.543
 647.90   16.970   17.052   17.094   -1.674    1.195   -6.030   -1.674    1.195   -7.207   10.094   -2.001   20.296    6.282
 648.00   16.255   16.550   16.575   -3.108   -0.908   -6.745   -3.108   -0.908    6.127   20.963    2.823   27.988   11.011
 648.10   14.303   14.409   14.415   -1.744   -0.428   -8.697   -1.744   -0.428    3.721   15.165    0.746   39.431    7.816
 648.20   14.522   14.526   14.579   -0.324   -1.237   -8.478   -0.324   -1.237   10.488    2.747    0.401   36.752    5.425
 648.30   14.151   14.168   14.299   -0.681   -1.932   -8.849   -0.681   -1.932   17.091    6.022    1.315   41.246    9.085
 648.40   13.740   13.789   13.825    1.161   -0.997   -9.260    1.161   -0.997    9.234  -10.750   -1.158   44.045    7.109
 648.50   15.088   15.260   15.263    2.289    0.278   -7.912    2.289    0.278   -2.202  -18.109    0.637   33.959    9.127
 648.60   17.024   17.030   17.030    0.448   -0.021   -5.976    0.448   -0.021    0.123   -2.675   -0.009   17.959    1.339
 648.70   16.625   16.810   16.956   -2.487    2.219   -6.375   -2.487    2.219  -14.148   15.854   -5.519   25.875   10.977
 648.80   16.908   16.980   17.067   -1.564    1.719   -6.092   -1.564    1.719  -10.474    9.527   -2.689   21.257    7.206
 648.90   18.709   18.715   18.797    0.468    1.754   -4.291    0.468    1.754   -7.526   -2.010    0.822   10.852    3.916
 649.00   18.554   18.601   18.734   -1.320    2.235   -4.446   -1.320    2.235   -9.936    5.870   -2.950   13.253    5.956
 649.10   19.161   19.169   19.178   -0.557    0.573   -3.839   -0.557    0.573   -2.201    2.137   -0.319    7.688    1.542
 649.20   17.466   17.480   17.489    0.696    0.556   -5.534    0.696    0.556   -3.077   -3.850    0.387   15.710    2.472
 649.30   17.133   17.133   17.138   -0.100   -0.392   -5.867   -0.100   -0.392    2.301    0.586    0.039   17.293    1.187
 649.40   18.642   18.642   18.646   -0.074    0.373   -4.358   -0.074    0.373   -1.623    0.321   -0.027    9.567    0.827
 649.50   18.072   18.125   18.154   -1.383    1.031   -4.928   -1.383    1.031   -5.081    6.818   -1.427   13.631    4.311
 649.60   17.618   17.685   17.720   -1.536    1.117   -5.382   -1.536    1.117   -6.012    8.268   -1.716   16.288    5.183
 649.70   18.507   18.619   18.648   -2.039   -1.042   -4.493   -2.039   -1.042    4.683    9.163    2.125   12.717    5.254
 649.80   18.771   18.951   19.048   -2.605   -1.918   -4.229   -2.605   -1.918    8.112   11.018    4.998   14.176    7.283
 649.90   19.411   19.688   19.730   -3.293   -1.282   -3.589   -3.293   -1.282    4.601   11.820    4.222   12.686    6.684
 650.00   20.928   21.348   21.348   -4.214    0.167   -2.072   -4.214    0.167   -0.347    8.732   -0.706   11.039    4.384
 650.10   19.594   20.225   20.251   -5.013    1.022   -3.406   -5.013    1.022   -3.481   17.073   -5.124   18.887    9.081
 650.20   20.770   21.488   21.540   -5.509    1.492   -2.230   -5.509    1.492   -3.328   12.283   -8.221   18.772    7.575
 650.30   20.597   21.255   21.306   -5.248    1.476   -2.403   -5.248    1.476   -3.547   12.613   -7.744   17.748    7.610
 650.40   20.707   20.903   21.008   -2.855    2.101   -2.293   -2.855    2.101   -4.818    6.547   -5.998    8.912    5.051
 650.50   21.857   21.957   21.980   -2.094    1.005   -1.143   -2.094    1.005   -1.148    2.393   -2.104    3.350    1.693
 650.60   19.793   19.975   19.975   -2.690   -0.085   -3.207   -2.690   -0.085    0.274    8.627    0.230    8.764    4.317
 650.70   19.781   19.971   19.972   -2.754    0.075   -3.219   -2.754    0.075   -0.240    8.866   -0.205    8.977    4.436
 650.80   19.153   19.350   19.353   -2.752   -0.325   -3.847   -2.752   -0.325    1.249   10.588    0.894   11.240    5.349
 650.90   18.075   18.269   18.272   -2.660   -0.313   -4.925   -2.660   -0.313    1.544   13.102    0.834   15.717    6.609
 651.00   17.808   17.961   17.962   -2.335   -0.205   -5.192   -2.335   -0.205    1.065   12.120    0.479   16.222    6.088
 651.10   18.412   18.553   18.606   -2.282   -1.400   -4.588   -2.282   -1.400    6.424   10.467    3.195   14.106    6.345
 651.20   18.979   19.012   19.166   -1.111   -2.428   -4.021   -1.111   -2.428    9.761    4.466    2.696   11.646    5.534
 651.30   20.380   20.380   20.424   -0.131   -1.334   -2.620   -0.131   -1.334    3.495    0.344    0.175    4.331    1.758
 651.40   19.786   19.795   19.880    0.589   -1.841   -3.214    0.589   -1.841    5.916   -1.892   -1.083    7.032    3.152
 651.50   20.103   20.106   20.218   -0.356   -2.120   -2.897   -0.356   -2.120    6.142    1.031    0.755    6.507    3.137
 651.60   21.261   21.270   21.333   -0.631   -1.641   -1.739   -0.631   -1.641    2.854    1.098    1.036    3.058    1.614
 651.70   21.463   21.504   21.583   -1.335   -1.838   -1.537   -1.335   -1.838    2.825    2.052    2.453    3.761    2.134
 651.80   21.152   21.163   21.450   -0.708   -3.495   -1.848   -0.708   -3.495    6.460    1.308    2.473    8.065    3.520
 651.90   22.905   22.905   23.033    0.009   -2.427   -0.095    0.009   -2.427    0.230   -0.001   -0.022    2.950    0.116
 652.00   22.473   22.481   22.760    0.591   -3.555   -0.527    0.591   -3.555    1.873   -0.311   -2.100    6.632    1.415
 652.10   21.794   22.017   22.224    3.126   -3.026   -1.206    3.126   -3.026    3.649   -3.769   -9.459   10.191    5.408
 652.20   21.103   21.481   21.482    4.009   -0.246   -1.897    4.009   -0.246    0.467   -7.604   -0.987    9.865    3.841
 652.30   21.394   21.467   21.511    1.773   -1.371   -1.606    1.773   -1.371    2.203   -2.849   -2.432    3.803    2.173
 652.40   22.528   22.568   22.637    1.356   -1.762   -0.472    1.356   -1.762    0.832   -0.640   -2.389    2.583    1.305
 652.50   24.987   25.035   25.037    1.558   -0.289    1.987    1.558   -0.289   -0.574    3.095   -0.450    3.229    1.590
 652.60   25.577   25.637   25.659    1.754    1.065    2.577    1.754    1.065    2.744    4.519    1.868    5.425    2.804
 652.70   26.834   26.914   26.943    2.067    1.267    3.834    2.067    1.267    4.857    7.925    2.618   10.289    4.828
 652.80   26.460   26.626   26.645    2.965    0.996    3.460    2.965    0.996    3.446   10.261    2.953   10.879    5.610
 652.90   26.327   26.556   26.593    3.477    1.395    3.327    3.477    1.395    4.643   11.568    4.851   12.553    6.688
 653.00   25.471   25.716   25.739    3.540    1.083    2.471    3.540    1.083    2.676    8.749    3.834    9.907    4.960
 653.10   24.633   24.772   24.778    2.620    0.564    1.633    2.620    0.564    0.921    4.277    1.478    4.924    2.309
 653.20   23.431   23.567   23.571    2.525    0.449    0.431    2.525    0.449    0.193    1.088    1.133    3.382    0.792
 653.30   22.487   22.649   22.728    2.705   -1.891   -0.513    2.705   -1.891    0.971   -1.389   -5.117    5.580    2.695
 653.40   22.412   22.533   22.540    2.336   -0.569   -0.588    2.336   -0.569    0.335   -1.375   -1.330    3.065    0.971
 653.50   21.305   21.408   21.413    2.105    0.459   -1.695    2.105    0.459   -0.778   -3.569    0.966    3.759    1.889
 653.60   20.460   20.597   20.627    2.377    1.111   -2.540    2.377    1.111   -2.823   -6.038    2.641    6.669    3.585
 653.70   19.995   20.235   20.270    3.103    1.204   -3.005    3.103    1.204   -3.618   -9.325    3.736   10.055    5.339
 653.80   19.697   19.719   19.768    0.923   -1.393   -3.303    0.923   -1.393    4.600   -3.047   -1.285    6.849    2.833
 653.90   21.392   21.445   21.445    1.502   -0.037   -1.608    1.502   -0.037    0.060   -2.415   -0.056    2.422    1.208
 654.00   21.056   21.250   21.327    2.864   -1.808   -1.944    2.864   -1.808    3.516   -5.568   -5.180    7.627    4.189
 654.10   21.214   21.357   21.400    2.466   -1.361   -1.786    2.466   -1.361    2.431   -4.404   -3.357    5.562    3.024
 654.20   21.591   21.628   21.677    1.260   -1.451   -1.409    1.260   -1.451    2.044   -1.775   -1.829    2.839    1.633
 654.30   20.451   20.570   20.589    2.211   -0.882   -2.549    2.211   -0.882    2.249   -5.636   -1.950    6.082    3.187
 654.40   20.158   20.246   20.246    1.886   -0.024   -2.842    1.886   -0.024    0.069   -5.360   -0.046    5.817    2.680
 654.50   20.541   20.563   20.564    0.959   -0.080   -2.459    0.959   -0.080    0.196   -2.359   -0.077    3.487    1.184
 654.60   19.544   19.586   19.593    1.291    0.500   -3.456    1.291    0.500   -1.730   -4.463    0.646    6.932    2.415
 654.70   19.480   19.518   19.540    1.208    0.928   -3.520    1.208    0.928   -3.265   -4.252    1.121    7.354    2.739
 654.80   20.247   20.267   20.340    0.904    1.718   -2.753    0.904    1.718   -4.729   -2.490    1.554    5.674    2.783
 654.90   20.787   20.940   20.955    2.532    0.788   -2.213    2.532    0.788   -1.744   -5.604    1.995    5.965    3.099
 655.00   20.025   20.091   20.102    1.628   -0.649   -2.975    1.628   -0.649    1.930   -4.842   -1.056    5.960    2.659
 655.10   20.356   20.426   20.429    1.686   -0.359   -2.644    1.686   -0.359    0.948   -4.457   -0.605    4.980    2.298
 655.20   18.397   18.436   18.441    1.196   -0.401   -4.603    1.196   -0.401    1.846   -5.503   -0.480   11.387    2.912
 655.30   17.802   18.068   18.074    3.089   -0.444   -5.198    3.089   -0.444    2.309  -16.055   -1.372   18.377    8.139
 655.40   18.990   19.252   19.265    3.165    0.710   -4.010    3.165    0.710   -2.848  -12.694    2.248   13.303    6.601
 655.50   20.073   20.076   20.126    0.389    1.419   -2.927    0.389    1.419   -4.155   -1.138    0.552    5.368    2.172
 655.60   21.306   21.306   21.308   -0.010    0.279   -1.694   -0.010    0.279   -0.473    0.016   -0.003    1.473    0.237
 655.70   21.973   21.989   21.989    0.854    0.031   -1.027    0.854    0.031   -0.032   -0.877    0.026    0.893    0.439
 655.80   22.444   22.469   22.493    1.054    1.046   -0.556    1.054    1.046   -0.582   -0.586    1.103    1.257    0.689
 655.90   22.966   22.972   22.988    0.528    0.865   -0.034    0.528    0.865   -0.030   -0.018    0.457    0.514    0.229
 656.00   24.008   24.008   24.010   -0.010   -0.292    1.008   -0.010   -0.292   -0.294   -0.010    0.003    0.551    0.147
 656.10   24.590   24.609   24.610    0.957    0.295    1.590    0.957    0.295    0.469    1.522    0.283    1.766    0.809
 656.20   25.435   25.502   25.572    1.843    1.886    2.435    1.843    1.886    4.593    4.489    3.477    6.443    3.652
 656.30   26.373   26.461   26.471    2.154    0.727    3.373    2.154    0.727    2.454    7.265    1.567    8.272    3.913
 656.40   25.258   25.383   25.427    2.519    1.499    2.258    2.519    1.499    3.384    5.687    3.775    6.845    3.810
 656.50   25.166   25.199   25.302    1.288    2.285    2.166    1.288    2.285    4.948    2.789    2.943    5.785    3.199
 656.60   27.012   27.152   27.344    2.752    3.237    4.012    2.752    3.237   12.987   11.041    8.909   17.074    9.617
 656.70   25.888   26.106   26.327    3.371    3.404    2.888    3.371    3.404    9.830    9.735   11.477   15.647    8.988
 656.80   25.258   25.434   25.514    2.991    2.013    2.258    2.991    2.013    4.545    6.753    6.020    9.047    5.062
 656.90   24.884   25.010   25.054    2.505    1.485    1.884    2.505    1.485    2.799    4.721    3.721    6.017    3.315
 657.00   23.829   23.856   23.932    1.131    1.900    0.829    1.131    1.900    1.576    0.938    2.149    2.788    1.412
 657.10   22.818   22.820   22.852   -0.277    1.212   -0.182   -0.277    1.212   -0.220    0.050   -0.336    0.790    0.202
 657.20   23.223   23.233   23.235    0.667    0.310    0.223    0.667    0.310    0.069    0.149    0.207    0.295    0.132
 657.30   24.263   24.283   24.293   -0.990   -0.675    1.263   -0.990   -0.675   -0.853   -1.251    0.669    1.516    0.827
 657.40   25.106   25.132   25.151   -1.133   -0.989    2.106   -1.133   -0.989   -2.083   -2.387    1.121    3.349    1.680
 657.50   25.127   25.290   25.294   -2.871    0.475    2.127   -2.871    0.475    1.010   -6.105   -1.364    6.495    3.168
 657.60   25.044   25.338   25.342   -3.846    0.492    2.044   -3.846    0.492    1.006   -7.861   -1.894    9.605    4.074
 657.70   24.375   24.613   24.651   -3.411    1.371    1.375   -3.411    1.371    1.886   -4.692   -4.679    7.705    3.445
 657.80   24.198   24.409   24.429   -3.200    0.997    1.198   -3.200    0.997    1.195   -3.835   -3.191    6.335    2.565
 657.90   23.801   23.939   24.012   -2.565    1.883    0.801   -2.565    1.883    1.508   -2.054   -4.830    5.383    2.730
 658.00   23.214   23.319   23.323   -2.208    0.437    0.214   -2.208    0.437    0.094   -0.473   -0.966    2.557    0.540
 658.10   24.271   24.344   24.352   -1.884    0.643    1.271   -1.884    0.643    0.817   -2.395   -1.212    2.790    1.403
 658.20   23.957   23.989   24.025   -1.231    1.326    0.957   -1.231    1.326    1.269   -1.178   -1.632    2.095    1.190
 658.30   25.073   25.077   25.133   -0.447    1.667    2.073   -0.447    1.667    3.455   -0.927   -0.745    3.638    1.827
 658.40   26.272   26.273   26.402    0.219    2.608    3.272    0.219    2.608    8.532    0.718    0.572    8.776    4.290
 658.50   26.873   26.883   26.983   -0.754    2.316    3.873   -0.754    2.316    8.969   -2.919   -1.746   10.465    4.796
 658.60   26.993   27.055   27.094    1.831    1.462    3.993    1.831    1.462    5.835    7.312    2.677   10.716    4.865
 658.70   26.446   26.486   26.526    1.469    1.442    3.446    1.469    1.442    4.969    5.061    2.119    8.055    3.701
 658.80   26.959   27.183   27.257    3.480    2.014    3.959    3.480    2.014    7.972   13.778    7.008   15.920    8.696
 658.90   26.409   26.485   26.507    1.994    1.093    3.409    1.994    1.093    3.727    6.799    2.180    8.398    4.027
 659.00   26.107   26.163   26.186    1.706    1.100    3.107    1.706    1.100    3.418    5.302    1.876    6.888    3.290
 659.10   25.250   25.320   25.328    1.878    0.618    2.250    1.878    0.618    1.390    4.226    1.160    4.486    2.299
 659.20   25.869   25.982   25.982    2.424    0.079    2.869    2.424    0.079    0.227    6.955    0.192    7.057    3.481
 659.30   27.346   27.465   27.493    2.549   -1.240    4.346    2.549   -1.240   -5.388   11.080   -3.161   13.462    6.360
 659.40   26.829   26.934   26.996    2.372   -1.828    3.829    2.372   -1.828   -6.998    9.083   -4.335   11.815    6.129
 659.50   28.065   28.170   28.173    2.432   -0.427    5.065    2.432   -0.427   -2.161   12.316   -1.038   15.874    6.274
 659.60   28.825   28.872   28.873    1.649   -0.281    5.825    1.649   -0.281   -1.639    9.604   -0.464   18.362    4.877
 659.70   27.502   27.541   27.556    1.461   -0.923    4.502    1.461   -0.923   -4.153    6.576   -1.348   11.626    3.947
 659.80   28.381   28.406   28.436    1.176   -1.315    5.381    1.176   -1.315   -7.075    6.329   -1.546   16.036    4.809
 659.90   27.127   27.160   27.211    1.336   -1.667    4.127    1.336   -1.667   -6.879    5.513   -2.227   10.796    4.546
