
This hub-height turbulence-parameter file was generated by TurbSim (from OpenFAST-Unversioned from 08fffef240461a8334596179f1de462be43ad3e9) on 10-Oct-2023 at 13:26:21.

   Time      U       Uh       Ut        V        W        u'       v'       w'      u'w'     u'v'     v'w'     TKE      CTKE
   0.00    5.949    5.965    5.984   -0.440    0.475    0.949   -0.440    0.475    0.450   -0.418   -0.209    0.660    0.324
   0.10    5.950    6.002    6.017   -0.784    0.420    0.950   -0.784    0.420    0.399   -0.745   -0.329    0.847    0.453
   0.20    5.602    5.640    5.658   -0.650    0.449    0.602   -0.650    0.449    0.271   -0.392   -0.292    0.494    0.279
   0.30    5.336    5.359    5.419   -0.498    0.801    0.336   -0.498    0.801    0.269   -0.168   -0.399    0.501    0.255
   0.40    5.222    5.266    5.314   -0.676    0.713    0.222   -0.676    0.713    0.158   -0.150   -0.482    0.508    0.265
   0.50    5.337    5.396    5.424   -0.801    0.546    0.337   -0.801    0.546    0.184   -0.270   -0.437    0.526    0.273
   0.60    5.747    5.805    5.828   -0.823    0.517    0.747   -0.823    0.517    0.386   -0.615   -0.425    0.751    0.421
   0.70    5.348    5.375    5.390   -0.540    0.405    0.348   -0.540    0.405    0.141   -0.188   -0.219    0.288    0.160
   0.80    5.060    5.082    5.083   -0.471    0.106    0.060   -0.471    0.106    0.006   -0.028   -0.050    0.118    0.029
   0.90    5.298    5.302    5.303   -0.208   -0.104    0.298   -0.208   -0.104   -0.031   -0.062    0.022    0.071    0.036
   1.00    4.965    4.994    5.028   -0.537    0.584   -0.035   -0.537    0.584   -0.021    0.019   -0.314    0.315    0.157
   1.10    5.101    5.199    5.243   -1.005    0.680    0.101   -1.005    0.680    0.069   -0.102   -0.684    0.742    0.347
   1.20    5.004    5.181    5.210   -1.342    0.549    0.004   -1.342    0.549    0.002   -0.006   -0.737    1.052    0.369
   1.30    5.016    5.181    5.308   -1.296    1.154    0.016   -1.296    1.154    0.019   -0.021   -1.496    1.506    0.748
   1.40    5.060    5.141    5.211   -0.909    0.854    0.060   -0.909    0.854    0.051   -0.054   -0.776    0.780    0.390
   1.50    5.374    5.454    5.485   -0.929    0.586    0.374   -0.929    0.586    0.219   -0.347   -0.544    0.673    0.341
   1.60    5.211    5.284    5.298   -0.876    0.383    0.211   -0.876    0.383    0.081   -0.184   -0.335    0.479    0.196
   1.70    5.418    5.489    5.538   -0.879    0.734    0.418   -0.879    0.734    0.307   -0.368   -0.645    0.743    0.402
   1.80    5.020    5.122    5.145   -1.017    0.478    0.020   -1.017    0.478    0.010   -0.021   -0.486    0.632    0.243
   1.90    5.090    5.233    5.241   -1.213    0.301    0.090   -1.213    0.301    0.027   -0.109   -0.365    0.785    0.191
   2.00    5.158    5.233    5.237   -0.880    0.202    0.158   -0.880    0.202    0.032   -0.139   -0.178    0.420    0.114
   2.10    5.294    5.388    5.425   -1.001    0.639    0.294   -1.001    0.639    0.188   -0.294   -0.639    0.748    0.364
   2.20    5.250    5.340    5.394   -0.976    0.762    0.250   -0.976    0.762    0.191   -0.244   -0.744    0.798    0.403
   2.30    5.712    5.821    5.845   -1.122    0.533    0.712   -1.122    0.533    0.379   -0.798   -0.597    1.024    0.533
   2.40    6.045    6.185    6.200   -1.313    0.429    1.045   -1.313    0.429    0.448   -1.371   -0.563    1.499    0.774
   2.50    6.463    6.547    6.548   -1.045    0.078    1.463   -1.045    0.078    0.114   -1.528   -0.081    1.619    0.767
   2.60    6.303    6.448    6.449   -1.360    0.069    1.303   -1.360    0.069    0.089   -1.772   -0.093    1.776    0.889
   2.70    6.157    6.338    6.340   -1.505    0.137    1.157   -1.505    0.137    0.158   -1.742   -0.206    1.812    0.880
   2.80    6.250    6.349    6.352   -1.115   -0.196    1.250   -1.115   -0.196   -0.245   -1.394    0.218    1.422    0.716
   2.90    5.894    5.962    5.963   -0.899    0.109    0.894   -0.899    0.109    0.097   -0.803   -0.098    0.809    0.408
   3.00    5.479    5.553    5.555   -0.905   -0.155    0.479   -0.905   -0.155   -0.074   -0.434    0.141    0.536    0.231
   3.10    5.184    5.308    5.321   -1.141   -0.363    0.184   -1.141   -0.363   -0.067   -0.210    0.414    0.734    0.235
   3.20    5.112    5.186    5.192   -0.874   -0.246    0.112   -0.874   -0.246   -0.028   -0.098    0.215    0.419    0.119
   3.30    4.960    5.026    5.030   -0.815   -0.199   -0.040   -0.815   -0.199    0.008    0.033    0.162    0.353    0.083
   3.40    5.245    5.355    5.359   -1.079   -0.218    0.245   -1.079   -0.218   -0.053   -0.264    0.235    0.636    0.179
   3.50    5.649    5.710    5.711   -0.830   -0.116    0.649   -0.830   -0.116   -0.075   -0.538    0.096    0.561    0.276
   3.60    5.651    5.715    5.716   -0.853    0.069    0.651   -0.853    0.069    0.045   -0.556   -0.059    0.578    0.280
   3.70    5.553    5.640    5.642   -0.986    0.145    0.553   -0.986    0.145    0.080   -0.545   -0.143    0.649    0.285
   3.80    5.601    5.683    5.683   -0.961    0.062    0.601   -0.961    0.062    0.037   -0.577   -0.060    0.644    0.291
   3.90    5.736    5.877    5.878   -1.280   -0.070    0.736   -1.280   -0.070   -0.052   -0.942    0.090    1.092    0.474
   4.00    5.806    5.992    5.997   -1.480    0.246    0.806   -1.480    0.246    0.198   -1.193   -0.364    1.451    0.631
   4.10    5.509    5.729    5.747   -1.575    0.451    0.509   -1.575    0.451    0.230   -0.801   -0.711    1.472    0.548
   4.20    5.410    5.562    5.593   -1.293    0.580    0.410   -1.293    0.580    0.238   -0.530   -0.750    1.088    0.474
   4.30    5.925    6.211    6.244   -1.861    0.645    0.925   -1.861    0.645    0.597   -1.722   -1.200    2.368    1.091
   4.40    5.888    6.135    6.162   -1.722    0.580    0.888   -1.722    0.580    0.515   -1.529   -0.998    2.045    0.949
   4.50    5.615    5.867    5.886   -1.702    0.472    0.615   -1.702    0.472    0.290   -1.047   -0.803    1.749    0.676
   4.60    5.558    5.800    5.804   -1.658    0.216    0.558   -1.658    0.216    0.121   -0.925   -0.359    1.553    0.500
   4.70    5.523    5.751    5.768   -1.602    0.452    0.523   -1.602    0.452    0.236   -0.838   -0.724    1.522    0.566
   4.80    5.605    5.752    5.780   -1.292    0.566    0.605   -1.292    0.566    0.342   -0.782   -0.731    1.178    0.562
   4.90    5.928    6.099    6.153   -1.433    0.816    0.928   -1.433    0.816    0.757   -1.330   -1.169    1.790    0.963
   5.00    6.013    6.266    6.308   -1.765    0.725    1.013   -1.765    0.725    0.735   -1.788   -1.280    2.334    1.159
   5.10    5.829    6.095    6.151   -1.782    0.831    0.829   -1.782    0.831    0.688   -1.476   -1.480    2.276    1.101
   5.20    5.803    6.032    6.079   -1.645    0.757    0.803   -1.645    0.757    0.608   -1.321   -1.245    1.962    0.957
   5.30    5.812    6.054    6.126   -1.695    0.931    0.812   -1.695    0.931    0.756   -1.377   -1.578    2.200    1.113
   5.40    5.710    5.888    5.977   -1.437    1.023    0.710   -1.437    1.023    0.727   -1.021   -1.471    1.809    0.966
   5.50    5.886    6.045    6.105   -1.377    0.849    0.886   -1.377    0.849    0.753   -1.221   -1.169    1.701    0.925
   5.60    6.006    6.152    6.184   -1.331    0.633    1.006   -1.331    0.633    0.637   -1.339   -0.843    1.592    0.853
   5.70    5.950    6.050    6.077   -1.095    0.574    0.950   -1.095    0.574    0.545   -1.040   -0.629    1.215    0.666
   5.80    6.020    6.081    6.113   -0.864    0.623    1.020   -0.864    0.623    0.635   -0.881   -0.538    1.087    0.606
   5.90    5.607    5.687    5.708   -0.948    0.487    0.607   -0.948    0.487    0.296   -0.576   -0.462    0.753    0.398
   6.00    5.894    5.994    5.999   -1.090    0.262    0.894   -1.090    0.262    0.234   -0.974   -0.285    1.028    0.521
   6.10    5.810    5.927    5.940   -1.169    0.392    0.810   -1.169    0.392    0.318   -0.948   -0.459    1.089    0.550
   6.20    5.531    5.668    5.677   -1.238    0.323    0.531   -1.238    0.323    0.172   -0.657   -0.400    0.960    0.394
   6.30    5.539    5.711    5.731   -1.389    0.479    0.539   -1.389    0.479    0.258   -0.749   -0.665    1.224    0.517
   6.40    6.102    6.219    6.231   -1.197    0.397    1.102   -1.197    0.397    0.437   -1.319   -0.475    1.403    0.734
   6.50    5.975    6.120    6.127   -1.325    0.292    0.975   -1.325    0.292    0.285   -1.291   -0.387    1.395    0.689
   6.60    5.873    6.052    6.058   -1.461    0.282    0.873   -1.461    0.282    0.246   -1.275   -0.412    1.488    0.681
   6.70    5.928    6.136    6.140   -1.586    0.210    0.928   -1.586    0.210    0.194   -1.471   -0.332    1.709    0.760
   6.80    6.144    6.312    6.321   -1.447    0.336    1.144   -1.447    0.336    0.384   -1.655   -0.486    1.758    0.884
   6.90    5.934    6.073    6.073   -1.293    0.015    0.934   -1.293    0.015    0.014   -1.208   -0.019    1.272    0.604
   7.00    5.651    5.802    5.803   -1.314    0.078    0.651   -1.314    0.078    0.051   -0.856   -0.103    1.078    0.432
   7.10    5.848    5.957    5.958   -1.136    0.066    0.848   -1.136    0.066    0.056   -0.963   -0.074    1.007    0.484
   7.20    5.734    5.855    5.856   -1.182   -0.145    0.734   -1.182   -0.145   -0.107   -0.868    0.172    0.978    0.445
   7.30    5.757    5.859    5.865   -1.085   -0.282    0.757   -1.085   -0.282   -0.214   -0.822    0.306    0.916    0.451
   7.40    6.106    6.201    6.256   -1.084   -0.823    1.106   -1.084   -0.823   -0.910   -1.199    0.893    1.538    0.875
   7.50    6.054    6.095    6.121   -0.708   -0.564    1.054   -0.708   -0.564   -0.594   -0.746    0.399    0.965    0.517
   7.60    6.241    6.254    6.257   -0.404   -0.192    1.241   -0.404   -0.192   -0.238   -0.501    0.077    0.870    0.280
   7.70    5.698    5.699    5.705   -0.081   -0.258    0.698   -0.081   -0.258   -0.180   -0.057    0.021    0.280    0.095
   7.80    5.749    5.749    5.752   -0.031    0.169    0.749   -0.031    0.169    0.126   -0.023   -0.005    0.295    0.064
   7.90    5.797    5.797    5.800    0.075    0.180    0.797    0.075    0.180    0.144    0.060    0.014    0.337    0.078
   8.00    5.734    5.763    5.768    0.576    0.254    0.734    0.576    0.254    0.187    0.423    0.146    0.468    0.242
   8.10    5.428    5.431    5.432    0.179   -0.092    0.428    0.179   -0.092   -0.039    0.077   -0.017    0.112    0.044
   8.20    5.372    5.373    5.373    0.093   -0.008    0.372    0.093   -0.008   -0.003    0.035   -0.001    0.074    0.017
   8.30    5.682    5.688    5.690   -0.262   -0.113    0.682   -0.262   -0.113   -0.077   -0.179    0.030    0.273    0.098
   8.40    5.458    5.492    5.493   -0.614    0.094    0.458   -0.614    0.094    0.043   -0.281   -0.058    0.298    0.145
   8.50    5.474    5.536    5.554   -0.826   -0.445    0.474   -0.826   -0.445   -0.211   -0.392    0.368    0.553    0.289
   8.60    5.711    5.767    5.777   -0.802   -0.355    0.711   -0.802   -0.355   -0.252   -0.570    0.284    0.637    0.342
   8.70    5.567    5.601    5.602   -0.618   -0.069    0.567   -0.618   -0.069   -0.039   -0.350    0.043    0.354    0.178
   8.80    5.358    5.395    5.400   -0.624   -0.234    0.358   -0.624   -0.234   -0.084   -0.224    0.146    0.287    0.140
   8.90    5.185    5.223    5.224   -0.635   -0.087    0.185   -0.635   -0.087   -0.016   -0.117    0.055    0.223    0.065
   9.00    5.111    5.173    5.176   -0.798    0.174    0.111   -0.798    0.174    0.019   -0.089   -0.139    0.339    0.083
   9.10    4.985    5.034    5.035   -0.702   -0.116   -0.015   -0.702   -0.116    0.002    0.011    0.081    0.253    0.041
   9.20    5.135    5.206    5.213   -0.859   -0.268    0.135   -0.859   -0.268   -0.036   -0.116    0.231    0.414    0.130
   9.30    5.001    5.099    5.100   -0.994   -0.072    0.001   -0.994   -0.072   -0.000   -0.001    0.072    0.497    0.036
   9.40    4.745    4.921    4.956   -1.302   -0.595   -0.255   -1.302   -0.595    0.152    0.332    0.775    1.057    0.428
   9.50    4.619    4.822    4.862   -1.386   -0.619   -0.381   -1.386   -0.619    0.236    0.528    0.858    1.225    0.518
   9.60    4.762    4.903    4.955   -1.170   -0.718   -0.238   -1.170   -0.718    0.171    0.279    0.840    0.971    0.451
   9.70    5.060    5.169    5.211   -1.058   -0.657    0.060   -1.058   -0.657   -0.039   -0.063    0.695    0.777    0.350
   9.80    4.736    4.782    4.829   -0.664   -0.674   -0.264   -0.664   -0.674    0.178    0.175    0.447    0.482    0.256
   9.90    4.828    4.956    4.973   -1.121   -0.406   -0.172   -1.121   -0.406    0.070    0.193    0.455    0.726    0.250
  10.00    4.961    5.103    5.106   -1.197   -0.171   -0.039   -1.197   -0.171    0.007    0.047    0.205    0.732    0.105
  10.10    5.085    5.244    5.305   -1.281   -0.804    0.085   -1.281   -0.804   -0.068   -0.109    1.030    1.148    0.519
  10.20    5.061    5.335    5.387   -1.686   -0.751    0.061   -1.686   -0.751   -0.046   -0.103    1.266    1.705    0.635
  10.30    5.146    5.444    5.483   -1.776   -0.654    0.146   -1.776   -0.654   -0.095   -0.259    1.162    1.802    0.597
  10.40    4.943    5.238    5.248   -1.734   -0.326   -0.057   -1.734   -0.326    0.019    0.099    0.564    1.558    0.287
  10.50    4.952    5.217    5.273   -1.642   -0.764   -0.048   -1.642   -0.764    0.036    0.078    1.255    1.641    0.629
  10.60    4.837    5.320    5.463   -2.215   -1.240   -0.163   -2.215   -1.240    0.202    0.360    2.747    3.235    1.389
  10.70    4.868    5.527    5.583   -2.616   -0.789   -0.132   -2.616   -0.789    0.104    0.345    2.063    3.742    1.047
  10.80    4.860    5.591    5.619   -2.764   -0.561   -0.140   -2.764   -0.561    0.079    0.388    1.551    3.987    0.800
  10.90    5.028    5.512    5.550   -2.259   -0.649    0.028   -2.259   -0.649   -0.018   -0.063    1.465    2.762    0.733
  11.00    4.957    5.333    5.365   -1.967   -0.588   -0.043   -1.967   -0.588    0.025    0.085    1.157    2.109    0.580
  11.10    4.742    5.327    5.331   -2.426   -0.213   -0.258   -2.426   -0.213    0.055    0.625    0.516    3.000    0.406
  11.20    5.046    5.539    5.543   -2.284   -0.212    0.046   -2.284   -0.212   -0.010   -0.105    0.485    2.631    0.248
  11.30    4.941    5.517    5.527   -2.453   -0.341   -0.059   -2.453   -0.341    0.020    0.144    0.836    3.069    0.424
  11.40    5.104    5.577    5.592   -2.247   -0.419    0.104   -2.247   -0.419   -0.044   -0.234    0.942    2.617    0.486
  11.50    4.896    5.407    5.448   -2.296   -0.665   -0.104   -2.296   -0.665    0.069    0.239    1.527    2.862    0.774
  11.60    4.878    5.566    5.574   -2.680   -0.293   -0.122   -2.680   -0.293    0.036    0.326    0.787    3.642    0.426
  11.70    5.447    5.922    5.925   -2.325   -0.179    0.447   -2.325   -0.179   -0.080   -1.038    0.415    2.819    0.561
  11.80    5.369    5.691    5.691   -1.888    0.020    0.369   -1.888    0.020    0.007   -0.697   -0.038    1.850    0.349
  11.90    5.215    5.740    5.741   -2.397   -0.132    0.215   -2.397   -0.132   -0.028   -0.515    0.317    2.906    0.303
  12.00    5.419    5.942    5.960   -2.437   -0.457    0.419   -2.437   -0.457   -0.192   -1.022    1.114    3.162    0.762
  12.10    5.830    6.233    6.260   -2.204   -0.584    0.830   -2.204   -0.584   -0.484   -1.829    1.286    2.943    1.144
  12.20    5.687    5.903    5.977   -1.582   -0.940    0.687   -1.582   -0.940   -0.646   -1.087    1.486    1.928    0.976
  12.30    5.095    5.280    5.363   -1.386   -0.938    0.095   -1.386   -0.938   -0.089   -0.131    1.300    1.405    0.655
  12.40    5.321    5.493    5.588   -1.364   -1.024    0.321   -1.364   -1.024   -0.329   -0.438    1.397    1.507    0.750
  12.50    5.504    5.565    5.685   -0.821   -1.159    0.504   -0.821   -1.159   -0.584   -0.414    0.951    1.135    0.595
  12.60    5.566    5.675    5.778   -1.105   -1.085    0.566   -1.105   -1.085   -0.614   -0.626    1.199    1.360    0.743
  12.70    5.217    5.347    5.436   -1.173   -0.981    0.217   -1.173   -0.981   -0.213   -0.255    1.150    1.192    0.598
  12.80    4.750    4.822    4.958   -0.831   -1.153   -0.250   -0.831   -1.153    0.289    0.208    0.959    1.042    0.511
  12.90    4.668    4.769    4.864   -0.977   -0.959   -0.332   -0.977   -0.959    0.319    0.325    0.937    0.993    0.521
  13.00    4.484    4.557    4.690   -0.815   -1.110   -0.516   -0.815   -1.110    0.573    0.421    0.905    1.082    0.576
  13.10    4.532    4.591    4.733   -0.734   -1.150   -0.468   -0.734   -1.150    0.538    0.344    0.844    1.040    0.529
  13.20    4.638    4.710    4.726   -0.819   -0.386   -0.362   -0.819   -0.386    0.140    0.296    0.317    0.476    0.228
  13.30    5.113    5.139    5.182   -0.517   -0.664    0.113   -0.517   -0.664   -0.075   -0.058    0.344    0.361    0.178
  13.40    4.881    4.915    4.953   -0.579   -0.615   -0.119   -0.579   -0.615    0.073    0.069    0.356    0.364    0.185
  13.50    4.837    4.867    4.901   -0.542   -0.576   -0.163   -0.542   -0.576    0.094    0.088    0.312    0.326    0.169
  13.60    5.098    5.116    5.124   -0.425   -0.283    0.098   -0.425   -0.283   -0.028   -0.042    0.120    0.135    0.065
  13.70    5.431    5.446    5.450   -0.399   -0.215    0.431   -0.399   -0.215   -0.093   -0.172    0.086    0.196    0.107
  13.80    5.496    5.497    5.505    0.075   -0.305    0.496    0.075   -0.305   -0.151    0.037   -0.023    0.172    0.079
  13.90    5.337    5.369    5.376    0.581   -0.274    0.337    0.581   -0.274   -0.092    0.196   -0.159    0.263    0.134
  14.00    5.545    5.586    5.598    0.675   -0.367    0.545    0.675   -0.367   -0.200    0.368   -0.248    0.444    0.243
  14.10    5.053    5.095    5.149    0.655   -0.743    0.053    0.655   -0.743   -0.039    0.035   -0.487    0.492    0.245
  14.20    4.847    4.881    4.918    0.572   -0.607   -0.153    0.572   -0.607    0.093   -0.087   -0.347    0.359    0.185
  14.30    4.828    4.856    4.879    0.526   -0.470   -0.172    0.526   -0.470    0.081   -0.091   -0.247    0.264    0.138
  14.40    4.779    4.801    4.834    0.460   -0.563   -0.221    0.460   -0.563    0.125   -0.102   -0.259    0.289    0.152
  14.50    4.672    4.688    4.697    0.390   -0.282   -0.328    0.390   -0.282    0.092   -0.128   -0.110    0.169    0.096
  14.60    4.828    4.860    4.864    0.558   -0.192   -0.172    0.558   -0.192    0.033   -0.096   -0.107    0.189    0.074
  14.70    4.292    4.343    4.350    0.669   -0.241   -0.708    0.669   -0.241    0.170   -0.474   -0.161    0.503    0.264
  14.80    4.089    4.114    4.115    0.456   -0.096   -0.911    0.456   -0.096    0.087   -0.415   -0.044    0.523    0.213
  14.90    4.316    4.404    4.407    0.878    0.163   -0.684    0.878    0.163   -0.112   -0.601    0.143    0.633    0.314
  15.00    4.456    4.525    4.560    0.786    0.567   -0.544    0.786    0.567   -0.309   -0.428    0.446    0.618    0.345
  15.10    4.489    4.522    4.527    0.539    0.213   -0.511    0.539    0.213   -0.109   -0.275    0.115    0.298    0.159
  15.20    4.807    4.812    4.819    0.210   -0.261   -0.193    0.210   -0.261    0.050   -0.040   -0.055    0.075    0.042
  15.30    5.002    5.027    5.059    0.504   -0.574    0.002    0.504   -0.574   -0.001    0.001   -0.289    0.291    0.144
  15.40    4.897    4.935    4.952    0.608   -0.414   -0.103    0.608   -0.414    0.043   -0.063   -0.252    0.276    0.132
  15.50    4.849    4.934    4.970    0.913   -0.591   -0.151    0.913   -0.591    0.089   -0.138   -0.540    0.603    0.282
  15.60    4.741    4.838    4.875    0.961   -0.603   -0.259    0.961   -0.603    0.156   -0.248   -0.579    0.677    0.325
  15.70    4.999    5.039    5.062    0.632   -0.485   -0.001    0.632   -0.485    0.000   -0.001   -0.306    0.317    0.153
  15.80    5.157    5.289    5.314    1.177   -0.511    0.157    1.177   -0.511   -0.080    0.184   -0.602    0.835    0.317
  15.90    4.851    4.940    4.999    0.933   -0.762   -0.149    0.933   -0.762    0.113   -0.139   -0.711    0.737    0.367
  16.00    5.014    5.068    5.111    0.739   -0.666    0.014    0.739   -0.666   -0.009    0.010   -0.492    0.495    0.246
  16.10    5.113    5.217    5.250    1.034   -0.590    0.113    1.034   -0.590   -0.067    0.117   -0.610    0.715    0.312
  16.20    5.204    5.278    5.302    0.880   -0.511    0.204    0.880   -0.511   -0.104    0.179   -0.450    0.539    0.248
  16.30    5.588    5.640    5.662    0.767   -0.497    0.588    0.767   -0.497   -0.292    0.451   -0.381    0.591    0.329
  16.40    5.530    5.575    5.577    0.702   -0.150    0.530    0.702   -0.150   -0.079    0.372   -0.105    0.398    0.197
  16.50    5.347    5.367    5.367    0.463   -0.009    0.347    0.463   -0.009   -0.003    0.160   -0.004    0.167    0.080
  16.60    5.514    5.517    5.517    0.201    0.020    0.514    0.201    0.020    0.010    0.103    0.004    0.152    0.052
  16.70    4.977    4.989    5.005    0.355    0.389   -0.023    0.355    0.389   -0.009   -0.008    0.138    0.139    0.069
  16.80    5.009    5.018    5.018    0.286   -0.067    0.009    0.286   -0.067   -0.001    0.003   -0.019    0.043    0.010
  16.90    5.038    5.076    5.102    0.620   -0.513    0.038    0.620   -0.513   -0.020    0.024   -0.318    0.324    0.160
  17.00    4.943    4.974    4.978    0.550   -0.201   -0.057    0.550   -0.201    0.011   -0.031   -0.110    0.173    0.058
  17.10    5.324    5.335    5.340    0.350   -0.233    0.324    0.350   -0.233   -0.076    0.113   -0.082    0.141    0.079
  17.20    5.585    5.589    5.589    0.209   -0.069    0.585    0.209   -0.069   -0.040    0.122   -0.014    0.195    0.065
  17.30    5.374    5.374    5.378   -0.022   -0.206    0.374   -0.022   -0.206   -0.077   -0.008    0.005    0.091    0.039
  17.40    5.361    5.377    5.388    0.408   -0.343    0.361    0.408   -0.343   -0.124    0.147   -0.140    0.207    0.119
  17.50    5.447    5.480    5.537    0.600   -0.792    0.447    0.600   -0.792   -0.354    0.268   -0.475    0.594    0.325
  17.60    5.465    5.471    5.510    0.247   -0.656    0.465    0.247   -0.656   -0.305    0.115   -0.162    0.354    0.182
  17.70    5.595    5.595    5.600    0.044   -0.236    0.595    0.044   -0.236   -0.141    0.026   -0.010    0.206    0.072
  17.80    5.613    5.614    5.624    0.115   -0.339    0.613    0.115   -0.339   -0.208    0.071   -0.039    0.252    0.112
  17.90    5.553    5.553    5.554   -0.036   -0.050    0.553   -0.036   -0.050   -0.028   -0.020    0.002    0.155    0.017
  18.00    5.886    5.888    5.892   -0.154   -0.209    0.886   -0.154   -0.209   -0.185   -0.137    0.032    0.427    0.116
  18.10    5.952    5.975    5.976   -0.522   -0.086    0.952   -0.522   -0.086   -0.082   -0.497    0.045    0.594    0.253
  18.20    6.054    6.062    6.062   -0.308   -0.008    1.054   -0.308   -0.008   -0.009   -0.324    0.003    0.603    0.162
  18.30    6.042    6.045    6.049   -0.176   -0.226    1.042   -0.176   -0.226   -0.236   -0.184    0.040    0.584    0.151
  18.40    5.822    5.837    5.848   -0.423   -0.358    0.822   -0.423   -0.358   -0.294   -0.348    0.151    0.491    0.240
  18.50    5.899    5.914    5.917   -0.410   -0.209    0.899   -0.410   -0.209   -0.188   -0.369    0.086    0.511    0.211
  18.60    5.656    5.683    5.684   -0.551    0.090    0.656   -0.551    0.090    0.059   -0.361   -0.049    0.371    0.185
  18.70    5.368    5.391    5.391   -0.490   -0.025    0.368   -0.490   -0.025   -0.009   -0.180    0.012    0.188    0.091
  18.80    5.375    5.378    5.379   -0.186   -0.090    0.375   -0.186   -0.090   -0.034   -0.070    0.017    0.092    0.040
  18.90    5.533    5.536    5.540    0.164    0.217    0.533    0.164    0.217    0.116    0.088    0.036    0.179    0.075
  19.00    5.700    5.721    5.740   -0.490   -0.471    0.700   -0.490   -0.471   -0.330   -0.343    0.231    0.476    0.264
  19.10    5.947    5.955    5.978   -0.309   -0.516    0.947   -0.309   -0.516   -0.489   -0.293    0.160    0.630    0.296
  19.20    6.146    6.218    6.263   -0.945   -0.752    1.146   -0.945   -0.752   -0.862   -1.083    0.711    1.386    0.778
  19.30    6.053    6.164    6.262   -1.167   -1.104    1.053   -1.167   -1.104   -1.162   -1.228    1.289    1.845    1.063
  19.40    6.182    6.281    6.374   -1.112   -1.085    1.182   -1.112   -1.085   -1.283   -1.315    1.207    1.906    1.099
  19.50    6.303    6.453    6.526   -1.383   -0.972    1.303   -1.383   -0.972   -1.267   -1.803    1.344    2.278    1.290
  19.60    5.985    6.048    6.079   -0.871   -0.612    0.985   -0.871   -0.612   -0.602   -0.858    0.533    1.051    0.588
  19.70    5.827    5.876    5.899   -0.756   -0.521    0.827   -0.756   -0.521   -0.431   -0.625    0.394    0.763    0.428
  19.80    5.658    5.769    5.791   -1.124   -0.510    0.658   -1.124   -0.510   -0.336   -0.740    0.573    0.978    0.497
  19.90    5.687    5.808    5.833   -1.178   -0.539    0.687   -1.178   -0.539   -0.370   -0.809    0.635    1.075    0.547
  20.00    5.875    5.996    5.996   -1.198   -0.017    0.875   -1.198   -0.017   -0.014   -1.049    0.020    1.101    0.525
  20.10    5.806    5.937    5.941   -1.240    0.199    0.806   -1.240    0.199    0.160   -1.000   -0.247    1.114    0.521
  20.20    6.183    6.267    6.267   -1.020    0.020    1.183   -1.020    0.020    0.024   -1.207   -0.020    1.221    0.604
  20.30    6.224    6.282    6.282   -0.849    0.034    1.224   -0.849    0.034    0.041   -1.039   -0.028    1.110    0.520
  20.40    5.760    5.855    5.855   -1.048    0.079    0.760   -1.048    0.079    0.060   -0.797   -0.083    0.842    0.402
  20.50    5.736    5.805    5.819   -0.892   -0.405    0.736   -0.892   -0.405   -0.298   -0.656    0.361    0.750    0.403
  20.60    5.937    5.954    5.969   -0.454   -0.425    0.937   -0.454   -0.425   -0.398   -0.425    0.193    0.632    0.307
  20.70    5.929    5.935    5.947   -0.284   -0.375    0.929   -0.284   -0.375   -0.348   -0.264    0.107    0.542    0.225
  20.80    5.919    5.945    5.964   -0.552   -0.481    0.919   -0.552   -0.481   -0.442   -0.507    0.265    0.690    0.362
  20.90    5.710    5.769    5.798   -0.822   -0.577    0.710   -0.822   -0.577   -0.409   -0.584    0.474    0.756    0.428
  21.00    5.813    5.816    5.838   -0.193   -0.503    0.813   -0.193   -0.503   -0.409   -0.157    0.097    0.476    0.225
  21.10    5.779    5.787    5.832   -0.302   -0.723    0.779   -0.302   -0.723   -0.564   -0.235    0.218    0.611    0.324
  21.20    5.791    5.804    5.866   -0.381   -0.852    0.791   -0.381   -0.852   -0.674   -0.302    0.325    0.749    0.404
  21.30    5.960    5.977    6.060   -0.458   -0.996    0.960   -0.458   -0.996   -0.956   -0.440    0.457    1.062    0.574
  21.40    6.045    6.062    6.093   -0.448   -0.622    1.045   -0.448   -0.622   -0.650   -0.468    0.279    0.840    0.424
  21.50    5.671    5.705    5.733   -0.620   -0.575    0.671   -0.620   -0.575   -0.386   -0.416    0.356    0.582    0.335
  21.60    5.752    5.777    5.803   -0.537   -0.554    0.752   -0.537   -0.554   -0.417   -0.403    0.297    0.580    0.326
  21.70    6.118    6.171    6.172   -0.808    0.114    1.118   -0.808    0.114    0.127   -0.903   -0.092    0.958    0.458
  21.80    5.968    6.006    6.006   -0.677    0.041    0.968   -0.677    0.041    0.040   -0.655   -0.028    0.698    0.328
  21.90    5.621    5.675    5.678   -0.781   -0.181    0.621   -0.781   -0.181   -0.113   -0.485    0.142    0.514    0.259
  22.00    5.465    5.547    5.582   -0.949   -0.620    0.465   -0.949   -0.620   -0.289   -0.442    0.589    0.751    0.395
  22.10    5.171    5.250    5.272   -0.909   -0.478    0.171   -0.909   -0.478   -0.082   -0.155    0.434    0.542    0.234
  22.20    4.685    4.815    4.834   -1.114   -0.423   -0.315   -1.114   -0.423    0.133    0.351    0.472    0.760    0.302
  22.30    4.862    4.920    4.967   -0.750   -0.681   -0.138   -0.750   -0.681    0.094    0.103    0.511    0.523    0.265
  22.40    5.081    5.179    5.260   -1.003   -0.920    0.081   -1.003   -0.920   -0.075   -0.081    0.923    0.929    0.465
  22.50    4.852    4.946    5.079   -0.956   -1.157   -0.148   -0.956   -1.157    0.171    0.141    1.106    1.137    0.564
  22.60    4.499    4.605    4.654   -0.983   -0.669   -0.501   -0.983   -0.669    0.335    0.492    0.658    0.832    0.444
  22.70    4.382    4.497    4.530   -1.012   -0.549   -0.618   -1.012   -0.549    0.339    0.625    0.555    0.853    0.451
  22.80    4.578    4.595    4.682   -0.394   -0.894   -0.422   -0.394   -0.894    0.377    0.166    0.352    0.566    0.271
  22.90    4.550    4.567    4.692   -0.385   -1.075   -0.450   -0.385   -1.075    0.484    0.173    0.414    0.753    0.330
  23.00    4.327    4.358    4.482   -0.518   -1.046   -0.673   -0.518   -1.046    0.704    0.349    0.543    0.908    0.477
  23.10    4.426    4.445    4.582   -0.410   -1.114   -0.574   -0.410   -1.114    0.640    0.235    0.457    0.869    0.410
  23.20    4.856    4.859    5.036   -0.160   -1.325   -0.144   -0.160   -1.325    0.191    0.023    0.212    0.901    0.143
  23.30    4.993    5.016    5.198   -0.478   -1.363   -0.007   -0.478   -1.363    0.009    0.003    0.652    1.044    0.326
  23.40    4.832    4.849    5.152   -0.400   -1.741   -0.168   -0.400   -1.741    0.292    0.067    0.697    1.610    0.379
  23.50    5.057    5.089    5.394   -0.572   -1.788    0.057   -0.572   -1.788   -0.102   -0.033    1.023    1.764    0.514
  23.60    4.785    4.847    5.180   -0.772   -1.827   -0.215   -0.772   -1.827    0.392    0.166    1.410    1.990    0.737
  23.70    4.821    4.848    5.242   -0.513   -1.995   -0.179   -0.513   -1.995    0.358    0.092    1.024    2.138    0.544
  23.80    4.979    4.982    5.279   -0.163   -1.748   -0.021   -0.163   -1.748    0.037    0.003    0.286    1.541    0.144
  23.90    4.896    4.902    5.075    0.247   -1.313   -0.104    0.247   -1.313    0.137   -0.026   -0.325    0.898    0.177
  24.00    4.980    4.983    5.241    0.186   -1.622   -0.020    0.186   -1.622    0.033   -0.004   -0.302    1.333    0.152
  24.10    4.959    4.973    5.222    0.378   -1.593   -0.041    0.378   -1.593    0.066   -0.016   -0.602    1.340    0.303
  24.20    5.010    5.015    5.196    0.230   -1.359    0.010    0.230   -1.359   -0.014    0.002   -0.313    0.949    0.157
  24.30    5.000    5.012    5.258    0.356   -1.588   -0.000    0.356   -1.588    0.001   -0.000   -0.565    1.324    0.282
  24.40    4.928    4.940    5.188    0.353   -1.586   -0.072    0.353   -1.586    0.115   -0.026   -0.560    1.322    0.286
  24.50    4.736    4.769    4.939    0.566   -1.284   -0.264    0.566   -1.284    0.339   -0.150   -0.726    1.019    0.408
  24.60    4.700    4.718    4.845    0.401   -1.106   -0.300    0.401   -1.106    0.331   -0.120   -0.444    0.737    0.283
  24.70    4.926    4.950    5.073    0.492   -1.109   -0.074    0.492   -1.109    0.083   -0.037   -0.546    0.739    0.277
  24.80    4.775    4.792    4.974    0.392   -1.335   -0.225    0.392   -1.335    0.300   -0.088   -0.523    0.993    0.305
  24.90    4.715    4.715    4.943    0.014   -1.482   -0.285    0.014   -1.482    0.422   -0.004   -0.021    1.139    0.211
  25.00    4.576    4.580    4.839    0.194   -1.561   -0.424    0.194   -1.561    0.662   -0.082   -0.302    1.327    0.366
  25.10    4.454    4.464    4.680    0.305   -1.405   -0.546    0.305   -1.405    0.768   -0.167   -0.428    1.182    0.447
  25.20    4.171    4.186    4.309    0.348   -1.024   -0.829    0.348   -1.024    0.849   -0.289   -0.357    0.929    0.482
  25.30    4.574    4.582    4.671    0.270   -0.909   -0.426    0.270   -0.909    0.387   -0.115   -0.245    0.541    0.236
  25.40    4.742    4.742    4.866   -0.041   -1.094   -0.258   -0.041   -1.094    0.283    0.010    0.044    0.632    0.143
  25.50    5.158    5.161    5.448   -0.182   -1.744    0.158   -0.182   -1.744   -0.275   -0.029    0.317    1.550    0.210
  25.60    5.200    5.221    5.371   -0.464   -1.263    0.200   -0.464   -1.263   -0.252   -0.093    0.586    0.925    0.322
  25.70    5.313    5.348    5.498   -0.610   -1.272    0.313   -0.610   -1.272   -0.399   -0.191    0.776    1.044    0.447
  25.80    5.470    5.489    5.647   -0.462   -1.327    0.470   -0.462   -1.327   -0.623   -0.217    0.613    1.097    0.450
  25.90    5.394    5.454    5.534   -0.807   -0.937    0.394   -0.807   -0.937   -0.369   -0.318    0.756    0.843    0.450
  26.00    5.338    5.412    5.464   -0.891   -0.751    0.338   -0.891   -0.751   -0.254   -0.301    0.669    0.736    0.388
  26.10    5.728    5.829    5.849   -1.081   -0.487    0.728   -1.081   -0.487   -0.355   -0.787    0.527    0.968    0.506
  26.20    5.833    5.887    5.922   -0.797   -0.634    0.833   -0.797   -0.634   -0.529   -0.664    0.505    0.866    0.494
  26.30    6.064    6.075    6.084   -0.364   -0.338    1.064   -0.364   -0.338   -0.360   -0.387    0.123    0.689    0.271
  26.40    6.369    6.412    6.417   -0.745   -0.251    1.369   -0.745   -0.251   -0.343   -1.019    0.187    1.246    0.546
  26.50    6.607    6.650    6.671   -0.760   -0.525    1.607   -0.760   -0.525   -0.844   -1.220    0.399    1.717    0.768
  26.60    6.263    6.273    6.302   -0.354   -0.606    1.263   -0.354   -0.606   -0.766   -0.447    0.215    1.044    0.456
  26.70    6.185    6.194    6.221   -0.343   -0.580    1.185   -0.343   -0.580   -0.688   -0.406    0.199    0.929    0.412
  26.80    6.228    6.228    6.230   -0.009   -0.169    1.228   -0.009   -0.169   -0.207   -0.011    0.002    0.768    0.104
  26.90    5.929    5.947    5.951   -0.460   -0.222    0.929   -0.460   -0.222   -0.206   -0.428    0.102    0.562    0.243
  27.00    5.526    5.562    5.578   -0.632   -0.426    0.526   -0.632   -0.426   -0.224   -0.333    0.270    0.429    0.242
  27.10    5.731    5.745    5.767   -0.394   -0.505    0.731   -0.394   -0.505   -0.369   -0.288    0.199    0.473    0.254
  27.20    5.593    5.595    5.638   -0.159   -0.691    0.593   -0.159   -0.691   -0.410   -0.094    0.110    0.428    0.217
  27.30    5.438    5.446    5.455   -0.298   -0.319    0.438   -0.298   -0.319   -0.139   -0.131    0.095    0.191    0.107
  27.40    5.175    5.240    5.240   -0.819   -0.017    0.175   -0.819   -0.017   -0.003   -0.143    0.014    0.351    0.072
  27.50    5.281    5.347    5.376   -0.839   -0.560    0.281   -0.839   -0.560   -0.157   -0.236    0.470    0.549    0.275
  27.60    5.267    5.324    5.330   -0.783   -0.243    0.267   -0.783   -0.243   -0.065   -0.209    0.190    0.372    0.145
  27.70    5.227    5.333    5.340   -1.057   -0.273    0.227   -1.057   -0.273   -0.062   -0.240    0.288    0.621    0.190
  27.80    5.367    5.587    5.594   -1.554   -0.279    0.367   -1.554   -0.279   -0.102   -0.570    0.434    1.313    0.362
  27.90    5.212    5.422    5.429   -1.493   -0.289    0.212   -1.493   -0.289   -0.061   -0.316    0.431    1.179    0.269
  28.00    5.252    5.489    5.489   -1.595   -0.046    0.252   -1.595   -0.046   -0.012   -0.402    0.073    1.305    0.204
  28.10    5.086    5.366    5.367   -1.713   -0.054    0.086   -1.713   -0.054   -0.005   -0.147    0.093    1.472    0.087
  28.20    5.098    5.295    5.296   -1.430   -0.135    0.098   -1.430   -0.135   -0.013   -0.140    0.193    1.037    0.119
  28.30    4.931    5.062    5.062   -1.143    0.066   -0.069   -1.143    0.066   -0.005    0.079   -0.075    0.658    0.055
  28.40    4.935    5.082    5.102   -1.217    0.446   -0.065   -1.217    0.446   -0.029    0.080   -0.542    0.841    0.274
  28.50    5.158    5.251    5.251   -0.985    0.029    0.158   -0.985    0.029    0.005   -0.155   -0.029    0.498    0.079
  28.60    4.852    4.960    4.964   -1.029   -0.203   -0.148   -1.029   -0.203    0.030    0.152    0.209    0.561    0.130
  28.70    4.646    4.704    4.704   -0.741    0.025   -0.354   -0.741    0.025   -0.009    0.263   -0.019    0.338    0.132
  28.80    4.536    4.579    4.595   -0.623   -0.378   -0.464   -0.623   -0.378    0.175    0.289    0.235    0.373    0.206
  28.90    4.570    4.599    4.606   -0.519   -0.245   -0.430   -0.519   -0.245    0.105    0.223    0.127    0.257    0.139
  29.00    5.017    5.026    5.043   -0.302   -0.415    0.017   -0.302   -0.415   -0.007   -0.005    0.125    0.132    0.063
  29.10    5.371    5.372    5.421   -0.116   -0.730    0.371   -0.116   -0.730   -0.271   -0.043    0.085    0.342    0.143
  29.20    5.333    5.342    5.403   -0.304   -0.814    0.333   -0.304   -0.814   -0.271   -0.101    0.247    0.433    0.190
  29.30    5.349    5.350    5.362    0.088   -0.367    0.349    0.088   -0.367   -0.128    0.031   -0.032    0.132    0.068
  29.40    5.307    5.307    5.313   -0.001   -0.239    0.307   -0.001   -0.239   -0.073   -0.000    0.000    0.076    0.037
  29.50    5.765    5.767    5.768   -0.150    0.120    0.765   -0.150    0.120    0.092   -0.114   -0.018    0.311    0.074
  29.60    5.506    5.528    5.528   -0.489   -0.001    0.506   -0.489   -0.001   -0.000   -0.248    0.000    0.248    0.124
  29.70    5.577    5.577    5.586   -0.022   -0.311    0.577   -0.022   -0.311   -0.179   -0.013    0.007    0.215    0.090
  29.80    5.531    5.539    5.544   -0.297   -0.251    0.531   -0.297   -0.251   -0.133   -0.157    0.074    0.216    0.110
  29.90    5.661    5.689    5.694   -0.562   -0.237    0.661   -0.562   -0.237   -0.157   -0.372    0.133    0.405    0.212
  30.00    5.769    5.805    5.810   -0.646   -0.247    0.769   -0.646   -0.247   -0.190   -0.496    0.160    0.534    0.277
  30.10    5.773    5.780    5.781   -0.283   -0.083    0.773   -0.283   -0.083   -0.064   -0.219    0.023    0.342    0.115
  30.20    5.481    5.547    5.564   -0.851    0.438    0.481   -0.851    0.438    0.211   -0.410   -0.373    0.574    0.296
  30.30    4.833    4.911    4.924   -0.870    0.362   -0.167   -0.870    0.362   -0.060    0.145   -0.315    0.458    0.176
  30.40    5.062    5.177    5.226   -1.085    0.712    0.062   -1.085    0.712    0.044   -0.068   -0.773    0.845    0.389
  30.50    4.892    4.994    5.078   -1.002    0.923   -0.108   -1.002    0.923   -0.099    0.108   -0.925    0.934    0.468
  30.60    4.664    4.702    4.783   -0.600    0.876   -0.336   -0.600    0.876   -0.294    0.202   -0.526    0.620    0.318
  30.70    4.773    4.774    4.884   -0.078    1.034   -0.227   -0.078    1.034   -0.235    0.018   -0.080    0.564    0.124
  30.80    4.726    4.740    4.842   -0.359    0.988   -0.274   -0.359    0.988   -0.270    0.098   -0.355    0.590    0.228
  30.90    4.524    4.526    4.588    0.130    0.753   -0.476    0.130    0.753   -0.358   -0.062    0.098    0.405    0.188
  31.00    4.795    4.799    4.932    0.175    1.141   -0.205    0.175    1.141   -0.233   -0.036    0.200    0.688    0.155
  31.10    5.154    5.156    5.258    0.138    1.030    0.154    0.138    1.030    0.159    0.021    0.142    0.552    0.107
  31.20    4.997    4.999    5.045    0.149    0.679   -0.003    0.149    0.679   -0.002   -0.000    0.101    0.242    0.051
  31.30    4.842    4.843    4.898   -0.108    0.731   -0.158   -0.108    0.731   -0.116    0.017   -0.079    0.286    0.071
  31.40    5.070    5.071    5.135   -0.030    0.810    0.070   -0.030    0.810    0.057   -0.002   -0.024    0.331    0.031
  31.50    4.950    4.950    5.013   -0.028    0.792   -0.050   -0.028    0.792   -0.040    0.001   -0.022    0.315    0.023
  31.60    5.149    5.156    5.207    0.257    0.727    0.149    0.257    0.727    0.109    0.038    0.187    0.309    0.110
  31.70    5.314    5.338    5.442    0.507    1.060    0.314    0.507    1.060    0.333    0.159    0.537    0.740    0.326
  31.80    4.923    4.928    5.014    0.221    0.926   -0.077    0.221    0.926   -0.071   -0.017    0.205    0.456    0.109
  31.90    5.158    5.158    5.240    0.013    0.923    0.158    0.013    0.923    0.146    0.002    0.012    0.439    0.073
  32.00    5.492    5.493    5.546   -0.051    0.765    0.492   -0.051    0.765    0.377   -0.025   -0.039    0.415    0.190
  32.10    5.871    5.872    5.918   -0.097    0.738    0.871   -0.097    0.738    0.643   -0.085   -0.072    0.657    0.326
  32.20    5.749    5.749    5.774   -0.042    0.536    0.749   -0.042    0.536    0.401   -0.032   -0.023    0.425    0.201
  32.30    5.988    5.990    6.052    0.131    0.870    0.988    0.131    0.870    0.860    0.129    0.114    0.875    0.438
  32.40    5.985    5.993    6.091    0.311    1.090    0.985    0.311    1.090    1.073    0.307    0.339    1.127    0.583
  32.50    6.004    6.006    6.070   -0.135    0.882    1.004   -0.135    0.882    0.886   -0.135   -0.119    0.902    0.452
  32.60    5.684    5.697    5.785   -0.374    1.010    0.684   -0.374    1.010    0.691   -0.256   -0.378    0.814    0.414
  32.70    5.407    5.414    5.488   -0.265    0.897    0.407   -0.265    0.897    0.365   -0.108   -0.238    0.520    0.225
  32.80    5.433    5.435    5.559    0.170    1.164    0.433    0.170    1.164    0.504    0.074    0.198    0.785    0.273
  32.90    5.538    5.538    5.610    0.099    0.892    0.538    0.099    0.892    0.480    0.053    0.088    0.547    0.245
  33.00    5.949    5.952    6.068   -0.195    1.181    0.949   -0.195    1.181    1.120   -0.185   -0.230    1.166    0.579
  33.10    6.042    6.043    6.099   -0.127    0.820    1.042   -0.127    0.820    0.854   -0.132   -0.104    0.887    0.435
  33.20    5.939    5.939    6.000   -0.036    0.850    0.939   -0.036    0.850    0.798   -0.034   -0.031    0.803    0.400
  33.30    5.831    5.831    5.886   -0.083    0.803    0.831   -0.083    0.803    0.667   -0.069   -0.067    0.671    0.337
  33.40    5.720    5.724    5.762   -0.227    0.654    0.720   -0.227    0.654    0.471   -0.163   -0.148    0.499    0.260
  33.50    5.717    5.717    5.747   -0.078    0.581    0.717   -0.078    0.581    0.416   -0.056   -0.045    0.429    0.211
  33.60    5.487    5.493    5.536   -0.252    0.696    0.487   -0.252    0.696    0.339   -0.123   -0.175    0.392    0.200
  33.70    5.531    5.538    5.565   -0.277    0.554    0.531   -0.277    0.554    0.294   -0.147   -0.154    0.333    0.182
  33.80    5.226    5.255    5.283   -0.550    0.543    0.226   -0.550    0.543    0.123   -0.125   -0.299    0.324    0.173
  33.90    5.052    5.055    5.109   -0.165    0.742    0.052   -0.165    0.742    0.039   -0.009   -0.122    0.290    0.064
  34.00    4.791    4.795    4.880   -0.204    0.906   -0.209   -0.204    0.906   -0.190    0.043   -0.185    0.453    0.134
  34.10    5.138    5.150    5.183   -0.364    0.577    0.138   -0.364    0.577    0.079   -0.050   -0.210    0.242    0.115
  34.20    5.428    5.428    5.462    0.015    0.603    0.428    0.015    0.603    0.258    0.006    0.009    0.273    0.129
  34.30    4.968    4.970    4.982   -0.120    0.354   -0.032   -0.120    0.354   -0.011    0.004   -0.042    0.070    0.022
  34.40    4.922    4.924    4.927   -0.108    0.180   -0.078   -0.108    0.180   -0.014    0.008   -0.019    0.025    0.013
  34.50    4.917    4.926    4.933   -0.307    0.252   -0.083   -0.307    0.252   -0.021    0.025   -0.077    0.082    0.042
  34.60    4.939    4.941    4.941   -0.147   -0.043   -0.061   -0.147   -0.043    0.003    0.009    0.006    0.014    0.006
  34.70    4.872    4.872    4.873   -0.020   -0.083   -0.128   -0.020   -0.083    0.011    0.003    0.002    0.012    0.006
  34.80    5.017    5.033    5.034   -0.405   -0.099    0.017   -0.405   -0.099   -0.002   -0.007    0.040    0.087    0.020
  34.90    5.376    5.384    5.384   -0.292    0.045    0.376   -0.292    0.045    0.017   -0.110   -0.013    0.114    0.056
  35.00    5.254    5.264    5.272    0.319    0.290    0.254    0.319    0.290    0.074    0.081    0.092    0.125    0.072
  35.10    5.508    5.534    5.550    0.531    0.423    0.508    0.531    0.423    0.215    0.270    0.224    0.359    0.206
  35.20    5.752    5.790    5.806    0.664    0.431    0.752    0.664    0.431    0.324    0.499    0.286    0.596    0.330
  35.30    5.748    5.760    5.788    0.371    0.562    0.748    0.371    0.562    0.420    0.277    0.208    0.507    0.273
  35.40    5.972    5.972    5.979    0.079    0.287    0.972    0.079    0.287    0.279    0.076    0.023    0.517    0.145
  35.50    6.051    6.051    6.051   -0.007    0.102    1.051   -0.007    0.102    0.107   -0.007   -0.001    0.557    0.054
  35.60    6.036    6.040    6.041    0.223    0.063    1.036    0.223    0.063    0.065    0.231    0.014    0.564    0.120
  35.70    5.991    5.994    6.003    0.198   -0.326    0.991    0.198   -0.326   -0.323    0.196   -0.064    0.563    0.191
  35.80    5.726    5.729    5.729   -0.193    0.002    0.726   -0.193    0.002    0.001   -0.140   -0.000    0.282    0.070
  35.90    5.123    5.123    5.124    0.001    0.107    0.123    0.001    0.107    0.013    0.000    0.000    0.013    0.007
  36.00    5.056    5.056    5.076   -0.041    0.445    0.056   -0.041    0.445    0.025   -0.002   -0.018    0.101    0.015
  36.10    5.240    5.241    5.247    0.126    0.250    0.240    0.126    0.250    0.060    0.030    0.032    0.068    0.037
  36.20    5.104    5.129    5.136    0.513   -0.260    0.104    0.513   -0.260   -0.027    0.053   -0.133    0.171    0.073
  36.30    5.289    5.304    5.304    0.391   -0.017    0.289    0.391   -0.017   -0.005    0.113   -0.006    0.118    0.057
  36.40    5.165    5.194    5.194    0.544   -0.015    0.165    0.544   -0.015   -0.002    0.090   -0.008    0.162    0.045
  36.50    5.108    5.157    5.157    0.709   -0.068    0.108    0.709   -0.068   -0.007    0.076   -0.048    0.260    0.045
  36.60    5.033    5.038    5.039    0.233   -0.097    0.033    0.233   -0.097   -0.003    0.008   -0.023    0.032    0.012
  36.70    5.025    5.055    5.066    0.545   -0.345    0.025    0.545   -0.345   -0.009    0.014   -0.188    0.208    0.094
  36.80    4.628    4.635    4.641    0.254   -0.239   -0.372    0.254   -0.239    0.089   -0.095   -0.061    0.130    0.072
  36.90    4.684    4.691    4.706   -0.257    0.369   -0.316   -0.257    0.369   -0.117    0.081   -0.095    0.151    0.086
  37.00    4.698    4.716    4.735   -0.416    0.419   -0.302   -0.416    0.419   -0.127    0.126   -0.174    0.220    0.125
  37.10    5.042    5.060    5.086   -0.422    0.511    0.042   -0.422    0.511    0.022   -0.018   -0.216    0.221    0.109
  37.20    5.261    5.273    5.297   -0.358    0.500    0.261   -0.358    0.500    0.130   -0.093   -0.179    0.223    0.120
  37.30    4.768    4.769    4.857    0.039    0.922   -0.232    0.039    0.922   -0.213   -0.009    0.036    0.452    0.108
  37.40    4.597    4.599    4.666   -0.133    0.788   -0.403   -0.133    0.788   -0.317    0.054   -0.105    0.400    0.169
  37.50    4.707    4.713    4.777   -0.231    0.777   -0.293   -0.231    0.777   -0.227    0.068   -0.179    0.371    0.149
  37.60    4.747    4.759    4.782   -0.334    0.473   -0.253   -0.334    0.473   -0.120    0.084   -0.158    0.199    0.108
  37.70    4.742    4.747    4.801   -0.226    0.716   -0.258   -0.226    0.716   -0.185    0.059   -0.162    0.316    0.126
  37.80    4.555    4.557    4.755   -0.121    1.358   -0.445   -0.121    1.358   -0.604    0.054   -0.164    1.028    0.314
  37.90    4.450    4.450    4.500    0.057    0.664   -0.550    0.057    0.664   -0.365   -0.031    0.038    0.373    0.184
  38.00    4.175    4.175    4.210   -0.031    0.541   -0.825   -0.031    0.541   -0.446    0.026   -0.017    0.487    0.224
  38.10    4.022    4.038    4.043   -0.351    0.208   -0.978   -0.351    0.208   -0.204    0.343   -0.073    0.561    0.203
  38.20    3.938    3.980    3.980   -0.573    0.066   -1.062   -0.573    0.066   -0.070    0.608   -0.038    0.730    0.307
  38.30    4.107    4.162    4.162   -0.674    0.067   -0.893   -0.674    0.067   -0.060    0.602   -0.045    0.628    0.303
  38.40    4.370    4.580    4.586   -1.372   -0.226   -0.630   -1.372   -0.226    0.142    0.865    0.310    1.166    0.465
  38.50    4.345    4.482    4.528   -1.099   -0.640   -0.655   -1.099   -0.640    0.419    0.719    0.703    1.023    0.545
  38.60    4.162    4.244    4.340   -0.830   -0.905   -0.838   -0.830   -0.905    0.758    0.695    0.751    1.104    0.637
  38.70    4.416    4.455    4.462   -0.591   -0.244   -0.584   -0.591   -0.244    0.143    0.345    0.144    0.375    0.200
  38.80    4.718    4.729    4.756   -0.330   -0.498   -0.282   -0.330   -0.498    0.141    0.093    0.164    0.218    0.118
  38.90    4.626    4.669    4.767   -0.626   -0.961   -0.374   -0.626   -0.961    0.359    0.234    0.602    0.728    0.370
  39.00    4.478    4.543    4.590   -0.764   -0.657   -0.522   -0.764   -0.657    0.343    0.399    0.502    0.644    0.363
  39.10    4.321    4.331    4.425   -0.298   -0.907   -0.679   -0.298   -0.907    0.616    0.202    0.270    0.686    0.351
  39.20    4.494    4.544    4.721   -0.669   -1.281   -0.506   -0.669   -1.281    0.648    0.338    0.857    1.172    0.563
  39.30    4.561    4.597    4.728   -0.576   -1.104   -0.439   -0.576   -1.104    0.485    0.253    0.636    0.871    0.419
  39.40    4.283    4.286    4.391    0.165   -0.951   -0.717    0.165   -0.951    0.682   -0.118   -0.157    0.723    0.355
  39.50    4.337    4.339    4.492    0.139   -1.164   -0.663    0.139   -1.164    0.772   -0.092   -0.162    0.907    0.397
  39.60    4.361    4.364    4.480    0.178   -1.013   -0.639    0.178   -1.013    0.648   -0.114   -0.181    0.734    0.341
  39.70    4.600    4.619    4.692    0.417   -0.821   -0.400    0.417   -0.821    0.328   -0.166   -0.342    0.504    0.251
  39.80    4.348    4.357    4.432    0.270   -0.817   -0.652    0.270   -0.817    0.532   -0.176   -0.220    0.582    0.301
  39.90    4.524    4.538    4.563    0.347   -0.475   -0.476    0.347   -0.475    0.226   -0.165   -0.165    0.286    0.163
  40.00    4.523    4.590    4.642    0.784   -0.691   -0.477    0.784   -0.691    0.330   -0.375   -0.542    0.660    0.368
  40.10    4.473    4.495    4.498    0.449   -0.152   -0.527    0.449   -0.152    0.080   -0.237   -0.068    0.251    0.130
  40.20    4.683    4.724    4.738    0.622   -0.362   -0.317    0.622   -0.362    0.115   -0.197   -0.225    0.309    0.160
  40.30    4.748    4.799    4.815    0.700   -0.388   -0.252    0.700   -0.388    0.098   -0.177   -0.272    0.352    0.169
  40.40    4.870    4.979    5.040    1.034   -0.781   -0.130    1.034   -0.781    0.101   -0.134   -0.807    0.848    0.412
  40.50    5.004    5.090    5.121    0.927   -0.569    0.004    0.927   -0.569   -0.002    0.004   -0.528    0.592    0.264
  40.60    5.010    5.043    5.058    0.577   -0.395    0.010    0.577   -0.395   -0.004    0.006   -0.228    0.245    0.114
  40.70    4.658    4.689    4.701    0.538   -0.338   -0.342    0.538   -0.338    0.116   -0.184   -0.182    0.260    0.142
  40.80    4.481    4.542    4.550    0.740   -0.269   -0.519    0.740   -0.269    0.139   -0.384   -0.199    0.445    0.227
  40.90    4.491    4.587    4.588    0.933   -0.081   -0.509    0.933   -0.081    0.041   -0.475   -0.075    0.568    0.241
  41.00    4.596    4.599    4.600    0.153    0.082   -0.404    0.153    0.082   -0.033   -0.062    0.013    0.097    0.036
  41.10    4.333    4.336    4.343    0.164    0.243   -0.667    0.164    0.243   -0.162   -0.110    0.040    0.266    0.100
  41.20    4.454    4.456    4.468    0.146    0.318   -0.546    0.146    0.318   -0.174   -0.080    0.046    0.210    0.098
  41.30    4.310    4.312    4.324    0.138    0.318   -0.690    0.138    0.318   -0.220   -0.095    0.044    0.298    0.122
  41.40    4.316    4.352    4.361    0.558   -0.269   -0.684    0.558   -0.269    0.184   -0.382   -0.150    0.426    0.225
  41.50    4.797    4.815    4.815    0.413   -0.023   -0.203    0.413   -0.023    0.005   -0.084   -0.009    0.106    0.042
  41.60    4.834    4.834    4.834   -0.032   -0.032   -0.166   -0.032   -0.032    0.005    0.005    0.001    0.015    0.004
  41.70    4.550    4.555    4.564    0.211   -0.295   -0.450    0.211   -0.295    0.133   -0.095   -0.062    0.167    0.087
  41.80    4.574    4.576    4.577   -0.143   -0.104   -0.426   -0.143   -0.104    0.044    0.061    0.015    0.106    0.038
  41.90    4.637    4.645    4.648   -0.272   -0.160   -0.363   -0.272   -0.160    0.058    0.099    0.044    0.116    0.061
  42.00    5.425    5.439    5.439   -0.385   -0.045    0.425   -0.385   -0.045   -0.019   -0.163    0.017    0.165    0.083
  42.10    5.433    5.448    5.458   -0.402   -0.340    0.433   -0.402   -0.340   -0.147   -0.174    0.137    0.232    0.133
  42.20    4.968    4.973    4.988    0.239   -0.381   -0.032    0.239   -0.381    0.012   -0.008   -0.091    0.101    0.046
  42.30    5.036    5.065    5.074    0.536    0.307    0.036    0.536    0.307    0.011    0.020    0.165    0.192    0.083
  42.40    4.905    4.906    4.953    0.089    0.686   -0.095    0.089    0.686   -0.065   -0.008    0.061    0.243    0.045
  42.50    4.747    4.747    4.769   -0.020    0.460   -0.253   -0.020    0.460   -0.117    0.005   -0.009    0.138    0.059
  42.60    4.663    4.677    4.723   -0.367    0.659   -0.337   -0.367    0.659   -0.222    0.124   -0.242    0.341    0.175
  42.70    5.134    5.159    5.160    0.511    0.078    0.134    0.511    0.078    0.011    0.068    0.040    0.143    0.040
  42.80    5.256    5.290    5.304    0.603   -0.381    0.256    0.603   -0.381   -0.098    0.154   -0.230    0.287    0.147
  42.90    5.391    5.392    5.405    0.092   -0.382    0.391    0.092   -0.382   -0.149    0.036   -0.035    0.154    0.079
  43.00    5.045    5.046    5.052   -0.104   -0.245    0.045   -0.104   -0.245   -0.011   -0.005    0.026    0.036    0.014
  43.10    4.862    4.864    4.890    0.156   -0.507   -0.138    0.156   -0.507    0.070   -0.022   -0.079    0.150    0.054
  43.20    5.349    5.354    5.354    0.222   -0.047    0.349    0.222   -0.047   -0.016    0.077   -0.010    0.087    0.040
  43.30    5.404    5.408    5.418    0.216   -0.321    0.404    0.216   -0.321   -0.130    0.087   -0.069    0.157    0.086
  43.40    5.123    5.142    5.158    0.450   -0.393    0.123    0.450   -0.393   -0.048    0.055   -0.177    0.186    0.096
  43.50    5.028    5.063    5.115    0.590   -0.731    0.028    0.590   -0.731   -0.021    0.017   -0.431    0.441    0.216
  43.60    5.070    5.130    5.195    0.782   -0.814    0.070    0.782   -0.814   -0.057    0.055   -0.637    0.640    0.321
  43.70    5.072    5.090    5.180    0.426   -0.966    0.072    0.426   -0.966   -0.069    0.031   -0.412    0.560    0.209
  43.80    5.050    5.084    5.096    0.589   -0.346    0.050    0.589   -0.346   -0.017    0.029   -0.204    0.235    0.103
  43.90    5.167    5.182    5.199    0.392   -0.420    0.167    0.392   -0.420   -0.070    0.065   -0.165    0.179    0.095
  44.00    4.888    4.902    4.922    0.369   -0.444   -0.112    0.369   -0.444    0.050   -0.041   -0.164    0.173    0.088
  44.10    5.073    5.085    5.116    0.342   -0.563    0.073    0.342   -0.563   -0.041    0.025   -0.192    0.219    0.099
  44.20    5.205    5.209    5.259    0.187   -0.725    0.205    0.187   -0.725   -0.149    0.038   -0.136    0.302    0.103
  44.30    5.325    5.333    5.365    0.276   -0.589    0.325    0.276   -0.589   -0.192    0.090   -0.163    0.264    0.133
  44.40    4.973    4.982    5.001    0.300   -0.436   -0.027    0.300   -0.436    0.012   -0.008   -0.131    0.141    0.066
  44.50    5.249    5.253    5.273    0.215   -0.459    0.249    0.215   -0.459   -0.114    0.054   -0.099    0.160    0.080
  44.60    5.105    5.122    5.123    0.418    0.125    0.105    0.418    0.125    0.013    0.044    0.052    0.101    0.035
  44.70    4.885    4.886    4.886    0.042   -0.043   -0.115    0.042   -0.043    0.005   -0.005   -0.002    0.008    0.004
  44.80    5.036    5.037    5.041    0.059   -0.206    0.036    0.059   -0.206   -0.007    0.002   -0.012    0.024    0.007
  44.90    5.142    5.181    5.182    0.629   -0.121    0.142    0.629   -0.121   -0.017    0.089   -0.076    0.215    0.059
  45.00    5.373    5.436    5.436    0.825    0.101    0.373    0.825    0.101    0.038    0.307    0.083    0.415    0.160
  45.10    5.073    5.171    5.178    1.003    0.272    0.073    1.003    0.272    0.020    0.073    0.273    0.543    0.142
  45.20    5.616    5.766    5.787    1.304    0.499    0.616    1.304    0.499    0.308    0.803    0.651    1.164    0.539
  45.30    5.620    5.829    5.840    1.547    0.366    0.620    1.547    0.366    0.227    0.959    0.566    1.455    0.568
  45.40    5.590    5.729    5.741    1.255   -0.372    0.590    1.255   -0.372   -0.219    0.740   -0.467    1.030    0.451
  45.50    5.494    5.564    5.601    0.875   -0.650    0.494    0.875   -0.650   -0.322    0.432   -0.569    0.716    0.392
  45.60    5.741    5.827    5.861    0.996   -0.628    0.741    0.996   -0.628   -0.465    0.738   -0.625    0.968    0.537
  45.70    5.548    5.649    5.701    1.065   -0.767    0.548    1.065   -0.767   -0.420    0.583   -0.817    1.011    0.544
  45.80    5.578    5.629    5.677    0.756   -0.738    0.578    0.756   -0.738   -0.426    0.437   -0.558    0.725    0.413
  45.90    5.073    5.131    5.218    0.770   -0.952    0.073    0.770   -0.952   -0.069    0.056   -0.733    0.753    0.369
  46.00    4.832    4.883    4.943    0.704   -0.769   -0.168    0.704   -0.769    0.129   -0.118   -0.541    0.557    0.284
  46.10    4.766    4.782    4.818    0.393   -0.585   -0.234    0.393   -0.585    0.137   -0.092   -0.230    0.276    0.141
  46.20    5.023    5.027    5.069    0.200   -0.648    0.023    0.200   -0.648   -0.015    0.005   -0.130    0.230    0.065
  46.30    5.013    5.014    5.061    0.098   -0.693    0.013    0.098   -0.693   -0.009    0.001   -0.068    0.245    0.034
  46.40    5.286    5.287    5.330    0.101   -0.677    0.286    0.101   -0.677   -0.194    0.029   -0.069    0.276    0.104
  46.50    5.609    5.612    5.631    0.211   -0.456    0.609    0.211   -0.456   -0.277    0.128   -0.096    0.311    0.160
  46.60    5.550    5.592    5.635    0.685   -0.698    0.550    0.685   -0.698   -0.384    0.376   -0.478    0.629    0.360
  46.70    5.570    5.573    5.578    0.152   -0.242    0.570    0.152   -0.242   -0.138    0.087   -0.037    0.203    0.083
  46.80    5.263    5.265    5.272    0.150    0.269    0.263    0.150    0.269    0.071    0.039    0.040    0.082    0.045
  46.90    5.168    5.187    5.188    0.448    0.084    0.168    0.448    0.084    0.014    0.075    0.037    0.118    0.043
  47.00    5.531    5.592    5.603    0.828   -0.344    0.531    0.828   -0.344   -0.183    0.440   -0.285    0.543    0.277
  47.10    5.500    5.584    5.588    0.963   -0.222    0.500    0.963   -0.222   -0.111    0.482   -0.214    0.613    0.269
  47.20    5.173    5.279    5.279    1.053   -0.006    0.173    1.053   -0.006   -0.001    0.182   -0.006    0.570    0.091
  47.30    5.160    5.266    5.267    1.052    0.036    0.160    1.052    0.036    0.006    0.169    0.038    0.567    0.087
  47.40    5.446    5.538    5.544    1.005    0.239    0.446    1.005    0.239    0.107    0.449    0.240    0.633    0.260
  47.50    5.284    5.324    5.325    0.657    0.105    0.284    0.657    0.105    0.030    0.186    0.069    0.262    0.101
  47.60    5.554    5.602    5.609    0.734    0.268    0.554    0.734    0.268    0.148    0.407    0.197    0.459    0.238
  47.70    5.391    5.480    5.480    0.982    0.015    0.391    0.982    0.015    0.006    0.384    0.015    0.559    0.192
  47.80    5.374    5.399    5.401    0.522    0.139    0.374    0.522    0.139    0.052    0.195    0.073    0.216    0.107
  47.90    5.372    5.375    5.378    0.165    0.178    0.372    0.165    0.178    0.066    0.061    0.029    0.099    0.047
  48.00    5.214    5.215    5.220    0.101    0.246    0.214    0.101    0.246    0.053    0.022    0.025    0.058    0.031
  48.10    4.983    4.987    4.990    0.208    0.171   -0.017    0.208    0.171   -0.003   -0.004    0.036    0.036    0.018
  48.20    5.200    5.221    5.225    0.471   -0.187    0.200    0.471   -0.187   -0.037    0.094   -0.088    0.149    0.067
  48.30    5.279    5.288    5.288    0.307   -0.026    0.279    0.307   -0.026   -0.007    0.086   -0.008    0.086    0.043
  48.40    5.146    5.167    5.175    0.468    0.280    0.146    0.468    0.280    0.041    0.068    0.131    0.159    0.077
  48.50    5.449    5.455    5.462    0.258    0.283    0.449    0.258    0.283    0.127    0.116    0.073    0.174    0.093
  48.60    5.653    5.654    5.654    0.112    0.004    0.653    0.112    0.004    0.003    0.073    0.000    0.220    0.037
  48.70    5.524    5.570    5.570    0.712   -0.026    0.524    0.712   -0.026   -0.014    0.373   -0.018    0.391    0.187
  48.80    5.997    6.067    6.070    0.921   -0.189    0.997    0.921   -0.189   -0.189    0.918   -0.174    0.939    0.477
  48.90    5.868    5.922    5.922    0.798   -0.026    0.868    0.798   -0.026   -0.022    0.693   -0.020    0.695    0.347
  49.00    5.514    5.557    5.558    0.693    0.100    0.514    0.693    0.100    0.051    0.356    0.069    0.377    0.183
  49.10    5.326    5.378    5.379    0.742    0.081    0.326    0.742    0.081    0.027    0.242    0.060    0.332    0.126
  49.20    5.361    5.413    5.418    0.751   -0.212    0.361    0.751   -0.212   -0.076    0.271   -0.159    0.369    0.162
  49.30    5.609    5.667    5.668    0.809   -0.079    0.609    0.809   -0.079   -0.048    0.493   -0.064    0.516    0.250
  49.40    5.654    5.745    5.746    1.022    0.107    0.654    1.022    0.107    0.070    0.668    0.109    0.742    0.340
  49.50    5.743    5.768    5.777    0.538   -0.312    0.743    0.538   -0.312   -0.232    0.400   -0.168    0.470    0.246
  49.60    5.368    5.404    5.465    0.626   -0.811    0.368    0.626   -0.811   -0.298    0.230   -0.508    0.593    0.316
  49.70    5.078    5.114    5.178    0.606   -0.814    0.078    0.606   -0.814   -0.063    0.047   -0.493    0.518    0.250
  49.80    4.659    4.720    4.819    0.757   -0.973   -0.341    0.757   -0.973    0.332   -0.258   -0.737    0.819    0.424
  49.90    4.656    4.684    4.720    0.516   -0.580   -0.344    0.516   -0.580    0.200   -0.178   -0.299    0.361    0.201
  50.00    4.595    4.633    4.656    0.589   -0.464   -0.405    0.589   -0.464    0.188   -0.238   -0.273    0.363    0.204
  50.10    4.577    4.603    4.648    0.490   -0.644   -0.423    0.490   -0.644    0.272   -0.207   -0.316    0.417    0.233
  50.20    4.843    4.921    4.976    0.873   -0.736   -0.157    0.873   -0.736    0.115   -0.137   -0.643    0.664    0.334
  50.30    4.666    4.778    4.802    1.027   -0.481   -0.334    1.027   -0.481    0.160   -0.343   -0.494    0.699    0.311
  50.40    4.530    4.605    4.609    0.825   -0.184   -0.470    0.825   -0.184    0.086   -0.387   -0.151    0.467    0.212
  50.50    4.508    4.530    4.535    0.449   -0.204   -0.492    0.449   -0.204    0.100   -0.221   -0.091    0.243    0.130
  50.60    4.499    4.539    4.539    0.602   -0.026   -0.501    0.602   -0.026    0.013   -0.302   -0.016    0.307    0.151
  50.70    4.713    4.733    4.734    0.435   -0.114   -0.287    0.435   -0.114    0.033   -0.125   -0.050    0.142    0.069
  50.80    4.567    4.567    4.570   -0.024   -0.185   -0.433   -0.024   -0.185    0.080    0.010    0.004    0.111    0.041
  50.90    4.688    4.688    4.695   -0.027   -0.258   -0.312   -0.027   -0.258    0.081    0.008    0.007    0.082    0.041
  51.00    4.881    4.891    4.905   -0.319   -0.363   -0.119   -0.319   -0.363    0.043    0.038    0.116    0.124    0.065
  51.10    5.110    5.130    5.150   -0.462   -0.445    0.110   -0.462   -0.445   -0.049   -0.051    0.205    0.211    0.108
  51.20    4.727    4.728    4.865   -0.129   -1.145   -0.273   -0.129   -1.145    0.313    0.035    0.148    0.701    0.174
  51.30    4.609    4.624    4.716   -0.377   -0.923   -0.391   -0.377   -0.923    0.361    0.147    0.348    0.574    0.261
  51.40    4.614    4.658    4.775   -0.636   -1.052   -0.386   -0.636   -1.052    0.406    0.245    0.669    0.830    0.410
  51.50    4.597    4.616    4.697   -0.428   -0.867   -0.403   -0.428   -0.867    0.350    0.173    0.371    0.549    0.269
  51.60    4.813    4.860    4.901   -0.676   -0.637   -0.187   -0.676   -0.637    0.119    0.127    0.431    0.449    0.232
  51.70    4.698    4.782    4.816   -0.893   -0.570   -0.302   -0.893   -0.570    0.172    0.270    0.509    0.606    0.301
  51.80    4.616    4.700    4.759   -0.886   -0.746   -0.384   -0.886   -0.746    0.286    0.340    0.660    0.744    0.398
  51.90    4.743    4.794    4.807   -0.696   -0.353   -0.257   -0.696   -0.353    0.091    0.179    0.246    0.338    0.159
  52.00    4.739    4.774    4.792   -0.578   -0.409   -0.261   -0.578   -0.409    0.107    0.151    0.237    0.285    0.150
  52.10    4.808    4.835    4.835   -0.509   -0.017   -0.192   -0.509   -0.017    0.003    0.098    0.009    0.148    0.049
  52.20    4.836    4.846    4.858   -0.305   -0.341   -0.164   -0.305   -0.341    0.056    0.050    0.104    0.118    0.064
  52.30    4.561    4.563    4.581   -0.143   -0.397   -0.439   -0.143   -0.397    0.174    0.063    0.057    0.185    0.097
  52.40    4.685    4.692    4.695   -0.265   -0.145   -0.315   -0.265   -0.145    0.046    0.083    0.038    0.095    0.051
  52.50    4.563    4.614    4.628   -0.683   -0.360   -0.437   -0.683   -0.360    0.157    0.298    0.246    0.393    0.209
  52.60    4.657    4.737    4.739   -0.870   -0.110   -0.343   -0.870   -0.110    0.038    0.299    0.096    0.444    0.158
  52.70    4.419    4.516    4.523   -0.931   -0.253   -0.581   -0.931   -0.253    0.147    0.541    0.236    0.635    0.304
  52.80    4.301    4.421    4.442   -1.024   -0.434   -0.699   -1.024   -0.434    0.303    0.716    0.444    0.863    0.448
  52.90    4.787    4.945    4.967   -1.242   -0.462   -0.213   -1.242   -0.462    0.099    0.265    0.574    0.901    0.320
  53.00    5.116    5.258    5.267   -1.212   -0.314    0.116   -1.212   -0.314   -0.036   -0.141    0.380    0.790    0.204
  53.10    5.048    5.179    5.226   -1.157   -0.703    0.048   -1.157   -0.703   -0.034   -0.055    0.813    0.918    0.408
  53.20    5.435    5.569    5.627   -1.216   -0.807    0.435   -1.216   -0.807   -0.351   -0.529    0.981    1.159    0.584
  53.30    5.305    5.419    5.427   -1.105   -0.305    0.305   -1.105   -0.305   -0.093   -0.337    0.337    0.704    0.243
  53.40    5.543    5.662    5.682   -1.159   -0.471    0.543   -1.159   -0.471   -0.256   -0.629    0.546    0.929    0.435
  53.50    5.371    5.562    5.579   -1.445   -0.439    0.371   -1.445   -0.439   -0.163   -0.536    0.634    1.209    0.423
  53.60    5.581    5.656    5.682   -0.918   -0.536    0.581   -0.918   -0.536   -0.311   -0.534    0.492    0.734    0.395
  53.70    5.704    5.757    5.763   -0.782   -0.257    0.704   -0.782   -0.257   -0.181   -0.551    0.201    0.587    0.307
  53.80    5.428    5.455    5.473   -0.549   -0.442    0.428   -0.549   -0.442   -0.189   -0.235    0.243    0.340    0.193
  53.90    5.395    5.441    5.483   -0.702   -0.682    0.395   -0.702   -0.682   -0.269   -0.277    0.478    0.556    0.307
  54.00    5.373    5.417    5.430   -0.684   -0.375    0.373   -0.684   -0.375   -0.140   -0.255    0.257    0.374    0.194
  54.10    5.535    5.574    5.582   -0.654   -0.296    0.535   -0.654   -0.296   -0.158   -0.350    0.193    0.401    0.215
  54.20    5.094    5.124    5.128   -0.552    0.197    0.094   -0.552    0.197    0.019   -0.052   -0.109    0.176    0.061
  54.30    5.211    5.234    5.249   -0.481    0.400    0.211   -0.481    0.400    0.085   -0.102   -0.192    0.218    0.117
  54.40    5.198    5.215    5.237   -0.420    0.483    0.198   -0.420    0.483    0.095   -0.083   -0.203    0.224    0.120
  54.50    4.998    4.998    5.000    0.081    0.130   -0.002    0.081    0.130   -0.000   -0.000    0.011    0.012    0.005
  54.60    5.040    5.047    5.047    0.259   -0.006    0.040    0.259   -0.006   -0.000    0.010   -0.002    0.034    0.005
  54.70    4.988    4.989    4.991    0.077   -0.134   -0.012    0.077   -0.134    0.002   -0.001   -0.010    0.012    0.005
  54.80    4.856    4.865    4.881    0.311   -0.392   -0.144    0.311   -0.392    0.057   -0.045   -0.122    0.135    0.071
  54.90    5.459    5.461    5.467    0.153   -0.257    0.459    0.153   -0.257   -0.118    0.070   -0.039    0.150    0.071
  55.00    5.534    5.539    5.541   -0.237   -0.155    0.534   -0.237   -0.155   -0.083   -0.126    0.037    0.183    0.078
  55.10    5.845    5.846    5.854   -0.136    0.295    0.845   -0.136    0.295    0.250   -0.115   -0.040    0.410    0.139
  55.20    5.913    5.924    5.925   -0.354   -0.097    0.913   -0.354   -0.097   -0.088   -0.323    0.034    0.484    0.168
  55.30    5.757    5.820    5.823   -0.850   -0.197    0.757   -0.850   -0.197   -0.149   -0.644    0.167    0.667    0.341
  55.40    5.964    6.031    6.031   -0.899    0.046    0.964   -0.899    0.046    0.044   -0.866   -0.041    0.869    0.434
  55.50    5.585    5.743    5.747   -1.340    0.198    0.585   -1.340    0.198    0.116   -0.783   -0.266    1.088    0.418
  55.60    5.311    5.414    5.423   -1.056    0.311    0.311   -1.056    0.311    0.097   -0.328   -0.328    0.654    0.237
  55.70    4.906    4.917    4.949   -0.330    0.562   -0.094   -0.330    0.562   -0.053    0.031   -0.185    0.217    0.098
  55.80    4.919    4.934    4.942   -0.392    0.270   -0.081   -0.392    0.270   -0.022    0.032   -0.106    0.117    0.056
  55.90    5.085    5.091    5.092   -0.251    0.104    0.085   -0.251    0.104    0.009   -0.021   -0.026    0.041    0.017
  56.00    4.918    4.919    4.935   -0.017    0.400   -0.082   -0.017    0.400   -0.033    0.001   -0.007    0.083    0.017
  56.10    4.870    4.872    4.890   -0.144    0.417   -0.130   -0.144    0.417   -0.054    0.019   -0.060    0.106    0.042
  56.20    4.937    4.966    4.994   -0.535    0.524   -0.063   -0.535    0.524   -0.033    0.034   -0.280    0.282    0.142
  56.30    4.940    4.996    5.034   -0.746    0.617   -0.060   -0.746    0.617   -0.037    0.045   -0.461    0.471    0.232
  56.40    5.052    5.187    5.210   -1.175    0.499    0.052   -1.175    0.499    0.026   -0.061   -0.586    0.815    0.295
  56.50    5.075    5.159    5.176   -0.928    0.411    0.075   -0.928    0.411    0.031   -0.070   -0.382    0.518    0.195
  56.60    5.037    5.104    5.108   -0.822    0.204    0.037   -0.822    0.204    0.008   -0.030   -0.167    0.359    0.085
  56.70    4.975    5.046    5.056   -0.841    0.323   -0.025   -0.841    0.323   -0.008    0.021   -0.272    0.406    0.136
  56.80    4.967    5.004    5.025   -0.613    0.460   -0.033   -0.613    0.460   -0.015    0.020   -0.282    0.294    0.141
  56.90    4.942    5.069    5.080   -1.125    0.340   -0.058   -1.125    0.340   -0.020    0.065   -0.382    0.692    0.194
  57.00    4.759    4.767    4.796   -0.274    0.525   -0.241   -0.274    0.525   -0.126    0.066   -0.144    0.204    0.101
  57.10    4.305    4.314    4.327   -0.276    0.334   -0.695   -0.276    0.334   -0.232    0.192   -0.092    0.335    0.157
  57.20    4.449    4.456    4.497   -0.249    0.604   -0.551   -0.249    0.604   -0.333    0.137   -0.151    0.366    0.195
  57.30    4.890    4.890    4.905    0.030    0.374   -0.110    0.030    0.374   -0.041   -0.003    0.011    0.077    0.021
  57.40    5.040    5.082    5.082   -0.652   -0.044    0.040   -0.652   -0.044   -0.002   -0.026    0.029    0.214    0.019
  57.50    5.108    5.110    5.110   -0.133   -0.076    0.108   -0.133   -0.076   -0.008   -0.014    0.010    0.018    0.010
  57.60    5.101    5.109    5.115    0.279   -0.248    0.101    0.279   -0.248   -0.025    0.028   -0.069    0.075    0.039
  57.70    5.142    5.172    5.173    0.559    0.072    0.142    0.559    0.072    0.010    0.079    0.040    0.169    0.045
  57.80    4.963    4.973    4.974    0.307   -0.107   -0.037    0.307   -0.107    0.004   -0.011   -0.033    0.053    0.017
  57.90    5.445    5.462    5.463    0.427    0.107    0.445    0.427    0.107    0.048    0.190    0.046    0.196    0.101
  58.00    5.480    5.517    5.523    0.633    0.261    0.480    0.633    0.261    0.125    0.304    0.165    0.350    0.184
  58.10    5.989    6.018    6.019    0.590    0.085    0.989    0.590    0.085    0.084    0.583    0.050    0.667    0.296
  58.20    5.790    5.800    5.845    0.346    0.723    0.790    0.346    0.723    0.571    0.273    0.250    0.633    0.341
  58.30    5.671    5.673    5.686    0.170    0.390    0.671    0.170    0.390    0.261    0.114    0.066    0.315    0.146
  58.40    5.623    5.633    5.633    0.329   -0.040    0.623    0.329   -0.040   -0.025    0.205   -0.013    0.249    0.103
  58.50    5.403    5.408    5.412    0.230   -0.187    0.403    0.230   -0.187   -0.075    0.093   -0.043    0.125    0.064
  58.60    5.261    5.306    5.314    0.689   -0.291    0.261    0.689   -0.291   -0.076    0.180   -0.201    0.314    0.140
  58.70    5.480    5.576    5.585    1.029   -0.308    0.480    1.029   -0.308   -0.148    0.494   -0.317    0.692    0.303
  58.80    5.591    5.637    5.638    0.714   -0.105    0.591    0.714   -0.105   -0.062    0.422   -0.075    0.435    0.217
  58.90    5.433    5.433    5.459    0.020   -0.531    0.433    0.020   -0.531   -0.230    0.009   -0.011    0.235    0.115
  59.00    5.575    5.603    5.610    0.562   -0.272    0.575    0.562   -0.272   -0.157    0.323   -0.153    0.360    0.195
  59.10    5.329    5.364    5.375    0.609   -0.345    0.329    0.609   -0.345   -0.114    0.200   -0.210    0.299    0.156
  59.20    5.566    5.632    5.638    0.859   -0.259    0.566    0.859   -0.259   -0.146    0.486   -0.222    0.562    0.277
  59.30    5.762    5.830    5.846    0.885   -0.433    0.762    0.885   -0.433   -0.330    0.674   -0.383    0.776    0.421
  59.40    5.674    5.677    5.696    0.190   -0.465    0.674    0.190   -0.465   -0.313    0.128   -0.088    0.353    0.175
  59.50    5.763    5.763    5.765   -0.016   -0.138    0.763   -0.016   -0.138   -0.105   -0.012    0.002    0.301    0.053
  59.60    5.951    5.952    5.954   -0.078    0.169    0.951   -0.078    0.169    0.161   -0.074   -0.013    0.470    0.089
  59.70    5.992    6.020    6.030    0.577    0.353    0.992    0.577    0.353    0.350    0.572    0.204    0.721    0.351
  59.80    6.073    6.136    6.165    0.876   -0.598    1.073    0.876   -0.598   -0.642    0.941   -0.524    1.139    0.627
  59.90    5.973    6.042    6.054    0.905   -0.390    0.973    0.905   -0.390   -0.379    0.881   -0.352    0.959    0.511
  60.00    5.863    5.948    5.960    1.002   -0.373    0.863    1.002   -0.373   -0.322    0.865   -0.374    0.944    0.498
  60.10    5.535    5.626    5.633    1.004   -0.281    0.535    1.004   -0.281   -0.151    0.537   -0.282    0.687    0.313
  60.20    5.499    5.656    5.657    1.324   -0.068    0.499    1.324   -0.068   -0.034    0.661   -0.090    1.003    0.334
  60.30    5.534    5.713    5.714    1.417   -0.122    0.534    1.417   -0.122   -0.065    0.757   -0.173    1.154    0.389
  60.40    6.055    6.248    6.257    1.543   -0.343    1.055    1.543   -0.343   -0.362    1.627   -0.530    1.805    0.875
  60.50    6.083    6.282    6.282    1.567   -0.072    1.083    1.567   -0.072   -0.079    1.698   -0.114    1.818    0.852
  60.60    6.118    6.243    6.243    1.242   -0.076    1.118    1.242   -0.076   -0.085    1.389   -0.095    1.399    0.697
  60.70    6.539    6.655    6.670    1.234   -0.450    1.539    1.234   -0.450   -0.692    1.899   -0.555    2.047    1.048
  60.80    7.063    7.125    7.147    0.932   -0.560    2.063    0.932   -0.560   -1.156    1.923   -0.522    2.720    1.152
  60.90    7.204    7.312    7.316    1.255   -0.252    2.204    1.255   -0.252   -0.555    2.765   -0.316    3.247    1.419
  61.00    6.767    6.864    6.872    1.147   -0.338    1.767    1.147   -0.338   -0.597    2.028   -0.388    2.277    1.075
  61.10    6.772    6.844    6.845    0.992    0.118    1.772    0.992    0.118    0.209    1.757    0.117    2.068    0.886
  61.20    6.637    6.689    6.700    0.832   -0.393    1.637    0.832   -0.393   -0.643    1.362   -0.327    1.763    0.771
  61.30    6.511    6.590    6.602    1.017   -0.409    1.511    1.017   -0.409   -0.617    1.536   -0.416    1.742    0.854
  61.40    6.093    6.246    6.258    1.374   -0.392    1.093    1.374   -0.392   -0.428    1.501   -0.539    1.618    0.826
  61.50    6.044    6.115    6.182    0.925   -0.905    1.044    0.925   -0.905   -0.945    0.967   -0.838    1.383    0.795
  61.60    5.851    5.958    6.084    1.123   -1.234    0.851    1.123   -1.234   -1.051    0.956   -1.386    1.754    0.992
  61.70    6.249    6.365    6.514    1.208   -1.385    1.249    1.208   -1.385   -1.731    1.509   -1.674    2.470    1.421
  61.80    6.636    6.751    6.897    1.241   -1.410    1.636    1.241   -1.410   -2.307    2.031   -1.750    3.103    1.769
  61.90    6.562    6.699    6.843    1.349   -1.398    1.562    1.349   -1.398   -2.183    2.107   -1.886    3.106    1.786
  62.00    6.446    6.477    6.654    0.626   -1.528    1.446    0.626   -1.528   -2.210    0.906   -0.957    2.409    1.286
  62.10    6.429    6.476    6.694    0.775   -1.696    1.429    0.775   -1.696   -2.423    1.107   -1.314    2.759    1.485
  62.20    6.278    6.360    6.663    1.020   -1.988    1.278    1.020   -1.988   -2.540    1.303   -2.027    3.312    1.751
  62.30    6.414    6.433    6.720    0.495   -1.944    1.414    0.495   -1.944   -2.748    0.700   -0.963    3.011    1.498
  62.40    7.041    7.100    7.220    0.913   -1.313    2.041    0.913   -1.313   -2.680    1.863   -1.199    3.361    1.738
  62.50    6.926    6.947    7.114    0.536   -1.533    1.926    0.536   -1.533   -2.953    1.033   -0.822    3.174    1.617
  62.60    6.958    6.982    7.188    0.581   -1.708    1.958    0.581   -1.708   -3.343    1.137   -0.992    3.543    1.834
  62.70    6.916    6.942    7.207    0.595   -1.938    1.916    0.595   -1.938   -3.713    1.140   -1.153    3.890    2.026
  62.80    6.564    6.575    6.902    0.389   -2.097    1.564    0.389   -2.097   -3.279    0.608   -0.816    3.498    1.717
  62.90    6.561    6.618    6.969    0.869   -2.182    1.561    0.869   -2.182   -3.407    1.356   -1.896    3.977    2.064
  63.00    6.533    6.618    6.867    1.056   -1.832    1.533    1.056   -1.832   -2.809    1.619   -1.935    3.411    1.888
  63.10    6.295    6.360    6.598    0.911   -1.753    1.295    0.911   -1.753   -2.270    1.180   -1.598    2.791    1.508
  63.20    6.323    6.384    6.580    0.882   -1.593    1.323    0.882   -1.593   -2.107    1.167   -1.404    2.533    1.394
  63.30    6.048    6.096    6.387    0.759   -1.906    1.048    0.759   -1.906   -1.998    0.796   -1.447    2.654    1.296
  63.40    5.874    5.894    6.064    0.490   -1.426    0.874    0.490   -1.426   -1.246    0.428   -0.698    1.518    0.745
  63.50    5.984    6.040    6.176    0.818   -1.290    0.984    0.818   -1.290   -1.269    0.805   -1.055    1.651    0.918
  63.60    5.969    6.040    6.191    0.919   -1.361    0.969    0.919   -1.361   -1.320    0.891   -1.252    1.819    1.013
  63.70    6.021    6.040    6.312    0.487   -1.831    1.021    0.487   -1.831   -1.869    0.497   -0.891    2.315    1.064
  63.80    6.209    6.223    6.524    0.430   -1.959    1.209    0.430   -1.959   -2.367    0.520   -0.842    2.741    1.283
  63.90    6.101    6.120    6.367    0.485   -1.757    1.101    0.485   -1.757   -1.934    0.533   -0.852    2.267    1.090
  64.00    6.134    6.150    6.411    0.439   -1.811    1.134    0.439   -1.811   -2.053    0.498   -0.795    2.379    1.129
  64.10    6.376    6.383    6.510    0.290   -1.281    1.376    0.290   -1.281   -1.763    0.399   -0.372    1.810    0.923
  64.20    6.608    6.618    6.777    0.352   -1.463    1.608    0.352   -1.463   -2.353    0.566   -0.515    2.426    1.237
  64.30    6.364    6.367    6.512    0.208   -1.364    1.364    0.208   -1.364   -1.860    0.284   -0.284    1.882    0.952
  64.40    6.496    6.504    6.557    0.317   -0.832    1.496    0.317   -0.832   -1.246    0.474   -0.263    1.516    0.679
  64.50    6.666    6.666    6.782    0.043   -1.249    1.666    0.043   -1.249   -2.081    0.071   -0.053    2.169    1.041
  64.60    6.469    6.469    6.641   -0.102   -1.499    1.469   -0.102   -1.499   -2.201   -0.150    0.153    2.207    1.106
  64.70    6.487    6.488    6.604    0.073   -1.237    1.487    0.073   -1.237   -1.839    0.109   -0.091    1.873    0.922
  64.80    6.609    6.626    6.739   -0.478   -1.229    1.609   -0.478   -1.229   -1.977   -0.769    0.588    2.164    1.101
  64.90    6.579    6.586    6.773   -0.307   -1.579    1.579   -0.307   -1.579   -2.492   -0.484    0.484    2.539    1.292
  65.00    6.624    6.629    6.791   -0.246   -1.477    1.624   -0.246   -1.477   -2.399   -0.400    0.364    2.441    1.230
  65.10    6.392    6.397    6.489   -0.232   -1.090    1.392   -0.232   -1.090   -1.517   -0.323    0.252    1.590    0.786
  65.20    6.532    6.538    6.634   -0.277   -1.123    1.532   -0.277   -1.123   -1.720   -0.424    0.311    1.842    0.899
  65.30    6.570    6.571    6.723   -0.101   -1.421    1.570   -0.101   -1.421   -2.230   -0.158    0.143    2.247    1.120
  65.40    6.435    6.436    6.484   -0.104   -0.789    1.435   -0.104   -0.789   -1.132   -0.150    0.082    1.346    0.572
  65.50    6.441    6.446    6.493   -0.240   -0.781    1.441   -0.240   -0.781   -1.126   -0.346    0.187    1.372    0.596
  65.60    6.296    6.296    6.342    0.005   -0.765    1.296    0.005   -0.765   -0.991    0.006   -0.004    1.132    0.496
  65.70    6.194    6.195    6.235    0.080   -0.704    1.194    0.080   -0.704   -0.841    0.096   -0.057    0.964    0.424
  65.80    6.322    6.323    6.384    0.056   -0.885    1.322    0.056   -0.885   -1.170    0.074   -0.050    1.267    0.587
  65.90    6.042    6.051    6.080    0.330   -0.596    1.042    0.330   -0.596   -0.621    0.344   -0.197    0.775    0.368
  66.00    6.408    6.445    6.478    0.697   -0.645    1.408    0.697   -0.645   -0.908    0.982   -0.450    1.442    0.705
  66.10    6.269    6.315    6.335    0.762   -0.503    1.269    0.762   -0.503   -0.639    0.967   -0.384    1.222    0.611
  66.20    6.215    6.247    6.252    0.626   -0.259    1.215    0.626   -0.259   -0.314    0.761   -0.162    0.968    0.420
  66.30    5.912    5.968    5.998    0.811   -0.596    0.912    0.811   -0.596   -0.544    0.740   -0.484    0.923    0.519
  66.40    5.841    5.963    6.073    1.200   -1.148    0.841    1.200   -1.148   -0.966    1.010   -1.378    1.733    0.981
  66.50    6.069    6.131    6.222    0.871   -1.059    1.069    0.871   -1.059   -1.132    0.930   -0.922    1.511    0.866
  66.60    5.855    5.866    5.892    0.359   -0.554    0.855    0.359   -0.554   -0.474    0.307   -0.199    0.584    0.299
  66.70    6.417    6.441    6.489    0.562   -0.786    1.417    0.562   -0.786   -1.114    0.796   -0.442    1.471    0.719
  66.80    6.265    6.277    6.363    0.394   -1.039    1.265    0.394   -1.039   -1.315    0.499   -0.410    1.418    0.732
  66.90    6.401    6.403    6.460    0.182   -0.852    1.401    0.182   -0.852   -1.194    0.255   -0.155    1.361    0.615
  67.00    6.418    6.428    6.514    0.346   -1.060    1.418    0.346   -1.060   -1.504    0.490   -0.366    1.628    0.812
  67.10    6.421    6.436    6.558    0.449   -1.255    1.421    0.449   -1.255   -1.783    0.638   -0.563    1.898    0.988
  67.20    6.444    6.449    6.579   -0.266   -1.301    1.444   -0.266   -1.301   -1.879   -0.384    0.346    1.924    0.974
  67.30    6.852    6.858    6.919   -0.280   -0.918    1.852   -0.280   -0.918   -1.700   -0.519    0.257    2.176    0.898
  67.40    6.588    6.588    6.635   -0.064   -0.790    1.588   -0.064   -0.790   -1.255   -0.102    0.051    1.575    0.630
  67.50    6.607    6.610    6.640    0.199   -0.633    1.607    0.199   -0.633   -1.017    0.320   -0.126    1.512    0.537
  67.60    6.847    6.853    6.890   -0.275   -0.717    1.847   -0.275   -0.717   -1.325   -0.508    0.197    2.001    0.716
  67.70    7.070    7.071    7.154   -0.143   -1.084    2.070   -0.143   -1.084   -2.243   -0.297    0.155    2.739    1.134
  67.80    6.909    6.922    6.991   -0.426   -0.979    1.909   -0.426   -0.979   -1.868   -0.813    0.417    2.391    1.039
  67.90    6.961    6.980    7.069   -0.521   -1.113    1.961   -0.521   -1.113   -2.182   -1.022    0.580    2.678    1.239
  68.00    7.047    7.055    7.134   -0.341   -1.060    2.047   -0.341   -1.060   -2.171   -0.697    0.361    2.715    1.154
  68.10    7.032    7.033    7.052   -0.121   -0.512    2.032   -0.121   -0.512   -1.040   -0.246    0.062    2.203    0.535
  68.20    7.365    7.368    7.405   -0.230   -0.737    2.365   -0.230   -0.737   -1.744   -0.543    0.169    3.094    0.917
  68.30    7.686    7.695    7.742   -0.381   -0.845    2.686   -0.381   -0.845   -2.270   -1.024    0.322    4.037    1.256
  68.40    7.813    7.813    7.895    0.073   -1.131    2.813    0.073   -1.131   -3.182    0.206   -0.083    4.599    1.595
  68.50    7.693    7.693    7.738   -0.101   -0.832    2.693   -0.101   -0.832   -2.240   -0.272    0.084    3.976    1.129
  68.60    7.808    7.808    7.862   -0.025   -0.921    2.808   -0.025   -0.921   -2.586   -0.071    0.023    4.367    1.293
  68.70    7.697    7.698    7.760    0.140   -0.974    2.697    0.140   -0.974   -2.628    0.377   -0.136    4.121    1.329
  68.80    7.740    7.748    7.796   -0.350   -0.865    2.740   -0.350   -0.865   -2.371   -0.959    0.303    4.190    1.288
  68.90    8.063    8.065    8.095   -0.175   -0.706    3.063   -0.175   -0.706   -2.161   -0.536    0.123    4.954    1.115
  69.00    7.827    7.830    7.834    0.195   -0.269    2.827    0.195   -0.269   -0.760    0.551   -0.052    4.052    0.470
  69.10    8.134    8.145    8.146    0.428   -0.157    3.134    0.428   -0.157   -0.493    1.342   -0.067    5.014    0.716
  69.20    8.397    8.405    8.423    0.369   -0.548    3.397    0.369   -0.548   -1.860    1.253   -0.202    5.987    1.126
  69.30    8.311    8.311    8.330    0.044   -0.568    3.311    0.044   -0.568   -1.880    0.146   -0.025    5.643    0.943
  69.40    8.187    8.191    8.208   -0.238   -0.540    3.187   -0.238   -0.540   -1.722   -0.758    0.128    5.253    0.943
  69.50    8.342    8.343    8.353    0.166   -0.393    3.342    0.166   -0.393   -1.315    0.556   -0.065    5.675    0.715
  69.60    8.814    8.815    8.847    0.030   -0.762    3.814    0.030   -0.762   -2.905    0.115   -0.023    7.565    1.454
  69.70    8.848    8.854    8.912   -0.344   -1.016    3.848   -0.344   -1.016   -3.910   -1.323    0.350    7.978    2.071
  69.80    8.654    8.669    8.761   -0.513   -1.260    3.654   -0.513   -1.260   -4.603   -1.875    0.646    7.602    2.506
  69.90    8.725    8.734    8.824   -0.392   -1.260    3.725   -0.392   -1.260   -4.694   -1.462    0.495    7.809    2.470
  70.00    8.434    8.435    8.532   -0.130   -1.283    3.434   -0.130   -1.283   -4.404   -0.448    0.167    6.726    2.215
  70.10    7.892    7.899    8.017   -0.332   -1.375    2.892   -0.332   -1.375   -3.976   -0.959    0.456    5.181    2.058
  70.20    7.481    7.490    7.571   -0.373   -1.103    2.481   -0.373   -1.103   -2.737   -0.925    0.411    3.755    1.459
  70.30    7.643    7.645    7.683   -0.188   -0.764    2.643   -0.188   -0.764   -2.019   -0.497    0.144    3.802    1.042
  70.40    7.393    7.395    7.411   -0.152   -0.489    2.393   -0.152   -0.489   -1.171   -0.364    0.074    2.995    0.614
  70.50    7.650    7.660    7.662   -0.392   -0.166    2.650   -0.392   -0.166   -0.441   -1.039    0.065    3.601    0.565
  70.60    7.257    7.262    7.273   -0.274   -0.389    2.257   -0.274   -0.389   -0.878   -0.618    0.106    2.660    0.539
  70.70    7.499    7.511    7.518   -0.420   -0.333    2.499   -0.420   -0.333   -0.832   -1.048    0.140    3.265    0.673
  70.80    7.846    7.851    7.851   -0.296   -0.002    2.846   -0.296   -0.002   -0.005   -0.843    0.001    4.093    0.422
  70.90    7.733    7.763    7.770   -0.686   -0.317    2.733   -0.686   -0.317   -0.865   -1.876    0.217    4.020    1.039
  71.00    7.782    7.818    7.834   -0.753   -0.494    2.782   -0.753   -0.494   -1.375   -2.096    0.372    4.275    1.267
  71.10    8.090    8.127    8.148   -0.779   -0.580    3.090   -0.779   -0.580   -1.791   -2.408    0.452    5.246    1.517
  71.20    7.864    7.936    7.954   -1.066   -0.537    2.864   -1.066   -0.537   -1.537   -3.053    0.572    4.813    1.733
  71.30    7.669    7.721    7.747   -0.902   -0.635    2.669   -0.902   -0.635   -1.695   -2.406    0.573    4.169    1.499
  71.40    7.808    7.825    7.854   -0.522   -0.670    2.808   -0.522   -0.670   -1.880   -1.467    0.350    4.303    1.205
  71.50    7.746    7.762    7.791   -0.487   -0.678    2.746   -0.487   -0.678   -1.862   -1.338    0.330    4.120    1.158
  71.60    7.753    7.761    7.772   -0.353   -0.414    2.753   -0.353   -0.414   -1.140   -0.972    0.146    3.937    0.752
  71.70    7.854    7.858    7.867   -0.266   -0.370    2.854   -0.266   -0.370   -1.057   -0.758    0.098    4.175    0.652
  71.80    7.621    7.621    7.625   -0.021   -0.247    2.621   -0.021   -0.247   -0.648   -0.056    0.005    3.465    0.325
  71.90    7.991    7.995    7.996    0.269   -0.102    2.991    0.269   -0.102   -0.306    0.804   -0.027    4.514    0.430
  72.00    8.114    8.116    8.117    0.202   -0.095    3.114    0.202   -0.095   -0.297    0.629   -0.019    4.872    0.348
  72.10    8.315    8.320    8.321    0.286   -0.153    3.315    0.286   -0.153   -0.506    0.948   -0.044    5.548    0.538
  72.20    8.201    8.217    8.228    0.505   -0.436    3.201    0.505   -0.436   -1.395    1.616   -0.220    5.347    1.073
  72.30    8.327    8.339    8.340    0.456   -0.102    3.327    0.456   -0.102   -0.338    1.517   -0.046    5.643    0.778
  72.40    8.422    8.439    8.439    0.529   -0.071    3.422    0.529   -0.071   -0.244    1.812   -0.038    5.999    0.914
  72.50    8.384    8.403    8.404    0.562    0.170    3.384    0.562    0.170    0.575    1.903    0.096    5.898    0.995
  72.60    8.559    8.560    8.561    0.167    0.110    3.559    0.167    0.110    0.391    0.594    0.018    6.352    0.356
  72.70    8.132    8.133    8.138   -0.108   -0.280    3.132   -0.108   -0.280   -0.877   -0.339    0.030    4.950    0.471
  72.80    7.826    7.849    7.849   -0.598   -0.019    2.826   -0.598   -0.019   -0.053   -1.691    0.011    4.173    0.846
  72.90    8.001    8.001    8.004   -0.013   -0.196    3.001   -0.013   -0.196   -0.589   -0.039    0.003    4.523    0.295
  73.00    8.208    8.208    8.210    0.045   -0.167    3.208    0.045   -0.167   -0.534    0.146   -0.008    5.160    0.277
  73.10    7.991    7.992    7.994   -0.149   -0.145    2.991   -0.149   -0.145   -0.435   -0.446    0.022    4.494    0.312
  73.20    7.986    7.986    7.997    0.031   -0.417    2.986    0.031   -0.417   -1.245    0.093   -0.013    4.546    0.624
  73.30    8.153    8.158    8.179   -0.272   -0.586    3.153   -0.272   -0.586   -1.847   -0.858    0.159    5.179    1.021
  73.40    8.246    8.266    8.275   -0.574   -0.378    3.246   -0.574   -0.378   -1.226   -1.864    0.217    5.505    1.121
  73.50    8.606    8.630    8.631   -0.650    0.133    3.606   -0.650    0.133    0.481   -2.344   -0.087    6.721    1.197
  73.60    8.419    8.486    8.488   -1.066   -0.166    3.419   -1.066   -0.166   -0.566   -3.646    0.177    6.427    1.847
  73.70    8.542    8.639    8.659   -1.294   -0.590    3.542   -1.294   -0.590   -2.091   -4.584    0.764    7.284    2.548
  73.80    8.617    8.627    8.690   -0.406   -1.042    3.617   -0.406   -1.042   -3.771   -1.469    0.423    7.168    2.034
  73.90    8.062    8.070    8.111   -0.353   -0.813    3.062   -0.353   -0.813   -2.489   -1.082    0.287    5.081    1.364
  74.00    8.073    8.092    8.182   -0.551   -1.213    3.073   -0.551   -1.213   -3.727   -1.695    0.669    5.609    2.074
  74.10    8.120    8.144    8.224   -0.620   -1.144    3.120   -0.620   -1.144   -3.569   -1.934    0.709    5.715    2.060
  74.20    8.478    8.506    8.547   -0.696   -0.835    3.478   -0.696   -0.835   -2.905   -2.419    0.581    6.638    1.913
  74.30    8.336    8.358    8.431   -0.602   -1.108    3.336   -0.602   -1.108   -3.696   -2.009    0.667    6.360    2.130
  74.40    7.809    7.830    7.968   -0.570   -1.478    2.809   -0.570   -1.478   -4.151   -1.600    0.842    5.200    2.264
  74.50    8.007    8.045    8.199   -0.772   -1.582    3.007   -0.772   -1.582   -4.758   -2.323    1.222    6.072    2.717
  74.60    8.136    8.152    8.283   -0.514   -1.468    3.136   -0.514   -1.468   -4.603   -1.613    0.755    6.126    2.468
  74.70    8.028    8.049    8.130   -0.576   -1.149    3.028   -0.576   -1.149   -3.480   -1.744    0.662    5.411    1.974
  74.80    8.267    8.292    8.365   -0.639   -1.102    3.267   -0.639   -1.102   -3.602   -2.088    0.705    6.149    2.111
  74.90    8.494    8.539    8.580   -0.872   -0.842    3.494   -0.872   -0.842   -2.943   -3.045    0.734    6.839    2.149
  75.00    8.296    8.322    8.346   -0.657   -0.636    3.296   -0.657   -0.636   -2.098   -2.166    0.418    5.851    1.522
  75.10    8.185    8.243    8.280   -0.973   -0.779    3.185   -0.973   -0.779   -2.483   -3.100    0.759    5.850    2.022
  75.20    8.384    8.414    8.438   -0.700   -0.644    3.384   -0.700   -0.644   -2.178   -2.367    0.450    6.179    1.624
  75.30    8.280    8.300    8.333   -0.582   -0.742    3.280   -0.582   -0.742   -2.435   -1.908    0.432    5.823    1.562
  75.40    8.729    8.752    8.773   -0.628   -0.611    3.729   -0.628   -0.611   -2.278   -2.342    0.384    7.338    1.645
  75.50    8.708    8.744    8.773   -0.799   -0.706    3.708   -0.799   -0.706   -2.618   -2.961    0.564    7.441    1.996
  75.60    8.762    8.809    8.841   -0.908   -0.749    3.762   -0.908   -0.749   -2.818   -3.417    0.680    7.770    2.240
  75.70    9.088    9.142    9.176   -1.000   -0.786    4.088   -1.000   -0.786   -3.214   -4.088    0.786    9.164    2.630
  75.80    9.172    9.223    9.259   -0.962   -0.818    4.172   -0.962   -0.818   -3.412   -4.014    0.787    9.502    2.663
  75.90    9.168    9.201    9.239   -0.775   -0.837    4.168   -0.775   -0.837   -3.490   -3.229    0.649    9.339    2.399
  76.00    9.080    9.103    9.123   -0.643   -0.600    4.080   -0.643   -0.600   -2.446   -2.624    0.386    8.712    1.804
  76.10    8.766    8.787    8.814   -0.604   -0.688    3.766   -0.604   -0.688   -2.590   -2.276    0.416    7.512    1.737
  76.20    8.634    8.694    8.763   -1.014   -1.098    3.634   -1.014   -1.098   -3.990   -3.685    1.113    7.721    2.772
  76.30    8.874    8.930    9.021   -1.001   -1.280    3.874   -1.001   -1.280   -4.958   -3.878    1.281    8.823    3.212
  76.40    9.204    9.264    9.377   -1.053   -1.452    4.204   -1.053   -1.452   -6.105   -4.428    1.529   10.447    3.848
  76.50    8.920    8.974    9.078   -0.985   -1.371    3.920   -0.985   -1.371   -5.375   -3.860    1.351    9.107    3.377
  76.60    8.669    8.711    8.830   -0.846   -1.447    3.669   -0.846   -1.447   -5.310   -3.105    1.225    8.138    3.136
  76.70    8.315    8.356    8.446   -0.825   -1.229    3.315   -0.825   -1.229   -4.073   -2.734    1.013    6.590    2.504
  76.80    8.342    8.397    8.490   -0.962   -1.252    3.342   -0.962   -1.252   -4.185   -3.213    1.204    6.830    2.706
  76.90    8.074    8.210    8.312   -1.490   -1.297    3.074   -1.490   -1.297   -3.988   -4.579    1.933    6.675    3.186
  77.00    7.781    7.922    8.065   -1.484   -1.515    2.781   -1.484   -1.515   -4.214   -4.127    2.248    6.116    3.156
  77.10    7.871    7.972    8.066   -1.264   -1.224    2.871   -1.264   -1.224   -3.513   -3.630    1.547    5.670    2.642
  77.20    7.670    7.749    7.848   -1.100   -1.248    2.670   -1.100   -1.248   -3.332   -2.937    1.373    4.949    2.325
  77.30    7.229    7.315    7.389   -1.118   -1.038    2.229   -1.118   -1.038   -2.315   -2.492    1.161    3.649    1.797
  77.40    7.609    7.726    7.826   -1.343   -1.246    2.609   -1.343   -1.246   -3.250   -3.504    1.673    5.081    2.532
  77.50    7.681    7.747    7.896   -1.006   -1.526    2.681   -1.006   -1.526   -4.091   -2.699    1.536    5.265    2.568
  77.60    7.270    7.312    7.400   -0.777   -1.140    2.270   -0.777   -1.140   -2.588   -1.765    0.886    3.529    1.628
  77.70    7.473    7.508    7.621   -0.725   -1.307    2.473   -0.725   -1.307   -3.233   -1.792    0.948    4.175    1.908
  77.80    7.577    7.610    7.769   -0.708   -1.561    2.577   -0.708   -1.561   -4.023   -1.824    1.105    4.790    2.277
  77.90    7.756    7.770    7.956   -0.459   -1.710    2.756   -0.459   -1.710   -4.714   -1.266    0.785    5.367    2.472
  78.00    7.877    7.898    8.185   -0.573   -2.150    2.877   -0.573   -2.150   -6.186   -1.648    1.232    6.614    3.259
  78.10    8.505    8.513    8.689   -0.361   -1.744    3.505   -0.361   -1.744   -6.112   -1.267    0.630    7.728    3.137
  78.20    8.532    8.534    8.743   -0.177   -1.899    3.532   -0.177   -1.899   -6.709   -0.625    0.336    8.057    3.373
  78.30    8.396    8.404    8.545   -0.350   -1.547    3.396   -0.350   -1.547   -5.256   -1.189    0.542    7.026    2.708
  78.40    8.306    8.343    8.581   -0.777   -2.008    3.306   -0.777   -2.008   -6.640   -2.569    1.560    7.785    3.644
  78.50    7.930    7.982    8.338   -0.912   -2.409    2.930   -0.912   -2.409   -7.059   -2.672    2.198    7.610    3.931
  78.60    7.905    7.968    8.325   -0.999   -2.412    2.905   -0.999   -2.412   -7.009   -2.901    2.409    7.629    3.980
  78.70    7.708    7.775    8.119   -1.013   -2.341    2.708   -1.013   -2.341   -6.340   -2.744    2.371    6.921    3.652
  78.80    8.055    8.115    8.295   -0.977   -1.723    3.055   -0.977   -1.723   -5.264   -2.985    1.683    6.629    3.140
  78.90    8.040    8.132    8.313   -1.217   -1.727    3.040   -1.217   -1.727   -5.251   -3.700    2.102    6.853    3.379
  79.00    8.036    8.090    8.325   -0.931   -1.967    3.036   -0.931   -1.967   -5.972   -2.827    1.832    6.977    3.428
  79.10    8.215    8.245    8.470   -0.704   -1.939    3.215   -0.704   -1.939   -6.236   -2.262    1.365    7.298    3.386
  79.20    8.130    8.163    8.315   -0.735   -1.581    3.130   -0.735   -1.581   -4.948   -2.301    1.162    6.418    2.790
  79.30    8.259    8.294    8.418   -0.758   -1.444    3.259   -0.758   -1.444   -4.705   -2.470    1.094    6.640    2.712
  79.40    8.459    8.484    8.564   -0.651   -1.165    3.459   -0.651   -1.165   -4.030   -2.251    0.758    6.874    2.339
  79.50    7.940    7.972    8.122   -0.713   -1.558    2.940   -0.713   -1.558   -4.581   -2.095    1.111    5.789    2.579
  79.60    8.083    8.113    8.305   -0.699   -1.772    3.083   -0.699   -1.772   -5.464   -2.154    1.238    6.567    3.001
  79.70    7.899    7.947    8.212   -0.874   -2.070    2.899   -0.874   -2.070   -6.000   -2.534    1.809    6.726    3.380
  79.80    7.784    7.787    8.116   -0.191   -2.288    2.784   -0.191   -2.288   -6.371   -0.532    0.437    6.512    3.204
  79.90    8.016    8.017    8.305   -0.098   -2.168    3.016   -0.098   -2.168   -6.540   -0.296    0.212    6.904    3.275
  80.00    8.356    8.368    8.603   -0.441   -1.995    3.356   -0.441   -1.995   -6.697   -1.479    0.879    7.720    3.457
  80.10    8.579    8.603    8.773   -0.646   -1.720    3.579   -0.646   -1.720   -6.156   -2.312    1.111    8.092    3.334
  80.20    8.250    8.305    8.443   -0.950   -1.522    3.250   -0.950   -1.522   -4.947   -3.088    1.446    6.891    3.004
  80.30    8.253    8.299    8.430   -0.866   -1.481    3.253   -0.866   -1.481   -4.819   -2.818    1.283    6.765    2.864
  80.40    8.251    8.309    8.370   -0.979   -1.008    3.251   -0.979   -1.008   -3.277   -3.184    0.987    6.272    2.337
  80.50    8.015    8.074    8.121   -0.981   -0.871    3.015   -0.981   -0.871   -2.626   -2.958    0.855    5.405    2.024
  80.60    7.810    7.892    7.937   -1.132   -0.849    2.810   -1.132   -0.849   -2.385   -3.182    0.961    4.949    2.045
  80.70    7.419    7.531    7.576   -1.293   -0.828    2.419   -1.293   -0.828   -2.002   -3.127    1.070    4.103    1.932
  80.80    7.267    7.348    7.436   -1.086   -1.145    2.267   -1.086   -1.145   -2.596   -2.461    1.244    3.815    1.894
  80.90    6.950    6.983    7.165   -0.677   -1.605    1.950   -0.677   -1.605   -3.131   -1.321    1.087    3.420    1.784
  81.00    7.133    7.138    7.228   -0.257   -1.139    2.133   -0.257   -1.139   -2.430   -0.548    0.292    2.957    1.254
  81.10    6.957    6.968    7.055   -0.377   -1.109    1.957   -0.377   -1.109   -2.170   -0.737    0.418    2.601    1.165
  81.20    7.258    7.260    7.358   -0.167   -1.202    2.258   -0.167   -1.202   -2.713   -0.376    0.200    3.284    1.373
  81.30    7.314    7.314    7.393   -0.044   -1.076    2.314   -0.044   -1.076   -2.490   -0.102    0.048    3.257    1.246
  81.40    7.485    7.486    7.563   -0.119   -1.082    2.485   -0.119   -1.082   -2.688   -0.296    0.129    3.679    1.354
  81.50    7.481    7.487    7.562   -0.302   -1.065    2.481   -0.302   -1.065   -2.642   -0.750    0.322    3.690    1.382
  81.60    7.894    7.902    8.012   -0.346   -1.322    2.894   -0.346   -1.322   -3.825   -1.002    0.458    5.122    1.990
  81.70    8.303    8.304    8.383   -0.096   -1.151    3.303   -0.096   -1.151   -3.800   -0.316    0.110    6.121    1.907
  81.80    8.423    8.424    8.534    0.086   -1.364    3.423    0.086   -1.364   -4.671    0.295   -0.118    6.795    2.341
  81.90    8.675    8.677    8.764    0.188   -1.233    3.675    0.188   -1.233   -4.530    0.691   -0.232    7.529    2.294
  82.00    8.806    8.806    8.945    0.010   -1.571    3.806    0.010   -1.571   -5.979    0.038   -0.016    8.477    2.989
  82.10    8.525    8.528    8.720    0.234   -1.816    3.525    0.234   -1.816   -6.404    0.823   -0.424    7.891    3.235
  82.20    8.148    8.148    8.239    0.075   -1.219    3.148    0.075   -1.219   -3.838    0.236   -0.091    5.700    1.923
  82.30    8.103    8.106    8.264   -0.213   -1.610    3.103   -0.213   -1.610   -4.996   -0.661    0.343    6.133    2.526
  82.40    8.242    8.264    8.459   -0.604   -1.805    3.242   -0.604   -1.805   -5.853   -1.959    1.091    7.068    3.134
  82.50    8.283    8.328    8.459   -0.864   -1.482    3.283   -0.864   -1.482   -4.865   -2.835    1.280    6.859    2.887
  82.60    8.510    8.532    8.677   -0.613   -1.583    3.510   -0.613   -1.583   -5.554   -2.153    0.971    7.599    3.018
  82.70    8.954    8.961    9.106   -0.351   -1.617    3.954   -0.351   -1.617   -6.395   -1.389    0.568    9.188    3.284
  82.80    8.702    8.707    8.823   -0.286   -1.425    3.702   -0.286   -1.425   -5.276   -1.057    0.407    7.910    2.698
  82.90    8.369    8.378    8.508   -0.394   -1.482    3.369   -0.394   -1.482   -4.994   -1.328    0.584    6.850    2.600
  83.00    8.113    8.114    8.202    0.125   -1.193    3.113    0.125   -1.193   -3.716    0.390   -0.150    5.567    1.870
  83.10    8.220    8.221    8.310    0.134   -1.215    3.220    0.134   -1.215   -3.913    0.431   -0.163    5.931    1.970
  83.20    8.181    8.184    8.249   -0.221   -1.030    3.181   -0.221   -1.030   -3.277   -0.703    0.228    5.616    1.680
  83.30    8.008    8.023    8.171   -0.488   -1.547    3.008   -0.488   -1.547   -4.654   -1.469    0.756    5.840    2.469
  83.40    7.804    7.831    7.938   -0.652   -1.300    2.804   -0.652   -1.300   -3.647   -1.828    0.848    4.989    2.083
  83.50    7.377    7.396    7.511   -0.530   -1.308    2.377   -0.530   -1.308   -3.109   -1.260    0.693    3.820    1.713
  83.60    7.296    7.304    7.388   -0.340   -1.108    2.296   -0.340   -1.108   -2.545   -0.780    0.376    3.309    1.344
  83.70    7.438    7.442    7.538   -0.234   -1.199    2.438   -0.234   -1.199   -2.923   -0.570    0.280    3.718    1.495
  83.80    7.470    7.474    7.537   -0.265   -0.972    2.470   -0.265   -0.972   -2.400   -0.654    0.257    3.557    1.250
  83.90    7.432    7.440    7.550   -0.341   -1.283    2.432   -0.341   -1.283   -3.120   -0.830    0.438    3.839    1.629
  84.00    7.513    7.538    7.620   -0.608   -1.112    2.513   -0.608   -1.112   -2.796   -1.528    0.676    3.962    1.628
  84.10    7.775    7.775    7.851    0.014   -1.092    2.775    0.014   -1.092   -3.030    0.038   -0.015    4.447    1.515
  84.20    7.505    7.506    7.565    0.054   -0.946    2.505    0.054   -0.946   -2.369    0.135   -0.051    3.587    1.187
  84.30    7.588    7.594    7.642   -0.285   -0.855    2.588   -0.285   -0.855   -2.212   -0.738    0.244    3.756    1.172
  84.40    7.806    7.808    7.890   -0.207   -1.135    2.806   -0.207   -1.135   -3.185   -0.581    0.235    4.602    1.623
  84.50    8.003    8.003    8.099   -0.050   -1.247    3.003   -0.050   -1.247   -3.745   -0.150    0.062    5.287    1.874
  84.60    7.822    7.843    7.928   -0.563   -1.160    2.822   -0.563   -1.160   -3.275   -1.590    0.654    4.815    1.849
  84.70    7.537    7.540    7.598   -0.195   -0.936    2.537   -0.195   -0.936   -2.374   -0.494    0.182    3.676    1.216
  84.80    7.504    7.509    7.532   -0.268   -0.588    2.504   -0.268   -0.588   -1.472   -0.670    0.157    3.344    0.813
  84.90    7.217    7.218    7.284   -0.132   -0.976    2.217   -0.132   -0.976   -2.165   -0.293    0.129    2.944    1.094
  85.00    6.744    6.744    6.840   -0.051   -1.140    1.744   -0.051   -1.140   -1.989   -0.090    0.059    2.172    0.996
  85.10    6.510    6.523    6.589   -0.412   -0.934    1.510   -0.412   -0.934   -1.411   -0.622    0.385    1.661    0.794
  85.20    6.757    6.797    6.886   -0.733   -1.107    1.757   -0.733   -1.107   -1.945   -1.288    0.811    2.425    1.235
  85.30    6.730    6.767    6.911   -0.701   -1.404    1.730   -0.701   -1.404   -2.430   -1.213    0.985    2.729    1.445
  85.40    6.780    6.851    6.966   -0.982   -1.260    1.780   -0.982   -1.260   -2.243   -1.748    1.237    2.860    1.550
  85.50    6.768    6.832    6.987   -0.929   -1.465    1.768   -0.929   -1.465   -2.591   -1.643    1.362    3.069    1.678
  85.60    6.494    6.532    6.640   -0.704   -1.189    1.494   -0.704   -1.189   -1.777   -1.051    0.837    2.071    1.114
  85.70    6.530    6.572    6.581   -0.738   -0.355    1.530   -0.738   -0.355   -0.544   -1.129    0.262    1.506    0.640
  85.80    6.809    6.896    6.898   -1.090   -0.159    1.809   -1.090   -0.159   -0.288   -1.971    0.174    2.243    1.000
  85.90    6.651    6.758    6.763   -1.197   -0.255    1.651   -1.197   -0.255   -0.422   -1.977    0.306    2.112    1.022
  86.00    6.871    6.971    6.976   -1.177   -0.247    1.871   -1.177   -0.247   -0.462   -2.203    0.291    2.474    1.135
  86.10    7.306    7.390    7.399   -1.111   -0.362    2.306   -1.111   -0.362   -0.836   -2.562    0.403    3.341    1.362
  86.20    7.329    7.430    7.433   -1.224   -0.217    2.329   -1.224   -0.217   -0.505   -2.851    0.266    3.484    1.454
  86.30    7.407    7.506    7.507   -1.216   -0.090    2.407   -1.216   -0.090   -0.216   -2.927    0.109    3.641    1.468
  86.40    7.352    7.439    7.455   -1.132   -0.498    2.352   -1.132   -0.498   -1.172   -2.662    0.564    3.530    1.481
  86.50    7.321    7.445    7.470   -1.353   -0.614    2.321   -1.353   -0.614   -1.425   -3.140    0.830    3.797    1.773
  86.60    7.406    7.539    7.555   -1.411   -0.489    2.406   -1.411   -0.489   -1.177   -3.393    0.690    4.008    1.829
  86.70    7.163    7.247    7.266   -1.106   -0.526    2.163   -1.106   -0.526   -1.137   -2.392    0.581    3.088    1.356
  86.80    7.669    7.747    7.765   -1.101   -0.524    2.669   -1.101   -0.524   -1.398   -2.940    0.577    4.305    1.653
  86.90    7.530    7.628    7.638   -1.220   -0.382    2.530   -1.220   -0.382   -0.967   -3.087    0.466    4.018    1.634
  87.00    7.185    7.252    7.278   -0.985   -0.615    2.185   -0.985   -0.615   -1.344   -2.151    0.606    3.060    1.304
  87.10    7.079    7.149    7.158   -1.000   -0.358    2.079   -1.000   -0.358   -0.745   -2.080    0.359    2.726    1.119
  87.20    7.175    7.244    7.244   -0.997   -0.083    2.175   -0.997   -0.083   -0.181   -2.168    0.083    2.865    1.089
  87.30    7.273    7.359    7.361   -1.120   -0.163    2.273   -1.120   -0.163   -0.370   -2.545    0.182    3.224    1.289
  87.40    7.071    7.112    7.115   -0.762    0.229    2.071   -0.762    0.229    0.474   -1.578   -0.174    2.460    0.828
  87.50    7.255    7.283    7.302   -0.643    0.525    2.255   -0.643    0.525    1.184   -1.450   -0.338    2.887    0.951
  87.60    7.609    7.619    7.635   -0.388    0.492    2.609   -0.388    0.492    1.284   -1.013   -0.191    3.601    0.824
  87.70    7.374    7.399    7.424   -0.603    0.606    2.374   -0.603    0.606    1.440   -1.432   -0.366    3.184    1.032
  87.80    7.328    7.414    7.424   -1.124    0.388    2.328   -1.124    0.388    0.902   -2.616   -0.435    3.416    1.401
  87.90    7.359    7.415    7.416   -0.905    0.151    2.359   -0.905    0.151    0.356   -2.135   -0.137    3.204    1.084
  88.00    7.287    7.325    7.326   -0.749    0.052    2.287   -0.749    0.052    0.119   -1.712   -0.039    2.897    0.859
  88.10    7.154    7.219    7.222   -0.969    0.210    2.154   -0.969    0.210    0.453   -2.086   -0.204    2.811    1.072
  88.20    7.258    7.293    7.312   -0.711    0.533    2.258   -0.711    0.533    1.203   -1.606   -0.379    2.944    1.021
  88.30    7.169    7.271    7.285   -1.218    0.437    2.169   -1.218    0.437    0.948   -2.641   -0.533    3.189    1.428
  88.40    7.355    7.515    7.517   -1.545   -0.155    2.355   -1.545   -0.155   -0.366   -3.637    0.240    3.977    1.831
  88.50    7.376    7.425    7.442   -0.847   -0.507    2.376   -0.847   -0.507   -1.204   -2.012    0.429    3.311    1.192
  88.60    6.867    6.930    6.953   -0.936   -0.563    1.867   -0.936   -0.563   -1.051   -1.748    0.527    2.339    1.053
  88.70    6.940    7.053    7.115   -1.259   -0.934    1.940   -1.259   -0.934   -1.813   -2.442    1.176    3.111    1.631
  88.80    7.182    7.275    7.305   -1.156   -0.671    2.182   -1.156   -0.671   -1.463   -2.522    0.775    3.274    1.509
  88.90    7.419    7.481    7.492   -0.965   -0.409    2.419   -0.965   -0.409   -0.990   -2.333    0.395    3.474    1.283
  89.00    7.882    7.936    7.983   -0.921   -0.867    2.882   -0.921   -0.867   -2.499   -2.656    0.799    4.953    1.867
  89.10    7.920    7.997    8.025   -1.103   -0.675    2.920   -1.103   -0.675   -1.971   -3.222    0.745    5.100    1.925
  89.20    7.715    7.742    7.750   -0.646   -0.358    2.715   -0.646   -0.358   -0.972   -1.753    0.231    3.958    1.009
  89.30    7.565    7.572    7.577   -0.320   -0.284    2.565   -0.320   -0.284   -0.729   -0.820    0.091    3.381    0.551
  89.40    7.726    7.729    7.747    0.177   -0.541    2.726    0.177   -0.541   -1.475    0.483   -0.096    3.879    0.777
  89.50    7.992    7.993    7.996    0.130   -0.204    2.992    0.130   -0.204   -0.611    0.390   -0.027    4.506    0.363
  89.60    7.826    7.830    7.837   -0.250   -0.341    2.826   -0.250   -0.341   -0.964   -0.707    0.085    4.082    0.599
  89.70    7.264    7.289    7.303   -0.603   -0.461    2.264   -0.603   -0.461   -1.045   -1.365    0.278    2.851    0.870
  89.80    7.458    7.467    7.468   -0.371   -0.138    2.458   -0.371   -0.138   -0.339   -0.911    0.051    3.098    0.487
  89.90    7.406    7.411    7.411   -0.284    0.029    2.406   -0.284    0.029    0.069   -0.683   -0.008    2.935    0.343
  90.00    7.533    7.538    7.539   -0.255   -0.158    2.533   -0.255   -0.158   -0.401   -0.645    0.040    3.254    0.380
  90.10    7.775    7.783    7.785   -0.333   -0.184    2.775   -0.333   -0.184   -0.510   -0.924    0.061    3.924    0.528
  90.20    7.543    7.548    7.557   -0.274   -0.371    2.543   -0.274   -0.371   -0.943   -0.697    0.102    3.340    0.588
  90.30    7.615    7.619    7.638   -0.233   -0.544    2.615   -0.233   -0.544   -1.422   -0.609    0.127    3.595    0.776
  90.40    7.722    7.722    7.753   -0.067   -0.687    2.722   -0.067   -0.687   -1.870   -0.183    0.046    3.943    0.940
  90.50    7.571    7.572    7.579    0.073   -0.324    2.571    0.073   -0.324   -0.834    0.188   -0.024    3.361    0.428
  90.60    7.905    7.907    7.915   -0.184   -0.357    2.905   -0.184   -0.357   -1.038   -0.534    0.066    4.301    0.585
  90.70    7.779    7.791    7.795   -0.437   -0.249    2.779   -0.437   -0.249   -0.693   -1.214    0.109    3.988    0.701
  90.80    7.803    7.814    7.817   -0.400   -0.244    2.803   -0.400   -0.244   -0.685   -1.121    0.098    4.039    0.658
  90.90    7.939    7.949    7.949   -0.383    0.019    2.939   -0.383    0.019    0.055   -1.126   -0.007    4.394    0.564
  91.00    8.001    8.001    8.002    0.025    0.152    3.001    0.025    0.152    0.455    0.074    0.004    4.513    0.231
  91.10    7.721    7.722    7.724   -0.116   -0.161    2.721   -0.116   -0.161   -0.438   -0.317    0.019    3.723    0.270
  91.20    7.713    7.727    7.732   -0.466   -0.291    2.713   -0.466   -0.291   -0.788   -1.264    0.135    3.830    0.748
  91.30    7.862    7.866    7.868   -0.263   -0.194    2.862   -0.263   -0.194   -0.554   -0.751    0.051    4.147    0.467
  91.40    7.937    7.941    7.941   -0.240    0.027    2.937   -0.240    0.027    0.079   -0.705   -0.006    4.343    0.355
  91.50    7.414    7.436    7.441   -0.571   -0.273    2.414   -0.571   -0.273   -0.660   -1.377    0.156    3.114    0.768
  91.60    7.235    7.332    7.338   -1.185   -0.311    2.235   -1.185   -0.311   -0.696   -2.649    0.369    3.249    1.382
  91.70    7.293    7.399    7.399   -1.248    0.029    2.293   -1.248    0.029    0.067   -2.860   -0.037    3.407    1.431
  91.80    7.414    7.474    7.474   -0.948   -0.015    2.414   -0.948   -0.015   -0.035   -2.289    0.014    3.364    1.145
  91.90    7.510    7.609    7.616   -1.228    0.319    2.510   -1.228    0.319    0.800   -3.081   -0.392    3.953    1.604
  92.00    7.607    7.786    7.792   -1.661   -0.290    2.607   -1.661   -0.290   -0.756   -4.330    0.481    4.820    2.211
  92.10    7.812    7.995    8.012   -1.704   -0.518    2.812   -1.704   -0.518   -1.457   -4.792    0.883    5.539    2.543
  92.20    7.961    8.052    8.057   -1.209   -0.287    2.961   -1.209   -0.287   -0.849   -3.579    0.347    5.154    1.847
  92.30    7.759    7.819    7.839   -0.970   -0.552    2.759   -0.970   -0.552   -1.523   -2.675    0.535    4.428    1.562
  92.40    7.544    7.576    7.594   -0.703   -0.523    2.544   -0.703   -0.523   -1.331   -1.787    0.368    3.619    1.129
  92.50    7.248    7.322    7.330   -1.036   -0.348    2.248   -1.036   -0.348   -0.782   -2.329    0.360    3.124    1.241
  92.60    7.185    7.349    7.358   -1.544   -0.360    2.185   -1.544   -0.360   -0.787   -3.375    0.556    3.645    1.755
  92.70    7.428    7.580    7.595   -1.512   -0.472    2.428   -1.512   -0.472   -1.145   -3.671    0.713    4.201    1.955
  92.80    6.715    6.871    6.908   -1.458   -0.711    1.715   -1.458   -0.711   -1.220   -2.500    1.037    2.786    1.484
  92.90    6.598    6.669    6.695   -0.975   -0.589    1.598   -0.975   -0.589   -0.941   -1.558    0.574    1.925    0.954
  93.00    6.874    6.973    7.021   -1.174   -0.816    1.874   -1.174   -0.816   -1.529   -2.199    0.958    2.777    1.422
  93.10    6.976    7.026    7.041   -0.841   -0.452    1.976   -0.841   -0.452   -0.892   -1.661    0.380    2.408    0.962
  93.20    6.956    6.995    7.006   -0.731   -0.399    1.956   -0.731   -0.399   -0.781   -1.431    0.292    2.261    0.828
  93.30    6.630    6.677    6.677   -0.792    0.029    1.630   -0.792    0.029    0.047   -1.290   -0.023    1.642    0.646
  93.40    6.595    6.632    6.632   -0.694    0.050    1.595   -0.694    0.050    0.081   -1.107   -0.035    1.515    0.555
  93.50    6.619    6.712    6.713   -1.116    0.069    1.619   -1.116    0.069    0.112   -1.807   -0.077    1.936    0.906
  93.60    6.319    6.382    6.393   -0.897   -0.375    1.319   -0.897   -0.375   -0.495   -1.183    0.336    1.342    0.663
  93.70    6.368    6.421    6.434   -0.822   -0.409    1.368   -0.822   -0.409   -0.559   -1.124    0.336    1.357    0.650
  93.80    6.079    6.167    6.184   -1.039   -0.457    1.079   -1.039   -0.457   -0.493   -1.121    0.475    1.226    0.657
  93.90    6.281    6.387    6.388   -1.157    0.083    1.281   -1.157    0.083    0.106   -1.482   -0.096    1.493    0.745
  94.00    6.504    6.578    6.585   -0.983    0.294    1.504   -0.983    0.294    0.442   -1.478   -0.288    1.657    0.785
  94.10    6.801    6.847    6.855   -0.790    0.327    1.801   -0.790    0.327    0.589   -1.423   -0.258    1.988    0.781
  94.20    6.483    6.490    6.494   -0.304   -0.223    1.483   -0.304   -0.223   -0.330   -0.451    0.068    1.170    0.282
  94.30    6.669    6.676    6.699   -0.296   -0.557    1.669   -0.296   -0.557   -0.929   -0.493    0.165    1.592    0.532
  94.40    6.200    6.234    6.258   -0.650   -0.553    1.200   -0.650   -0.553   -0.663   -0.780    0.359    1.083    0.542
  94.50    6.452    6.474    6.474   -0.532   -0.011    1.452   -0.532   -0.011   -0.015   -0.773    0.006    1.196    0.386
  94.60    6.539    6.551    6.554   -0.409   -0.182    1.539   -0.409   -0.182   -0.280   -0.629    0.074    1.284    0.346
  94.70    6.575    6.580    6.589   -0.260   -0.347    1.575   -0.260   -0.347   -0.547   -0.409    0.090    1.334    0.344
  94.80    6.803    6.807    6.809   -0.230   -0.164    1.803   -0.230   -0.164   -0.295   -0.415    0.038    1.665    0.255
  94.90    6.633    6.635    6.637    0.166    0.160    1.633    0.166    0.160    0.262    0.271    0.027    1.360    0.189
  95.00    6.566    6.570    6.582    0.246    0.395    1.566    0.246    0.395    0.619    0.386    0.097    1.334    0.368
  95.10    6.750    6.752    6.752    0.166    0.006    1.750    0.166    0.006    0.011    0.291    0.001    1.546    0.146
  95.20    6.352    6.357    6.360   -0.252    0.196    1.352   -0.252    0.196    0.265   -0.340   -0.049    0.964    0.217
  95.30    6.588    6.589    6.605   -0.132    0.463    1.588   -0.132    0.463    0.736   -0.210   -0.061    1.377    0.384
  95.40    6.671    6.675    6.734    0.211    0.892    1.671    0.211    0.892    1.492    0.352    0.188    1.817    0.772
  95.50    6.642    6.651    6.702   -0.336    0.822    1.642   -0.336    0.822    1.351   -0.552   -0.277    1.743    0.743
  95.60    6.606    6.616    6.652   -0.374    0.689    1.606   -0.374    0.689    1.106   -0.600   -0.257    1.596    0.642
  95.70    6.673    6.686    6.709   -0.420    0.555    1.673   -0.420    0.555    0.929   -0.703   -0.233    1.642    0.594
  95.80    6.703    6.729    6.751   -0.586    0.549    1.703   -0.586    0.549    0.935   -0.997   -0.321    1.772    0.702
  95.90    6.466    6.504    6.513   -0.702    0.343    1.466   -0.702    0.343    0.503   -1.030   -0.241    1.380    0.586
  96.00    6.222    6.251    6.266   -0.600    0.428    1.222   -0.600    0.428    0.523   -0.733   -0.256    1.018    0.468
  96.10    6.301    6.427    6.451   -1.271    0.545    1.301   -1.271    0.545    0.709   -1.653   -0.693    1.802    0.964
  96.20    6.544    6.682    6.713   -1.353    0.636    1.544   -1.353    0.636    0.983   -2.088   -0.861    2.309    1.232
  96.30    6.579    6.665    6.721   -1.071    0.862    1.579   -1.071    0.862    1.361   -1.691   -0.924    2.191    1.179
  96.40    6.471    6.599    6.633   -1.289    0.672    1.471   -1.289    0.672    0.988   -1.897   -0.866    2.139    1.154
  96.50    6.406    6.579    6.620   -1.499    0.733    1.406   -1.499    0.733    1.032   -2.108   -1.099    2.381    1.296
  96.60    6.517    6.610    6.631   -1.100    0.534    1.517   -1.100    0.534    0.811   -1.670   -0.588    1.900    0.974
  96.70    6.813    6.885    6.887   -0.998   -0.142    1.813   -0.998   -0.142   -0.258   -1.808    0.142    2.151    0.916
  96.80    6.704    6.774    6.776   -0.976   -0.162    1.704   -0.976   -0.162   -0.276   -1.662    0.158    1.940    0.846
  96.90    6.961    7.036    7.051   -1.026   -0.449    1.961   -1.026   -0.449   -0.881   -2.012    0.461    2.551    1.122
  97.00    6.756    6.817    6.849   -0.903   -0.663    1.756   -0.903   -0.663   -1.165   -1.586    0.599    2.170    1.029
  97.10    6.585    6.633    6.699   -0.799   -0.935    1.585   -0.799   -0.935   -1.481   -1.266    0.746    2.012    1.043
  97.20    6.666    6.696    6.718   -0.626   -0.544    1.666   -0.626   -0.544   -0.907   -1.043    0.341    1.732    0.712
  97.30    6.513    6.531    6.550   -0.481   -0.497    1.513   -0.481   -0.497   -0.752   -0.728    0.239    1.384    0.537
  97.40    6.407    6.470    6.527   -0.903   -0.853    1.407   -0.903   -0.853   -1.201   -1.271    0.771    1.762    0.956
  97.50    6.260    6.334    6.342   -0.967   -0.331    1.260   -0.967   -0.331   -0.417   -1.217    0.320    1.315    0.663
  97.60    6.303    6.373    6.374   -0.943   -0.102    1.303   -0.943   -0.102   -0.133   -1.229    0.097    1.299    0.620
  97.70    6.117    6.226    6.226   -1.160    0.048    1.117   -1.160    0.048    0.054   -1.296   -0.056    1.298    0.649
  97.80    6.284    6.415    6.424   -1.290    0.347    1.284   -1.290    0.347    0.445   -1.656   -0.447    1.716    0.886
  97.90    6.097    6.165    6.177   -0.911    0.385    1.097   -0.911    0.385    0.422   -0.999   -0.350    1.091    0.570
  98.00    5.901    5.954    5.986   -0.791    0.620    0.901   -0.791    0.620    0.559   -0.713   -0.491    0.911    0.515
  98.10    6.055    6.119    6.150   -0.884    0.613    1.055   -0.884    0.613    0.646   -0.932   -0.541    1.135    0.628
  98.20    6.299    6.321    6.376   -0.529    0.839    1.299   -0.529    0.839    1.090   -0.687   -0.444    1.336    0.681
  98.30    5.743    5.772    5.805   -0.584    0.613    0.743   -0.584    0.613    0.455   -0.434   -0.358    0.634    0.362
  98.40    6.028    6.039    6.088   -0.361    0.771    1.028   -0.361    0.771    0.793   -0.371   -0.278    0.891    0.459
  98.50    6.222    6.241    6.298   -0.496    0.845    1.222   -0.496    0.845    1.032   -0.606   -0.419    1.226    0.634
  98.60    6.112    6.130    6.188   -0.464    0.848    1.112   -0.464    0.848    0.943   -0.516   -0.393    1.085    0.572
  98.70    6.056    6.075    6.167   -0.484    1.059    1.056   -0.484    1.059    1.119   -0.511   -0.512    1.236    0.666
  98.80    6.149    6.193    6.266   -0.736    0.956    1.149   -0.736    0.956    1.099   -0.846   -0.704    1.389    0.778
  98.90    6.308    6.417    6.428   -1.177    0.375    1.308   -1.177    0.375    0.491   -1.539   -0.442    1.618    0.837
  99.00    6.516    6.588    6.597   -0.973    0.342    1.516   -0.973    0.342    0.518   -1.475   -0.332    1.680    0.799
  99.10    6.841    6.895    6.895   -0.861    0.026    1.841   -0.861    0.026    0.048   -1.585   -0.022    2.066    0.793
  99.20    6.640    6.718    6.723   -1.021   -0.263    1.640   -1.021   -0.263   -0.431   -1.675    0.268    1.901    0.875
  99.30    6.561    6.615    6.618   -0.842   -0.214    1.561   -0.842   -0.214   -0.335   -1.315    0.181    1.596    0.684
  99.40    6.294    6.339    6.340   -0.751   -0.142    1.294   -0.751   -0.142   -0.183   -0.972    0.106    1.129    0.497
  99.50    6.039    6.080    6.090   -0.706   -0.356    1.039   -0.706   -0.356   -0.369   -0.733    0.251    0.852    0.429
  99.60    5.902    5.965    5.966   -0.863   -0.120    0.902   -0.863   -0.120   -0.109   -0.778    0.104    0.786    0.396
  99.70    6.328    6.362    6.370   -0.662   -0.305    1.328   -0.662   -0.305   -0.405   -0.879    0.202    1.147    0.494
  99.80    6.371    6.423    6.441   -0.820   -0.476    1.371   -0.820   -0.476   -0.652   -1.124    0.390    1.389    0.678
  99.90    6.143    6.239    6.253   -1.092   -0.411    1.143   -1.092   -0.411   -0.470   -1.248    0.449    1.334    0.703
 100.00    6.124    6.212    6.215   -1.042   -0.206    1.124   -1.042   -0.206   -0.232   -1.171    0.215    1.196    0.607
 100.10    6.004    6.029    6.043   -0.551   -0.411    1.004   -0.551   -0.411   -0.413   -0.553    0.226    0.740    0.363
 100.20    6.111    6.117    6.117   -0.275    0.074    1.111   -0.275    0.074    0.083   -0.306   -0.020    0.658    0.159
 100.30    6.259    6.275    6.277   -0.440    0.155    1.259   -0.440    0.155    0.195   -0.554   -0.068    0.902    0.296
 100.40    6.130    6.151    6.155   -0.508    0.229    1.130   -0.508    0.229    0.258   -0.574   -0.116    0.794    0.320
 100.50    6.399    6.487    6.488   -1.070    0.067    1.399   -1.070    0.067    0.094   -1.496   -0.072    1.553    0.750
 100.60    6.349    6.518    6.559   -1.478    0.724    1.349   -1.478    0.724    0.976   -1.994   -1.070    2.264    1.232
 100.70    6.366    6.432    6.465   -0.919    0.653    1.366   -0.919    0.653    0.892   -1.255   -0.600    1.568    0.826
 100.80    6.188    6.313    6.338   -1.252    0.555    1.188   -1.252    0.555    0.659   -1.488   -0.695    1.644    0.885
 100.90    6.327    6.533    6.549   -1.628    0.468    1.327   -1.628    0.468    0.621   -2.159   -0.763    2.314    1.186
 101.00    6.183    6.452    6.474   -1.843    0.543    1.183   -1.843    0.543    0.642   -2.180   -1.000    2.545    1.241
 101.10    6.038    6.304    6.304   -1.813    0.015    1.038   -1.813    0.015    0.016   -1.881   -0.027    2.182    0.941
 101.20    5.933    6.126    6.127   -1.527    0.124    0.933   -1.527    0.124    0.116   -1.424   -0.190    1.609    0.721
 101.30    5.957    6.159    6.183   -1.567    0.541    0.957   -1.567    0.541    0.517   -1.499   -0.847    1.831    0.899
 101.40    5.815    6.041    6.043   -1.634    0.157    0.815   -1.634    0.157    0.128   -1.333   -0.256    1.680    0.682
 101.50    5.910    6.142    6.143   -1.674   -0.096    0.910   -1.674   -0.096   -0.087   -1.523    0.160    1.820    0.767
 101.60    5.896    6.136    6.137   -1.699   -0.090    0.896   -1.699   -0.090   -0.081   -1.523    0.153    1.849    0.766
 101.70    5.735    6.028    6.029   -1.857   -0.077    0.735   -1.857   -0.077   -0.057   -1.365    0.143    1.998    0.687
 101.80    5.893    6.089    6.089   -1.533   -0.017    0.893   -1.533   -0.017   -0.016   -1.369    0.027    1.574    0.685
 101.90    5.539    5.796    5.797   -1.709    0.101    0.539   -1.709    0.101    0.054   -0.920   -0.172    1.610    0.469
 102.00    5.651    5.915    5.916   -1.746   -0.105    0.651   -1.746   -0.105   -0.069   -1.137    0.184    1.741    0.577
 102.10    5.687    6.044    6.044   -2.046    0.026    0.687   -2.046    0.026    0.018   -1.406   -0.054    2.329    0.704
 102.20    5.982    6.464    6.470   -2.447    0.288    0.982   -2.447    0.288    0.283   -2.404   -0.705    3.518    1.261
 102.30    6.272    6.619    6.624   -2.115    0.256    1.272   -2.115    0.256    0.325   -2.690   -0.541    3.078    1.382
 102.40    6.493    6.765    6.774   -1.901    0.338    1.493   -1.901    0.338    0.504   -2.838   -0.642    2.978    1.477
 102.50    6.561    6.952    6.953   -2.299   -0.096    1.561   -2.299   -0.096   -0.150   -3.589    0.221    3.865    1.800
 102.60    6.617    6.965    6.965   -2.172    0.007    1.617   -2.172    0.007    0.011   -3.513   -0.015    3.667    1.757
 102.70    6.582    6.829    6.835   -1.817    0.295    1.582   -1.817    0.295    0.468   -2.875   -0.537    2.946    1.481
 102.80    6.160    6.455    6.463   -1.926    0.330    1.160   -1.926    0.330    0.383   -2.235   -0.636    2.583    1.178
 102.90    6.443    6.717    6.734   -1.898    0.479    1.443   -1.898    0.479    0.692   -2.739   -0.910    2.957    1.484
 103.00    6.478    6.824    6.852   -2.144    0.622    1.478   -2.144    0.622    0.920   -3.170   -1.335    3.585    1.780
 103.10    6.489    6.940    6.974   -2.461    0.689    1.489   -2.461    0.689    1.026   -3.665   -1.694    4.374    2.083
 103.20    6.503    6.841    6.862   -2.125    0.530    1.503   -2.125    0.530    0.797   -3.194   -1.127    3.529    1.740
 103.30    6.511    6.861    6.894   -2.164    0.667    1.511   -2.164    0.667    1.007   -3.270   -1.443    3.706    1.857
 103.40    6.228    6.505    6.585   -1.879    1.022    1.228   -1.879    1.022    1.254   -2.306   -1.919    3.040    1.626
 103.50    6.317    6.670    6.697   -2.141    0.601    1.317   -2.141    0.601    0.791   -2.819   -1.287    3.340    1.599
 103.60    6.723    7.168    7.170   -2.485    0.182    1.723   -2.485    0.182    0.313   -4.282   -0.452    4.588    2.159
 103.70    6.796    7.335    7.352   -2.760    0.505    1.796   -2.760    0.505    0.908   -4.957   -1.395    5.549    2.614
 103.80    7.101    7.406    7.410   -2.104   -0.242    2.101   -2.104   -0.242   -0.508   -4.421    0.509    4.450    2.239
 103.90    6.989    7.333    7.336   -2.220   -0.212    1.989   -2.220   -0.212   -0.422   -4.416    0.471    4.465    2.230
 104.00    7.217    7.502    7.511   -2.050   -0.358    2.217   -2.050   -0.358   -0.793   -4.545    0.734    4.623    2.336
 104.10    7.218    7.436    7.454   -1.785   -0.527    2.218   -1.785   -0.527   -1.168   -3.959    0.940    4.191    2.117
 104.20    6.724    6.943    6.945   -1.733   -0.138    1.724   -1.733   -0.138   -0.237   -2.987    0.239    2.997    1.503
 104.30    6.683    6.855    6.861   -1.524   -0.292    1.683   -1.524   -0.292   -0.491   -2.566    0.445    2.621    1.325
 104.40    6.794    6.903    6.911   -1.221   -0.327    1.794   -1.221   -0.327   -0.588   -2.190    0.400    2.408    1.151
 104.50    6.592    6.633    6.656   -0.740   -0.548    1.592   -0.740   -0.548   -0.873   -1.177    0.406    1.691    0.760
 104.60    6.921    6.984    7.012   -0.936   -0.628    1.921   -0.936   -0.628   -1.207   -1.798    0.588    2.481    1.122
 104.70    6.987    7.090    7.096   -1.202   -0.292    1.987   -1.202   -0.292   -0.581   -2.389    0.352    2.740    1.242
 104.80    6.759    6.882    6.889   -1.296   -0.299    1.759   -1.296   -0.299   -0.527   -2.279    0.388    2.431    1.186
 104.90    6.637    6.679    6.683   -0.742   -0.235    1.637   -0.742   -0.235   -0.385   -1.215    0.175    1.643    0.643
 105.00    6.550    6.598    6.599   -0.793   -0.140    1.550   -0.793   -0.140   -0.217   -1.230    0.111    1.525    0.627
 105.10    6.765    6.874    6.883   -1.223    0.348    1.765   -1.223    0.348    0.614   -2.157   -0.426    2.365    1.142
 105.20    6.384    6.596    6.599   -1.661    0.195    1.384   -1.661    0.195    0.270   -2.299   -0.324    2.356    1.168
 105.30    6.188    6.385    6.385   -1.573   -0.056    1.188   -1.573   -0.056   -0.067   -1.869    0.088    1.944    0.936
 105.40    6.183    6.366    6.374   -1.519   -0.312    1.183   -1.519   -0.312   -0.369   -1.797    0.474    1.902    0.947
 105.50    5.907    6.015    6.046   -1.137   -0.611    0.907   -1.137   -0.611   -0.554   -1.031    0.695    1.244    0.680
 105.60    5.594    5.640    5.675   -0.717   -0.625    0.594   -0.717   -0.625   -0.371   -0.426    0.448    0.629    0.361
 105.70    5.816    5.903    5.910   -1.007   -0.285    0.816   -1.007   -0.285   -0.232   -0.822    0.286    0.880    0.450
 105.80    6.057    6.142    6.142   -1.020   -0.015    1.057   -1.020   -0.015   -0.016   -1.078    0.015    1.079    0.539
 105.90    6.154    6.293    6.294   -1.317    0.068    1.154   -1.317    0.068    0.078   -1.520   -0.089    1.536    0.762
 106.00    6.255    6.477    6.481   -1.678    0.234    1.255   -1.678    0.234    0.294   -2.107   -0.392    2.223    1.082
 106.10    6.103    6.199    6.204   -1.083   -0.252    1.103   -1.083   -0.252   -0.279   -1.195    0.273    1.227    0.629
 106.20    6.425    6.495    6.500   -0.953   -0.252    1.425   -0.953   -0.252   -0.359   -1.358    0.240    1.501    0.712
 106.30    6.176    6.243    6.244   -0.916   -0.094    1.176   -0.916   -0.094   -0.111   -1.077    0.086    1.115    0.543
 106.40    6.341    6.462    6.473   -1.240   -0.393    1.341   -1.240   -0.393   -0.527   -1.664    0.487    1.746    0.906
 106.50    6.679    6.871    6.877   -1.612   -0.295    1.679   -1.612   -0.295   -0.495   -2.707    0.476    2.753    1.396
 106.60    6.630    6.779    6.790   -1.413   -0.399    1.630   -1.413   -0.399   -0.650   -2.303    0.563    2.406    1.229
 106.70    6.219    6.432    6.437   -1.642   -0.238    1.219   -1.642   -0.238   -0.290   -2.002    0.391    2.120    1.030
 106.80    6.256    6.539    6.548   -1.905   -0.326    1.256   -1.905   -0.326   -0.410   -2.392    0.622    2.656    1.253
 106.90    6.314    6.482    6.488   -1.468   -0.257    1.314   -1.468   -0.257   -0.338   -1.929    0.377    1.974    0.997
 107.00    6.124    6.284    6.285   -1.409   -0.148    1.124   -1.409   -0.148   -0.167   -1.583    0.209    1.635    0.803
 107.10    6.040    6.279    6.284   -1.716    0.251    1.040   -1.716    0.251    0.261   -1.785   -0.432    2.045    0.927
 107.20    6.139    6.401    6.404   -1.815    0.171    1.139   -1.815    0.171    0.195   -2.067   -0.311    2.310    1.049
 107.30    6.054    6.182    6.198   -1.254    0.445    1.054   -1.254    0.445    0.469   -1.322   -0.558    1.441    0.755
 107.40    6.131    6.207    6.210   -0.968   -0.203    1.131   -0.968   -0.203   -0.229   -1.095    0.196    1.129    0.568
 107.50    6.213    6.272    6.283   -0.855   -0.377    1.213   -0.855   -0.377   -0.457   -1.037    0.322    1.172    0.589
 107.60    6.075    6.098    6.099   -0.529   -0.038    1.075   -0.529   -0.038   -0.041   -0.569    0.020    0.719    0.285
 107.70    5.909    5.930    5.931   -0.502   -0.045    0.909   -0.502   -0.045   -0.041   -0.457    0.023    0.540    0.230
 107.80    5.556    5.637    5.639   -0.953    0.154    0.556   -0.953    0.154    0.086   -0.530   -0.147    0.621    0.278
 107.90    5.429    5.545    5.557   -1.126    0.376    0.429   -1.126    0.376    0.161   -0.483   -0.423    0.796    0.331
 108.00    5.754    5.826    5.831   -0.912    0.226    0.754   -0.912    0.226    0.171   -0.688   -0.206    0.726    0.369
 108.10    5.920    5.977    5.995   -0.821    0.467    0.920   -0.821    0.467    0.430   -0.755   -0.384    0.870    0.475
 108.20    5.528    5.599    5.617   -0.889    0.445    0.528   -0.889    0.445    0.235   -0.470   -0.396    0.634    0.329
 108.30    5.388    5.514    5.524   -1.174    0.324    0.388   -1.174    0.324    0.126   -0.455   -0.381    0.816    0.303
 108.40    5.121    5.227    5.232   -1.047    0.232    0.121   -1.047    0.232    0.028   -0.127   -0.243    0.582    0.138
 108.50    5.308    5.395    5.407   -0.964    0.358    0.308   -0.964    0.358    0.110   -0.297   -0.345    0.576    0.234
 108.60    5.433    5.519    5.527   -0.969   -0.291    0.433   -0.969   -0.291   -0.126   -0.420    0.282    0.606    0.261
 108.70    5.716    5.777    5.798   -0.839   -0.497    0.716   -0.839   -0.497   -0.356   -0.601    0.417    0.732    0.407
 108.80    5.136    5.151    5.193   -0.391   -0.653    0.136   -0.391   -0.653   -0.089   -0.053    0.256    0.299    0.138
 108.90    4.816    4.824    4.850   -0.277   -0.503   -0.184   -0.277   -0.503    0.093    0.051    0.140    0.182    0.088
 109.00    4.785    4.799    4.801   -0.366    0.139   -0.215   -0.366    0.139   -0.030    0.078   -0.051    0.100    0.049
 109.10    4.740    4.740    4.758    0.045   -0.410   -0.260    0.045   -0.410    0.107   -0.012   -0.018    0.119    0.054
 109.20    4.759    4.775    4.798   -0.382   -0.471   -0.241   -0.382   -0.471    0.113    0.092    0.180    0.213    0.116
 109.30    4.765    4.784    4.808   -0.418   -0.483   -0.235   -0.418   -0.483    0.113    0.098    0.202    0.232    0.126
 109.40    5.161    5.162    5.167   -0.053   -0.230    0.161   -0.053   -0.230   -0.037   -0.008    0.012    0.041    0.020
 109.50    4.977    4.986    4.994   -0.310   -0.269   -0.023   -0.310   -0.269    0.006    0.007    0.083    0.085    0.042
 109.60    4.953    4.955    4.966    0.117   -0.333   -0.047    0.117   -0.333    0.016   -0.005   -0.039    0.063    0.021
 109.70    5.249    5.252    5.270    0.170   -0.442    0.249    0.170   -0.442   -0.110    0.042   -0.075    0.143    0.070
 109.80    5.323    5.368    5.424    0.694   -0.780    0.323    0.694   -0.780   -0.252    0.224   -0.541    0.597    0.319
 109.90    5.485    5.550    5.564    0.846   -0.396    0.485    0.846   -0.396   -0.192    0.410   -0.335    0.553    0.282
 110.00    5.840    5.874    5.877    0.631   -0.171    0.840    0.631   -0.171   -0.143    0.531   -0.108    0.567    0.280
 110.10    5.606    5.612    5.615    0.271    0.162    0.606    0.271    0.162    0.098    0.164    0.044    0.233    0.098
 110.20    5.351    5.356    5.379    0.226    0.493    0.351    0.226    0.493    0.173    0.079    0.111    0.209    0.110
 110.30    5.240    5.252    5.258    0.357    0.268    0.240    0.357    0.268    0.064    0.085    0.095    0.128    0.072
 110.40    5.449    5.450    5.450   -0.096    0.052    0.449   -0.096    0.052    0.024   -0.043   -0.005    0.107    0.025
 110.50    5.497    5.513    5.520   -0.427   -0.282    0.497   -0.427   -0.282   -0.140   -0.212    0.121    0.254    0.141
 110.60    5.285    5.319    5.331   -0.605   -0.350    0.285   -0.605   -0.350   -0.100   -0.172    0.212    0.285    0.145
 110.70    5.112    5.166    5.176   -0.750   -0.310    0.112   -0.750   -0.310   -0.035   -0.084    0.232    0.335    0.125
 110.80    5.169    5.211    5.239   -0.663   -0.534    0.169   -0.663   -0.534   -0.090   -0.112    0.354    0.376    0.191
 110.90    5.053    5.078    5.102   -0.501   -0.492    0.053   -0.501   -0.492   -0.026   -0.027    0.246    0.248    0.125
 111.00    4.851    4.869    4.895   -0.418   -0.502   -0.149   -0.418   -0.502    0.075    0.062    0.210    0.225    0.116
 111.10    4.665    4.669    4.679   -0.188   -0.305   -0.335   -0.188   -0.305    0.102    0.063    0.057    0.120    0.066
 111.20    4.879    4.893    4.902   -0.363   -0.300   -0.121   -0.363   -0.300    0.036    0.044    0.109    0.118    0.061
 111.30    4.799    4.807    4.808   -0.273    0.104   -0.201   -0.273    0.104   -0.021    0.055   -0.028    0.063    0.033
 111.40    4.958    4.968    4.971   -0.309    0.171   -0.042   -0.309    0.171   -0.007    0.013   -0.053    0.063    0.027
 111.50    5.203    5.214    5.218   -0.337    0.204    0.203   -0.337    0.204    0.041   -0.068   -0.069    0.098    0.053
 111.60    5.081    5.084    5.088   -0.191    0.205    0.081   -0.191    0.205    0.016   -0.015   -0.039    0.042    0.023
 111.70    5.287    5.291    5.294   -0.209   -0.164    0.287   -0.209   -0.164   -0.047   -0.060    0.034    0.077    0.042
 111.80    5.190    5.195    5.233   -0.233   -0.632    0.190   -0.233   -0.632   -0.120   -0.044    0.147    0.245    0.097
 111.90    5.257    5.266    5.286    0.304   -0.457    0.257    0.304   -0.457   -0.117    0.078   -0.139    0.184    0.099
 112.00    5.799    5.830    5.837    0.595   -0.291    0.799    0.595   -0.291   -0.233    0.475   -0.173    0.539    0.279
 112.10    6.096    6.122    6.194    0.561   -0.939    1.096    0.561   -0.939   -1.029    0.616   -0.527    1.199    0.655
 112.20    5.979    5.987    6.042    0.291   -0.815    0.979    0.291   -0.815   -0.799    0.285   -0.237    0.854    0.440
 112.30    5.914    5.917    5.919    0.209   -0.135    0.914    0.209   -0.135   -0.124    0.191   -0.028    0.448    0.114
 112.40    5.952    5.969    5.987    0.446   -0.468    0.952    0.446   -0.468   -0.445    0.425   -0.209    0.662    0.325
 112.50    6.283    6.335    6.363    0.811   -0.597    1.283    0.811   -0.597   -0.766    1.041   -0.484    1.330    0.690
 112.60    6.087    6.123    6.160    0.666   -0.678    1.087    0.666   -0.678   -0.736    0.724   -0.451    1.042    0.563
 112.70    6.497    6.516    6.551    0.505   -0.677    1.497    0.505   -0.677   -1.013    0.756   -0.342    1.477    0.655
 112.80    6.364    6.370    6.461    0.285   -1.078    1.364    0.285   -1.078   -1.471    0.388   -0.307    1.552    0.776
 112.90    6.099    6.100    6.182   -0.128   -1.003    1.099   -0.128   -1.003   -1.102   -0.140    0.128    1.115    0.559
 113.00    5.988    5.991    6.065   -0.189   -0.940    0.988   -0.189   -0.940   -0.929   -0.187    0.178    0.948    0.482
 113.10    5.929    5.929    5.958    0.056   -0.587    0.929    0.056   -0.587   -0.545    0.052   -0.033    0.605    0.274
 113.20    5.671    5.671    5.676    0.040   -0.254    0.671    0.040   -0.254   -0.170    0.027   -0.010    0.258    0.086
 113.30    5.620    5.623    5.631    0.194   -0.310    0.620    0.194   -0.310   -0.192    0.120   -0.060    0.259    0.117
 113.40    5.303    5.320    5.367    0.425   -0.708    0.303    0.425   -0.708   -0.214    0.129   -0.301    0.387    0.196
 113.50    5.598    5.603    5.756    0.223   -1.320    0.598    0.223   -1.320   -0.790    0.134   -0.295    1.075    0.427
 113.60    5.567    5.579    5.641    0.360   -0.834    0.567    0.360   -0.834   -0.473    0.204   -0.300    0.574    0.298
 113.70    5.588    5.601    5.679    0.370   -0.938    0.588    0.370   -0.938   -0.552    0.217   -0.347    0.682    0.344
 113.80    5.325    5.325    5.379    0.025   -0.764    0.325    0.025   -0.764   -0.248    0.008   -0.019    0.345    0.125
 113.90    5.006    5.018    5.037   -0.353   -0.432    0.006   -0.353   -0.432   -0.003   -0.002    0.153    0.156    0.076
 114.00    5.366    5.366    5.367    0.033    0.104    0.366    0.033    0.104    0.038    0.012    0.003    0.073    0.020
 114.10    5.601    5.605    5.614    0.203    0.327    0.601    0.203    0.327    0.196    0.122    0.066    0.255    0.120
 114.20    5.642    5.650    5.651   -0.305   -0.033    0.642   -0.305   -0.033   -0.021   -0.196    0.010    0.253    0.099
 114.30    6.004    6.012    6.012   -0.312   -0.067    1.004   -0.312   -0.067   -0.067   -0.314    0.021    0.555    0.161
 114.40    6.041    6.044    6.044   -0.188   -0.014    1.041   -0.188   -0.014   -0.015   -0.195    0.003    0.560    0.098
 114.50    6.244    6.251    6.251   -0.284   -0.097    1.244   -0.284   -0.097   -0.121   -0.353    0.028    0.819    0.187
 114.60    6.353    6.389    6.402   -0.682   -0.401    1.353   -0.682   -0.401   -0.542   -0.923    0.274    1.228    0.552
 114.70    6.261    6.293    6.297   -0.630   -0.216    1.261   -0.630   -0.216   -0.273   -0.795    0.136    1.018    0.426
 114.80    6.434    6.445    6.445   -0.368   -0.048    1.434   -0.368   -0.048   -0.069   -0.528    0.018    1.098    0.267
 114.90    6.380    6.395    6.396   -0.436    0.094    1.380   -0.436    0.094    0.130   -0.602   -0.041    1.052    0.308
 115.00    6.331    6.347    6.350   -0.448    0.196    1.331   -0.448    0.196    0.261   -0.596   -0.088    1.005    0.329
 115.10    6.456    6.475    6.475   -0.489   -0.050    1.456   -0.489   -0.050   -0.072   -0.712    0.024    1.181    0.358
 115.20    6.716    6.761    6.766   -0.780    0.256    1.716   -0.780    0.256    0.439   -1.338   -0.200    1.809    0.711
 115.30    6.358    6.448    6.448   -1.074   -0.049    1.358   -1.074   -0.049   -0.067   -1.458    0.053    1.499    0.730
 115.40    6.078    6.231    6.232   -1.376    0.066    1.078   -1.376    0.066    0.071   -1.483   -0.091    1.530    0.744
 115.50    6.210    6.297    6.304   -1.042    0.305    1.210   -1.042    0.305    0.369   -1.261   -0.318    1.321    0.676
 115.60    6.274    6.364    6.364   -1.063    0.092    1.274   -1.063    0.092    0.117   -1.354   -0.097    1.381    0.681
 115.70    6.461    6.546    6.546   -1.051    0.048    1.461   -1.051    0.048    0.070   -1.535   -0.050    1.620    0.769
 115.80    6.811    6.907    6.908   -1.150   -0.072    1.811   -1.150   -0.072   -0.130   -2.082    0.083    2.303    1.044
 115.90    6.816    6.836    6.837   -0.511    0.125    1.816   -0.511    0.125    0.227   -0.927   -0.064    1.788    0.478
 116.00    6.938    6.967    6.967   -0.637   -0.029    1.938   -0.637   -0.029   -0.057   -1.236    0.019    2.082    0.619
 116.10    6.887    6.979    6.980   -1.131    0.133    1.887   -1.131    0.133    0.251   -2.133   -0.150    2.428    1.077
 116.20    6.556    6.658    6.674   -1.162    0.461    1.556   -1.162    0.461    0.718   -1.809   -0.536    1.993    1.009
 116.30    6.315    6.418    6.456   -1.147    0.697    1.315   -1.147    0.697    0.917   -1.507   -0.800    1.765    0.969
 116.40    6.578    6.651    6.668   -0.982    0.476    1.578   -0.982    0.476    0.752   -1.549   -0.468    1.841    0.892
 116.50    6.753    6.823    6.831   -0.974    0.333    1.753   -0.974    0.333    0.584   -1.708   -0.325    2.066    0.917
 116.60    6.544    6.657    6.659   -1.225   -0.142    1.544   -1.225   -0.142   -0.220   -1.891    0.174    1.952    0.956
 116.70    6.593    6.634    6.634   -0.741   -0.053    1.593   -0.741   -0.053   -0.085   -1.180    0.040    1.544    0.592
 116.80    6.788    6.834    6.840   -0.793   -0.298    1.788   -0.793   -0.298   -0.533   -1.417    0.236    1.957    0.766
 116.90    6.920    6.940    6.955   -0.535   -0.455    1.920   -0.535   -0.455   -0.873   -1.026    0.243    2.089    0.685
 117.00    7.031    7.053    7.083   -0.550   -0.650    2.031   -0.550   -0.650   -1.321   -1.118    0.358    2.426    0.884
 117.10    6.916    6.951    6.959   -0.694   -0.349    1.916   -0.694   -0.349   -0.669   -1.329    0.242    2.137    0.754
 117.20    7.065    7.072    7.078   -0.320   -0.280    2.065   -0.320   -0.280   -0.578   -0.660    0.089    2.222    0.441
 117.30    6.901    6.914    6.917   -0.435   -0.207    1.901   -0.435   -0.207   -0.394   -0.827    0.090    1.922    0.460
 117.40    6.953    6.968    6.971   -0.455   -0.214    1.953   -0.455   -0.214   -0.418   -0.889    0.097    2.034    0.494
 117.50    7.062    7.066    7.078   -0.243   -0.416    2.062   -0.243   -0.416   -0.857   -0.501    0.101    2.241    0.499
 117.60    7.212    7.216    7.219   -0.247   -0.198    2.212   -0.247   -0.198   -0.439   -0.545    0.049    2.496    0.351
 117.70    6.959    6.960    6.968   -0.142   -0.332    1.959   -0.142   -0.332   -0.650   -0.278    0.047    1.983    0.354
 117.80    7.149    7.152    7.158   -0.181   -0.308    2.149   -0.181   -0.308   -0.662   -0.390    0.056    2.373    0.385
 117.90    6.961    6.961    6.962   -0.113   -0.117    1.961   -0.113   -0.117   -0.229   -0.222    0.013    1.935    0.159
 118.00    6.446    6.472    6.473   -0.582   -0.090    1.446   -0.582   -0.090   -0.130   -0.842    0.053    1.219    0.427
 118.10    6.129    6.198    6.201   -0.923   -0.182    1.129   -0.923   -0.182   -0.205   -1.042    0.168    1.079    0.537
 118.20    6.313    6.321    6.321   -0.308   -0.045    1.313   -0.308   -0.045   -0.059   -0.404    0.014    0.911    0.204
 118.30    6.529    6.533    6.546   -0.220   -0.421    1.529   -0.220   -0.421   -0.644   -0.337    0.093    1.282    0.366
 118.40    6.646    6.664    6.676   -0.487   -0.399    1.646   -0.487   -0.399   -0.657   -0.801    0.194    1.553    0.527
 118.50    6.700    6.700    6.706    0.034    0.284    1.700    0.034    0.284    0.483    0.057    0.010    1.485    0.243
 118.60    6.782    6.808    6.809    0.594    0.131    1.782    0.594    0.131    0.234    1.059    0.078    1.772    0.544
 118.70    6.454    6.466    6.468    0.380    0.168    1.454    0.380    0.168    0.244    0.553    0.064    1.144    0.304
 118.80    6.649    6.649    6.651    0.051    0.169    1.649    0.051    0.169    0.279    0.084    0.009    1.375    0.146
 118.90    6.823    6.837    6.845   -0.437    0.320    1.823   -0.437    0.320    0.583   -0.797   -0.140    1.809    0.499
 119.00    6.787    6.791    6.814   -0.224    0.563    1.787   -0.224    0.563    1.006   -0.400   -0.126    1.780    0.545
 119.10    6.637    6.639    6.688    0.162    0.808    1.637    0.162    0.808    1.323    0.265    0.131    1.680    0.678
 119.20    6.135    6.144    6.208    0.336    0.891    1.135    0.336    0.891    1.011    0.382    0.300    1.097    0.561
 119.30    6.476    6.482    6.482    0.283    0.045    1.476    0.283    0.045    0.067    0.418    0.013    1.130    0.212
 119.40    6.680    6.680    6.682    0.029    0.177    1.680    0.029    0.177    0.298    0.049    0.005    1.427    0.151
 119.50    6.767    6.768    6.777   -0.139    0.353    1.767   -0.139    0.353    0.624   -0.245   -0.049    1.632    0.336
 119.60    7.039    7.039    7.072    0.014    0.679    2.039    0.014    0.679    1.384    0.028    0.009    2.309    0.692
 119.70    6.497    6.497    6.564    0.067    0.933    1.497    0.067    0.933    1.397    0.100    0.062    1.558    0.701
 119.80    6.627    6.645    6.675    0.482    0.638    1.627    0.482    0.638    1.039    0.785    0.308    1.644    0.669
 119.90    6.379    6.389    6.436    0.365    0.775    1.379    0.365    0.775    1.069    0.504    0.283    1.318    0.608
 120.00    6.221    6.235    6.299    0.407    0.898    1.221    0.407    0.898    1.097    0.498    0.366    1.232    0.630
 120.10    6.334    6.341    6.369    0.289    0.593    1.334    0.289    0.593    0.792    0.386    0.171    1.108    0.449
 120.20    6.366    6.367    6.412    0.119    0.758    1.366    0.119    0.758    1.036    0.162    0.090    1.228    0.526
 120.30    6.085    6.102    6.142   -0.447    0.703    1.085   -0.447    0.703    0.763   -0.485   -0.314    0.936    0.479
 120.40    5.848    5.895    6.008   -0.742    1.158    0.848   -0.742    1.158    0.983   -0.630   -0.860    1.306    0.725
 120.50    5.934    5.987    6.123   -0.797    1.281    0.934   -0.797    1.281    1.197   -0.744   -1.021    1.575    0.870
 120.60    6.139    6.186    6.278   -0.762    1.070    1.139   -0.762    1.070    1.218   -0.868   -0.815    1.511    0.852
 120.70    6.431    6.472    6.527   -0.723    0.853    1.431   -0.723    0.853    1.220   -1.035   -0.617    1.649    0.857
 120.80    6.247    6.310    6.391   -0.890    1.015    1.247   -0.890    1.015    1.265   -1.109   -0.903    1.688    0.955
 120.90    6.613    6.666    6.734   -0.835    0.956    1.613   -0.835    0.956    1.543   -1.347   -0.798    2.107    1.099
 121.00    6.499    6.575    6.652   -0.994    1.015    1.499   -0.994    1.015    1.522   -1.490   -1.009    2.133    1.178
 121.10    6.647    6.766    6.814   -1.261    0.806    1.647   -1.261    0.806    1.327   -2.078   -1.016    2.477    1.334
 121.20    6.906    7.090    7.111   -1.603    0.542    1.906   -1.603    0.542    1.034   -3.056   -0.869    3.249    1.670
 121.30    6.732    6.942    6.943   -1.695   -0.090    1.732   -1.695   -0.090   -0.155   -2.935    0.152    2.940    1.472
 121.40    6.466    6.717    6.717   -1.818    0.011    1.466   -1.818    0.011    0.016   -2.664   -0.020    2.726    1.332
 121.50    6.454    6.626    6.626   -1.500   -0.055    1.454   -1.500   -0.055   -0.080   -2.180    0.083    2.183    1.092
 121.60    6.484    6.658    6.658   -1.514   -0.060    1.484   -1.514   -0.060   -0.089   -2.245    0.091    2.248    1.124
 121.70    6.418    6.525    6.526   -1.181   -0.100    1.418   -1.181   -0.100   -0.142   -1.674    0.119    1.707    0.842
 121.80    6.274    6.375    6.375   -1.130    0.006    1.274   -1.130    0.006    0.008   -1.439   -0.007    1.450    0.720
 121.90    6.193    6.268    6.269   -0.967   -0.111    1.193   -0.967   -0.111   -0.133   -1.154    0.108    1.185    0.583
 122.00    6.415    6.462    6.462   -0.779   -0.055    1.415   -0.779   -0.055   -0.078   -1.102    0.043    1.305    0.553
 122.10    6.294    6.366    6.380   -0.957   -0.421    1.294   -0.957   -0.421   -0.544   -1.238    0.402    1.383    0.705
 122.20    5.963    6.050    6.053   -1.023   -0.173    0.963   -1.023   -0.173   -0.167   -0.985    0.177    1.002    0.508
 122.30    6.083    6.289    6.290   -1.596   -0.112    1.083   -1.596   -0.112   -0.122   -1.728    0.179    1.865    0.871
 122.40    5.954    6.207    6.217   -1.752   -0.360    0.954   -1.752   -0.360   -0.344   -1.672    0.631    2.056    0.910
 122.50    6.048    6.425    6.425   -2.168    0.021    1.048   -2.168    0.021    0.022   -2.273   -0.045    2.900    1.137
 122.60    5.969    6.192    6.195   -1.644    0.212    0.969   -1.644    0.212    0.206   -1.594   -0.349    1.844    0.822
 122.70    5.921    6.097    6.111   -1.456    0.417    0.921   -1.456    0.417    0.384   -1.341   -0.608    1.571    0.761
 122.80    5.901    6.076    6.096   -1.450    0.493    0.901   -1.450    0.493    0.444   -1.306   -0.715    1.579    0.777
 122.90    5.772    6.011    6.016   -1.680    0.246    0.772   -1.680    0.246    0.190   -1.297   -0.413    1.739    0.687
 123.00    5.598    5.755    5.777   -1.333    0.512    0.598   -1.333    0.512    0.306   -0.797   -0.682    1.199    0.547
 123.10    5.635    5.836    5.884   -1.520    0.749    0.635   -1.520    0.749    0.475   -0.965   -1.138    1.637    0.783
 123.20    5.252    5.490    5.533   -1.599    0.691    0.252   -1.599    0.691    0.174   -0.402   -1.104    1.548    0.594
 123.30    5.161    5.466    5.538   -1.800    0.891    0.161   -1.800    0.891    0.143   -0.289   -1.604    2.030    0.818
 123.40    5.060    5.378    5.480   -1.820    1.056    0.060   -1.820    1.056    0.063   -0.109   -1.921    2.215    0.963
 123.50    5.236    5.677    5.742   -2.195    0.861    0.236   -2.195    0.861    0.203   -0.518   -1.890    2.807    0.985
 123.60    5.372    5.728    5.771   -1.987    0.706    0.372   -1.987    0.706    0.263   -0.740   -1.404    2.292    0.804
 123.70    5.228    5.582    5.631   -1.956    0.740    0.228   -1.956    0.740    0.169   -0.446   -1.448    2.213    0.762
 123.80    5.263    5.628    5.656   -1.993    0.566    0.263   -1.993    0.566    0.149   -0.525   -1.129    2.181    0.627
 123.90    5.214    5.642    5.655   -2.158    0.373    0.214   -2.158    0.373    0.080   -0.461   -0.804    2.420    0.465
 124.00    5.191    5.648    5.652   -2.225    0.210    0.191   -2.225    0.210    0.040   -0.425   -0.467    2.515    0.317
 124.10    5.326    5.858    5.863   -2.441    0.220    0.326   -2.441    0.220    0.072   -0.795   -0.538    3.057    0.481
 124.20    5.482    5.940    5.963   -2.287    0.526    0.482   -2.287    0.526    0.253   -1.102   -1.203    2.871    0.826
 124.30    5.267    5.712    5.725   -2.211    0.377    0.267   -2.211    0.377    0.101   -0.591   -0.834    2.551    0.514
 124.40    5.309    5.917    5.918   -2.614   -0.080    0.309   -2.614   -0.080   -0.025   -0.807    0.208    3.467    0.417
 124.50    5.170    5.993    6.005   -3.031    0.377    0.170   -3.031    0.377    0.064   -0.515   -1.143    4.679    0.628
 124.60    5.219    5.726    5.726   -2.357   -0.015    0.219   -2.357   -0.015   -0.003   -0.516    0.036    2.801    0.259
 124.70    5.429    5.748    5.753   -1.888    0.231    0.429   -1.888    0.231    0.099   -0.811   -0.435    1.901    0.463
 124.80    5.696    6.039    6.056   -2.006    0.457    0.696   -2.006    0.457    0.318   -1.396   -0.917    2.358    0.850
 124.90    5.528    5.984    6.007   -2.290    0.526    0.528   -2.290    0.526    0.278   -1.209   -1.204    2.899    0.864
 125.00    5.549    6.039    6.070   -2.385    0.607    0.549   -2.385    0.607    0.333   -1.309   -1.446    3.178    0.989
 125.10    5.595    6.065    6.070   -2.342    0.244    0.595   -2.342    0.244    0.145   -1.393   -0.572    2.949    0.756
 125.20    5.511    5.909    5.913   -2.131    0.214    0.511   -2.131    0.214    0.109   -1.090   -0.456    2.424    0.593
 125.30    5.383    5.799    5.800   -2.157    0.054    0.383   -2.157    0.054    0.021   -0.827   -0.117    2.401    0.418
 125.40    5.399    5.971    5.971   -2.550    0.062    0.399   -2.550    0.062    0.025   -1.017   -0.157    3.334    0.515
 125.50    5.516    5.943    5.947   -2.210    0.214    0.516   -2.210    0.214    0.111   -1.141   -0.474    2.599    0.620
 125.60    5.308    5.762    5.765   -2.240   -0.190    0.308   -2.240   -0.190   -0.059   -0.691    0.425    2.574    0.407
 125.70    5.492    5.864    5.866   -2.056    0.148    0.492   -2.056    0.148    0.073   -1.012   -0.305    2.245    0.530
 125.80    5.256    5.724    5.735   -2.267    0.358    0.256   -2.267    0.358    0.092   -0.580   -0.812    2.665    0.501
 125.90    4.604    5.129    5.137   -2.260    0.290   -0.396   -2.260    0.290   -0.115    0.895   -0.654    2.675    0.557
 126.00    4.669    5.031    5.037   -1.875    0.233   -0.331   -1.875    0.233   -0.077    0.621   -0.437    1.839    0.381
 126.10    4.795    5.241    5.245   -2.114    0.210   -0.205   -2.114    0.210   -0.043    0.433   -0.443    2.278    0.310
 126.20    4.673    5.128    5.134   -2.112   -0.265   -0.327   -2.112   -0.265    0.087    0.692    0.560    2.319    0.447
 126.30    4.781    5.295    5.297   -2.276   -0.140   -0.219   -2.276   -0.140    0.031    0.499    0.319    2.624    0.296
 126.40    4.520    5.175    5.176   -2.520   -0.083   -0.480   -2.520   -0.083    0.040    1.209    0.210    3.293    0.614
 126.50    4.448    4.825    4.849   -1.870   -0.474   -0.552   -1.870   -0.474    0.262    1.032    0.887    2.014    0.693
 126.60    4.974    5.287    5.321   -1.795   -0.594   -0.026   -1.795   -0.594    0.016    0.048    1.066    1.788    0.533
 126.70    4.907    5.117    5.168   -1.450   -0.726   -0.093   -1.450   -0.726    0.068    0.135    1.052    1.319    0.532
 126.80    4.705    4.925    5.010   -1.457   -0.919   -0.295   -1.457   -0.919    0.271    0.430    1.339    1.527    0.716
 126.90    4.727    4.989    5.105   -1.596   -1.083   -0.273   -1.596   -1.083    0.296    0.436    1.729    1.898    0.904
 127.00    4.662    4.896    5.032   -1.498   -1.159   -0.338   -1.498   -1.159    0.392    0.507    1.736    1.851    0.925
 127.10    4.909    5.110    5.196   -1.420   -0.938   -0.091   -1.420   -0.938    0.085    0.129    1.332    1.452    0.670
 127.20    4.617    4.766    4.778   -1.181   -0.340   -0.383   -1.181   -0.340    0.130    0.452    0.402    0.829    0.309
 127.30    4.610    4.691    4.736   -0.868   -0.653   -0.390   -0.868   -0.653    0.254    0.338    0.567    0.666    0.354
 127.40    4.610    4.790    4.867   -1.303   -0.860   -0.390   -1.303   -0.860    0.336    0.509    1.121    1.295    0.638
 127.50    4.897    5.069    5.149   -1.309   -0.899   -0.103   -1.309   -0.899    0.092    0.134    1.177    1.267    0.594
 127.60    4.443    4.660    4.724   -1.404   -0.773   -0.557   -1.404   -0.773    0.430    0.781    1.085    1.439    0.702
 127.70    4.688    4.892    4.955   -1.395   -0.792   -0.312   -1.395   -0.792    0.247    0.435    1.105    1.336    0.607
 127.80    4.687    4.865    4.918   -1.306   -0.717   -0.313   -1.306   -0.717    0.224    0.409    0.936    1.159    0.523
 127.90    5.084    5.179    5.224   -0.990   -0.686    0.084   -0.990   -0.686   -0.057   -0.083    0.679    0.728    0.343
 128.00    5.550    5.576    5.670   -0.546   -1.025    0.550   -0.546   -1.025   -0.563   -0.300    0.559    0.825    0.424
 128.10    5.417    5.433    5.511   -0.418   -0.919    0.417   -0.418   -0.919   -0.383   -0.175    0.384    0.597    0.285
 128.20    5.197    5.223    5.240   -0.516   -0.428    0.197   -0.516   -0.428   -0.084   -0.102    0.221    0.244    0.129
 128.30    4.718    4.719    4.719   -0.077   -0.032   -0.282   -0.077   -0.032    0.009    0.022    0.002    0.043    0.012
 128.40    4.460    4.468    4.469   -0.273    0.085   -0.540   -0.273    0.085   -0.046    0.148   -0.023    0.187    0.078
 128.50    4.354    4.367    4.367   -0.328   -0.082   -0.646   -0.328   -0.082    0.053    0.212    0.027    0.266    0.110
 128.60    4.400    4.415    4.421   -0.360   -0.239   -0.600   -0.360   -0.239    0.143    0.216    0.086    0.273    0.137
 128.70    4.553    4.561    4.605   -0.269   -0.635   -0.447   -0.269   -0.635    0.284    0.120    0.171    0.338    0.176
 128.80    4.853    4.861    4.867   -0.277   -0.248   -0.147   -0.277   -0.248    0.036    0.041    0.069    0.080    0.044
 128.90    4.954    4.957    4.964   -0.162    0.265   -0.046   -0.162    0.265   -0.012    0.007   -0.043    0.049    0.023
 129.00    4.990    4.991    5.001   -0.076    0.315   -0.010   -0.076    0.315   -0.003    0.001   -0.024    0.053    0.012
 129.10    5.235    5.237    5.237   -0.153   -0.045    0.235   -0.153   -0.045   -0.010   -0.036    0.007    0.040    0.019
 129.20    4.973    4.974    4.980   -0.130    0.230   -0.027   -0.130    0.230   -0.006    0.004   -0.030    0.035    0.015
 129.30    5.568    5.569    5.603   -0.130    0.617    0.568   -0.130    0.617    0.350   -0.074   -0.080    0.360    0.183
 129.40    5.703    5.712    5.819   -0.322    1.111    0.703   -0.322    1.111    0.781   -0.226   -0.358    0.916    0.444
 129.50    5.809    5.809    5.879    0.015    0.905    0.809    0.015    0.905    0.732    0.012    0.014    0.737    0.366
 129.60    5.984    5.985    6.020    0.110    0.653    0.984    0.110    0.653    0.642    0.108    0.072    0.703    0.327
 129.70    5.833    5.849    5.922   -0.430    0.928    0.833   -0.430    0.928    0.773   -0.358   -0.399    0.870    0.470
 129.80    5.769    5.769    5.856    0.026    1.003    0.769    0.026    1.003    0.771    0.020    0.026    0.799    0.386
 129.90    5.923    5.923    5.950    0.043    0.565    0.923    0.043    0.565    0.521    0.039    0.024    0.586    0.262
 130.00    5.554    5.581    5.598   -0.553    0.428    0.554   -0.553    0.428    0.237   -0.306   -0.237    0.398    0.227
 130.10    5.540    5.561    5.577   -0.477    0.427    0.540   -0.477    0.427    0.231   -0.258   -0.204    0.351    0.201
 130.20    5.503    5.517    5.538   -0.388    0.481    0.503   -0.388    0.481    0.242   -0.195   -0.187    0.318    0.181
 130.30    5.373    5.405    5.405   -0.587   -0.034    0.373   -0.587   -0.034   -0.013   -0.219    0.020    0.242    0.110
 130.40    5.470    5.496    5.502   -0.529   -0.272    0.470   -0.529   -0.272   -0.128   -0.249    0.144    0.288    0.157
 130.50    5.504    5.508    5.518   -0.191   -0.332    0.504   -0.191   -0.332   -0.168   -0.096    0.063    0.201    0.102
 130.60    5.669    5.702    5.724   -0.613   -0.506    0.669   -0.613   -0.506   -0.338   -0.410    0.310    0.539    0.308
 130.70    5.822    5.883    5.941   -0.839   -0.833    0.822   -0.839   -0.833   -0.685   -0.690    0.699    1.038    0.599
 130.80    5.481    5.580    5.626   -1.046   -0.717    0.481   -1.046   -0.717   -0.345   -0.503    0.750    0.919    0.483
 130.90    5.504    5.661    5.695   -1.324   -0.618    0.504   -1.324   -0.618   -0.312   -0.667    0.818    1.194    0.550
 131.00    5.729    5.911    5.982   -1.454   -0.919    0.729   -1.454   -0.919   -0.670   -1.060    1.336    1.745    0.916
 131.10    5.366    5.627    5.766   -1.692   -1.262    0.366   -1.692   -1.262   -0.462   -0.620    2.135    2.295    1.135
 131.20    4.828    5.031    5.122   -1.415   -0.962   -0.172   -1.415   -0.962    0.166    0.244    1.361    1.478    0.696
 131.30    4.679    4.858    4.955   -1.305   -0.975   -0.321   -1.305   -0.975    0.313    0.419    1.273    1.379    0.688
 131.40    4.649    4.776    4.834   -1.095   -0.744   -0.351   -1.095   -0.744    0.261    0.384    0.815    0.938    0.469
 131.50    4.932    5.064    5.066   -1.149   -0.164   -0.068   -1.149   -0.164    0.011    0.079    0.188    0.676    0.102
 131.60    4.526    4.745    4.750   -1.426    0.217   -0.474   -1.426    0.217   -0.103    0.676   -0.309    1.153    0.375
 131.70    4.387    4.555    4.556   -1.225    0.097   -0.613   -1.225    0.097   -0.059    0.751   -0.119    0.943    0.381
 131.80    4.354    4.489    4.502   -1.093    0.336   -0.646   -1.093    0.336   -0.217    0.706   -0.367    0.862    0.412
 131.90    4.494    4.642    4.643   -1.165    0.083   -0.506   -1.165    0.083   -0.042    0.590   -0.097    0.810    0.300
 132.00    4.581    4.743    4.745   -1.230   -0.133   -0.419   -1.230   -0.133    0.056    0.516    0.164    0.854    0.272
 132.10    4.420    4.610    4.616   -1.310    0.232   -0.580   -1.310    0.232   -0.135    0.760   -0.304    1.053    0.415
 132.20    4.486    4.586    4.595   -0.953    0.285   -0.514   -0.953    0.285   -0.146    0.490   -0.271    0.627    0.289
 132.30    4.525    4.571    4.580   -0.648    0.285   -0.475   -0.648    0.285   -0.135    0.307   -0.185    0.363    0.192
 132.40    4.627    4.768    4.773   -1.150    0.208   -0.373   -1.150    0.208   -0.077    0.428   -0.239    0.752    0.248
 132.50    4.665    4.928    4.929   -1.589   -0.097   -0.335   -1.589   -0.097    0.032    0.532    0.154    1.323    0.277
 132.60    5.011    5.307    5.307   -1.748    0.032    0.011   -1.748    0.032    0.000   -0.019   -0.055    1.529    0.029
 132.70    5.049    5.247    5.254   -1.428    0.279    0.049   -1.428    0.279    0.014   -0.070   -0.398    1.060    0.202
 132.80    5.372    5.496    5.498   -1.161    0.126    0.372   -1.161    0.126    0.047   -0.432   -0.146    0.751    0.229
 132.90    5.259    5.362    5.362   -1.044   -0.071    0.259   -1.044   -0.071   -0.018   -0.271    0.074    0.581    0.141
 133.00    5.287    5.386    5.387   -1.027    0.111    0.287   -1.027    0.111    0.032   -0.294   -0.114    0.575    0.159
 133.10    5.417    5.516    5.556   -1.037    0.672    0.417   -1.037    0.672    0.280   -0.433   -0.697    0.851    0.433
 133.20    5.535    5.600    5.612   -0.850    0.363    0.535   -0.850    0.363    0.194   -0.455   -0.308    0.570    0.291
 133.30    5.287    5.314    5.320   -0.538    0.235    0.287   -0.538    0.235    0.068   -0.154   -0.127    0.214    0.105
 133.40    5.230    5.274    5.280   -0.686    0.253    0.230   -0.686    0.253    0.058   -0.157   -0.174    0.293    0.121
 133.50    5.163    5.181    5.181   -0.431    0.064    0.163   -0.431    0.064    0.010   -0.070   -0.027    0.108    0.038
 133.60    5.028    5.040    5.040   -0.346    0.048    0.028   -0.346    0.048    0.001   -0.010   -0.017    0.061    0.010
 133.70    4.810    4.814    4.848   -0.212    0.571   -0.190   -0.212    0.571   -0.109    0.040   -0.121    0.204    0.084
 133.80    5.055    5.061    5.112   -0.254    0.715    0.055   -0.254    0.715    0.039   -0.014   -0.182    0.290    0.093
 133.90    4.940    4.959    4.968   -0.435    0.294   -0.060   -0.435    0.294   -0.018    0.026   -0.128    0.140    0.066
 134.00    4.649    4.685    4.689   -0.582    0.187   -0.351   -0.582    0.187   -0.066    0.205   -0.109    0.249    0.120
 134.10    4.316    4.345    4.355   -0.494    0.308   -0.684   -0.494    0.308   -0.211    0.338   -0.152    0.403    0.213
 134.20    4.687    4.696    4.762   -0.302    0.790   -0.313   -0.302    0.790   -0.247    0.095   -0.239    0.406    0.178
 134.30    4.634    4.635    4.730   -0.035    0.947   -0.366   -0.035    0.947   -0.346    0.013   -0.033    0.516    0.174
 134.40    4.651    4.651    4.692    0.006    0.620   -0.349    0.006    0.620   -0.216   -0.002    0.003    0.253    0.108
 134.50    4.630    4.634    4.665    0.194    0.541   -0.370    0.194    0.541   -0.200   -0.072    0.105    0.233    0.119
 134.60    4.751    4.752    4.795   -0.083    0.644   -0.249   -0.083    0.644   -0.160    0.021   -0.054    0.242    0.085
 134.70    4.697    4.701    4.771   -0.205    0.816   -0.303   -0.205    0.816   -0.248    0.062   -0.167    0.400    0.153
 134.80    4.679    4.680    4.751   -0.094    0.817   -0.321   -0.094    0.817   -0.262    0.030   -0.077    0.389    0.137
 134.90    4.716    4.718    4.744   -0.106    0.498   -0.284   -0.106    0.498   -0.141    0.030   -0.053    0.170    0.077
 135.00    4.839    4.841    4.861   -0.151    0.440   -0.161   -0.151    0.440   -0.071    0.024   -0.067    0.121    0.050
 135.10    4.759    4.766    4.793   -0.259    0.506   -0.241   -0.259    0.506   -0.122    0.062   -0.131    0.191    0.095
 135.20    4.781    4.841    4.889   -0.765    0.678   -0.219   -0.765    0.678   -0.149    0.168   -0.519    0.547    0.283
 135.30    4.553    4.710    4.786   -1.207    0.850   -0.447   -1.207    0.850   -0.380    0.540   -1.026    1.190    0.610
 135.40    4.565    4.640    4.676   -0.829    0.582   -0.435   -0.829    0.582   -0.253    0.361   -0.483    0.608    0.327
 135.50    4.655    4.710    4.731   -0.714    0.442   -0.345   -0.714    0.442   -0.152    0.246   -0.315    0.412    0.214
 135.60    4.667    4.733    4.738   -0.783    0.232   -0.333   -0.783    0.232   -0.077    0.261   -0.181    0.389    0.163
 135.70    4.703    4.717    4.718   -0.368    0.070   -0.297   -0.368    0.070   -0.021    0.110   -0.026    0.115    0.057
 135.80    4.670    4.694    4.728   -0.471    0.568   -0.330   -0.471    0.568   -0.187    0.155   -0.267    0.326    0.181
 135.90    4.558    4.576    4.619   -0.402    0.626   -0.442   -0.402    0.626   -0.276    0.177   -0.252    0.374    0.207
 136.00    4.778    4.784    4.790   -0.234    0.250   -0.222   -0.234    0.250   -0.055    0.052   -0.058    0.083    0.048
 136.10    5.010    5.025    5.031   -0.388    0.262    0.010   -0.388    0.262    0.003   -0.004   -0.102    0.110    0.051
 136.20    4.768    4.769    4.772   -0.092    0.152   -0.232   -0.092    0.152   -0.035    0.021   -0.014    0.043    0.022
 136.30    5.035    5.039    5.039   -0.191   -0.044    0.035   -0.191   -0.044   -0.002   -0.007    0.008    0.020    0.005
 136.40    5.293    5.313    5.323   -0.460   -0.323    0.293   -0.460   -0.323   -0.095   -0.135    0.149    0.201    0.111
 136.50    5.363    5.393    5.400   -0.575   -0.269    0.363   -0.575   -0.269   -0.098   -0.208    0.155    0.267    0.139
 136.60    5.089    5.221    5.222   -1.170    0.041    0.089   -1.170    0.041    0.004   -0.104   -0.048    0.689    0.057
 136.70    4.844    5.008    5.009   -1.274    0.073   -0.156   -1.274    0.073   -0.011    0.199   -0.093    0.826    0.110
 136.80    4.573    4.787    4.788   -1.414    0.106   -0.427   -1.414    0.106   -0.045    0.603   -0.150    1.096    0.312
 136.90    4.444    4.714    4.735   -1.573    0.449   -0.556   -1.573    0.449   -0.250    0.875   -0.706    1.492    0.576
 137.00    4.552    4.727    4.776   -1.271    0.688   -0.448   -1.271    0.688   -0.308    0.569   -0.875    1.145    0.544
 137.10    4.857    4.932    5.030   -0.854    0.990   -0.143   -0.854    0.990   -0.141    0.122   -0.845    0.865    0.433
 137.20    4.926    4.964    5.020   -0.617    0.748   -0.074   -0.617    0.748   -0.056    0.046   -0.461    0.473    0.234
 137.30    5.191    5.245    5.262   -0.747    0.430    0.191   -0.747    0.430    0.082   -0.143   -0.321    0.390    0.180
 137.40    4.806    4.840    4.852   -0.576    0.340   -0.194   -0.576    0.340   -0.066    0.112   -0.196    0.243    0.118
 137.50    4.958    4.963    5.002   -0.232    0.625   -0.042   -0.232    0.625   -0.027    0.010   -0.145    0.223    0.074
 137.60    5.453    5.453    5.503    0.028    0.737    0.453    0.028    0.737    0.334    0.013    0.021    0.375    0.167
 137.70    5.716    5.723    5.742   -0.301    0.467    0.716   -0.301    0.467    0.334   -0.215   -0.140    0.410    0.211
 137.80    5.552    5.589    5.636   -0.643    0.730    0.552   -0.643    0.730    0.403   -0.355   -0.469    0.625    0.356
 137.90    5.314    5.382    5.467   -0.854    0.957    0.314   -0.854    0.957    0.300   -0.268   -0.817    0.871    0.455
 138.00    4.976    5.047    5.123   -0.842    0.879   -0.024   -0.842    0.879   -0.021    0.020   -0.741    0.742    0.371
 138.10    4.670    4.715    4.770   -0.651    0.722   -0.330   -0.651    0.722   -0.238    0.215   -0.470    0.527    0.285
 138.20    4.698    4.736    4.810   -0.601    0.840   -0.302   -0.601    0.840   -0.254    0.181   -0.505    0.579    0.297
 138.30    4.688    4.688    4.727   -0.007    0.607   -0.312   -0.007    0.607   -0.189    0.002   -0.004    0.233    0.095
 138.40    4.720    4.727    4.728    0.255   -0.079   -0.280    0.255   -0.079    0.022   -0.071   -0.020    0.075    0.039
 138.50    4.743    4.764    4.764    0.441   -0.066   -0.257    0.441   -0.066    0.017   -0.113   -0.029    0.132    0.059
 138.60    4.851    4.869    4.869    0.419   -0.035   -0.149    0.419   -0.035    0.005   -0.062   -0.015    0.100    0.032
 138.70    4.560    4.605    4.613    0.644   -0.260   -0.440    0.644   -0.260    0.114   -0.283   -0.167    0.338    0.174
 138.80    4.756    4.870    4.895    1.048   -0.492   -0.244    1.048   -0.492    0.120   -0.256   -0.515    0.700    0.294
 138.90    4.479    4.562    4.581    0.868   -0.414   -0.521    0.868   -0.414    0.215   -0.452   -0.359    0.598    0.308
 139.00    4.472    4.507    4.509    0.561    0.122   -0.528    0.561    0.122   -0.064   -0.296    0.068    0.304    0.155
 139.10    4.595    4.610    4.611    0.368    0.115   -0.405    0.368    0.115   -0.046   -0.149    0.042    0.156    0.081
 139.20    4.747    4.800    4.804    0.712    0.185   -0.253    0.712    0.185   -0.047   -0.180    0.132    0.302    0.114
 139.30    4.751    4.801    4.821    0.691    0.439   -0.249    0.691    0.439   -0.109   -0.172    0.303    0.366    0.183
 139.40    4.761    4.798    4.811    0.594    0.350   -0.239    0.594    0.350   -0.083   -0.142    0.208    0.266    0.132
 139.50    4.526    4.553    4.557    0.496    0.185   -0.474    0.496    0.185   -0.088   -0.235    0.092    0.252    0.134
 139.60    4.570    4.701    4.710    1.101   -0.287   -0.430    1.101   -0.287    0.124   -0.473   -0.316    0.740    0.291
 139.70    4.614    4.715    4.737    0.972   -0.452   -0.386    0.972   -0.452    0.174   -0.376   -0.439    0.649    0.302
 139.80    4.579    4.653    4.685    0.829   -0.539   -0.421    0.829   -0.539    0.227   -0.349   -0.447    0.578    0.305
 139.90    4.534    4.572    4.573    0.591   -0.101   -0.466    0.591   -0.101    0.047   -0.275   -0.060    0.288    0.143
 140.00    4.561    4.626    4.627    0.771   -0.109   -0.439    0.771   -0.109    0.048   -0.338   -0.084    0.399    0.176
 140.10    4.572    4.664    4.673    0.923   -0.289   -0.428    0.923   -0.289    0.124   -0.395   -0.267    0.559    0.246
 140.20    4.382    4.527    4.527    1.137    0.068   -0.618    1.137    0.068   -0.042   -0.703    0.077    0.839    0.354
 140.30    4.677    4.755    4.762    0.855    0.256   -0.323    0.855    0.256   -0.083   -0.276    0.219    0.450    0.181
 140.40    4.621    4.652    4.653    0.533   -0.107   -0.379    0.533   -0.107    0.040   -0.202   -0.057    0.220    0.107
 140.50    4.542    4.572    4.583    0.519   -0.324   -0.458    0.519   -0.324    0.148   -0.238   -0.168    0.292    0.163
 140.60    4.291    4.338    4.379    0.634   -0.600   -0.709    0.634   -0.600    0.426   -0.450   -0.381    0.633    0.363
 140.70    4.535    4.621    4.730    0.890   -1.009   -0.465    0.890   -1.009    0.469   -0.414   -0.898    1.013    0.547
 140.80    4.615    4.670    4.801    0.712   -1.112   -0.385    0.712   -1.112    0.428   -0.274   -0.792    0.946    0.470
 140.90    4.288    4.372    4.478    0.851   -0.968   -0.712    0.851   -0.968    0.689   -0.606   -0.824    1.084    0.617
 141.00    4.135    4.166    4.284    0.509   -0.998   -0.865    0.509   -0.998    0.863   -0.441   -0.508    1.001    0.547
 141.10    4.240    4.270    4.408    0.506   -1.096   -0.760    0.506   -1.096    0.833   -0.384   -0.554    1.017    0.536
 141.20    4.218    4.288    4.346    0.771   -0.709   -0.782    0.771   -0.709    0.554   -0.603   -0.546    0.854    0.492
 141.30    4.150    4.210    4.231    0.712   -0.422   -0.850    0.712   -0.422    0.359   -0.605   -0.301    0.704    0.383
 141.40    4.085    4.105    4.160    0.404   -0.676   -0.915    0.404   -0.676    0.619   -0.370   -0.273    0.729    0.385
 141.50    3.961    3.965    4.078    0.166   -0.956   -1.039    0.166   -0.956    0.993   -0.172   -0.158    1.010    0.510
 141.60    3.885    3.910    4.017    0.447   -0.920   -1.115    0.447   -0.920    1.026   -0.498   -0.411    1.145    0.606
 141.70    3.463    3.533    3.587    0.698   -0.619   -1.537    0.698   -0.619    0.951   -1.072   -0.432    1.616    0.748
 141.80    3.403    3.582    3.590    1.119   -0.240   -1.597    1.119   -0.240    0.384   -1.787   -0.269    1.930    0.924
 141.90    3.708    3.887    3.907    1.167   -0.392   -1.292    1.167   -0.392    0.506   -1.507   -0.457    1.592    0.827
 142.00    3.685    3.866    3.895    1.170   -0.477   -1.315    1.170   -0.477    0.628   -1.539   -0.559    1.664    0.877
 142.10    3.755    3.932    3.976    1.167   -0.593   -1.245    1.167   -0.593    0.738   -1.454   -0.692    1.633    0.886
 142.20    3.888    4.057    4.080    1.156   -0.436   -1.112    1.156   -0.436    0.484   -1.285   -0.503    1.380    0.731
 142.30    3.802    3.898    3.961    0.859   -0.703   -1.198    0.859   -0.703    0.842   -1.028   -0.604    1.333    0.730
 142.40    3.720    3.725    3.762    0.199   -0.525   -1.280    0.199   -0.525    0.672   -0.254   -0.104    0.977    0.363
 142.50    3.553    3.570    3.600    0.351   -0.460   -1.447    0.351   -0.460    0.666   -0.508   -0.161    1.214    0.426
 142.60    3.841    3.842    3.880    0.068   -0.542   -1.159    0.068   -0.542    0.628   -0.078   -0.037    0.821    0.317
 142.70    3.696    3.706    3.756    0.273   -0.608   -1.304    0.273   -0.608    0.793   -0.357   -0.166    1.073    0.443
 142.80    3.705    3.786    3.809    0.781   -0.410   -1.295    0.781   -0.410    0.531   -1.012   -0.320    1.228    0.593
 142.90    3.795    3.864    3.868    0.725   -0.180   -1.205    0.725   -0.180    0.217   -0.874   -0.130    1.005    0.455
 143.00    3.940    3.960    3.995    0.403   -0.524   -1.060    0.403   -0.524    0.555   -0.428   -0.211    0.781    0.366
 143.10    3.932    3.948    3.972    0.352   -0.439   -1.068    0.352   -0.439    0.469   -0.376   -0.155    0.729    0.310
 143.20    4.219    4.245    4.274    0.471   -0.494   -0.781    0.471   -0.494    0.386   -0.368   -0.233    0.538    0.291
 143.30    4.022    4.039    4.073    0.374   -0.525   -0.978    0.374   -0.525    0.514   -0.366   -0.197    0.686    0.331
 143.40    4.297    4.298    4.316    0.101   -0.392   -0.703    0.101   -0.392    0.275   -0.071   -0.039    0.329    0.143
 143.50    4.408    4.414    4.529    0.221   -1.017   -0.592    0.221   -1.017    0.602   -0.131   -0.225    0.717    0.328
 143.60    4.249    4.257    4.275    0.263   -0.392   -0.751    0.263   -0.392    0.294   -0.198   -0.103    0.393    0.185
 143.70    4.636    4.640    4.641    0.190   -0.068   -0.364    0.190   -0.068    0.025   -0.069   -0.013    0.087    0.037
 143.80    4.649    4.649    4.663   -0.067    0.361   -0.351   -0.067    0.361   -0.127    0.024   -0.024    0.129    0.066
 143.90    4.510    4.513    4.551    0.161    0.593   -0.490    0.161    0.593   -0.290   -0.079    0.096    0.309    0.158
 144.00    4.417    4.419    4.466    0.138    0.646   -0.583    0.138    0.646   -0.377   -0.081    0.089    0.388    0.198
 144.10    4.520    4.532    4.535    0.325   -0.175   -0.480    0.325   -0.175    0.084   -0.156   -0.057    0.183    0.093
 144.20    4.510    4.555    4.555    0.634    0.015   -0.490    0.634    0.015   -0.007   -0.311    0.010    0.321    0.155
 144.30    4.443    4.475    4.487    0.533   -0.328   -0.557    0.533   -0.328    0.183   -0.297   -0.175    0.351    0.195
 144.40    4.106    4.127    4.138    0.407   -0.310   -0.894    0.407   -0.310    0.277   -0.363   -0.126    0.530    0.237
 144.50    3.727    3.732    3.782    0.200   -0.613   -1.273    0.200   -0.613    0.781   -0.255   -0.123    1.019    0.415
 144.60    3.245    3.247    3.302    0.120   -0.597   -1.755    0.120   -0.597    1.048   -0.211   -0.072    1.725    0.536
 144.70    3.237    3.263    3.263    0.413   -0.047   -1.763    0.413   -0.047    0.083   -0.729   -0.020    1.641    0.367
 144.80    3.331    3.333    3.348   -0.114    0.314   -1.669   -0.114    0.314   -0.524    0.191   -0.036    1.449    0.279
 144.90    3.443    3.472    3.476   -0.450    0.162   -1.557   -0.450    0.162   -0.252    0.701   -0.073    1.327    0.374
 145.00    3.706    3.736    3.739   -0.472    0.131   -1.294   -0.472    0.131   -0.169    0.610   -0.062    0.957    0.318
 145.10    3.624    3.654    3.658   -0.470    0.166   -1.376   -0.470    0.166   -0.229    0.646   -0.078    1.071    0.345
 145.20    3.280    3.287    3.291   -0.201   -0.161   -1.720   -0.201   -0.161    0.278    0.345    0.032    1.512    0.222
 145.30    3.399    3.404    3.417   -0.179   -0.305   -1.601   -0.179   -0.305    0.489    0.286    0.055    1.344    0.284
 145.40    3.231    3.284    3.299   -0.586   -0.318   -1.769   -0.586   -0.318    0.563    1.037    0.187    1.787    0.597
 145.50    2.971    3.055    3.062   -0.712    0.204   -2.029   -0.712    0.204   -0.415    1.445   -0.146    2.333    0.755
 145.60    2.974    3.019    3.019   -0.520   -0.002   -2.026   -0.520   -0.002    0.005    1.054    0.001    2.189    0.527
 145.70    2.475    2.572    2.578   -0.702   -0.161   -2.525   -0.702   -0.161    0.406    1.772    0.113    3.447    0.911
 145.80    2.434    2.544    2.580   -0.742   -0.430   -2.566   -0.742   -0.430    1.102    1.904    0.319    3.660    1.111
 145.90    2.079    2.174    2.271   -0.636   -0.657   -2.921   -0.636   -0.657    1.919    1.859    0.418    4.685    1.352
 146.00    2.136    2.254    2.330   -0.720   -0.590   -2.864   -0.720   -0.590    1.689    2.063    0.425    4.535    1.350
 146.10    2.369    2.513    2.545   -0.839   -0.401   -2.631   -0.839   -0.401    1.054    2.207    0.336    3.893    1.235
 146.20    2.476    2.794    2.851   -1.295   -0.564   -2.524   -1.295   -0.564    1.422    3.267    0.730    4.181    1.818
 146.30    2.375    2.691    2.774   -1.265   -0.673   -2.625   -1.265   -0.673    1.765    3.321    0.851    4.471    1.928
 146.40    2.394    2.706    2.742   -1.261   -0.446   -2.606   -1.261   -0.446    1.161    3.287    0.562    4.290    1.765
 146.50    2.691    2.862    2.869   -0.974   -0.204   -2.309   -0.974   -0.204    0.472    2.249    0.199    3.160    1.153
 146.60    2.829    3.088    3.088   -1.236   -0.036   -2.171   -1.236   -0.036    0.078    2.683    0.044    3.120    1.342
 146.70    2.933    3.184    3.188   -1.240   -0.145   -2.067   -1.240   -0.145    0.299    2.564    0.180    2.916    1.294
 146.80    3.003    3.118    3.150   -0.840   -0.445   -1.997   -0.840   -0.445    0.889    1.678    0.374    2.446    0.967
 146.90    3.052    3.100    3.110   -0.541   -0.258   -1.948   -0.541   -0.258    0.502    1.053    0.139    2.077    0.588
 147.00    3.097    3.164    3.187   -0.647   -0.385   -1.903   -0.647   -0.385    0.733    1.232    0.249    2.095    0.728
 147.10    3.006    3.039    3.127   -0.445   -0.738   -1.994   -0.445   -0.738    1.471    0.888    0.329    2.359    0.875
 147.20    3.269    3.289    3.396   -0.362   -0.845   -1.731   -0.362   -0.845    1.463    0.627    0.306    1.921    0.811
 147.30    3.325    3.325    3.441   -0.040   -0.886   -1.675   -0.040   -0.886    1.484    0.066    0.035    1.796    0.743
 147.40    3.724    3.735    3.911   -0.285   -1.157   -1.276   -0.285   -1.157    1.476    0.364    0.330    1.524    0.778
 147.50    4.214    4.214    4.353    0.010   -1.090   -0.786    0.010   -1.090    0.857   -0.008   -0.011    0.903    0.428
 147.60    4.025    4.026    4.166   -0.062   -1.073   -0.975   -0.062   -1.073    1.047    0.060    0.067    1.053    0.525
 147.70    4.019    4.022    4.183   -0.149   -1.150   -0.981   -0.149   -1.150    1.128    0.146    0.171    1.153    0.575
 147.80    4.436    4.438    4.606   -0.126   -1.233   -0.564   -0.126   -1.233    0.695    0.071    0.155    0.926    0.358
 147.90    4.521    4.559    4.663   -0.584   -0.982   -0.479   -0.584   -0.982    0.470    0.280    0.573    0.767    0.396
 148.00    4.535    4.615    4.757   -0.857   -1.151   -0.465   -0.857   -1.151    0.535    0.399    0.987    1.138    0.596
 148.10    4.525    4.634    4.673   -0.998   -0.598   -0.475   -0.998   -0.598    0.284    0.474    0.596    0.789    0.406
 148.20    4.355    4.410    4.420   -0.698   -0.293   -0.645   -0.698   -0.293    0.189    0.450    0.204    0.494    0.265
 148.30    4.370    4.387    4.399   -0.389    0.318   -0.630   -0.389    0.318   -0.200    0.245   -0.123    0.324    0.170
 148.40    4.181    4.224    4.235   -0.601   -0.297   -0.819   -0.601   -0.297    0.243    0.492    0.179    0.560    0.289
 148.50    4.172    4.214    4.239   -0.589   -0.464   -0.828   -0.589   -0.464    0.384    0.488    0.273    0.624    0.339
 148.60    4.359    4.427    4.483   -0.771   -0.708   -0.641   -0.771   -0.708    0.454    0.494    0.546    0.754    0.433
 148.70    4.510    4.549    4.568   -0.593   -0.418   -0.490   -0.593   -0.418    0.205    0.291    0.248    0.383    0.217
 148.80    4.818    4.839    4.841   -0.448    0.133   -0.182   -0.448    0.133   -0.024    0.081   -0.060    0.126    0.052
 148.90    4.764    4.772    4.772   -0.280   -0.058   -0.236   -0.280   -0.058    0.014    0.066    0.016    0.069    0.035
 149.00    4.232    4.256    4.256   -0.447   -0.072   -0.768   -0.447   -0.072    0.055    0.343    0.032    0.397    0.174
 149.10    4.194    4.235    4.236   -0.590   -0.061   -0.806   -0.590   -0.061    0.049    0.476    0.036    0.501    0.240
 149.20    4.005    4.043    4.043   -0.551    0.029   -0.995   -0.551    0.029   -0.029    0.548   -0.016    0.647    0.274
 149.30    3.981    4.011    4.060   -0.489   -0.627   -1.019   -0.489   -0.627    0.639    0.498    0.307    0.835    0.433
 149.40    3.877    3.889    3.900   -0.296   -0.302   -1.123   -0.296   -0.302    0.339    0.332    0.089    0.719    0.241
 149.50    3.824    3.868    3.878   -0.583   -0.274   -1.176   -0.583   -0.274    0.323    0.686    0.160    0.900    0.388
 149.60    3.712    3.736    3.769   -0.420   -0.497   -1.288   -0.420   -0.497    0.641    0.541    0.209    1.041    0.432
 149.70    3.817    3.879    3.936   -0.688   -0.671   -1.183   -0.688   -0.671    0.794    0.814    0.462    1.161    0.613
 149.80    3.760    3.892    4.028   -1.003   -1.039   -1.240   -1.003   -1.039    1.288    1.244    1.042    1.811    1.036
 149.90    3.638    3.677    3.768   -0.535   -0.821   -1.362   -0.535   -0.821    1.118    0.728    0.439    1.407    0.702
 150.00    3.376    3.377    3.478   -0.061   -0.831   -1.624   -0.061   -0.831    1.349    0.100    0.051    1.665    0.677
 150.10    3.022    3.033    3.058   -0.262   -0.392   -1.978   -0.262   -0.392    0.776    0.518    0.103    2.068    0.469
 150.20    3.190    3.228    3.228   -0.493   -0.057   -1.810   -0.493   -0.057    0.103    0.893    0.028    1.762    0.450
 150.30    3.190    3.213    3.213   -0.380   -0.008   -1.810   -0.380   -0.008    0.015    0.688    0.003    1.709    0.344
 150.40    2.937    2.942    2.947   -0.175    0.178   -2.063   -0.175    0.178   -0.368    0.361   -0.031    2.160    0.258
 150.50    2.475    2.499    2.502   -0.350   -0.109   -2.525   -0.350   -0.109    0.275    0.884    0.038    3.256    0.463
 150.60    2.376    2.429    2.445   -0.507   -0.275   -2.624   -0.507   -0.275    0.722    1.331    0.139    3.610    0.760
 150.70    2.439    2.496    2.498   -0.530   -0.117   -2.561   -0.530   -0.117    0.299    1.357    0.062    3.427    0.695
 150.80    2.519    2.582    2.583   -0.565    0.074   -2.481   -0.565    0.074   -0.184    1.402   -0.042    3.240    0.707
 150.90    2.273    2.279    2.304   -0.178   -0.337   -2.727   -0.178   -0.337    0.919    0.486    0.060    3.792    0.520
 151.00    2.326    2.332    2.362   -0.173   -0.377   -2.674   -0.173   -0.377    1.008    0.462    0.065    3.662    0.555
 151.10    2.626    2.630    2.650   -0.146   -0.321   -2.374   -0.146   -0.321    0.763    0.347    0.047    2.879    0.420
 151.20    2.944    2.956    2.957   -0.267   -0.079   -2.056   -0.267   -0.079    0.163    0.549    0.021    2.152    0.287
 151.30    2.378    2.379    2.380    0.078    0.076   -2.622    0.078    0.076   -0.199   -0.203    0.006    3.445    0.142
 151.40    2.313    2.313    2.333   -0.004    0.304   -2.687   -0.004    0.304   -0.816    0.010   -0.001    3.656    0.408
 151.50    2.629    2.671    2.671   -0.473    0.009   -2.371   -0.473    0.009   -0.021    1.122   -0.004    2.924    0.561
 151.60    2.421    2.458    2.459   -0.423    0.070   -2.579   -0.423    0.070   -0.181    1.090   -0.030    3.417    0.553
 151.70    2.554    2.603    2.606   -0.502    0.116   -2.446   -0.502    0.116   -0.283    1.227   -0.058    3.123    0.630
 151.80    2.332    2.448    2.449   -0.747    0.059   -2.668   -0.747    0.059   -0.156    1.992   -0.044    3.841    1.000
 151.90    2.284    2.361    2.367   -0.597    0.167   -2.716   -0.597    0.167   -0.452    1.622   -0.099    3.879    0.843
 152.00    2.380    2.415    2.415   -0.411   -0.015   -2.620   -0.411   -0.015    0.039    1.076    0.006    3.517    0.538
 152.10    2.049    2.049    2.081   -0.025   -0.363   -2.951   -0.025   -0.363    1.070    0.072    0.009    4.420    0.536
 152.20    2.311    2.315    2.315   -0.123   -0.025   -2.689   -0.123   -0.025    0.068    0.330    0.003    3.622    0.169
 152.30    2.258    2.260    2.263   -0.107   -0.101   -2.742   -0.107   -0.101    0.277    0.293    0.011    3.770    0.202
 152.40    2.291    2.291    2.291    0.017   -0.020   -2.709    0.017   -0.020    0.055   -0.046   -0.000    3.671    0.036
 152.50    2.347    2.347    2.347   -0.045   -0.021   -2.653   -0.045   -0.021    0.056    0.120    0.001    3.521    0.066
 152.60    2.088    2.091    2.091   -0.115   -0.001   -2.912   -0.115   -0.001    0.002    0.335    0.000    4.246    0.168
 152.70    2.021    2.027    2.052    0.150    0.323   -2.979    0.150    0.323   -0.961   -0.447    0.048    4.499    0.530
 152.80    2.482    2.482    2.491   -0.006    0.209   -2.518   -0.006    0.209   -0.526    0.014   -0.001    3.191    0.263
 152.90    2.782    2.785    2.869    0.118    0.689   -2.218    0.118    0.689   -1.529   -0.261    0.081    2.704    0.776
 153.00    2.884    2.884    2.924   -0.003    0.479   -2.116   -0.003    0.479   -1.013    0.006   -0.001    2.353    0.506
 153.10    2.542    2.547    2.565    0.149   -0.305   -2.458    0.149   -0.305    0.750   -0.366   -0.045    3.078    0.418
 153.20    2.760    2.766    2.796    0.171   -0.408   -2.240    0.171   -0.408    0.914   -0.383   -0.070    2.606    0.497
 153.30    3.123    3.148    3.184    0.389   -0.482   -1.877    0.389   -0.482    0.904   -0.730   -0.187    1.952    0.588
 153.40    3.141    3.209    3.215    0.658   -0.187   -1.859    0.658   -0.187    0.348   -1.223   -0.123    1.962    0.639
 153.50    3.239    3.273    3.273    0.475   -0.024   -1.761    0.475   -0.024    0.043   -0.836   -0.012    1.664    0.419
 153.60    3.433    3.449    3.455    0.333   -0.208   -1.567    0.333   -0.208    0.326   -0.521   -0.069    1.305    0.310
 153.70    3.500    3.506    3.522    0.204   -0.343   -1.500    0.204   -0.343    0.515   -0.306   -0.070    1.205    0.301
 153.80    3.471    3.474    3.505    0.124   -0.471   -1.529    0.124   -0.471    0.719   -0.190   -0.059    1.287    0.373
 153.90    3.103    3.121    3.131    0.339   -0.249   -1.897    0.339   -0.249    0.472   -0.642   -0.084    1.888    0.401
 154.00    2.872    2.885    2.903    0.270    0.321   -2.128    0.270    0.321   -0.682   -0.574    0.087    2.351    0.448
 154.10    3.147    3.166    3.239   -0.349    0.683   -1.853   -0.349    0.683   -1.265    0.646   -0.238    2.010    0.720
 154.20    3.371    3.375    3.488   -0.157    0.882   -1.629   -0.157    0.882   -1.436    0.256   -0.139    1.728    0.733
 154.30    3.451    3.454    3.500   -0.132    0.567   -1.549   -0.132    0.567   -0.878    0.205   -0.075    1.369    0.453
 154.40    3.101    3.101    3.154   -0.026    0.573   -1.899   -0.026    0.573   -1.089    0.049   -0.015    1.968    0.545
 154.50    3.308    3.309    3.364   -0.102    0.605   -1.692   -0.102    0.605   -1.024    0.173   -0.062    1.620    0.520
 154.60    3.183    3.183    3.231    0.006    0.557   -1.817    0.006    0.557   -1.013   -0.011    0.003    1.806    0.506
 154.70    3.077    3.090    3.138    0.277    0.550   -1.923    0.277    0.550   -1.057   -0.532    0.152    2.038    0.597
 154.80    2.674    2.766    2.820    0.707    0.553   -2.326    0.707    0.553   -1.286   -1.644    0.391    3.108    1.062
 154.90    2.905    2.960    2.969    0.569    0.225   -2.095    0.569    0.225   -0.472   -1.192    0.128    2.381    0.644
 155.00    2.830    2.835    2.835    0.166    0.043   -2.170    0.166    0.043   -0.094   -0.359    0.007    2.370    0.186
 155.10    3.271    3.271    3.274    0.012   -0.141   -1.729    0.012   -0.141    0.244   -0.020   -0.002    1.506    0.123
 155.20    3.163    3.164    3.164   -0.063    0.049   -1.837   -0.063    0.049   -0.090    0.116   -0.003    1.691    0.074
 155.30    3.440    3.459    3.533   -0.361    0.719   -1.560   -0.361    0.719   -1.121    0.563   -0.260    1.540    0.641
 155.40    3.013    3.117    3.261   -0.796    0.960   -1.987   -0.796    0.960   -1.908    1.582   -0.765    2.752    1.297
 155.50    2.796    2.916    3.052   -0.826    0.901   -2.204   -0.826    0.901   -1.985    1.821   -0.744    3.175    1.397
 155.60    2.327    2.381    2.626   -0.503    1.108   -2.673   -0.503    1.108   -2.961    1.345   -0.557    4.312    1.650
 155.70    2.091    2.097    2.357   -0.168    1.075   -2.909   -0.168    1.075   -3.127    0.490   -0.181    4.824    1.585
 155.80    2.234    2.253    2.432   -0.288    0.916   -2.766   -0.288    0.916   -2.533    0.796   -0.264    4.285    1.334
 155.90    2.022    2.028    2.299    0.152    1.083   -2.978    0.152    1.083   -3.223   -0.453    0.165    5.031    1.630
 156.00    1.962    1.963    2.168   -0.073    0.920   -3.038   -0.073    0.920   -2.795    0.222   -0.067    5.041    1.402
 156.10    2.265    2.284    2.373   -0.289    0.646   -2.735   -0.289    0.646   -1.765    0.791   -0.187    3.989    0.972
 156.20    1.879    1.888    2.077   -0.185    0.864   -3.121   -0.185    0.864   -2.696    0.577   -0.160    5.260    1.381
 156.30    2.054    2.061    2.205   -0.165    0.784   -2.946   -0.165    0.784   -2.308    0.485   -0.129    4.660    1.181
 156.40    2.020    2.021    2.063    0.045    0.416   -2.980    0.045    0.416   -1.238   -0.135    0.019    4.526    0.623
 156.50    2.271    2.279    2.359   -0.185    0.610   -2.729   -0.185    0.610   -1.664    0.506   -0.113    3.926    0.871
 156.60    2.536    2.547    2.623    0.237    0.626   -2.464    0.237    0.626   -1.544   -0.583    0.148    3.261    0.828
 156.70    2.256    2.262    2.311    0.164    0.477   -2.744    0.164    0.477   -1.309   -0.450    0.078    3.893    0.693
 156.80    2.189    2.266    2.281    0.585    0.264   -2.811    0.585    0.264   -0.742   -1.646    0.154    4.157    0.906
 156.90    2.141    2.181    2.219    0.416    0.409   -2.859    0.416    0.409   -1.170   -1.189    0.170    4.257    0.838
 157.00    2.550    2.557    2.584    0.195    0.372   -2.450    0.195    0.372   -0.911   -0.478    0.073    3.089    0.516
 157.10    2.359    2.359    2.397    0.004    0.428   -2.641    0.004    0.428   -1.130   -0.010    0.002    3.580    0.565
 157.20    2.193    2.193    2.269    0.012    0.583   -2.807    0.012    0.583   -1.637   -0.033    0.007    4.111    0.819
 157.30    2.592    2.602    2.776   -0.224    0.967   -2.408   -0.224    0.967   -2.329    0.538   -0.216    3.392    1.200
 157.40    2.762    2.769    3.008    0.210    1.173   -2.238    0.210    1.173   -2.626   -0.469    0.246    3.216    1.340
 157.50    2.732    2.803    3.061    0.630    1.230   -2.268    0.630    1.230   -2.790   -1.429    0.775    3.528    1.615
 157.60    2.971    3.050    3.342    0.687    1.367   -2.029    0.687    1.367   -2.773   -1.394    0.939    3.228    1.621
 157.70    2.836    2.856    3.166    0.329    1.367   -2.164    0.329    1.367   -2.958   -0.713    0.450    3.329    1.538
 157.80    2.891    2.899    3.112    0.207    1.133   -2.109    0.207    1.133   -2.389   -0.437    0.235    2.886    1.220
 157.90    3.062    3.068    3.349    0.180    1.344   -1.938    0.180    1.344   -2.605   -0.349    0.242    2.797    1.320
 158.00    3.313    3.320    3.710    0.205    1.657   -1.687    0.205    1.657   -2.795   -0.345    0.339    2.817    1.418
 158.10    3.413    3.442    3.893    0.446    1.817   -1.587    0.446    1.817   -2.884   -0.708    0.811    3.010    1.539
 158.20    3.488    3.507    3.983    0.357    1.888   -1.512    0.357    1.888   -2.854   -0.540    0.674    2.989    1.491
 158.30    3.037    3.056    3.376    0.341    1.434   -1.963    0.341    1.434   -2.816   -0.669    0.489    3.013    1.468
 158.40    3.351    3.355    3.678    0.149    1.507   -1.649    0.149    1.507   -2.485   -0.246    0.225    2.506    1.254
 158.50    3.577    3.578    4.020   -0.073    1.832   -1.423   -0.073    1.832   -2.606    0.103   -0.133    2.692    1.305
 158.60    3.688    3.725    4.089    0.523    1.687   -1.312    0.523    1.687   -2.214   -0.686    0.883    2.421    1.240
 158.70    3.983    4.022    4.311    0.561    1.551   -1.017    0.561    1.551   -1.577   -0.570    0.869    1.877    0.945
 158.80    3.950    3.966    4.207    0.362    1.401   -1.050    0.362    1.401   -1.472   -0.380    0.507    1.599    0.801
 158.90    3.657    3.658    3.846    0.077    1.189   -1.343    0.077    1.189   -1.596   -0.103    0.091    1.611    0.801
 159.00    3.728    3.735    3.930    0.221    1.224   -1.272    0.221    1.224   -1.556   -0.281    0.271    1.582    0.802
 159.10    3.682    3.711    3.876    0.465    1.120   -1.318    0.465    1.120   -1.476   -0.613    0.521    1.604    0.841
 159.20    3.662    3.699    3.778    0.520    0.771   -1.338    0.520    0.771   -1.032   -0.695    0.401    1.327    0.654
 159.30    3.608    3.635    3.797    0.444    1.096   -1.392    0.444    1.096   -1.526   -0.619    0.487    1.669    0.859
 159.40    3.673    3.679    3.703    0.214    0.420   -1.327    0.214    0.420   -0.557   -0.284    0.090    0.991    0.316
 159.50    3.530    3.533    3.534    0.136    0.103   -1.470    0.136    0.103   -0.152   -0.200    0.014    1.095    0.126
 159.60    3.633    3.658    3.658   -0.429   -0.004   -1.367   -0.429   -0.004    0.006    0.587    0.002    1.027    0.293
 159.70    3.999    4.019    4.024   -0.395    0.216   -1.001   -0.395    0.216   -0.216    0.395   -0.085    0.602    0.229
 159.80    3.652    3.660    3.684   -0.237    0.423   -1.348   -0.237    0.423   -0.570    0.320   -0.100    1.026    0.331
 159.90    4.022    4.022    4.028   -0.050    0.216   -0.978   -0.050    0.216   -0.211    0.049   -0.011    0.503    0.108
 160.00    3.848    3.852    3.852    0.178   -0.008   -1.152    0.178   -0.008    0.009   -0.205   -0.001    0.680    0.103
 160.10    3.627    3.639    3.645    0.294    0.207   -1.373    0.294    0.207   -0.285   -0.404    0.061    1.007    0.249
 160.20    3.854    3.895    3.916    0.566    0.400   -1.146    0.566    0.400   -0.458   -0.649    0.227    0.897    0.413
 160.30    4.072    4.072    4.074    0.015    0.130   -0.928    0.015    0.130   -0.120   -0.014    0.002    0.439    0.061
 160.40    4.233    4.237    4.237   -0.194   -0.019   -0.767   -0.194   -0.019    0.014    0.149    0.004    0.313    0.075
 160.50    4.324    4.327    4.333   -0.168   -0.219   -0.676   -0.168   -0.219    0.148    0.114    0.037    0.267    0.095
 160.60    4.810    4.811    4.813   -0.076   -0.154   -0.190   -0.076   -0.154    0.029    0.014    0.012    0.033    0.017
 160.70    4.338    4.339    4.340   -0.090   -0.090   -0.662   -0.090   -0.090    0.059    0.059    0.008    0.227    0.042
 160.80    4.192    4.192    4.192    0.069    0.006   -0.808    0.069    0.006   -0.005   -0.056    0.000    0.329    0.028
 160.90    4.208    4.218    4.224    0.294   -0.212   -0.792    0.294   -0.212    0.168   -0.233   -0.062    0.379    0.147
 161.00    4.003    4.016    4.021    0.325    0.211   -0.997    0.325    0.211   -0.210   -0.325    0.069    0.573    0.196
 161.10    4.190    4.194    4.195    0.183    0.104   -0.810    0.183    0.104   -0.084   -0.148    0.019    0.350    0.086
 161.20    3.941    3.947    3.957    0.205   -0.293   -1.059    0.205   -0.293    0.310   -0.217   -0.060    0.624    0.192
 161.30    3.928    3.943    3.967    0.337   -0.438   -1.072    0.337   -0.438    0.470   -0.361   -0.147    0.727    0.305
 161.40    4.206    4.215    4.217    0.288   -0.117   -0.794    0.288   -0.117    0.093   -0.229   -0.034    0.364    0.124
 161.50    4.306    4.337    4.350    0.510   -0.342   -0.694    0.510   -0.342    0.237   -0.354   -0.174    0.429    0.230
 161.60    4.576    4.616    4.618    0.604    0.139   -0.424    0.604    0.139   -0.059   -0.256    0.084    0.282    0.138
 161.70    4.430    4.473    4.474    0.618    0.108   -0.570    0.618    0.108   -0.062   -0.352    0.067    0.359    0.182
 161.80    3.953    3.976    3.981    0.427    0.207   -1.047    0.427    0.207   -0.217   -0.447    0.088    0.661    0.252
 161.90    3.654    3.658    3.671    0.186    0.298   -1.346    0.186    0.298   -0.401   -0.251    0.055    0.968    0.238
 162.00    3.445    3.449    3.463    0.151   -0.318   -1.555    0.151   -0.318    0.495   -0.235   -0.048    1.270    0.275
 162.10    3.658    3.703    3.721    0.576   -0.367   -1.342    0.576   -0.367    0.493   -0.773   -0.212    1.134    0.470
 162.20    3.576    3.610    3.637    0.496   -0.442   -1.424    0.496   -0.442    0.629   -0.707   -0.219    1.235    0.486
 162.30    3.615    3.628    3.629    0.304   -0.087   -1.385    0.304   -0.087    0.120   -0.421   -0.026    1.009    0.219
 162.40    3.258    3.260    3.280   -0.118    0.361   -1.742   -0.118    0.361   -0.630    0.206   -0.043    1.590    0.332
 162.50    3.455    3.484    3.485   -0.453    0.062   -1.545   -0.453    0.062   -0.096    0.700   -0.028    1.299    0.354
 162.60    3.921    3.954    3.963   -0.509   -0.271   -1.079   -0.509   -0.271    0.292    0.549    0.138    0.749    0.319
 162.70    3.685    3.707    3.716   -0.397   -0.258   -1.315   -0.397   -0.258    0.339    0.521    0.102    0.976    0.315
 162.80    4.101    4.116    4.149   -0.344   -0.521   -0.899   -0.344   -0.521    0.468    0.309    0.179    0.599    0.295
 162.90    4.209    4.223    4.223   -0.344   -0.038   -0.791   -0.344   -0.038    0.030    0.272    0.013    0.373    0.137
 163.00    4.047    4.076    4.077   -0.492   -0.050   -0.953   -0.492   -0.050    0.047    0.469    0.024    0.577    0.236
 163.10    3.966    3.991    3.992   -0.453   -0.084   -1.034   -0.453   -0.084    0.086    0.469    0.038    0.641    0.239
 163.20    3.724    3.726    3.726   -0.136   -0.008   -1.276   -0.136   -0.008    0.010    0.173    0.001    0.824    0.087
 163.30    3.998    4.012    4.012   -0.332   -0.050   -1.002   -0.332   -0.050    0.050    0.332    0.017    0.558    0.168
 163.40    4.131    4.137    4.138   -0.225    0.066   -0.869   -0.225    0.066   -0.057    0.195   -0.015    0.405    0.102
 163.50    4.237    4.252    4.263   -0.367    0.299   -0.763   -0.367    0.299   -0.229    0.280   -0.110    0.403    0.189
 163.60    4.154    4.264    4.280   -0.960    0.367   -0.846   -0.960    0.367   -0.310    0.812   -0.352    0.886    0.469
 163.70    4.314    4.385    4.386   -0.788    0.097   -0.686   -0.788    0.097   -0.066    0.541   -0.076    0.551    0.275
 163.80    4.547    4.578    4.578   -0.530    0.055   -0.453   -0.530    0.055   -0.025    0.240   -0.029    0.244    0.122
 163.90    4.539    4.605    4.610   -0.777    0.231   -0.461   -0.777    0.231   -0.107    0.359   -0.180    0.435    0.208
 164.00    4.464    4.504    4.521   -0.598   -0.389   -0.536   -0.598   -0.389    0.209    0.320    0.233    0.398    0.224
 164.10    4.467    4.480    4.493   -0.351   -0.341   -0.533   -0.351   -0.341    0.182    0.187    0.120    0.262    0.143
 164.20    4.527    4.539    4.540   -0.338   -0.062   -0.473   -0.338   -0.062    0.029    0.160    0.021    0.171    0.082
 164.30    4.215    4.248    4.249   -0.533   -0.092   -0.785   -0.533   -0.092    0.072    0.418    0.049    0.454    0.214
 164.40    4.355    4.398    4.402   -0.613   -0.173   -0.645   -0.613   -0.173    0.111    0.395    0.106    0.411    0.212
 164.50    4.309    4.354    4.371   -0.626   -0.381   -0.691   -0.626   -0.381    0.263    0.432    0.238    0.507    0.280
 164.60    4.318    4.411    4.427   -0.900   -0.380   -0.682   -0.900   -0.380    0.259    0.613    0.342    0.709    0.374
 164.70    4.130    4.232    4.306   -0.928   -0.792   -0.870   -0.928   -0.792    0.689    0.808    0.735    1.123    0.646
 164.80    4.095    4.248    4.327   -1.128   -0.825   -0.905   -1.128   -0.825    0.746    1.021    0.931    1.386    0.785
 164.90    4.734    4.886    4.934   -1.207   -0.693   -0.266   -1.207   -0.693    0.184    0.321    0.837    1.004    0.457
 165.00    4.619    4.867    4.940   -1.532   -0.847   -0.381   -1.532   -0.847    0.322    0.583    1.297    1.604    0.729
 165.10    4.513    4.690    4.799   -1.279   -1.017   -0.487   -1.279   -1.017    0.495    0.623    1.300    1.453    0.762
 165.20    4.775    4.930    5.062   -1.223   -1.150   -0.225   -1.223   -1.150    0.258    0.275    1.407    1.435    0.728
 165.30    4.496    4.664    4.814   -1.241   -1.190   -0.504   -1.241   -1.190    0.600    0.625    1.477    1.606    0.856
 165.40    4.409    4.571    4.681   -1.206   -1.009   -0.591   -1.206   -1.009    0.596    0.712    1.216    1.410    0.765
 165.50    4.121    4.418    4.460   -1.591   -0.614   -0.879   -1.591   -0.614    0.540    1.398    0.977    1.840    0.894
 165.60    4.328    4.671    4.767   -1.757   -0.952   -0.672   -1.757   -0.952    0.640    1.180    1.673    2.222    1.072
 165.70    4.248    4.434    4.446   -1.271   -0.329   -0.752   -1.271   -0.329    0.247    0.956    0.418    1.145    0.536
 165.80    4.259    4.420    4.426   -1.183   -0.234   -0.741   -1.183   -0.234    0.174    0.877    0.277    1.002    0.468
 165.90    4.161    4.445    4.449   -1.563   -0.199   -0.839   -1.563   -0.199    0.167    1.311    0.311    1.593    0.679
 166.00    4.362    4.561    4.561   -1.333   -0.041   -0.638   -1.333   -0.041    0.026    0.851    0.054    1.093    0.426
 166.10    4.595    4.778    4.785   -1.311   -0.259   -0.405   -1.311   -0.259    0.105    0.531    0.339    0.974    0.319
 166.20    4.580    4.796    4.796   -1.423    0.035   -0.420   -1.423    0.035   -0.015    0.597   -0.050    1.101    0.300
 166.30    4.241    4.361    4.362   -1.017   -0.101   -0.759   -1.017   -0.101    0.077    0.772    0.103    0.810    0.391
 166.40    4.286    4.334    4.339   -0.646    0.207   -0.714   -0.646    0.207   -0.148    0.461   -0.134    0.485    0.251
 166.50    4.093    4.225    4.225   -1.045   -0.032   -0.907   -1.045   -0.032    0.029    0.947    0.033    0.958    0.474
 166.60    3.806    4.057    4.070   -1.404    0.327   -1.194   -1.404    0.327   -0.390    1.676   -0.459    1.752    0.891
 166.70    3.828    4.114    4.118   -1.508    0.193   -1.172   -1.508    0.193   -0.226    1.767   -0.291    1.842    0.903
 166.80    3.784    3.922    3.924   -1.031    0.140   -1.216   -1.031    0.140   -0.170    1.253   -0.144    1.280    0.636
 166.90    3.873    3.934    3.940   -0.694    0.212   -1.127   -0.694    0.212   -0.239    0.782   -0.147    0.899    0.415
 167.00    4.083    4.148    4.158   -0.730    0.296   -0.917   -0.730    0.296   -0.271    0.669   -0.216    0.731    0.377
 167.10    4.083    4.134    4.153   -0.648    0.400   -0.917   -0.648    0.400   -0.367    0.594   -0.260    0.711    0.373
 167.20    4.196    4.283    4.285   -0.856    0.143   -0.804   -0.856    0.143   -0.115    0.688   -0.122    0.699    0.354
 167.30    4.373    4.452    4.453   -0.836    0.040   -0.627   -0.836    0.040   -0.025    0.524   -0.034    0.547    0.263
 167.40    4.252    4.282    4.292   -0.504    0.301   -0.748   -0.504    0.301   -0.225    0.377   -0.152    0.452    0.232
 167.50    4.119    4.145    4.152   -0.463    0.229   -0.881   -0.463    0.229   -0.201    0.408   -0.106    0.521    0.234
 167.60    4.368    4.396    4.396   -0.490   -0.007   -0.632   -0.490   -0.007    0.004    0.310    0.003    0.320    0.155
 167.70    4.379    4.380    4.380   -0.100   -0.056   -0.621   -0.100   -0.056    0.035    0.062    0.006    0.200    0.036
 167.80    4.016    4.029    4.032    0.323   -0.151   -0.984    0.323   -0.151    0.148   -0.318   -0.049    0.548    0.177
 167.90    3.800    3.800    3.823   -0.052   -0.419   -1.200   -0.052   -0.419    0.503    0.062    0.022    0.809    0.253
 168.00    4.143    4.150    4.216    0.233   -0.744   -0.857    0.233   -0.744    0.637   -0.199   -0.173    0.671    0.345
 168.10    4.212    4.223    4.240    0.299   -0.385   -0.788    0.299   -0.385    0.304   -0.236   -0.115    0.429    0.201
 168.20    4.186    4.198    4.203    0.319    0.206   -0.814    0.319    0.206   -0.168   -0.259    0.066    0.403    0.158
 168.30    4.431    4.442    4.456    0.306   -0.349   -0.569    0.306   -0.349    0.199   -0.174   -0.107    0.270    0.143
 168.40    4.383    4.384    4.411    0.096   -0.486   -0.617    0.096   -0.486    0.300   -0.059   -0.047    0.313    0.155
 168.50    4.175    4.182    4.189   -0.240   -0.242   -0.825   -0.240   -0.242    0.200    0.198    0.058    0.398    0.144
 168.60    4.339    4.343    4.343   -0.179   -0.035   -0.661   -0.179   -0.035    0.023    0.118    0.006    0.235    0.060
 168.70    4.069    4.072    4.077   -0.153   -0.209   -0.931   -0.153   -0.209    0.194    0.143    0.032    0.467    0.122
 168.80    4.075    4.083    4.083   -0.260    0.019   -0.925   -0.260    0.019   -0.018    0.240   -0.005    0.462    0.121
 168.90    4.155    4.164    4.184   -0.266    0.415   -0.845   -0.266    0.415   -0.351    0.225   -0.110    0.478    0.215
 169.00    3.702    3.718    3.771   -0.348    0.632   -1.298   -0.348    0.632   -0.820    0.452   -0.220    1.103    0.481
 169.10    3.728    3.728    3.792    0.029    0.691   -1.272    0.029    0.691   -0.880   -0.038    0.020    1.049    0.440
 169.20    4.033    4.036    4.051    0.156    0.349   -0.967    0.156    0.349   -0.338   -0.151    0.054    0.541    0.187
 169.30    4.113    4.157    4.181    0.602    0.449   -0.887    0.602    0.449   -0.398   -0.534    0.270    0.675    0.359
 169.40    4.281    4.304    4.332    0.441    0.491   -0.719    0.441    0.491   -0.353   -0.317    0.217    0.476    0.261
 169.50    4.229    4.230    4.255    0.073    0.465   -0.771    0.073    0.465   -0.358   -0.056    0.034    0.408    0.182
 169.60    3.891    3.894    3.898    0.154    0.184   -1.109    0.154    0.184   -0.204   -0.170    0.028    0.644    0.134
 169.70    3.918    3.924    3.935    0.218    0.300   -1.082    0.218    0.300   -0.325   -0.235    0.065    0.654    0.203
 169.80    4.081    4.081    4.083    0.041   -0.138   -0.919    0.041   -0.138    0.127   -0.038   -0.006    0.433    0.066
 169.90    4.228    4.228    4.236   -0.050    0.264   -0.772   -0.050    0.264   -0.204    0.039   -0.013    0.335    0.104
 170.00    4.418    4.427    4.432   -0.278    0.208   -0.582   -0.278    0.208   -0.121    0.162   -0.058    0.230    0.105
 170.10    4.492    4.497    4.499   -0.206    0.144   -0.508   -0.206    0.144   -0.073    0.105   -0.030    0.161    0.066
 170.20    4.195    4.203    4.215   -0.247    0.317   -0.805   -0.247    0.317   -0.255    0.199   -0.078    0.404    0.166
 170.30    4.197    4.199    4.216    0.149    0.379   -0.803    0.149    0.379   -0.305   -0.119    0.056    0.406    0.166
 170.40    4.390    4.408    4.423    0.399    0.369   -0.610    0.399    0.369   -0.225   -0.244    0.147    0.334    0.181
 170.50    4.349    4.377    4.377    0.499   -0.050   -0.651    0.499   -0.050    0.033   -0.325   -0.025    0.338    0.164
 170.60    4.147    4.148    4.149    0.061    0.111   -0.853    0.061    0.111   -0.095   -0.052    0.007    0.372    0.054
 170.70    4.254    4.254    4.254    0.002    0.009   -0.746    0.002    0.009   -0.007   -0.001    0.000    0.278    0.004
 170.80    4.261    4.266    4.285    0.196   -0.407   -0.739    0.196   -0.407    0.300   -0.145   -0.080    0.375    0.171
 170.90    4.118    4.120    4.124    0.136   -0.177   -0.882    0.136   -0.177    0.156   -0.120   -0.024    0.414    0.099
 171.00    3.924    3.931    3.931    0.228   -0.013   -1.076    0.228   -0.013    0.014   -0.245   -0.003    0.605    0.123
 171.10    4.196    4.201    4.201    0.202   -0.024   -0.804    0.202   -0.024    0.019   -0.163   -0.005    0.344    0.082
 171.20    4.264    4.316    4.318    0.670   -0.140   -0.736    0.670   -0.140    0.103   -0.494   -0.094    0.506    0.256
 171.30    4.378    4.407    4.431    0.500   -0.462   -0.622    0.500   -0.462    0.287   -0.311   -0.231    0.425    0.241
 171.40    4.051    4.051    4.057    0.013   -0.229   -0.949    0.013   -0.229    0.217   -0.012   -0.003    0.477    0.109
 171.50    3.740    3.768    3.800   -0.454   -0.493   -1.260   -0.454   -0.493    0.621    0.572    0.224    1.018    0.437
 171.60    3.659    3.736    3.743   -0.755   -0.228   -1.341   -0.755   -0.228    0.305    1.012    0.172    1.209    0.535
 171.70    3.587    3.732    3.739   -1.029    0.235   -1.413   -1.029    0.235   -0.333    1.454   -0.242    1.555    0.756
 171.80    3.787    3.847    3.857   -0.680   -0.270   -1.213   -0.680   -0.270    0.328    0.825    0.184    1.004    0.453
 171.90    3.677    3.718    3.723   -0.549   -0.200   -1.323   -0.549   -0.200    0.265    0.727    0.110    1.046    0.391
 172.00    3.686    3.727    3.728   -0.551   -0.110   -1.314   -0.551   -0.110    0.145    0.724    0.061    1.021    0.370
 172.10    3.525    3.587    3.591   -0.661   -0.167   -1.475   -0.661   -0.167    0.246    0.975    0.110    1.319    0.506
 172.20    3.836    3.867    3.874   -0.492    0.236   -1.164   -0.492    0.236   -0.275    0.573   -0.116    0.827    0.323
 172.30    3.847    3.923    3.969   -0.769    0.607   -1.153   -0.769    0.607   -0.700    0.887   -0.467    1.145    0.611
 172.40    4.499    4.655    4.793   -1.194    1.142   -0.501   -1.194    1.142   -0.572    0.598   -1.363    1.490    0.797
 172.50    4.212    4.297    4.385   -0.852    0.872   -0.788   -0.852    0.872   -0.688    0.672   -0.744    1.054    0.608
 172.60    4.222    4.350    4.378   -1.047    0.493   -0.778   -1.047    0.493   -0.384    0.814   -0.516    0.972    0.519
 172.70    4.003    4.148    4.192   -1.090    0.599   -0.997   -1.090    0.599   -0.598    1.087   -0.653    1.271    0.701
 172.80    4.696    4.819    4.860   -1.080    0.631   -0.304   -1.080    0.631   -0.192    0.328   -0.682    0.829    0.390
 172.90    4.599    4.721    4.738   -1.066    0.398   -0.401   -1.066    0.398   -0.159    0.427   -0.424    0.728    0.311
 173.00    4.351    4.562    4.564   -1.372    0.147   -0.649   -1.372    0.147   -0.096    0.891   -0.202    1.163    0.459
 173.10    4.303    4.391    4.392   -0.877    0.059   -0.697   -0.877    0.059   -0.041    0.611   -0.052    0.629    0.307
 173.20    4.240    4.423    4.424   -1.261   -0.081   -0.760   -1.261   -0.081    0.061    0.958    0.102    1.087    0.483
 173.30    4.356    4.553    4.559   -1.324    0.234   -0.644   -1.324    0.234   -0.151    0.853   -0.309    1.111    0.460
 173.40    4.363    4.476    4.478   -0.999   -0.149   -0.637   -0.999   -0.149    0.095    0.637    0.148    0.713    0.330
 173.50    3.940    4.063    4.066   -0.992   -0.170   -1.060   -0.992   -0.170    0.181    1.052    0.169    1.069    0.540
 173.60    4.125    4.348    4.369   -1.374   -0.431   -0.875   -1.374   -0.431    0.377    1.202    0.592    1.419    0.696
 173.70    4.062    4.267    4.276   -1.309   -0.273   -0.938   -1.309   -0.273    0.256    1.228    0.357    1.334    0.652
 173.80    4.102    4.232    4.244   -1.039   -0.325   -0.898   -1.039   -0.325    0.291    0.933    0.337    0.995    0.517
 173.90    3.652    3.801    3.811   -1.057   -0.273   -1.348   -1.057   -0.273    0.368    1.425    0.288    1.504    0.750
 174.00    3.825    4.155    4.166   -1.621   -0.300   -1.175   -1.621   -0.300    0.353    1.904    0.487    2.049    0.998
 174.10    4.308    4.719    4.741   -1.925   -0.456   -0.692   -1.925   -0.456    0.315    1.332    0.877    2.197    0.813
 174.20    4.890    5.228    5.232   -1.849   -0.203   -0.110   -1.849   -0.203    0.022    0.204    0.375    1.736    0.214
 174.30    4.846    5.068    5.080   -1.481   -0.352   -0.154   -1.481   -0.352    0.054    0.227    0.521    1.170    0.286
 174.40    4.688    4.855    4.858   -1.264   -0.174   -0.312   -1.264   -0.174    0.054    0.395    0.219    0.862    0.227
 174.50    4.925    5.227    5.229   -1.751   -0.146   -0.075   -1.751   -0.146    0.011    0.132    0.256    1.547    0.144
 174.60    4.828    5.127    5.128   -1.725   -0.119   -0.172   -1.725   -0.119    0.021    0.297    0.206    1.510    0.181
 174.70    4.984    5.306    5.308   -1.821    0.134   -0.016   -1.821    0.134   -0.002    0.029   -0.244    1.667    0.123
 174.80    4.671    5.212    5.212   -2.313    0.001   -0.329   -2.313    0.001   -0.000    0.761   -0.002    2.728    0.381
 174.90    4.409    4.821    4.823   -1.948   -0.152   -0.591   -1.948   -0.152    0.090    1.150    0.297    2.083    0.596
 175.00    4.976    5.404    5.405   -2.109    0.106   -0.024   -2.109    0.106   -0.003    0.050   -0.223    2.229    0.114
 175.10    4.988    5.411    5.417   -2.097    0.259   -0.012   -2.097    0.259   -0.003    0.026   -0.544    2.233    0.272
 175.20    5.157    5.762    5.828   -2.570    0.871    0.157   -2.570    0.871    0.137   -0.405   -2.239    3.695    1.140
 175.30    4.944    5.454    5.460   -2.302    0.240   -0.056   -2.302    0.240   -0.013    0.128   -0.554    2.681    0.284
 175.40    4.846    5.347    5.347   -2.260    0.003   -0.154   -2.260    0.003   -0.000    0.348   -0.007    2.567    0.174
 175.50    4.970    5.479    5.485   -2.307   -0.255   -0.030   -2.307   -0.255    0.008    0.070    0.589    2.694    0.297
 175.60    4.909    5.519    5.530   -2.523   -0.341   -0.091   -2.523   -0.341    0.031    0.230    0.860    3.245    0.445
 175.70    5.135    5.693    5.693   -2.458    0.001    0.135   -2.458    0.001    0.000   -0.333   -0.002    3.030    0.166
 175.80    5.313    5.742    5.756   -2.175   -0.411    0.313   -2.175   -0.411   -0.129   -0.682    0.894    2.500    0.566
 175.90    4.972    5.355    5.383   -1.989   -0.553   -0.028   -1.989   -0.553    0.016    0.056    1.100    2.131    0.551
 176.00    4.821    5.186    5.206   -1.912   -0.457   -0.179   -1.912   -0.457    0.082    0.342    0.874    1.949    0.471
 176.10    4.740    5.021    5.044   -1.657   -0.485   -0.260   -1.657   -0.485    0.126    0.432    0.804    1.525    0.460
 176.20    4.895    5.259    5.314   -1.921   -0.765   -0.105   -1.921   -0.765    0.080    0.201    1.470    2.144    0.743
 176.30    4.923    5.136    5.162   -1.465   -0.512   -0.077   -1.465   -0.512    0.039    0.113    0.750    1.207    0.380
 176.40    4.862    5.133    5.140   -1.644   -0.265   -0.138   -1.644   -0.265    0.036    0.226    0.435    1.395    0.246
 176.50    4.766    5.035    5.039   -1.626   -0.184   -0.234   -1.626   -0.184    0.043    0.381    0.300    1.366    0.243
 176.60    4.310    4.669    4.683   -1.795   -0.369   -0.690   -1.795   -0.369    0.255    1.239    0.662    1.918    0.714
 176.70    3.974    4.463    4.484   -2.031   -0.433   -1.026   -2.031   -0.433    0.444    2.083    0.879    2.682    1.152
 176.80    4.050    4.450    4.475   -1.844   -0.472   -0.950   -1.844   -0.472    0.449    1.752    0.871    2.264    1.004
 176.90    4.425    4.836    4.859   -1.951   -0.477   -0.575   -1.951   -0.477    0.274    1.122    0.930    2.183    0.742
 177.00    4.080    4.539    4.542   -1.990   -0.147   -0.920   -1.990   -0.147    0.135    1.831    0.293    2.415    0.930
 177.10    4.190    4.721    4.753   -2.174   -0.553   -0.810   -2.174   -0.553    0.448    1.760    1.202    2.843    1.089
 177.20    4.312    4.789    4.813   -2.084   -0.480   -0.688   -2.084   -0.480    0.330    1.434    1.001    2.524    0.890
 177.30    4.341    4.725    4.759   -1.866   -0.568   -0.659   -1.866   -0.568    0.375    1.230    1.060    2.120    0.833
 177.40    4.415    4.717    4.789   -1.658   -0.830   -0.585   -1.658   -0.830    0.485    0.969    1.377    1.891    0.876
 177.50    4.288    4.553    4.642   -1.531   -0.902   -0.712   -1.531   -0.902    0.642    1.090    1.381    1.833    0.936
 177.60    4.572    4.831    4.879   -1.561   -0.684   -0.428   -1.561   -0.684    0.293    0.669    1.069    1.545    0.647
 177.70    4.794    5.104    5.154   -1.750   -0.719   -0.206   -1.750   -0.719    0.148    0.360    1.259    1.810    0.659
 177.80    4.585    4.762    4.793   -1.286   -0.546   -0.415   -1.286   -0.546    0.227    0.534    0.702    1.062    0.455
 177.90    4.340    4.485    4.524   -1.128   -0.597   -0.660   -1.128   -0.597    0.394    0.744    0.674    1.032    0.539
 178.00    4.244    4.365    4.395   -1.019   -0.511   -0.756   -1.019   -0.511    0.386    0.770    0.521    0.936    0.504
 178.10    4.373    4.499    4.504   -1.059   -0.194   -0.627   -1.059   -0.194    0.122    0.664    0.205    0.776    0.353
 178.20    4.155    4.246    4.246   -0.872   -0.026   -0.845   -0.872   -0.026    0.022    0.736    0.022    0.737    0.368
 178.30    3.923    3.968    3.978   -0.593    0.276   -1.077   -0.593    0.276   -0.297    0.638   -0.164    0.793    0.361
 178.40    3.762    3.879    3.888   -0.947    0.255   -1.238   -0.947    0.255   -0.316    1.172   -0.241    1.247    0.619
 178.50    4.007    4.209    4.211   -1.286    0.143   -0.993   -1.286    0.143   -0.142    1.277   -0.184    1.330    0.649
 178.60    3.968    4.136    4.136   -1.165    0.033   -1.032   -1.165    0.033   -0.034    1.202   -0.038    1.211    0.602
 178.70    4.104    4.201    4.201   -0.899   -0.050   -0.896   -0.899   -0.050    0.045    0.806    0.045    0.807    0.404
 178.80    4.080    4.167    4.167   -0.846   -0.026   -0.920   -0.846   -0.026    0.024    0.778    0.022    0.781    0.389
 178.90    4.365    4.483    4.485   -1.021   -0.151   -0.635   -1.021   -0.151    0.096    0.648    0.154    0.734    0.337
 179.00    4.503    4.633    4.637   -1.088   -0.196   -0.497   -1.088   -0.196    0.097    0.540    0.213    0.735    0.295
 179.10    4.371    4.498    4.498   -1.061   -0.039   -0.629   -1.061   -0.039    0.025    0.667    0.042    0.761    0.335
 179.20    4.324    4.522    4.522   -1.323    0.064   -0.676   -1.323    0.064   -0.043    0.895   -0.085    1.106    0.450
 179.30    4.555    4.728    4.746   -1.268    0.411   -0.445   -1.268    0.411   -0.183    0.564   -0.521    0.987    0.394
 179.40    4.369    4.569    4.622   -1.336    0.696   -0.631   -1.336    0.696   -0.439    0.842   -0.930    1.333    0.665
 179.50    4.164    4.260    4.362   -0.897    0.939   -0.836   -0.897    0.939   -0.785    0.749   -0.842    1.193    0.687
 179.60    4.425    4.621    4.757   -1.332    1.128   -0.575   -1.332    1.128   -0.649    0.766   -1.502    1.688    0.903
 179.70    4.661    4.784    4.875   -1.077    0.942   -0.339   -1.077    0.942   -0.320    0.366   -1.015    1.082    0.563
 179.80    4.560    4.685    4.754   -1.075    0.805   -0.440   -1.075    0.805   -0.354    0.473   -0.865    0.999    0.524
 179.90    4.287    4.372    4.443   -0.856    0.790   -0.713   -0.856    0.790   -0.563    0.610   -0.676    0.932    0.535
 180.00    4.349    4.416    4.522   -0.771    0.973   -0.651   -0.771    0.973   -0.634    0.502   -0.750    0.982    0.551
 180.10    4.547    4.616    4.705   -0.795    0.912   -0.453   -0.795    0.912   -0.413    0.360   -0.725    0.834    0.454
 180.20    4.573    4.623    4.796   -0.678    1.277   -0.427   -0.678    1.277   -0.544    0.289   -0.865    1.135    0.531
 180.30    4.510    4.527    4.645   -0.396    1.039   -0.490   -0.396    1.039   -0.510    0.194   -0.411    0.739    0.342
 180.40    4.700    4.730    4.864   -0.530    1.133   -0.300   -0.530    1.133   -0.339    0.159   -0.601    0.827    0.354
 180.50    4.542    4.579    4.676   -0.581    0.949   -0.458   -0.581    0.949   -0.435    0.266   -0.551    0.724    0.375
 180.60    3.994    4.010    4.021   -0.357    0.300   -1.006   -0.357    0.300   -0.302    0.360   -0.107    0.615    0.241
 180.70    4.254    4.260    4.262   -0.227   -0.128   -0.746   -0.227   -0.128    0.096    0.169    0.029    0.312    0.098
 180.80    4.504    4.510    4.510    0.220   -0.072   -0.496    0.220   -0.072    0.036   -0.109   -0.016    0.150    0.058
 180.90    4.482    4.483    4.500    0.101    0.394   -0.518    0.101    0.394   -0.204   -0.052    0.040    0.217    0.107
 181.00    4.692    4.702    4.714   -0.318    0.330   -0.308   -0.318    0.330   -0.102    0.098   -0.105    0.153    0.088
 181.10    4.738    4.746    4.783   -0.279    0.588   -0.262   -0.279    0.588   -0.154    0.073   -0.164    0.246    0.118
 181.20    4.463    4.463    4.504   -0.069    0.606   -0.537   -0.069    0.606   -0.326    0.037   -0.042    0.330    0.165
 181.30    4.217    4.222    4.254   -0.206    0.517   -0.783   -0.206    0.517   -0.404    0.161   -0.106    0.461    0.224
 181.40    3.929    3.929    3.929   -0.040    0.057   -1.071   -0.040    0.057   -0.061    0.042   -0.002    0.576    0.037
 181.50    4.047    4.053    4.054   -0.227    0.059   -0.953   -0.227    0.059   -0.057    0.216   -0.013    0.482    0.112
 181.60    4.517    4.517    4.518   -0.024    0.080   -0.483   -0.024    0.080   -0.039    0.012   -0.002    0.120    0.020
 181.70    4.455    4.479    4.491    0.460    0.334   -0.545    0.460    0.334   -0.182   -0.251    0.154    0.310    0.173
 181.80    4.392    4.435    4.476    0.620    0.602   -0.608    0.620    0.602   -0.366   -0.377    0.373    0.558    0.322
 181.90    4.807    4.819    4.887    0.336    0.811   -0.193    0.336    0.811   -0.156   -0.065    0.273    0.404    0.160
 182.00    4.498    4.503    4.585    0.223    0.865   -0.502    0.223    0.865   -0.434   -0.112    0.193    0.525    0.244
 182.10    4.355    4.366    4.469    0.306    0.953   -0.645    0.306    0.953   -0.614   -0.197    0.292    0.709    0.354
 182.20    4.101    4.111    4.223    0.277    0.968   -0.899    0.277    0.968   -0.870   -0.249    0.268    0.911    0.472
 182.30    4.185    4.186    4.253   -0.073    0.753   -0.815   -0.073    0.753   -0.613    0.060   -0.055    0.618    0.309
 182.40    4.302    4.309    4.367    0.244    0.708   -0.698    0.244    0.708   -0.494   -0.170    0.172    0.524    0.275
 182.50    4.507    4.535    4.595    0.504    0.743   -0.493    0.504    0.743   -0.366   -0.248    0.374    0.525    0.290
 182.60    4.327    4.347    4.410    0.418    0.743   -0.673    0.418    0.743   -0.500   -0.282    0.311    0.590    0.326
 182.70    4.699    4.703    4.732    0.192    0.523   -0.301    0.192    0.523   -0.158   -0.058    0.100    0.201    0.098
 182.80    5.110    5.110    5.164    0.001    0.746    0.110    0.001    0.746    0.082    0.000    0.001    0.285    0.041
 182.90    5.006    5.006    5.045    0.000    0.622    0.006    0.000    0.622    0.004    0.000    0.000    0.193    0.002
 183.00    4.733    4.769    4.884   -0.587    1.053   -0.267   -0.587    1.053   -0.281    0.157   -0.618    0.762    0.348
 183.10    4.906    4.985    5.138   -0.880    1.246   -0.094   -0.880    1.246   -0.117    0.082   -1.097    1.168    0.553
 183.20    4.670    4.715    4.818   -0.647    0.991   -0.330   -0.647    0.991   -0.327    0.214   -0.641    0.755    0.375
 183.30    4.757    4.814    4.967   -0.736    1.226   -0.243   -0.736    1.226   -0.298    0.179   -0.902    1.051    0.483
 183.40    4.839    4.959    5.068   -1.088    1.045   -0.161   -1.088    1.045   -0.169    0.176   -1.137    1.151    0.581
 183.50    4.692    4.822    4.933   -1.116    1.037   -0.308   -1.116    1.037   -0.320    0.344   -1.157    1.208    0.624
 183.60    4.988    5.118    5.218   -1.148    1.014   -0.012   -1.148    1.014   -0.013    0.014   -1.164    1.173    0.582
 183.70    5.380    5.485    5.543   -1.071    0.795    0.380   -1.071    0.795    0.302   -0.407   -0.852    0.962    0.496
 183.80    5.385    5.456    5.486   -0.878    0.570    0.385   -0.878    0.570    0.219   -0.338   -0.501    0.622    0.321
 183.90    5.638    5.724    5.756   -0.985    0.610    0.638   -0.985    0.610    0.390   -0.628   -0.601    0.875    0.476
 184.00    5.675    5.754    5.755   -0.955    0.085    0.675   -0.955    0.085    0.057   -0.644   -0.081    0.687    0.326
 184.10    5.764    5.892    5.892   -1.221    0.016    0.764   -1.221    0.016    0.013   -0.933   -0.020    1.038    0.467
 184.20    5.477    5.614    5.618   -1.231    0.210    0.477   -1.231    0.210    0.100   -0.587   -0.259    0.894    0.325
 184.30    5.715    5.766    5.772   -0.764    0.263    0.715   -0.764    0.263    0.188   -0.547   -0.201    0.582    0.306
 184.40    5.982    6.012    6.015   -0.599    0.194    0.982   -0.599    0.194    0.191   -0.588   -0.116    0.680    0.315
 184.50    6.271    6.297    6.302   -0.571    0.251    1.271   -0.571    0.251    0.320   -0.726   -0.144    1.002    0.403
 184.60    6.085    6.099    6.101   -0.424    0.130    1.085   -0.424    0.130    0.141   -0.459   -0.055    0.686    0.242
 184.70    6.066    6.095    6.114   -0.595    0.476    1.066   -0.595    0.476    0.508   -0.634   -0.283    0.859    0.430
 184.80    6.013    6.022    6.024   -0.325    0.152    1.013   -0.325    0.152    0.154   -0.329   -0.049    0.578    0.183
 184.90    6.216    6.225    6.232   -0.341    0.281    1.216   -0.341    0.281    0.342   -0.414   -0.096    0.837    0.273
 185.00    5.858    5.859    5.861    0.080    0.169    0.858    0.080    0.169    0.145    0.069    0.014    0.386    0.081
 185.10    5.419    5.420    5.446    0.130   -0.531    0.419    0.130   -0.531   -0.222    0.054   -0.069    0.237    0.119
 185.20    5.441    5.441    5.468    0.001   -0.543    0.441    0.001   -0.543   -0.239    0.000   -0.000    0.245    0.120
 185.30    5.543    5.549    5.601   -0.249   -0.760    0.543   -0.249   -0.760   -0.413   -0.135    0.189    0.467    0.237
 185.40    5.318    5.342    5.371   -0.500   -0.558    0.318   -0.500   -0.558   -0.178   -0.159    0.279    0.331    0.183
 185.50    5.261    5.312    5.347   -0.731   -0.614    0.261   -0.731   -0.614   -0.161   -0.191    0.449    0.490    0.257
 185.60    5.627    5.685    5.693   -0.807   -0.314    0.627   -0.807   -0.314   -0.197   -0.506    0.254    0.572    0.300
 185.70    5.708    5.730    5.733   -0.502   -0.200    0.708   -0.502   -0.200   -0.142   -0.355    0.100    0.396    0.198
 185.80    5.623    5.631    5.639   -0.306   -0.289    0.623   -0.306   -0.289   -0.180   -0.190    0.088    0.283    0.138
 185.90    5.480    5.490    5.492   -0.345   -0.122    0.480   -0.345   -0.122   -0.059   -0.166    0.042    0.182    0.090
 186.00    5.381    5.384    5.387   -0.169   -0.191    0.381   -0.169   -0.191   -0.073   -0.065    0.032    0.105    0.051
 186.10    5.370    5.379    5.387    0.312   -0.287    0.370    0.312   -0.287   -0.106    0.115   -0.089    0.158    0.090
 186.20    5.426    5.432    5.443    0.241   -0.359    0.426    0.241   -0.359   -0.153    0.103   -0.087    0.184    0.102
 186.30    5.086    5.086    5.087   -0.017   -0.091    0.086   -0.017   -0.091   -0.008   -0.001    0.002    0.008    0.004
 186.40    5.089    5.092    5.094   -0.169   -0.147    0.089   -0.169   -0.147   -0.013   -0.015    0.025    0.029    0.016
 186.50    5.412    5.422    5.425   -0.336    0.164    0.412   -0.336    0.164    0.067   -0.139   -0.055    0.155    0.082
 186.60    5.257    5.311    5.322   -0.756    0.347    0.257   -0.756    0.347    0.089   -0.194   -0.262    0.379    0.169
 186.70    5.193    5.281    5.281   -0.958    0.035    0.193   -0.958    0.035    0.007   -0.185   -0.033    0.478    0.094
 186.80    5.249    5.385    5.385   -1.199   -0.022    0.249   -1.199   -0.022   -0.005   -0.299    0.026    0.750    0.150
 186.90    4.933    5.088    5.091   -1.243   -0.188   -0.067   -1.243   -0.188    0.012    0.083    0.233    0.792    0.124
 187.00    4.595    4.736    4.737   -1.149   -0.069   -0.405   -1.149   -0.069    0.028    0.465    0.079    0.744    0.236
 187.10    5.060    5.185    5.201   -1.131    0.405    0.060   -1.131    0.405    0.024   -0.068   -0.458    0.723    0.232
 187.20    5.033    5.216    5.232   -1.369    0.415    0.033   -1.369    0.415    0.014   -0.045   -0.568    1.023    0.285
 187.30    4.764    4.799    4.823   -0.579    0.474   -0.236   -0.579    0.474   -0.112    0.137   -0.275    0.308    0.163
 187.40    5.083    5.111    5.120   -0.529    0.312    0.083   -0.529    0.312    0.026   -0.044   -0.165    0.192    0.087
 187.50    5.206    5.211    5.217   -0.237    0.241    0.206   -0.237    0.241    0.049   -0.049   -0.057    0.078    0.045
 187.60    5.131    5.153    5.157   -0.477   -0.194    0.131   -0.477   -0.194   -0.025   -0.063    0.093    0.141    0.057
 187.70    5.245    5.315    5.319   -0.860    0.197    0.245   -0.860    0.197    0.048   -0.211   -0.169    0.419    0.137
 187.80    5.030    5.124    5.132   -0.979    0.286    0.030   -0.979    0.286    0.009   -0.029   -0.280    0.521    0.141
 187.90    5.026    5.116    5.132   -0.951    0.412    0.026   -0.951    0.412    0.011   -0.025   -0.392    0.538    0.196
 188.00    5.302    5.376    5.390   -0.895    0.381    0.302   -0.895    0.381    0.115   -0.270   -0.341    0.518    0.225
 188.10    5.291    5.343    5.408   -0.739    0.840    0.291   -0.739    0.840    0.244   -0.215   -0.621    0.668    0.351
 188.20    5.445    5.455    5.542   -0.321    0.977    0.445   -0.321    0.977    0.435   -0.143   -0.313    0.628    0.277
 188.30    5.590    5.595    5.699   -0.228    1.083    0.590   -0.228    1.083    0.639   -0.134   -0.247    0.787    0.349
 188.40    5.854    5.905    5.989   -0.778    0.998    0.854   -0.778    0.998    0.852   -0.664   -0.776    1.165    0.665
 188.50    5.617    5.705    5.840   -1.000    1.246    0.617   -1.000    1.246    0.769   -0.617   -1.246    1.467    0.794
 188.60    5.763    5.951    5.993   -1.484    0.706    0.763   -1.484    0.706    0.539   -1.133   -1.048    1.642    0.817
 188.70    5.794    6.114    6.159   -1.952    0.746    0.794   -1.952    0.746    0.593   -1.550   -1.457    2.499    1.104
 188.80    5.774    5.958    5.990   -1.466    0.622    0.774   -1.466    0.622    0.482   -1.135   -0.912    1.568    0.767
 188.90    5.382    5.501    5.563   -1.136    0.829    0.382   -1.136    0.829    0.317   -0.434   -0.942    1.062    0.542
 189.00    5.413    5.538    5.603   -1.169    0.848    0.413   -1.169    0.848    0.350   -0.483   -0.991    1.128    0.578
 189.10    5.293    5.423    5.464   -1.179    0.669    0.293   -1.179    0.669    0.196   -0.345   -0.789    0.962    0.441
 189.20    5.107    5.159    5.242   -0.733    0.929    0.107   -0.733    0.929    0.099   -0.078   -0.681    0.706    0.346
 189.30    5.066    5.082    5.169   -0.395    0.947    0.066   -0.395    0.947    0.063   -0.026   -0.374    0.529    0.190
 189.40    5.207    5.216    5.278   -0.302    0.812    0.207   -0.302    0.812    0.168   -0.062   -0.245    0.397    0.152
 189.50    5.276    5.283    5.311   -0.276    0.549    0.276   -0.276    0.549    0.151   -0.076   -0.151    0.227    0.114
 189.60    5.419    5.437    5.466   -0.434    0.560    0.419   -0.434    0.560    0.235   -0.182   -0.243    0.339    0.192
 189.70    5.452    5.514    5.554   -0.823    0.666    0.452   -0.823    0.666    0.301   -0.372   -0.549    0.663    0.364
 189.80    5.722    5.770    5.778   -0.741    0.304    0.722   -0.741    0.304    0.219   -0.535   -0.225    0.581    0.310
 189.90    5.737    5.761    5.762   -0.525   -0.072    0.737   -0.525   -0.072   -0.053   -0.387    0.038    0.412    0.196
 190.00    5.427    5.492    5.493   -0.847    0.027    0.427   -0.847    0.027    0.011   -0.361   -0.023    0.450    0.181
 190.10    5.187    5.242    5.244   -0.756    0.125    0.187   -0.756    0.125    0.023   -0.142   -0.094    0.311    0.086
 190.20    4.979    5.012    5.018   -0.570    0.240   -0.021   -0.570    0.240   -0.005    0.012   -0.137    0.191    0.069
 190.30    4.638    4.665    4.691   -0.496    0.500   -0.362   -0.496    0.500   -0.181    0.179   -0.248    0.313    0.178
 190.40    4.841    4.876    4.959   -0.587    0.905   -0.159   -0.587    0.905   -0.144    0.094   -0.531    0.594    0.279
 190.50    4.879    4.906    4.918   -0.517    0.334   -0.121   -0.517    0.334   -0.040    0.062   -0.173    0.197    0.094
 190.60    4.754    4.755    4.790   -0.094    0.578   -0.246   -0.094    0.578   -0.142    0.023   -0.054    0.202    0.077
 190.70    5.188    5.192    5.306   -0.192    1.096    0.188   -0.192    1.096    0.206   -0.036   -0.211    0.636    0.148
 190.80    4.937    4.937    5.004    0.054    0.814   -0.063    0.054    0.814   -0.051   -0.003    0.044    0.335    0.034
 190.90    4.814    4.814    4.929    0.020    1.057   -0.186    0.020    1.057   -0.197   -0.004    0.021    0.576    0.099
 191.00    5.319    5.326    5.457    0.287    1.187    0.319    0.287    1.187    0.378    0.091    0.341    0.797    0.259
 191.10    5.292    5.293    5.400    0.083    1.071    0.292    0.083    1.071    0.312    0.024    0.088    0.619    0.163
 191.20    5.280    5.283    5.367   -0.160    0.947    0.280   -0.160    0.947    0.266   -0.045   -0.152    0.501    0.155
 191.30    5.698    5.725    5.778   -0.558    0.778    0.698   -0.558    0.778    0.543   -0.390   -0.434    0.702    0.398
 191.40    5.258    5.345    5.372   -0.961    0.541    0.258   -0.961    0.541    0.139   -0.248   -0.520    0.642    0.296
 191.50    5.320    5.384    5.416   -0.827    0.588    0.320   -0.827    0.588    0.188   -0.265   -0.486    0.566    0.292
 191.60    5.314    5.344    5.418   -0.560    0.893    0.314   -0.560    0.893    0.281   -0.176   -0.500    0.604    0.300
 191.70    5.304    5.419    5.456   -1.113    0.637    0.304   -1.113    0.637    0.193   -0.338   -0.709    0.869    0.404
 191.80    5.557    5.796    5.851   -1.649    0.795    0.557   -1.649    0.795    0.443   -0.918   -1.312    1.831    0.831
 191.90    5.831    5.997    6.090   -1.402    1.062    0.831   -1.402    1.062    0.883   -1.165   -1.489    1.892    1.043
 192.00    5.685    5.812    5.851   -1.206    0.674    0.685   -1.206    0.674    0.462   -0.827   -0.813    1.190    0.624
 192.10    5.623    5.746    5.823   -1.181    0.941    0.623   -1.181    0.941    0.586   -0.736   -1.111    1.334    0.728
 192.20    5.916    6.007    6.055   -1.038    0.763    0.916   -1.038    0.763    0.699   -0.951   -0.792    1.250    0.711
 192.30    5.729    5.793    5.850   -0.858    0.810    0.729   -0.858    0.810    0.591   -0.626   -0.696    0.963    0.553
 192.40    6.142    6.263    6.281   -1.227    0.479    1.142   -1.227    0.479    0.547   -1.401   -0.588    1.520    0.808
 192.50    6.277    6.348    6.366   -0.948    0.476    1.277   -0.948    0.476    0.609   -1.210   -0.451    1.378    0.714
 192.60    6.511    6.568    6.585   -0.863    0.479    1.511   -0.863    0.479    0.723   -1.304   -0.413    1.628    0.774
 192.70    6.756    6.798    6.805   -0.748    0.315    1.756   -0.748    0.315    0.553   -1.314   -0.236    1.872    0.723
 192.80    6.769    6.774    6.783   -0.246    0.354    1.769   -0.246    0.354    0.626   -0.435   -0.087    1.658    0.384
 192.90    6.827    6.830    6.840   -0.193    0.368    1.827   -0.193    0.368    0.673   -0.353   -0.071    1.756    0.382
 193.00    6.762    6.778    6.798   -0.459    0.524    1.762   -0.459    0.524    0.924   -0.808   -0.240    1.795    0.625
 193.10    6.636    6.667    6.684   -0.645    0.478    1.636   -0.645    0.478    0.782   -1.055   -0.308    1.661    0.675
 193.20    6.350    6.400    6.404   -0.798    0.245    1.350   -0.798    0.245    0.330   -1.077   -0.195    1.259    0.571
 193.30    6.684    6.762    6.777   -1.021    0.454    1.684   -1.021    0.454    0.764   -1.720   -0.463    2.043    0.969
 193.40    6.463    6.524    6.566   -0.892    0.741    1.463   -0.892    0.741    1.084   -1.305   -0.661    1.743    0.911
 193.50    6.422    6.501    6.543   -1.010    0.735    1.422   -1.010    0.735    1.046   -1.436   -0.743    1.792    0.963
 193.60    6.377    6.437    6.510   -0.874    0.972    1.377   -0.874    0.972    1.339   -1.203   -0.849    1.803    0.995
 193.70    6.393    6.501    6.613   -1.177    1.214    1.393   -1.177    1.214    1.692   -1.639   -1.428    2.400    1.378
 193.80    6.482    6.573    6.652   -1.091    1.018    1.482   -1.091    1.018    1.510   -1.617   -1.111    2.212    1.238
 193.90    6.678    6.780    6.897   -1.175    1.262    1.678   -1.175    1.262    2.118   -1.971   -1.483    2.894    1.626
 194.00    6.722    6.851    6.919   -1.323    0.972    1.722   -1.323    0.972    1.674   -2.278   -1.286    2.830    1.553
 194.10    6.302    6.385    6.444   -1.026    0.874    1.302   -1.026    0.874    1.138   -1.336   -0.897    1.756    0.986
 194.20    6.130    6.257    6.304   -1.254    0.768    1.130   -1.254    0.768    0.868   -1.416   -0.963    1.719    0.960
 194.30    6.149    6.360    6.391   -1.624    0.633    1.149   -1.624    0.633    0.727   -1.866   -1.029    2.180    1.126
 194.40    6.524    6.722    6.750   -1.619    0.613    1.524   -1.619    0.613    0.934   -2.467   -0.993    2.660    1.409
 194.50    6.586    6.725    6.771   -1.359    0.782    1.586   -1.359    0.782    1.241   -2.157   -1.063    2.488    1.353
 194.60    7.179    7.232    7.278   -0.875    0.815    2.179   -0.875    0.815    1.776   -1.906   -0.713    3.089    1.350
 194.70    6.697    6.763    6.781   -0.943    0.498    1.697   -0.943    0.498    0.845   -1.600   -0.470    2.008    0.935
 194.80    6.048    6.135    6.144   -1.026    0.342    1.048   -1.026    0.342    0.358   -1.076   -0.351    1.134    0.593
 194.90    6.120    6.304    6.310   -1.511    0.270    1.120   -1.511    0.270    0.302   -1.693   -0.408    1.806    0.884
 195.00    6.077    6.314    6.327   -1.712    0.414    1.077   -1.712    0.414    0.446   -1.844   -0.708    2.131    1.013
 195.10    5.921    6.166    6.166   -1.722    0.013    0.921   -1.722    0.013    0.012   -1.586   -0.023    1.907    0.793
 195.20    6.015    6.251    6.255   -1.702   -0.225    1.015   -1.702   -0.225   -0.229   -1.727    0.383    1.988    0.892
 195.30    5.988    6.282    6.284   -1.899   -0.179    0.988   -1.899   -0.179   -0.177   -1.876    0.339    2.307    0.957
 195.40    5.684    5.971    5.975   -1.830   -0.214    0.684   -1.830   -0.214   -0.147   -1.252    0.392    1.932    0.660
 195.50    5.527    5.744    5.766   -1.565   -0.500    0.527   -1.565   -0.500   -0.264   -0.825    0.782    1.488    0.584
 195.60    5.610    5.737    5.770   -1.202   -0.618    0.610   -1.202   -0.618   -0.377   -0.733    0.743    1.100    0.555
 195.70    5.372    5.469    5.494   -1.022   -0.529    0.372   -1.022   -0.529   -0.197   -0.380    0.541    0.731    0.345
 195.80    5.357    5.387    5.388   -0.572   -0.088    0.357   -0.572   -0.088   -0.031   -0.204    0.050    0.231    0.106
 195.90    5.535    5.589    5.594   -0.778   -0.245    0.535   -0.778   -0.245   -0.131   -0.416    0.190    0.476    0.238
 196.00    5.863    5.922    5.922   -0.832   -0.039    0.863   -0.832   -0.039   -0.034   -0.718    0.032    0.719    0.360
 196.10    6.265    6.301    6.301   -0.669   -0.081    1.265   -0.669   -0.081   -0.103   -0.846    0.054    1.028    0.427
 196.20    6.375    6.421    6.429   -0.768   -0.326    1.375   -0.768   -0.326   -0.449   -1.056    0.251    1.293    0.587
 196.30    6.194    6.223    6.278   -0.607   -0.827    1.194   -0.607   -0.827   -0.987   -0.725    0.502    1.239    0.662
 196.40    6.233    6.239    6.319   -0.284   -1.002    1.233   -0.284   -1.002   -1.235   -0.350    0.284    1.302    0.658
 196.50    6.241    6.272    6.304   -0.622   -0.633    1.241   -0.622   -0.633   -0.785   -0.772    0.394    1.163    0.585
 196.60    6.451    6.453    6.469   -0.190   -0.451    1.451   -0.190   -0.451   -0.654   -0.276    0.086    1.172    0.357
 196.70    6.029    6.033    6.045   -0.239   -0.371    1.029   -0.239   -0.371   -0.382   -0.246    0.089    0.627    0.231
 196.80    6.045    6.048    6.064   -0.189   -0.441    1.045   -0.189   -0.441   -0.460   -0.198    0.083    0.661    0.254
 196.90    6.010    6.014    6.026   -0.204   -0.377    1.010   -0.204   -0.377   -0.381   -0.206    0.077    0.602    0.220
 197.00    5.555    5.557    5.576   -0.173   -0.452    0.555   -0.173   -0.452   -0.250   -0.096    0.078    0.271    0.140
 197.10    5.693    5.704    5.735   -0.346   -0.594    0.693   -0.346   -0.594   -0.412   -0.240    0.206    0.476    0.259
 197.20    5.783    5.784    5.863   -0.046   -0.960    0.783   -0.046   -0.960   -0.752   -0.036    0.044    0.769    0.377
 197.30    5.488    5.519    5.602   -0.584   -0.963    0.488   -0.584   -0.963   -0.470   -0.285    0.562    0.753    0.393
 197.40    5.469    5.562    5.616   -1.012   -0.776    0.469   -1.012   -0.776   -0.364   -0.475    0.786    0.924    0.494
 197.50    5.227    5.330    5.369   -1.042   -0.644    0.227   -1.042   -0.644   -0.146   -0.237    0.671    0.776    0.363
 197.60    5.309    5.420    5.595   -1.090   -1.390    0.309   -1.090   -1.390   -0.429   -0.337    1.515    1.608    0.805
 197.70    5.462    5.567    5.619   -1.079   -0.762    0.462   -1.079   -0.762   -0.352   -0.498    0.822    0.979    0.512
 197.80    5.223    5.335    5.344   -1.089   -0.308    0.223   -1.089   -0.308   -0.069   -0.243    0.335    0.665    0.210
 197.90    5.089    5.241    5.258   -1.257   -0.414    0.089   -1.257   -0.414   -0.037   -0.111    0.520    0.879    0.267
 198.00    5.279    5.415    5.416   -1.207   -0.125    0.279   -1.207   -0.125   -0.035   -0.336    0.151    0.775    0.185
 198.10    5.077    5.172    5.178   -0.986   -0.250    0.077   -0.986   -0.250   -0.019   -0.076    0.247    0.520    0.129
 198.20    5.112    5.195    5.195   -0.922    0.030    0.112   -0.922    0.030    0.003   -0.104   -0.027    0.432    0.054
 198.30    5.253    5.419    5.420   -1.333    0.084    0.253   -1.333    0.084    0.021   -0.337   -0.112    0.924    0.178
 198.40    4.854    5.134    5.139   -1.670    0.229   -0.146   -1.670    0.229   -0.033    0.243   -0.382    1.431    0.227
 198.50    4.831    5.062    5.071   -1.512    0.288   -0.169   -1.512    0.288   -0.049    0.255   -0.435    1.198    0.253
 198.60    5.073    5.225    5.227   -1.251    0.145    0.073   -1.251    0.145    0.011   -0.091   -0.181    0.795    0.101
 198.70    5.076    5.223    5.241   -1.230    0.434    0.076   -1.230    0.434    0.033   -0.093   -0.534    0.854    0.272
 198.80    5.376    5.607    5.623   -1.595    0.414    0.376   -1.595    0.414    0.156   -0.599   -0.661    1.429    0.453
 198.90    5.552    5.802    5.803   -1.686    0.075    0.552   -1.686    0.075    0.041   -0.930   -0.126    1.577    0.470
 199.00    5.248    5.621    5.634   -2.015    0.378    0.248   -2.015    0.378    0.094   -0.499   -0.761    2.131    0.458
 199.10    5.118    5.415    5.418   -1.769    0.178    0.118   -1.769    0.178    0.021   -0.209   -0.316    1.588    0.190
 199.20    5.256    5.676    5.678   -2.143    0.156    0.256   -2.143    0.156    0.040   -0.548   -0.334    2.342    0.322
 199.30    5.402    5.848    5.864   -2.240    0.437    0.402   -2.240    0.437    0.176   -0.901   -0.979    2.684    0.671
 199.40    5.175    5.489    5.498   -1.831    0.307    0.175   -1.831    0.307    0.054   -0.321   -0.562    1.738    0.325
 199.50    5.230    5.451    5.503   -1.538    0.757    0.230   -1.538    0.757    0.174   -0.353   -1.164    1.495    0.615
 199.60    5.008    5.220    5.243   -1.472    0.487    0.008   -1.472    0.487    0.004   -0.012   -0.717    1.202    0.358
 199.70    5.370    5.498    5.518   -1.178    0.472    0.370   -1.178    0.472    0.175   -0.436   -0.557    0.874    0.364
 199.80    5.299    5.365    5.424   -0.834    0.799    0.299   -0.834    0.799    0.239   -0.250   -0.666    0.712    0.375
 199.90    4.994    5.083    5.152   -0.947    0.841   -0.006   -0.947    0.841   -0.005    0.006   -0.796    0.802    0.398
 200.00    4.646    4.777    4.850   -1.112    0.836   -0.354   -1.112    0.836   -0.296    0.393   -0.929    1.030    0.526
 200.10    4.678    4.727    4.773   -0.680    0.660   -0.322   -0.680    0.660   -0.213    0.219   -0.449    0.501    0.271
 200.20    4.508    4.642    4.718   -1.106    0.844   -0.492   -1.106    0.844   -0.415    0.544   -0.933    1.088    0.579
 200.30    4.155    4.327    4.418   -1.206    0.896   -0.845   -1.206    0.896   -0.757    1.019   -1.080    1.485    0.833
 200.40    4.378    4.480    4.541   -0.950    0.738   -0.622   -0.950    0.738   -0.459    0.591   -0.702    0.918    0.513
 200.50    4.068    4.143    4.201   -0.785    0.696   -0.932   -0.785    0.696   -0.649    0.732   -0.547    0.985    0.560
 200.60    3.776    3.936    3.993   -1.110    0.671   -1.224   -1.110    0.671   -0.821    1.359   -0.744    1.590    0.877
 200.70    3.815    3.973    4.003   -1.111    0.490   -1.185   -1.111    0.490   -0.581    1.317   -0.545    1.440    0.769
 200.80    3.801    3.913    3.914   -0.929    0.102   -1.199   -0.929    0.102   -0.122    1.114   -0.095    1.156    0.562
 200.90    3.542    3.829    3.863   -1.455    0.512   -1.458   -1.455    0.512   -0.746    2.121   -0.744    2.252    1.184
 201.00    3.539    3.737    3.761   -1.201    0.424   -1.461   -1.201    0.424   -0.620    1.754   -0.510    1.879    0.965
 201.10    3.498    3.650    3.680   -1.044    0.469   -1.502   -1.044    0.469   -0.704    1.567   -0.489    1.782    0.893
 201.20    3.565    3.773    3.776   -1.238   -0.134   -1.435   -1.238   -0.134    0.193    1.777    0.166    1.805    0.897
 201.30    3.345    3.535    3.538   -1.142   -0.150   -1.655   -1.142   -0.150    0.248    1.889    0.171    2.032    0.957
 201.40    3.362    3.495    3.521   -0.953   -0.430   -1.638   -0.953   -0.430    0.704    1.561    0.410    1.888    0.880
 201.50    3.320    3.435    3.488   -0.884   -0.601   -1.680   -0.884   -0.601    1.009    1.485    0.531    1.983    0.936
 201.60    3.129    3.298    3.314   -1.041   -0.320   -1.871   -1.041   -0.320    0.599    1.948    0.333    2.343    1.032
 201.70    3.046    3.191    3.212   -0.953   -0.365   -1.954   -0.953   -0.365    0.713    1.861    0.348    2.429    1.012
 201.80    3.108    3.291    3.318   -1.082   -0.420   -1.892   -1.082   -0.420    0.794    2.046    0.454    2.462    1.121
 201.90    3.556    3.724    3.744   -1.107   -0.385   -1.444   -1.107   -0.385    0.556    1.598    0.426    1.729    0.872
 202.00    3.427    3.583    3.595   -1.048   -0.288   -1.573   -1.048   -0.288    0.453    1.649    0.302    1.828    0.868
 202.10    3.909    4.081    4.081   -1.173   -0.013   -1.091   -1.173   -0.013    0.014    1.279    0.015    1.283    0.640
 202.20    4.044    4.129    4.131   -0.831    0.134   -0.956   -0.831    0.134   -0.128    0.794   -0.111    0.811    0.406
 202.30    4.212    4.399    4.400   -1.267    0.089   -0.788   -1.267    0.089   -0.070    0.998   -0.113    1.116    0.503
 202.40    3.803    4.007    4.007   -1.263    0.017   -1.197   -1.263    0.017   -0.020    1.512   -0.021    1.514    0.756
 202.50    3.684    3.955    3.955   -1.437    0.067   -1.316   -1.437    0.067   -0.088    1.891   -0.096    1.901    0.948
 202.60    4.249    4.543    4.549   -1.608    0.216   -0.751   -1.608    0.216   -0.162    1.207   -0.347    1.598    0.633
 202.70    4.027    4.329    4.330   -1.588    0.073   -0.973   -1.588    0.073   -0.071    1.545   -0.116    1.737    0.776
 202.80    4.608    4.920    4.921   -1.725    0.112   -0.392   -1.725    0.112   -0.044    0.677   -0.194    1.571    0.353
 202.90    4.804    5.124    5.129   -1.782    0.235   -0.196   -1.782    0.235   -0.046    0.350   -0.420    1.635    0.274
 203.00    4.602    4.820    4.822   -1.433    0.129   -0.398   -1.433    0.129   -0.051    0.570   -0.185    1.114    0.301
 203.10    4.247    4.377    4.377   -1.061    0.016   -0.753   -1.061    0.016   -0.012    0.799   -0.017    0.846    0.400
 203.20    3.930    4.074    4.077   -1.074    0.177   -1.070   -1.074    0.177   -0.189    1.149   -0.190    1.165    0.590
 203.30    3.980    4.199    4.202   -1.338   -0.170   -1.020   -1.338   -0.170    0.174    1.365    0.228    1.431    0.698
 203.40    4.470    4.732    4.744   -1.552   -0.338   -0.530   -1.552   -0.338    0.179    0.822    0.525    1.401    0.496
 203.50    4.318    4.564    4.580   -1.479   -0.380   -0.682   -1.479   -0.380    0.259    1.008    0.561    1.397    0.591
 203.60    4.633    4.850    4.860   -1.437   -0.316   -0.367   -1.437   -0.316    0.116    0.528    0.454    1.149    0.353
 203.70    4.778    4.973    5.034   -1.378   -0.784   -0.222   -1.378   -0.784    0.174    0.306    1.081    1.282    0.568
 203.80    4.643    4.817    4.868   -1.282   -0.702   -0.357   -1.282   -0.702    0.250    0.457    0.899    1.131    0.520
 203.90    4.691    4.865    4.909   -1.287   -0.660   -0.309   -1.287   -0.660    0.204    0.397    0.849    1.093    0.480
 204.00    4.569    4.791    4.824   -1.442   -0.558   -0.431   -1.442   -0.558    0.240    0.621    0.804    1.287    0.522
 204.10    4.943    5.056    5.059   -1.063   -0.182   -0.057   -1.063   -0.182    0.010    0.061    0.194    0.583    0.102
 204.20    4.993    5.149    5.149   -1.255   -0.010   -0.007   -1.255   -0.010    0.000    0.009    0.012    0.788    0.007
 204.30    5.389    5.455    5.466   -0.842   -0.345    0.389   -0.842   -0.345   -0.134   -0.328    0.291    0.490    0.229
 204.40    4.838    4.898    4.899   -0.768    0.060   -0.162   -0.768    0.060   -0.010    0.124   -0.046    0.310    0.067
 204.50    4.791    4.940    4.951   -1.200   -0.338   -0.209   -1.200   -0.338    0.070    0.250    0.406    0.799    0.241
 204.60    4.944    5.074    5.083   -1.142   -0.295   -0.056   -1.142   -0.295    0.017    0.064    0.337    0.698    0.172
 204.70    4.805    4.933    4.940   -1.117   -0.256   -0.195   -1.117   -0.256    0.050    0.218    0.286    0.675    0.181
 204.80    4.797    4.887    4.888   -0.934   -0.113   -0.203   -0.934   -0.113    0.023    0.190    0.105    0.464    0.109
 204.90    5.015    5.045    5.063   -0.553   -0.423    0.015   -0.553   -0.423   -0.006   -0.008    0.234    0.243    0.117
 205.00    5.174    5.192    5.195   -0.435   -0.173    0.174   -0.435   -0.173   -0.030   -0.076    0.075    0.125    0.055
 205.10    5.531    5.633    5.642   -1.069   -0.302    0.531   -1.069   -0.302   -0.160   -0.568    0.323    0.758    0.336
 205.20    5.864    5.968    5.996   -1.105   -0.588    0.864   -1.105   -0.588   -0.508   -0.955    0.650    1.157    0.631
 205.30    5.240    5.342    5.374   -1.039   -0.586    0.240   -1.039   -0.586   -0.141   -0.249    0.609    0.741    0.336
 205.40    5.224    5.368    5.410   -1.236   -0.675    0.224   -1.236   -0.675   -0.151   -0.276    0.835    1.017    0.446
 205.50    5.429    5.499    5.512   -0.876   -0.384    0.429   -0.876   -0.384   -0.165   -0.375    0.336    0.549    0.265
 205.60    5.469    5.501    5.518   -0.592   -0.441    0.469   -0.592   -0.441   -0.207   -0.277    0.261    0.382    0.217
 205.70    5.377    5.403    5.417   -0.525   -0.388    0.377   -0.525   -0.388   -0.147   -0.198    0.204    0.284    0.160
 205.80    5.589    5.589    5.594    0.008   -0.245    0.589    0.008   -0.245   -0.144    0.005   -0.002    0.203    0.072
 205.90    5.634    5.634    5.636   -0.043   -0.152    0.634   -0.043   -0.152   -0.097   -0.027    0.007    0.213    0.050
 206.00    5.677    5.678    5.692   -0.101   -0.397    0.677   -0.101   -0.397   -0.269   -0.068    0.040    0.313    0.140
 206.10    5.609    5.615    5.623   -0.266   -0.293    0.609   -0.266   -0.293   -0.179   -0.162    0.078    0.264    0.127
 206.20    5.447    5.478    5.482   -0.581   -0.197    0.447   -0.581   -0.197   -0.088   -0.260    0.115    0.288    0.149
 206.30    5.271    5.305    5.305   -0.594   -0.005    0.271   -0.594   -0.005   -0.001   -0.161    0.003    0.213    0.081
 206.40    5.057    5.061    5.064   -0.200    0.160    0.057   -0.200    0.160    0.009   -0.011   -0.032    0.034    0.018
 206.50    5.197    5.204    5.239   -0.269    0.606    0.197   -0.269    0.606    0.120   -0.053   -0.163    0.239    0.105
 206.60    4.940    4.957    4.984   -0.414    0.516   -0.060   -0.414    0.516   -0.031    0.025   -0.214    0.221    0.109
 206.70    4.904    4.915    4.930   -0.335    0.379   -0.096   -0.335    0.379   -0.036    0.032   -0.127    0.133    0.068
 206.80    4.919    4.932    4.984   -0.364    0.716   -0.081   -0.364    0.716   -0.058    0.029   -0.260    0.325    0.134
 206.90    4.821    4.885    4.897   -0.794    0.332   -0.179   -0.794    0.332   -0.060    0.142   -0.263    0.386    0.153
 207.00    4.660    4.664    4.720   -0.212    0.721   -0.340   -0.212    0.721   -0.245    0.072   -0.153    0.341    0.149
 207.10    4.889    4.890    4.911   -0.117    0.459   -0.111   -0.117    0.459   -0.051    0.013   -0.054    0.118    0.038
 207.20    4.961    4.963    4.969   -0.159    0.234   -0.039   -0.159    0.234   -0.009    0.006   -0.037    0.041    0.019
 207.30    4.510    4.519    4.520   -0.285    0.036   -0.490   -0.285    0.036   -0.018    0.140   -0.010    0.161    0.071
 207.40    4.443    4.454    4.454   -0.311    0.089   -0.557   -0.311    0.089   -0.050    0.174   -0.028    0.208    0.091
 207.50    4.429    4.459    4.462   -0.516    0.164   -0.571   -0.516    0.164   -0.093    0.294   -0.084    0.309    0.160
 207.60    4.352    4.392    4.395   -0.586   -0.159   -0.648   -0.586   -0.159    0.103    0.380    0.093    0.394    0.202
 207.70    4.359    4.360    4.360   -0.102    0.011   -0.641   -0.102    0.011   -0.007    0.065   -0.001    0.211    0.033
 207.80    4.718    4.720    4.723   -0.139   -0.171   -0.282   -0.139   -0.171    0.048    0.039    0.024    0.064    0.033
 207.90    4.589    4.590    4.597   -0.086   -0.253   -0.411   -0.086   -0.253    0.104    0.036    0.022    0.120    0.056
 208.00    4.608    4.611    4.612    0.144   -0.104   -0.392    0.144   -0.104    0.041   -0.056   -0.015    0.092    0.036
 208.10    4.480    4.484    4.484   -0.191    0.031   -0.520   -0.191    0.031   -0.016    0.099   -0.006    0.154    0.050
 208.20    4.301    4.303    4.313   -0.138    0.286   -0.699   -0.138    0.286   -0.200    0.096   -0.039    0.295    0.113
 208.30    4.276    4.277    4.283    0.051    0.243   -0.724    0.051    0.243   -0.176   -0.037    0.012    0.293    0.090
 208.40    4.267    4.267    4.344   -0.007    0.816   -0.733   -0.007    0.816   -0.598    0.005   -0.006    0.601    0.299
 208.50    4.188    4.190    4.303   -0.123    0.980   -0.812   -0.123    0.980   -0.795    0.100   -0.121    0.817    0.405
 208.60    3.980    3.981    4.122   -0.069    1.068   -1.020   -0.069    1.068   -1.089    0.070   -0.074    1.093    0.547
 208.70    4.101    4.104    4.253   -0.156    1.117   -0.899   -0.156    1.117   -1.005    0.140   -0.175    1.041    0.515
 208.80    3.972    3.973    4.015   -0.052    0.581   -1.028   -0.052    0.581   -0.597    0.054   -0.030    0.698    0.300
 208.90    3.910    3.929    4.000   -0.390    0.752   -1.090   -0.390    0.752   -0.820    0.426   -0.293    0.953    0.485
 209.00    4.270    4.270    4.384   -0.014    0.993   -0.730   -0.014    0.993   -0.725    0.010   -0.014    0.759    0.362
 209.10    4.590    4.603    4.668    0.343    0.774   -0.410    0.343    0.774   -0.317   -0.140    0.265    0.442    0.218
 209.20    4.637    4.698    4.718    0.759    0.429   -0.363    0.759    0.429   -0.156   -0.276    0.326    0.446    0.227
 209.30    4.456    4.519    4.519    0.748    0.041   -0.544    0.748    0.041   -0.022   -0.407    0.030    0.428    0.204
 209.40    4.323    4.395    4.395    0.793    0.026   -0.677    0.793    0.026   -0.018   -0.537    0.021    0.544    0.269
 209.50    4.236    4.317    4.327    0.833    0.296   -0.764    0.833    0.296   -0.226   -0.637    0.247    0.683    0.360
 209.60    3.821    3.934    3.941    0.936   -0.233   -1.179    0.936   -0.233    0.275   -1.104   -0.218    1.160    0.579
 209.70    4.291    4.378    4.404    0.868   -0.477   -0.709    0.868   -0.477    0.338   -0.616   -0.414    0.742    0.408
 209.80    4.274    4.381    4.399    0.964   -0.404   -0.726    0.964   -0.404    0.294   -0.700   -0.389    0.810    0.427
 209.90    4.151    4.252    4.278    0.924   -0.466   -0.849    0.924   -0.466    0.396   -0.785   -0.431    0.896    0.490
 210.00    4.384    4.426    4.481    0.608   -0.704   -0.616    0.608   -0.704    0.434   -0.375   -0.428    0.623    0.358
 210.10    4.612    4.654    4.726    0.620   -0.825   -0.388    0.620   -0.825    0.320   -0.240   -0.512    0.608    0.325
 210.20    4.749    4.789    4.829    0.618   -0.624   -0.251    0.618   -0.624    0.157   -0.155   -0.386    0.417    0.222
 210.30    4.715    4.798    4.833    0.887   -0.582   -0.285    0.887   -0.582    0.166   -0.252   -0.516    0.603    0.299
 210.40    4.725    4.813    4.845    0.918   -0.557   -0.275    0.918   -0.557    0.153   -0.253   -0.511    0.615    0.295
 210.50    4.784    4.885    4.930    0.990   -0.666   -0.216    0.990   -0.666    0.144   -0.214   -0.659    0.735    0.354
 210.60    4.785    4.861    4.921    0.856   -0.766   -0.215    0.856   -0.766    0.165   -0.184   -0.656    0.683    0.351
 210.70    4.543    4.587    4.749    0.635   -1.232   -0.457    0.635   -1.232    0.563   -0.290   -0.781    1.064    0.503
 210.80    4.395    4.399    4.556    0.192   -1.184   -0.605    0.192   -1.184    0.716   -0.116   -0.228    0.903    0.380
 210.90    4.555    4.558    4.589   -0.141   -0.534   -0.445   -0.141   -0.534    0.238    0.063    0.075    0.252    0.129
 211.00    4.625    4.631    4.665   -0.249   -0.562   -0.375   -0.249   -0.562    0.211    0.093    0.140    0.259    0.135
 211.10    4.877    4.880    4.924   -0.162   -0.659   -0.123   -0.162   -0.659    0.081    0.020    0.107    0.238    0.068
 211.20    4.655    4.657    4.675   -0.152   -0.404   -0.345   -0.152   -0.404    0.139    0.053    0.061    0.153    0.081
 211.30    4.775    4.797    4.834   -0.464   -0.595   -0.225   -0.464   -0.595    0.134    0.104    0.276    0.310    0.162
 211.40    5.158    5.168    5.192   -0.314   -0.503    0.158   -0.314   -0.503   -0.079   -0.050    0.158    0.188    0.092
 211.50    5.096    5.099    5.132   -0.186   -0.578    0.096   -0.186   -0.578   -0.055   -0.018    0.108    0.189    0.061
 211.60    4.641    4.642    4.718    0.013   -0.846   -0.359    0.013   -0.846    0.303   -0.005   -0.011    0.423    0.152
 211.70    4.612    4.620    4.627   -0.278   -0.237   -0.388   -0.278   -0.237    0.092    0.108    0.066    0.142    0.078
 211.80    4.581    4.599    4.612   -0.404   -0.345   -0.419   -0.404   -0.345    0.144    0.169    0.139    0.229    0.131
 211.90    4.115    4.148    4.148   -0.518   -0.050   -0.885   -0.518   -0.050    0.044    0.459    0.026    0.527    0.231
 212.00    4.249    4.251    4.253   -0.143   -0.110   -0.751   -0.143   -0.110    0.082    0.108    0.016    0.298    0.068
 212.10    3.982    3.982    3.982   -0.014    0.048   -1.018   -0.014    0.048   -0.049    0.015   -0.001    0.519    0.026
 212.20    3.693    3.694    3.695   -0.099    0.099   -1.307   -0.099    0.099   -0.129    0.129   -0.010    0.864    0.091
 212.30    4.086    4.096    4.099    0.281    0.165   -0.914    0.281    0.165   -0.151   -0.256    0.046    0.470    0.150
 212.40    4.073    4.126    4.161    0.663    0.538   -0.927    0.663    0.538   -0.498   -0.615    0.356    0.794    0.434
 212.50    4.171    4.204    4.206    0.526    0.141   -0.829    0.526    0.141   -0.117   -0.436    0.074    0.492    0.229
 212.60    4.124    4.147    4.201    0.441    0.667   -0.876    0.441    0.667   -0.584   -0.386    0.294    0.703    0.380
 212.70    3.979    4.039    4.092    0.690    0.658   -1.021    0.690    0.658   -0.671   -0.705    0.454    0.975    0.537
 212.80    4.251    4.315    4.379    0.737    0.745   -0.749    0.737    0.745   -0.558   -0.552    0.550    0.830    0.479
 212.90    4.247    4.351    4.397    0.944    0.633   -0.753    0.944    0.633   -0.476   -0.710    0.597    0.929    0.521
 213.00    4.194    4.271    4.347    0.808    0.810   -0.806    0.808    0.810   -0.653   -0.651    0.654    0.979    0.565
 213.10    4.396    4.429    4.522    0.544    0.912   -0.604    0.544    0.912   -0.551   -0.329    0.497    0.747    0.406
 213.20    4.218    4.283    4.317    0.744    0.539   -0.782    0.744    0.539   -0.421   -0.582    0.401    0.727    0.411
 213.30    4.374    4.435    4.485    0.730    0.669   -0.626    0.730    0.669   -0.419   -0.457    0.488    0.686    0.395
 213.40    4.166    4.212    4.286    0.622    0.795   -0.834    0.622    0.795   -0.664   -0.519    0.495    0.858    0.488
 213.50    4.066    4.099    4.169    0.522    0.760   -0.934    0.522    0.760   -0.710   -0.488    0.397    0.862    0.474
 213.60    4.083    4.141    4.257    0.694    0.986   -0.917    0.694    0.986   -0.904   -0.637    0.684    1.147    0.650
 213.70    4.082    4.160    4.340    0.799    1.239   -0.918    0.799    1.239   -1.137   -0.734    0.991    1.509    0.839
 213.80    4.402    4.476    4.613    0.812    1.115   -0.598    0.812    1.115   -0.667   -0.486    0.905    1.130    0.612
 213.90    4.390    4.529    4.665    1.114    1.121   -0.610    1.114    1.121   -0.684   -0.680    1.249    1.435    0.789
 214.00    4.105    4.318    4.475    1.338    1.177   -0.895    1.338    1.177   -1.053   -1.197    1.575    1.988    1.121
 214.10    4.167    4.379    4.591    1.347    1.378   -0.833    1.347    1.378   -1.147   -1.122    1.856    2.203    1.227
 214.20    3.810    3.965    4.135    1.097    1.175   -1.190    1.097    1.175   -1.398   -1.305    1.289    2.000    1.153
 214.30    3.553    3.927    4.038    1.672    0.941   -1.447    1.672    0.941   -1.362   -2.420    1.574    2.888    1.596
 214.40    3.493    3.832    3.945    1.576    0.939   -1.507    1.576    0.939   -1.415   -2.375    1.479    2.818    1.568
 214.50    3.478    3.804    3.950    1.541    1.063   -1.522    1.541    1.063   -1.617   -2.345    1.638    2.910    1.643
 214.60    3.876    4.240    4.303    1.721    0.729   -1.124    1.721    0.729   -0.820   -1.935    1.255    2.378    1.224
 214.70    4.146    4.439    4.518    1.585    0.840   -0.854    1.585    0.840   -0.717   -1.353    1.332    1.973    1.015
 214.80    4.277    4.528    4.572    1.487    0.628   -0.723    1.487    0.628   -0.454   -1.075    0.934    1.564    0.747
 214.90    3.905    4.211    4.307    1.575    0.905   -1.095    1.575    0.905   -0.991   -1.725    1.426    2.250    1.224
 215.00    3.795    4.225    4.328    1.856    0.941   -1.205    1.856    0.941   -1.133   -2.236    1.745    2.890    1.527
 215.10    3.690    4.021    4.191    1.597    1.180   -1.310    1.597    1.180   -1.545   -2.092    1.885    2.829    1.606
 215.20    3.646    3.899    4.048    1.382    1.086   -1.354    1.382    1.086   -1.470   -1.871    1.501    2.461    1.406
 215.30    4.115    4.299    4.416    1.246    1.009   -0.885    1.246    1.009   -0.893   -1.103    1.258    1.678    0.948
 215.40    3.807    4.061    4.115    1.412    0.669   -1.193    1.412    0.669   -0.798   -1.684    0.945    1.932    1.045
 215.50    3.570    3.800    3.835    1.301    0.519   -1.430    1.301    0.519   -0.742   -1.860    0.676    2.004    1.057
 215.60    3.292    3.430    3.511    0.962    0.748   -1.708    0.962    0.748   -1.277   -1.643    0.720    2.201    1.101
 215.70    3.125    3.303    3.379    1.071    0.714   -1.875    1.071    0.714   -1.339   -2.008    0.764    2.587    1.266
 215.80    3.168    3.415    3.510    1.274    0.809   -1.832    1.274    0.809   -1.481   -2.334    1.031    2.817    1.475
 215.90    3.065    3.205    3.253    0.935    0.560   -1.935    0.935    0.560   -1.083   -1.808    0.523    2.465    1.086
 216.00    3.190    3.398    3.400    1.172    0.102   -1.810    1.172    0.102   -0.185   -2.121    0.120    2.329    1.066
 216.10    3.232    3.415    3.418    1.104   -0.142   -1.768    1.104   -0.142    0.250   -1.951   -0.156    2.182    0.987
 216.20    3.604    3.700    3.700    0.835   -0.058   -1.396    0.835   -0.058    0.081   -1.165   -0.048    1.324    0.584
 216.30    3.519    3.542    3.552    0.401    0.270   -1.481    0.401    0.270   -0.399   -0.594    0.108    1.214    0.362
 216.40    3.409    3.487    3.488    0.731    0.097   -1.591    0.731    0.097   -0.154   -1.163    0.071    1.537    0.587
 216.50    3.643    3.649    3.651    0.212    0.112   -1.357    0.212    0.112   -0.151   -0.288    0.024    0.950    0.163
 216.60    3.776    3.777    3.781    0.119    0.165   -1.224    0.119    0.165   -0.202   -0.146    0.020    0.770    0.125
 216.70    3.196    3.202    3.205    0.191    0.148   -1.804    0.191    0.148   -0.266   -0.344    0.028    1.656    0.218
 216.80    2.683    2.688    2.715    0.164    0.384   -2.317    0.164    0.384   -0.891   -0.379    0.063    2.772    0.485
 216.90    2.924    2.926    2.927    0.117    0.073   -2.076    0.117    0.073   -0.152   -0.242    0.009    2.164    0.143
 217.00    2.930    2.963    2.964    0.440    0.079   -2.070    0.440    0.079   -0.163   -0.911    0.035    2.242    0.463
 217.10    3.249    3.311    3.327    0.639    0.320   -1.751    0.639    0.320   -0.561   -1.118    0.205    1.788    0.634
 217.20    3.561    3.702    3.797    1.012    0.841   -1.439    1.012    0.841   -1.210   -1.456    0.851    1.901    1.038
 217.30    3.688    4.017    4.125    1.593    0.938   -1.312    1.593    0.938   -1.231   -2.091    1.495    2.571    1.425
 217.40    3.572    3.922    4.014    1.620    0.854   -1.428    1.620    0.854   -1.219   -2.314    1.383    2.697    1.479
 217.50    3.661    3.926    4.037    1.418    0.942   -1.339    1.418    0.942   -1.262   -1.899    1.336    2.346    1.321
 217.60    3.780    3.955    4.040    1.162    0.826   -1.220    1.162    0.826   -1.007   -1.418    0.960    1.761    0.993
 217.70    3.518    3.738    3.769    1.262    0.482   -1.482    1.262    0.482   -0.714   -1.870    0.608    2.011    1.046
 217.80    3.519    4.063    4.064    2.031    0.087   -1.481    2.031    0.087   -0.129   -3.008    0.178    3.163    1.508
 217.90    3.719    4.454    4.481    2.451   -0.489   -1.281    2.451   -0.489    0.626   -3.139   -1.199    3.943    1.709
 218.00    3.642    4.299    4.311    2.284   -0.321   -1.358    2.284   -0.321    0.437   -3.103   -0.734    3.583    1.609
 218.10    3.865    4.241    4.263    1.746   -0.432   -1.135    1.746   -0.432    0.491   -1.982   -0.755    2.261    1.088
 218.20    3.851    4.167    4.187    1.592   -0.403   -1.149    1.592   -0.403    0.463   -1.829   -0.642    2.009    0.996
 218.30    4.151    4.339    4.368    1.264   -0.501   -0.849    1.264   -0.501    0.426   -1.073   -0.633    1.284    0.658
 218.40    3.955    4.106    4.155    1.104   -0.638   -1.045    1.104   -0.638    0.667   -1.153   -0.704    1.359    0.753
 218.50    3.743    3.865    3.902    0.963   -0.537   -1.257    0.963   -0.537    0.674   -1.210   -0.517    1.397    0.739
 218.60    3.677    3.830    3.861    1.071   -0.486   -1.323    1.071   -0.486    0.643   -1.417   -0.521    1.567    0.821
 218.70    3.716    3.893    3.939    1.160   -0.598   -1.284    1.160   -0.598    0.767   -1.489   -0.693    1.675    0.906
 218.80    3.759    3.976    3.993    1.295   -0.370   -1.241    1.295   -0.370    0.460   -1.607   -0.480    1.678    0.870
 218.90    3.846    4.026    4.045    1.188   -0.390   -1.154    1.188   -0.390    0.450   -1.371   -0.463    1.447    0.758
 219.00    4.471    4.676    4.684    1.369   -0.264   -0.529    1.369   -0.264    0.140   -0.724   -0.362    1.112    0.411
 219.10    4.708    4.867    4.875    1.234    0.280   -0.292    1.234    0.280   -0.082   -0.361    0.345    0.843    0.253
 219.20    4.915    5.157    5.186    1.562    0.540   -0.085    1.562    0.540   -0.046   -0.132    0.843    1.369    0.427
 219.30    4.504    4.646    4.646    1.137    0.055   -0.496    1.137    0.055   -0.027   -0.564    0.062    0.771    0.284
 219.40    4.358    4.524    4.532    1.216    0.255   -0.642    1.216    0.255   -0.163   -0.780    0.309    0.978    0.428
 219.50    4.207    4.444    4.521    1.432    0.831   -0.793    1.432    0.831   -0.658   -1.135    1.190    1.685    0.886
 219.60    4.339    4.570    4.595    1.433    0.483   -0.661    1.433    0.483   -0.319   -0.947    0.693    1.362    0.608
 219.70    4.074    4.351    4.388    1.529    0.570   -0.926    1.529    0.570   -0.528   -1.417    0.872    1.761    0.873
 219.80    4.100    4.313    4.483    1.338    1.225   -0.900    1.338    1.225   -1.103   -1.204    1.639    2.051    1.157
 219.90    3.971    4.080    4.260    0.935    1.228   -1.029    0.935    1.228   -1.263   -0.962    1.148    1.720    0.980
 220.00    4.001    4.253    4.389    1.444    1.082   -0.999    1.444    1.082   -1.081   -1.443    1.562    2.126    1.192
 220.10    3.846    4.101    4.142    1.424    0.581   -1.154    1.424    0.581   -0.671   -1.643    0.828    1.848    0.979
 220.20    3.604    3.860    3.976    1.383    0.955   -1.396    1.383    0.955   -1.333   -1.931    1.320    2.387    1.346
 220.30    3.643    3.834    3.923    1.195    0.835   -1.357    1.195    0.835   -1.133   -1.622    0.997    1.983    1.108
 220.40    3.798    3.890    4.000    0.844    0.930   -1.202    0.844    0.930   -1.118   -1.014    0.785    1.511    0.851
 220.50    3.667    3.681    3.831    0.318    1.063   -1.333    0.318    1.063   -1.417   -0.424    0.338    1.504    0.759
 220.60    3.756    3.763    3.932    0.230    1.139   -1.244    0.230    1.139   -1.416   -0.286    0.262    1.448    0.734
 220.70    3.775    3.776    3.896   -0.096    0.958   -1.225   -0.096    0.958   -1.174    0.118   -0.092    1.214    0.592
 220.80    3.868    3.873    3.953   -0.210    0.792   -1.132   -0.210    0.792   -0.897    0.237   -0.166    0.977    0.471
 220.90    4.092    4.111    4.166   -0.392    0.678   -0.908   -0.392    0.678   -0.616    0.356   -0.266    0.719    0.380
 221.00    4.366    4.383    4.522   -0.386    1.113   -0.634   -0.386    1.113   -0.706    0.245   -0.429    0.895    0.431
 221.10    4.337    4.354    4.457   -0.388    0.955   -0.663   -0.388    0.955   -0.633    0.257   -0.370    0.751    0.389
 221.20    4.408    4.412    4.554   -0.185    1.129   -0.592   -0.185    1.129   -0.668    0.110   -0.209    0.830    0.354
 221.30    4.270    4.270    4.426   -0.013    1.165   -0.730   -0.013    1.165   -0.850    0.010   -0.015    0.945    0.425
 221.40    4.155    4.156    4.249   -0.062    0.885   -0.845   -0.062    0.885   -0.748    0.053   -0.055    0.750    0.376
 221.50    4.300    4.301    4.381   -0.116    0.829   -0.700   -0.116    0.829   -0.580    0.081   -0.096    0.595    0.297
 221.60    3.818    3.829    3.851   -0.289    0.409   -1.182   -0.289    0.409   -0.483    0.342   -0.118    0.824    0.302
 221.70    3.820    3.820    3.823    0.069    0.129   -1.180    0.069    0.129   -0.153   -0.081    0.009    0.707    0.086
 221.80    3.509    3.523    3.525   -0.311   -0.113   -1.491   -0.311   -0.113    0.169    0.463    0.035    1.166    0.247
 221.90    4.008    4.009    4.106   -0.086    0.888   -0.992   -0.086    0.888   -0.881    0.085   -0.076    0.890    0.444
 222.00    4.087    4.096    4.118   -0.269    0.427   -0.913   -0.269    0.427   -0.390    0.246   -0.115    0.544    0.238
 222.10    3.968    3.981    3.982   -0.321    0.036   -1.032   -0.321    0.036   -0.037    0.331   -0.011    0.584    0.167
 222.20    4.005    4.015    4.025   -0.285   -0.276   -0.995   -0.285   -0.276    0.275    0.283    0.079    0.573    0.201
 222.30    3.569    3.570    3.577    0.101   -0.219   -1.431    0.101   -0.219    0.313   -0.144   -0.022    1.053    0.173
 222.40    3.568    3.570    3.604   -0.114   -0.496   -1.432   -0.114   -0.496    0.711    0.164    0.057    1.155    0.366
 222.50    3.349    3.350    3.360   -0.052   -0.265   -1.651   -0.052   -0.265    0.438    0.086    0.014    1.399    0.223
 222.60    3.378    3.381    3.383   -0.119   -0.134   -1.622   -0.119   -0.134    0.217    0.193    0.016    1.331    0.145
 222.70    3.257    3.258    3.274    0.106   -0.320   -1.743    0.106   -0.320    0.559   -0.185   -0.034    1.577    0.295
 222.80    2.861    2.862    2.876   -0.033   -0.286   -2.139   -0.033   -0.286    0.611    0.070    0.009    2.328    0.308
 222.90    2.731    2.733    2.755    0.095   -0.349   -2.269    0.095   -0.349    0.791   -0.215   -0.033    2.638    0.410
 223.00    2.865    2.891    2.893   -0.387    0.110   -2.135   -0.387    0.110   -0.236    0.827   -0.043    2.361    0.431
 223.10    2.901    2.902    2.913   -0.082    0.249   -2.099   -0.082    0.249   -0.523    0.172   -0.020    2.237    0.275
 223.20    2.995    2.995    3.011    0.042    0.307   -2.005    0.042    0.307   -0.616   -0.085    0.013    2.059    0.311
 223.30    3.010    3.015    3.030    0.170    0.302   -1.990    0.170    0.302   -0.600   -0.339    0.051    2.040    0.346
 223.40    3.415    3.419    3.432   -0.184    0.288   -1.585   -0.184    0.288   -0.457    0.291   -0.053    1.315    0.272
 223.50    3.549    3.556    3.590    0.224    0.497   -1.451    0.224    0.497   -0.721   -0.325    0.111    1.202    0.399
 223.60    3.714    3.717    3.737    0.149    0.388   -1.286    0.149    0.388   -0.499   -0.192    0.058    0.914    0.269
 223.70    3.804    3.804    3.852    0.014    0.607   -1.196    0.014    0.607   -0.725   -0.016    0.008    0.899    0.363
 223.80    3.745    3.746    3.793    0.070    0.595   -1.255    0.070    0.595   -0.747   -0.088    0.042    0.967    0.377
 223.90    3.866    3.889    3.926    0.425    0.532   -1.134    0.425    0.532   -0.603   -0.482    0.226    0.874    0.402
 224.00    3.639    3.639    3.668    0.040    0.459   -1.361    0.040    0.459   -0.625   -0.055    0.018    1.033    0.314
 224.10    3.784    3.789    3.844    0.195    0.647   -1.216    0.195    0.647   -0.787   -0.237    0.126    0.968    0.416
 224.20    4.311    4.317    4.384   -0.226    0.760   -0.689   -0.226    0.760   -0.524    0.156   -0.172    0.552    0.286
 224.30    3.864    3.864    4.010    0.013    1.074   -1.136    0.013    1.074   -1.220   -0.015    0.014    1.222    0.610
 224.40    3.926    3.926    4.025   -0.044    0.885   -1.074   -0.044    0.885   -0.951    0.047   -0.039    0.969    0.476
 224.50    4.699    4.716    4.728   -0.402    0.336   -0.301   -0.402    0.336   -0.101    0.121   -0.135    0.183    0.104
 224.60    5.002    5.002    5.025    0.092    0.480    0.002    0.092    0.480    0.001    0.000    0.044    0.119    0.022
 224.70    4.691    4.695    4.707   -0.197    0.327   -0.309   -0.197    0.327   -0.101    0.061   -0.064    0.121    0.067
 224.80    4.771    4.818    4.886   -0.674    0.808   -0.229   -0.674    0.808   -0.185    0.155   -0.545    0.580    0.298
 224.90    4.845    4.952    4.978   -1.022    0.510   -0.155   -1.022    0.510   -0.079    0.158   -0.521    0.664    0.275
 225.00    4.830    4.897    4.965   -0.803    0.822   -0.170   -0.803    0.822   -0.140    0.136   -0.660    0.675    0.344
 225.10    5.243    5.268    5.385   -0.521    1.113    0.243   -0.521    1.113    0.270   -0.126   -0.580    0.784    0.326
 225.20    4.914    4.933    5.066   -0.436    1.154   -0.086   -0.436    1.154   -0.100    0.038   -0.503    0.765    0.257
 225.30    4.559    4.626    4.663   -0.784    0.585   -0.441   -0.784    0.585   -0.258    0.345   -0.458    0.575    0.314
 225.40    4.638    4.822    4.853   -1.319    0.553   -0.362   -1.319    0.553   -0.200    0.478   -0.729    1.089    0.447
 225.50    4.227    4.376    4.444   -1.135    0.772   -0.773   -1.135    0.772   -0.597    0.878   -0.877    1.241    0.688
 225.60    4.285    4.377    4.483   -0.893    0.970   -0.715   -0.893    0.970   -0.694    0.639   -0.867    1.125    0.640
 225.70    4.601    4.689    4.837   -0.902    1.189   -0.399   -0.902    1.189   -0.475    0.360   -1.073    1.194    0.614
 225.80    4.696    4.741    4.775   -0.646    0.571   -0.304   -0.646    0.571   -0.173    0.196   -0.369    0.418    0.226
 225.90    4.774    4.813    4.828   -0.614    0.375   -0.226   -0.614    0.375   -0.085    0.139   -0.230    0.284    0.141
 226.00    4.907    4.915    4.951   -0.274    0.598   -0.093   -0.274    0.598   -0.056    0.025   -0.164    0.220    0.087
 226.10    5.060    5.073    5.084   -0.360    0.343    0.060   -0.360    0.343    0.021   -0.022   -0.123    0.125    0.063
 226.20    4.847    4.861    4.878   -0.376    0.406   -0.153   -0.376    0.406   -0.062    0.058   -0.153    0.165    0.087
 226.30    4.864    4.887    4.887   -0.476    0.016   -0.136   -0.476    0.016   -0.002    0.065   -0.008    0.123    0.033
 226.40    5.179    5.193    5.195   -0.389    0.108    0.179   -0.389    0.108    0.019   -0.070   -0.042    0.097    0.042
 226.50    4.878    4.893    4.893   -0.389   -0.034   -0.122   -0.389   -0.034    0.004    0.048    0.013    0.084    0.025
 226.60    4.944    4.975    4.990   -0.560    0.389   -0.056   -0.560    0.389   -0.022    0.032   -0.218    0.234    0.111
 226.70    4.743    4.757    4.801   -0.361    0.655   -0.257   -0.361    0.655   -0.168    0.093   -0.236    0.313    0.152
 226.80    4.852    4.890    4.947   -0.606    0.751   -0.148   -0.606    0.751   -0.111    0.089   -0.455    0.477    0.238
 226.90    4.315    4.413    4.492   -0.926    0.842   -0.685   -0.926    0.842   -0.577    0.635   -0.780    1.018    0.579
 227.00    4.219    4.306    4.418   -0.862    0.991   -0.781   -0.862    0.991   -0.774    0.673   -0.854    1.168    0.667
 227.10    4.345    4.428    4.549   -0.853    1.041   -0.655   -0.853    1.041   -0.682    0.558   -0.888    1.120    0.625
 227.20    4.068    4.174    4.321   -0.935    1.119   -0.932   -0.935    1.119   -1.043    0.872   -1.047    1.498    0.858
 227.30    4.112    4.202    4.307   -0.860    0.946   -0.888   -0.860    0.946   -0.839    0.764   -0.814    1.211    0.698
 227.40    4.281    4.445    4.531   -1.198    0.879   -0.719   -1.198    0.879   -0.632    0.861   -1.053    1.362    0.750
 227.50    4.432    4.650    4.797   -1.407    1.178   -0.568   -1.407    1.178   -0.669    0.799   -1.658    1.845    0.979
 227.60    4.468    4.651    4.784   -1.293    1.122   -0.532   -1.293    1.122   -0.598    0.688   -1.451    1.607    0.857
 227.70    4.671    4.862    5.022   -1.348    1.257   -0.329   -1.348    1.257   -0.414    0.444   -1.695    1.754    0.900
 227.80    4.623    4.721    4.880   -0.958    1.234   -0.377   -0.958    1.234   -0.465    0.361   -1.182    1.291    0.660
 227.90    4.738    4.868    4.934   -1.120    0.799   -0.262   -1.120    0.799   -0.210    0.293   -0.895    0.981    0.483
 228.00    4.916    5.086    5.179   -1.300    0.979   -0.084   -1.300    0.979   -0.082    0.109   -1.272    1.328    0.640
 228.10    4.895    4.985    5.127   -0.941    1.200   -0.105   -0.941    1.200   -0.126    0.098   -1.129    1.168    0.570
 228.20    4.658    4.756    4.947   -0.965    1.358   -0.342   -0.965    1.358   -0.465    0.330   -1.311    1.446    0.715
 228.30    4.874    5.086    5.276   -1.455    1.402   -0.126   -1.455    1.402   -0.177    0.184   -2.040    2.049    1.028
 228.40    5.141    5.284    5.512   -1.222    1.570    0.141   -1.222    1.570    0.221   -0.172   -1.919    1.989    0.970
 228.50    5.119    5.212    5.352   -0.981    1.213    0.119   -0.981    1.213    0.144   -0.117   -1.190    1.224    0.602
 228.60    4.833    4.907    5.075   -0.845    1.295   -0.167   -0.845    1.295   -0.216    0.141   -1.095    1.210    0.562
 228.70    4.493    4.517    4.581   -0.461    0.766   -0.507   -0.461    0.766   -0.388    0.233   -0.353    0.528    0.287
 228.80    4.530    4.544    4.564   -0.358    0.424   -0.470   -0.358    0.424   -0.199    0.168   -0.152    0.264    0.151
 228.90    4.296    4.320    4.349   -0.457    0.506   -0.704   -0.457    0.506   -0.356    0.322   -0.231    0.480    0.266
 229.00    4.335    4.359    4.425   -0.457    0.759   -0.665   -0.457    0.759   -0.504    0.304   -0.347    0.613    0.342
 229.10    4.510    4.515    4.642   -0.199    1.081   -0.490   -0.199    1.081   -0.529    0.097   -0.215    0.724    0.290
 229.20    4.303    4.304    4.403   -0.090    0.925   -0.697   -0.090    0.925   -0.644    0.063   -0.083    0.674    0.326
 229.30    4.108    4.113    4.152   -0.192    0.565   -0.892   -0.192    0.565   -0.504    0.172   -0.109    0.576    0.271
 229.40    4.273    4.295    4.347   -0.443    0.669   -0.727   -0.443    0.669   -0.487    0.322   -0.296    0.587    0.327
 229.50    4.478    4.479    4.582   -0.123    0.966   -0.522   -0.123    0.966   -0.505    0.064   -0.119    0.610    0.261
 229.60    4.592    4.592    4.668    0.001    0.839   -0.408    0.001    0.839   -0.342   -0.000    0.001    0.435    0.171
 229.70    4.564    4.567    4.628   -0.166    0.749   -0.436   -0.166    0.749   -0.327    0.072   -0.124    0.389    0.179
 229.80    4.541    4.541    4.580   -0.054    0.598   -0.459   -0.054    0.598   -0.275    0.025   -0.033    0.286    0.139
 229.90    4.799    4.799    4.867    0.039    0.811   -0.201    0.039    0.811   -0.163   -0.008    0.032    0.350    0.083
 230.00    4.775    4.787    4.885   -0.338    0.973   -0.225   -0.338    0.973   -0.219    0.076   -0.329    0.556    0.201
 230.10    4.543    4.612    4.644   -0.795    0.544   -0.457   -0.795    0.544   -0.248    0.363   -0.432    0.568    0.308
 230.20    4.932    4.971    4.979   -0.621    0.283   -0.068   -0.621    0.283   -0.019    0.042   -0.176    0.235    0.091
 230.30    4.924    5.002    5.038   -0.880    0.595   -0.076   -0.880    0.595   -0.045    0.067   -0.523    0.567    0.265
 230.40    4.904    5.076    5.135   -1.309    0.775   -0.096   -1.309    0.775   -0.074    0.125   -1.014    1.161    0.512
 230.50    4.768    4.879    5.040   -1.036    1.263   -0.232   -1.036    1.263   -0.293    0.240   -1.307    1.360    0.681
 230.60    4.850    4.973    5.148   -1.101    1.332   -0.150   -1.101    1.332   -0.200    0.166   -1.466    1.504    0.744
 230.70    5.215    5.404    5.565   -1.414    1.331    0.215   -1.414    1.331    0.286   -0.304   -1.882    1.908    0.964
 230.80    4.984    5.287    5.484   -1.766    1.454   -0.016   -1.766    1.454   -0.024    0.029   -2.568    2.617    1.284
 230.90    5.336    5.555    5.810   -1.542    1.703    0.336   -1.542    1.703    0.573   -0.519   -2.626    2.696    1.369
 231.00    5.576    5.709    5.902   -1.224    1.495    0.576   -1.224    1.495    0.862   -0.705   -1.831    2.033    1.071
 231.10    5.269    5.384    5.518   -1.108    1.207    0.269   -1.108    1.207    0.324   -0.298   -1.337    1.378    0.704
 231.20    5.372    5.475    5.609   -1.059    1.218    0.372   -1.059    1.218    0.453   -0.394   -1.290    1.372    0.712
 231.30    5.184    5.309    5.412   -1.144    1.050    0.184   -1.144    1.050    0.193   -0.211   -1.202    1.224    0.618
 231.40    5.323    5.420    5.523   -1.024    1.063    0.323   -1.024    1.063    0.343   -0.330   -1.088    1.141    0.594
 231.50    5.559    5.600    5.741   -0.679    1.265    0.559   -0.679    1.265    0.707   -0.379   -0.858    1.186    0.588
 231.60    5.527    5.546    5.656   -0.460    1.106    0.527   -0.460    1.106    0.583   -0.243   -0.509    0.856    0.406
 231.70    5.656    5.666    5.706   -0.331    0.677    0.656   -0.331    0.677    0.444   -0.217   -0.224    0.500    0.272
 231.80    5.957    5.987    6.004   -0.594    0.460    0.957   -0.594    0.460    0.440   -0.568   -0.273    0.740    0.384
 231.90    5.971    5.975    5.984   -0.216    0.319    0.971   -0.216    0.319    0.310   -0.210   -0.069    0.546    0.191
 232.00    5.778    5.781    5.808    0.179    0.560    0.778    0.179    0.560    0.436    0.140    0.100    0.476    0.234
 232.10    5.548    5.552    5.598    0.206    0.717    0.548    0.206    0.717    0.393    0.113    0.148    0.428    0.217
 232.20    5.481    5.488    5.538    0.270    0.743    0.481    0.270    0.743    0.358    0.130    0.201    0.428    0.215
 232.30    5.396    5.412    5.450    0.416    0.649    0.396    0.416    0.649    0.257    0.164    0.270    0.375    0.203
 232.40    5.536    5.547    5.693    0.340    1.280    0.536    0.340    1.280    0.687    0.182    0.435    1.021    0.417
 232.50    5.831    5.862    5.990    0.603    1.232    0.831    0.603    1.232    1.024    0.501    0.743    1.286    0.680
 232.60    5.799    5.852    5.968    0.792    1.167    0.799    0.792    1.167    0.932    0.633    0.924    1.314    0.729
 232.70    5.801    5.832    5.913    0.599    0.974    0.801    0.599    0.974    0.780    0.480    0.583    0.974    0.543
 232.80    6.043    6.093    6.129    0.777    0.668    1.043    0.777    0.668    0.697    0.810    0.519    1.069    0.594
 232.90    5.864    5.946    6.038    0.981    1.053    0.864    0.981    1.053    0.910    0.848    1.033    1.409    0.808
 233.00    5.888    5.961    6.089    0.932    1.242    0.888    0.932    1.242    1.103    0.828    1.158    1.600    0.900
 233.10    5.935    5.953    6.015    0.471    0.858    0.935    0.471    0.858    0.802    0.440    0.404    0.916    0.500
 233.20    5.778    5.796    5.830    0.457    0.637    0.778    0.457    0.637    0.495    0.355    0.291    0.609    0.338
 233.30    5.868    5.880    5.926    0.369    0.744    0.868    0.369    0.744    0.646    0.320    0.275    0.721    0.386
 233.40    5.847    5.864    5.928   -0.451    0.863    0.847   -0.451    0.863    0.731   -0.382   -0.389    0.833    0.456
 233.50    5.940    5.956    5.984   -0.442    0.575    0.940   -0.442    0.575    0.540   -0.416   -0.254    0.705    0.364
 233.60    5.933    5.952    5.964   -0.472    0.369    0.933   -0.472    0.369    0.344   -0.441   -0.174    0.615    0.293
 233.70    5.950    5.960    5.997   -0.347    0.664    0.950   -0.347    0.664    0.630   -0.330   -0.231    0.732    0.374
 233.80    5.808    5.831    5.889   -0.518    0.830    0.808   -0.518    0.830    0.670   -0.419   -0.430    0.805    0.450
 233.90    5.427    5.429    5.512   -0.132    0.953    0.427   -0.132    0.953    0.407   -0.056   -0.126    0.554    0.215
 234.00    5.628    5.632    5.779    0.212    1.299    0.628    0.212    1.299    0.815    0.133    0.275    1.063    0.435
 234.10    5.570    5.570    5.724   -0.041    1.318    0.570   -0.041    1.318    0.751   -0.024   -0.054    1.031    0.377
 234.20    5.557    5.557    5.762   -0.023    1.525    0.557   -0.023    1.525    0.849   -0.013   -0.035    1.319    0.425
 234.30    5.600    5.603    5.732   -0.187    1.207    0.600   -0.187    1.207    0.724   -0.112   -0.226    0.926    0.384
 234.40    5.755    5.763    5.882   -0.303    1.177    0.755   -0.303    1.177    0.889   -0.229   -0.357    1.024    0.492
 234.50    5.555    5.601    5.768   -0.719    1.375    0.555   -0.719    1.375    0.763   -0.399   -0.988    1.358    0.655
 234.60    5.586    5.667    5.879   -0.959    1.562    0.586   -0.959    1.562    0.915   -0.562   -1.498    1.851    0.921
 234.70    5.484    5.559    5.938   -0.911    2.087    0.484   -0.911    2.087    1.011   -0.441   -1.900    2.709    1.099
 234.80    5.673    5.783    6.016   -1.125    1.656    0.673   -1.125    1.656    1.114   -0.757   -1.863    2.230    1.149
 234.90    5.538    5.621    5.997   -0.963    2.090    0.538   -0.963    2.090    1.124   -0.518   -2.012    2.792    1.181
 235.00    5.470    5.567    5.873   -1.035    1.872    0.470   -1.035    1.872    0.879   -0.486   -1.937    2.398    1.091
 235.10    5.340    5.399    5.547   -0.794    1.273    0.340   -0.794    1.273    0.433   -0.270   -1.012    1.184    0.567
 235.20    5.492    5.507    5.625   -0.408    1.148    0.492   -0.408    1.148    0.564   -0.201   -0.469    0.863    0.380
 235.30    5.431    5.432    5.548   -0.111    1.126    0.431   -0.111    1.126    0.486   -0.048   -0.124    0.733    0.252
 235.40    5.660    5.660    5.834    0.001    1.417    0.660    0.001    1.417    0.934    0.000    0.001    1.221    0.467
 235.50    5.545    5.549    5.748   -0.226    1.497    0.545   -0.226    1.497    0.815   -0.123   -0.339    1.294    0.446
 235.60    5.532    5.534    5.776   -0.145    1.657    0.532   -0.145    1.657    0.881   -0.077   -0.239    1.524    0.458
 235.70    5.366    5.366    5.585   -0.071    1.549    0.366   -0.071    1.549    0.567   -0.026   -0.110    1.269    0.289
 235.80    5.338    5.341    5.602   -0.187    1.690    0.338   -0.187    1.690    0.571   -0.063   -0.315    1.503    0.328
 235.90    5.095    5.097    5.445   -0.156    1.915    0.095   -0.156    1.915    0.181   -0.015   -0.299    1.850    0.175
 236.00    5.214    5.215    5.628    0.035    2.117    0.214    0.035    2.117    0.454    0.007    0.074    2.265    0.230
 236.10    5.663    5.664    5.971   -0.086    1.891    0.663   -0.086    1.891    1.254   -0.057   -0.164    2.012    0.633
 236.20    5.132    5.136    5.479   -0.201    1.908    0.132   -0.201    1.908    0.253   -0.027   -0.383    1.850    0.230
 236.30    5.342    5.345    5.601   -0.168    1.675    0.342   -0.168    1.675    0.573   -0.058   -0.282    1.475    0.321
 236.40    5.491    5.537    5.667   -0.712    1.207    0.491   -0.712    1.207    0.593   -0.349   -0.860    1.103    0.551
 236.50    5.514    5.551    5.732   -0.642    1.430    0.514   -0.642    1.430    0.735   -0.330   -0.918    1.360    0.610
 236.60    5.756    5.773    5.972   -0.438    1.531    0.756   -0.438    1.531    1.158   -0.331   -0.670    1.553    0.689
 236.70    6.183    6.185    6.297   -0.129    1.187    1.183   -0.129    1.187    1.405   -0.153   -0.153    1.413    0.711
 236.80    6.087    6.097    6.309    0.334    1.625    1.087    0.334    1.625    1.766    0.363    0.543    1.967    0.942
 236.90    5.546    5.546    5.752    0.024    1.527    0.546    0.024    1.527    0.833    0.013    0.037    1.315    0.417
 237.00    5.220    5.223    5.302   -0.160    0.911    0.220   -0.160    0.911    0.201   -0.035   -0.146    0.452    0.125
 237.10    5.426    5.456    5.546   -0.574    0.991    0.426   -0.574    0.991    0.422   -0.245   -0.569    0.747    0.375
 237.20    5.501    5.535    5.607   -0.615    0.892    0.501   -0.615    0.892    0.447   -0.308   -0.548    0.712    0.386
 237.30    5.483    5.491    5.526   -0.305    0.618    0.483   -0.305    0.618    0.298   -0.147   -0.188    0.354    0.191
 237.40    5.885    5.916    5.933   -0.608    0.443    0.885   -0.608    0.443    0.392   -0.538   -0.269    0.674    0.359
 237.50    6.178    6.246    6.266   -0.916    0.498    1.178   -0.916    0.498    0.587   -1.079   -0.457    1.238    0.655
 237.60    6.194    6.370    6.378   -1.487    0.309    1.194   -1.487    0.309    0.369   -1.776   -0.459    1.866    0.935
 237.70    6.419    6.498    6.502   -1.013    0.212    1.419   -1.013    0.212    0.301   -1.438   -0.215    1.543    0.742
 237.80    6.453    6.497    6.498   -0.757    0.103    1.453   -0.757    0.103    0.150   -1.101   -0.078    1.348    0.557
 237.90    6.269    6.369    6.387   -1.126    0.471    1.269   -1.126    0.471    0.598   -1.429   -0.531    1.550    0.819
 238.00    6.296    6.377    6.389   -1.010    0.400    1.296   -1.010    0.400    0.518   -1.309   -0.404    1.430    0.732
 238.10    5.866    5.933    5.944   -0.890    0.369    0.866   -0.890    0.369    0.320   -0.771   -0.329    0.839    0.448
 238.20    5.682    5.739    5.740   -0.805    0.109    0.682   -0.805    0.109    0.074   -0.550   -0.088    0.563    0.281
 238.30    5.436    5.480    5.482   -0.700    0.136    0.436   -0.700    0.136    0.059   -0.305   -0.095    0.349    0.162
 238.40    5.392    5.499    5.501   -1.080    0.133    0.392   -1.080    0.133    0.052   -0.424   -0.144    0.669    0.225
 238.50    5.638    5.803    5.803   -1.374    0.035    0.638   -1.374    0.035    0.022   -0.877   -0.048    1.148    0.439
 238.60    5.697    5.879    5.887   -1.452    0.319    0.697   -1.452    0.319    0.222   -1.011   -0.463    1.347    0.567
 238.70    5.386    5.557    5.582   -1.370    0.522    0.386   -1.370    0.522    0.201   -0.528   -0.716    1.150    0.456
 238.80    4.952    5.020    5.033   -0.824    0.363   -0.048   -0.824    0.363   -0.017    0.039   -0.299    0.407    0.151
 238.90    4.694    4.775    4.807   -0.878    0.555   -0.306   -0.878    0.555   -0.170    0.269   -0.488    0.587    0.291
 239.00    4.774    4.843    4.881   -0.815    0.604   -0.226   -0.815    0.604   -0.136    0.184   -0.492    0.540    0.271
 239.10    4.641    4.685    4.718   -0.646    0.555   -0.359   -0.646    0.555   -0.200    0.232   -0.359    0.427    0.236
 239.20    4.475    4.576    4.681   -0.954    0.987   -0.525   -0.954    0.987   -0.518    0.501   -0.942    1.080    0.593
 239.30    4.827    5.033    5.062   -1.427    0.533   -0.173   -1.427    0.533   -0.092    0.247   -0.761    1.175    0.403
 239.40    4.603    4.700    4.715   -0.951    0.380   -0.397   -0.951    0.380   -0.151    0.377   -0.362    0.603    0.272
 239.50    4.529    4.593    4.607   -0.761    0.359   -0.471   -0.761    0.359   -0.169    0.358   -0.273    0.465    0.241
 239.60    4.588    4.604    4.620   -0.392    0.381   -0.412   -0.392    0.381   -0.157    0.162   -0.149    0.234    0.135
 239.70    4.605    4.658    4.676   -0.703    0.407   -0.395   -0.703    0.407   -0.161    0.278   -0.286    0.408    0.215
 239.80    4.452    4.493    4.498   -0.609   -0.214   -0.548   -0.609   -0.214    0.118    0.334    0.131    0.359    0.189
 239.90    4.643    4.699    4.699   -0.725   -0.022   -0.357   -0.725   -0.022    0.008    0.259    0.016    0.327    0.130
 240.00    4.464    4.465    4.465   -0.110   -0.009   -0.536   -0.110   -0.009    0.005    0.059    0.001    0.150    0.030
 240.10    4.341    4.345    4.346   -0.205   -0.049   -0.659   -0.205   -0.049    0.033    0.135    0.010    0.240    0.070
 240.20    4.366    4.366    4.377   -0.071    0.310   -0.634   -0.071    0.310   -0.196    0.045   -0.022    0.252    0.101
 240.30    4.449    4.471    4.482   -0.442    0.307   -0.551   -0.442    0.307   -0.169    0.244   -0.136    0.297    0.163
 240.40    4.491    4.506    4.512   -0.366    0.235   -0.509   -0.366    0.235   -0.120    0.186   -0.086    0.224    0.119
 240.50    4.638    4.647    4.662   -0.284    0.379   -0.362   -0.284    0.379   -0.137    0.103   -0.108    0.178    0.101
 240.60    4.335    4.369    4.382   -0.543    0.344   -0.665   -0.543    0.344   -0.229    0.361   -0.187    0.428    0.234
 240.70    4.753    4.783    4.795   -0.530    0.351   -0.247   -0.530    0.351   -0.087    0.131   -0.186    0.232    0.122
 240.80    4.807    4.854    4.855   -0.672    0.114   -0.193   -0.672    0.114   -0.022    0.130   -0.076    0.251    0.076
 240.90    4.168    4.234    4.235   -0.742    0.096   -0.832   -0.742    0.096   -0.080    0.617   -0.071    0.626    0.313
 241.00    4.298    4.339    4.342   -0.590   -0.173   -0.702   -0.590   -0.173    0.121    0.414    0.102    0.435    0.222
 241.10    4.308    4.366    4.370   -0.711   -0.187   -0.692   -0.711   -0.187    0.129    0.492    0.133    0.510    0.263
 241.20    4.720    4.777    4.778   -0.734   -0.098   -0.280   -0.734   -0.098    0.027    0.205    0.072    0.314    0.110
 241.30    4.607    4.607    4.607    0.018   -0.051   -0.393    0.018   -0.051    0.020   -0.007   -0.001    0.079    0.011
 241.40    4.224    4.239    4.239   -0.351    0.036   -0.776   -0.351    0.036   -0.028    0.272   -0.013    0.363    0.137
 241.50    4.133    4.139    4.140   -0.217   -0.105   -0.867   -0.217   -0.105    0.091    0.188    0.023    0.405    0.105
 241.60    4.278    4.294    4.302   -0.378   -0.261   -0.722   -0.378   -0.261    0.188    0.273    0.099    0.367    0.173
 241.70    4.019    4.070    4.073   -0.644   -0.146   -0.981   -0.644   -0.146    0.144    0.632    0.094    0.700    0.328
 241.80    3.660    3.746    3.756   -0.794   -0.276   -1.340   -0.794   -0.276    0.370    1.064    0.219    1.251    0.574
 241.90    3.776    3.929    3.958   -1.085   -0.476   -1.224   -1.085   -0.476    0.583    1.328    0.517    1.451    0.770
 242.00    4.322    4.350    4.394   -0.493   -0.619   -0.678   -0.493   -0.619    0.420    0.334    0.305    0.543    0.309
 242.10    4.399    4.450    4.486   -0.670   -0.564   -0.601   -0.670   -0.564    0.339    0.402    0.378    0.564    0.324
 242.20    4.472    4.530    4.582   -0.718   -0.693   -0.528   -0.718   -0.693    0.365    0.379    0.497    0.637    0.362
 242.30    4.541    4.598    4.684   -0.723   -0.891   -0.459   -0.723   -0.891    0.409    0.332    0.644    0.764    0.416
 242.40    4.912    4.944    4.950   -0.562   -0.233   -0.088   -0.562   -0.233    0.020    0.049    0.131    0.189    0.071
 242.50    4.557    4.577    4.595   -0.427   -0.415   -0.443   -0.427   -0.415    0.184    0.189    0.177    0.276    0.159
 242.60    4.332    4.363    4.375   -0.520   -0.322   -0.668   -0.520   -0.322    0.215    0.348    0.168    0.410    0.221
 242.70    3.818    3.864    3.867   -0.592   -0.150   -1.182   -0.592   -0.150    0.177    0.700    0.089    0.885    0.364
 242.80    3.623    3.708    3.708   -0.786    0.041   -1.377   -0.786    0.041   -0.057    1.083   -0.033    1.258    0.542
 242.90    3.578    3.825    3.844   -1.354    0.380   -1.422   -1.354    0.380   -0.541    1.925   -0.514    2.000    1.033
 243.00    3.746    3.961    3.962   -1.287   -0.064   -1.254   -1.287   -0.064    0.081    1.614    0.083    1.617    0.809
 243.10    3.587    3.777    3.810   -1.184   -0.497   -1.413   -1.184   -0.497    0.702    1.673    0.588    1.823    0.954
 243.20    3.588    3.787    3.810   -1.213   -0.416   -1.412   -1.213   -0.416    0.587    1.713    0.504    1.819    0.940
 243.30    3.798    3.976    4.004   -1.176   -0.474   -1.202   -1.176   -0.474    0.569    1.413    0.557    1.526    0.811
 243.40    3.703    3.978    4.101   -1.454   -0.999   -1.297   -1.454   -0.999    1.296    1.886    1.452    2.397    1.355
 243.50    3.451    3.628    3.697   -1.119   -0.711   -1.549   -1.119   -0.711    1.102    1.733    0.796    2.078    1.101
 243.60    3.625    3.763    3.802   -1.008   -0.545   -1.375   -1.008   -0.545    0.749    1.386    0.549    1.601    0.834
 243.70    3.536    3.669    3.733   -0.976   -0.688   -1.464   -0.976   -0.688    1.007    1.428    0.672    1.784    0.936
 243.80    3.447    3.636    3.720   -1.158   -0.786   -1.553   -1.158   -0.786    1.220    1.798    0.910    2.185    1.178
 243.90    3.911    4.068    4.119   -1.117   -0.645   -1.089   -1.117   -0.645    0.702    1.216    0.721    1.425    0.789
 244.00    3.893    4.092    4.097   -1.262   -0.192   -1.107   -1.262   -0.192    0.213    1.397    0.243    1.428    0.717
 244.10    3.838    3.940    3.953   -0.891   -0.326   -1.162   -0.891   -0.326    0.379    1.036    0.290    1.126    0.570
 244.20    3.906    3.916    3.926   -0.280    0.279   -1.094   -0.280    0.279   -0.306    0.306   -0.078    0.676    0.220
 244.30    4.248    4.275    4.286   -0.477    0.301   -0.752   -0.477    0.301   -0.226    0.359   -0.144    0.442    0.224
 244.40    4.258    4.260    4.268   -0.140    0.256   -0.742   -0.140    0.256   -0.190    0.104   -0.036    0.318    0.110
 244.50    4.374    4.394    4.409   -0.420    0.359   -0.626   -0.420    0.359   -0.225    0.263   -0.151    0.348    0.189
 244.60    4.500    4.507    4.520   -0.251    0.348   -0.500   -0.251    0.348   -0.174    0.125   -0.087    0.217    0.116
 244.70    4.579    4.580    4.601   -0.130    0.431   -0.421   -0.130    0.431   -0.182    0.055   -0.056    0.190    0.099
 244.80    4.707    4.765    4.777   -0.736    0.342   -0.293   -0.736    0.342   -0.100    0.215   -0.251    0.372    0.173
 244.90    4.500    4.536    4.545   -0.574    0.287   -0.500   -0.574    0.287   -0.143    0.287   -0.165    0.331    0.180
 245.00    4.441    4.457    4.524   -0.382    0.776   -0.559   -0.382    0.776   -0.434    0.214   -0.296    0.530    0.283
 245.10    4.210    4.222    4.270   -0.314    0.639   -0.790   -0.314    0.639   -0.505    0.248   -0.201    0.566    0.299
 245.20    4.307    4.307    4.329    0.000    0.435   -0.693    0.000    0.435   -0.301   -0.000    0.000    0.335    0.151
 245.30    4.343    4.347    4.426    0.177    0.833   -0.657    0.177    0.833   -0.547   -0.116    0.147    0.578    0.289
 245.40    4.501    4.509    4.557    0.272    0.661   -0.499    0.272    0.661   -0.330   -0.136    0.180    0.380    0.200
 245.50    4.856    4.859    4.886    0.169    0.519   -0.144    0.169    0.519   -0.075   -0.024    0.088    0.160    0.059
 245.60    4.820    4.822    4.832    0.151    0.308   -0.180    0.151    0.308   -0.056   -0.027    0.047    0.075    0.039
 245.70    4.740    4.741    4.753    0.077    0.339   -0.260    0.077    0.339   -0.088   -0.020    0.026    0.094    0.047
 245.80    4.887    4.887    4.906   -0.024    0.434   -0.113   -0.024    0.434   -0.049    0.003   -0.010    0.101    0.025
 245.90    5.117    5.128    5.150    0.333    0.471    0.117    0.333    0.471    0.055    0.039    0.157    0.173    0.085
 246.00    5.658    5.671    5.694    0.380    0.510    0.658    0.380    0.510    0.336    0.250    0.194    0.419    0.231
 246.10    5.739    5.740    5.810    0.083    0.903    0.739    0.083    0.903    0.667    0.061    0.075    0.684    0.337
 246.20    5.287    5.289    5.411    0.134    1.145    0.287    0.134    1.145    0.329    0.039    0.154    0.706    0.183
 246.30    5.051    5.071    5.141    0.450    0.844    0.051    0.450    0.844    0.043    0.023    0.379    0.459    0.191
 246.40    5.088    5.103    5.143    0.388    0.638    0.088    0.388    0.638    0.056    0.034    0.248    0.283    0.128
 246.50    4.890    4.904    4.910    0.377    0.245   -0.110    0.377    0.245   -0.027   -0.042    0.093    0.107    0.053
 246.60    4.870    4.917    4.922    0.676    0.229   -0.130    0.676    0.229   -0.030   -0.088    0.155    0.263    0.090
 246.70    4.906    4.940    4.951    0.580    0.322   -0.094    0.580    0.322   -0.030   -0.055    0.187    0.225    0.098
 246.80    4.981    5.050    5.122    0.828    0.860   -0.019    0.828    0.860   -0.016   -0.015    0.712    0.713    0.356
 246.90    5.322    5.450    5.500    1.173    0.743    0.322    1.173    0.743    0.239    0.378    0.872    1.016    0.490
 247.00    5.316    5.433    5.499    1.122    0.847    0.316    1.122    0.847    0.267    0.355    0.950    1.038    0.524
 247.10    5.479    5.599    5.678    1.154    0.940    0.479    1.154    0.940    0.450    0.553    1.086    1.223    0.649
 247.20    5.569    5.650    5.712    0.953    0.844    0.569    0.953    0.844    0.480    0.542    0.804    0.972    0.541
 247.30    5.678    5.790    5.851    1.132    0.843    0.678    1.132    0.843    0.571    0.767    0.955    1.226    0.676
 247.40    5.968    6.203    6.309    1.693    1.149    0.968    1.693    1.149    1.112    1.638    1.946    2.562    1.388
 247.50    5.962    6.260    6.363    1.910    1.142    0.962    1.910    1.142    1.099    1.837    2.181    2.938    1.528
 247.60    6.099    6.474    6.594    2.171    1.250    1.099    2.171    1.250    1.374    2.387    2.714    3.742    1.933
 247.70    5.755    6.075    6.191    1.945    1.196    0.755    1.945    1.196    0.903    1.468    2.327    2.891    1.448
 247.80    5.962    6.226    6.334    1.797    1.160    0.962    1.797    1.160    1.116    1.728    2.084    2.749    1.464
 247.90    6.091    6.282    6.398    1.536    1.215    1.091    1.536    1.215    1.325    1.676    1.867    2.513    1.419
 248.00    6.555    6.672    6.752    1.249    1.032    1.555    1.249    1.032    1.604    1.941    1.288    2.520    1.414
 248.10    6.565    6.642    6.723    1.007    1.040    1.565    1.007    1.040    1.627    1.575    1.047    2.272    1.247
 248.20    6.380    6.435    6.486    0.842    0.807    1.380    0.842    0.807    1.113    1.161    0.679    1.632    0.873
 248.30    6.112    6.126    6.140    0.419    0.414    1.112    0.419    0.414    0.460    0.466    0.173    0.792    0.339
 248.40    5.698    5.701    5.713   -0.182    0.380    0.698   -0.182    0.380    0.265   -0.127   -0.069    0.332    0.151
 248.50    5.684    5.684    5.705    0.020    0.493    0.684    0.020    0.493    0.337    0.014    0.010    0.356    0.169
 248.60    6.088    6.088    6.095   -0.033    0.294    1.088   -0.033    0.294    0.320   -0.035   -0.010    0.635    0.161
 248.70    6.112    6.112    6.120    0.034    0.314    1.112    0.034    0.314    0.349    0.038    0.011    0.668    0.176
 248.80    5.972    5.977    5.999    0.249    0.514    0.972    0.249    0.514    0.500    0.242    0.128    0.636    0.285
 248.90    5.884    5.915    5.964    0.607    0.764    0.884    0.607    0.764    0.675    0.536    0.463    0.866    0.489
 249.00    5.996    6.087    6.159    1.049    0.938    0.996    1.049    0.938    0.934    1.045    0.984    1.486    0.856
 249.10    6.078    6.129    6.158    0.791    0.595    1.078    0.791    0.595    0.641    0.853    0.471    1.071    0.583
 249.20    6.102    6.149    6.172    0.757    0.530    1.102    0.757    0.530    0.584    0.835    0.402    1.035    0.548
 249.30    6.400    6.472    6.520    0.958    0.789    1.400    0.958    0.789    1.105    1.342    0.756    1.751    0.948
 249.40    6.144    6.170    6.218    0.566    0.766    1.144    0.566    0.766    0.877    0.648    0.434    1.109    0.587
 249.50    6.309    6.348    6.379    0.702    0.621    1.309    0.702    0.621    0.813    0.920    0.436    1.297    0.651
 249.60    6.053    6.100    6.143    0.753    0.730    1.053    0.753    0.730    0.768    0.793    0.549    1.104    0.617
 249.70    6.390    6.460    6.641    0.952    1.540    1.390    0.952    1.540    2.140    1.323    1.467    2.605    1.456
 249.80    6.289    6.325    6.478    0.675    1.400    1.289    0.675    1.400    1.805    0.871    0.946    2.039    1.108
 249.90    6.105    6.120    6.296    0.427    1.479    1.105    0.427    1.479    1.634    0.472    0.631    1.795    0.907
 250.00    6.294    6.316    6.419    0.529    1.144    1.294    0.529    1.144    1.480    0.684    0.605    1.631    0.869
 250.10    6.384    6.409    6.542    0.564    1.314    1.384    0.564    1.314    1.819    0.781    0.741    1.980    1.057
 250.20    6.256    6.285    6.382    0.602    1.107    1.256    0.602    1.107    1.391    0.757    0.667    1.584    0.859
 250.30    6.720    6.815    6.856    1.136    0.746    1.720    1.136    0.746    1.283    1.955    0.848    2.403    1.244
 250.40    6.755    6.837    6.882    1.055    0.782    1.755    1.055    0.782    1.372    1.852    0.825    2.403    1.224
 250.50    7.097    7.175    7.201    1.060    0.612    2.097    1.060    0.612    1.282    2.223    0.649    2.947    1.324
 250.60    6.775    6.809    6.814    0.677    0.260    1.775    0.677    0.260    0.462    1.202    0.176    1.838    0.650
 250.70    6.473    6.520    6.541    0.780    0.526    1.473    0.780    0.526    0.774    1.149    0.410    1.527    0.723
 250.80    6.501    6.503    6.524    0.131    0.533    1.501    0.131    0.533    0.800    0.197    0.070    1.277    0.413
 250.90    6.419    6.421    6.422   -0.171    0.127    1.419   -0.171    0.127    0.181   -0.243   -0.022    1.029    0.152
 251.00    6.429    6.435    6.436    0.259    0.117    1.429    0.259    0.117    0.167    0.370    0.030    1.062    0.203
 251.10    6.583    6.584    6.590    0.136   -0.289    1.583    0.136   -0.289   -0.457    0.216   -0.039    1.303    0.254
 251.20    7.029    7.032    7.034    0.214    0.161    2.029    0.214    0.161    0.326    0.435    0.034    2.093    0.272
 251.30    7.424    7.428    7.432   -0.235    0.235    2.424   -0.235    0.235    0.569   -0.571   -0.055    2.994    0.404
 251.40    7.375    7.378    7.382   -0.199    0.235    2.375   -0.199    0.235    0.558   -0.472   -0.047    2.868    0.366
 251.50    6.967    6.980    6.981   -0.437   -0.080    1.967   -0.437   -0.080   -0.158   -0.859    0.035    2.033    0.437
 251.60    6.590    6.606    6.606   -0.457   -0.039    1.590   -0.457   -0.039   -0.061   -0.726    0.018    1.369    0.365
 251.70    6.271    6.280    6.280   -0.331   -0.005    1.271   -0.331   -0.005   -0.006   -0.421    0.002    0.863    0.211
 251.80    6.294    6.353    6.358   -0.865    0.254    1.294   -0.865    0.254    0.328   -1.120   -0.219    1.244    0.594
 251.90    5.935    5.970    5.972   -0.646    0.141    0.935   -0.646    0.141    0.132   -0.604   -0.091    0.656    0.313
 252.00    5.829    5.830    5.830   -0.120    0.012    0.829   -0.120    0.012    0.010   -0.099   -0.001    0.351    0.050
 252.10    5.774    5.774    5.775   -0.004    0.061    0.774   -0.004    0.061    0.047   -0.003   -0.000    0.302    0.024
 252.20    6.122    6.139    6.139    0.458    0.064    1.122    0.458    0.064    0.072    0.514    0.029    0.736    0.260
 252.30    6.380    6.388    6.389    0.316    0.106    1.380    0.316    0.106    0.146    0.437    0.033    1.008    0.231
 252.40    6.433    6.435    6.437   -0.169   -0.137    1.433   -0.169   -0.137   -0.196   -0.242    0.023    1.051    0.156
 252.50    6.387    6.388    6.396    0.112    0.306    1.387    0.112    0.306    0.424    0.155    0.034    1.015    0.226
 252.60    6.230    6.231    6.239   -0.101    0.317    1.230   -0.101    0.317    0.389   -0.124   -0.032    0.812    0.205
 252.70    5.558    5.563    5.566    0.235    0.188    0.558    0.235    0.188    0.105    0.131    0.044    0.201    0.087
 252.80    5.570    5.570    5.574    0.001   -0.207    0.570    0.001   -0.207   -0.118    0.001   -0.000    0.184    0.059
 252.90    5.548    5.548    5.570   -0.041   -0.498    0.548   -0.041   -0.498   -0.273   -0.022    0.020    0.275    0.137
 253.00    5.730    5.738    5.740    0.301    0.181    0.730    0.301    0.181    0.132    0.220    0.054    0.328    0.131
 253.10    5.852    5.855    5.855    0.189    0.048    0.852    0.189    0.048    0.041    0.161    0.009    0.382    0.083
 253.20    5.978    5.983    5.983    0.235    0.084    0.978    0.235    0.084    0.082    0.230    0.020    0.510    0.123
 253.30    5.661    5.669    5.669    0.304   -0.076    0.661    0.304   -0.076   -0.050    0.201   -0.023    0.267    0.104
 253.40    5.720    5.722    5.774    0.151   -0.778    0.720    0.151   -0.778   -0.560    0.109   -0.118    0.573    0.291
 253.50    5.770    5.779    5.809    0.319   -0.596    0.770    0.319   -0.596   -0.459    0.246   -0.190    0.525    0.277
 253.60    5.822    5.835    5.902    0.382   -0.887    0.822    0.382   -0.887   -0.729    0.314   -0.339    0.804    0.432
 253.70    6.112    6.121    6.163    0.329   -0.720    1.112    0.329   -0.720   -0.800    0.366   -0.237    0.932    0.456
 253.80    6.174    6.179    6.227    0.240   -0.775    1.174    0.240   -0.775   -0.910    0.282   -0.186    1.018    0.485
 253.90    6.158    6.160    6.163   -0.162   -0.179    1.158   -0.162   -0.179   -0.208   -0.188    0.029    0.700    0.141
 254.00    5.853    5.854    5.859    0.145   -0.228    0.853    0.145   -0.228   -0.194    0.123   -0.033    0.400    0.116
 254.10    5.758    5.766    5.779    0.311   -0.384    0.758    0.311   -0.384   -0.291    0.236   -0.119    0.409    0.197
 254.20    5.799    5.834    5.837    0.641   -0.169    0.799    0.641   -0.169   -0.135    0.512   -0.108    0.539    0.270
 254.30    6.026    6.163    6.180    1.294   -0.449    1.026    1.294   -0.449   -0.461    1.327   -0.581    1.464    0.760
 254.40    6.019    6.164    6.182    1.325   -0.482    1.019    1.325   -0.482   -0.491    1.351   -0.638    1.514    0.786
 254.50    5.771    5.892    5.903    1.189   -0.361    0.771    1.189   -0.361   -0.279    0.917   -0.429    1.069    0.525
 254.60    5.705    5.841    5.855    1.253   -0.413    0.705    1.253   -0.413   -0.291    0.883   -0.518    1.118    0.532
 254.70    5.339    5.493    5.526    1.292   -0.599    0.339    1.292   -0.599   -0.203    0.438   -0.774    1.072    0.456
 254.80    5.031    5.057    5.057    0.519   -0.036    0.031    0.519   -0.036   -0.001    0.016   -0.019    0.136    0.012
 254.90    5.136    5.139    5.140    0.165   -0.101    0.136    0.165   -0.101   -0.014    0.022   -0.017    0.028    0.016
 255.00    5.358    5.359    5.360    0.106    0.068    0.358    0.106    0.068    0.024    0.038    0.007    0.072    0.023
 255.10    5.362    5.363    5.363   -0.114   -0.038    0.362   -0.114   -0.038   -0.014   -0.041    0.004    0.073    0.022
 255.20    5.313    5.314    5.323   -0.115    0.305    0.313   -0.115    0.305    0.096   -0.036   -0.035    0.102    0.054
 255.30    5.469    5.476    5.492   -0.269    0.423    0.469   -0.269    0.423    0.198   -0.126   -0.114    0.236    0.131
 255.40    5.156    5.193    5.198   -0.618    0.233    0.156   -0.618    0.233    0.036   -0.096   -0.144    0.230    0.088
 255.50    5.001    5.029    5.046   -0.524    0.424    0.001   -0.524    0.424    0.000   -0.001   -0.222    0.227    0.111
 255.60    5.388    5.404    5.425   -0.406    0.477    0.388   -0.406    0.477    0.185   -0.158   -0.194    0.272    0.156
 255.70    4.959    4.959    4.959   -0.013    0.021   -0.041   -0.013    0.021   -0.001    0.001   -0.000    0.001    0.001
 255.80    4.899    4.899    4.904    0.026   -0.220   -0.101    0.026   -0.220    0.022   -0.003   -0.006    0.030    0.012
 255.90    5.464    5.465    5.510    0.124   -0.704    0.464    0.124   -0.704   -0.326    0.057   -0.087    0.363    0.171
 256.00    5.335    5.339    5.453    0.200   -1.109    0.335    0.200   -1.109   -0.371    0.067   -0.222    0.691    0.219
 256.10    5.404    5.404    5.489   -0.014   -0.962    0.404   -0.014   -0.962   -0.388   -0.006    0.013    0.544    0.194
 256.20    5.466    5.467    5.510   -0.081   -0.692    0.466   -0.081   -0.692   -0.323   -0.038    0.056    0.351    0.165
 256.30    5.775    5.785    5.852   -0.332   -0.886    0.775   -0.332   -0.886   -0.686   -0.257    0.294    0.748    0.395
 256.40    6.039    6.039    6.122    0.031   -1.006    1.039    0.031   -1.006   -1.045    0.032   -0.031    1.046    0.523
 256.50    6.121    6.122    6.206   -0.137   -1.014    1.121   -0.137   -1.014   -1.137   -0.154    0.139    1.152    0.578
 256.60    6.116    6.116    6.204   -0.021   -1.046    1.116   -0.021   -1.046   -1.166   -0.023    0.022    1.169    0.583
 256.70    6.017    6.019    6.107    0.188   -1.031    1.017    0.188   -1.031   -1.048    0.191   -0.194    1.066    0.541
 256.80    6.102    6.103    6.226    0.074   -1.233    1.102    0.074   -1.233   -1.359    0.082   -0.092    1.370    0.682
 256.90    6.034    6.037    6.159   -0.191   -1.220    1.034   -0.191   -1.220   -1.261   -0.198    0.233    1.296    0.649
 257.00    5.773    5.780    5.860    0.283   -0.964    0.773    0.283   -0.964   -0.746    0.219   -0.273    0.804    0.412
 257.10    5.861    5.863    5.959    0.129   -1.067    0.861    0.129   -1.067   -0.920    0.111   -0.138    0.949    0.468
 257.20    6.432    6.444    6.676    0.386   -1.747    1.432    0.386   -1.747   -2.501    0.553   -0.674    2.625    1.325
 257.30    6.392    6.393    6.589   -0.120   -1.594    1.392   -0.120   -1.594   -2.219   -0.167    0.191    2.246    1.117
 257.40    5.880    5.887    6.046   -0.291   -1.378    0.880   -0.291   -1.378   -1.212   -0.256    0.401    1.379    0.651
 257.50    5.875    5.875    5.979    0.056   -1.110    0.875    0.056   -1.110   -0.972    0.049   -0.062    1.001    0.487
 257.60    5.895    5.897    5.912   -0.147   -0.424    0.895   -0.147   -0.424   -0.380   -0.131    0.062    0.501    0.203
 257.70    5.682    5.699    5.728   -0.440   -0.584    0.682   -0.440   -0.584   -0.398   -0.300    0.257    0.500    0.280
 257.80    5.765    5.794    5.842   -0.573   -0.752    0.765   -0.573   -0.752   -0.575   -0.439    0.431    0.740    0.421
 257.90    5.604    5.614    5.638   -0.336   -0.518    0.604   -0.336   -0.518   -0.313   -0.203    0.174    0.373    0.206
 258.00    5.909    5.910    5.982   -0.129   -0.925    0.909   -0.129   -0.925   -0.840   -0.117    0.119    0.849    0.428
 258.10    5.668    5.718    5.759   -0.758   -0.680    0.668   -0.758   -0.680   -0.454   -0.506    0.515    0.741    0.426
 258.20    5.849    5.860    5.899   -0.367   -0.672    0.849   -0.367   -0.672   -0.570   -0.311    0.246    0.653    0.347
 258.30    6.011    6.011    6.016   -0.033   -0.244    1.011   -0.033   -0.244   -0.247   -0.034    0.008    0.541    0.125
 258.40    6.027    6.034    6.051   -0.282   -0.457    1.027   -0.282   -0.457   -0.469   -0.289    0.129    0.671    0.283
 258.50    6.085    6.089    6.096   -0.219   -0.303    1.085   -0.219   -0.303   -0.329   -0.238    0.067    0.658    0.206
 258.60    5.975    5.987    5.989    0.369   -0.179    0.975    0.369   -0.179   -0.174    0.360   -0.066    0.560    0.203
 258.70    5.950    5.965    5.979    0.422   -0.407    0.950    0.422   -0.407   -0.387    0.401   -0.172    0.623    0.292
 258.80    6.154    6.158    6.237    0.221   -0.990    1.154    0.221   -0.990   -1.143    0.255   -0.219    1.180    0.596
 258.90    5.982    5.996    6.074    0.415   -0.968    0.982    0.415   -0.968   -0.950    0.407   -0.402    1.037    0.555
 259.00    5.748    5.798    5.881    0.754   -0.988    0.748    0.754   -0.988   -0.739    0.564   -0.745    1.052    0.596
 259.10    6.006    6.020    6.130    0.408   -1.160    1.006    0.408   -1.160   -1.167    0.410   -0.473    1.262    0.662
 259.20    5.603    5.606    5.730   -0.202   -1.184    0.603   -0.202   -1.184   -0.713   -0.122    0.240    0.903    0.381
 259.30    5.605    5.628    5.725   -0.514   -1.048    0.605   -0.514   -1.048   -0.634   -0.311    0.538    0.864    0.444
 259.40    5.879    5.902    6.095   -0.513   -1.522    0.879   -0.513   -1.522   -1.339   -0.451    0.781    1.677    0.807
 259.50    5.712    5.713    5.896   -0.118   -1.455    0.712   -0.118   -1.455   -1.036   -0.084    0.171    1.319    0.527
 259.60    5.534    5.537    5.689   -0.178   -1.307    0.534   -0.178   -1.307   -0.699   -0.095    0.233    1.013    0.371
 259.70    5.637    5.676    5.809   -0.661   -1.236    0.637   -0.661   -1.236   -0.788   -0.421    0.817    1.186    0.606
 259.80    5.613    5.624    5.715   -0.361   -1.015    0.613   -0.361   -1.015   -0.622   -0.221    0.367    0.768    0.378
 259.90    5.752    5.796    5.916   -0.717   -1.183    0.752   -0.717   -1.183   -0.889   -0.539    0.849    1.240    0.671
 260.00    5.469    5.476    5.553   -0.285   -0.918    0.469   -0.285   -0.918   -0.430   -0.134    0.262    0.572    0.261
 260.10    5.763    5.763    5.787   -0.018   -0.519    0.763   -0.018   -0.519   -0.396   -0.014    0.009    0.426    0.198
 260.20    5.597    5.609    5.614   -0.373   -0.237    0.597   -0.373   -0.237   -0.142   -0.222    0.089    0.276    0.139
 260.30    5.575    5.588    5.588   -0.372   -0.085    0.575   -0.372   -0.085   -0.049   -0.214    0.032    0.238    0.111
 260.40    5.675    5.678    5.693   -0.208   -0.403    0.675   -0.208   -0.403   -0.272   -0.140    0.084    0.330    0.159
 260.50    5.798    5.800    5.828    0.148   -0.569    0.798    0.148   -0.569   -0.454    0.118   -0.084    0.491    0.238
 260.60    6.220    6.222    6.234    0.162   -0.394    1.220    0.162   -0.394   -0.480    0.197   -0.064    0.835    0.261
 260.70    5.901    5.901    5.911    0.023   -0.348    0.901    0.023   -0.348   -0.314    0.020   -0.008    0.466    0.157
 260.80    5.983    5.983    5.987   -0.007   -0.194    0.983   -0.007   -0.194   -0.191   -0.007    0.001    0.502    0.096
 260.90    6.048    6.049    6.050   -0.032   -0.148    1.048   -0.032   -0.148   -0.155   -0.034    0.005    0.561    0.079
 261.00    6.037    6.039    6.040   -0.174   -0.079    1.037   -0.174   -0.079   -0.082   -0.180    0.014    0.555    0.099
 261.10    5.693    5.705    5.706   -0.372    0.094    0.693   -0.372    0.094    0.065   -0.258   -0.035    0.314    0.134
 261.20    6.012    6.059    6.060   -0.750    0.102    1.012   -0.750    0.102    0.103   -0.759   -0.076    0.799    0.385
 261.30    6.041    6.110    6.111   -0.913   -0.112    1.041   -0.913   -0.112   -0.116   -0.951    0.102    0.966    0.482
 261.40    5.861    5.937    5.962   -0.945   -0.549    0.861   -0.945   -0.549   -0.473   -0.814    0.519    0.968    0.537
 261.50    5.828    5.893    5.908   -0.875   -0.408    0.828   -0.875   -0.408   -0.338   -0.725    0.357    0.809    0.438
 261.60    6.025    6.044    6.057   -0.485   -0.388    1.025   -0.485   -0.388   -0.398   -0.497    0.188    0.718    0.332
 261.70    5.907    5.912    5.932   -0.235   -0.497    0.907   -0.235   -0.497   -0.451   -0.213    0.117    0.562    0.256
 261.80    5.508    5.509    5.519   -0.123   -0.326    0.508   -0.123   -0.326   -0.166   -0.063    0.040    0.190    0.091
 261.90    5.664    5.666    5.672   -0.138   -0.269    0.664   -0.138   -0.269   -0.179   -0.092    0.037    0.266    0.102
 262.00    5.621    5.625    5.626   -0.201    0.110    0.621   -0.201    0.110    0.069   -0.125   -0.022    0.219    0.072
 262.10    5.718    5.719    5.720    0.101    0.113    0.718    0.101    0.113    0.081    0.073    0.011    0.269    0.055
 262.20    5.900    5.903    5.904    0.213    0.038    0.900    0.213    0.038    0.034    0.192    0.008    0.428    0.098
 262.30    5.633    5.636    5.636    0.183    0.082    0.633    0.183    0.082    0.052    0.116    0.015    0.220    0.064
 262.40    5.251    5.252    5.253    0.073    0.127    0.251    0.073    0.127    0.032    0.018    0.009    0.042    0.019
 262.50    5.339    5.343    5.343   -0.206   -0.051    0.339   -0.206   -0.051   -0.017   -0.070    0.010    0.080    0.036
 262.60    5.220    5.226    5.227   -0.252    0.096    0.220   -0.252    0.096    0.021   -0.055   -0.024    0.061    0.032
 262.70    5.113    5.129    5.132   -0.408   -0.164    0.113   -0.408   -0.164   -0.018   -0.046    0.067    0.103    0.042
 262.80    5.281    5.289    5.290   -0.290   -0.104    0.281   -0.290   -0.104   -0.029   -0.082    0.030    0.087    0.046
 262.90    5.315    5.316    5.323   -0.107    0.263    0.315   -0.107    0.263    0.083   -0.034   -0.028    0.090    0.047
 263.00    5.361    5.361    5.362    0.011    0.132    0.361    0.011    0.132    0.048    0.004    0.001    0.074    0.024
 263.10    5.607    5.618    5.629   -0.339    0.359    0.607   -0.339    0.359    0.218   -0.206   -0.122    0.306    0.162
 263.20    5.908    5.910    5.921   -0.119    0.366    0.908   -0.119    0.366    0.332   -0.108   -0.043    0.487    0.176
 263.30    5.520    5.525    5.542   -0.238    0.439    0.520   -0.238    0.439    0.228   -0.124   -0.105    0.260    0.140
 263.40    5.406    5.406    5.429   -0.060    0.492    0.406   -0.060    0.492    0.200   -0.024   -0.030    0.205    0.102
 263.50    5.556    5.564    5.567   -0.294    0.198    0.556   -0.294    0.198    0.110   -0.163   -0.058    0.217    0.103
 263.60    5.745    5.758    5.763   -0.388    0.241    0.745   -0.388    0.241    0.179   -0.289   -0.093    0.382    0.176
 263.70    5.668    5.669    5.670    0.081   -0.107    0.668    0.081   -0.107   -0.072    0.054   -0.009    0.232    0.045
 263.80    5.663    5.666    5.666   -0.187    0.066    0.663   -0.187    0.066    0.044   -0.124   -0.012    0.239    0.066
 263.90    5.358    5.364    5.387   -0.261    0.493    0.358   -0.261    0.493    0.176   -0.094   -0.129    0.220    0.119
 264.00    5.117    5.127    5.161   -0.311    0.592    0.117   -0.311    0.592    0.069   -0.036   -0.184    0.231    0.100
 264.10    4.953    4.972    5.014   -0.435    0.649   -0.047   -0.435    0.649   -0.031    0.020   -0.283    0.306    0.142
 264.20    4.845    4.908    4.974   -0.781    0.810   -0.155   -0.781    0.810   -0.125    0.121   -0.633    0.645    0.328
 264.30    5.213    5.294    5.365   -0.923    0.868    0.213   -0.923    0.868    0.185   -0.197   -0.802    0.826    0.423
 264.40    4.956    5.136    5.222   -1.350    0.940   -0.044   -1.350    0.940   -0.042    0.060   -1.269    1.353    0.635
 264.50    4.692    4.914    5.009   -1.459    0.973   -0.308   -1.459    0.973   -0.300    0.449   -1.421    1.586    0.760
 264.60    4.868    5.054    5.107   -1.358    0.730   -0.132   -1.358    0.730   -0.096    0.179   -0.992    1.198    0.506
 264.70    5.236    5.372    5.486   -1.204    1.110    0.236   -1.204    1.110    0.261   -0.284   -1.336    1.368    0.695
 264.80    5.009    5.104    5.139   -0.979    0.602    0.009   -0.979    0.602    0.005   -0.009   -0.590    0.661    0.295
 264.90    5.214    5.271    5.303   -0.775    0.579    0.214   -0.775    0.579    0.124   -0.166   -0.449    0.491    0.247
 265.00    5.248    5.388    5.407   -1.221    0.455    0.248   -1.221    0.455    0.113   -0.302   -0.556    0.879    0.321
 265.10    4.750    4.920    4.933   -1.283    0.354   -0.250   -1.283    0.354   -0.089    0.321   -0.454    0.917    0.282
 265.20    4.661    4.736    4.777   -0.837    0.628   -0.339   -0.837    0.628   -0.213    0.283   -0.525    0.605    0.317
 265.30    5.120    5.140    5.209   -0.457    0.842    0.120   -0.457    0.842    0.101   -0.055   -0.385    0.466    0.201
 265.40    5.070    5.078    5.137   -0.272    0.777    0.070   -0.272    0.777    0.055   -0.019   -0.211    0.341    0.109
 265.50    5.231    5.250    5.296   -0.449    0.696    0.231   -0.449    0.696    0.160   -0.103   -0.312    0.369    0.183
 265.60    4.998    5.037    5.117   -0.625    0.901   -0.002   -0.625    0.901   -0.002    0.001   -0.563    0.602    0.282
 265.70    4.966    5.057    5.093   -0.956    0.604   -0.034   -0.956    0.604   -0.021    0.033   -0.578    0.640    0.289
 265.80    5.296    5.454    5.548   -1.301    1.018    0.296   -1.301    1.018    0.302   -0.386   -1.324    1.408    0.706
 265.90    5.561    5.777    5.909   -1.567    1.241    0.561   -1.567    1.241    0.696   -0.879   -1.945    2.155    1.122
 266.00    5.643    5.920    5.992   -1.789    0.927    0.643   -1.789    0.927    0.596   -1.150   -1.658    2.237    1.052
 266.10    5.394    5.702    5.756   -1.849    0.786    0.394   -1.849    0.786    0.310   -0.729   -1.453    2.097    0.828
 266.20    5.063    5.343    5.389   -1.708    0.702    0.063   -1.708    0.702    0.044   -0.107   -1.200    1.707    0.603
 266.30    4.674    4.790    4.821   -1.050    0.549   -0.326   -1.050    0.549   -0.179    0.343   -0.576    0.755    0.347
 266.40    4.673    4.758    4.799   -0.892    0.630   -0.327   -0.892    0.630   -0.206    0.291   -0.561    0.649    0.333
 266.50    4.678    4.731    4.739   -0.707    0.274   -0.322   -0.707    0.274   -0.088    0.228   -0.194    0.340    0.156
 266.60    4.929    4.974    4.982   -0.667    0.279   -0.071   -0.667    0.279   -0.020    0.047   -0.186    0.264    0.096
 266.70    4.733    4.836    4.891   -0.995    0.730   -0.267   -0.995    0.730   -0.195    0.266   -0.727    0.797    0.399
 266.80    4.198    4.430    4.483   -1.415    0.691   -0.802   -1.415    0.691   -0.554    1.135   -0.977    1.561    0.798
 266.90    4.351    4.572    4.726   -1.405    1.197   -0.649   -1.405    1.197   -0.777    0.912   -1.681    1.914    1.032
 267.00    4.500    4.589    4.652   -0.897    0.762   -0.500   -0.897    0.762   -0.381    0.448   -0.684    0.818    0.451
 267.10    4.451    4.535    4.592   -0.872    0.719   -0.549   -0.872    0.719   -0.395    0.479   -0.627    0.789    0.441
 267.20    4.530    4.657    4.691   -1.077    0.564   -0.470   -1.077    0.564   -0.265    0.506   -0.608    0.849    0.417
 267.30    4.470    4.639    4.779   -1.240    1.149   -0.530   -1.240    1.149   -0.608    0.657   -1.424    1.569    0.841
 267.40    4.435    4.696    4.721   -1.544    0.483   -0.565   -1.544    0.483   -0.273    0.873   -0.747    1.469    0.590
 267.50    4.150    4.467    4.505   -1.652    0.590   -0.850   -1.652    0.590   -0.502    1.405   -0.975    1.900    0.891
 267.60    4.087    4.388    4.417   -1.598    0.500   -0.913   -1.598    0.500   -0.457    1.460   -0.799    1.820    0.863
 267.70    3.867    4.395    4.407   -2.088    0.319   -1.133   -2.088    0.319   -0.362    2.365   -0.667    2.873    1.242
 267.80    3.455    4.090    4.090   -2.189   -0.054   -1.545   -2.189   -0.054    0.083    3.383    0.117    3.591    1.693
 267.90    3.592    4.206    4.215   -2.187   -0.287   -1.408   -2.187   -0.287    0.403    3.079    0.627    3.424    1.584
 268.00    3.890    4.439    4.445   -2.139   -0.228   -1.110   -2.139   -0.228    0.253    2.375    0.487    2.929    1.219
 268.10    4.061    4.578    4.578   -2.112    0.002   -0.939   -2.112    0.002   -0.002    1.982   -0.004    2.670    0.991
 268.20    4.423    5.023    5.023   -2.381   -0.036   -0.577   -2.381   -0.036    0.021    1.374    0.086    3.002    0.689
 268.30    4.479    5.120    5.139   -2.481    0.443   -0.521   -2.481    0.443   -0.231    1.293   -1.098    3.312    0.856
 268.40    4.224    4.978    4.987   -2.633    0.311   -0.776   -2.633    0.311   -0.241    2.043   -0.818    3.816    1.107
 268.50    4.487    5.184    5.202   -2.596    0.436   -0.513   -2.596    0.436   -0.224    1.332   -1.133    3.597    0.882
 268.60    4.676    5.355    5.426   -2.609    0.879   -0.324   -2.609    0.879   -0.285    0.845   -2.294    3.842    1.231
 268.70    4.654    5.335    5.396   -2.609    0.810   -0.346   -2.609    0.810   -0.280    0.904   -2.112    3.792    1.157
 268.80    4.531    5.296    5.314   -2.742    0.435   -0.469   -2.742    0.435   -0.204    1.286   -1.192    3.964    0.883
 268.90    4.313    5.067    5.127   -2.659    0.780   -0.687   -2.659    0.780   -0.536    1.827   -2.075    4.076    1.408
 269.00    4.051    5.112    5.192   -3.118    0.910   -0.949   -3.118    0.910   -0.864    2.960   -2.839    5.726    2.096
 269.10    4.052    5.107    5.160   -3.108    0.735   -0.948   -3.108    0.735   -0.696    2.947   -2.284    5.550    1.896
 269.20    4.333    5.287    5.308   -3.030    0.479   -0.667   -3.030    0.479   -0.320    2.022   -1.451    4.926    1.255
 269.30    3.853    4.849    4.850   -2.943    0.097   -1.147   -2.943    0.097   -0.111    3.375   -0.285    4.994    1.695
 269.40    3.342    4.580    4.580   -3.131   -0.002   -1.658   -3.131   -0.002    0.003    5.191    0.006    6.276    2.595
 269.50    3.711    5.108    5.109   -3.510   -0.107   -1.289   -3.510   -0.107    0.138    4.524    0.376    6.998    2.271
 269.60    3.709    4.872    4.872   -3.159   -0.000   -1.291   -3.159   -0.000    0.000    4.077    0.001    5.822    2.039
 269.70    3.384    4.613    4.613   -3.135   -0.020   -1.616   -3.135   -0.020    0.032    5.067    0.063    6.221    2.534
 269.80    3.271    4.626    4.635   -3.271    0.296   -1.729   -3.271    0.296   -0.512    5.654   -0.968    6.886    2.879
 269.90    3.289    4.707    4.710   -3.367    0.177   -1.711   -3.367    0.177   -0.303    5.760   -0.596    7.147    2.899
 270.00    3.464    4.660    4.667   -3.117   -0.256   -1.536   -3.117   -0.256    0.393    4.787    0.797    6.070    2.434
 270.10    3.100    4.332    4.355   -3.026   -0.443   -1.900   -3.026   -0.443    0.841    5.750    1.340    6.483    2.982
 270.20    2.945    3.854    3.906   -2.487   -0.631   -2.055   -2.487   -0.631    1.296    5.112    1.569    5.404    2.751
 270.30    3.014    3.543    3.616   -1.863   -0.724   -1.986   -1.863   -0.724    1.438    3.699    1.348    3.969    2.096
 270.40    3.167    3.698    3.770   -1.910   -0.732   -1.833   -1.910   -0.732    1.342    3.500    1.398    3.771    2.000
 270.50    3.519    3.983    4.034   -1.866   -0.642   -1.481   -1.866   -0.642    0.951    2.764    1.198    3.044    1.579
 270.60    3.550    4.055    4.090   -1.959   -0.534   -1.450   -1.959   -0.534    0.773    2.839    1.045    3.111    1.561
 270.70    2.982    3.433    3.433   -1.700   -0.049   -2.018   -1.700   -0.049    0.100    3.429    0.084    3.481    1.716
 270.80    3.340    3.738    3.739   -1.677    0.092   -1.660   -1.677    0.092   -0.153    2.784   -0.155    2.789    1.396
 270.90    3.800    4.128    4.172   -1.612    0.606   -1.200   -1.612    0.606   -0.728    1.934   -0.977    2.203    1.143
 271.00    4.013    4.276    4.299   -1.477    0.440   -0.987   -1.477    0.440   -0.435    1.458   -0.650    1.676    0.827
 271.10    4.223    4.410    4.424   -1.271    0.351   -0.777   -1.271    0.351   -0.273    0.988   -0.446    1.172    0.559
 271.20    4.181    4.350    4.381   -1.199    0.525   -0.819   -1.199    0.525   -0.430    0.981   -0.630    1.192    0.621
 271.30    4.310    4.433    4.500   -1.039    0.770   -0.690   -1.039    0.770   -0.532    0.717   -0.800    1.075    0.600
 271.40    4.227    4.362    4.445   -1.078    0.853   -0.773   -1.078    0.853   -0.660    0.833   -0.920    1.244    0.703
 271.50    3.845    4.005    4.089   -1.119    0.824   -1.155   -1.119    0.824   -0.951    1.293   -0.922    1.632    0.925
 271.60    3.893    4.060    4.101   -1.154    0.576   -1.107   -1.154    0.576   -0.638    1.279   -0.665    1.446    0.788
 271.70    3.783    3.975    4.008   -1.220    0.512   -1.217   -1.220    0.512   -0.623    1.485   -0.625    1.616    0.864
 271.80    3.821    4.242    4.306   -1.843    0.737   -1.179   -1.843    0.737   -0.869    2.172   -1.359    2.664    1.353
 271.90    4.104    4.639    4.736   -2.162    0.956   -0.896   -2.162    0.956   -0.856    1.936   -2.066    3.194    1.479
 272.00    4.098    4.790    4.968   -2.479    1.320   -0.902   -2.479    1.320   -1.191    2.235   -3.273    4.351    2.069
 272.10    3.942    4.595    4.757   -2.361    1.231   -1.058   -2.361    1.231   -1.302    2.499   -2.906    4.105    2.024
 272.20    4.076    4.588    4.762   -2.105    1.276   -0.924   -2.105    1.276   -1.179    1.944   -2.687    3.457    1.760
 272.30    3.849    4.271    4.425   -1.851    1.155   -1.151   -1.851    1.155   -1.329    2.130   -2.138    3.042    1.649
 272.40    3.978    4.312    4.378   -1.663    0.761   -1.022   -1.663    0.761   -0.778    1.700   -1.266    2.195    1.129
 272.50    3.718    4.106    4.226   -1.743    1.001   -1.282   -1.743    1.001   -1.283    2.235   -1.745    2.842    1.556
 272.60    3.747    4.070    4.314   -1.587    1.431   -1.253   -1.587    1.431   -1.792    1.988   -2.271    3.067    1.755
 272.70    3.836    4.123    4.385   -1.513    1.492   -1.164   -1.513    1.492   -1.737    1.761   -2.257    2.935    1.674
 272.80    4.186    4.573    4.793   -1.842    1.434   -0.814   -1.842    1.434   -1.167    1.500   -2.640    3.055    1.627
 272.90    3.751    4.236    4.476   -1.969    1.445   -1.249   -1.969    1.445   -1.806    2.460   -2.846    3.764    2.086
 273.00    3.925    4.218    4.521   -1.542    1.628   -1.075   -1.542    1.628   -1.749    1.657   -2.511    3.092    1.740
 273.10    3.644    4.051    4.270   -1.768    1.352   -1.356   -1.768    1.352   -1.833    2.397   -2.390    3.395    1.924
 273.20    3.519    4.024    4.092   -1.952    0.740   -1.481   -1.952    0.740   -1.096    2.892   -1.445    3.277    1.707
 273.30    4.018    4.489    4.519   -2.002    0.522   -0.982   -2.002    0.522   -0.512    1.966   -1.044    2.622    1.142
 273.40    4.099    4.361    4.386   -1.488    0.466   -0.901   -1.488    0.466   -0.420    1.340   -0.694    1.621    0.783
 273.50    4.098    4.352    4.356   -1.467    0.183   -0.902   -1.467    0.183   -0.165    1.324   -0.268    1.500    0.680
 273.60    3.933    4.399    4.419   -1.970    0.423   -1.067   -1.970    0.423   -0.451    2.103   -0.833    2.600    1.153
 273.70    3.914    4.660    4.661   -2.529    0.089   -1.086   -2.529    0.089   -0.097    2.745   -0.226    3.791    1.378
 273.80    3.795    4.669    4.680   -2.719   -0.321   -1.205   -2.719   -0.321    0.386    3.277    0.872    4.475    1.707
 273.90    3.851    4.680    4.695   -2.659   -0.379   -1.149   -2.659   -0.379    0.435    3.055    1.007    4.268    1.623
 274.00    4.018    4.753    4.763   -2.540   -0.306   -0.982   -2.540   -0.306    0.301    2.495    0.778    3.755    1.315
 274.10    3.844    4.367    4.380   -2.073   -0.328   -1.156   -2.073   -0.328    0.379    2.396    0.680    2.871    1.260
 274.20    3.782    4.477    4.501   -2.396   -0.469   -1.218   -2.396   -0.469    0.572    2.919    1.125    3.722    1.590
 274.30    3.443    4.389    4.389   -2.722   -0.053   -1.557   -2.722   -0.053    0.082    4.240    0.144    4.920    2.122
 274.40    3.500    4.175    4.184   -2.277    0.275   -1.500   -2.277    0.275   -0.413    3.415   -0.627    3.755    1.748
 274.50    3.420    4.101    4.109   -2.263    0.254   -1.580   -2.263    0.254   -0.402    3.575   -0.575    3.840    1.822
 274.60    3.763    4.415    4.420   -2.308    0.220   -1.237   -2.308    0.220   -0.272    2.855   -0.507    3.453    1.456
 274.70    3.821    4.468    4.485   -2.316    0.393   -1.179   -2.316    0.393   -0.463    2.730   -0.910    3.453    1.457
 274.80    4.297    4.711    4.749   -1.932    0.602   -0.703   -1.932    0.602   -0.423    1.358   -1.163    2.294    0.919
 274.90    3.931    4.479    4.497   -2.147    0.401   -1.069   -2.147    0.401   -0.429    2.295   -0.862    2.957    1.244
 275.00    3.746    4.345    4.371   -2.200    0.482   -1.254   -2.200    0.482   -0.604    2.758   -1.060    3.321    1.508
 275.10    3.809    4.527    4.617   -2.447    0.909   -1.191   -2.447    0.909   -1.083    2.916   -2.224    4.118    1.912
 275.20    3.821    4.461    4.497   -2.302    0.565   -1.179   -2.302    0.565   -0.666    2.714   -1.301    3.505    1.541
 275.30    3.909    4.356    4.373   -1.921    0.388   -1.091   -1.921    0.388   -0.423    2.095   -0.745    2.515    1.132
 275.40    3.928    4.490    4.500   -2.176    0.291   -1.072   -2.176    0.291   -0.312    2.332   -0.634    2.984    1.219
 275.50    4.050    4.591    4.592   -2.162    0.083   -0.950   -2.162    0.083   -0.079    2.054   -0.180    2.792    1.032
 275.60    4.039    4.406    4.425   -1.760   -0.413   -0.961   -1.760   -0.413    0.397    1.692    0.727    2.097    0.942
 275.70    3.874    4.257    4.261   -1.766   -0.184   -1.126   -1.766   -0.184    0.207    1.990    0.325    2.211    1.013
 275.80    4.112    4.575    4.606   -2.006   -0.535   -0.888   -2.006   -0.535    0.476    1.782    1.074    2.550    1.067
 275.90    3.786    4.402    4.433   -2.246   -0.517   -1.214   -2.246   -0.517    0.627    2.726    1.161    3.393    1.514
 276.00    3.520    4.129    4.153   -2.159   -0.446   -1.480   -2.159   -0.446    0.659    3.194    0.962    3.524    1.700
 276.10    3.384    3.963    3.968   -2.063   -0.196   -1.616   -2.063   -0.196    0.317    3.334    0.404    3.453    1.686
 276.20    3.325    3.839    3.839   -1.920    0.028   -1.675   -1.920    0.028   -0.047    3.216   -0.054    3.246    1.608
 276.30    3.177    3.833    3.834   -2.144   -0.104   -1.823   -2.144   -0.104    0.189    3.909    0.223    3.966    1.960
 276.40    3.249    3.788    3.792   -1.948   -0.165   -1.751   -1.948   -0.165    0.289    3.411    0.322    3.444    1.719
 276.50    3.431    3.952    3.954   -1.963   -0.125   -1.569   -1.963   -0.125    0.196    3.080    0.245    3.165    1.548
 276.60    3.338    3.763    3.766   -1.739   -0.129   -1.662   -1.739   -0.129    0.214    2.890    0.224    2.902    1.453
 276.70    3.074    3.484    3.487   -1.639   -0.158   -1.926   -1.639   -0.158    0.303    3.158    0.258    3.211    1.591
 276.80    2.690    3.141    3.152   -1.621   -0.262   -2.310   -1.621   -0.262    0.604    3.744    0.424    4.015    1.908
 276.90    2.693    3.270    3.302   -1.854   -0.461   -2.307   -1.854   -0.461    1.064    4.277    0.855    4.486    2.245
 277.00    3.116    3.449    3.490   -1.477   -0.538   -1.884   -1.477   -0.538    1.014    2.782    0.795    3.010    1.533
 277.10    3.304    3.400    3.426   -0.800   -0.426   -1.696   -0.800   -0.426    0.722    1.357    0.341    1.849    0.787
 277.20    3.466    3.596    3.638   -0.959   -0.547   -1.534   -0.959   -0.547    0.839    1.470    0.524    1.785    0.886
 277.30    3.256    3.411    3.478   -1.016   -0.679   -1.744   -1.016   -0.679    1.184    1.772    0.690    2.267    1.120
 277.40    3.554    3.667    3.725   -0.904   -0.651   -1.446   -0.904   -0.651    0.941    1.307    0.588    1.666    0.857
 277.50    3.948    4.075    4.109   -1.010   -0.526   -1.052   -1.010   -0.526    0.553    1.062    0.531    1.201    0.655
 277.60    3.924    4.018    4.043   -0.864   -0.453   -1.076   -0.864   -0.453    0.487    0.929    0.391    1.054    0.560
 277.70    4.011    4.046    4.106   -0.529   -0.702   -0.989   -0.529   -0.702    0.694    0.523    0.371    0.876    0.473
 277.80    4.310    4.312    4.337    0.129   -0.466   -0.690    0.129   -0.466    0.322   -0.089   -0.060    0.355    0.170
 277.90    4.309    4.332    4.332    0.446   -0.029   -0.691    0.446   -0.029    0.020   -0.309   -0.013    0.339    0.155
 278.00    4.557    4.557    4.557   -0.001    0.068   -0.443   -0.001    0.068   -0.030    0.001   -0.000    0.101    0.015
 278.10    4.863    4.864    4.873   -0.115    0.303   -0.137   -0.115    0.303   -0.042    0.016   -0.035    0.062    0.028
 278.20    4.948    4.949    4.950   -0.108    0.093   -0.052   -0.108    0.093   -0.005    0.006   -0.010    0.011    0.006
 278.30    4.925    4.928    4.928    0.153   -0.044   -0.075    0.153   -0.044    0.003   -0.011   -0.007    0.015    0.007
 278.40    4.611    4.621    4.636    0.308   -0.373   -0.389    0.308   -0.373    0.145   -0.120   -0.115    0.193    0.110
 278.50    4.538    4.601    4.603    0.757   -0.133   -0.462    0.757   -0.133    0.061   -0.350   -0.101    0.402    0.185
 278.60    4.439    4.551    4.553    1.001    0.158   -0.561    1.001    0.158   -0.088   -0.562    0.158    0.671    0.295
 278.70    4.801    4.935    4.936    1.144    0.105   -0.199    1.144    0.105   -0.021   -0.228    0.120    0.680    0.129
 278.80    4.553    4.604    4.610    0.682    0.228   -0.447    0.682    0.228   -0.102   -0.305    0.156    0.358    0.178
 278.90    4.415    4.441    4.463    0.474    0.440   -0.585    0.474    0.440   -0.257   -0.277    0.209    0.380    0.216
 279.00    4.307    4.365    4.371    0.709    0.243   -0.693    0.709    0.243   -0.168   -0.491    0.172    0.521    0.273
 279.10    4.353    4.445    4.447    0.897    0.128   -0.647    0.897    0.128   -0.082   -0.580    0.114    0.620    0.299
 279.20    4.530    4.677    4.685    1.160    0.275   -0.470    1.160    0.275   -0.129   -0.545    0.319    0.821    0.322
 279.30    4.634    4.696    4.711    0.759    0.376   -0.366    0.759    0.376   -0.137   -0.277    0.285    0.425    0.210
 279.40    5.072    5.077    5.082    0.226    0.233    0.072    0.226    0.233    0.017    0.016    0.053    0.055    0.029
 279.50    4.823    4.845    4.866    0.462    0.443   -0.177    0.462    0.443   -0.078   -0.082    0.205    0.221    0.117
 279.60    4.505    4.513    4.558    0.267    0.639   -0.495    0.267    0.639   -0.316   -0.132    0.171    0.362    0.191
 279.70    4.683    4.686    4.729   -0.158    0.637   -0.317   -0.158    0.637   -0.202    0.050   -0.100    0.265    0.115
 279.80    4.920    4.926    4.931   -0.236    0.229   -0.080   -0.236    0.229   -0.018    0.019   -0.054    0.057    0.030
 279.90    5.282    5.301    5.302   -0.452   -0.088    0.282   -0.452   -0.088   -0.025   -0.127    0.040    0.146    0.068
 280.00    5.425    5.446    5.450   -0.479   -0.217    0.425   -0.479   -0.217   -0.092   -0.203    0.104    0.228    0.123
 280.10    5.531    5.557    5.562   -0.535   -0.223    0.531   -0.535   -0.223   -0.119   -0.284    0.120    0.309    0.165
 280.20    5.569    5.583    5.595   -0.402    0.362    0.569   -0.402    0.362    0.206   -0.229   -0.146    0.308    0.170
 280.30    5.816    5.820    5.832   -0.217    0.385    0.816   -0.217    0.385    0.314   -0.177   -0.084    0.430    0.185
 280.40    6.125    6.127    6.128   -0.131    0.139    1.125   -0.131    0.139    0.156   -0.147   -0.018    0.652    0.108
 280.50    6.236    6.274    6.277   -0.691   -0.211    1.236   -0.691   -0.211   -0.261   -0.854    0.146    1.024    0.452
 280.60    5.967    6.023    6.039   -0.820    0.430    0.967   -0.820    0.430    0.416   -0.793   -0.352    0.896    0.481
 280.70    5.499    5.551    5.558   -0.763    0.273    0.499   -0.763    0.273    0.136   -0.380   -0.208    0.453    0.227
 280.80    5.494    5.525    5.555   -0.587    0.572    0.494   -0.587    0.572    0.283   -0.290   -0.336    0.458    0.263
 280.90    5.560    5.619    5.660   -0.815    0.676    0.560   -0.815    0.676    0.378   -0.456   -0.550    0.717    0.404
 281.00    5.805    5.858    5.928   -0.785    0.910    0.805   -0.785    0.910    0.733   -0.632   -0.714    1.046    0.601
 281.10    5.891    6.004    6.064   -1.159    0.856    0.891   -1.159    0.856    0.763   -1.032   -0.992    1.434    0.811
 281.20    6.177    6.277    6.303   -1.120    0.569    1.177   -1.120    0.569    0.669   -1.318   -0.637    1.481    0.805
 281.30    6.044    6.109    6.171   -0.887    0.875    1.044   -0.887    0.875    0.914   -0.926   -0.776    1.321    0.757
 281.40    6.165    6.205    6.317   -0.704    1.183    1.165   -0.704    1.183    1.378   -0.820   -0.833    1.626    0.904
 281.50    6.549    6.606    6.684   -0.871    1.019    1.549   -0.871    1.019    1.579   -1.349   -0.888    2.098    1.129
 281.60    6.466    6.545    6.564   -1.013    0.499    1.466   -1.013    0.499    0.731   -1.485   -0.506    1.712    0.865
 281.70    6.342    6.431    6.447   -1.065    0.463    1.342   -1.065    0.463    0.622   -1.428   -0.493    1.574    0.817
 281.80    5.977    6.049    6.088   -0.926    0.690    0.977   -0.926    0.690    0.674   -0.905   -0.639    1.145    0.649
 281.90    6.176    6.209    6.237   -0.638    0.588    1.176   -0.638    0.588    0.692   -0.751   -0.375    1.069    0.544
 282.00    5.797    5.810    5.856   -0.399    0.732    0.797   -0.399    0.732    0.583   -0.318   -0.292    0.665    0.363
 282.10    5.607    5.638    5.755   -0.593    1.152    0.607   -0.593    1.152    0.699   -0.360   -0.683    1.023    0.521
 282.20    6.330    6.340    6.455   -0.344    1.215    1.330   -0.344    1.215    1.616   -0.457   -0.417    1.682    0.865
 282.30    6.395    6.399    6.497   -0.225    1.125    1.395   -0.225    1.125    1.569   -0.314   -0.253    1.631    0.810
 282.40    6.205    6.211    6.328   -0.266    1.215    1.205   -0.266    1.215    1.463   -0.321   -0.323    1.499    0.766
 282.50    5.811    5.812    5.933   -0.142    1.188    0.811   -0.142    1.188    0.963   -0.115   -0.168    1.044    0.492
 282.60    5.970    5.975    6.074    0.261    1.092    0.970    0.261    1.092    1.059    0.253    0.285    1.100    0.563
 282.70    5.726    5.727    5.753    0.075    0.548    0.726    0.075    0.548    0.398    0.055    0.041    0.417    0.202
 282.80    5.608    5.608    5.631    0.027    0.511    0.608    0.027    0.511    0.311    0.016    0.014    0.316    0.156
 282.90    5.482    5.483    5.537    0.117    0.768    0.482    0.117    0.768    0.370    0.056    0.090    0.418    0.193
 283.00    5.405    5.415    5.507    0.331    1.002    0.405    0.331    1.002    0.406    0.134    0.331    0.639    0.271
 283.10    5.143    5.157    5.285    0.378    1.157    0.143    0.378    1.157    0.166    0.054    0.438    0.751    0.236
 283.20    5.174    5.186    5.277    0.357    0.972    0.174    0.357    0.972    0.169    0.062    0.347    0.551    0.195
 283.30    5.198    5.219    5.239    0.471    0.456    0.198    0.471    0.456    0.090    0.093    0.215    0.235    0.125
 283.40    5.179    5.216    5.277    0.620    0.800    0.179    0.620    0.800    0.143    0.111    0.496    0.528    0.264
 283.50    5.563    5.792    5.806    1.613    0.396    0.563    1.613    0.396    0.223    0.909    0.638    1.538    0.566
 283.60    5.552    5.669    5.729    1.144    0.829    0.552    1.144    0.829    0.458    0.632    0.948    1.150    0.614
 283.70    5.678    5.749    5.839    0.898    1.023    0.678    0.898    1.023    0.694    0.609    0.918    1.156    0.651
 283.80    5.358    5.460    5.524    1.052    0.841    0.358    1.052    0.841    0.301    0.376    0.885    0.971    0.504
 283.90    4.590    4.797    4.858    1.393    0.771   -0.410    1.393    0.771   -0.316   -0.571    1.073    1.351    0.628
 284.00    4.938    5.011    5.096    0.851    0.925   -0.062    0.851    0.925   -0.057   -0.053    0.787    0.792    0.396
 284.10    5.349    5.416    5.466    0.850    0.743    0.349    0.850    0.743    0.259    0.296    0.632    0.698    0.372
 284.20    5.314    5.452    5.488    1.218    0.634    0.314    1.218    0.634    0.199    0.382    0.773    0.993    0.442
 284.30    5.412    5.589    5.621    1.395    0.597    0.412    1.395    0.597    0.246    0.575    0.832    1.235    0.520
 284.40    5.124    5.310    5.314    1.393    0.209    0.124    1.393    0.209    0.026    0.173    0.292    1.000    0.170
 284.50    4.967    5.175    5.214    1.452    0.639   -0.033    1.452    0.639   -0.021   -0.048    0.928    1.259    0.465
 284.60    5.099    5.179    5.195    0.908    0.415    0.099    0.908    0.415    0.041    0.090    0.377    0.503    0.195
 284.70    5.487    5.558    5.583    0.889    0.525    0.487    0.889    0.525    0.256    0.433    0.467    0.652    0.343
 284.80    5.308    5.436    5.450    1.175    0.380    0.308    1.175    0.380    0.117    0.362    0.446    0.810    0.293
 284.90    4.954    5.063    5.088    1.045    0.505   -0.046    1.045    0.505   -0.023   -0.048    0.528    0.675    0.265
 285.00    4.673    4.754    4.788    0.875    0.571   -0.327    0.875    0.571   -0.187   -0.286    0.499    0.599    0.302
 285.10    4.715    4.889    4.945    1.293    0.742   -0.285    1.293    0.742   -0.211   -0.368    0.959    1.151    0.524
 285.20    4.851    5.076    5.096    1.493    0.457   -0.149    1.493    0.457   -0.068   -0.222    0.683    1.230    0.361
 285.30    5.312    5.405    5.413    0.997    0.287    0.312    0.997    0.287    0.090    0.311    0.286    0.587    0.216
 285.40    5.419    5.550    5.556    1.197    0.251    0.419    1.197    0.251    0.105    0.502    0.300    0.835    0.297
 285.50    5.337    5.488    5.503    1.279    0.409    0.337    1.279    0.409    0.138    0.431    0.524    0.959    0.346
 285.60    5.277    5.483    5.497    1.486    0.393    0.277    1.486    0.393    0.109    0.412    0.584    1.220    0.362
 285.70    5.080    5.377    5.379    1.761    0.172    0.080    1.761    0.172    0.014    0.141    0.303    1.569    0.167
 285.80    4.728    4.983    4.989    1.575    0.232   -0.272    1.575    0.232   -0.063   -0.429    0.366    1.305    0.284
 285.90    4.699    4.994    4.998    1.689    0.208   -0.301    1.689    0.208   -0.063   -0.508    0.352    1.494    0.311
 286.00    4.527    4.873    4.876    1.805    0.176   -0.473    1.805    0.176   -0.083   -0.854    0.317    1.756    0.458
 286.10    4.561    4.818    4.830    1.551    0.349   -0.439    1.551    0.349   -0.153   -0.681    0.542    1.360    0.442
 286.20    4.649    4.909    4.912    1.577    0.166   -0.351    1.577    0.166   -0.058   -0.554    0.262    1.319    0.308
 286.30    4.333    4.548    4.548    1.383   -0.003   -0.667    1.383   -0.003    0.002   -0.922   -0.004    1.179    0.461
 286.40    4.297    4.582    4.582    1.591    0.060   -0.703    1.591    0.060   -0.042   -1.119    0.096    1.514    0.562
 286.50    4.546    4.880    4.885    1.775    0.201   -0.454    1.775    0.201   -0.091   -0.805    0.356    1.698    0.443
 286.60    4.750    4.907    4.907    1.230    0.078   -0.250    1.230    0.078   -0.019   -0.308    0.096    0.791    0.161
 286.70    4.790    4.915    4.928    1.101    0.358   -0.210    1.101    0.358   -0.075   -0.232    0.395    0.693    0.232
 286.80    4.912    4.937    4.946    0.503    0.289   -0.088    0.503    0.289   -0.025   -0.044    0.145    0.172    0.077
 286.90    5.099    5.110    5.111    0.333    0.091    0.099    0.333    0.091    0.009    0.033    0.030    0.064    0.023
 287.00    5.312    5.322    5.324    0.319   -0.146    0.312    0.319   -0.146   -0.046    0.100   -0.047    0.110    0.060
 287.10    5.450    5.488    5.489    0.646   -0.042    0.450    0.646   -0.042   -0.019    0.291   -0.027    0.311    0.146
 287.20    5.228    5.299    5.300    0.866   -0.043    0.228    0.866   -0.043   -0.010    0.198   -0.037    0.402    0.101
 287.30    5.175    5.208    5.210    0.587   -0.127    0.175    0.587   -0.127   -0.022    0.103   -0.075    0.196    0.064
 287.40    5.252    5.266    5.277    0.390   -0.335    0.252    0.390   -0.335   -0.084    0.098   -0.131    0.164    0.092
 287.50    5.416    5.425    5.443    0.317   -0.437    0.416    0.317   -0.437   -0.182    0.132   -0.139    0.233    0.132
 287.60    5.693    5.693    5.702    0.082   -0.323    0.693    0.082   -0.323   -0.223    0.057   -0.026    0.295    0.116
 287.70    5.608    5.612    5.635    0.221   -0.513    0.608    0.221   -0.513   -0.312    0.134   -0.113    0.341    0.179
 287.80    5.792    5.797    5.813   -0.238   -0.431    0.792   -0.238   -0.431   -0.341   -0.189    0.103    0.435    0.201
 287.90    5.908    5.913    5.954   -0.240   -0.697    0.908   -0.240   -0.697   -0.633   -0.218    0.167    0.684    0.345
 288.00    5.863    5.883    5.958   -0.473   -0.943    0.863   -0.473   -0.943   -0.814   -0.408    0.446    0.929    0.507
 288.10    5.491    5.501    5.546   -0.333   -0.705    0.491   -0.333   -0.705   -0.346   -0.164    0.235    0.425    0.225
 288.20    5.548    5.561    5.564   -0.369   -0.183    0.548   -0.369   -0.183   -0.100   -0.202    0.067    0.235    0.118
 288.30    5.437    5.455    5.461   -0.435   -0.259    0.437   -0.435   -0.259   -0.113   -0.190    0.113    0.224    0.124
 288.40    5.614    5.623    5.633   -0.316   -0.337    0.614   -0.316   -0.337   -0.207   -0.194    0.107    0.295    0.152
 288.50    5.948    6.017    6.032   -0.910   -0.419    0.948   -0.910   -0.419   -0.397   -0.863    0.381    0.951    0.512
 288.60    5.669    5.728    5.736   -0.815   -0.309    0.669   -0.815   -0.309   -0.207   -0.546    0.252    0.604    0.318
 288.70    5.731    5.758    5.771   -0.562   -0.390    0.731   -0.562   -0.390   -0.285   -0.410    0.219    0.501    0.273
 288.80    5.767    5.770    5.778   -0.199   -0.298    0.767   -0.199   -0.298   -0.229   -0.153    0.059    0.358    0.141
 288.90    5.630    5.644    5.644   -0.398   -0.049    0.630   -0.398   -0.049   -0.031   -0.250    0.020    0.279    0.127
 289.00    5.609    5.609    5.611    0.034    0.153    0.609    0.034    0.153    0.093    0.020    0.005    0.198    0.048
 289.10    5.961    5.967    5.981   -0.264    0.418    0.961   -0.264    0.418    0.401   -0.254   -0.110    0.584    0.244
 289.20    6.228    6.228    6.231   -0.065    0.190    1.228   -0.065    0.190    0.233   -0.080   -0.012    0.774    0.123
 289.30    6.207    6.209    6.231   -0.147    0.523    1.207   -0.147    0.523    0.632   -0.178   -0.077    0.876    0.330
 289.40    6.025    6.047    6.096    0.523    0.773    1.025    0.523    0.773    0.792    0.536    0.404    0.960    0.519
 289.50    6.195    6.203    6.242    0.304    0.700    1.195    0.304    0.700    0.836    0.364    0.213    1.005    0.468
 289.60    6.091    6.091    6.149    0.028    0.844    1.091    0.028    0.844    0.921    0.031    0.024    0.952    0.461
 289.70    5.981    5.981    6.064    0.029    1.000    0.981    0.029    1.000    0.981    0.028    0.029    0.982    0.491
 289.80    6.175    6.177    6.264    0.142    1.039    1.175    0.142    1.039    1.222    0.167    0.148    1.241    0.621
 289.90    6.402    6.405    6.463   -0.196    0.868    1.402   -0.196    0.868    1.217   -0.275   -0.170    1.378    0.629
 290.00    6.299    6.306    6.345   -0.310    0.702    1.299   -0.310    0.702    0.912   -0.402   -0.218    1.138    0.510
 290.10    6.107    6.107    6.189   -0.005    0.999    1.107   -0.005    0.999    1.106   -0.006   -0.005    1.112    0.553
 290.20    6.018    6.050    6.084    0.620    0.647    1.018    0.620    0.647    0.659    0.631    0.402    0.920    0.499
 290.30    6.198    6.214    6.230    0.439    0.450    1.198    0.439    0.450    0.539    0.526    0.198    0.915    0.389
 290.40    6.324    6.324    6.344    0.008    0.511    1.324    0.008    0.511    0.677    0.010    0.004    1.007    0.338
 290.50    6.300    6.305    6.343   -0.258    0.689    1.300   -0.258    0.689    0.896   -0.336   -0.178    1.116    0.487
 290.60    6.044    6.057    6.158   -0.393    1.111    1.044   -0.393    1.111    1.160   -0.410   -0.436    1.239    0.653
 290.70    6.210    6.232    6.318   -0.521    1.038    1.210   -0.521    1.038    1.256   -0.630   -0.541    1.407    0.753
 290.80    6.428    6.466    6.549   -0.705    1.035    1.428   -0.705    1.035    1.478   -1.007   -0.730    1.804    0.966
 290.90    6.658    6.666    6.763   -0.322    1.143    1.658   -0.322    1.143    1.895   -0.534   -0.368    2.080    1.002
 291.00    6.598    6.608    6.719   -0.364    1.216    1.598   -0.364    1.216    1.943   -0.582   -0.443    2.082    1.038
 291.10    6.445    6.453    6.516   -0.319    0.905    1.445   -0.319    0.905    1.308   -0.460   -0.288    1.504    0.708
 291.20    6.477    6.517    6.543   -0.721    0.580    1.477   -0.721    0.580    0.857   -1.065   -0.418    1.519    0.715
 291.30    6.055    6.110    6.132   -0.812    0.525    1.055   -0.812    0.525    0.554   -0.857   -0.426    1.024    0.553
 291.40    6.269    6.323    6.340   -0.821    0.464    1.269   -0.821    0.464    0.589   -1.043   -0.381    1.251    0.629
 291.50    6.444    6.515    6.591   -0.965    0.992    1.444   -0.965    0.992    1.433   -1.393   -0.958    2.000    1.108
 291.60    6.557    6.650    6.787   -1.111    1.354    1.557   -1.111    1.354    2.108   -1.729   -1.503    2.745    1.557
 291.70    6.351    6.408    6.497   -0.853    1.072    1.351   -0.853    1.072    1.449   -1.153   -0.915    1.852    1.033
 291.80    6.299    6.320    6.407   -0.519    1.050    1.299   -0.519    1.050    1.364   -0.674   -0.545    1.530    0.808
 291.90    5.746    5.759    5.784   -0.389    0.543    0.746   -0.389    0.543    0.405   -0.290   -0.211    0.501    0.271
 292.00    5.948    5.970    5.993   -0.511    0.522    0.948   -0.511    0.522    0.495   -0.485   -0.267    0.717    0.371
 292.10    6.019    6.025    6.031   -0.266    0.253    1.019   -0.266    0.253    0.258   -0.271   -0.067    0.587    0.190
 292.20    5.866    5.866    5.868   -0.059    0.140    0.866   -0.059    0.140    0.122   -0.051   -0.008    0.386    0.066
 292.30    5.873    5.873    5.874   -0.054   -0.040    0.873   -0.054   -0.040   -0.035   -0.047    0.002    0.383    0.029
 292.40    6.046    6.054    6.054    0.313    0.021    1.046    0.313    0.021    0.022    0.328    0.007    0.596    0.164
 292.50    5.759    5.792    5.792    0.616    0.033    0.759    0.616    0.033    0.025    0.468    0.021    0.479    0.235
 292.60    5.976    6.045    6.045    0.914   -0.008    0.976    0.914   -0.008   -0.007    0.892   -0.007    0.894    0.446
 292.70    5.925    5.974    5.975    0.770   -0.087    0.925    0.770   -0.087   -0.081    0.712   -0.067    0.728    0.360
 292.80    5.940    5.981    5.985    0.703   -0.206    0.940    0.703   -0.206   -0.194    0.661   -0.145    0.710    0.352
 292.90    5.825    5.887    5.888    0.857   -0.099    0.825    0.857   -0.099   -0.082    0.707   -0.085    0.712    0.358
 293.00    5.743    5.829    5.835    0.999    0.257    0.743    0.999    0.257    0.191    0.742    0.257    0.808    0.404
 293.10    5.983    6.108    6.117    1.229   -0.340    0.983    1.229   -0.340   -0.334    1.207   -0.418    1.295    0.660
 293.20    5.980    6.056    6.065    0.954   -0.331    0.980    0.954   -0.331   -0.325    0.935   -0.316    0.990    0.520
 293.30    5.792    5.859    5.868    0.881   -0.332    0.792    0.881   -0.332   -0.263    0.698   -0.292    0.757    0.400
 293.40    5.985    6.039    6.041    0.800   -0.179    0.985    0.800   -0.179   -0.177    0.788   -0.143    0.821    0.410
 293.50    5.990    6.048    6.050    0.832   -0.175    0.990    0.832   -0.175   -0.173    0.824   -0.146    0.851    0.427
 293.60    5.869    5.928    5.937    0.834   -0.336    0.869    0.834   -0.336   -0.292    0.725   -0.280    0.782    0.415
 293.70    6.127    6.212    6.231    1.024   -0.489    1.127    1.024   -0.489   -0.551    1.154   -0.500    1.278    0.686
 293.80    6.095    6.154    6.158    0.853   -0.199    1.095    0.853   -0.199   -0.218    0.934   -0.170    0.983    0.487
 293.90    5.721    5.776    5.777    0.798    0.118    0.721    0.798    0.118    0.085    0.575    0.094    0.585    0.294
 294.00    5.500    5.538    5.560    0.652    0.495    0.500    0.652    0.495    0.247    0.326    0.323    0.460    0.261
 294.10    5.496    5.512    5.517    0.423    0.233    0.496    0.423    0.233    0.116    0.210    0.099    0.240    0.129
 294.20    5.472    5.475    5.489    0.179    0.396    0.472    0.179    0.396    0.187    0.085    0.071    0.206    0.108
 294.30    5.299    5.299    5.325   -0.063    0.522    0.299   -0.063    0.522    0.156   -0.019   -0.033    0.183    0.080
 294.40    5.734    5.745    5.801    0.361    0.806    0.734    0.361    0.806    0.591    0.265    0.291    0.659    0.355
 294.50    5.910    5.911    5.962    0.089    0.780    0.910    0.089    0.780    0.710    0.081    0.069    0.722    0.359
 294.60    6.038    6.038    6.044    0.041    0.260    1.038    0.041    0.260    0.269    0.043    0.011    0.574    0.137
 294.70    5.980    5.981    6.014    0.064    0.630    0.980    0.064    0.630    0.617    0.062    0.040    0.681    0.311
 294.80    6.171    6.178    6.205    0.280    0.582    1.171    0.280    0.582    0.682    0.328    0.163    0.895    0.387
 294.90    5.873    5.886    5.895    0.389    0.320    0.873    0.389    0.320    0.280    0.339    0.125    0.508    0.229
 295.00    6.372    6.404    6.405    0.643    0.088    1.372    0.643    0.088    0.121    0.882    0.057    1.152    0.446
 295.10    6.255    6.270    6.274    0.435    0.225    1.255    0.435    0.225    0.282    0.546    0.098    0.907    0.311
 295.20    6.343    6.345    6.347    0.147    0.180    1.343    0.147    0.180    0.242    0.197    0.026    0.929    0.157
 295.30    6.346    6.355    6.360    0.348    0.240    1.346    0.348    0.240    0.323    0.468    0.083    0.995    0.287
 295.40    6.336    6.367    6.378    0.632    0.380    1.336    0.632    0.380    0.508    0.844    0.240    1.164    0.507
 295.50    6.553    6.575    6.577    0.532    0.181    1.553    0.532    0.181    0.281    0.826    0.096    1.364    0.439
 295.60    6.181    6.190    6.197    0.337    0.297    1.181    0.337    0.297    0.351    0.398    0.100    0.798    0.270
 295.70    6.335    6.336    6.342    0.123    0.277    1.335    0.123    0.277    0.370    0.164    0.034    0.937    0.203
 295.80    6.121    6.162    6.163    0.711   -0.084    1.121    0.711   -0.084   -0.094    0.797   -0.060    0.884    0.402
 295.90    6.104    6.148    6.150    0.734   -0.160    1.104    0.734   -0.160   -0.177    0.810   -0.118    0.891    0.419
 296.00    5.892    5.923    5.923    0.608    0.034    0.892    0.608    0.034    0.031    0.542    0.021    0.583    0.272
 296.10    5.596    5.646    5.646    0.751   -0.062    0.596    0.751   -0.062   -0.037    0.447   -0.046    0.461    0.226
 296.20    5.773    5.846    5.878    0.916   -0.616    0.773    0.916   -0.616   -0.477    0.708   -0.564    0.908    0.512
 296.30    5.840    5.967    6.023    1.224   -0.820    0.840    1.224   -0.820   -0.688    1.028   -1.003    1.437    0.796
 296.40    5.860    6.130    6.161    1.799   -0.610    0.860    1.799   -0.610   -0.525    1.548   -1.097    2.175    0.984
 296.50    5.626    5.912    5.928    1.815   -0.440    0.626    1.815   -0.440   -0.276    1.136   -0.799    1.941    0.708
 296.60    5.436    5.795    5.810    2.006   -0.425    0.436    2.006   -0.425   -0.185    0.875   -0.852    2.198    0.618
 296.70    5.243    5.542    5.576    1.795   -0.622    0.243    1.795   -0.622   -0.151    0.436   -1.117    1.834    0.604
 296.80    4.856    5.129    5.142    1.653   -0.367   -0.144    1.653   -0.367    0.053   -0.239   -0.607    1.444    0.327
 296.90    4.733    5.076    5.108    1.834   -0.565   -0.267    1.834   -0.565    0.151   -0.489   -1.037    1.877    0.578
 297.00    5.041    5.376    5.411    1.869   -0.611    0.041    1.869   -0.611   -0.025    0.077   -1.142    1.934    0.572
 297.10    5.265    5.623    5.632    1.974   -0.318    0.265    1.974   -0.318   -0.084    0.524   -0.627    2.034    0.411
 297.20    5.500    5.872    5.895    2.057   -0.517    0.500    2.057   -0.517   -0.259    1.029   -1.064    2.374    0.751
 297.30    5.674    5.948    5.968    1.785   -0.483    0.674    1.785   -0.483   -0.326    1.203   -0.862    1.937    0.758
 297.40    5.572    5.864    5.875    1.828   -0.366    0.572    1.828   -0.366   -0.209    1.045   -0.668    1.901    0.629
 297.50    5.357    5.566    5.580    1.511   -0.393    0.357    1.511   -0.393   -0.141    0.540   -0.595    1.283    0.408
 297.60    5.208    5.581    5.584    2.004   -0.182    0.208    2.004   -0.182   -0.038    0.418   -0.365    2.047    0.278
 297.70    5.709    6.087    6.088    2.112    0.109    0.709    2.112    0.109    0.077    1.497    0.230    2.488    0.758
 297.80    5.893    6.293    6.294    2.206   -0.109    0.893    2.206   -0.109   -0.097    1.971   -0.240    2.839    0.994
 297.90    5.283    5.500    5.504    1.530   -0.223    0.283    1.530   -0.223   -0.063    0.433   -0.341    1.235    0.277
 298.00    5.326    5.466    5.471    1.229    0.229    0.326    1.229    0.229    0.075    0.401    0.281    0.835    0.248
 298.10    5.224    5.451    5.453    1.556    0.161    0.224    1.556    0.161    0.036    0.349    0.251    1.249    0.216
 298.20    5.340    5.542    5.553    1.480    0.362    0.340    1.480    0.362    0.123    0.504    0.536    1.219    0.373
 298.30    5.660    5.814    5.823    1.330    0.322    0.660    1.330    0.322    0.213    0.878    0.428    1.155    0.500
 298.40    5.510    5.616    5.621    1.086    0.233    0.510    1.086    0.233    0.119    0.554    0.253    0.747    0.310
 298.50    5.280    5.327    5.331    0.705    0.212    0.280    0.705    0.212    0.059    0.197    0.150    0.310    0.127
 298.60    5.230    5.294    5.301    0.817    0.268    0.230    0.817    0.268    0.062    0.188    0.219    0.396    0.148
 298.70    4.935    5.019    5.025    0.918    0.234   -0.065    0.918    0.234   -0.015   -0.060    0.215    0.450    0.112
 298.80    4.963    5.120    5.133    1.261    0.359   -0.037    1.261    0.359   -0.013   -0.047    0.452    0.860    0.228
 298.90    5.135    5.237    5.243    1.027    0.247    0.135    1.027    0.247    0.033    0.139    0.254    0.567    0.146
 299.00    4.748    4.789    4.793    0.627    0.204   -0.252    0.627    0.204   -0.051   -0.158    0.128    0.249    0.105
 299.10    4.929    4.929    4.938    0.056    0.307   -0.071    0.056    0.307   -0.022   -0.004    0.017    0.051    0.014
 299.20    5.244    5.246    5.266    0.139    0.462    0.244    0.139    0.462    0.113    0.034    0.064    0.146    0.067
 299.30    4.916    4.931    4.950   -0.389    0.428   -0.084   -0.389    0.428   -0.036    0.033   -0.167    0.171    0.087
 299.40    5.147    5.212    5.213   -0.820   -0.116    0.147   -0.820   -0.116   -0.017   -0.120    0.095    0.354    0.077
 299.50    4.917    4.978    4.978   -0.774    0.069   -0.083   -0.774    0.069   -0.006    0.064   -0.054    0.305    0.042
 299.60    4.823    4.864    4.864   -0.629   -0.047   -0.177   -0.629   -0.047    0.008    0.111    0.029    0.214    0.058
 299.70    4.675    4.704    4.704   -0.520   -0.035   -0.325   -0.520   -0.035    0.011    0.169    0.018    0.189    0.085
 299.80    4.801    4.812    4.813   -0.330   -0.086   -0.199   -0.330   -0.086    0.017    0.066    0.028    0.078    0.037
 299.90    4.586    4.647    4.648   -0.749    0.083   -0.414   -0.749    0.083   -0.034    0.310   -0.062    0.370    0.159
 300.00    4.423    4.530    4.569   -0.979   -0.592   -0.577   -0.979   -0.592    0.341    0.565    0.579    0.821    0.439
 300.10    4.662    4.878    4.931   -1.435   -0.722   -0.338   -1.435   -0.722    0.244    0.485    1.037    1.347    0.585
 300.20    5.097    5.279    5.318   -1.376   -0.642    0.097   -1.376   -0.642   -0.062   -0.133    0.883    1.157    0.448
 300.30    5.309    5.500    5.505   -1.439   -0.212    0.309   -1.439   -0.212   -0.065   -0.445    0.305    1.105    0.271
 300.40    4.881    4.974    4.989   -0.955   -0.393   -0.119   -0.955   -0.393    0.047    0.114    0.375    0.540    0.197
 300.50    4.453    4.481    4.523   -0.502   -0.614   -0.547   -0.502   -0.614    0.336    0.275    0.309    0.465    0.266
 300.60    4.499    4.505    4.600   -0.225   -0.930   -0.501   -0.225   -0.930    0.466    0.113    0.210    0.584    0.262
 300.70    4.694    4.744    4.845   -0.685   -0.986   -0.306   -0.685   -0.986    0.302    0.210    0.676    0.768    0.385
 300.80    5.098    5.114    5.239   -0.408   -1.133    0.098   -0.408   -1.133   -0.111   -0.040    0.462    0.730    0.238
 300.90    4.695    4.696    4.842   -0.052   -1.182   -0.305   -0.052   -1.182    0.360    0.016    0.062    0.747    0.183
 301.00    4.721    4.721    4.766    0.021   -0.650   -0.279    0.021   -0.650    0.181   -0.006   -0.013    0.251    0.091
 301.10    4.743    4.743    4.759   -0.063   -0.380   -0.257   -0.063   -0.380    0.098    0.016    0.024    0.107    0.051
 301.20    4.979    4.979    5.021   -0.058   -0.644   -0.021   -0.058   -0.644    0.014    0.001    0.037    0.209    0.020
 301.30    4.677    4.677    4.686   -0.010   -0.291   -0.323   -0.010   -0.291    0.094    0.003    0.003    0.095    0.047
 301.40    4.714    4.717    4.735    0.169   -0.415   -0.286    0.169   -0.415    0.119   -0.048   -0.070    0.142    0.073
 301.50    4.955    4.979    4.987    0.489   -0.290   -0.045    0.489   -0.290    0.013   -0.022   -0.141    0.162    0.072
 301.60    4.984    4.984    5.043    0.088   -0.770   -0.016    0.088   -0.770    0.013   -0.001   -0.068    0.300    0.034
 301.70    5.176    5.190    5.210    0.377   -0.455    0.176    0.377   -0.455   -0.080    0.066   -0.172    0.190    0.100
 301.80    5.011    5.011    5.110    0.005   -0.998    0.011    0.005   -0.998   -0.011    0.000   -0.005    0.498    0.006
 301.90    4.834    4.852    4.864   -0.425   -0.338   -0.166   -0.425   -0.338    0.056    0.071    0.144    0.161    0.085
 302.00    4.664    4.664    4.670   -0.057    0.242   -0.336   -0.057    0.242   -0.081    0.019   -0.014    0.088    0.042
 302.10    4.503    4.506    4.514    0.156    0.281   -0.497    0.156    0.281   -0.140   -0.077    0.044    0.175    0.083
 302.20    4.320    4.335    4.361    0.351    0.477   -0.680    0.351    0.477   -0.324   -0.238    0.167    0.406    0.218
 302.30    4.208    4.250    4.262    0.597    0.321   -0.792    0.597    0.321   -0.254   -0.473    0.191    0.543    0.285
 302.40    3.976    4.020    4.033    0.597    0.322   -1.024    0.597    0.322   -0.329   -0.612    0.192    0.754    0.360
 302.50    4.223    4.294    4.296    0.777    0.134   -0.777    0.777    0.134   -0.104   -0.604    0.104    0.613    0.311
 302.60    4.354    4.452    4.454    0.932   -0.106   -0.646    0.932   -0.106    0.068   -0.602   -0.098    0.648    0.307
 302.70    4.183    4.281    4.288    0.909   -0.250   -0.817    0.909   -0.250    0.204   -0.742   -0.228    0.778    0.401
 302.80    4.319    4.459    4.465    1.109   -0.224   -0.681    1.109   -0.224    0.152   -0.755   -0.248    0.872    0.405
 302.90    4.520    4.644    4.644    1.065   -0.012   -0.480    1.065   -0.012    0.006   -0.512   -0.013    0.683    0.256
 303.00    4.831    5.193    5.193    1.905    0.069   -0.169    1.905    0.069   -0.012   -0.323    0.131    1.832    0.174
 303.10    4.746    5.055    5.063    1.741    0.266   -0.254    1.741    0.266   -0.068   -0.442    0.464    1.583    0.322
 303.20    4.589    4.881    4.908    1.664    0.520   -0.411    1.664    0.520   -0.214   -0.684    0.864    1.603    0.562
 303.30    4.652    4.957    5.014    1.714    0.754   -0.348    1.714    0.754   -0.263   -0.597    1.293    1.814    0.724
 303.40    4.679    4.853    4.904    1.288    0.704   -0.321    1.288    0.704   -0.226   -0.413    0.907    1.129    0.511
 303.50    4.478    4.669    4.679    1.325    0.298   -0.522    1.325    0.298   -0.155   -0.692    0.394    1.058    0.406
 303.60    4.657    4.912    4.979    1.562    0.814   -0.343    1.562    0.814   -0.279   -0.535    1.271    1.609    0.703
 303.70    4.899    5.115    5.178    1.469    0.808   -0.101    1.469    0.808   -0.081   -0.148    1.187    1.411    0.600
 303.80    4.770    4.988    5.075    1.457    0.939   -0.230    1.457    0.939   -0.216   -0.335    1.368    1.528    0.712
 303.90    4.806    5.155    5.343    1.863    1.406   -0.194    1.863    1.406   -0.273   -0.361    2.619    2.743    1.329
 304.00    4.693    4.945    5.114    1.558    1.305   -0.307    1.558    1.305   -0.401   -0.479    2.033    2.112    1.063
 304.10    4.556    4.669    4.736    1.021    0.796   -0.444    1.021    0.796   -0.354   -0.453    0.813    0.937    0.498
 304.20    4.482    4.548    4.594    0.777    0.642   -0.518    0.777    0.642   -0.333   -0.403    0.499    0.642    0.361
 304.30    4.378    4.461    4.483    0.856    0.447   -0.622    0.856    0.447   -0.278   -0.532    0.383    0.660    0.356
 304.40    4.381    4.622    4.657    1.472    0.571   -0.619    1.472    0.571   -0.354   -0.911    0.841    1.438    0.645
 304.50    4.257    4.623    4.630    1.803    0.250   -0.743    1.803    0.250   -0.186   -1.339    0.452    1.932    0.713
 304.60    4.409    4.810    4.811    1.923    0.094   -0.591    1.923    0.094   -0.056   -1.136    0.181    2.027    0.576
 304.70    4.421    4.786    4.788    1.836    0.113   -0.579    1.836    0.113   -0.066   -1.064    0.208    1.859    0.543
 304.80    4.371    4.870    4.876    2.147    0.245   -0.629    2.147    0.245   -0.154   -1.350    0.526    2.532    0.728
 304.90    4.604    4.912    4.914    1.711   -0.158   -0.396    1.711   -0.158    0.062   -0.678   -0.270    1.556    0.366
 305.00    4.317    4.689    4.692    1.830   -0.165   -0.683    1.830   -0.165    0.113   -1.249   -0.302    1.921    0.645
 305.10    4.258    4.493    4.497    1.433   -0.202   -0.742    1.433   -0.202    0.150   -1.063   -0.290    1.322    0.556
 305.20    4.353    4.498    4.499    1.133   -0.075   -0.647    1.133   -0.075    0.049   -0.733   -0.085    0.854    0.370
 305.30    4.363    4.480    4.494    1.018   -0.353   -0.637    1.018   -0.353    0.225   -0.649   -0.359    0.783    0.387
 305.40    4.480    4.531    4.537    0.678    0.234   -0.520    0.678    0.234   -0.122   -0.353    0.159    0.392    0.203
 305.50    4.687    4.765    4.795    0.860    0.536   -0.313    0.860    0.536   -0.168   -0.270    0.461    0.563    0.280
 305.60    4.664    4.710    4.714    0.656    0.204   -0.336    0.656    0.204   -0.068   -0.221    0.134    0.292    0.133
 305.70    4.612    4.702    4.703    0.912    0.086   -0.388    0.912    0.086   -0.033   -0.354    0.078    0.495    0.182
 305.80    4.667    4.795    4.799    1.103   -0.194   -0.333    1.103   -0.194    0.065   -0.367   -0.214    0.682    0.215
 305.90    4.426    4.546    4.553    1.037    0.251   -0.574    1.037    0.251   -0.144   -0.596    0.260    0.734    0.333
 306.00    4.173    4.343    4.372    1.204    0.502   -0.827    1.204    0.502   -0.415   -0.996    0.604    1.192    0.618
 306.10    4.096    4.331    4.360    1.405    0.506   -0.904    1.405    0.506   -0.457   -1.270    0.711    1.524    0.763
 306.20    4.122    4.325    4.345    1.307    0.415   -0.878    1.307    0.415   -0.365   -1.147    0.543    1.326    0.660
 306.30    4.751    4.886    4.919    1.143    0.564   -0.249    1.143    0.564   -0.141   -0.285    0.645    0.843    0.359
 306.40    4.687    4.798    4.846    1.027    0.684   -0.313    1.027    0.684   -0.214   -0.322    0.703    0.811    0.401
 306.50    4.816    4.840    4.869    0.486    0.532   -0.184    0.486    0.532   -0.098   -0.089    0.259    0.277    0.145
 306.60    4.739    4.789    4.789    0.685    0.026   -0.261    0.685    0.026   -0.007   -0.179    0.018    0.269    0.090
 306.70    4.598    4.690    4.706    0.925    0.382   -0.402    0.925    0.382   -0.153   -0.372    0.353    0.581    0.268
 306.80    4.790    4.865    4.901    0.851    0.598   -0.210    0.851    0.598   -0.126   -0.179    0.509    0.563    0.277
 306.90    4.833    4.863    4.933    0.542    0.828   -0.167    0.542    0.828   -0.139   -0.091    0.449    0.504    0.239
 307.00    4.977    5.129    5.164    1.237    0.603   -0.023    1.237    0.603   -0.014   -0.028    0.747    0.948    0.374
 307.10    5.278    5.316    5.361    0.627    0.695    0.278    0.627    0.695    0.193    0.175    0.436    0.477    0.254
 307.20    5.266    5.279    5.350    0.372    0.870    0.266    0.372    0.870    0.231    0.099    0.323    0.483    0.205
 307.30    5.319    5.326    5.374    0.263    0.717    0.319    0.263    0.717    0.229    0.084    0.188    0.342    0.154
 307.40    5.039    5.040    5.104    0.115    0.807    0.039    0.115    0.807    0.031    0.004    0.093    0.333    0.049
 307.50    4.875    4.875    4.947   -0.026    0.837   -0.125   -0.026    0.837   -0.104    0.003   -0.021    0.358    0.053
 307.60    4.610    4.611    4.704   -0.065    0.931   -0.390   -0.065    0.931   -0.363    0.025   -0.061    0.511    0.184
 307.70    4.721    4.728    4.834    0.254    1.005   -0.279    0.254    1.005   -0.280   -0.071    0.255    0.576    0.193
 307.80    4.627    4.651    4.820    0.470    1.264   -0.373    0.470    1.264   -0.471   -0.175    0.595    0.979    0.389
 307.90    4.515    4.585    4.764    0.799    1.292   -0.485    0.799    1.292   -0.626   -0.387    1.032    1.272    0.634
 308.00    4.199    4.286    4.377    0.859    0.886   -0.801    0.859    0.886   -0.710   -0.688    0.761    1.082    0.624
 308.10    4.485    4.598    4.704    1.011    0.995   -0.515    1.011    0.995   -0.512   -0.520    1.006    1.138    0.621
 308.20    4.887    4.984    5.100    0.981    1.079   -0.113    0.981    1.079   -0.122   -0.111    1.059    1.070    0.536
 308.30    4.903    4.942    4.988    0.619    0.677   -0.097    0.619    0.677   -0.066   -0.060    0.420    0.426    0.215
 308.40    5.281    5.327    5.359    0.700    0.579    0.281    0.700    0.579    0.163    0.197    0.405    0.452    0.239
 308.50    5.196    5.252    5.277    0.764    0.514    0.196    0.764    0.514    0.101    0.150    0.393    0.443    0.216
 308.60    5.064    5.095    5.103    0.568    0.282    0.064    0.568    0.282    0.018    0.036    0.160    0.203    0.083
 308.70    4.829    4.938    4.944    1.034    0.230   -0.171    1.034    0.230   -0.039   -0.177    0.238    0.576    0.150
 308.80    4.699    4.747    4.752    0.672    0.222   -0.301    0.672    0.222   -0.067   -0.202    0.149    0.296    0.130
 308.90    4.706    4.731    4.751    0.482    0.438   -0.294    0.482    0.438   -0.129   -0.142    0.211    0.255    0.143
 309.00    4.689    4.705    4.763    0.384    0.743   -0.311    0.384    0.743   -0.231   -0.119    0.285    0.398    0.193
 309.10    4.493    4.524    4.596    0.524    0.810   -0.507    0.524    0.810   -0.410   -0.266    0.425    0.594    0.324
 309.20    5.011    5.029    5.068    0.422    0.627    0.011    0.422    0.627    0.007    0.005    0.264    0.285    0.132
 309.30    4.752    4.763    4.767    0.321    0.196   -0.248    0.321    0.196   -0.049   -0.080    0.063    0.101    0.056
 309.40    4.503    4.520    4.534    0.398    0.353   -0.497    0.398    0.353   -0.176   -0.198    0.141    0.265    0.150
 309.50    4.310    4.313    4.313   -0.156   -0.060   -0.690   -0.156   -0.060    0.042    0.107    0.009    0.252    0.058
 309.60    4.206    4.223    4.227   -0.382   -0.177   -0.794   -0.382   -0.177    0.140    0.303    0.068    0.404    0.170
 309.70    4.423    4.423    4.437    0.060   -0.355   -0.577    0.060   -0.355    0.205   -0.035   -0.021    0.231    0.104
 309.80    4.046    4.051    4.051    0.207   -0.029   -0.954    0.207   -0.029    0.027   -0.197   -0.006    0.477    0.100
 309.90    4.517    4.520    4.530   -0.159   -0.289   -0.483   -0.159   -0.289    0.139    0.077    0.046    0.171    0.083
 310.00    4.954    4.958    4.974   -0.202   -0.395   -0.046   -0.202   -0.395    0.018    0.009    0.080    0.099    0.041
 310.10    5.158    5.158    5.160   -0.049   -0.134    0.158   -0.049   -0.134   -0.021   -0.008    0.006    0.023    0.012
 310.20    4.875    4.882    4.883   -0.263    0.105   -0.125   -0.263    0.105   -0.013    0.033   -0.028    0.048    0.023
 310.30    4.727    4.730    4.738   -0.177    0.267   -0.273   -0.177    0.267   -0.073    0.048   -0.047    0.089    0.050
 310.40    4.723    4.754    4.775   -0.548    0.446   -0.277   -0.548    0.446   -0.124    0.152   -0.244    0.288    0.157
 310.50    4.744    4.744    4.744    0.031   -0.019   -0.256    0.031   -0.019    0.005   -0.008   -0.001    0.033    0.005
 310.60    4.707    4.709    4.711    0.153    0.143   -0.293    0.153    0.143   -0.042   -0.045    0.022    0.065    0.033
 310.70    4.995    5.000    5.028    0.233    0.530   -0.005    0.233    0.530   -0.003   -0.001    0.124    0.168    0.062
 310.80    4.720    4.765    4.774    0.653    0.283   -0.280    0.653    0.283   -0.079   -0.183    0.185    0.293    0.136
 310.90    4.587    4.604    4.605    0.393    0.054   -0.413    0.393    0.054   -0.022   -0.162    0.021    0.164    0.083
 311.00    4.751    4.759    4.768    0.276    0.295   -0.249    0.276    0.295   -0.074   -0.069    0.082    0.113    0.065
 311.10    4.281    4.281    4.287   -0.034    0.217   -0.719   -0.034    0.217   -0.156    0.025   -0.007    0.283    0.079
 311.20    4.028    4.030    4.032    0.137    0.112   -0.972    0.137    0.112   -0.109   -0.133    0.015    0.488    0.086
 311.30    4.209    4.225    4.225    0.362   -0.052   -0.791    0.362   -0.052    0.041   -0.287   -0.019    0.380    0.145
 311.40    4.242    4.253    4.261    0.304   -0.265   -0.758    0.304   -0.265    0.201   -0.231   -0.081    0.369    0.158
 311.50    4.398    4.398    4.398   -0.020   -0.032   -0.602   -0.020   -0.032    0.019    0.012    0.001    0.182    0.011
 311.60    4.351    4.355    4.367    0.188   -0.323   -0.649    0.188   -0.323    0.209   -0.122   -0.061    0.280    0.125
 311.70    4.386    4.395    4.423    0.282   -0.497   -0.614    0.282   -0.497    0.305   -0.173   -0.140    0.352    0.189
 311.80    4.558    4.561    4.608    0.165   -0.659   -0.442    0.165   -0.659    0.291   -0.073   -0.108    0.328    0.160
 311.90    4.413    4.426    4.427    0.343   -0.102   -0.587    0.343   -0.102    0.060   -0.201   -0.035    0.236    0.106
 312.00    4.352    4.377    4.380    0.467   -0.179   -0.648    0.467   -0.179    0.116   -0.303   -0.083    0.335    0.167
 312.10    4.300    4.311    4.312    0.316    0.093   -0.700    0.316    0.093   -0.065   -0.221    0.029    0.299    0.116
 312.20    4.324    4.335    4.349   -0.302    0.348   -0.676   -0.302    0.348   -0.235    0.204   -0.105    0.335    0.164
 312.30    4.413    4.469    4.486   -0.707    0.393   -0.587   -0.707    0.393   -0.231    0.415   -0.278    0.500    0.275
 312.40    4.669    4.685    4.699   -0.390    0.359   -0.331   -0.390    0.359   -0.119    0.129   -0.140    0.195    0.112
 312.50    4.138    4.143    4.185   -0.196    0.596   -0.862   -0.196    0.596   -0.514    0.169   -0.117    0.568    0.277
 312.60    3.804    3.804    3.826    0.028    0.402   -1.196    0.028    0.402   -0.481   -0.034    0.011    0.796    0.241
 312.70    3.686    3.731    3.775    0.577    0.575   -1.314    0.577    0.575   -0.756   -0.758    0.332    1.195    0.560
 312.80    3.591    3.632    3.683    0.544    0.616   -1.409    0.544    0.616   -0.868   -0.767    0.335    1.331    0.603
 312.90    3.450    3.528    3.621    0.742    0.812   -1.550    0.742    0.812   -1.259   -1.150    0.603    1.807    0.904
 313.00    3.488    3.599    3.647    0.887    0.586   -1.512    0.887    0.586   -0.885   -1.341    0.520    1.708    0.844
 313.10    3.713    3.804    3.874    0.827    0.736   -1.287    0.827    0.736   -0.948   -1.064    0.609    1.441    0.775
 313.20    3.923    3.946    3.982    0.427    0.533   -1.077    0.427    0.533   -0.574   -0.460    0.227    0.813    0.385
 313.30    3.741    3.748    3.751    0.235    0.140   -1.259    0.235    0.140   -0.177   -0.296    0.033    0.831    0.173
 313.40    3.918    3.937    3.944    0.386   -0.241   -1.082    0.386   -0.241    0.261   -0.417   -0.093    0.689    0.250
 313.50    4.095    4.096    4.102   -0.076   -0.227   -0.905   -0.076   -0.227    0.205    0.068    0.017    0.438    0.109
 313.60    3.633    3.668    3.690    0.510   -0.398   -1.367    0.510   -0.398    0.545   -0.698   -0.203    1.144    0.454
 313.70    3.876    3.910    3.916    0.514   -0.231   -1.124    0.514   -0.231    0.260   -0.578   -0.119    0.791    0.322
 313.80    4.154    4.208    4.252    0.671   -0.612   -0.846    0.671   -0.612    0.518   -0.568   -0.411    0.771    0.436
 313.90    4.201    4.296    4.301    0.901   -0.203   -0.799    0.901   -0.203    0.162   -0.720   -0.183    0.746    0.380
 314.00    4.426    4.509    4.516    0.860   -0.242   -0.574    0.860   -0.242    0.139   -0.494   -0.208    0.564    0.277
 314.10    4.391    4.410    4.434    0.413   -0.460   -0.609    0.413   -0.460    0.280   -0.252   -0.190    0.377    0.211
 314.20    4.615    4.629    4.647    0.369   -0.401   -0.385    0.369   -0.401    0.154   -0.142   -0.148    0.222    0.128
 314.30    4.659    4.679    4.710    0.430   -0.544   -0.341    0.430   -0.544    0.185   -0.147   -0.234    0.299    0.166
 314.40    4.850    4.909    4.997    0.761   -0.933   -0.150    0.761   -0.933    0.140   -0.114   -0.710    0.736    0.366
 314.50    4.958    5.029    5.107    0.842   -0.890   -0.042    0.842   -0.890    0.038   -0.036   -0.749    0.751    0.375
 314.60    4.393    4.486    4.553    0.909   -0.780   -0.607    0.909   -0.780    0.474   -0.552   -0.709    0.902    0.508
 314.70    4.069    4.095    4.183    0.465   -0.851   -0.931    0.465   -0.851    0.792   -0.433   -0.396    0.904    0.493
 314.80    4.170    4.244    4.301    0.786   -0.696   -0.830    0.786   -0.696    0.578   -0.652   -0.548    0.896    0.515
 314.90    4.279    4.400    4.446    1.024   -0.637   -0.721    1.024   -0.637    0.459   -0.738   -0.652    0.987    0.543
 315.00    4.389    4.525    4.549    1.104   -0.466   -0.611    1.104   -0.466    0.285   -0.675   -0.514    0.904    0.447
 315.10    4.704    4.742    4.748    0.602   -0.228   -0.296    0.602   -0.228    0.068   -0.178   -0.137    0.251    0.118
 315.20    4.859    4.859    4.862   -0.038   -0.148   -0.141   -0.038   -0.148    0.021    0.005    0.006    0.022    0.011
 315.30    5.081    5.081    5.093    0.041   -0.339    0.081    0.041   -0.339   -0.028    0.003   -0.014    0.062    0.016
 315.40    5.007    5.007    5.052   -0.030   -0.673    0.007   -0.030   -0.673   -0.005   -0.000    0.020    0.227    0.010
 315.50    5.394    5.396    5.416    0.146   -0.459    0.394    0.146   -0.459   -0.181    0.058   -0.067    0.194    0.101
 315.60    5.311    5.314    5.325   -0.185   -0.338    0.311   -0.185   -0.338   -0.105   -0.058    0.063    0.123    0.068
 315.70    5.306    5.310    5.316   -0.214   -0.265    0.306   -0.214   -0.265   -0.081   -0.065    0.057    0.105    0.059
 315.80    5.376    5.383    5.410   -0.275   -0.539    0.376   -0.275   -0.539   -0.203   -0.104    0.148    0.254    0.136
 315.90    5.232    5.238    5.282   -0.236   -0.682    0.232   -0.236   -0.682   -0.158   -0.055    0.161    0.287    0.116
 316.00    5.259    5.265    5.289   -0.254   -0.509    0.259   -0.254   -0.509   -0.132   -0.066    0.129    0.195    0.098
 316.10    5.167    5.167    5.180    0.012   -0.372    0.167    0.012   -0.372   -0.062    0.002   -0.004    0.083    0.031
 316.20    4.902    4.902    4.994    0.040   -0.956   -0.098    0.040   -0.956    0.094   -0.004   -0.039    0.463    0.051
 316.30    5.112    5.138    5.157    0.512   -0.440    0.112    0.512   -0.440   -0.049    0.057   -0.226    0.234    0.119
 316.40    5.085    5.141    5.178    0.755   -0.621    0.085    0.755   -0.621   -0.053    0.064   -0.469    0.481    0.238
 316.50    5.403    5.467    5.494    0.834   -0.544    0.403    0.834   -0.544   -0.219    0.336   -0.454    0.577    0.303
 316.60    5.396    5.442    5.486    0.702   -0.698    0.396    0.702   -0.698   -0.277    0.278   -0.490    0.569    0.314
 316.70    5.489    5.554    5.622    0.849   -0.867    0.489    0.849   -0.867   -0.424    0.415   -0.736    0.856    0.473
 316.80    5.024    5.103    5.224    0.895   -1.119    0.024    0.895   -1.119   -0.026    0.021   -1.001    1.026    0.501
 316.90    5.066    5.088    5.282    0.480   -1.416    0.066    0.480   -1.416   -0.093    0.032   -0.679    1.119    0.343
 317.00    5.588    5.609    5.896    0.481   -1.818    0.588    0.481   -1.818   -1.069    0.283   -0.875    1.942    0.705
 317.10    5.277    5.319    5.593    0.668   -1.729    0.277    0.668   -1.729   -0.479    0.185   -1.154    1.756    0.632
 317.20    5.045    5.099    5.270    0.738   -1.334    0.045    0.738   -1.334   -0.060    0.033   -0.984    1.162    0.493
 317.30    5.087    5.195    5.338    1.052   -1.229    0.087    1.052   -1.229   -0.107    0.092   -1.293    1.312    0.650
 317.40    5.215    5.323    5.467    1.068   -1.245    0.215    1.068   -1.245   -0.268    0.230   -1.329    1.368    0.688
 317.50    4.697    4.783    4.876    0.902   -0.948   -0.303    0.902   -0.948    0.287   -0.273   -0.856    0.903    0.471
 317.60    4.912    4.948    5.018    0.600   -0.832   -0.088    0.600   -0.832    0.073   -0.053   -0.499    0.530    0.254
 317.70    4.923    4.928    5.024    0.226   -0.974   -0.077    0.226   -0.974    0.075   -0.017   -0.220    0.503    0.117
 317.80    4.831    4.889    4.953    0.749   -0.792   -0.169    0.749   -0.792    0.134   -0.126   -0.593    0.608    0.310
 317.90    4.951    5.069    5.086    1.089   -0.414   -0.049    1.089   -0.414    0.020   -0.054   -0.451    0.680    0.227
 318.00    4.839    5.007    5.021    1.286   -0.368   -0.161    1.286   -0.368    0.059   -0.207   -0.474    0.908    0.260
 318.10    4.715    4.821    4.826    1.006   -0.205   -0.285    1.006   -0.205    0.058   -0.287   -0.206    0.568    0.179
 318.20    4.889    4.951    4.957    0.782   -0.231   -0.111    0.782   -0.231    0.026   -0.087   -0.181    0.339    0.101
 318.30    4.775    4.792    4.805    0.412    0.353   -0.225    0.412    0.353   -0.079   -0.093    0.145    0.172    0.095
 318.40    4.678    4.689    4.689    0.320   -0.069   -0.322    0.320   -0.069    0.022   -0.103   -0.022    0.106    0.054
 318.50    4.588    4.590    4.625    0.141   -0.564   -0.412    0.141   -0.564    0.232   -0.058   -0.080    0.254    0.126
 318.60    4.453    4.475    4.494    0.440   -0.422   -0.547    0.440   -0.422    0.231   -0.241   -0.185    0.335    0.191
 318.70    4.703    4.769    4.770    0.792    0.067   -0.297    0.792    0.067   -0.020   -0.235    0.053    0.360    0.121
 318.80    4.727    4.750    4.755    0.462   -0.225   -0.273    0.462   -0.225    0.061   -0.126   -0.104    0.169    0.087
 318.90    4.600    4.601    4.615   -0.094    0.360   -0.400   -0.094    0.360   -0.144    0.038   -0.034    0.149    0.076
 319.00    4.636    4.637    4.658    0.076    0.450   -0.364    0.076    0.450   -0.164   -0.028    0.034    0.171    0.085
 319.10    4.967    4.985    5.000    0.422    0.382   -0.033    0.422    0.382   -0.013   -0.014    0.161    0.162    0.081
 319.20    4.837    4.914    4.934    0.866    0.447   -0.163    0.866    0.447   -0.073   -0.141    0.387    0.488    0.209
 319.30    4.840    4.988    5.003    1.202    0.398   -0.160    1.202    0.398   -0.063   -0.192    0.478    0.815    0.259
 319.40    4.870    5.039    5.080    1.291    0.651   -0.130    1.291    0.651   -0.084   -0.168    0.841    1.054    0.431
 319.50    4.616    4.725    4.757    1.009    0.553   -0.384    1.009    0.553   -0.212   -0.388    0.558    0.736    0.356
 319.60    4.558    4.724    4.762    1.241    0.605   -0.442    1.241    0.605   -0.268   -0.549    0.751    1.051    0.484
 319.70    4.553    4.743    4.745    1.328    0.138   -0.447    1.328    0.138   -0.062   -0.593    0.183    0.991    0.312
 319.80    4.507    4.623    4.646    1.027    0.463   -0.493    1.027    0.463   -0.228   -0.506    0.476    0.756    0.366
 319.90    4.284    4.400    4.471    1.005    0.791   -0.716    1.005    0.791   -0.567   -0.720    0.796    1.075    0.607
 320.00    4.265    4.407    4.436    1.111    0.503   -0.735    1.111    0.503   -0.370   -0.817    0.559    1.014    0.528
 320.10    4.359    4.430    4.463    0.792    0.540   -0.641    0.792    0.540   -0.346   -0.508    0.427    0.665    0.374
 320.20    4.031    4.157    4.161    1.017    0.166   -0.969    1.017    0.166   -0.161   -0.985    0.169    1.000    0.506
 320.30    4.027    4.163    4.185    1.058    0.424   -0.973    1.058    0.424   -0.412   -1.030    0.448    1.123    0.598
 320.40    4.109    4.425    4.468    1.642    0.620   -0.891    1.642    0.620   -0.552   -1.462    1.017    1.936    0.932
 320.50    3.974    4.318    4.349    1.689    0.519   -1.026    1.689    0.519   -0.533   -1.734    0.878    2.089    1.008
 320.60    4.136    4.564    4.633    1.929    0.800   -0.864    1.929    0.800   -0.691   -1.666    1.543    2.553    1.187
 320.70    4.104    4.430    4.478    1.666    0.660   -0.896    1.666    0.660   -0.591   -1.493    1.100    2.008    0.973
 320.80    4.376    4.560    4.606    1.282    0.646   -0.624    1.282    0.646   -0.403   -0.799    0.828    1.225    0.610
 320.90    4.549    4.694    4.756    1.159    0.761   -0.451    1.159    0.761   -0.343   -0.522    0.882    1.063    0.541
 321.00    4.191    4.255    4.351    0.736    0.907   -0.809    0.736    0.907   -0.734   -0.595    0.668    1.010    0.579
 321.10    4.262    4.282    4.352    0.410    0.781   -0.738    0.410    0.781   -0.576   -0.302    0.320    0.661    0.362
 321.20    3.908    4.027    4.063    0.975    0.537   -1.092    0.975    0.537   -0.587   -1.065    0.523    1.216    0.662
 321.30    3.450    3.595    3.611    1.010    0.344   -1.550    1.010    0.344   -0.533   -1.566    0.347    1.771    0.845
 321.40    3.475    3.497    3.512    0.397    0.321   -1.525    0.397    0.321   -0.490   -0.605    0.127    1.294    0.395
 321.50    3.601    3.650    3.657    0.596    0.239   -1.399    0.596    0.239   -0.335   -0.834    0.143    1.186    0.455
 321.60    3.942    3.979    4.068    0.542    0.847   -1.058    0.542    0.847   -0.897   -0.574    0.459    1.066    0.580
 321.70    4.126    4.173    4.307    0.622    1.066   -0.874    0.622    1.066   -0.931   -0.543    0.662    1.143    0.633
 321.80    4.152    4.203    4.356    0.654    1.145   -0.848    0.654    1.145   -0.971   -0.555    0.749    1.229    0.673
 321.90    3.946    4.015    4.158    0.741    1.078   -1.054    0.741    1.078   -1.136   -0.781    0.799    1.411    0.797
 322.00    4.022    4.135    4.194    0.959    0.700   -0.978    0.959    0.700   -0.685   -0.938    0.672    1.183    0.671
 322.10    4.179    4.288    4.361    0.963    0.792   -0.821    0.963    0.792   -0.651   -0.791    0.763    1.115    0.639
 322.20    4.149    4.210    4.277    0.713    0.758   -0.851    0.713    0.758   -0.645   -0.607    0.540    0.903    0.519
 322.30    4.017    4.044    4.168    0.460    1.010   -0.983    0.460    1.010   -0.993   -0.452    0.465    1.099    0.593
 322.40    4.182    4.182    4.220    0.040    0.561   -0.818    0.040    0.561   -0.459   -0.032    0.022    0.493    0.230
 322.50    4.298    4.302    4.322    0.193    0.411   -0.702    0.193    0.411   -0.289   -0.135    0.079    0.350    0.164
 322.60    4.223    4.249    4.270    0.472    0.421   -0.777    0.472    0.421   -0.327   -0.367    0.199    0.502    0.265
 322.70    4.454    4.518    4.518    0.761    0.007   -0.546    0.761    0.007   -0.004   -0.416    0.005    0.439    0.208
 322.80    4.730    4.803    4.810    0.836    0.247   -0.270    0.836    0.247   -0.067   -0.225    0.206    0.416    0.156
 322.90    5.354    5.443    5.466    0.981    0.498    0.354    0.981    0.498    0.176    0.347    0.489    0.668    0.312
 323.00    4.975    5.031    5.090    0.748    0.776   -0.025    0.748    0.776   -0.020   -0.019    0.580    0.581    0.291
 323.10    4.968    5.006    5.046    0.611    0.635   -0.032    0.611    0.635   -0.020   -0.019    0.388    0.389    0.195
 323.20    4.955    5.124    5.132    1.304    0.296   -0.045    1.304    0.296   -0.013   -0.059    0.386    0.895    0.195
 323.30    4.938    5.081    5.094    1.195    0.363   -0.062    1.195    0.363   -0.022   -0.074    0.434    0.781    0.220
 323.40    4.833    5.018    5.019    1.352    0.076   -0.167    1.352    0.076   -0.013   -0.226    0.103    0.931    0.124
 323.50    5.163    5.358    5.360    1.433   -0.149    0.163    1.433   -0.149   -0.024    0.233   -0.214    1.051    0.159
 323.60    5.312    5.660    5.663    1.952   -0.203    0.312    1.952   -0.203   -0.063    0.610   -0.396    1.975    0.365
 323.70    5.603    5.899    5.900    1.843    0.142    0.603    1.843    0.142    0.085    1.112    0.261    1.890    0.573
 323.80    5.462    5.757    5.757    1.819   -0.017    0.462    1.819   -0.017   -0.008    0.840   -0.030    1.762    0.420
 323.90    5.298    5.669    5.670    2.019    0.092    0.298    2.019    0.092    0.027    0.601    0.185    2.087    0.315
 324.00    5.400    5.600    5.600    1.484    0.038    0.400    1.484    0.038    0.015    0.593    0.056    1.182    0.298
 324.10    5.348    5.601    5.606    1.663    0.240    0.348    1.663    0.240    0.084    0.579    0.399    1.472    0.354
 324.20    5.150    5.435    5.441    1.737    0.266    0.150    1.737    0.266    0.040    0.260    0.462    1.556    0.266
 324.30    5.361    5.759    5.764    2.105    0.242    0.361    2.105    0.242    0.087    0.759    0.509    2.309    0.459
 324.40    5.273    5.629    5.641    1.970    0.364    0.273    1.970    0.364    0.100    0.538    0.718    2.044    0.451
 324.50    5.025    5.297    5.298    1.678    0.075    0.025    1.678    0.075    0.002    0.042    0.125    1.410    0.066
 324.60    4.956    5.250    5.261    1.733    0.339   -0.044    1.733    0.339   -0.015   -0.076    0.588    1.560    0.296
 324.70    4.794    5.086    5.089    1.700    0.177   -0.206    1.700    0.177   -0.037   -0.351    0.301    1.482    0.232
 324.80    5.130    5.326    5.327    1.431    0.098    0.130    1.431    0.098    0.013    0.186    0.140    1.037    0.117
 324.90    5.176    5.389    5.390    1.499   -0.087    0.176    1.499   -0.087   -0.015    0.264   -0.131    1.143    0.148
 325.00    5.473    5.696    5.743    1.579   -0.733    0.473    1.579   -0.733   -0.347    0.747   -1.157    1.626    0.710
 325.10    5.395    5.646    5.685    1.665   -0.665    0.395    1.665   -0.665   -0.263    0.658   -1.107    1.685    0.657
 325.20    5.461    5.754    5.803    1.812   -0.752    0.461    1.812   -0.752   -0.347    0.835   -1.363    2.031    0.818
 325.30    5.856    6.037    6.060    1.467   -0.523    0.856    1.467   -0.523   -0.448    1.257   -0.767    1.580    0.770
 325.40    5.974    6.097    6.117    1.217   -0.490    0.974    1.217   -0.490   -0.477    1.186   -0.596    1.335    0.705
 325.50    5.627    5.797    5.849    1.396   -0.773    0.627    1.396   -0.773   -0.485    0.875   -1.079    1.469    0.736
 325.60    5.409    5.546    5.603    1.229   -0.796    0.409    1.229   -0.796   -0.325    0.502   -0.978    1.156    0.573
 325.70    5.348    5.491    5.499    1.246   -0.292    0.348    1.246   -0.292   -0.102    0.434   -0.363    0.879    0.287
 325.80    5.476    5.673    5.680    1.484   -0.278    0.476    1.484   -0.278   -0.132    0.706   -0.412    1.253    0.414
 325.90    5.428    5.633    5.648    1.506   -0.413    0.428    1.506   -0.413   -0.177    0.645   -0.622    1.310    0.456
 326.00    5.387    5.524    5.577    1.220   -0.769    0.387    1.220   -0.769   -0.298    0.473   -0.939    1.115    0.546
 326.10    5.265    5.315    5.389    0.732   -0.888    0.265    0.732   -0.888   -0.235    0.194   -0.650    0.697    0.359
 326.20    5.890    5.950    5.973    0.839   -0.520    0.890    0.839   -0.520   -0.463    0.747   -0.437    0.884    0.491
 326.30    6.350    6.424    6.435    0.973   -0.384    1.350    0.973   -0.384   -0.518    1.313   -0.373    1.458    0.730
 326.40    6.523    6.721    6.736    1.622   -0.454    1.523    1.622   -0.454   -0.692    2.469   -0.737    2.577    1.334
 326.50    6.618    6.846    6.851    1.751   -0.254    1.618    1.751   -0.254   -0.412    2.834   -0.446    2.875    1.449
 326.60    6.491    6.750    6.774    1.851   -0.575    1.491    1.851   -0.575   -0.857    2.759   -1.064    2.989    1.539
 326.70    6.306    6.546    6.565    1.755   -0.499    1.306    1.755   -0.499   -0.652    2.292   -0.876    2.517    1.269
 326.80    6.333    6.589    6.609    1.821   -0.504    1.333    1.821   -0.504   -0.671    2.427   -0.917    2.673    1.340
 326.90    6.326    6.731    6.740    2.301   -0.348    1.326    2.301   -0.348   -0.461    3.051   -0.800    3.587    1.594
 327.00    6.800    7.174    7.207    2.285   -0.689    1.800    2.285   -0.689   -1.240    4.113   -1.574    4.468    2.288
 327.10    7.069    7.358    7.369    2.041   -0.398    2.069    2.041   -0.398   -0.823    4.223   -0.812    4.302    2.189
 327.20    6.625    6.960    6.960    2.134   -0.064    1.625    2.134   -0.064   -0.104    3.467   -0.136    3.599    1.736
 327.30    6.473    6.762    6.763    1.956   -0.133    1.473    1.956   -0.133   -0.197    2.881   -0.261    3.007    1.450
 327.40    6.552    6.763    6.765    1.678   -0.168    1.552    1.678   -0.168   -0.261    2.603   -0.282    2.626    1.316
 327.50    6.157    6.503    6.509    2.094   -0.282    1.157    2.094   -0.282   -0.327    2.423   -0.592    2.902    1.258
 327.60    5.916    6.296    6.297    2.154    0.124    0.916    2.154    0.124    0.114    1.974    0.268    2.748    0.998
 327.70    6.414    6.792    6.808    2.234    0.466    1.414    2.234    0.466    0.659    3.160    1.040    3.604    1.696
 327.80    5.864    6.195    6.208    1.998    0.393    0.864    1.998    0.393    0.340    1.727    0.786    2.447    0.964
 327.90    5.932    6.222    6.268    1.877    0.755    0.932    1.877    0.755    0.704    1.750    1.417    2.482    1.180
 328.00    5.895    6.170    6.241    1.824    0.935    0.895    1.824    0.935    0.836    1.632    1.706    2.501    1.252
 328.10    6.196    6.413    6.439    1.653    0.582    1.196    1.653    0.582    0.695    1.977    0.961    2.251    1.153
 328.20    5.905    6.073    6.092    1.417    0.481    0.905    1.417    0.481    0.435    1.282    0.681    1.529    0.758
 328.30    5.970    6.177    6.201    1.585    0.544    0.970    1.585    0.544    0.528    1.538    0.863    1.875    0.920
 328.40    5.872    6.102    6.109    1.658    0.282    0.872    1.658    0.282    0.246    1.446    0.468    1.795    0.770
 328.50    5.326    5.755    5.797    2.181    0.695    0.326    2.181    0.695    0.226    0.711    1.515    2.672    0.844
 328.60    5.342    5.733    5.782    2.079    0.751    0.342    2.079    0.751    0.257    0.712    1.561    2.502    0.867
 328.70    5.696    6.074    6.091    2.110    0.461    0.696    2.110    0.461    0.321    1.468    0.972    2.574    0.895
 328.80    5.687    6.141    6.146    2.318    0.255    0.687    2.318    0.255    0.175    1.592    0.592    2.955    0.854
 328.90    6.108    6.549    6.550    2.363    0.017    1.108    2.363    0.017    0.019    2.619    0.040    3.407    1.310
 329.00    5.923    6.489    6.499    2.650    0.374    0.923    2.650    0.374    0.345    2.446    0.990    4.006    1.331
 329.10    5.908    6.391    6.411    2.437    0.507    0.908    2.437    0.507    0.461    2.214    1.236    3.512    1.289
 329.20    5.847    6.309    6.316    2.369    0.311    0.847    2.369    0.311    0.263    2.007    0.737    3.214    1.077
 329.30    5.537    5.975    5.983    2.244    0.315    0.537    2.244    0.315    0.169    1.206    0.707    2.713    0.704
 329.40    5.773    6.306    6.306    2.537   -0.045    0.773    2.537   -0.045   -0.035    1.961   -0.114    3.519    0.982
 329.50    5.610    6.084    6.116    2.354   -0.628    0.610    2.354   -0.628   -0.383    1.436   -1.479    3.154    1.048
 329.60    5.618    6.125    6.149    2.439   -0.548    0.618    2.439   -0.548   -0.339    1.508   -1.336    3.316    1.022
 329.70    5.740    6.196    6.196    2.332   -0.042    0.740    2.332   -0.042   -0.031    1.727   -0.097    2.995    0.865
 329.80    5.840    6.224    6.228    2.154   -0.208    0.840    2.154   -0.208   -0.175    1.809   -0.449    2.695    0.936
 329.90    5.641    6.066    6.096    2.230   -0.606    0.641    2.230   -0.606   -0.388    1.429   -1.352    2.876    1.003
 330.00    5.742    6.159    6.182    2.228   -0.537    0.742    2.228   -0.537   -0.399    1.652   -1.197    2.900    1.039
 330.10    5.613    6.013    6.015    2.157   -0.164    0.613    2.157   -0.164   -0.101    1.321   -0.354    2.527    0.686
 330.20    5.615    6.110    6.145    2.409   -0.649    0.615    2.409   -0.649   -0.399    1.482   -1.565    3.303    1.096
 330.30    5.626    6.311    6.345    2.859   -0.661    0.626    2.859   -0.661   -0.414    1.791   -1.889    4.501    1.318
 330.40    5.600    6.318    6.378    2.927   -0.869    0.600    2.927   -0.869   -0.521    1.755   -2.544    4.841    1.567
 330.50    5.807    6.321    6.363    2.497   -0.726    0.807    2.497   -0.726   -0.586    2.016   -1.813    3.707    1.387
 330.60    5.689    6.139    6.141    2.306   -0.183    0.689    2.306   -0.183   -0.126    1.589   -0.422    2.912    0.824
 330.70    5.719    6.070    6.073    2.033    0.203    0.719    2.033    0.203    0.146    1.462    0.413    2.346    0.763
 330.80    5.385    5.769    5.779    2.069    0.336    0.385    2.069    0.336    0.129    0.797    0.696    2.272    0.533
 330.90    5.307    5.699    5.699    2.077    0.029    0.307    2.077    0.029    0.009    0.637    0.061    2.204    0.320
 331.00    5.359    5.765    5.766    2.127    0.082    0.359    2.127    0.082    0.030    0.763    0.175    2.331    0.392
 331.10    5.276    5.600    5.602    1.875    0.179    0.276    1.875    0.179    0.049    0.518    0.335    1.811    0.310
 331.20    5.517    5.703    5.707    1.446   -0.221    0.517    1.446   -0.221   -0.114    0.747   -0.320    1.203    0.410
 331.30    5.542    5.783    5.783    1.652   -0.062    0.542    1.652   -0.062   -0.033    0.895   -0.102    1.514    0.451
 331.40    5.499    5.667    5.672    1.371   -0.231    0.499    1.371   -0.231   -0.115    0.684   -0.317    1.091    0.381
 331.50    5.483    5.612    5.614    1.195   -0.146    0.483    1.195   -0.146   -0.070    0.577   -0.174    0.841    0.303
 331.60    5.390    5.607    5.611    1.546   -0.198    0.390    1.546   -0.198   -0.077    0.603   -0.305    1.291    0.340
 331.70    5.512    5.705    5.706    1.470    0.071    0.512    1.470    0.071    0.036    0.753    0.104    1.214    0.381
 331.80    5.832    6.014    6.016    1.470   -0.117    0.832    1.470   -0.117   -0.097    1.223   -0.172    1.433    0.619
 331.90    5.832    5.925    5.925    1.046   -0.025    0.832    1.046   -0.025   -0.021    0.870   -0.026    0.894    0.436
 332.00    5.737    5.829    5.835    1.031   -0.276    0.737    1.031   -0.276   -0.203    0.760   -0.284    0.841    0.418
 332.10    6.017    6.165    6.200    1.346   -0.656    1.017    1.346   -0.656   -0.666    1.369   -0.883    1.638    0.880
 332.20    6.185    6.345    6.372    1.416   -0.581    1.185    1.416   -0.581   -0.689    1.678   -0.823    1.874    0.996
 332.30    6.177    6.297    6.356    1.219   -0.866    1.177    1.219   -0.866   -1.020    1.435   -1.055    1.811    1.026
 332.40    6.394    6.510    6.559    1.222   -0.799    1.394    1.222   -0.799   -1.114    1.703   -0.977    2.038    1.129
 332.50    6.348    6.458    6.481    1.187   -0.544    1.348    1.187   -0.544   -0.734    1.601   -0.646    1.762    0.938
 332.60    6.283    6.422    6.477    1.328   -0.844    1.283    1.328   -0.844   -1.084    1.704   -1.121    2.061    1.155
 332.70    6.325    6.471    6.561    1.368   -1.081    1.325    1.368   -1.081   -1.433    1.813   -1.478    2.398    1.371
 332.80    6.675    6.790    6.876    1.241   -1.090    1.675    1.241   -1.090   -1.826    2.079   -1.353    2.767    1.540
 332.90    6.824    6.879    6.973    0.870   -1.139    1.824    0.870   -1.139   -2.077    1.586   -0.990    2.690    1.397
 333.00    6.803    6.869    6.908    0.954   -0.728    1.803    0.954   -0.728   -1.312    1.721   -0.695    2.345    1.136
 333.10    6.523    6.602    6.656    1.019   -0.845    1.523    1.019   -0.845   -1.286    1.551   -0.861    2.035    1.096
 333.20    6.461    6.600    6.617    1.343   -0.476    1.461    1.343   -0.476   -0.695    1.962   -0.639    2.082    1.089
 333.30    6.508    6.655    6.661    1.390   -0.267    1.508    1.390   -0.267   -0.402    2.097   -0.371    2.140    1.084
 333.40    6.484    6.669    6.678    1.559   -0.354    1.484    1.559   -0.354   -0.525    2.313   -0.551    2.379    1.218
 333.50    6.527    6.723    6.723    1.611   -0.038    1.527    1.611   -0.038   -0.059    2.459   -0.062    2.463    1.230
 333.60    6.781    7.009    7.011    1.772    0.151    1.781    1.772    0.151    0.268    3.157    0.267    3.168    1.590
 333.70    6.727    6.934    6.938    1.682    0.231    1.727    1.682    0.231    0.399    2.905    0.389    2.933    1.479
 333.80    6.581    6.713    6.715    1.326   -0.140    1.581    1.326   -0.140   -0.221    2.096   -0.185    2.138    1.058
 333.90    6.250    6.453    6.470    1.606   -0.470    1.250    1.606   -0.470   -0.587    2.007   -0.754    2.181    1.112
 334.00    6.024    6.234    6.266    1.603   -0.637    1.024    1.603   -0.637   -0.652    1.641   -1.021    2.011    1.020
 334.10    5.810    5.938    5.950    1.228   -0.370    0.810    1.228   -0.370   -0.299    0.995   -0.454    1.150    0.567
 334.20    5.992    6.115    6.131    1.219   -0.445    0.992    1.219   -0.445   -0.442    1.209   -0.543    1.334    0.698
 334.30    6.284    6.392    6.396    1.170   -0.228    1.284    1.170   -0.228   -0.293    1.503   -0.267    1.535    0.777
 334.40    6.170    6.310    6.317    1.326   -0.284    1.170    1.326   -0.284   -0.332    1.550   -0.376    1.603    0.815
 334.50    6.309    6.387    6.398    0.996   -0.369    1.309    0.996   -0.369   -0.483    1.303   -0.367    1.420    0.719
 334.60    6.230    6.289    6.301    0.860   -0.386    1.230    0.860   -0.386   -0.475    1.058   -0.332    1.200    0.603
 334.70    6.129    6.181    6.216    0.801   -0.659    1.129    0.801   -0.659   -0.744    0.905   -0.528    1.175    0.642
 334.80    5.856    5.920    5.926    0.864   -0.266    0.856    0.864   -0.266   -0.228    0.740   -0.230    0.776    0.404
 334.90    5.862    5.932    5.936    0.907   -0.220    0.862    0.907   -0.220   -0.189    0.782   -0.199    0.807    0.415
 335.00    5.864    5.891    5.919    0.563   -0.579    0.864    0.563   -0.579   -0.501    0.487   -0.326    0.700    0.385
 335.10    5.579    5.633    5.641    0.778   -0.299    0.579    0.778   -0.299   -0.173    0.451   -0.232    0.515    0.268
 335.20    5.810    5.915    5.920    1.108   -0.262    0.810    1.108   -0.262   -0.212    0.898   -0.290    0.976    0.483
 335.30    5.838    5.884    5.889    0.734   -0.225    0.838    0.734   -0.225   -0.189    0.615   -0.165    0.646    0.332
 335.40    5.950    5.986    5.989    0.659   -0.181    0.950    0.659   -0.181   -0.171    0.626   -0.119    0.685    0.330
 335.50    5.990    6.049    6.050    0.842   -0.104    0.990    0.842   -0.104   -0.103    0.834   -0.088    0.850    0.422
 335.60    5.938    6.028    6.028    1.037    0.008    0.938    1.037    0.008    0.007    0.973    0.008    0.978    0.487
 335.70    5.636    5.679    5.704    0.702   -0.533    0.636    0.702   -0.533   -0.339    0.446   -0.374    0.591    0.337
 335.80    5.816    5.930    5.956    1.157   -0.557    0.816    1.157   -0.557   -0.454    0.944   -0.644    1.158    0.615
 335.90    5.722    5.913    5.933    1.495   -0.478    0.722    1.495   -0.478   -0.345    1.078   -0.714    1.491    0.669
 336.00    5.448    5.694    5.746    1.656   -0.771    0.448    1.656   -0.771   -0.345    0.741   -1.277    1.769    0.758
 336.10    5.155    5.349    5.442    1.425   -1.000    0.155    1.425   -1.000   -0.155    0.222   -1.426    1.528    0.726
 336.20    5.154    5.355    5.564    1.454   -1.512    0.154    1.454   -1.512   -0.232    0.223   -2.199    2.213    1.111
 336.30    5.174    5.321    5.387    1.242   -0.840    0.174    1.242   -0.840   -0.146    0.216   -1.043    1.139    0.538
 336.40    5.331    5.446    5.473    1.110   -0.548    0.331    1.110   -0.548   -0.182    0.368   -0.608    0.821    0.367
 336.50    5.301    5.411    5.448    1.086   -0.632    0.301    1.086   -0.632   -0.190    0.327   -0.686    0.835    0.392
 336.60    4.997    5.064    5.087    0.821   -0.478   -0.003    0.821   -0.478    0.001   -0.002   -0.393    0.451    0.196
 336.70    5.122    5.171    5.174    0.710   -0.178    0.122    0.710   -0.178   -0.022    0.086   -0.126    0.275    0.077
 336.80    5.306    5.336    5.350    0.565   -0.388    0.306    0.565   -0.388   -0.119    0.173   -0.219    0.281    0.151
 336.90    5.118    5.174    5.184    0.762   -0.314    0.118    0.762   -0.314   -0.037    0.090   -0.240    0.347    0.129
 337.00    5.252    5.314    5.363    0.810   -0.722    0.252    0.810   -0.722   -0.182    0.204   -0.584    0.620    0.323
 337.10    4.767    4.847    4.990    0.880   -1.184   -0.233    0.880   -1.184    0.276   -0.205   -1.043    1.116    0.549
 337.20    5.056    5.179    5.301    1.120   -1.133    0.056    1.120   -1.133   -0.063    0.063   -1.269    1.271    0.636
 337.30    5.014    5.118    5.236    1.023   -1.107    0.014    1.023   -1.107   -0.016    0.015   -1.132    1.136    0.566
 337.40    5.177    5.278    5.376    1.031   -1.023    0.177    1.031   -1.023   -0.181    0.182   -1.054    1.070    0.543
 337.50    5.337    5.428    5.470    0.989   -0.677    0.337    0.989   -0.677   -0.228    0.333   -0.669    0.775    0.391
 337.60    5.252    5.301    5.326    0.717   -0.513    0.252    0.717   -0.513   -0.129    0.181   -0.367    0.420    0.215
 337.70    5.200    5.225    5.268    0.515   -0.666    0.200    0.515   -0.666   -0.133    0.103   -0.343    0.375    0.191
 337.80    5.110    5.112    5.130    0.136   -0.429    0.110    0.136   -0.429   -0.047    0.015   -0.058    0.107    0.038
 337.90    5.342    5.343    5.371    0.137   -0.542    0.342    0.137   -0.542   -0.185    0.047   -0.074    0.214    0.102
 338.00    5.134    5.176    5.202    0.653   -0.527    0.134    0.653   -0.527   -0.071    0.088   -0.344    0.361    0.181
 338.10    4.966    5.008    5.025    0.640   -0.422   -0.034    0.640   -0.422    0.014   -0.021   -0.270    0.294    0.135
 338.20    4.729    4.742    4.759    0.361   -0.396   -0.271    0.361   -0.396    0.107   -0.098   -0.143    0.180    0.102
 338.30    4.621    4.658    4.662    0.584    0.201   -0.379    0.584    0.201   -0.076   -0.221    0.117    0.263    0.131
 338.40    5.201    5.285    5.285    0.938    0.054    0.201    0.938    0.054    0.011    0.189    0.051    0.462    0.098
 338.50    5.234    5.373    5.386    1.215   -0.377    0.234    1.215   -0.377   -0.088    0.284   -0.458    0.836    0.273
 338.60    5.385    5.558    5.569    1.377   -0.339    0.385    1.377   -0.339   -0.130    0.530   -0.466    1.079    0.359
 338.70    5.139    5.260    5.291    1.122   -0.571    0.139    1.122   -0.571   -0.079    0.156   -0.640    0.802    0.332
 338.80    5.063    5.270    5.289    1.462   -0.452    0.063    1.462   -0.452   -0.028    0.092   -0.660    1.173    0.334
 338.90    5.174    5.288    5.342    1.092   -0.756    0.174    1.092   -0.756   -0.132    0.190   -0.825    0.897    0.429
 339.00    5.050    5.140    5.205    0.960   -0.817    0.050    0.960   -0.817   -0.041    0.048   -0.784    0.796    0.393
 339.10    5.081    5.214    5.275    1.168   -0.805    0.081    1.168   -0.805   -0.065    0.095   -0.940    1.009    0.473
 339.20    5.355    5.447    5.468    0.998   -0.473    0.355    0.998   -0.473   -0.168    0.354   -0.472    0.673    0.307
 339.30    5.610    5.704    5.715    1.029   -0.355    0.610    1.029   -0.355   -0.216    0.627   -0.365    0.778    0.379
 339.40    5.564    5.732    5.741    1.376   -0.321    0.564    1.376   -0.321   -0.181    0.776   -0.442    1.158    0.456
 339.50    5.074    5.241    5.241    1.311   -0.029    0.074    1.311   -0.029   -0.002    0.097   -0.038    0.863    0.052
 339.60    4.915    5.023    5.026    1.035   -0.194   -0.085    1.035   -0.194    0.017   -0.088   -0.200    0.558    0.110
 339.70    5.171    5.302    5.302    1.168    0.019    0.171    1.168    0.019    0.003    0.200    0.022    0.697    0.101
 339.80    5.120    5.337    5.346    1.506   -0.318    0.120    1.506   -0.318   -0.038    0.181   -0.479    1.192    0.257
 339.90    4.886    5.213    5.222    1.820   -0.293   -0.114    1.820   -0.293    0.033   -0.208   -0.533    1.705    0.286
 340.00    4.805    5.051    5.110    1.557   -0.774   -0.195    1.557   -0.774    0.151   -0.303   -1.205    1.531    0.626
 340.10    5.037    5.282    5.332    1.591   -0.730    0.037    1.591   -0.730   -0.027    0.058   -1.161    1.532    0.581
 340.20    5.366    5.506    5.561    1.233   -0.781    0.366    1.233   -0.781   -0.286    0.451   -0.963    1.132    0.551
 340.30    5.030    5.222    5.236    1.402   -0.388    0.030    1.402   -0.388   -0.012    0.042   -0.544    1.059    0.273
 340.40    5.033    5.300    5.305    1.661   -0.246    0.033    1.661   -0.246   -0.008    0.054   -0.409    1.410    0.206
 340.50    5.272    5.539    5.543    1.699   -0.230    0.272    1.699   -0.230   -0.063    0.462   -0.391    1.506    0.304
 340.60    5.393    5.828    5.828    2.211   -0.009    0.393    2.211   -0.009   -0.004    0.868   -0.020    2.521    0.434
 340.70    5.669    6.062    6.063    2.148    0.087    0.669    2.148    0.087    0.058    1.437    0.187    2.534    0.725
 340.80    5.885    6.307    6.307    2.269    0.018    0.885    2.269    0.018    0.016    2.007    0.042    2.965    1.004
 340.90    5.587    5.905    5.912    1.910    0.299    0.587    1.910    0.299    0.175    1.121    0.571    2.042    0.635
 341.00    5.453    5.707    5.741    1.685    0.616    0.453    1.685    0.616    0.279    0.763    1.038    1.712    0.659
 341.10    5.528    5.830    5.865    1.853    0.639    0.528    1.853    0.639    0.338    0.979    1.185    2.061    0.787
 341.20    5.296    5.549    5.559    1.656    0.334    0.296    1.656    0.334    0.099    0.491    0.552    1.470    0.373
 341.30    5.082    5.383    5.386    1.775   -0.174    0.082    1.775   -0.174   -0.014    0.146   -0.309    1.593    0.171
 341.40    5.243    5.578    5.578    1.904    0.011    0.243    1.904    0.011    0.003    0.462    0.022    1.843    0.231
 341.50    5.173    5.443    5.443    1.692   -0.034    0.173    1.692   -0.034   -0.006    0.292   -0.058    1.447    0.149
 341.60    5.245    5.437    5.457    1.432   -0.468    0.245    1.432   -0.468   -0.115    0.351   -0.671    1.165    0.383
 341.70    4.901    4.993    4.996    0.953   -0.167   -0.099    0.953   -0.167    0.017   -0.094   -0.159    0.473    0.093
 341.80    4.725    4.765    4.766    0.621    0.042   -0.275    0.621    0.042   -0.012   -0.171    0.026    0.231    0.087
 341.90    4.946    5.004    5.018    0.756    0.377   -0.054    0.756    0.377   -0.020   -0.041    0.285    0.358    0.144
 342.00    4.792    4.826    4.830    0.575    0.207   -0.208    0.575    0.207   -0.043   -0.120    0.119    0.208    0.087
 342.10    5.153    5.191    5.195    0.626   -0.200    0.153    0.626   -0.200   -0.031    0.096   -0.125    0.228    0.080
 342.20    5.179    5.181    5.188    0.169    0.261    0.179    0.169    0.261    0.047    0.030    0.044    0.064    0.036
 342.30    4.865    4.869    4.872    0.192    0.173   -0.135    0.192    0.173   -0.023   -0.026    0.033    0.042    0.024
 342.40    5.303    5.328    5.363    0.518    0.612    0.303    0.518    0.612    0.185    0.157    0.317    0.367    0.200
 342.50    4.994    5.037    5.057    0.653    0.453   -0.006    0.653    0.453   -0.003   -0.004    0.296    0.316    0.148
 342.60    4.731    4.818    4.825    0.910    0.267   -0.269    0.910    0.267   -0.072   -0.244    0.243    0.485    0.176
 342.70    4.600    4.735    4.739    1.122    0.189   -0.400    1.122    0.189   -0.075   -0.449    0.212    0.728    0.251
 342.80    4.382    4.532    4.550    1.158    0.403   -0.618    1.158    0.403   -0.249   -0.716    0.467    0.943    0.445
 342.90    4.196    4.349    4.398    1.143    0.649   -0.804    1.143    0.649   -0.521   -0.919    0.742    1.187    0.645
 343.00    4.029    4.256    4.341    1.371    0.852   -0.971    1.371    0.852   -0.827   -1.331    1.167    1.773    0.977
 343.10    4.151    4.374    4.379    1.381    0.209   -0.849    1.381    0.209   -0.178   -1.172    0.289    1.335    0.610
 343.20    4.443    4.512    4.526    0.784    0.354   -0.557    0.784    0.354   -0.197   -0.436    0.277    0.525    0.277
 343.30    4.554    4.617    4.659    0.758    0.628   -0.446    0.758    0.628   -0.280   -0.338    0.476    0.584    0.324
 343.40    4.730    4.772    4.785    0.636    0.357   -0.270    0.636    0.357   -0.097   -0.172    0.227    0.302    0.150
 343.50    5.194    5.239    5.257    0.690    0.431    0.194    0.690    0.431    0.084    0.134    0.298    0.350    0.168
 343.60    5.430    5.535    5.535    1.072   -0.014    0.430    1.072   -0.014   -0.006    0.461   -0.015    0.667    0.231
 343.70    5.789    5.952    5.976    1.385   -0.527    0.789    1.385   -0.527   -0.416    1.093   -0.730    1.409    0.689
 343.80    5.540    5.637    5.652    1.045   -0.401    0.540    1.045   -0.401   -0.216    0.564   -0.419    0.772    0.367
 343.90    5.088    5.266    5.268    1.360   -0.127    0.088    1.360   -0.127   -0.011    0.119   -0.173    0.937    0.105
 344.00    4.933    5.092    5.095    1.264   -0.170   -0.067    1.264   -0.170    0.011   -0.085   -0.214    0.815    0.115
 344.10    5.362    5.505    5.508    1.250   -0.176    0.362    1.250   -0.176   -0.064    0.452   -0.221    0.862    0.253
 344.20    5.350    5.471    5.474    1.147    0.160    0.350    1.147    0.160    0.056    0.401    0.184    0.731    0.222
 344.30    5.385    5.487    5.489    1.053    0.157    0.385    1.053    0.157    0.060    0.405    0.165    0.640    0.221
 344.40    5.556    5.594    5.602    0.652    0.294    0.556    0.652    0.294    0.164    0.362    0.192    0.411    0.221
 344.50    5.342    5.382    5.404    0.656    0.483    0.342    0.656    0.483    0.165    0.224    0.317    0.390    0.211
 344.60    5.699    5.787    5.791    1.007    0.227    0.699    1.007    0.227    0.159    0.704    0.229    0.777    0.378
 344.70    5.663    5.729    5.734    0.870    0.230    0.663    0.870    0.230    0.152    0.577    0.200    0.625    0.315
 344.80    5.852    5.920    5.946    0.893    0.556    0.852    0.893    0.556    0.474    0.761    0.497    0.917    0.513
 344.90    5.794    5.889    5.963    1.054    0.934    0.794    1.054    0.934    0.742    0.836    0.985    1.307    0.745
 345.00    5.780    5.943    6.019    1.383    0.950    0.780    1.383    0.950    0.741    1.079    1.314    1.712    0.927
 345.10    5.951    6.125    6.221    1.446    1.091    0.951    1.446    1.091    1.038    1.376    1.578    2.093    1.168
 345.20    5.938    6.127    6.183    1.511    0.825    0.938    1.511    0.825    0.774    1.418    1.247    1.922    1.020
 345.30    6.128    6.190    6.239    0.876    0.778    1.128    0.876    0.778    0.877    0.987    0.681    1.322    0.743
 345.40    6.130    6.139    6.175    0.323    0.669    1.130    0.323    0.669    0.756    0.365    0.216    0.914    0.433
 345.50    6.086    6.087    6.146    0.117    0.849    1.086    0.117    0.849    0.922    0.127    0.099    0.957    0.468
 345.60    6.409    6.421    6.483    0.400    0.894    1.409    0.400    0.894    1.260    0.563    0.357    1.472    0.713
 345.70    6.441    6.455    6.536    0.429    1.028    1.441    0.429    1.028    1.481    0.618    0.441    1.658    0.832
 345.80    6.202    6.212    6.252    0.348    0.707    1.202    0.348    0.707    0.850    0.418    0.246    1.033    0.490
 345.90    6.114    6.116    6.140    0.165    0.544    1.114    0.165    0.544    0.605    0.183    0.090    0.781    0.319
 346.00    6.197    6.203    6.217    0.274    0.412    1.197    0.274    0.412    0.493    0.328    0.113    0.839    0.302
 346.10    5.994    6.035    6.056    0.700    0.506    0.994    0.700    0.506    0.503    0.696    0.354    0.867    0.464
 346.20    6.142    6.166    6.183    0.540    0.452    1.142    0.540    0.452    0.516    0.617    0.244    0.900    0.420
 346.30    6.369    6.399    6.399    0.624    0.031    1.369    0.624    0.031    0.042    0.854    0.019    1.132    0.428
 346.40    6.216    6.256    6.259    0.711   -0.188    1.216    0.711   -0.188   -0.228    0.864   -0.133    1.009    0.452
 346.50    6.203    6.242    6.244    0.697   -0.122    1.203    0.697   -0.122   -0.147    0.839   -0.085    0.975    0.428
 346.60    6.375    6.391    6.397    0.453    0.281    1.375    0.453    0.281    0.386    0.623    0.127    1.088    0.372
 346.70    6.374    6.387    6.419    0.401    0.646    1.374    0.401    0.646    0.887    0.551    0.259    1.233    0.538
 346.80    6.273    6.299    6.369    0.573    0.945    1.273    0.573    0.945    1.203    0.729    0.542    1.421    0.754
 346.90    6.262    6.262    6.370    0.052    1.165    1.262    0.052    1.165    1.470    0.066    0.061    1.476    0.737
 347.00    6.232    6.246    6.283   -0.415    0.683    1.232   -0.415    0.683    0.842   -0.512   -0.284    1.079    0.513
 347.10    6.045    6.113    6.115   -0.907    0.164    1.045   -0.907    0.164    0.171   -0.948   -0.148    0.971    0.487
 347.20    6.312    6.324    6.324   -0.388    0.032    1.312   -0.388    0.032    0.042   -0.509   -0.012    0.936    0.255
 347.30    6.051    6.053    6.053   -0.173   -0.020    1.051   -0.173   -0.020   -0.021   -0.181    0.004    0.567    0.091
 347.40    5.794    5.796    5.806    0.132   -0.340    0.794    0.132   -0.340   -0.270    0.104   -0.045    0.382    0.147
 347.50    5.614    5.615    5.618    0.123    0.182    0.614    0.123    0.182    0.112    0.076    0.022    0.213    0.068
 347.60    6.037    6.065    6.077    0.581    0.390    1.037    0.581    0.390    0.404    0.602    0.226    0.782    0.380
 347.70    6.132    6.144    6.153    0.386    0.327    1.132    0.386    0.327    0.370    0.437    0.126    0.769    0.293
 347.80    6.118    6.126    6.133    0.303    0.305    1.118    0.303    0.305    0.341    0.339    0.092    0.718    0.245
 347.90    6.067    6.074    6.093    0.281   -0.486    1.067    0.281   -0.486   -0.518    0.300   -0.137    0.727    0.307
 348.00    6.183    6.190    6.192    0.301   -0.178    1.183    0.301   -0.178   -0.211    0.355   -0.054    0.760    0.208
 348.10    6.492    6.493    6.493    0.099    0.058    1.492    0.099    0.058    0.086    0.148    0.006    1.120    0.085
 348.20    6.451    6.451    6.451   -0.015   -0.044    1.451   -0.015   -0.044   -0.063   -0.022    0.001    1.054    0.033
 348.30    6.254    6.262    6.263    0.314    0.120    1.254    0.314    0.120    0.151    0.393    0.038    0.843    0.211
 348.40    6.300    6.305    6.308    0.243   -0.192    1.300    0.243   -0.192   -0.250    0.316   -0.047    0.893    0.203
 348.50    6.481    6.529    6.559    0.787   -0.624    1.481    0.787   -0.624   -0.924    1.166   -0.491    1.601    0.783
 348.60    6.738    6.766    6.802    0.611   -0.700    1.738    0.611   -0.700   -1.217    1.062   -0.428    1.943    0.835
 348.70    6.791    6.819    6.910    0.615   -1.118    1.791    0.615   -1.118   -2.003    1.101   -0.688    2.418    1.193
 348.80    6.668    6.687    6.761    0.501   -0.997    1.668    0.501   -0.997   -1.663    0.835   -0.499    2.014    0.963
 348.90    6.656    6.662    6.726    0.273   -0.927    1.656    0.273   -0.927   -1.535    0.451   -0.253    1.839    0.810
 349.00    6.478    6.484    6.561    0.272   -1.001    1.478    0.272   -1.001   -1.479    0.402   -0.272    1.630    0.779
 349.10    6.278    6.305    6.354    0.581   -0.784    1.278    0.581   -0.784   -1.002    0.743   -0.456    1.293    0.664
 349.20    6.093    6.130    6.209    0.670   -0.988    1.093    0.670   -0.988   -1.081    0.733   -0.662    1.311    0.732
 349.30    6.076    6.118    6.130    0.723   -0.372    1.076    0.723   -0.372   -0.400    0.777   -0.269    0.909    0.457
 349.40    6.107    6.143    6.161    0.660   -0.479    1.107    0.660   -0.479   -0.530    0.731   -0.316    0.945    0.478
 349.50    6.147    6.205    6.213    0.840   -0.327    1.147    0.840   -0.327   -0.375    0.964   -0.275    1.065    0.535
 349.60    6.223    6.306    6.307    1.017    0.135    1.223    1.017    0.135    0.165    1.245    0.137    1.275    0.632
 349.70    6.621    6.644    6.646    0.558    0.135    1.621    0.558    0.135    0.219    0.904    0.075    1.478    0.466
 349.80    6.675    6.689    6.713    0.429   -0.571    1.675    0.429   -0.571   -0.956    0.718   -0.245    1.657    0.610
 349.90    6.715    6.730    6.778    0.451   -0.808    1.715    0.451   -0.808   -1.385    0.773   -0.364    1.898    0.814
 350.00    6.903    6.914    6.989    0.380   -1.021    1.903    0.380   -1.021   -1.943    0.723   -0.388    2.404    1.055
 350.10    6.555    6.559    6.629    0.239   -0.964    1.555    0.239   -0.964   -1.498    0.371   -0.230    1.701    0.780
 350.20    6.382    6.389    6.450    0.291   -0.890    1.382    0.291   -0.890   -1.230    0.402   -0.259    1.394    0.660
 350.30    6.576    6.580    6.631    0.237   -0.818    1.576    0.237   -0.818   -1.289    0.374   -0.194    1.604    0.678
 350.40    6.656    6.664    6.725    0.331   -0.898    1.656    0.331   -0.898   -1.488    0.548   -0.297    1.830    0.807
 350.50    6.578    6.578    6.613   -0.033   -0.688    1.578   -0.033   -0.688   -1.085   -0.052    0.023    1.481    0.543
 350.60    6.548    6.548    6.579   -0.014   -0.643    1.548   -0.014   -0.643   -0.995   -0.021    0.009    1.405    0.498
 350.70    6.352    6.353    6.397   -0.034   -0.757    1.352   -0.034   -0.757   -1.024   -0.046    0.026    1.202    0.512
 350.80    6.541    6.543    6.566    0.157   -0.549    1.541    0.157   -0.549   -0.846    0.243   -0.087    1.350    0.442
 350.90    6.467    6.468    6.472    0.058   -0.245    1.467    0.058   -0.245   -0.360    0.085   -0.014    1.108    0.185
 351.00    6.568    6.572    6.585   -0.225   -0.420    1.568   -0.225   -0.420   -0.658   -0.353    0.094    1.343    0.376
 351.10    6.665    6.682    6.698   -0.479   -0.467    1.665   -0.479   -0.467   -0.777   -0.797    0.223    1.609    0.568
 351.20    6.712    6.737    6.752   -0.580   -0.451    1.712   -0.580   -0.451   -0.771   -0.993    0.261    1.735    0.642
 351.30    6.789    6.832    6.833   -0.769   -0.110    1.789   -0.769   -0.110   -0.198   -1.375    0.085    1.902    0.696
 351.40    6.809    6.850    6.852   -0.747   -0.165    1.809   -0.747   -0.165   -0.298   -1.351    0.123    1.928    0.695
 351.50    6.663    6.782    6.790   -1.265   -0.337    1.663   -1.265   -0.337   -0.560   -2.104    0.426    2.239    1.109
 351.60    6.570    6.686    6.696   -1.241   -0.363    1.570   -1.241   -0.363   -0.569   -1.948    0.450    2.068    1.040
 351.70    6.517    6.611    6.621   -1.111   -0.367    1.517   -1.111   -0.367   -0.557   -1.686    0.408    1.835    0.911
 351.80    6.560    6.676    6.686   -1.238   -0.363    1.560   -1.238   -0.363   -0.566   -1.931    0.449    2.049    1.031
 351.90    6.486    6.528    6.528   -0.733   -0.046    1.486   -0.733   -0.046   -0.068   -1.089    0.034    1.374    0.546
 352.00    6.385    6.418    6.418   -0.650    0.062    1.385   -0.650    0.062    0.086   -0.900   -0.041    1.172    0.453
 352.10    6.389    6.415    6.427   -0.583    0.379    1.389   -0.583    0.379    0.526   -0.810   -0.221    1.206    0.495
 352.20    6.297    6.379    6.412   -1.024    0.645    1.297   -1.024    0.645    0.836   -1.328   -0.661    1.573    0.851
 352.30    6.378    6.506    6.518   -1.285    0.404    1.378   -1.285    0.404    0.556   -1.770   -0.519    1.856    0.963
 352.40    6.213    6.351    6.402   -1.316    0.805    1.213   -1.316    0.805    0.977   -1.596   -1.060    1.926    1.075
 352.50    6.399    6.522    6.651   -1.263    1.302    1.399   -1.263    1.302    1.822   -1.767   -1.645    2.624    1.512
 352.60    6.370    6.477    6.620   -1.174    1.368    1.370   -1.174    1.368    1.874   -1.608   -1.606    2.563    1.473
 352.70    6.216    6.320    6.426   -1.143    1.162    1.216   -1.143    1.162    1.414   -1.390   -1.328    2.068    1.193
 352.80    6.228    6.312    6.363   -1.022    0.804    1.228   -1.022    0.804    0.987   -1.256   -0.822    1.600    0.898
 352.90    6.027    6.066    6.097   -0.688    0.619    1.027   -0.688    0.619    0.636   -0.707   -0.426    0.956    0.521
 353.00    6.080    6.143    6.169   -0.872    0.574    1.080   -0.872    0.574    0.620   -0.942   -0.501    1.129    0.617
 353.10    5.994    6.086    6.086   -1.053    0.074    0.994   -1.053    0.074    0.074   -1.047   -0.078    1.051    0.526
 353.20    5.685    5.738    5.738   -0.780    0.037    0.685   -0.780    0.037    0.025   -0.534   -0.029    0.540    0.268
 353.30    5.870    5.943    5.956   -0.932    0.394    0.870   -0.932    0.394    0.342   -0.811   -0.367    0.890    0.477
 353.40    5.830    5.942    5.986   -1.150    0.724    0.830   -1.150    0.724    0.601   -0.954   -0.833    1.268    0.701
 353.50    5.849    6.075    6.114   -1.642    0.692    0.849   -1.642    0.692    0.588   -1.393   -1.137    1.948    0.946
 353.60    6.424    6.672    6.704   -1.803    0.655    1.424   -1.803    0.655    0.933   -2.568   -1.181    2.854    1.488
 353.70    6.255    6.619    6.654   -2.166    0.680    1.255   -2.166    0.680    0.853   -2.717   -1.473    3.364    1.603
 353.80    6.135    6.456    6.486   -2.010    0.628    1.135   -2.010    0.628    0.712   -2.281   -1.262    2.862    1.351
 353.90    5.759    6.067    6.107   -1.910    0.699    0.759   -1.910    0.699    0.531   -1.449   -1.336    2.356    1.020
 354.00    5.536    6.135    6.230   -2.644    1.087    0.536   -2.644    1.087    0.582   -1.417   -2.873    4.230    1.628
 354.10    5.596    6.009    6.070   -2.189    0.855    0.596   -2.189    0.855    0.510   -1.306   -1.872    2.940    1.169
 354.20    5.170    5.521    5.555   -1.936    0.619    0.170   -1.936    0.619    0.105   -0.330   -1.198    2.080    0.624
 354.30    5.415    5.868    5.910   -2.261    0.701    0.415   -2.261    0.701    0.291   -0.939   -1.586    2.888    0.933
 354.40    5.521    5.986    6.018   -2.314    0.624    0.521   -2.314    0.624    0.325   -1.205   -1.443    3.007    0.954
 354.50    5.652    6.035    6.132   -2.116    1.082    0.652   -2.116    1.082    0.706   -1.380   -2.289    3.036    1.383
 354.60    5.091    5.617    5.744   -2.372    1.201    0.091   -2.372    1.201    0.110   -0.216   -2.848    3.538    1.429
 354.70    5.087    5.569    5.615   -2.267    0.719    0.087   -2.267    0.719    0.062   -0.196   -1.630    2.831    0.822
 354.80    5.387    5.873    5.903   -2.340    0.593    0.387   -2.340    0.593    0.230   -0.906   -1.387    2.987    0.836
 354.90    5.570    6.135    6.163   -2.570    0.587    0.570   -2.570    0.587    0.335   -1.465   -1.510    3.638    1.065
 355.00    5.392    5.890    5.919   -2.371    0.590    0.392   -2.371    0.590    0.231   -0.929   -1.400    3.062    0.848
 355.10    5.532    6.197    6.214   -2.792    0.463    0.532   -2.792    0.463    0.246   -1.486   -1.292    4.146    0.992
 355.20    5.469    5.934    6.009   -2.302    0.948    0.469   -2.302    0.948    0.445   -1.079   -2.183    3.209    1.238
 355.30    5.284    5.639    5.731   -1.968    1.025    0.284   -1.968    1.025    0.291   -0.559   -2.018    2.502    1.057
 355.40    5.202    5.450    5.525   -1.625    0.909    0.202   -1.625    0.909    0.183   -0.328   -1.477    1.754    0.762
 355.50    5.388    5.571    5.734   -1.414    1.358    0.388   -1.414    1.358    0.527   -0.549   -1.919    1.996    1.032
 355.60    5.479    5.596    5.806   -1.136    1.547    0.479   -1.136    1.547    0.742   -0.545   -1.757    1.957    0.992
 355.70    5.722    5.804    5.987   -0.974    1.470    0.722   -0.974    1.470    1.061   -0.703   -1.432    1.815    0.958
 355.80    6.254    6.299    6.537   -0.757    1.748    1.254   -0.757    1.748    2.191   -0.949   -1.323    2.600    1.365
 355.90    6.430    6.461    6.722   -0.625    1.855    1.430   -0.625    1.855    2.654   -0.894   -1.160    2.940    1.516
 356.00    6.082    6.156    6.325   -0.947    1.453    1.082   -0.947    1.453    1.573   -1.025   -1.376    2.090    1.164
 356.10    6.584    6.657    6.844   -0.981    1.592    1.584   -0.981    1.592    2.521   -1.553   -1.561    3.002    1.674
 356.20    6.712    6.757    6.864   -0.778    1.207    1.712   -0.778    1.207    2.066   -1.332   -0.939    2.496    1.316
 356.30    6.275    6.324    6.417   -0.787    1.087    1.275   -0.787    1.087    1.386   -1.004   -0.856    1.714    0.957
 356.40    5.848    5.882    5.969   -0.630    1.015    0.848   -0.630    1.015    0.861   -0.534   -0.639    1.073    0.599
 356.50    5.644    5.713    5.823   -0.887    1.124    0.644   -0.887    1.124    0.724   -0.571   -0.997    1.233    0.679
 356.60    5.778    5.857    5.994   -0.957    1.275    0.778   -0.957    1.275    0.992   -0.744   -1.220    1.573    0.870
 356.70    5.389    5.443    5.706   -0.765    1.715    0.389   -0.765    1.715    0.666   -0.297   -1.312    1.838    0.751
 356.80    5.135    5.215    5.561   -0.908    1.933    0.135   -0.908    1.933    0.261   -0.123   -1.754    2.290    0.889
 356.90    4.771    4.835    5.168   -0.782    1.826   -0.229   -0.782    1.826   -0.417    0.179   -1.428    1.998    0.749
 357.00    4.766    4.801    5.223   -0.580    2.057   -0.234   -0.580    2.057   -0.481    0.136   -1.192    2.310    0.647
 357.10    4.775    4.823    5.290   -0.676    2.173   -0.225   -0.676    2.173   -0.488    0.152   -1.469    2.614    0.777
 357.20    4.786    4.856    5.233   -0.819    1.951   -0.214   -0.819    1.951   -0.417    0.175   -1.597    2.260    0.830
 357.30    4.549    4.581    4.844   -0.537    1.575   -0.451   -0.537    1.575   -0.710    0.242   -0.847    1.487    0.566
 357.40    4.954    4.967    5.236   -0.370    1.657   -0.046   -0.370    1.657   -0.077    0.017   -0.614    1.443    0.309
 357.50    5.257    5.263    5.524   -0.254    1.679    0.257   -0.254    1.679    0.432   -0.065   -0.426    1.474    0.305
 357.60    5.157    5.180    5.386   -0.493    1.473    0.157   -0.493    1.473    0.231   -0.077   -0.727    1.219    0.383
 357.70    5.140    5.159    5.304   -0.449    1.233    0.140   -0.449    1.233    0.172   -0.063   -0.553    0.870    0.291
 357.80    5.087    5.095    5.262   -0.286    1.313    0.087   -0.286    1.313    0.114   -0.025   -0.376    0.907    0.197
 357.90    5.449    5.450    5.627   -0.097    1.402    0.449   -0.097    1.402    0.629   -0.044   -0.136    1.088    0.323
 358.00    5.306    5.308    5.556    0.149    1.639    0.306    0.149    1.639    0.502    0.046    0.244    1.401    0.280
 358.10    5.406    5.409    5.515    0.193    1.073    0.406    0.193    1.073    0.435    0.078    0.207    0.676    0.244
 358.20    5.370    5.370    5.571    0.094    1.481    0.370    0.094    1.481    0.547    0.035    0.139    1.169    0.283
 358.30    5.429    5.433    5.684   -0.193    1.671    0.429   -0.193    1.671    0.718   -0.083   -0.323    1.508    0.396
 358.40    5.222    5.227    5.402   -0.224    1.365    0.222   -0.224    1.365    0.303   -0.050   -0.305    0.981    0.217
 358.50    5.139    5.142    5.411   -0.181    1.684    0.139   -0.181    1.684    0.234   -0.025   -0.305    1.444    0.192
 358.60    5.211    5.227    5.478   -0.405    1.641    0.211   -0.405    1.641    0.346   -0.085   -0.664    1.450    0.377
 358.70    5.092    5.123    5.451   -0.563    1.862    0.092   -0.563    1.862    0.172   -0.052   -1.048    1.897    0.532
 358.80    4.637    4.670    4.914   -0.550    1.531   -0.363   -0.550    1.531   -0.555    0.200   -0.843    1.389    0.514
 358.90    4.844    4.894    5.002   -0.696    1.037   -0.156   -0.696    1.037   -0.162    0.109   -0.722    0.792    0.374
 359.00    5.158    5.224    5.332   -0.825    1.070    0.158   -0.825    1.070    0.169   -0.130   -0.882    0.925    0.454
 359.10    5.166    5.211    5.284   -0.684    0.875    0.166   -0.684    0.875    0.145   -0.113   -0.598    0.631    0.313
 359.20    5.464    5.558    5.607   -1.014    0.742    0.464   -1.014    0.742    0.344   -0.471   -0.752    0.897    0.476
 359.30    5.624    5.661    5.766   -0.642    1.096    0.624   -0.642    1.096    0.684   -0.401   -0.704    1.001    0.530
 359.40    5.781    5.830    6.003   -0.753    1.430    0.781   -0.753    1.430    1.117   -0.588   -1.077    1.612    0.830
 359.50    5.822    5.919    6.084   -1.072    1.406    0.822   -1.072    1.406    1.155   -0.881   -1.506    1.900    1.046
 359.60    5.805    5.905    6.104   -1.084    1.545    0.805   -1.084    1.545    1.243   -0.872   -1.675    2.105    1.130
 359.70    5.763    5.808    5.999   -0.722    1.501    0.763   -0.722    1.501    1.146   -0.551   -1.084    1.679    0.836
 359.80    5.845    5.905    6.124   -0.836    1.622    0.845   -0.836    1.622    1.371   -0.707   -1.356    2.022    1.027
 359.90    6.241    6.317    6.481   -0.974    1.450    1.241   -0.974    1.450    1.800   -1.210   -1.412    2.296    1.294
 360.00    6.588    6.635    6.735   -0.793    1.152    1.588   -0.793    1.152    1.829   -1.260   -0.914    2.239    1.201
 360.10    6.592    6.648    6.736   -0.859    1.084    1.592   -0.859    1.084    1.727   -1.368   -0.932    2.225    1.196
 360.20    6.447    6.581    6.728   -1.324    1.396    1.447   -1.324    1.396    2.019   -1.915   -1.848    2.897    1.670
 360.30    6.510    6.599    6.776   -1.077    1.542    1.510   -1.077    1.542    2.329   -1.627   -1.661    2.909    1.645
 360.40    6.662    6.694    6.778   -0.648    1.067    1.662   -0.648    1.067    1.774   -1.077   -0.692    2.161    1.094
 360.50    6.522    6.568    6.711   -0.774    1.377    1.522   -0.774    1.377    2.095   -1.179   -1.066    2.406    1.315
 360.60    6.600    6.644    6.710   -0.762    0.938    1.600   -0.762    0.938    1.500   -1.219   -0.714    2.010    1.030
 360.70    6.874    6.887    6.909   -0.408    0.562    1.874   -0.408    0.562    1.053   -0.765   -0.229    1.998    0.661
 360.80    6.541    6.541    6.591   -0.029    0.815    1.541   -0.029    0.815    1.255   -0.044   -0.023    1.519    0.628
 360.90    6.821    6.821    6.933    0.031    1.239    1.821    0.031    1.239    2.256    0.056    0.038    2.426    1.129
 361.00    6.925    6.928    6.983   -0.189    0.875    1.925   -0.189    0.875    1.684   -0.365   -0.166    2.253    0.866
 361.10    6.577    6.578    6.589   -0.119    0.377    1.577   -0.119    0.377    0.595   -0.188   -0.045    1.322    0.313
 361.20    6.634    6.634    6.670    0.049    0.692    1.634    0.049    0.692    1.130    0.080    0.034    1.575    0.567
 361.30    6.517    6.518    6.587    0.112    0.948    1.517    0.112    0.948    1.439    0.169    0.106    1.607    0.726
 361.40    6.246    6.248    6.300    0.142    0.806    1.246    0.142    0.806    1.004    0.177    0.114    1.111    0.513
 361.50    6.866    6.877    6.935    0.395    0.895    1.866    0.395    0.895    1.669    0.736    0.353    2.219    0.929
 361.60    6.719    6.725    6.736    0.275    0.389    1.719    0.275    0.389    0.669    0.472    0.107    1.591    0.413
 361.70    6.541    6.556    6.565    0.442    0.361    1.541    0.442    0.361    0.556    0.681    0.159    1.349    0.447
 361.80    6.409    6.421    6.423    0.377    0.188    1.409    0.377    0.188    0.265    0.532    0.071    1.082    0.299
 361.90    6.387    6.389    6.396    0.147    0.300    1.387    0.147    0.300    0.417    0.204    0.044    1.018    0.233
 362.00    6.333    6.346    6.355   -0.398    0.337    1.333   -0.398    0.337    0.449   -0.531   -0.134    1.025    0.354
 362.10    6.389    6.390    6.400   -0.084    0.356    1.389   -0.084    0.356    0.494   -0.117   -0.030    1.032    0.254
 362.20    6.545    6.550    6.595   -0.250    0.772    1.545   -0.250    0.772    1.193   -0.387   -0.193    1.523    0.635
 362.30    6.304    6.308    6.388   -0.216    1.007    1.304   -0.216    1.007    1.313   -0.281   -0.217    1.381    0.680
 362.40    6.520    6.530    6.641   -0.367    1.211    1.520   -0.367    1.211    1.840   -0.558   -0.445    1.955    0.987
 362.50    6.740    6.740    6.890    0.010    1.429    1.740    0.010    1.429    2.486    0.017    0.014    2.535    1.243
 362.60    6.681    6.685    6.844    0.234    1.469    1.681    0.234    1.469    2.469    0.393    0.344    2.519    1.262
 362.70    6.633    6.668    6.811    0.682    1.387    1.633    0.682    1.387    2.266    1.114    0.947    2.528    1.348
 362.80    6.429    6.541    6.619    1.207    1.011    1.429    1.207    1.011    1.444    1.724    1.220    2.259    1.279
 362.90    6.346    6.511    6.607    1.454    1.127    1.346    1.454    1.127    1.517    1.958    1.639    2.599    1.485
 363.00    6.564    6.756    6.847    1.602    1.110    1.564    1.602    1.110    1.736    2.506    1.778    3.122    1.764
 363.10    6.437    6.625    6.703    1.569    1.019    1.437    1.569    1.019    1.464    2.253    1.599    2.782    1.564
 363.20    6.264    6.423    6.521    1.422    1.124    1.264    1.422    1.124    1.420    1.798    1.598    2.441    1.397
 363.30    6.148    6.241    6.306    1.075    0.901    1.148    1.075    0.901    1.034    1.234    0.968    1.643    0.940
 363.40    6.010    6.078    6.095    0.903    0.460    1.010    0.903    0.460    0.465    0.912    0.415    1.024    0.552
 363.50    6.256    6.349    6.361    1.082    0.386    1.256    1.082    0.386    0.484    1.359    0.417    1.449    0.751
 363.60    6.599    6.648    6.651    0.805    0.221    1.599    0.805    0.221    0.353    1.286    0.178    1.626    0.673
 363.70    6.724    6.757    6.766    0.666    0.355    1.724    0.666    0.355    0.613    1.149    0.237    1.772    0.662
 363.80    6.580    6.607    6.677    0.596    0.962    1.580    0.596    0.962    1.520    0.942    0.573    1.889    0.939
 363.90    6.870    6.903    6.984    0.673    1.059    1.870    0.673    1.059    1.980    1.258    0.712    2.535    1.226
 364.00    6.735    6.819    6.836    1.071    0.484    1.735    1.071    0.484    0.840    1.858    0.519    2.195    1.052
 364.10    6.772    6.892    6.909    1.282    0.481    1.772    1.282    0.481    0.853    2.271    0.617    2.507    1.251
 364.20    6.742    6.919    6.954    1.551    0.699    1.742    1.551    0.699    1.218    2.702    1.084    2.965    1.578
 364.30    6.657    6.851    6.878    1.618    0.612    1.657    1.618    0.612    1.015    2.681    0.991    2.870    1.517
 364.40    6.787    7.056    7.111    1.931    0.884    1.787    1.931    0.884    1.579    3.450    1.707    3.851    2.080
 364.50    6.887    7.358    7.421    2.591    0.965    1.887    2.591    0.965    1.821    4.887    2.500    5.601    2.892
 364.60    6.641    6.912    6.954    1.918    0.758    1.641    1.918    0.758    1.244    3.148    1.454    3.474    1.842
 364.70    6.929    7.122    7.221    1.648    1.188    1.929    1.648    1.188    2.292    3.178    1.958    3.924    2.190
 364.80    7.020    7.217    7.289    1.675    1.023    2.020    1.675    1.023    2.066    3.384    1.714    3.966    2.160
 364.90    7.292    7.549    7.588    1.953    0.764    2.292    1.953    0.764    1.751    4.476    1.491    4.825    2.516
 365.00    7.383    7.657    7.722    2.028    1.002    2.383    2.028    1.002    2.389    4.834    2.033    5.400    2.881
 365.10    7.215    7.474    7.548    1.949    1.055    2.215    1.949    1.055    2.337    4.318    2.057    4.910    2.661
 365.20    6.845    7.108    7.193    1.915    1.106    1.845    1.915    1.106    2.041    3.533    2.119    4.148    2.299
 365.30    6.846    7.091    7.165    1.850    1.026    1.846    1.850    1.026    1.894    3.414    1.898    3.941    2.171
 365.40    6.849    7.041    7.074    1.635    0.683    1.849    1.635    0.683    1.262    3.022    1.116    3.278    1.730
 365.50    6.996    7.196    7.275    1.685    1.068    1.996    1.685    1.068    2.131    3.364    1.799    3.982    2.185
 365.60    6.898    7.136    7.224    1.828    1.127    1.898    1.828    1.127    2.139    3.468    2.060    4.106    2.283
 365.70    6.892    7.109    7.181    1.741    1.015    1.892    1.741    1.015    1.921    3.294    1.767    3.821    2.101
 365.80    6.776    6.920    6.993    1.404    1.008    1.776    1.404    1.008    1.791    2.493    1.415    3.071    1.690
 365.90    6.816    7.035    7.061    1.741    0.616    1.816    1.741    0.616    1.119    3.161    1.073    3.354    1.760
 366.00    6.675    6.916    6.937    1.812    0.536    1.675    1.812    0.536    0.897    3.035    0.971    3.188    1.655
 366.10    6.405    6.628    6.682    1.702    0.852    1.405    1.702    0.852    1.198    2.393    1.451    2.800    1.522
 366.20    6.699    6.859    6.872    1.475    0.415    1.699    1.475    0.415    0.705    2.506    0.612    2.617    1.337
 366.30    6.646    6.848    6.851    1.651    0.193    1.646    1.651    0.193    0.318    2.717    0.319    2.736    1.377
 366.40    6.892    7.013    7.025    1.297    0.405    1.892    1.297    0.405    0.766    2.453    0.525    2.713    1.312
 366.50    6.632    6.720    6.720    1.080    0.056    1.632    1.080    0.056    0.091    1.763    0.060    1.917    0.883
 366.60    6.727    6.829    6.830    1.176    0.118    1.727    1.176    0.118    0.203    2.031    0.138    2.190    1.023
 366.70    6.903    6.958    6.958    0.879    0.003    1.903    0.879    0.003    0.005    1.672    0.002    2.196    0.836
 366.80    6.518    6.598    6.599    1.025   -0.085    1.518    1.025   -0.085   -0.129    1.556   -0.087    1.682    0.782
 366.90    6.779    6.847    6.847    0.960   -0.086    1.779    0.960   -0.086   -0.152    1.708   -0.082    2.047    0.858
 367.00    6.628    6.750    6.751    1.276    0.121    1.628    1.276    0.121    0.197    2.078    0.154    2.147    1.047
 367.10    6.605    6.662    6.673    0.871    0.374    1.605    0.871    0.374    0.601    1.398    0.326    1.737    0.778
 367.20    6.806    6.813    6.828    0.312    0.456    1.806    0.312    0.456    0.823    0.564    0.142    1.783    0.504
 367.30    6.843    6.860    6.939    0.482    1.043    1.843    0.482    1.043    1.922    0.888    0.502    2.358    1.088
 367.40    7.213    7.218    7.237    0.250    0.524    2.213    0.250    0.524    1.159    0.553    0.131    2.617    0.645
 367.50    7.440    7.440    7.451    0.038    0.404    2.440    0.038    0.404    0.986    0.093    0.015    3.058    0.495
 367.60    7.426    7.428    7.460   -0.180    0.681    2.426   -0.180    0.681    1.653   -0.437   -0.123    3.192    0.857
 367.70    7.576    7.578    7.617   -0.181    0.766    2.576   -0.181    0.766    1.973   -0.466   -0.139    3.628    1.016
 367.80    7.499    7.510    7.577    0.406    1.006    2.499    0.406    1.006    2.513    1.015    0.408    3.710    1.370
 367.90    7.860    7.867    7.937    0.330    1.048    2.860    0.330    1.048    2.999    0.945    0.346    4.695    1.581
 368.00    7.953    7.953    7.974    0.099    0.578    2.953    0.099    0.578    1.707    0.292    0.057    4.532    0.866
 368.10    7.660    7.673    7.684    0.439    0.407    2.660    0.439    0.407    1.082    1.169    0.179    3.718    0.802
 368.20    7.386    7.409    7.422    0.589    0.438    2.386    0.589    0.438    1.045    1.405    0.258    3.115    0.885
 368.30    7.519    7.562    7.565    0.803    0.221    2.519    0.803    0.221    0.556    2.023    0.177    3.519    1.053
 368.40    7.446    7.466    7.471    0.549   -0.283    2.446    0.549   -0.283   -0.692    1.342   -0.155    3.181    0.759
 368.50    7.655    7.668    7.675    0.443   -0.318    2.655    0.443   -0.318   -0.843    1.177   -0.141    3.674    0.727
 368.60    7.585    7.619    7.620    0.716   -0.153    2.585    0.716   -0.153   -0.396    1.852   -0.110    3.610    0.948
 368.70    7.612    7.633    7.641    0.562    0.347    2.612    0.562    0.347    0.908    1.468    0.195    3.631    0.869
 368.80    7.583    7.633    7.642    0.871    0.370    2.583    0.871    0.370    0.956    2.250    0.322    3.784    1.233
 368.90    7.511    7.630    7.656    1.344    0.626    2.511    1.344    0.626    1.572    3.375    0.841    4.251    1.908
 369.00    6.933    7.082    7.087    1.442    0.278    1.933    1.442    0.278    0.537    2.788    0.401    2.948    1.434
 369.10    6.734    6.835    6.869    1.171    0.675    1.734    1.171    0.675    1.171    2.030    0.790    2.417    1.236
 369.20    6.913    6.954    7.035    0.751    1.067    1.913    0.751    1.067    2.041    1.436    0.801    2.681    1.310
 369.30    7.141    7.196    7.310    0.885    1.286    2.141    0.885    1.286    2.754    1.895    1.138    3.511    1.765
 369.40    7.185    7.206    7.319    0.544    1.281    2.185    0.544    1.281    2.799    1.188    0.697    3.356    1.560
 369.50    7.137    7.153    7.214    0.485    0.936    2.137    0.485    0.936    2.000    1.037    0.454    2.838    1.149
 369.60    7.248    7.303    7.357    0.895    0.891    2.248    0.895    0.891    2.002    2.012    0.797    3.324    1.474
 369.70    7.331    7.389    7.400    0.917    0.415    2.331    0.917    0.415    0.967    2.138    0.380    3.224    1.188
 369.80    7.409    7.472    7.474    0.967    0.174    2.409    0.967    0.174    0.418    2.329    0.168    3.384    1.186
 369.90    7.388    7.445    7.447    0.922   -0.167    2.388    0.922   -0.167   -0.399    2.202   -0.154    3.290    1.122
 370.00    7.586    7.614    7.614    0.646   -0.088    2.586    0.646   -0.088   -0.227    1.670   -0.057    3.556    0.843
 370.10    7.933    7.952    7.964    0.549    0.432    2.933    0.549    0.432    1.267    1.611    0.237    4.545    1.032
 370.20    7.616    7.632    7.637    0.503    0.260    2.616    0.503    0.260    0.681    1.317    0.131    3.581    0.744
 370.30    7.840    7.875    7.891    0.742    0.507    2.840    0.742    0.507    1.440    2.107    0.376    4.437    1.290
 370.40    7.688    7.739    7.768    0.888    0.673    2.688    0.888    0.673    1.810    2.387    0.598    4.233    1.527
 370.50    7.462    7.472    7.521    0.383    0.858    2.462    0.383    0.858    2.113    0.943    0.329    3.472    1.168
 370.60    7.434    7.444    7.479    0.381    0.724    2.434    0.381    0.724    1.762    0.928    0.276    3.298    1.005
 370.70    7.548    7.550    7.566    0.191    0.483    2.548    0.191    0.483    1.231    0.487    0.092    3.381    0.664
 370.80    7.307    7.315    7.329    0.355    0.448    2.307    0.355    0.448    1.032    0.819    0.159    2.824    0.664
 370.90    7.368    7.368    7.384    0.084    0.474    2.368    0.084    0.474    1.123    0.200    0.040    2.920    0.571
 371.00    7.437    7.439    7.445   -0.175    0.308    2.437   -0.175    0.308    0.750   -0.427   -0.054    3.031    0.432
 371.10    7.259    7.262    7.270   -0.200    0.340    2.259   -0.200    0.340    0.769   -0.451   -0.068    2.629    0.447
 371.20    6.823    6.829    6.880   -0.276    0.840    1.823   -0.276    0.840    1.531   -0.504   -0.232    2.053    0.814
 371.30    6.738    6.750    6.804   -0.395    0.860    1.738   -0.395    0.860    1.494   -0.687   -0.340    1.958    0.840
 371.40    6.705    6.706    6.829   -0.040    1.293    1.705   -0.040    1.293    2.205   -0.067   -0.051    2.291    1.103
 371.50    6.626    6.627    6.757   -0.137    1.319    1.626   -0.137    1.319    2.144   -0.223   -0.181    2.200    1.082
 371.60    6.659    6.668    6.730   -0.336    0.914    1.659   -0.336    0.914    1.516   -0.558   -0.307    1.850    0.822
 371.70    6.775    6.775    6.826    0.009    0.830    1.775    0.009    0.830    1.473    0.016    0.008    1.920    0.736
 371.80    6.276    6.278    6.325    0.159    0.769    1.276    0.159    0.769    0.981    0.203    0.122    1.122    0.505
 371.90    6.354    6.381    6.459    0.592    0.997    1.354    0.592    0.997    1.350    0.802    0.591    1.589    0.839
 372.00    6.426    6.440    6.528    0.416    1.069    1.426    0.416    1.069    1.525    0.594    0.445    1.676    0.848
 372.10    6.498    6.518    6.625    0.507    1.189    1.498    0.507    1.189    1.782    0.759    0.603    1.958    1.014
 372.20    6.530    6.573    6.650    0.753    1.009    1.530    0.753    1.009    1.543    1.152    0.759    1.962    1.035
 372.30    6.942    6.962    7.081    0.526    1.292    1.942    0.526    1.292    2.509    1.021    0.679    2.858    1.396
 372.40    6.827    6.858    6.974    0.651    1.268    1.827    0.651    1.268    2.316    1.190    0.826    2.685    1.366
 372.50    6.747    6.782    6.894    0.686    1.239    1.747    0.686    1.239    2.165    1.199    0.851    2.530    1.309
 372.60    6.962    6.962    7.099    0.064    1.386    1.962    0.064    1.386    2.720    0.125    0.088    2.887    1.362
 372.70    7.034    7.035    7.138   -0.146    1.208    2.034   -0.146    1.208    2.457   -0.297   -0.177    2.809    1.241
 372.80    6.765    6.775    6.949   -0.372    1.545    1.765   -0.372    1.545    2.728   -0.657   -0.575    2.821    1.432
 372.90    7.152    7.178    7.430   -0.612    1.920    2.152   -0.612    1.920    4.131   -1.316   -1.174    4.345    2.246
 373.00    6.749    6.772    6.991   -0.556    1.737    1.749   -0.556    1.737    3.037   -0.973   -0.966    3.192    1.666
 373.10    6.161    6.173    6.333   -0.384    1.414    1.161   -0.384    1.414    1.641   -0.446   -0.543    1.747    0.893
 373.20    6.520    6.541    6.609   -0.529    0.943    1.520   -0.529    0.943    1.434   -0.805   -0.499    1.740    0.859
 373.30    6.723    6.789    6.816   -0.942    0.613    1.723   -0.942    0.613    1.056   -1.623   -0.577    2.116    1.010
 373.40    6.465    6.548    6.599   -1.036    0.824    1.465   -1.036    0.824    1.208   -1.518   -0.854    1.950    1.060
 373.50    6.047    6.092    6.217   -0.742    1.238    1.047   -0.742    1.238    1.296   -0.777   -0.919    1.589    0.884
 373.60    5.712    5.801    5.926   -1.014    1.210    0.712   -1.014    1.210    0.861   -0.722   -1.227    1.500    0.832
 373.70    6.056    6.133    6.208   -0.970    0.961    1.056   -0.970    0.961    1.015   -1.024   -0.932    1.490    0.858
 373.80    5.553    5.642    5.675   -0.999    0.616    0.553   -0.999    0.616    0.340   -0.552   -0.615    0.841    0.447
 373.90    5.850    5.931    5.954   -0.977    0.523    0.850   -0.977    0.523    0.444   -0.830   -0.510    0.975    0.536
 374.00    6.018    6.046    6.050   -0.585    0.231    1.018   -0.585    0.231    0.235   -0.595   -0.135    0.715    0.327
 374.10    5.979    6.015    6.015   -0.657   -0.037    0.979   -0.657   -0.037   -0.037   -0.643    0.025    0.696    0.322
 374.20    5.854    5.975    5.978   -1.197    0.201    0.854   -1.197    0.201    0.171   -1.022   -0.240    1.101    0.532
 374.30    6.258    6.357    6.374   -1.119    0.468    1.258   -1.119    0.468    0.589   -1.407   -0.524    1.527    0.807
 374.40    6.517    6.644    6.684   -1.291    0.733    1.517   -1.291    0.733    1.112   -1.958   -0.946    2.253    1.221
 374.50    6.517    6.631    6.648   -1.227    0.471    1.517   -1.227    0.471    0.714   -1.861   -0.577    2.014    1.037
 374.60    6.858    6.927    6.930   -0.974    0.195    1.858   -0.974    0.195    0.363   -1.810   -0.190    2.220    0.928
 374.70    6.742    6.844    6.846   -1.173    0.181    1.742   -1.173    0.181    0.315   -2.044   -0.212    2.223    1.040
 374.80    6.490    6.604    6.609   -1.227    0.233    1.490   -1.227    0.233    0.346   -1.827   -0.285    1.889    0.941
 374.90    6.873    6.972    6.974   -1.171   -0.170    1.873   -1.171   -0.170   -0.319   -2.193    0.199    2.454    1.113
 375.00    6.816    7.031    7.039   -1.724   -0.334    1.816   -1.724   -0.334   -0.607   -3.131    0.576    3.191    1.620
 375.10    6.867    6.969    6.998   -1.187   -0.637    1.867   -1.187   -0.637   -1.189   -2.217    0.756    2.651    1.313
 375.20    7.000    7.047    7.069   -0.815   -0.554    2.000   -0.815   -0.554   -1.107   -1.630    0.451    2.485    1.010
 375.30    7.072    7.150    7.158   -1.050   -0.343    2.072   -1.050   -0.343   -0.710   -2.176    0.360    2.757    1.158
 375.40    6.846    6.966    6.967   -1.288   -0.114    1.846   -1.288   -0.114   -0.211   -2.377    0.147    2.540    1.196
 375.50    7.012    7.163    7.163   -1.464    0.027    2.012   -1.464    0.027    0.055   -2.944   -0.040    3.095    1.472
 375.60    7.239    7.387    7.391   -1.470    0.263    2.239   -1.470    0.263    0.589   -3.292   -0.387    3.622    1.683
 375.70    7.548    7.641    7.642   -1.194    0.096    2.548   -1.194    0.096    0.244   -3.043   -0.114    3.963    1.527
 375.80    7.210    7.297    7.297   -1.121    0.119    2.210   -1.121    0.119    0.262   -2.478   -0.133    3.077    1.248
 375.90    7.102    7.129    7.138   -0.622   -0.355    2.102   -0.622   -0.355   -0.747   -1.307    0.221    2.465    0.761
 376.00    7.244    7.293    7.296   -0.838   -0.217    2.244   -0.838   -0.217   -0.486   -1.880    0.182    2.893    0.975
 376.10    7.243    7.318    7.318   -1.041    0.056    2.243   -1.041    0.056    0.126   -2.336   -0.058    3.059    1.170
 376.20    7.622    7.627    7.628   -0.274    0.131    2.622   -0.274    0.131    0.343   -0.718   -0.036    3.484    0.398
 376.30    7.421    7.427    7.433   -0.304   -0.298    2.421   -0.304   -0.298   -0.722   -0.735    0.091    3.022    0.517
 376.40    7.663    7.677    7.679   -0.459   -0.169    2.663   -0.459   -0.169   -0.449   -1.222    0.077    3.665    0.652
 376.50    7.471    7.477    7.477   -0.305    0.061    2.471   -0.305    0.061    0.152   -0.753   -0.019    3.100    0.384
 376.60    7.264    7.291    7.291   -0.618   -0.006    2.264   -0.618   -0.006   -0.014   -1.400    0.004    2.755    0.700
 376.70    7.279    7.311    7.356   -0.684    0.816    2.279   -0.684    0.816    1.860   -1.559   -0.559    3.163    1.245
 376.80    7.409    7.428    7.446   -0.529    0.520    2.409   -0.529    0.520    1.253   -1.273   -0.275    3.178    0.904
 376.90    7.461    7.479    7.479   -0.520    0.034    2.461   -0.520    0.034    0.085   -1.279   -0.018    3.164    0.641
 377.00    7.424    7.432    7.440   -0.350    0.345    2.424   -0.350    0.345    0.836   -0.847   -0.121    3.058    0.598
 377.10    7.619    7.652    7.654   -0.711    0.173    2.619   -0.711    0.173    0.452   -1.862   -0.123    3.697    0.960
 377.20    7.741    7.793    7.793   -0.896    0.069    2.741   -0.896    0.069    0.188   -2.455   -0.062    4.160    1.232
 377.30    7.368    7.384    7.388   -0.478    0.259    2.368   -0.478    0.259    0.614   -1.132   -0.124    2.952    0.647
 377.40    7.361    7.399    7.408   -0.754    0.353    2.361   -0.754    0.353    0.834   -1.781   -0.267    3.133    0.992
 377.50    7.043    7.114    7.119   -1.007    0.262    2.043   -1.007    0.262    0.536   -2.056   -0.264    2.627    1.071
 377.60    7.050    7.130    7.132   -1.064    0.157    2.050   -1.064    0.157    0.321   -2.181   -0.167    2.680    1.105
 377.70    6.734    6.803    6.803   -0.963   -0.073    1.734   -0.963   -0.073   -0.127   -1.671    0.070    1.971    0.838
 377.80    6.374    6.436    6.447   -0.895    0.378    1.374   -0.895    0.378    0.519   -1.230   -0.338    1.416    0.689
 377.90    6.420    6.500    6.501   -1.013    0.121    1.420   -1.013    0.121    0.172   -1.438   -0.123    1.529    0.727
 378.00    6.466    6.577    6.580   -1.206    0.201    1.466   -1.206    0.201    0.294   -1.767   -0.242    1.821    0.904
 378.10    5.963    6.101    6.122   -1.289    0.507    0.963   -1.289    0.507    0.488   -1.241   -0.654    1.423    0.743
 378.20    6.113    6.220    6.220   -1.149    0.082    1.113   -1.149    0.082    0.092   -1.278   -0.095    1.282    0.643
 378.30    6.006    6.113    6.115   -1.135   -0.187    1.006   -1.135   -0.187   -0.188   -1.142    0.212    1.168    0.588
 378.40    6.532    6.626    6.647   -1.118   -0.518    1.532   -1.118   -0.518   -0.794   -1.712    0.579    1.932    0.987
 378.50    6.577    6.682    6.723   -1.179   -0.737    1.577   -1.179   -0.737   -1.162   -1.859    0.869    2.210    1.179
 378.60    6.399    6.485    6.523   -1.047   -0.711    1.399   -1.047   -0.711   -0.995   -1.465    0.744    1.780    0.961
 378.70    6.611    6.683    6.706   -0.981   -0.559    1.611   -0.981   -0.559   -0.901   -1.580    0.549    1.935    0.950
 378.80    6.570    6.668    6.680   -1.141   -0.393    1.570   -1.141   -0.393   -0.618   -1.792    0.449    1.961    0.974
 378.90    6.538    6.627    6.627   -1.078    0.014    1.538   -1.078    0.014    0.022   -1.659   -0.015    1.765    0.830
 379.00    6.486    6.550    6.569   -0.912    0.507    1.486   -0.912    0.507    0.754   -1.355   -0.463    1.649    0.809
 379.10    6.388    6.435    6.441   -0.774    0.288    1.388   -0.774    0.288    0.399   -1.074   -0.223    1.304    0.584
 379.20    6.739    6.751    6.761   -0.399    0.366    1.739   -0.399    0.366    0.636   -0.693   -0.146    1.659    0.476
 379.30    6.720    6.747    6.755   -0.608    0.323    1.720   -0.608    0.323    0.556   -1.046   -0.197    1.716    0.601
 379.40    6.593    6.612    6.613   -0.496    0.146    1.593   -0.496    0.146    0.232   -0.790   -0.072    1.402    0.413
 379.50    6.905    6.922    6.925   -0.491    0.196    1.905   -0.491    0.196    0.373   -0.936   -0.096    1.954    0.506
 379.60    7.092    7.095    7.096   -0.201    0.121    2.092   -0.201    0.121    0.253   -0.420   -0.024    2.216    0.246
 379.70    6.986    6.988    6.992    0.157    0.261    1.986    0.157    0.261    0.518    0.312    0.041    2.018    0.303
 379.80    7.362    7.364    7.378    0.192    0.444    2.362    0.192    0.444    1.048    0.454    0.085    2.906    0.573
 379.90    7.595    7.614    7.630    0.542    0.493    2.595    0.542    0.493    1.278    1.405    0.267    3.634    0.959
 380.00    7.626    7.644    7.656    0.527    0.426    2.626    0.527    0.426    1.119    1.385    0.225    3.677    0.897
 380.10    7.886    7.894    7.899    0.338    0.301    2.886    0.338    0.301    0.868    0.977    0.102    4.268    0.655
 380.20    7.282    7.302    7.324    0.533    0.572    2.282    0.533    0.572    1.306    1.216    0.305    2.910    0.905
 380.30    7.756    7.762    7.799    0.302    0.759    2.756    0.302    0.759    2.091    0.831    0.229    4.132    1.131
 380.40    7.671    7.680    7.709    0.380    0.668    2.671    0.380    0.668    1.784    1.015    0.254    3.863    1.034
 380.50    7.611    7.618    7.637    0.334    0.532    2.611    0.334    0.532    1.388    0.872    0.178    3.605    0.824
 380.60    7.560    7.584    7.620    0.606    0.737    2.560    0.606    0.737    1.886    1.551    0.447    3.731    1.241
 380.70    7.548    7.548    7.602    0.095    0.897    2.548    0.095    0.897    2.286    0.242    0.085    3.653    1.150
 380.80    7.274    7.296    7.330   -0.576    0.698    2.274   -0.576    0.698    1.587   -1.309   -0.402    2.994    1.048
 380.90    6.805    6.823    6.837   -0.491    0.437    1.805   -0.491    0.437    0.789   -0.887   -0.215    1.846    0.603
 381.00    6.867    6.889    6.905   -0.540    0.473    1.867   -0.540    0.473    0.883   -1.009   -0.255    2.001    0.682
 381.10    6.916    6.944    6.947   -0.625    0.180    1.916   -0.625    0.180    0.345   -1.198   -0.113    2.047    0.626
 381.20    6.731    6.735    6.736   -0.246   -0.020    1.731   -0.246   -0.020   -0.034   -0.425    0.005    1.529    0.213
 381.30    6.961    6.963    6.969   -0.154    0.285    1.961   -0.154    0.285    0.559   -0.303   -0.044    1.975    0.319
 381.40    6.788    6.789    6.789   -0.106    0.020    1.788   -0.106    0.020    0.035   -0.189   -0.002    1.605    0.096
 381.50    6.601    6.602    6.611   -0.103   -0.348    1.601   -0.103   -0.348   -0.558   -0.165    0.036    1.347    0.291
 381.60    6.477    6.480    6.483    0.188   -0.216    1.477    0.188   -0.216   -0.320    0.277   -0.041    1.132    0.212
 381.70    6.473    6.473    6.474   -0.055   -0.076    1.473   -0.055   -0.076   -0.112   -0.082    0.004    1.089    0.069
 381.80    6.377    6.378    6.378   -0.120    0.002    1.377   -0.120    0.002    0.003   -0.166   -0.000    0.955    0.083
 381.90    6.176    6.178    6.198    0.129   -0.503    1.176    0.129   -0.503   -0.592    0.152   -0.065    0.827    0.307
 382.00    6.520    6.528    6.550    0.321   -0.533    1.520    0.321   -0.533   -0.811    0.489   -0.171    1.350    0.481
 382.10    6.666    6.670    6.702    0.225   -0.655    1.666    0.225   -0.655   -1.091    0.375   -0.147    1.628    0.581
 382.20    6.347    6.353    6.391   -0.273   -0.696    1.347   -0.273   -0.696   -0.938   -0.368    0.190    1.187    0.513
 382.30    6.274    6.274    6.319    0.009   -0.750    1.274    0.009   -0.750   -0.955    0.011   -0.007    1.093    0.478
 382.40    6.389    6.394    6.430   -0.261   -0.679    1.389   -0.261   -0.679   -0.943   -0.363    0.177    1.229    0.513
 382.50    6.518    6.518    6.547   -0.002   -0.619    1.518   -0.002   -0.619   -0.940   -0.004    0.002    1.344    0.470
 382.60    6.541    6.543    6.543   -0.139   -0.030    1.541   -0.139   -0.030   -0.046   -0.214    0.004    1.198    0.109
 382.70    6.243    6.247    6.247   -0.204   -0.056    1.243   -0.204   -0.056   -0.070   -0.253    0.011    0.795    0.132
 382.80    5.834    5.834    5.837   -0.017    0.209    0.834   -0.017    0.209    0.174   -0.014   -0.004    0.369    0.087
 382.90    5.763    5.764    5.765    0.094   -0.106    0.763    0.094   -0.106   -0.081    0.072   -0.010    0.301    0.054
 383.00    5.607    5.624    5.624   -0.431    0.015    0.607   -0.431    0.015    0.009   -0.262   -0.006    0.277    0.131
 383.10    5.726    5.727    5.729   -0.094    0.142    0.726   -0.094    0.142    0.103   -0.068   -0.013    0.278    0.062
 383.20    5.877    5.890    5.895    0.396    0.239    0.877    0.396    0.239    0.209    0.347    0.094    0.491    0.208
 383.30    5.667    5.692    5.695    0.537    0.187    0.667    0.537    0.187    0.125    0.358    0.101    0.384    0.196
 383.40    6.058    6.070    6.071    0.388   -0.055    1.058    0.388   -0.055   -0.058    0.411   -0.021    0.636    0.208
 383.50    6.331    6.350    6.351    0.488    0.115    1.331    0.488    0.115    0.153    0.649    0.056    1.011    0.335
 383.60    6.771    6.792    6.822    0.539    0.638    1.771    0.539    0.638    1.130    0.955    0.344    1.917    0.760
 383.70    6.181    6.212    6.231    0.619    0.487    1.181    0.619    0.487    0.575    0.731    0.301    1.008    0.489
 383.80    5.755    5.786    5.796    0.601    0.336    0.755    0.601    0.336    0.253    0.453    0.202    0.522    0.279
 383.90    5.662    5.698    5.717    0.640    0.470    0.662    0.640    0.470    0.311    0.423    0.301    0.534    0.303
 384.00    5.891    5.918    5.936    0.566    0.463    0.891    0.566    0.463    0.413    0.504    0.262    0.664    0.351
 384.10    5.907    5.920    5.930    0.389    0.343    0.907    0.389    0.343    0.311    0.353    0.133    0.546    0.244
 384.20    5.988    6.045    6.076    0.827    0.614    0.988    0.827    0.614    0.607    0.817    0.508    1.018    0.569
 384.30    6.678    6.718    6.753    0.729    0.691    1.678    0.729    0.691    1.160    1.223    0.504    1.913    0.880
 384.40    6.697    6.699    6.729    0.180    0.638    1.697    0.180    0.638    1.083    0.306    0.115    1.659    0.565
 384.50    6.793    6.799    6.880    0.274    1.051    1.793    0.274    1.051    1.885    0.492    0.288    2.198    0.985
 384.60    6.213    6.219    6.263    0.283    0.738    1.213    0.283    0.738    0.895    0.343    0.209    1.048    0.490
 384.70    6.049    6.052    6.103    0.181    0.785    1.049    0.181    0.785    0.824    0.190    0.142    0.875    0.429
 384.80    6.185    6.195    6.257    0.343    0.877    1.185    0.343    0.877    1.040    0.407    0.301    1.146    0.578
 384.90    6.382    6.385    6.421    0.208    0.674    1.382    0.208    0.674    0.931    0.287    0.140    1.203    0.492
 385.00    6.117    6.134    6.143    0.446    0.341    1.117    0.446    0.341    0.380    0.499    0.152    0.782    0.323
 385.10    6.268    6.291    6.300    0.533    0.335    1.268    0.533    0.335    0.425    0.676    0.179    1.002    0.409
 385.20    6.393    6.440    6.468    0.776    0.607    1.393    0.776    0.607    0.845    1.081    0.471    1.455    0.725
 385.30    6.438    6.480    6.500    0.740    0.505    1.438    0.740    0.505    0.727    1.064    0.374    1.435    0.671
 385.40    6.422    6.463    6.472    0.727    0.339    1.422    0.727    0.339    0.483    1.034    0.247    1.333    0.584
 385.50    6.629    6.641    6.659    0.389    0.491    1.629    0.389    0.491    0.800    0.634    0.191    1.523    0.519
 385.60    6.458    6.465    6.476    0.295    0.379    1.458    0.295    0.379    0.552    0.430    0.112    1.179    0.354
 385.70    6.613    6.615    6.615    0.156    0.045    1.613    0.156    0.045    0.072    0.252    0.007    1.314    0.131
 385.80    6.658    6.659    6.659    0.037    0.044    1.658    0.037    0.044    0.073    0.061    0.002    1.377    0.048
 385.90    6.473    6.479    6.484   -0.268    0.255    1.473   -0.268    0.255    0.376   -0.395   -0.068    1.154    0.275
 386.00    6.242    6.249    6.250    0.301    0.083    1.242    0.301    0.083    0.104    0.374    0.025    0.820    0.194
 386.10    6.459    6.459    6.464    0.084    0.251    1.459    0.084    0.251    0.366    0.123    0.021    1.099    0.193
 386.20    6.431    6.451    6.462    0.503    0.385    1.431    0.503    0.385    0.551    0.719    0.193    1.224    0.463
 386.30    6.317    6.346    6.371    0.612    0.562    1.317    0.612    0.562    0.739    0.805    0.343    1.212    0.573
 386.40    6.042    6.078    6.098    0.666    0.489    1.042    0.666    0.489    0.509    0.694    0.326    0.884    0.460
 386.50    5.894    5.900    5.917    0.270    0.441    0.894    0.270    0.441    0.394    0.241    0.119    0.533    0.239
 386.60    6.055    6.056    6.060   -0.118    0.222    1.055   -0.118    0.222    0.234   -0.124   -0.026    0.588    0.133
 386.70    6.232    6.245    6.257   -0.412    0.382    1.232   -0.412    0.382    0.470   -0.508   -0.157    0.916    0.355
 386.80    6.018    6.023    6.036   -0.247    0.387    1.018   -0.247    0.387    0.394   -0.252   -0.096    0.624    0.239
 386.90    6.252    6.252    6.272    0.063    0.494    1.252    0.063    0.494    0.618    0.079    0.031    0.908    0.312
 387.00    6.449    6.449    6.469   -0.069    0.499    1.449   -0.069    0.499    0.724   -0.100   -0.034    1.177    0.366
 387.10    6.231    6.232    6.254   -0.108    0.523    1.231   -0.108    0.523    0.644   -0.133   -0.057    0.900    0.330
 387.20    5.945    5.949    6.016   -0.192    0.897    0.945   -0.192    0.897    0.848   -0.182   -0.173    0.867    0.442
 387.30    5.964    5.964    6.067    0.009    1.115    0.964    0.009    1.115    1.075    0.009    0.010    1.086    0.537
 387.40    6.296    6.300    6.402   -0.204    1.139    1.296   -0.204    1.139    1.477   -0.265   -0.232    1.510    0.759
 387.50    6.719    6.719    6.796    0.094    1.018    1.719    0.094    1.018    1.750    0.162    0.096    2.000    0.880
 387.60    6.616    6.617    6.639    0.129    0.546    1.616    0.129    0.546    0.883    0.209    0.071    1.463    0.455
 387.70    6.502    6.506    6.539    0.246    0.650    1.502    0.246    0.650    0.977    0.369    0.160    1.369    0.528
 387.80    6.672    6.681    6.709    0.346    0.608    1.672    0.346    0.608    1.017    0.578    0.210    1.643    0.594
 387.90    6.552    6.568    6.633    0.458    0.927    1.552    0.458    0.927    1.438    0.711    0.425    1.738    0.830
 388.00    6.897    6.921    7.030    0.583    1.228    1.897    0.583    1.228    2.330    1.106    0.716    2.724    1.338
 388.10    7.062    7.108    7.214    0.806    1.230    2.062    0.806    1.230    2.537    1.663    0.992    3.208    1.595
 388.20    7.233    7.307    7.385    1.032    1.075    2.233    1.032    1.075    2.401    2.304    1.109    3.604    1.754
 388.30    7.000    7.052    7.169    0.854    1.288    2.000    0.854    1.288    2.576    1.709    1.100    3.195    1.640
 388.40    7.320    7.421    7.520    1.222    1.216    2.320    1.222    1.216    2.821    2.835    1.486    4.177    2.133
 388.50    7.665    7.728    7.847    0.984    1.363    2.665    0.984    1.363    3.633    2.623    1.342    4.964    2.339
 388.60    8.074    8.124    8.244    0.898    1.401    3.074    0.898    1.401    4.309    2.759    1.258    6.111    2.634
 388.70    7.863    7.896    7.977    0.717    1.137    2.863    0.717    1.137    3.254    2.053    0.815    5.002    1.967
 388.80    7.447    7.471    7.501    0.596    0.672    2.447    0.596    0.672    1.645    1.459    0.401    3.398    1.118
 388.90    8.027    8.027    8.027    0.039   -0.046    3.027    0.039   -0.046   -0.140    0.119   -0.002    4.582    0.092
 389.00    8.232    8.233    8.233   -0.101    0.030    3.232   -0.101    0.030    0.096   -0.328   -0.003    5.229    0.171
 389.10    7.880    7.881    7.881   -0.141   -0.030    2.880   -0.141   -0.030   -0.085   -0.407    0.004    4.157    0.208
 389.20    7.750    7.761    7.768   -0.403   -0.332    2.750   -0.403   -0.332   -0.914   -1.108    0.134    3.918    0.721
 389.30    7.606    7.618    7.627   -0.436   -0.358    2.606   -0.436   -0.358   -0.932   -1.136    0.156    3.555    0.739
 389.40    7.533    7.544    7.558   -0.416   -0.454    2.533   -0.416   -0.454   -1.150   -1.053    0.189    3.397    0.785
 389.50    7.657    7.662    7.698   -0.266   -0.741    2.657   -0.266   -0.741   -1.970   -0.706    0.197    3.841    1.051
 389.60    7.988    7.988    8.010   -0.051   -0.585    2.988   -0.051   -0.585   -1.749   -0.154    0.030    4.638    0.878
 389.70    7.911    7.912    7.935    0.167   -0.602    2.911    0.167   -0.602   -1.752    0.486   -0.100    4.431    0.910
 389.80    7.619    7.619    7.651    0.039   -0.693    2.619    0.039   -0.693   -1.816    0.102   -0.027    3.672    0.910
 389.90    7.891    7.892    7.906    0.118   -0.483    2.891    0.118   -0.483   -1.396    0.342   -0.057    4.302    0.719
 390.00    8.343    8.357    8.363    0.486   -0.335    3.343    0.486   -0.335   -1.121    1.624   -0.163    5.761    0.990
 390.10    8.439    8.455    8.464    0.508   -0.395    3.439    0.508   -0.395   -1.357    1.749   -0.201    6.122    1.111
 390.20    8.566    8.584    8.628    0.556   -0.869    3.566    0.556   -0.869   -3.098    1.983   -0.483    6.890    1.855
 390.30    8.282    8.301    8.323    0.562   -0.602    3.282    0.562   -0.602   -1.976    1.846   -0.339    5.725    1.363
 390.40    8.059    8.095    8.128    0.765   -0.727    3.059    0.765   -0.727   -2.225    2.341   -0.557    5.237    1.639
 390.50    8.200    8.297    8.361    1.267   -1.029    3.200    1.267   -1.029   -3.293    4.053   -1.304    6.452    2.691
 390.60    8.258    8.350    8.413    1.240   -1.027    3.258    1.240   -1.027   -3.347    4.039   -1.274    6.603    2.699
 390.70    7.972    8.108    8.178    1.481   -1.070    2.972    1.481   -1.070   -3.179    4.403   -1.585    6.085    2.828
 390.80    8.066    8.128    8.150    1.001   -0.596    3.066    1.001   -0.596   -1.828    3.069   -0.597    5.380    1.811
 390.90    7.974    8.058    8.087    1.161   -0.686    2.974    1.161   -0.686   -2.040    3.452   -0.796    5.331    2.044
 391.00    8.050    8.122    8.133    1.081   -0.426    3.050    1.081   -0.426   -1.299    3.297   -0.461    5.326    1.787
 391.10    8.048    8.090    8.132    0.826   -0.826    3.048    0.826   -0.826   -2.516    2.518   -0.682    5.326    1.812
 391.20    7.951    7.952    7.974    0.116   -0.600    2.951    0.116   -0.600   -1.769    0.341   -0.069    4.541    0.902
 391.30    7.573    7.596    7.600    0.600   -0.222    2.573    0.600   -0.222   -0.570    1.544   -0.133    3.514    0.826
 391.40    7.304    7.360    7.368    0.899   -0.355    2.304    0.899   -0.355   -0.819    2.071   -0.319    3.122    1.125
 391.50    7.537    7.563    7.578    0.634   -0.472    2.537    0.634   -0.472   -1.199    1.607   -0.299    3.530    1.014
 391.60    7.357    7.412    7.421    0.902   -0.358    2.357    0.902   -0.358   -0.843    2.125   -0.322    3.248    1.154
 391.70    7.460    7.482    7.489    0.583   -0.309    2.460    0.583   -0.309   -0.760    1.433   -0.180    3.242    0.816
 391.80    7.248    7.261    7.277    0.434   -0.492    2.248    0.434   -0.492   -1.106    0.976   -0.214    2.741    0.745
 391.90    7.045    7.131    7.135    1.107   -0.239    2.045    1.107   -0.239   -0.489    2.264   -0.265    2.732    1.166
 392.00    7.122    7.186    7.197    0.962   -0.385    2.122    0.962   -0.385   -0.818    2.040   -0.371    2.788    1.115
 392.10    7.540    7.625    7.627    1.135   -0.133    2.540    1.135   -0.133   -0.339    2.883   -0.151    3.880    1.453
 392.20    7.038    7.150    7.155    1.262   -0.257    2.038    1.262   -0.257   -0.523    2.573   -0.324    2.907    1.323
 392.30    7.089    7.227    7.297    1.407   -1.004    2.089    1.407   -1.004   -2.097    2.940   -1.412    3.676    1.939
 392.40    6.905    6.960    7.002    0.873   -0.758    1.905    0.873   -0.758   -1.444    1.664   -0.662    2.484    1.150
 392.50    7.274    7.297    7.319    0.575   -0.559    2.274    0.575   -0.559   -1.271    1.307   -0.321    2.908    0.925
 392.60    7.366    7.392    7.429    0.616   -0.743    2.366    0.616   -0.743   -1.758    1.457   -0.458    3.265    1.164
 392.70    7.372    7.395    7.406    0.586   -0.404    2.372    0.586   -0.404   -0.959    1.391   -0.237    3.067    0.853
 392.80    7.483    7.501    7.508    0.516   -0.335    2.483    0.516   -0.335   -0.832    1.281   -0.173    3.272    0.768
 392.90    7.849    7.936    7.941    1.169    0.282    2.849    1.169    0.282    0.803    3.331    0.329    4.782    1.721
 393.00    8.344    8.430    8.431    1.200    0.143    3.344    1.200    0.143    0.479    4.013    0.172    6.321    2.023
 393.10    8.299    8.343    8.344    0.851   -0.130    3.299    0.851   -0.130   -0.428    2.807   -0.110    5.812    1.421
 393.20    8.264    8.273    8.274    0.390    0.102    3.264    0.390    0.102    0.332    1.271    0.040    5.407    0.657
 393.30    7.988    7.993    7.994    0.288    0.089    2.988    0.288    0.089    0.267    0.860    0.026    4.510    0.451
 393.40    7.810    7.834    7.834    0.606   -0.031    2.810    0.606   -0.031   -0.086    1.704   -0.019    4.133    0.853
 393.50    7.752    7.768    7.772    0.496    0.243    2.752    0.496    0.243    0.670    1.364    0.121    3.939    0.762
 393.60    7.795    7.851    7.865    0.939    0.462    2.795    0.939    0.462    1.292    2.625    0.434    4.454    1.479
 393.70    7.804    7.906    7.913    1.268    0.329    2.804    1.268    0.329    0.922    3.554    0.417    4.788    1.848
 393.80    7.416    7.500    7.501    1.119   -0.149    2.416    1.119   -0.149   -0.361    2.704   -0.167    3.556    1.366
 393.90    7.828    7.897    7.897    1.039   -0.044    2.828    1.039   -0.044   -0.126    2.939   -0.046    4.540    1.471
 394.00    7.664    7.694    7.709    0.680    0.484    2.664    0.680    0.484    1.289    1.812    0.329    3.897    1.124
 394.10    7.250    7.296    7.345    0.817    0.850    2.250    0.817    0.850    1.913    1.838    0.695    3.226    1.371
 394.20    7.286    7.352    7.378    0.987    0.617    2.286    0.987    0.617    1.411    2.255    0.609    3.290    1.365
 394.30    7.436    7.479    7.524    0.805    0.823    2.436    0.805    0.823    2.004    1.961    0.662    3.629    1.440
 394.40    7.468    7.507    7.531    0.767    0.597    2.468    0.767    0.597    1.474    1.893    0.458    3.518    1.221
 394.50    7.773    7.829    7.863    0.935    0.726    2.773    0.935    0.726    2.013    2.593    0.679    4.547    1.676
 394.60    7.512    7.551    7.589    0.769    0.756    2.512    0.769    0.756    1.899    1.933    0.582    3.737    1.386
 394.70    7.258    7.324    7.372    0.980    0.842    2.258    0.980    0.842    1.902    2.213    0.825    3.384    1.516
 394.80    7.176    7.224    7.267    0.829    0.790    2.176    0.829    0.790    1.720    1.804    0.655    3.023    1.289
 394.90    7.120    7.155    7.181    0.702    0.607    2.120    0.702    0.607    1.288    1.489    0.426    2.679    1.007
 395.00    7.331    7.379    7.395    0.842    0.496    2.331    0.842    0.496    1.157    1.962    0.418    3.193    1.158
 395.10    7.148    7.230    7.269    1.085    0.758    2.148    1.085    0.758    1.629    2.330    0.823    3.183    1.480
 395.20    6.952    7.019    7.069    0.967    0.845    1.952    0.967    0.845    1.650    1.886    0.817    2.729    1.318
 395.30    6.970    7.012    7.062    0.771    0.841    1.970    0.771    0.841    1.656    1.519    0.649    2.591    1.170
 395.40    7.295    7.318    7.436    0.576    1.318    2.295    0.576    1.318    3.026    1.321    0.759    3.669    1.694
 395.50    6.953    6.976    7.107    0.563    1.359    1.953    0.563    1.359    2.655    1.099    0.765    2.990    1.487
 395.60    7.201    7.209    7.361    0.341    1.488    2.201    0.341    1.488    3.275    0.751    0.508    3.587    1.699
 395.70    6.985    6.996    7.108    0.403    1.256    1.985    0.403    1.256    2.492    0.799    0.506    2.839    1.333
 395.80    7.097    7.103    7.121    0.304    0.507    2.097    0.304    0.507    1.064    0.638    0.155    2.373    0.625
 395.90    7.086    7.095    7.099    0.348    0.241    2.086    0.348    0.241    0.503    0.726    0.084    2.265    0.444
 396.00    7.132    7.152    7.154    0.526    0.174    2.132    0.526    0.174    0.372    1.122    0.092    2.427    0.593
 396.10    6.893    6.928    6.930    0.691   -0.165    1.893    0.691   -0.165   -0.312    1.309   -0.114    2.045    0.675
 396.20    6.878    6.920    6.920    0.761   -0.092    1.878    0.761   -0.092   -0.172    1.429   -0.070    2.056    0.720
 396.30    6.926    6.940    6.940    0.444    0.023    1.926    0.444    0.023    0.044    0.854    0.010    1.953    0.428
 396.40    6.589    6.600    6.603    0.370   -0.211    1.589    0.370   -0.211   -0.336    0.588   -0.078    1.354    0.341
 396.50    6.584    6.598    6.600    0.421   -0.162    1.584    0.421   -0.162   -0.256    0.667   -0.068    1.357    0.359
 396.60    6.985    7.020    7.020    0.702    0.060    1.985    0.702    0.060    0.119    1.393    0.042    2.218    0.700
 396.70    6.921    7.032    7.032    1.246   -0.006    1.921    1.246   -0.006   -0.012    2.393   -0.008    2.621    1.196
 396.80    7.230    7.342    7.342    1.278   -0.068    2.230    1.278   -0.068   -0.151    2.851   -0.086    3.305    1.428
 396.90    7.197    7.248    7.253    0.857    0.258    2.197    0.857    0.258    0.567    1.883    0.221    2.814    0.990
 397.00    7.118    7.145    7.146    0.619    0.145    2.118    0.619    0.145    0.308    1.310    0.090    2.445    0.674
 397.10    6.644    6.647    6.649    0.201    0.192    1.644    0.201    0.192    0.316    0.330    0.039    1.389    0.229
 397.20    6.532    6.535    6.537   -0.166    0.193    1.532   -0.166    0.193    0.296   -0.254   -0.032    1.207    0.196
 397.30    6.550    6.552    6.555    0.193    0.199    1.550    0.193    0.199    0.309    0.299    0.039    1.239    0.216
 397.40    7.140    7.140    7.155    0.046    0.471    2.140    0.046    0.471    1.007    0.099    0.022    2.401    0.506
 397.50    7.098    7.100    7.102    0.167    0.178    2.098    0.167    0.178    0.373    0.351    0.030    2.230    0.257
 397.60    7.260    7.260    7.260   -0.061    0.058    2.260   -0.061    0.058    0.131   -0.138   -0.004    2.556    0.095
 397.70    7.373    7.378    7.378   -0.266    0.066    2.373   -0.266    0.066    0.157   -0.631   -0.018    2.854    0.326
 397.80    7.341    7.357    7.369   -0.480    0.417    2.341   -0.480    0.417    0.976   -1.123   -0.200    2.943    0.750
 397.90    7.021    7.028    7.032   -0.305    0.243    2.021   -0.305    0.243    0.491   -0.617   -0.074    2.118    0.396
 398.00    7.429    7.429    7.449    0.067    0.538    2.429    0.067    0.538    1.306    0.163    0.036    3.097    0.658
 398.10    7.276    7.277    7.322    0.088    0.818    2.276    0.088    0.818    1.863    0.200    0.072    2.929    0.937
 398.20    7.471    7.472    7.502    0.105    0.669    2.471    0.105    0.669    1.654    0.260    0.070    3.282    0.838
 398.30    7.278    7.286    7.298   -0.346    0.420    2.278   -0.346    0.420    0.956   -0.789   -0.145    2.742    0.624
 398.40    7.204    7.232    7.279   -0.636    0.823    2.204   -0.636    0.823    1.813   -1.402   -0.523    2.970    1.175
 398.50    7.717    7.723    7.752   -0.321    0.673    2.717   -0.321    0.673    1.827   -0.871   -0.216    3.967    1.018
 398.60    7.669    7.674    7.690   -0.250    0.498    2.669   -0.250    0.498    1.330   -0.668   -0.125    3.719    0.747
 398.70    7.942    7.945    7.954   -0.247    0.376    2.942   -0.247    0.376    1.107   -0.726   -0.093    4.428    0.663
 398.80    7.671    7.685    7.693   -0.469    0.351    2.671   -0.469    0.351    0.939   -1.253   -0.165    3.739    0.787
 398.90    7.525    7.527    7.527    0.180    0.039    2.525    0.180    0.039    0.099    0.455    0.007    3.205    0.233
 399.00    7.534    7.536    7.536   -0.149   -0.087    2.534   -0.149   -0.087   -0.221   -0.378    0.013    3.226    0.219
 399.10    7.290    7.295    7.295   -0.262    0.059    2.290   -0.262    0.059    0.136   -0.599   -0.016    2.659    0.307
 399.20    7.310    7.310    7.310    0.007    0.021    2.310    0.007    0.021    0.050    0.015    0.000    2.668    0.026
 399.30    7.403    7.411    7.411   -0.345    0.023    2.403   -0.345    0.023    0.055   -0.828   -0.008    2.946    0.415
 399.40    7.418    7.433    7.437   -0.466   -0.248    2.418   -0.466   -0.248   -0.601   -1.127    0.116    3.063    0.641
 399.50    6.899    6.918    6.921   -0.516   -0.171    1.899   -0.516   -0.171   -0.324   -0.980    0.088    1.951    0.518
 399.60    6.910    6.921    6.926   -0.396    0.240    1.910   -0.396    0.240    0.459   -0.756   -0.095    1.931    0.445
 399.70    7.033    7.035    7.038   -0.149    0.197    2.033   -0.149    0.197    0.401   -0.304   -0.029    2.098    0.252
 399.80    7.373    7.393    7.393    0.546   -0.105    2.373    0.546   -0.105   -0.248    1.294   -0.057    2.969    0.660
 399.90    7.394    7.399    7.406    0.268    0.324    2.394    0.268    0.324    0.775    0.643    0.087    2.954    0.505
 400.00    7.740    7.746    7.749    0.306    0.220    2.740    0.306    0.220    0.603    0.838    0.067    3.824    0.517
 400.10    7.845    7.847    7.847    0.209   -0.018    2.845    0.209   -0.018   -0.050    0.593   -0.004    4.068    0.298
 400.20    7.676    7.677    7.683   -0.073    0.314    2.676   -0.073    0.314    0.839   -0.196   -0.023    3.633    0.431
 400.30    7.479    7.482    7.492   -0.218    0.380    2.479   -0.218    0.380    0.942   -0.540   -0.083    3.169    0.545
 400.40    7.759    7.769    7.773   -0.396    0.241    2.759   -0.396    0.241    0.666   -1.093   -0.096    3.914    0.642
 400.50    7.613    7.628    7.633   -0.475    0.292    2.613   -0.475    0.292    0.763   -1.242   -0.139    3.569    0.732
 400.60    7.314    7.323    7.351   -0.368    0.634    2.314   -0.368    0.634    1.466   -0.851   -0.233    2.945    0.856
 400.70    7.173    7.174    7.182   -0.145    0.333    2.173   -0.145    0.333    0.723   -0.315   -0.048    2.427    0.395
 400.80    7.102    7.163    7.202   -0.938    0.742    2.102   -0.938    0.742    1.560   -1.971   -0.696    2.924    1.304
 400.90    6.877    6.979    6.983   -1.190    0.232    1.877   -1.190    0.232    0.435   -2.234   -0.276    2.497    1.146
 401.00    6.993    7.023    7.027   -0.650    0.223    1.993   -0.650    0.223    0.445   -1.295   -0.145    2.222    0.688
 401.10    6.940    6.999    7.000   -0.910    0.084    1.940   -0.910    0.084    0.163   -1.764   -0.077    2.299    0.887
 401.20    6.612    6.654    6.657   -0.744    0.203    1.612   -0.744    0.203    0.327   -1.199   -0.151    1.597    0.626
 401.30    6.880    6.905    6.906   -0.592   -0.129    1.880   -0.592   -0.129   -0.243   -1.113    0.077    1.950    0.571
 401.40    6.874    6.884    6.885   -0.372   -0.131    1.874   -0.372   -0.131   -0.245   -0.697    0.049    1.833    0.370
 401.50    7.167    7.167    7.167    0.027   -0.088    2.167    0.027   -0.088   -0.190    0.058   -0.002    2.352    0.099
 401.60    7.344    7.345    7.346   -0.122   -0.081    2.344   -0.122   -0.081   -0.190   -0.285    0.010    2.758    0.171
 401.70    7.234    7.243    7.244   -0.346    0.159    2.234   -0.346    0.159    0.354   -0.773   -0.055    2.569    0.426
 401.80    7.037    7.050    7.072   -0.424    0.560    2.037   -0.424    0.560    1.141   -0.864   -0.238    2.322    0.725
 401.90    6.979    6.996    7.007   -0.484    0.390    1.979   -0.484    0.390    0.772   -0.957   -0.189    2.152    0.622
 402.00    6.549    6.577    6.588   -0.603    0.385    1.549   -0.603    0.385    0.597   -0.934   -0.232    1.456    0.566
 402.10    6.879    6.899    6.911   -0.518    0.418    1.879   -0.518    0.418    0.785   -0.973   -0.216    1.987    0.634
 402.20    7.015    7.027    7.068   -0.424    0.752    2.015   -0.424    0.752    1.515   -0.854   -0.319    2.402    0.884
 402.30    6.622    6.667    6.752   -0.776    1.066    1.622   -0.776    1.066    1.730   -1.259   -0.828    2.185    1.147
 402.40    6.493    6.496    6.575   -0.186    1.018    1.493   -0.186    1.018    1.520   -0.278   -0.189    1.650    0.778
 402.50    6.455    6.455    6.526   -0.079    0.960    1.455   -0.079    0.960    1.397   -0.115   -0.076    1.522    0.702
 402.60    6.368    6.372    6.454    0.214    1.028    1.368    0.214    1.028    1.406    0.293    0.220    1.487    0.727
 402.70    6.341    6.353    6.442    0.385    1.067    1.341    0.385    1.067    1.432    0.516    0.411    1.543    0.788
 402.80    6.204    6.214    6.333    0.359    1.223    1.204    0.359    1.223    1.472    0.433    0.439    1.536    0.798
 402.90    6.342    6.347    6.467    0.250    1.240    1.342    0.250    1.240    1.665    0.336    0.310    1.701    0.863
 403.00    6.321    6.326    6.463    0.255    1.325    1.321    0.255    1.325    1.751    0.337    0.338    1.783    0.907
 403.10    6.446    6.464    6.623    0.479    1.444    1.446    0.479    1.444    2.088    0.692    0.692    2.203    1.153
 403.20    6.446    6.479    6.715    0.649    1.766    1.446    0.649    1.766    2.555    0.938    1.146    2.816    1.476
 403.30    6.310    6.413    6.597    1.145    1.550    1.310    1.145    1.550    2.030    1.499    1.774    2.714    1.542
 403.40    6.198    6.306    6.506    1.164    1.599    1.198    1.164    1.599    1.915    1.394    1.860    2.672    1.506
 403.50    5.864    5.917    6.065    0.787    1.332    0.864    0.787    1.332    1.151    0.680    1.049    1.571    0.850
 403.60    5.865    6.025    6.184    1.380    1.389    0.865    1.380    1.389    1.202    1.194    1.917    2.292    1.279
 403.70    5.878    5.965    6.148    1.016    1.488    0.878    1.016    1.488    1.306    0.892    1.512    2.008    1.094
 403.80    5.871    6.033    6.312    1.390    1.855    0.871    1.390    1.855    1.616    1.211    2.579    3.067    1.638
 403.90    5.627    5.943    6.170    1.912    1.657    0.627    1.912    1.657    1.039    1.199    3.167    3.396    1.771
 404.00    5.859    6.077    6.422    1.616    2.074    0.859    1.616    2.074    1.781    1.388    3.352    3.826    2.021
 404.10    6.012    6.223    6.621    1.606    2.260    1.012    1.606    2.260    2.288    1.626    3.630    4.357    2.295
 404.20    5.840    6.125    6.588    1.845    2.428    0.840    1.845    2.428    2.040    1.550    4.481    5.003    2.581
 404.30    5.939    6.228    6.672    1.874    2.394    0.939    1.874    2.394    2.249    1.760    4.485    5.062    2.659
 404.40    6.075    6.432    6.705    2.112    1.893    1.075    2.112    1.893    2.036    2.271    4.000    4.602    2.515
 404.50    6.035    6.270    6.523    1.702    1.798    1.035    1.702    1.798    1.861    1.762    3.060    3.600    1.996
 404.60    5.980    6.139    6.479    1.387    2.071    0.980    1.387    2.071    2.029    1.359    2.872    3.586    1.885
 404.70    6.244    6.347    6.554    1.141    1.634    1.244    1.141    1.634    2.033    1.419    1.864    2.759    1.551
 404.80    5.643    5.697    5.967    0.781    1.775    0.643    0.781    1.775    1.141    0.502    1.387    2.087    0.932
 404.90    5.653    5.736    5.948    0.970    1.577    0.653    0.970    1.577    1.029    0.633    1.529    1.927    0.975
 405.00    5.901    5.990    6.179    1.032    1.514    0.901    1.032    1.514    1.364    0.930    1.562    2.084    1.136
 405.10    5.705    5.798    6.103    1.036    1.905    0.705    1.036    1.905    1.343    0.730    1.975    2.600    1.249
 405.20    5.686    5.916    6.348    1.632    2.302    0.686    1.632    2.302    1.580    1.120    3.757    4.217    2.114
 405.30    6.039    6.358    6.680    1.990    2.048    1.039    1.990    2.048    2.128    2.067    4.076    4.618    2.521
 405.40    6.377    6.615    6.895    1.759    1.947    1.377    1.759    1.947    2.680    2.421    3.424    4.389    2.488
 405.50    6.121    6.427    6.654    1.960    1.724    1.121    1.960    1.724    1.932    2.197    3.378    4.034    2.234
 405.60    5.854    6.179    6.334    1.979    1.391    0.854    1.979    1.391    1.188    1.690    2.752    3.289    1.720
 405.70    5.932    6.146    6.285    1.610    1.312    0.932    1.610    1.312    1.222    1.500    2.111    2.590    1.432
 405.80    6.018    6.218    6.442    1.564    1.684    1.018    1.564    1.684    1.714    1.592    2.635    3.160    1.762
 405.90    5.996    6.244    6.438    1.742    1.569    0.996    1.742    1.569    1.563    1.736    2.733    3.244    1.798
 406.00    6.071    6.300    6.420    1.683    1.238    1.071    1.683    1.238    1.325    1.802    2.083    2.755    1.528
 406.10    6.082    6.285    6.334    1.583    0.785    1.082    1.583    0.785    0.850    1.713    1.242    2.146    1.140
 406.20    5.657    5.911    5.954    1.713    0.716    0.657    1.713    0.716    0.470    1.126    1.227    1.940    0.865
 406.30    5.976    6.169    6.231    1.530    0.875    0.976    1.530    0.875    0.854    1.494    1.338    2.030    1.090
 406.40    5.902    6.075    6.174    1.438    1.102    0.902    1.438    1.102    0.994    1.297    1.584    2.047    1.138
 406.50    6.005    6.186    6.305    1.487    1.215    1.005    1.487    1.215    1.221    1.495    1.807    2.349    1.322
 406.60    5.913    6.050    6.149    1.281    1.100    0.913    1.281    1.100    1.005    1.170    1.409    1.843    1.044
 406.70    5.595    5.672    5.686    0.933    0.402    0.595    0.933    0.402    0.239    0.555    0.375    0.693    0.356
 406.80    5.236    5.313    5.314    0.900    0.121    0.236    0.900    0.121    0.029    0.213    0.109    0.441    0.120
 406.90    5.210    5.286    5.287    0.891    0.074    0.210    0.891    0.074    0.016    0.187    0.066    0.422    0.100
 407.00    5.443    5.469    5.491    0.534    0.484    0.443    0.534    0.484    0.214    0.237    0.258    0.358    0.205
 407.10    5.389    5.389    5.433   -0.057    0.688    0.389   -0.057    0.688    0.268   -0.022   -0.039    0.314    0.136
 407.20    5.431    5.435    5.496    0.203    0.813    0.431    0.203    0.813    0.351    0.088    0.165    0.444    0.199
 407.30    5.677    5.686    5.699    0.310    0.391    0.677    0.310    0.391    0.265    0.210    0.121    0.354    0.179
 407.40    5.450    5.460    5.476    0.329    0.417    0.450    0.329    0.417    0.188    0.148    0.137    0.243    0.138
 407.50    5.562    5.573    5.608    0.356    0.621    0.562    0.356    0.621    0.349    0.200    0.221    0.414    0.229
 407.60    5.526    5.526    5.564   -0.028    0.653    0.526   -0.028    0.653    0.343   -0.015   -0.018    0.352    0.172
 407.70    5.492    5.505    5.586    0.369    0.952    0.492    0.369    0.952    0.469    0.181    0.351    0.642    0.306
 407.80    5.296    5.308    5.436    0.362    1.173    0.296    0.362    1.173    0.347    0.107    0.425    0.798    0.279
 407.90    5.447    5.448    5.492    0.109    0.687    0.447    0.109    0.687    0.307    0.049    0.075    0.342    0.160
 408.00    5.792    5.796    5.839    0.192    0.708    0.792    0.192    0.708    0.561    0.152    0.136    0.583    0.298
 408.10    5.719    5.720    5.736    0.095    0.438    0.719    0.095    0.438    0.315    0.068    0.042    0.359    0.162
 408.20    5.575    5.576    5.580   -0.088    0.223    0.575   -0.088    0.223    0.128   -0.050   -0.020    0.194    0.070
 408.30    5.733    5.738    5.767   -0.244    0.568    0.733   -0.244    0.568    0.416   -0.179   -0.139    0.460    0.237
 408.40    5.455    5.455    5.461    0.014    0.268    0.455    0.014    0.268    0.122    0.006    0.004    0.139    0.061
 408.50    5.517    5.564    5.566    0.724    0.123    0.517    0.724    0.123    0.064    0.375    0.089    0.404    0.195
 408.60    5.668    5.745    5.762    0.937    0.442    0.668    0.937    0.442    0.295    0.626    0.415    0.760    0.403
 408.70    5.340    5.371    5.378    0.579    0.275    0.340    0.579    0.275    0.094    0.197    0.159    0.263    0.135
 408.80    5.311    5.319    5.355    0.295    0.622    0.311    0.295    0.622    0.193    0.092    0.183    0.285    0.141
 408.90    5.098    5.113    5.165    0.393    0.728    0.098    0.393    0.728    0.071    0.038    0.286    0.347    0.149
 409.00    4.956    4.965    5.013    0.303    0.688   -0.044    0.303    0.688   -0.030   -0.013    0.208    0.284    0.105
 409.10    5.269    5.280    5.294    0.342    0.380    0.269    0.342    0.380    0.102    0.092    0.130    0.167    0.095
 409.20    4.944    4.945    4.969    0.115    0.481   -0.056    0.115    0.481   -0.027   -0.006    0.055    0.124    0.031
 409.30    4.922    4.934    4.939    0.346    0.225   -0.078    0.346    0.225   -0.018   -0.027    0.078    0.088    0.042
 409.40    4.896    4.957    4.960    0.773    0.170   -0.104    0.773    0.170   -0.018   -0.081    0.132    0.319    0.078
 409.50    4.692    4.783    4.783    0.928    0.038   -0.308    0.928    0.038   -0.012   -0.286    0.035    0.479    0.144
 409.60    4.276    4.330    4.333    0.680   -0.175   -0.724    0.680   -0.175    0.127   -0.492   -0.119    0.508    0.261
 409.70    4.337    4.395    4.395    0.711   -0.053   -0.663    0.711   -0.053    0.035   -0.471   -0.037    0.474    0.237
 409.80    4.621    4.695    4.699    0.832   -0.203   -0.379    0.832   -0.203    0.077   -0.316   -0.169    0.439    0.183
 409.90    4.551    4.564    4.645    0.344   -0.860   -0.449    0.344   -0.860    0.386   -0.154   -0.296    0.530    0.255
 410.00    4.801    4.815    4.936    0.362   -1.089   -0.199    0.362   -1.089    0.216   -0.072   -0.394    0.678    0.227
 410.10    4.574    4.592    4.681    0.413   -0.907   -0.426    0.413   -0.907    0.387   -0.176   -0.374    0.587    0.283
 410.20    5.008    5.023    5.070    0.386   -0.686    0.008    0.386   -0.686   -0.006    0.003   -0.265    0.310    0.132
 410.30    5.123    5.138    5.142    0.394   -0.193    0.123    0.394   -0.193   -0.024    0.049   -0.076    0.104    0.047
 410.40    4.945    4.957    4.976    0.345   -0.439   -0.055    0.345   -0.439    0.024   -0.019   -0.151    0.157    0.077
 410.50    4.603    4.609    4.728    0.231   -1.056   -0.397    0.231   -1.056    0.420   -0.092   -0.244    0.663    0.247
 410.60    4.642    4.644    4.796    0.135   -1.196   -0.358    0.135   -1.196    0.428   -0.048   -0.161    0.788    0.230
 410.70    4.807    4.820    4.912   -0.349   -0.946   -0.193   -0.349   -0.946    0.183    0.067    0.330    0.527    0.192
 410.80    5.070    5.073    5.105   -0.178   -0.573    0.070   -0.178   -0.573   -0.040   -0.012    0.102    0.183    0.055
 410.90    5.017    5.021    5.038    0.197   -0.405    0.017    0.197   -0.405   -0.007    0.003   -0.080    0.101    0.040
 411.00    5.004    5.006    5.058    0.149   -0.723    0.004    0.149   -0.723   -0.003    0.001   -0.107    0.272    0.054
 411.10    5.131    5.135    5.189    0.192   -0.749    0.131    0.192   -0.749   -0.098    0.025   -0.144    0.307    0.088
 411.20    5.258    5.259    5.295   -0.056   -0.618    0.258   -0.056   -0.618   -0.160   -0.014    0.035    0.226    0.082
 411.30    5.312    5.334    5.416    0.487   -0.938    0.312    0.487   -0.938   -0.293    0.152   -0.457    0.607    0.282
 411.40    4.868    4.881    4.930    0.357   -0.689   -0.132    0.357   -0.689    0.091   -0.047   -0.246    0.310    0.133
 411.50    4.854    4.885    4.934    0.550   -0.690   -0.146    0.550   -0.690    0.101   -0.080   -0.379    0.400    0.200
 411.60    5.003    5.046    5.096    0.660   -0.710    0.003    0.660   -0.710   -0.002    0.002   -0.469    0.470    0.234
 411.70    4.963    5.052    5.110    0.947   -0.765   -0.037    0.947   -0.765    0.028   -0.035   -0.725    0.742    0.363
 411.80    5.165    5.257    5.283    0.979   -0.521    0.165    0.979   -0.521   -0.086    0.162   -0.510    0.629    0.271
 411.90    4.677    4.784    4.802    1.007   -0.412   -0.323    1.007   -0.412    0.133   -0.325   -0.415    0.644    0.272
 412.00    4.498    4.530    4.535    0.536   -0.203   -0.502    0.536   -0.203    0.102   -0.269   -0.109    0.290    0.154
 412.10    4.113    4.123    4.129    0.295   -0.204   -0.887    0.295   -0.204    0.181   -0.262   -0.060    0.458    0.162
 412.20    4.348    4.376    4.410    0.498   -0.546   -0.652    0.498   -0.546    0.356   -0.325   -0.272    0.486    0.277
 412.30    4.782    4.811    4.907    0.530   -0.969   -0.218    0.530   -0.969    0.212   -0.116   -0.514    0.634    0.284
 412.40    4.938    4.958    5.014    0.440   -0.747   -0.062    0.440   -0.747    0.046   -0.027   -0.329    0.378    0.166
 412.50    4.965    4.981    5.053    0.395   -0.855   -0.035    0.395   -0.855    0.030   -0.014   -0.338    0.444    0.170
 412.60    4.576    4.576    4.700    0.038   -1.072   -0.424    0.038   -1.072    0.455   -0.016   -0.040    0.665    0.229
 412.70    4.354    4.360    4.507    0.225   -1.142   -0.646    0.225   -1.142    0.738   -0.145   -0.257    0.886    0.397
 412.80    4.623    4.652    4.810    0.514   -1.226   -0.377    0.514   -1.226    0.462   -0.194   -0.630    0.954    0.402
 412.90    4.403    4.451    4.613    0.648   -1.213   -0.597    0.648   -1.213    0.724   -0.387   -0.786    1.123    0.568
 413.00    4.507    4.544    4.762    0.581   -1.425   -0.493    0.581   -1.425    0.702   -0.286   -0.828    1.305    0.561
 413.10    4.674    4.684    4.828    0.301   -1.169   -0.326    0.301   -1.169    0.381   -0.098   -0.352    0.782    0.264
 413.20    4.711    4.741    4.837    0.534   -0.959   -0.289    0.534   -0.959    0.277   -0.154   -0.512    0.644    0.301
 413.30    4.944    4.996    5.070    0.715   -0.863   -0.056    0.715   -0.863    0.048   -0.040   -0.617    0.629    0.310
 413.40    4.755    4.758    4.857    0.188   -0.975   -0.245    0.188   -0.975    0.239   -0.046   -0.183    0.523    0.152
 413.50    4.680    4.716    4.811    0.577   -0.950   -0.320    0.577   -0.950    0.304   -0.185   -0.548    0.669    0.327
 413.60    4.693    4.789    4.894    0.954   -1.009   -0.307    0.954   -1.009    0.310   -0.293   -0.963    1.012    0.527
 413.70    4.438    4.577    4.631    1.119   -0.705   -0.562    1.119   -0.705    0.397   -0.630   -0.789    1.033    0.542
 413.80    4.297    4.488    4.521    1.295   -0.547   -0.703    1.295   -0.547    0.384   -0.910   -0.708    1.235    0.608
 413.90    4.509    4.663    4.693    1.186   -0.530   -0.491    1.186   -0.530    0.260   -0.582   -0.628    0.964    0.448
 414.00    4.866    5.002    5.025    1.159   -0.485   -0.134    1.159   -0.485    0.065   -0.155   -0.562    0.798    0.293
 414.10    4.919    5.141    5.193    1.495   -0.733   -0.081    1.495   -0.733    0.060   -0.121   -1.096    1.389    0.552
 414.20    4.894    5.145    5.166    1.587   -0.460   -0.106    1.587   -0.460    0.049   -0.168   -0.730    1.370    0.375
 414.30    5.021    5.142    5.157    1.107   -0.399    0.021    1.107   -0.399   -0.009    0.024   -0.441    0.692    0.221
 414.40    5.072    5.198    5.205    1.134   -0.276    0.072    1.134   -0.276   -0.020    0.082   -0.313    0.684    0.162
 414.50    4.933    5.087    5.088    1.244   -0.107   -0.067    1.244   -0.107    0.007   -0.084   -0.134    0.782    0.079
 414.60    5.102    5.229    5.249    1.147   -0.457    0.102    1.147   -0.457   -0.047    0.117   -0.524    0.767    0.269
 414.70    4.723    4.770    4.779    0.667   -0.307   -0.277    0.667   -0.307    0.085   -0.185   -0.205    0.308    0.145
 414.80    4.634    4.651    4.686    0.400   -0.574   -0.366    0.400   -0.574    0.210   -0.147   -0.230    0.312    0.172
 414.90    4.850    4.851    4.883    0.080   -0.557   -0.150    0.080   -0.557    0.083   -0.012   -0.045    0.170    0.048
 415.00    4.786    4.790    4.810    0.201   -0.441   -0.214    0.201   -0.441    0.095   -0.043   -0.089    0.141    0.068
 415.10    4.505    4.513    4.532    0.258   -0.420   -0.495    0.258   -0.420    0.208   -0.127   -0.108    0.244    0.133
 415.20    4.422    4.424    4.518    0.146   -0.913   -0.578    0.146   -0.913    0.527   -0.085   -0.134    0.594    0.275
 415.30    4.264    4.303    4.366    0.578   -0.739   -0.736    0.578   -0.739    0.544   -0.425   -0.427    0.711    0.406
 415.40    4.620    4.690    4.782    0.805   -0.936   -0.380    0.805   -0.936    0.356   -0.306   -0.753    0.834    0.444
 415.50    4.723    4.786    4.874    0.772   -0.923   -0.277    0.772   -0.923    0.255   -0.214   -0.712    0.762    0.393
 415.60    4.831    4.886    4.975    0.731   -0.940   -0.169    0.731   -0.940    0.159   -0.124   -0.687    0.723    0.358
 415.70    5.032    5.072    5.175    0.637   -1.026    0.032    0.637   -1.026   -0.033    0.020   -0.653    0.729    0.327
 415.80    5.000    5.007    5.108    0.277   -1.007   -0.000    0.277   -1.007    0.000   -0.000   -0.279    0.546    0.140
 415.90    5.055    5.056    5.191    0.086   -1.175    0.055    0.086   -1.175   -0.065    0.005   -0.101    0.696    0.060
 416.00    5.266    5.266    5.458    0.035   -1.432    0.266    0.035   -1.432   -0.381    0.009   -0.050    1.061    0.192
 416.10    4.979    4.996    5.208   -0.413   -1.470   -0.021   -0.413   -1.470    0.030    0.009    0.607    1.166    0.304
 416.20    5.358    5.361    5.607   -0.168   -1.641    0.358   -0.168   -1.641   -0.588   -0.060    0.275    1.425    0.326
 416.30    5.639    5.651    5.881    0.360   -1.630    0.639    0.360   -1.630   -1.042    0.230   -0.588    1.598    0.609
 416.40    5.520    5.545    5.708    0.523   -1.354    0.520    0.523   -1.354   -0.704    0.272   -0.709    1.189    0.518
 416.50    5.622    5.699    5.932    0.932   -1.647    0.622    0.932   -1.647   -1.025    0.580   -1.536    1.985    0.968
 416.60    5.535    5.651    5.947    1.138   -1.855    0.535    1.138   -1.855   -0.993    0.609   -2.111    2.511    1.205
 416.70    5.733    5.959    6.186    1.627   -1.659    0.733    1.627   -1.659   -1.216    1.192   -2.698    2.967    1.595
 416.80    5.739    5.956    6.143    1.593   -1.506    0.739    1.593   -1.506   -1.113    1.176   -2.399    2.675    1.447
 416.90    5.416    5.636    5.902    1.559   -1.750    0.416    1.559   -1.750   -0.729    0.649   -2.729    2.834    1.449
 417.00    5.145    5.258    5.506    1.087   -1.634    0.145    1.087   -1.634   -0.236    0.157   -1.776    1.936    0.899
 417.10    4.771    4.928    5.205    1.231   -1.675   -0.229    1.231   -1.675    0.383   -0.282   -2.063    2.187    1.058
 417.20    4.545    4.682    5.015    1.127   -1.797   -0.455    1.127   -1.797    0.818   -0.513   -2.025    2.353    1.122
 417.30    4.585    4.626    4.984    0.612   -1.856   -0.415    0.612   -1.856    0.770   -0.254   -1.135    1.995    0.697
 417.40    4.758    4.791    5.151    0.560   -1.892   -0.242    0.560   -1.892    0.458   -0.136   -1.060    1.975    0.581
 417.50    5.155    5.189    5.664    0.601   -2.269    0.155    0.601   -2.269   -0.351    0.093   -1.363    2.766    0.705
 417.60    5.548    5.589    6.037    0.676   -2.281    0.548    0.676   -2.281   -1.251    0.371   -1.541    2.980    1.010
 417.70    5.323    5.356    5.745    0.592   -2.076    0.323    0.592   -2.076   -0.671    0.192   -1.229    2.383    0.707
 417.80    5.454    5.482    5.793    0.559   -1.871    0.454    0.559   -1.871   -0.849    0.254   -1.046    2.010    0.685
 417.90    5.568    5.606    5.856    0.645   -1.695    0.568    0.645   -1.695   -0.964    0.367   -1.093    1.807    0.751
 418.00    5.776    5.781    5.965    0.252   -1.467    0.776    0.252   -1.467   -1.139    0.196   -0.370    1.409    0.606
 418.10    5.997    6.006    6.182    0.332   -1.466    0.997    0.332   -1.466   -1.461    0.331   -0.486    1.626    0.788
 418.20    6.010    6.011    6.244    0.139   -1.689    1.010    0.139   -1.689   -1.706    0.140   -0.235    1.946    0.864
 418.30    6.236    6.239    6.598    0.196   -2.147    1.236    0.196   -2.147   -2.653    0.242   -0.421    3.087    1.349
 418.40    6.401    6.438    6.794    0.688   -2.173    1.401    0.688   -2.173   -3.044    0.964   -1.495    3.578    1.763
 418.50    5.935    5.971    6.253    0.655   -1.856    0.935    0.655   -1.856   -1.735    0.612   -1.216    2.374    1.103
 418.60    5.990    6.041    6.405    0.781   -2.129    0.990    0.781   -2.129   -2.108    0.773   -1.663    3.062    1.397
 418.70    6.095    6.191    6.570    1.087   -2.200    1.095    1.087   -2.200   -2.408    1.190   -2.391    3.609    1.798
 418.80    5.806    5.955    6.400    1.322   -2.345    0.806    1.322   -2.345   -1.890    1.066   -3.102    3.949    1.893
 418.90    5.887    6.026    6.418    1.288   -2.209    0.887    1.288   -2.209   -1.959    1.142   -2.844    3.661    1.819
 419.00    6.051    6.185    6.608    1.280   -2.328    1.051    1.280   -2.328   -2.447    1.345   -2.980    4.082    2.042
 419.10    6.370    6.432    6.923    0.890   -2.562    1.370    0.890   -2.562   -3.509    1.219   -2.281    4.616    2.179
 419.20    6.089    6.113    6.572    0.540   -2.412    1.089    0.540   -2.412   -2.628    0.589   -1.304    3.649    1.496
 419.30    6.179    6.247    6.772    0.915   -2.617    1.179    0.915   -2.617   -3.086    1.079   -2.393    4.537    2.026
 419.40    6.029    6.157    6.515    1.252   -2.128    1.029    1.252   -2.128   -2.189    1.288   -2.665    3.578    1.841
 419.50    5.993    6.059    6.392    0.890   -2.038    0.993    0.890   -2.038   -2.024    0.884   -1.813    2.965    1.429
 419.60    6.059    6.171    6.360    1.169   -1.542    1.059    1.169   -1.542   -1.633    1.238   -1.803    2.433    1.364
 419.70    5.772    5.915    6.052    1.295   -1.281    0.772    1.295   -1.281   -0.989    1.000   -1.660    1.958    1.088
 419.80    5.820    5.912    6.096    1.039   -1.485    0.820    1.039   -1.485   -1.219    0.852   -1.542    1.979    1.071
 419.90    5.945    6.032    6.162    1.017   -1.261    0.945    1.017   -1.261   -1.192    0.961   -1.282    1.759    0.999
 420.00    6.319    6.478    6.652    1.427   -1.510    1.319    1.427   -1.510   -1.991    1.882   -2.155    3.028    1.743
 420.10    6.582    6.749    6.927    1.492   -1.561    1.582    1.492   -1.561   -2.468    2.360   -2.329    3.582    2.067
 420.20    6.596    6.769    6.955    1.520   -1.601    1.596    1.520   -1.601   -2.555    2.426   -2.434    3.710    2.141
 420.30    6.662    6.832    7.075    1.516   -1.839    1.662    1.516   -1.839   -3.056    2.520   -2.788    4.221    2.422
 420.40    6.473    6.764    6.953    1.962   -1.610    1.473    1.962   -1.610   -2.372    2.891   -3.158    4.306    2.447
 420.50    6.373    6.576    6.743    1.621   -1.493    1.373    1.621   -1.493   -2.050    2.226   -2.419    3.370    1.937
 420.60    6.289    6.438    6.622    1.377   -1.551    1.289    1.377   -1.551   -1.999    1.775   -2.136    2.982    1.711
 420.70    6.086    6.250    6.453    1.422   -1.604    1.086    1.422   -1.604   -1.743    1.544   -2.281    2.888    1.630
 420.80    5.817    5.951    6.211    1.251   -1.778    0.817    1.251   -1.778   -1.454    1.023   -2.225    2.698    1.424
 420.90    5.897    6.030    6.263    1.259   -1.695    0.897    1.259   -1.695   -1.520    1.129   -2.134    2.631    1.427
 421.00    5.886    6.001    6.192    1.168   -1.524    0.886    1.168   -1.524   -1.351    1.035   -1.780    2.237    1.231
 421.10    5.804    5.936    6.017    1.244   -0.985    0.804    1.244   -0.985   -0.791    1.000   -1.225    1.581    0.884
 421.20    5.772    5.963    6.086    1.498   -1.218    0.772    1.498   -1.218   -0.940    1.157   -1.824    2.162    1.178
 421.30    6.110    6.215    6.321    1.141   -1.150    1.110    1.141   -1.150   -1.276    1.266   -1.312    1.928    1.113
 421.40    6.273    6.376    6.390    1.141   -0.421    1.273    1.141   -0.421   -0.536    1.453   -0.480    1.550    0.811
 421.50    6.386    6.475    6.487    1.074   -0.393    1.386    1.074   -0.393   -0.544    1.488   -0.422    1.614    0.820
 421.60    6.415    6.741    6.803    2.071   -0.918    1.415    2.071   -0.918   -1.299    2.931   -1.901    3.567    1.863
 421.70    6.149    6.426    6.498    1.868   -0.965    1.149    1.868   -0.965   -1.108    2.146   -1.802    2.870    1.507
 421.80    6.021    6.250    6.299    1.679   -0.780    1.021    1.679   -0.780   -0.797    1.713   -1.310    2.234    1.150
 421.90    5.982    6.150    6.203    1.430   -0.808    0.982    1.430   -0.808   -0.793    1.404   -1.155    1.831    0.992
 422.00    5.571    5.650    5.681    0.941   -0.598    0.571    0.941   -0.598   -0.342    0.537   -0.563    0.785    0.425
 422.10    5.780    5.844    5.855    0.864   -0.360    0.780    0.864   -0.360   -0.281    0.674   -0.311    0.742    0.397
 422.20    5.853    5.919    5.930    0.880   -0.357    0.853    0.880   -0.357   -0.305    0.751   -0.314    0.815    0.434
 422.30    5.505    5.547    5.603    0.686   -0.786    0.505    0.686   -0.786   -0.396    0.346   -0.539    0.671    0.377
 422.40    6.004    6.016    6.087    0.390   -0.923    1.004    0.390   -0.923   -0.927    0.392   -0.360    1.006    0.534
 422.50    6.399    6.403    6.485    0.213   -1.027    1.399    0.213   -1.027   -1.436    0.298   -0.219    1.528    0.742
 422.60    6.169    6.169    6.237    0.055   -0.919    1.169    0.055   -0.919   -1.074    0.064   -0.051    1.107    0.538
 422.70    6.101    6.106    6.195    0.245   -1.045    1.101    0.245   -1.045   -1.150    0.270   -0.256    1.182    0.604
 422.80    6.169    6.179    6.234    0.351   -0.824    1.169    0.351   -0.824   -0.963    0.411   -0.290    1.085    0.543
 422.90    6.146    6.159    6.203    0.399   -0.738    1.146    0.399   -0.738   -0.846    0.457   -0.295    1.009    0.503
 423.00    6.080    6.154    6.181    0.952   -0.573    1.080    0.952   -0.573   -0.619    1.028   -0.546    1.201    0.659
 423.10    5.761    5.866    5.945    1.108   -0.962    0.761    1.108   -0.962   -0.732    0.843   -1.066    1.366    0.772
 423.20    5.386    5.492    5.622    1.074   -1.204    0.386    1.074   -1.204   -0.465    0.415   -1.294    1.377    0.718
 423.30    5.589    5.671    5.813    0.961   -1.277    0.589    0.961   -1.277   -0.752    0.565   -1.226    1.450    0.773
 423.40    5.558    5.593    5.648    0.627   -0.783    0.558    0.627   -0.783   -0.437    0.350   -0.491    0.659    0.372
 423.50    5.509    5.523    5.623    0.399   -1.054    0.509    0.399   -1.054   -0.536    0.203   -0.421    0.764    0.355
 423.60    5.344    5.388    5.519    0.683   -1.197    0.344    0.683   -1.197   -0.412    0.235   -0.817    1.008    0.472
 423.70    5.226    5.249    5.408    0.495   -1.302    0.226    0.495   -1.302   -0.294    0.112   -0.645    0.996    0.359
 423.80    5.440    5.531    5.698    1.001   -1.371    0.440    1.001   -1.371   -0.603    0.440   -1.372    1.538    0.781
 423.90    5.717    5.844    5.949    1.212   -1.110    0.717    1.212   -1.110   -0.796    0.869   -1.345    1.607    0.894
 424.00    5.560    5.718    5.755    1.338   -0.647    0.560    1.338   -0.647   -0.362    0.749   -0.865    1.261    0.600
 424.10    5.707    5.918    5.943    1.568   -0.542    0.707    1.568   -0.542   -0.383    1.108   -0.850    1.625    0.724
 424.20    5.378    5.571    5.610    1.454   -0.658    0.378    1.454   -0.658   -0.249    0.550   -0.956    1.345    0.566
 424.30    5.655    5.796    5.816    1.274   -0.477    0.655    1.274   -0.477   -0.312    0.834   -0.607    1.139    0.539
 424.40    5.747    5.920    5.963    1.423   -0.714    0.747    1.423   -0.714   -0.533    1.062   -1.016    1.546    0.782
 424.50    5.907    6.005    6.084    1.080   -0.980    0.907    1.080   -0.980   -0.889    0.980   -1.058    1.475    0.847
 424.60    5.715    5.798    5.862    0.980   -0.865    0.715    0.980   -0.865   -0.618    0.700   -0.848    1.110    0.631
 424.70    5.681    5.809    5.831    1.216   -0.499    0.681    1.216   -0.499   -0.340    0.828   -0.607    1.096    0.541
 424.80    5.313    5.461    5.478    1.259   -0.435    0.313    1.259   -0.435   -0.136    0.395   -0.547    0.936    0.344
 424.90    5.352    5.523    5.580    1.364   -0.795    0.352    1.364   -0.795   -0.279    0.479   -1.084    1.308    0.609
 425.00    5.229    5.401    5.490    1.353   -0.982    0.229    1.353   -0.982   -0.225    0.310   -1.328    1.423    0.691
 425.10    5.302    5.533    5.561    1.583   -0.563    0.302    1.583   -0.563   -0.170    0.477   -0.892    1.458    0.513
 425.20    5.418    5.701    5.701    1.773    0.006    0.418    1.773    0.006    0.002    0.742    0.010    1.659    0.371
 425.30    5.186    5.618    5.643    2.160    0.537    0.186    2.160    0.537    0.100    0.402    1.160    2.494    0.616
 425.40    5.350    5.799    5.827    2.238    0.564    0.350    2.238    0.564    0.197    0.784    1.262    2.725    0.749
 425.50    5.397    5.766    5.770    2.031    0.219    0.397    2.031    0.219    0.087    0.806    0.444    2.165    0.462
 425.60    5.264    5.630    5.633    1.996    0.172    0.264    1.996    0.172    0.045    0.528    0.342    2.042    0.315
 425.70    5.297    5.762    5.768    2.268   -0.260    0.297    2.268   -0.260   -0.077    0.673   -0.590    2.650    0.449
 425.80    5.175    5.623    5.626    2.199   -0.190    0.175    2.199   -0.190   -0.033    0.385   -0.417    2.450    0.284
 425.90    4.975    5.551    5.551    2.461    0.020   -0.025    2.461    0.020   -0.000   -0.061    0.049    3.028    0.039
 426.00    4.707    5.237    5.237    2.294   -0.005   -0.293    2.294   -0.005    0.002   -0.671   -0.012    2.675    0.336
 426.10    4.634    5.210    5.210    2.380   -0.094   -0.366    2.380   -0.094    0.034   -0.872   -0.223    2.905    0.450
 426.20    4.674    5.420    5.421    2.743    0.130   -0.326    2.743    0.130   -0.042   -0.893    0.357    3.823    0.481
 426.30    4.531    5.258    5.259    2.669   -0.099   -0.469    2.669   -0.099    0.046   -1.252   -0.264    3.676    0.640
 426.40    4.492    5.278    5.291    2.771   -0.359   -0.508    2.771   -0.359    0.183   -1.407   -0.996    4.034    0.867
 426.50    4.356    5.027    5.048    2.508   -0.459   -0.644    2.508   -0.459    0.296   -1.614   -1.152    3.456    1.002
 426.60    4.296    4.988    5.025    2.535   -0.605   -0.704    2.535   -0.605    0.426   -1.784   -1.534    3.644    1.195
 426.70    4.211    4.854    4.922    2.415   -0.815   -0.789    2.415   -0.815    0.643   -1.906   -1.969    3.561    1.407
 426.80    4.287    4.764    4.876    2.077   -1.041   -0.713    2.077   -1.041    0.742   -1.480   -2.162    2.953    1.362
 426.90    4.462    5.074    5.150    2.417   -0.881   -0.538    2.417   -0.881    0.474   -1.300   -2.130    3.453    1.270
 427.00    4.837    5.265    5.296    2.080   -0.578   -0.163    2.080   -0.578    0.094   -0.340   -1.202    2.343    0.626
 427.10    4.699    5.093    5.098    1.963   -0.225   -0.301    1.963   -0.225    0.068   -0.590   -0.442    1.996    0.370
 427.20    4.776    5.234    5.235    2.141    0.106   -0.224    2.141    0.106   -0.024   -0.479    0.226    2.322    0.265
 427.30    4.865    5.537    5.543    2.644    0.264   -0.135    2.644    0.264   -0.036   -0.358    0.698    3.539    0.393
 427.40    4.785    5.258    5.258    2.179    0.053   -0.215    2.179    0.053   -0.011   -0.468    0.116    2.399    0.241
 427.50    4.734    5.304    5.305    2.392   -0.078   -0.266    2.392   -0.078    0.021   -0.635   -0.186    2.899    0.331
 427.60    4.603    5.081    5.094    2.151   -0.353   -0.397    2.151   -0.353    0.140   -0.853   -0.760    2.455    0.576
 427.70    4.965    5.403    5.418    2.132   -0.403   -0.035    2.132   -0.403    0.014   -0.076   -0.859    2.355    0.431
 427.80    4.844    5.422    5.427    2.435   -0.240   -0.156    2.435   -0.240    0.037   -0.379   -0.583    3.004    0.348
 427.90    5.055    5.411    5.412    1.931   -0.095    0.055    1.931   -0.095   -0.005    0.106   -0.184    1.871    0.106
 428.00    5.032    5.357    5.358    1.839   -0.063    0.032    1.839   -0.063   -0.002    0.058   -0.117    1.694    0.065
 428.10    4.999    5.429    5.430    2.117   -0.114   -0.001    2.117   -0.114    0.000   -0.002   -0.242    2.247    0.121
 428.20    4.746    5.212    5.244    2.155   -0.579   -0.254    2.155   -0.579    0.147   -0.548   -1.247    2.522    0.685
 428.30    4.815    5.293    5.345    2.198   -0.740   -0.185    2.198   -0.740    0.137   -0.406   -1.626    2.707    0.841
 428.40    4.865    5.486    5.590    2.535   -1.075   -0.135    2.535   -1.075    0.146   -0.343   -2.725    3.801    1.375
 428.50    4.573    5.116    5.204    2.294   -0.957   -0.427    2.294   -0.957    0.409   -0.981   -2.195    3.181    1.219
 428.60    4.440    4.890    4.908    2.047   -0.420   -0.560    2.047   -0.420    0.235   -1.146   -0.859    2.341    0.726
 428.70    4.005    4.357    4.371    1.716   -0.345   -0.995    1.716   -0.345    0.344   -1.707   -0.592    2.026    0.920
 428.80    4.016    4.346    4.385    1.663   -0.580   -0.984    1.663   -0.580    0.571   -1.637   -0.965    2.036    0.992
 428.90    4.264    4.585    4.649    1.685   -0.771   -0.736    1.685   -0.771    0.568   -1.241   -1.299    1.989    0.942
 429.00    4.206    4.447    4.524    1.445   -0.829   -0.794    1.445   -0.829    0.658   -1.147   -1.198    1.702    0.892
 429.10    4.171    4.616    4.665    1.978   -0.673   -0.829    1.978   -0.673    0.558   -1.640   -1.331    2.526    1.092
 429.20    4.226    4.607    4.723    1.833   -1.041   -0.774    1.833   -1.041    0.805   -1.418   -1.907    2.521    1.255
 429.30    4.349    4.715    4.822    1.820   -1.011   -0.651    1.820   -1.011    0.658   -1.185   -1.840    2.379    1.142
 429.40    3.944    4.339    4.510    1.809   -1.232   -1.056    1.809   -1.232    1.301   -1.911   -2.229    2.953    1.606
 429.50    3.922    4.256    4.439    1.654   -1.261   -1.078    1.654   -1.261    1.359   -1.783   -2.086    2.744    1.531
 429.60    4.191    4.608    4.730    1.915   -1.068   -0.809    1.915   -1.068    0.864   -1.549   -2.044    2.730    1.353
 429.70    4.089    4.562    4.649    2.023   -0.895   -0.911    2.023   -0.895    0.815   -1.842   -1.810    2.861    1.354
 429.80    3.975    4.782    4.888    2.658   -1.013   -1.025    2.658   -1.013    1.038   -2.725   -2.692    4.571    1.984
 429.90    4.216    4.780    4.838    2.252   -0.750   -0.784    2.252   -0.750    0.588   -1.766   -1.690    3.125    1.257
 430.00    3.852    4.258    4.286    1.815   -0.488   -1.148    1.815   -0.488    0.560   -2.083   -0.886    2.424    1.166
 430.10    3.605    4.026    4.121    1.793   -0.881   -1.395    1.793   -0.881    1.229   -2.502   -1.579    2.969    1.602
 430.20    3.497    3.868    3.962    1.654   -0.858   -1.503    1.654   -0.858    1.289   -2.485   -1.418    2.864    1.569
 430.30    3.568    4.225    4.319    2.262   -0.896   -1.432    2.262   -0.896    1.283   -3.240   -2.027    3.986    2.016
 430.40    3.102    4.046    4.097    2.597   -0.646   -1.898    2.597   -0.646    1.227   -4.931   -1.678    5.384    2.675
 430.50    3.262    3.976    3.994    2.273   -0.376   -1.738    2.273   -0.376    0.653   -3.949   -0.854    4.163    2.047
 430.60    3.399    4.252    4.266    2.556   -0.338   -1.601    2.556   -0.338    0.541   -4.092   -0.863    4.605    2.108
 430.70    3.258    4.255    4.290    2.736   -0.550   -1.742    2.736   -0.550    0.958   -4.767   -1.504    5.412    2.545
 430.80    3.194    4.143    4.166    2.638   -0.442   -1.806    2.638   -0.442    0.798   -4.765   -1.166    5.209    2.485
 430.90    3.331    4.287    4.292    2.698   -0.209   -1.669    2.698   -0.209    0.348   -4.504   -0.563    5.055    2.276
 431.00    2.829    3.959    3.969    2.770   -0.277   -2.171    2.770   -0.277    0.601   -6.013   -0.767    6.231    3.046
 431.10    2.106    3.250    3.284    2.475   -0.474   -2.894    2.475   -0.474    1.372   -7.161   -1.174    7.362    3.693
 431.20    2.625    3.660    3.665    2.551    0.200   -2.375    2.551    0.200   -0.476   -6.059    0.511    6.094    3.050
 431.30    2.685    3.728    3.729    2.587   -0.064   -2.315    2.587   -0.064    0.147   -5.988   -0.164    6.027    2.996
 431.40    2.914    3.821    3.825    2.471    0.178   -2.086    2.471    0.178   -0.371   -5.154    0.439    5.244    2.593
 431.50    3.333    4.192    4.208    2.542    0.370   -1.667    2.542    0.370   -0.616   -4.238    0.940    4.689    2.192
 431.60    3.204    4.212    4.358    2.734    1.120   -1.796    2.734    1.120   -2.011   -4.909    3.061    5.976    3.062
 431.70    3.017    3.840    3.968    2.375    0.999   -1.983    2.375    0.999   -1.981   -4.709    2.373    5.286    2.817
 431.80    2.999    3.890    3.965    2.478    0.769   -2.001    2.478    0.769   -1.539   -4.958    1.905    5.367    2.765
 431.90    3.164    4.030    4.094    2.496    0.722   -1.836    2.496    0.722   -1.326   -4.584    1.802    5.062    2.550
 432.00    2.909    3.730    3.798    2.334    0.718   -2.091    2.334    0.718   -1.502   -4.881    1.677    5.169    2.688
 432.10    3.551    4.308    4.396    2.438    0.877   -1.449    2.438    0.877   -1.270   -3.532    2.137    4.406    2.160
 432.20    3.596    4.551    4.605    2.789    0.707   -1.404    2.789    0.707   -0.992   -3.915    1.971    5.124    2.247
 432.30    3.861    4.740    4.825    2.750    0.903   -1.139    2.750    0.903   -1.028   -3.133    2.482    4.837    2.064
 432.40    4.226    5.052    5.112    2.768    0.783   -0.774    2.768    0.783   -0.606   -2.143    2.168    4.437    1.554
 432.50    4.093    5.019    5.059    2.904    0.637   -0.907    2.904    0.637   -0.577   -2.634    1.849    4.831    1.635
 432.60    4.411    5.097    5.152    2.553    0.750   -0.589    2.553    0.750   -0.441   -1.503    1.914    3.713    1.237
 432.70    4.529    5.026    5.048    2.178    0.476   -0.471    2.178    0.476   -0.224   -1.025    1.037    2.596    0.738
 432.80    4.193    4.598    4.627    1.886    0.521   -0.807    1.886    0.521   -0.420   -1.521    0.982    2.239    0.929
 432.90    4.142    4.656    4.698    2.127    0.627   -0.858    2.127    0.627   -0.538   -1.826    1.334    2.828    1.162
 433.00    4.193    4.604    4.615    1.902    0.316   -0.807    1.902    0.316   -0.255   -1.534    0.602    2.184    0.834
 433.10    4.099    4.653    4.666    2.203    0.351   -0.901    2.203    0.351   -0.316   -1.985    0.773    2.894    1.077
 433.20    4.032    4.672    4.673    2.360   -0.071   -0.968    2.360   -0.071    0.069   -2.285   -0.168    3.257    1.146
 433.30    3.998    4.516    4.539    2.101   -0.453   -1.002    2.101   -0.453    0.454   -2.106   -0.952    2.812    1.177
 433.40    3.874    4.514    4.525    2.317   -0.325   -1.126    2.317   -0.325    0.366   -2.609   -0.753    3.371    1.370
 433.50    3.565    4.293    4.304    2.393    0.299   -1.435    2.393    0.299   -0.429   -3.434    0.714    3.937    1.767
 433.60    3.774    4.623    4.639    2.670    0.389   -1.226    2.670    0.389   -0.477   -3.274    1.038    4.391    1.734
 433.70    3.548    4.559    4.565    2.862    0.241   -1.452    2.862    0.241   -0.349   -4.155    0.689    5.179    2.113
 433.80    3.560    4.504    4.518    2.758    0.360   -1.440    2.758    0.360   -0.518   -3.972    0.992    4.905    2.063
 433.90    3.074    4.208    4.212    2.873    0.182   -1.926    2.873    0.182   -0.351   -5.533    0.524    5.999    2.785
 434.00    3.163    4.193    4.211    2.753    0.384   -1.837    2.753    0.384   -0.705   -5.058    1.056    5.551    2.608
 434.10    3.433    4.273    4.277    2.544    0.185   -1.567    2.544    0.185   -0.289   -3.986    0.470    4.480    2.012
 434.20    3.051    3.738    3.743    2.159   -0.198   -1.949    2.159   -0.198    0.386   -4.207   -0.428    4.248    2.123
 434.30    3.076    3.904    3.905    2.404   -0.100   -1.924    2.404   -0.100    0.192   -4.625   -0.240    4.745    2.318
 434.40    3.066    3.970    3.984    2.523   -0.329   -1.934    2.523   -0.329    0.637   -4.880   -0.831    5.107    2.495
 434.50    3.127    3.814    3.817    2.184   -0.131   -1.873    2.184   -0.131    0.244   -4.091   -0.285    4.148    2.054
 434.60    3.294    3.980    3.982    2.233   -0.141   -1.706    2.233   -0.141    0.240   -3.810   -0.314    3.959    1.915
 434.70    3.579    4.180    4.196    2.159   -0.366   -1.421    2.159   -0.366    0.519   -3.066   -0.789    3.405    1.604
 434.80    3.941    4.579    4.605    2.332   -0.485   -1.059    2.332   -0.485    0.513   -2.469   -1.130    3.397    1.382
 434.90    3.960    4.677    4.705    2.487   -0.513   -1.040    2.487   -0.513    0.533   -2.586   -1.276    3.765    1.466
 435.00    4.043    4.489    4.554    1.952   -0.763   -0.957    1.952   -0.763    0.730   -1.869   -1.489    2.655    1.249
 435.10    3.494    4.085    4.128    2.115   -0.598   -1.506    2.115   -0.598    0.900   -3.185   -1.265    3.550    1.772
 435.20    3.217    3.714    3.722    1.855   -0.257   -1.783    1.855   -0.257    0.458   -3.307   -0.477    3.343    1.686
 435.30    3.313    3.800    3.822    1.861   -0.404   -1.687    1.861   -0.404    0.682   -3.139   -0.752    3.236    1.649
 435.40    3.367    3.771    3.802    1.699   -0.479   -1.633    1.699   -0.479    0.782   -2.774   -0.813    2.891    1.497
 435.50    3.314    3.720    3.751    1.690   -0.480   -1.686    1.690   -0.480    0.810   -2.850   -0.812    2.966    1.536
 435.60    3.285    3.601    3.624    1.476   -0.410   -1.715    1.476   -0.410    0.703   -2.531   -0.605    2.644    1.348
 435.70    3.464    3.778    3.778    1.508    0.059   -1.536    1.508    0.059   -0.090   -2.315    0.089    2.317    1.159
 435.80    3.847    4.065    4.070    1.314    0.191   -1.153    1.314    0.191   -0.220   -1.514    0.251    1.545    0.775
 435.90    4.061    4.258    4.258    1.278    0.011   -0.939    1.278    0.011   -0.010   -1.199    0.014    1.257    0.600
 436.00    3.419    3.799    3.800    1.657   -0.081   -1.581    1.657   -0.081    0.128   -2.619   -0.134    2.625    1.313
 436.10    3.264    3.844    3.844    2.032    0.033   -1.736    2.032    0.033   -0.057   -3.528    0.066    3.572    1.765
 436.20    3.062    3.732    3.740    2.134   -0.237   -1.938    2.134   -0.237    0.459   -4.137   -0.505    4.184    2.096
 436.30    2.861    3.441    3.459    1.912   -0.352   -2.139    1.912   -0.352    0.752   -4.090   -0.672    4.178    2.106
 436.40    3.188    3.973    3.995    2.371    0.427   -1.812    2.371    0.427   -0.774   -4.297    1.012    4.544    2.241
 436.50    3.433    4.321    4.367    2.624    0.633   -1.567    2.624    0.633   -0.991   -4.113    1.660    4.872    2.272
 436.60    3.315    4.108    4.154    2.426    0.611   -1.685    2.426    0.611   -1.029   -4.087    1.482    4.549    2.234
 436.70    3.579    4.425    4.427    2.601   -0.133   -1.421    2.601   -0.133    0.190   -3.695   -0.347    4.400    1.858
 436.80    3.515    4.319    4.319    2.509   -0.029   -1.485    2.509   -0.029    0.043   -3.725   -0.073    4.250    1.863
 436.90    2.955    3.687    3.707    2.205    0.380   -2.045    2.205    0.380   -0.776   -4.509    0.837    4.594    2.326
 437.00    3.017    3.764    3.781    2.252    0.353   -1.983    2.252    0.353   -0.699   -4.466    0.794    4.564    2.295
 437.10    2.930    3.634    3.636    2.150   -0.130   -2.070    2.150   -0.130    0.268   -4.450   -0.279    4.462    2.233
 437.20    3.076    3.910    3.911    2.414   -0.095   -1.924    2.414   -0.095    0.184   -4.646   -0.230    4.770    2.328
 437.30    3.404    4.193    4.202    2.447   -0.276   -1.596    2.447   -0.276    0.440   -3.904   -0.675    4.305    1.993
 437.40    3.303    3.951    3.957    2.169   -0.204   -1.697    2.169   -0.204    0.347   -3.681   -0.443    3.813    1.862
 437.50    3.701    4.338    4.339    2.263   -0.113   -1.299    2.263   -0.113    0.146   -2.940   -0.255    3.411    1.477
 437.60    3.788    4.476    4.476    2.383    0.046   -1.212    2.383    0.046   -0.055   -2.888    0.109    3.575    1.445
 437.70    3.788    4.537    4.537    2.497   -0.021   -1.212    2.497   -0.021    0.025   -3.026   -0.051    3.853    1.513
 437.80    3.300    4.037    4.043    2.325   -0.224   -1.700    2.325   -0.224    0.380   -3.951   -0.520    4.171    2.002
 437.90    3.404    4.318    4.343    2.656   -0.466   -1.596    2.656   -0.466    0.744   -4.238   -1.239    4.908    2.239
 438.00    3.341    4.125    4.176    2.419   -0.649   -1.659    2.419   -0.649    1.076   -4.014   -1.570    4.513    2.221
 438.10    3.322    4.035    4.090    2.290   -0.666   -1.678    2.290   -0.666    1.118   -3.842   -1.526    4.252    2.141
 438.20    3.193    3.914    3.941    2.264   -0.459   -1.807    2.264   -0.459    0.829   -4.092   -1.039    4.301    2.151
 438.30    3.200    3.899    3.928    2.227   -0.482   -1.800    2.227   -0.482    0.867   -4.010   -1.073    4.217    2.120
 438.40    3.329    3.983    3.986    2.188   -0.152   -1.671    2.188   -0.152    0.254   -3.657   -0.333    3.802    1.840
 438.50    4.018    4.611    4.615    2.262    0.189   -0.982    2.262    0.189   -0.186   -2.221    0.428    3.057    1.135
 438.60    3.980    4.438    4.463    1.965    0.465   -1.020    1.965    0.465   -0.474   -2.005    0.913    2.559    1.127
 438.70    4.173    4.567    4.586    1.855    0.413   -0.827    1.855    0.413   -0.341   -1.534    0.766    2.148    0.874
 438.80    4.107    4.414    4.415    1.617   -0.074   -0.893    1.617   -0.074    0.066   -1.444   -0.119    1.709    0.725
 438.90    3.746    4.186    4.191    1.868    0.203   -1.254    1.868    0.203   -0.255   -2.344    0.380    2.553    1.194
 439.00    3.572    4.002    4.005    1.803    0.164   -1.428    1.803    0.164   -0.234   -2.574    0.296    2.658    1.301
 439.10    3.522    4.094    4.101    2.087   -0.241   -1.478    2.087   -0.241    0.356   -3.083   -0.502    3.297    1.572
 439.20    3.763    4.274    4.288    2.025   -0.354   -1.237    2.025   -0.354    0.438   -2.504   -0.717    2.877    1.320
 439.30    3.353    3.838    3.855    1.866   -0.369   -1.647    1.866   -0.369    0.608   -3.072   -0.689    3.164    1.603
 439.40    3.038    3.517    3.529    1.772   -0.293   -1.962    1.772   -0.293    0.575   -3.477   -0.519    3.538    1.781
 439.50    2.638    3.235    3.243    1.873   -0.228   -2.362    1.873   -0.228    0.538   -4.423   -0.426    4.568    2.238
 439.60    3.200    3.680    3.683    1.816   -0.149   -1.800    1.816   -0.149    0.268   -3.268   -0.271    3.279    1.645
 439.70    3.504    3.948    3.948    1.818   -0.015   -1.496    1.818   -0.015    0.022   -2.720   -0.026    2.772    1.360
 439.80    3.448    3.774    3.774    1.534   -0.071   -1.552    1.534   -0.071    0.110   -2.381   -0.108    2.384    1.193
 439.90    3.552    3.939    3.975    1.702    0.533   -1.448    1.702    0.533   -0.772   -2.464    0.907    2.638    1.368
 440.00    3.305    4.008    4.088    2.268    0.801   -1.695    2.268    0.801   -1.357   -3.845    1.816    4.329    2.232
 440.10    3.363    3.935    3.968    2.043    0.506   -1.637    2.043    0.506   -0.828   -3.344    1.034    3.554    1.798
 440.20    3.139    3.755    3.771    2.060    0.348   -1.861    2.060    0.348   -0.647   -3.833    0.717    3.913    1.976
 440.30    2.890    3.857    3.877    2.555    0.395   -2.110    2.555    0.395   -0.834   -5.391    1.010    5.568    2.774
 440.40    3.022    3.984    4.000    2.597    0.350   -1.978    2.597    0.350   -0.692   -5.136    0.909    5.389    2.631
 440.50    3.748    4.421    4.475    2.345    0.693   -1.252    2.345    0.693   -0.868   -2.936    1.625    3.774    1.733
 440.60    3.950    4.547    4.561    2.251    0.361   -1.050    2.251    0.361   -0.379   -2.363    0.814    3.150    1.264
 440.70    3.130    3.752    3.774    2.070    0.404   -1.870    2.070    0.404   -0.756   -3.871    0.837    3.973    2.016
 440.80    2.810    3.357    3.371    1.837    0.305   -2.190    1.837    0.305   -0.669   -4.022    0.561    4.131    2.058
 440.90    3.111    3.682    3.705    1.970    0.411   -1.889    1.970    0.411   -0.776   -3.721    0.809    3.809    1.943
 441.00    3.561    4.171    4.259    2.171    0.863   -1.439    2.171    0.863   -1.242   -3.124    1.874    3.764    1.924
 441.10    3.629    4.062    4.167    1.826    0.926   -1.371    1.826    0.926   -1.270   -2.505    1.691    3.037    1.639
 441.20    3.792    4.111    4.203    1.589    0.877   -1.208    1.589    0.877   -1.060   -1.920    1.393    2.377    1.299
 441.30    3.651    3.924    3.996    1.440    0.755   -1.349    1.440    0.755   -1.019   -1.942    1.087    2.232    1.224
 441.40    3.589    3.894    3.984    1.510    0.841   -1.411    1.510    0.841   -1.187   -2.131    1.270    2.490    1.375
 441.50    3.369    3.783    3.946    1.719    1.122   -1.631    1.719    1.122   -1.830   -2.804    1.930    3.438    1.932
 441.60    3.312    3.639    3.832    1.508    1.199   -1.688    1.508    1.199   -2.025   -2.547    1.809    3.282    1.861
 441.70    3.072    3.600    3.777    1.876    1.143   -1.928    1.876    1.143   -2.204   -3.617    2.145    4.272    2.374
 441.80    3.105    3.702    3.827    2.016    0.969   -1.895    2.016    0.969   -1.835   -3.821    1.953    4.297    2.334
 441.90    3.227    3.799    3.915    2.003    0.949   -1.773    2.003    0.949   -1.682   -3.551    1.901    4.028    2.183
 442.00    3.287    3.609    3.648    1.491    0.535   -1.713    1.491    0.535   -0.916   -2.555    0.797    2.722    1.414
 442.10    3.456    3.897    3.929    1.801    0.495   -1.544    1.801    0.495   -0.765   -2.779    0.892    2.935    1.509
 442.20    3.271    3.937    3.971    2.192    0.513   -1.729    2.192    0.513   -0.887   -3.790    1.125    4.029    2.026
 442.30    3.137    4.088    4.113    2.621    0.454   -1.863    2.621    0.454   -0.845   -4.883    1.190    5.273    2.548
 442.40    3.349    4.490    4.499    2.991    0.275   -1.651    2.991    0.275   -0.454   -4.939    0.822    5.874    2.514
 442.50    3.161    4.438    4.447    3.115    0.294   -1.839    3.115    0.294   -0.541   -5.727    0.917    6.584    2.913
 442.60    3.097    4.142    4.143    2.750    0.071   -1.903    2.750    0.071   -0.135   -5.232    0.196    5.594    2.619
 442.70    3.084    3.910    3.911    2.404    0.067   -1.916    2.404    0.067   -0.128   -4.604    0.161    4.726    2.304
 442.80    3.086    3.836    3.855    2.278    0.381   -1.914    2.278    0.381   -0.729   -4.359    0.868    4.499    2.252
 442.90    3.386    4.355    4.373    2.739    0.395   -1.614    2.739    0.395   -0.638   -4.421    1.083    5.132    2.298
 443.00    3.499    4.290    4.290    2.483    0.004   -1.501    2.483    0.004   -0.006   -3.728    0.009    4.210    1.864
 443.10    3.253    4.139    4.139    2.559   -0.016   -1.747    2.559   -0.016    0.028   -4.470   -0.041    4.800    2.235
 443.20    3.231    3.857    3.860    2.107   -0.128   -1.769    2.107   -0.128    0.226   -3.726   -0.269    3.791    1.871
 443.30    3.502    4.211    4.222    2.338   -0.312   -1.498    2.338   -0.312    0.467   -3.501   -0.729    3.903    1.803
 443.40    3.668    4.129    4.131    1.896   -0.140   -1.332    1.896   -0.140    0.186   -2.525   -0.264    2.693    1.273
 443.50    3.637    4.105    4.139    1.903   -0.526   -1.363    1.903   -0.526    0.717   -2.593   -1.002    2.878    1.435
 443.60    3.798    4.330    4.331    2.081   -0.025   -1.202    2.081   -0.025    0.030   -2.502   -0.052    2.888    1.251
 443.70    3.667    4.268    4.268    2.184   -0.041   -1.333    2.184   -0.041    0.055   -2.912   -0.091    3.275    1.457
 443.80    3.699    4.447    4.459    2.468   -0.331   -1.301    2.468   -0.331    0.430   -3.210   -0.816    3.946    1.670
 443.90    4.172    4.584    4.596    1.901   -0.332   -0.828    1.901   -0.332    0.275   -1.575   -0.631    2.205    0.859
 444.00    3.872    4.417    4.427    2.125   -0.301   -1.128    2.125   -0.301    0.339   -2.397   -0.639    2.940    1.252
 444.10    3.993    4.488    4.488    2.049    0.087   -1.007    2.049    0.087   -0.088   -2.064    0.179    2.609    1.037
 444.20    3.673    4.619    4.624    2.800    0.215   -1.327    2.800    0.215   -0.285   -3.715    0.602    4.824    1.887
 444.30    3.508    4.381    4.383    2.623    0.151   -1.492    2.623    0.151   -0.225   -3.913    0.396    4.564    1.970
 444.40    3.574    4.377    4.379    2.527   -0.149   -1.426    2.527   -0.149    0.212   -3.604   -0.376    4.220    1.815
 444.50    3.246    4.278    4.278    2.786    0.028   -1.754    2.786    0.028   -0.049   -4.886    0.077    5.420    2.444
 444.60    3.748    4.753    4.780    2.922    0.515   -1.252    2.922    0.515   -0.645   -3.658    1.505    5.185    2.004
 444.70    3.609    4.609    4.634    2.866    0.480   -1.391    2.866    0.480   -0.668   -3.986    1.377    5.190    2.135
 444.80    3.240    4.274    4.278    2.787    0.191   -1.760    2.787    0.191   -0.337   -4.904    0.533    5.450    2.472
 444.90    3.129    4.380    4.394    3.066    0.350   -1.871    3.066    0.350   -0.655   -5.738    1.074    6.513    2.937
 445.00    3.305    5.059    5.074    3.830    0.390   -1.695    3.830    0.390   -0.662   -6.493    1.495    8.848    3.348
 445.10    3.486    4.834    4.877    3.349    0.648   -1.514    3.349    0.648   -0.981   -5.071    2.170    6.964    2.801
 445.20    3.510    4.915    4.939    3.441    0.484   -1.490    3.441    0.484   -0.722   -5.128    1.667    7.148    2.720
 445.30    3.642    5.110    5.113    3.585    0.177   -1.358    3.585    0.177   -0.240   -4.868    0.633    7.363    2.457
 445.40    3.734    5.135    5.139    3.524    0.218   -1.266    3.524    0.218   -0.276   -4.460    0.769    7.035    2.267
 445.50    3.509    4.884    4.891    3.398    0.257   -1.491    3.398    0.257   -0.383   -5.067    0.872    6.917    2.578
 445.60    3.855    5.028    5.052    3.228    0.489   -1.145    3.228    0.489   -0.559   -3.696    1.577    5.985    2.028
 445.70    3.826    4.926    4.940    3.103    0.375   -1.174    3.103    0.375   -0.441   -3.644    1.164    5.574    1.925
 445.80    3.755    4.640    4.661    2.724    0.444   -1.245    2.724    0.444   -0.553   -3.390    1.211    4.584    1.821
 445.90    3.511    4.628    4.719    3.015    0.924   -1.489    3.015    0.924   -1.375   -4.489    2.784    6.080    2.729
 446.00    3.300    4.196    4.277    2.591    0.829   -1.700    2.591    0.829   -1.409   -4.404    2.147    5.145    2.549
 446.10    3.325    4.351    4.402    2.807    0.669   -1.675    2.807    0.669   -1.120   -4.701    1.876    5.564    2.592
 446.20    3.351    4.221    4.264    2.566    0.610   -1.649    2.566    0.610   -1.006   -4.233    1.565    4.839    2.312
 446.30    3.415    4.355    4.391    2.703    0.562   -1.585    2.703    0.562   -0.891   -4.285    1.519    5.067    2.316
 446.40    3.518    4.385    4.463    2.617    0.833   -1.482    2.617    0.833   -1.235   -3.880    2.180    4.871    2.309
 446.50    3.556    4.566    4.620    2.864    0.700   -1.444    2.864    0.700   -1.010   -4.135    2.004    5.389    2.352
 446.60    3.767    5.087    5.157    3.418    0.849   -1.233    3.418    0.849   -1.047   -4.214    2.903    6.962    2.611
 446.70    3.933    5.305    5.383    3.561    0.909   -1.067    3.561    0.909   -0.971   -3.801    3.239    7.324    2.544
 446.80    3.561    5.379    5.428    4.032    0.725   -1.439    4.032    0.725   -1.044   -5.803    2.924    9.426    3.291
 446.90    3.239    5.045    5.064    3.868    0.442   -1.761    3.868    0.442   -0.778   -6.809    1.708    9.127    3.532
 447.00    3.463    5.205    5.224    3.885    0.448   -1.537    3.885    0.448   -0.689   -5.971    1.741    8.829    3.129
 447.10    3.446    5.100    5.106    3.760    0.241   -1.554    3.760    0.241   -0.374   -5.842    0.905    8.304    2.962
 447.20    3.328    5.092    5.094    3.855    0.141   -1.672    3.855    0.141   -0.235   -6.447    0.542    8.838    3.237
 447.30    3.179    4.712    4.712    3.478   -0.004   -1.821    3.478   -0.004    0.007   -6.334   -0.012    7.707    3.167
 447.40    3.512    5.019    5.023    3.586   -0.202   -1.488    3.586   -0.202    0.301   -5.337   -0.724    7.558    2.697
 447.50    3.931    5.111    5.111    3.266   -0.020   -1.069    3.266   -0.020    0.021   -3.491   -0.064    5.906    1.746
 447.60    4.028    5.352    5.353    3.525    0.079   -0.972    3.525    0.079   -0.077   -3.428    0.279    6.690    1.720
 447.70    3.951    4.989    5.005    3.046    0.400   -1.049    3.046    0.400   -0.420   -3.194    1.219    5.268    1.722
 447.80    3.797    4.713    4.718    2.791    0.209   -1.203    2.791    0.209   -0.251   -3.357    0.584    4.641    1.708
 447.90    3.913    4.657    4.670    2.526    0.339   -1.087    2.526    0.339   -0.369   -2.747    0.856    3.840    1.450
 448.00    3.640    4.563    4.580    2.753    0.394   -1.360    2.753    0.394   -0.537   -3.745    1.086    4.793    1.968
 448.10    4.148    4.975    4.992    2.746    0.413   -0.852    2.746    0.413   -0.352   -2.339    1.135    4.218    1.312
 448.20    4.042    4.820    4.822    2.625    0.151   -0.958    2.625    0.151   -0.144   -2.514    0.396    3.914    1.274
 448.30    4.057    4.829    4.832    2.618   -0.181   -0.943    2.618   -0.181    0.171   -2.468   -0.475    3.889    1.260
 448.40    4.058    4.829    4.829    2.617   -0.038   -0.942    2.617   -0.038    0.036   -2.464   -0.100    3.867    1.233
 448.50    3.967    4.737    4.738    2.589   -0.120   -1.033    2.589   -0.120    0.124   -2.675   -0.309    3.892    1.348
 448.60    4.184    4.976    4.976    2.692   -0.017   -0.816    2.692   -0.017    0.014   -2.196   -0.047    3.957    1.098
 448.70    3.769    4.663    4.663    2.746    0.043   -1.231    2.746    0.043   -0.052   -3.381    0.117    4.528    1.692
 448.80    3.425    4.594    4.612    3.062    0.411   -1.575    3.062    0.411   -0.648   -4.824    1.260    6.013    2.514
 448.90    3.434    4.583    4.616    3.035    0.550   -1.566    3.035    0.550   -0.862   -4.754    1.671    5.984    2.556
 449.00    3.817    5.042    5.122    3.295    0.902   -1.183    3.295    0.902   -1.068   -3.898    2.973    6.535    2.509
 449.10    3.428    4.635    4.706    3.120    0.816   -1.572    3.120    0.816   -1.283   -4.905    2.546    6.435    2.837
 449.20    3.470    4.769    4.853    3.272    0.897   -1.530    3.272    0.897   -1.372   -5.006    2.934    6.925    2.981
 449.30    3.574    4.698    4.788    3.050    0.923   -1.426    3.050    0.923   -1.316   -4.351    2.815    6.095    2.673
 449.40    3.511    4.469    4.601    2.764    1.098   -1.489    2.764    1.098   -1.634   -4.114    3.033    5.529    2.683
 449.50    3.430    4.459    4.644    2.849    1.299   -1.570    2.849    1.299   -2.041   -4.475    3.702    6.136    3.078
 449.60    3.648    4.597    4.764    2.797    1.251   -1.352    2.797    1.251   -1.692   -3.783    3.500    5.609    2.712
 449.70    3.989    4.715    4.849    2.515    1.129   -1.011    2.515    1.129   -1.142   -2.543    2.840    4.310    1.989
 449.80    3.676    4.410    4.523    2.435    1.005   -1.324    2.435    1.005   -1.331   -3.224    2.448    4.347    2.131
 449.90    4.049    4.691    4.796    2.368    1.002   -0.951    2.368    1.002   -0.953   -2.252    2.373    3.758    1.704
 450.00    4.182    4.788    4.864    2.333    0.856   -0.818    2.333    0.856   -0.701   -1.909    1.998    3.423    1.425
 450.10    4.128    4.799    4.854    2.449    0.728   -0.872    2.449    0.728   -0.635   -2.136    1.783    3.644    1.427
 450.20    3.920    4.650    4.653    2.503    0.173   -1.080    2.503    0.173   -0.186   -2.704    0.432    3.730    1.372
 450.30    3.865    4.507    4.507    2.318    0.081   -1.135    2.318    0.081   -0.092   -2.631    0.189    3.334    1.320
 450.40    3.732    4.177    4.177    1.876    0.021   -1.268    1.876    0.021   -0.027   -2.379    0.039    2.563    1.190
 450.50    3.692    4.139    4.139    1.870   -0.056   -1.308    1.870   -0.056    0.073   -2.445   -0.104    2.605    1.224
 450.60    3.769    4.110    4.131    1.640   -0.417   -1.231    1.640   -0.417    0.514   -2.020   -0.684    2.191    1.097
 450.70    3.673    4.112    4.114    1.850   -0.116   -1.327    1.850   -0.116    0.154   -2.456   -0.215    2.599    1.235
 450.80    3.934    4.285    4.326    1.699   -0.595   -1.066    1.699   -0.595    0.634   -1.811   -1.010    2.188    1.084
 450.90    3.653    4.026    4.085    1.692   -0.693   -1.347    1.692   -0.693    0.934   -2.279   -1.173    2.579    1.364
 451.00    3.710    4.328    4.346    2.228   -0.404   -1.290    2.228   -0.404    0.522   -2.873   -0.901    3.395    1.528
 451.10    3.961    4.369    4.390    1.843   -0.426   -1.039    1.843   -0.426    0.442   -1.915   -0.785    2.329    1.058
 451.20    3.916    4.270    4.302    1.703   -0.526   -1.084    1.703   -0.526    0.570   -1.846   -0.896    2.176    1.065
 451.30    3.650    3.865    3.867    1.270   -0.143   -1.350    1.270   -0.143    0.193   -1.714   -0.182    1.727    0.867
 451.40    3.714    3.879    3.880    1.122    0.074   -1.286    1.122    0.074   -0.095   -1.443    0.082    1.459    0.724
 451.50    3.910    4.212    4.212    1.566    0.047   -1.090    1.566    0.047   -0.051   -1.707    0.073    1.822    0.855
 451.60    3.939    4.211    4.212    1.487   -0.093   -1.061    1.487   -0.093    0.099   -1.578   -0.139    1.673    0.793
 451.70    3.988    4.290    4.323    1.581   -0.539   -1.012    1.581   -0.539    0.545   -1.600   -0.852    1.907    0.946
 451.80    4.272    4.651    4.696    1.839   -0.651   -0.728    1.839   -0.651    0.474   -1.339   -1.197    2.167    0.929
 451.90    4.353    4.841    4.917    2.117   -0.861   -0.647    2.117   -0.861    0.557   -1.370   -1.823    2.822    1.174
 452.00    4.270    4.616    4.692    1.754   -0.840   -0.730    1.754   -0.840    0.613   -1.280   -1.473    2.157    1.023
 452.10    4.517    4.701    4.722    1.301   -0.447   -0.483    1.301   -0.447    0.216   -0.628   -0.582    1.063    0.441
 452.20    4.777    4.948    4.979    1.292   -0.548   -0.223    1.292   -0.548    0.122   -0.289   -0.708    1.010    0.387
 452.30    4.539    4.665    4.719    1.079   -0.712   -0.461    1.079   -0.712    0.328   -0.498   -0.768    0.942    0.486
 452.40    4.595    4.705    4.769    1.009   -0.779   -0.405    1.009   -0.779    0.315   -0.408   -0.785    0.894    0.470
 452.50    4.704    4.787    4.832    0.888   -0.652   -0.296    0.888   -0.652    0.193   -0.263   -0.579    0.651    0.332
 452.60    4.903    4.952    5.063    0.697   -1.054   -0.097    0.697   -1.054    0.103   -0.068   -0.735    0.803    0.372
 452.70    4.709    4.803    5.022    0.944   -1.468   -0.291    0.944   -1.468    0.427   -0.275   -1.385    1.565    0.738
 452.80    4.389    4.461    4.586    0.799   -1.062   -0.611    0.799   -1.062    0.649   -0.488   -0.849    1.070    0.587
 452.90    4.023    4.068    4.220    0.601   -1.123   -0.977    0.601   -1.123    1.097   -0.587   -0.675    1.289    0.708
 453.00    3.949    3.990    4.073    0.569   -0.820   -1.051    0.569   -0.820    0.862   -0.598   -0.466    1.050    0.574
 453.10    4.109    4.122    4.156    0.324   -0.527   -0.891    0.324   -0.527    0.470   -0.288   -0.171    0.588    0.289
 453.20    3.825    3.875    3.955    0.621   -0.789   -1.175    0.621   -0.789    0.926   -0.729   -0.490    1.194    0.638
 453.30    3.958    4.010    4.028    0.641   -0.380   -1.042    0.641   -0.380    0.396   -0.667   -0.244    0.820    0.407
 453.40    4.151    4.303    4.303    1.135   -0.013   -0.849    1.135   -0.013    0.011   -0.964   -0.014    1.005    0.482
 453.50    4.530    4.748    4.754    1.420   -0.242   -0.470    1.420   -0.242    0.114   -0.667   -0.344    1.148    0.379
 453.60    4.632    4.788    4.805    1.215   -0.396   -0.368    1.215   -0.396    0.146   -0.448   -0.481    0.884    0.337
 453.70    4.650    4.805    4.817    1.209   -0.344   -0.350    1.209   -0.344    0.120   -0.423   -0.416    0.852    0.303
 453.80    4.070    4.228    4.249    1.142   -0.429   -0.930    1.142   -0.429    0.398   -1.062   -0.490    1.176    0.618
 453.90    4.557    4.763    4.767    1.386   -0.192   -0.443    1.386   -0.192    0.085   -0.615   -0.267    1.078    0.338
 454.00    4.853    5.045    5.046    1.380   -0.025   -0.147    1.380   -0.025    0.004   -0.202   -0.035    0.963    0.103
 454.10    4.966    5.159    5.182    1.398    0.484   -0.034    1.398    0.484   -0.016   -0.047    0.676    1.095    0.339
 454.20    4.468    4.654    4.701    1.305    0.663   -0.532    1.305    0.663   -0.353   -0.695    0.864    1.212    0.582
 454.30    4.423    4.761    4.798    1.762    0.593   -0.577    1.762    0.593   -0.342   -1.017    1.045    1.895    0.749
 454.40    4.896    5.217    5.254    1.802    0.618   -0.104    1.802    0.618   -0.064   -0.187    1.113    1.820    0.565
 454.50    5.004    5.282    5.340    1.692    0.788    0.004    1.692    0.788    0.003    0.006    1.333    1.742    0.666
 454.60    4.720    5.003    5.019    1.658    0.396   -0.280    1.658    0.396   -0.111   -0.464    0.656    1.492    0.406
 454.70    4.606    4.985    5.031    1.907    0.680   -0.394    1.907    0.680   -0.268   -0.752    1.296    2.128    0.761
 454.80    4.957    5.268    5.276    1.781    0.292   -0.043    1.781    0.292   -0.012   -0.076    0.520    1.630    0.263
 454.90    4.784    5.304    5.376    2.291    0.878   -0.216    2.291    0.878   -0.190   -0.494    2.012    3.032    1.040
 455.00    4.697    5.172    5.216    2.167    0.675   -0.303    2.167    0.675   -0.205   -0.658    1.463    2.622    0.809
 455.10    4.875    5.376    5.397    2.268    0.471   -0.125    2.268    0.471   -0.059   -0.284    1.067    2.690    0.553
 455.20    4.751    5.185    5.289    2.077    1.044   -0.249    2.077    1.044   -0.260   -0.517    2.168    2.732    1.122
 455.30    4.834    5.329    5.470    2.242    1.235   -0.166    2.242    1.235   -0.205   -0.372    2.770    3.291    1.401
 455.40    4.915    5.383    5.468    2.197    0.958   -0.085    2.197    0.958   -0.081   -0.187    2.103    2.875    1.057
 455.50    4.706    5.164    5.184    2.125    0.457   -0.294    2.125    0.457   -0.134   -0.624    0.971    2.404    0.581
 455.60    4.862    5.225    5.227    1.913   -0.160   -0.138    1.913   -0.160    0.022   -0.264   -0.305    1.852    0.202
 455.70    4.688    5.089    5.094    1.980    0.221   -0.312    1.980    0.221   -0.069   -0.617    0.437    2.034    0.380
 455.80    4.532    4.966    4.985    2.030    0.434   -0.468    2.030    0.434   -0.203   -0.949    0.881    2.264    0.655
 455.90    4.598    5.069    5.086    2.133    0.422   -0.402    2.133    0.422   -0.170   -0.857    0.900    2.445    0.627
 456.00    4.493    4.888    4.888    1.926   -0.021   -0.507    1.926   -0.021    0.011   -0.977   -0.040    1.984    0.489
 456.10    4.946    5.324    5.341    1.970   -0.425   -0.054    1.970   -0.425    0.023   -0.106   -0.837    2.032    0.422
 456.20    4.888    5.214    5.222    1.814   -0.290   -0.112    1.814   -0.290    0.032   -0.202   -0.525    1.693    0.282
 456.30    4.724    5.002    5.013    1.643   -0.337   -0.276    1.643   -0.337    0.093   -0.453   -0.553    1.444    0.361
 456.40    4.405    4.776    4.777    1.846    0.060   -0.595    1.846    0.060   -0.036   -1.098    0.111    1.882    0.552
 456.50    4.236    4.575    4.576    1.728    0.049   -0.764    1.728    0.049   -0.037   -1.320    0.085    1.786    0.661
 456.60    3.843    4.197    4.197    1.686    0.028   -1.157    1.686    0.028   -0.033   -1.950    0.048    2.091    0.975
 456.70    3.856    4.103    4.112    1.401    0.271   -1.144    1.401    0.271   -0.310   -1.603    0.379    1.673    0.838
 456.80    4.175    4.408    4.408    1.412   -0.072   -0.825    1.412   -0.072    0.060   -1.164   -0.102    1.340    0.585
 456.90    4.191    4.603    4.610    1.903   -0.259   -0.809    1.903   -0.259    0.210   -1.540   -0.493    2.172    0.815
 457.00    4.183    4.624    4.635    1.970   -0.316   -0.817    1.970   -0.316    0.258   -1.610   -0.623    2.325    0.873
 457.10    4.189    4.697    4.699    2.125   -0.132   -0.811    2.125   -0.132    0.107   -1.725   -0.281    2.597    0.875
 457.20    4.122    4.610    4.610    2.063    0.051   -0.878    2.063    0.051   -0.045   -1.811    0.106    2.515    0.907
 457.30    4.150    4.700    4.702    2.205    0.136   -0.850    2.205    0.136   -0.115   -1.874    0.299    2.802    0.951
 457.40    4.231    4.940    4.949    2.549   -0.296   -0.769    2.549   -0.296    0.228   -1.959   -0.756    3.587    1.056
 457.50    4.147    5.038    5.074    2.861   -0.601   -0.853    2.861   -0.601    0.513   -2.441   -1.720    4.637    1.515
 457.60    3.921    5.116    5.163    3.287   -0.691   -1.079    3.287   -0.691    0.746   -3.546   -2.272    6.222    2.139
 457.70    4.053    4.960    5.047    2.858   -0.937   -0.947    2.858   -0.937    0.887   -2.705   -2.677    4.971    1.954
 457.80    4.041    5.280    5.349    3.399   -0.857   -0.959    3.399   -0.857    0.822   -3.260   -2.914    6.603    2.224
 457.90    3.959    5.220    5.250    3.403   -0.553   -1.041    3.403   -0.553    0.575   -3.544   -1.881    6.486    2.026
 458.00    3.848    5.041    5.079    3.257   -0.619   -1.152    3.257   -0.619    0.714   -3.754   -2.017    6.160    2.160
 458.10    3.494    4.651    4.686    3.069   -0.571   -1.506    3.069   -0.571    0.860   -4.621   -1.753    6.006    2.508
 458.20    3.579    4.693    4.699    3.035   -0.242   -1.421    3.035   -0.242    0.345   -4.314   -0.736    5.646    2.195
 458.30    3.479    4.452    4.455    2.777    0.169   -1.521    2.777    0.169   -0.256   -4.223    0.468    5.027    2.128
 458.40    4.118    4.972    4.976    2.787    0.205   -0.882    2.787    0.205   -0.181   -2.459    0.572    4.293    1.265
 458.50    3.795    4.793    4.794    2.929    0.043   -1.205    2.929    0.043   -0.052   -3.530    0.127    5.016    1.766
 458.60    3.933    4.789    4.805    2.732   -0.390   -1.067    2.732   -0.390    0.416   -2.915   -1.066    4.377    1.566
 458.70    4.162    5.095    5.106    2.939   -0.332   -0.838    2.939   -0.332    0.279   -2.463   -0.977    4.725    1.332
 458.80    4.408    5.264    5.283    2.878   -0.443   -0.592    2.878   -0.443    0.262   -1.704   -1.276    4.415    1.072
 458.90    4.341    5.084    5.090    2.646   -0.243   -0.659    2.646   -0.243    0.160   -1.743   -0.642    3.747    0.932
 459.00    4.644    5.278    5.303    2.507   -0.524   -0.356    2.507   -0.524    0.186   -0.892   -1.313    3.343    0.799
 459.10    4.740    5.223    5.249    2.194   -0.523   -0.260    2.194   -0.523    0.136   -0.571   -1.147    2.577    0.644
 459.20    4.469    4.977    4.995    2.192   -0.414   -0.531    2.192   -0.414    0.220   -1.164   -0.907    2.628    0.746
 459.30    4.156    4.583    4.593    1.931   -0.298   -0.844    1.931   -0.298    0.251   -1.630   -0.575    2.265    0.873
 459.40    3.943    4.589    4.614    2.348   -0.482   -1.057    2.348   -0.482    0.510   -2.483   -1.133    3.433    1.388
 459.50    4.115    4.850    4.941    2.567   -0.944   -0.885    2.567   -0.944    0.835   -2.270   -2.424    4.131    1.712
 459.60    3.741    4.702    4.878    2.850   -1.296   -1.259    2.850   -1.296    1.632   -3.589   -3.693    5.693    2.701
 459.70    3.599    4.441    4.623    2.602   -1.283   -1.401    2.602   -1.283    1.797   -3.645   -3.339    5.189    2.630
 459.80    3.604    4.426    4.576    2.570   -1.161   -1.396    2.570   -1.161    1.621   -3.588   -2.983    4.951    2.470
 459.90    3.408    4.288    4.439    2.602   -1.150   -1.592    2.602   -1.150    1.831   -4.144   -2.991    5.314    2.714
 460.00    3.307    4.587    4.690    3.179   -0.981   -1.693    3.179   -0.981    1.661   -5.383   -3.117    6.967    3.219
 460.10    3.313    4.422    4.519    2.928   -0.931   -1.687    2.928   -0.931    1.570   -4.939   -2.725    6.142    2.928
 460.20    3.487    4.558    4.630    2.936   -0.809   -1.513    2.936   -0.809    1.224   -4.441   -2.376    5.781    2.592
 460.30    3.709    4.598    4.645    2.719   -0.659   -1.291    2.719   -0.659    0.850   -3.511   -1.790    4.746    2.016
 460.40    3.652    4.305    4.337    2.278   -0.527   -1.348    2.278   -0.527    0.711   -3.070   -1.201    3.642    1.686
 460.50    3.725    4.353    4.356    2.252   -0.149   -1.275    2.252   -0.149    0.190   -2.871   -0.335    3.359    1.448
 460.60    3.655    4.377    4.463    2.408   -0.870   -1.345    2.408   -0.870    1.171   -3.239   -2.096    4.183    2.016
 460.70    3.582    4.515    4.582    2.749   -0.777   -1.418    2.749   -0.777    1.101   -3.896   -2.134    5.084    2.289
 460.80    3.675    4.677    4.690    2.893   -0.342   -1.325    2.893   -0.342    0.454   -3.832   -0.991    5.120    1.992
 460.90    3.659    4.379    4.400    2.405   -0.426   -1.341    2.405   -0.426    0.572   -3.225   -1.026    3.883    1.716
 461.00    3.537    4.491    4.492    2.767   -0.102   -1.463    2.767   -0.102    0.149   -4.047   -0.281    4.903    2.030
 461.10    3.809    4.522    4.523    2.437   -0.112   -1.191    2.437   -0.112    0.133   -2.903   -0.273    3.685    1.459
 461.20    3.810    4.426    4.434    2.251   -0.269   -1.190    2.251   -0.269    0.319   -2.678   -0.605    3.277    1.382
 461.30    3.771    4.482    4.523    2.422   -0.609   -1.229    2.422   -0.609    0.749   -2.977   -1.475    3.874    1.703
 461.40    3.543    4.294    4.313    2.426   -0.409   -1.457    2.426   -0.409    0.597   -3.535   -0.993    4.088    1.860
 461.50    4.070    4.744    4.753    2.438   -0.285   -0.930    2.438   -0.285    0.265   -2.267   -0.696    3.445    1.193
 461.60    4.012    4.679    4.699    2.407   -0.430   -0.988    2.407   -0.430    0.425   -2.379   -1.035    3.478    1.314
 461.70    3.811    4.616    4.683    2.606   -0.786   -1.189    2.606   -0.786    0.935   -3.099   -2.049    4.411    1.915
 461.80    3.720    4.258    4.325    2.072   -0.757   -1.280    2.072   -0.757    0.969   -2.653   -1.568    3.253    1.616
 461.90    3.780    4.516    4.590    2.471   -0.822   -1.220    2.471   -0.822    1.003   -3.014   -2.031    4.134    1.885
 462.00    3.938    4.551    4.599    2.282   -0.660   -1.062    2.282   -0.660    0.701   -2.424   -1.506    3.386    1.469
 462.10    3.711    4.238    4.270    2.047   -0.528   -1.289    2.047   -0.528    0.680   -2.639   -1.080    3.065    1.466
 462.20    3.795    4.232    4.246    1.872   -0.349   -1.205    1.872   -0.349    0.420   -2.255   -0.653    2.539    1.193
 462.30    3.786    4.135    4.260    1.663   -1.023   -1.214    1.663   -1.023    1.242   -2.018   -1.701    2.642    1.459
 462.40    3.548    3.975    4.056    1.793   -0.803   -1.452    1.793   -0.803    1.166   -2.604   -1.440    2.985    1.598
 462.50    3.374    3.838    3.887    1.830   -0.613   -1.626    1.830   -0.613    0.997   -2.976   -1.121    3.185    1.666
 462.60    3.433    3.811    3.850    1.656   -0.542   -1.567    1.656   -0.542    0.849   -2.594   -0.897    2.745    1.437
 462.70    3.532    3.956    4.017    1.783   -0.695   -1.468    1.783   -0.695    1.021   -2.617   -1.240    2.909    1.535
 462.80    3.535    3.924    3.973    1.704   -0.620   -1.465    1.704   -0.620    0.909   -2.495   -1.057    2.716    1.429
 462.90    3.555    3.939    3.961    1.698   -0.418   -1.445    1.698   -0.418    0.604   -2.455   -0.709    2.574    1.313
 463.00    3.717    3.995    4.061    1.464   -0.730   -1.283    1.464   -0.730    0.937   -1.878   -1.069    2.161    1.178
 463.10    3.489    3.756    3.814    1.390   -0.660   -1.511    1.390   -0.660    0.996   -2.099   -0.917    2.324    1.249
 463.20    3.366    3.635    3.702    1.373   -0.702   -1.634    1.373   -0.702    1.147   -2.245   -0.964    2.525    1.349
 463.30    3.434    3.754    3.787    1.516   -0.496   -1.566    1.516   -0.496    0.776   -2.373   -0.751    2.497    1.304
 463.40    3.724    4.092    4.145    1.695   -0.660   -1.276    1.695   -0.660    0.842   -2.162   -1.119    2.468    1.288
 463.50    3.785    4.149    4.257    1.700   -0.952   -1.215    1.700   -0.952    1.157   -2.066   -1.619    2.637    1.434
 463.60    3.814    4.276    4.326    1.933   -0.659   -1.186    1.933   -0.659    0.782   -2.293   -1.274    2.789    1.369
 463.70    3.929    4.414    4.414    2.011   -0.038   -1.071    2.011   -0.038    0.040   -2.154   -0.076    2.597    1.078
 463.80    4.115    4.528    4.563    1.889    0.566   -0.885    1.889    0.566   -0.501   -1.672    1.068    2.336    1.023
 463.90    3.970    4.288    4.288    1.618   -0.070   -1.030    1.618   -0.070    0.072   -1.666   -0.114    1.842    0.836
 464.00    4.215    4.453    4.453    1.437   -0.020   -0.785    1.437   -0.020    0.016   -1.127   -0.028    1.340    0.564
 464.10    4.211    4.480    4.480    1.528   -0.031   -0.789    1.528   -0.031    0.024   -1.205   -0.047    1.479    0.603
 464.20    3.995    4.155    4.201    1.139   -0.624   -1.005    1.139   -0.624    0.626   -1.144   -0.710    1.348    0.743
 464.30    4.219    4.409    4.416    1.281   -0.262   -0.781    1.281   -0.262    0.205   -1.001   -0.335    1.160    0.538
 464.40    4.197    4.448    4.468    1.473   -0.423   -0.803    1.473   -0.423    0.340   -1.182   -0.623    1.496    0.689
 464.50    4.405    4.624    4.655    1.406   -0.534   -0.595    1.406   -0.534    0.318   -0.836   -0.752    1.308    0.584
 464.60    4.503    4.735    4.765    1.464   -0.536   -0.497    1.464   -0.536    0.266   -0.727   -0.785    1.338    0.551
 464.70    4.034    4.409    4.422    1.780   -0.331   -0.966    1.780   -0.331    0.319   -1.718   -0.589    2.104    0.922
 464.80    4.048    4.289    4.295    1.416    0.231   -0.952    1.416    0.231   -0.220   -1.348    0.327    1.482    0.702
 464.90    3.674    3.905    3.912    1.325    0.226   -1.326    1.325    0.226   -0.300   -1.758    0.300    1.783    0.904
 465.00    3.870    4.198    4.204    1.627    0.214   -1.130    1.627    0.214   -0.242   -1.838    0.348    1.984    0.943
 465.10    4.090    4.510    4.510    1.900    0.069   -0.910    1.900    0.069   -0.063   -1.729    0.132    2.221    0.868
 465.20    3.854    4.236    4.240    1.758    0.167   -1.146    1.758    0.167   -0.192   -2.014    0.294    2.215    1.022
 465.30    3.935    4.495    4.525    2.173    0.518   -1.065    2.173    0.518   -0.551   -2.313    1.125    3.061    1.315
 465.40    3.897    4.772    4.824    2.755    0.707   -1.103    2.755    0.707   -0.780   -3.040    1.949    4.655    1.847
 465.50    3.454    4.167    4.179    2.330    0.316   -1.546    2.330    0.316   -0.488   -3.603    0.736    3.961    1.855
 465.60    3.104    3.658    3.658    1.935    0.073   -1.896    1.935    0.073   -0.138   -3.669    0.140    3.672    1.837
 465.70    3.396    3.751    3.766    1.592    0.329   -1.604    1.592    0.329   -0.528   -2.553    0.524    2.607    1.330
 465.80    3.200    3.591    3.598    1.630    0.216   -1.800    1.630    0.216   -0.389   -2.933    0.353    2.970    1.490
 465.90    3.391    3.676    3.690    1.420    0.326   -1.609    1.420    0.326   -0.525   -2.285    0.463    2.356    1.195
 466.00    3.365    3.780    3.785    1.722    0.191   -1.635    1.722    0.191   -0.313   -2.816    0.330    2.838    1.426
 466.10    3.506    3.953    3.955    1.826    0.122   -1.494    1.826    0.122   -0.183   -2.728    0.223    2.791    1.372
 466.20    3.310    3.792    3.795    1.850    0.154   -1.690    1.850    0.154   -0.260   -3.128    0.284    3.152    1.576
 466.30    3.353    3.759    3.760    1.698   -0.097   -1.647    1.698   -0.097    0.159   -2.796   -0.164    2.802    1.403
 466.40    3.726    3.922    3.924    1.223   -0.148   -1.274    1.223   -0.148    0.188   -1.558   -0.181    1.570    0.790
 466.50    3.873    4.011    4.013    1.043   -0.151   -1.127    1.043   -0.151    0.170   -1.176   -0.157    1.191    0.599
 466.60    4.068    4.150    4.158    0.824   -0.254   -0.932    0.824   -0.254    0.237   -0.768   -0.210    0.806    0.415
 466.70    4.197    4.285    4.290    0.860   -0.224   -0.803    0.860   -0.224    0.180   -0.690   -0.192    0.717    0.369
 466.80    4.353    4.418    4.418    0.752    0.041   -0.647    0.752    0.041   -0.026   -0.486    0.031    0.493    0.244
 466.90    4.435    4.548    4.557    1.009    0.284   -0.565    1.009    0.284   -0.160   -0.570    0.286    0.709    0.329
 467.00    4.072    4.173    4.258    0.913    0.848   -0.928    0.913    0.848   -0.788   -0.848    0.775    1.208    0.696
 467.10    4.065    4.142    4.366    0.794    1.380   -0.935    0.794    1.380   -1.291   -0.743    1.096    1.705    0.925
 467.20    4.327    4.362    4.540    0.556    1.257   -0.673    0.556    1.257   -0.846   -0.375    0.700    1.172    0.580
 467.30    4.363    4.381    4.527    0.393    1.142   -0.637    0.393    1.142   -0.727   -0.250    0.448    0.932    0.445
 467.40    4.180    4.180    4.251    0.076    0.770   -0.820    0.076    0.770   -0.632   -0.062    0.058    0.636    0.319
 467.50    4.271    4.282    4.335    0.310    0.672   -0.729    0.310    0.672   -0.490   -0.226    0.208    0.539    0.289
 467.60    4.028    4.065    4.157    0.546    0.871   -0.972    0.546    0.871   -0.846   -0.531    0.476    1.001    0.553
 467.70    3.882    3.906    3.951    0.429    0.594   -1.118    0.429    0.594   -0.664   -0.479    0.255    0.893    0.429
 467.80    3.854    3.878    3.913    0.427    0.523   -1.146    0.427    0.523   -0.599   -0.490    0.223    0.884    0.403
 467.90    3.420    3.420    3.454   -0.031    0.484   -1.580   -0.031    0.484   -0.765    0.049   -0.015    1.366    0.383
 468.00    3.337    3.337    3.387    0.060    0.575   -1.663    0.060    0.575   -0.957   -0.100    0.035    1.550    0.481
 468.10    3.169    3.204    3.220    0.477    0.321   -1.831    0.477    0.321   -0.589   -0.873    0.153    1.842    0.532
 468.20    3.256    3.287    3.309    0.452    0.382   -1.744    0.452    0.382   -0.667   -0.787    0.173    1.696    0.523
 468.30    3.365    3.379    3.391    0.316    0.283   -1.635    0.316    0.283   -0.463   -0.518    0.090    1.427    0.350
 468.40    3.282    3.298    3.318    0.325    0.369   -1.718    0.325    0.369   -0.635   -0.559    0.120    1.597    0.427
 468.50    3.397    3.474    3.474    0.727    0.010   -1.603    0.727    0.010   -0.016   -1.165    0.007    1.549    0.582
 468.60    3.244    3.324    3.335    0.728    0.270   -1.756    0.728    0.270   -0.475   -1.278    0.197    1.843    0.689
 468.70    3.078    3.107    3.107    0.424    0.006   -1.922    0.424    0.006   -0.011   -0.814    0.002    1.937    0.407
 468.80    2.861    2.900    2.903    0.478   -0.127   -2.139    0.478   -0.127    0.272   -1.023   -0.061    2.411    0.530
 468.90    3.336    3.406    3.411    0.687    0.184   -1.664    0.687    0.184   -0.307   -1.143    0.127    1.637    0.595
 469.00    3.556    3.601    3.622    0.569    0.384   -1.444    0.569    0.384   -0.554   -0.821    0.218    1.278    0.507
 469.10    3.391    3.433    3.433    0.535   -0.032   -1.609    0.535   -0.032    0.052   -0.861   -0.017    1.438    0.432
 469.20    3.259    3.305    3.305    0.548    0.036   -1.741    0.548    0.036   -0.063   -0.954    0.020    1.666    0.478
 469.30    2.870    2.943    2.946    0.653    0.117   -2.130    0.653    0.117   -0.250   -1.390    0.076    2.488    0.707
 469.40    2.931    3.005    3.005    0.663   -0.032   -2.069    0.663   -0.032    0.065   -1.371   -0.021    2.360    0.686
 469.50    3.274    3.437    3.437    1.048    0.014   -1.726    1.048    0.014   -0.023   -1.809    0.014    2.039    0.905
 469.60    3.387    3.638    3.645    1.327    0.227   -1.613    1.327    0.227   -0.366   -2.140    0.301    2.207    1.096
 469.70    3.425    3.549    3.565    0.930    0.337   -1.575    0.930    0.337   -0.531   -1.464    0.314    1.729    0.794
 469.80    3.360    3.387    3.415    0.426    0.431   -1.640    0.426    0.431   -0.707   -0.699    0.184    1.528    0.505
 469.90    3.487    3.550    3.551    0.665   -0.091   -1.513    0.665   -0.091    0.138   -1.007   -0.061    1.371    0.509
 470.00    3.769    3.871    3.884    0.884   -0.321   -1.231    0.884   -0.321    0.395   -1.088   -0.284    1.200    0.596
 470.10    3.727    3.851    3.876    0.971   -0.437   -1.273    0.971   -0.437    0.556   -1.237   -0.424    1.378    0.710
 470.20    3.997    4.022    4.061    0.447   -0.561   -1.003    0.447   -0.561    0.563   -0.448   -0.251    0.760    0.381
 470.30    3.938    3.988    4.045    0.625   -0.681   -1.062    0.625   -0.681    0.723   -0.664   -0.426    0.991    0.535
 470.40    3.910    4.028    4.075    0.967   -0.623   -1.090    0.967   -0.623    0.679   -1.054   -0.602    1.255    0.695
 470.50    4.041    4.155    4.198    0.964   -0.601   -0.959    0.964   -0.601    0.577   -0.924   -0.580    1.105    0.617
 470.60    3.847    3.922    3.938    0.761   -0.351   -1.153    0.761   -0.351    0.404   -0.877   -0.267    1.016    0.501
 470.70    3.779    3.785    3.792    0.222   -0.225   -1.221    0.222   -0.225    0.275   -0.271   -0.050    0.796    0.195
 470.80    3.735    3.796    3.806    0.680    0.274   -1.265    0.680    0.274   -0.347   -0.860    0.186    1.069    0.473
 470.90    3.599    3.711    3.715    0.902    0.175   -1.401    0.902    0.175   -0.245   -1.263    0.158    1.403    0.648
 471.00    3.666    3.699    3.699    0.493    0.011   -1.334    0.493    0.011   -0.015   -0.657    0.006    1.011    0.329
 471.10    3.826    3.890    3.905    0.701   -0.342   -1.174    0.701   -0.342    0.402   -0.822   -0.240    0.993    0.473
 471.20    4.320    4.456    4.456    1.090   -0.032   -0.680    1.090   -0.032    0.022   -0.741   -0.035    0.825    0.371
 471.30    4.245    4.314    4.315    0.769   -0.083   -0.755    0.769   -0.083    0.062   -0.581   -0.063    0.584    0.294
 471.40    3.941    3.973    3.976    0.507   -0.166   -1.059    0.507   -0.166    0.176   -0.537   -0.084    0.704    0.286
 471.50    3.987    3.994    4.001    0.230   -0.240   -1.013    0.230   -0.240    0.243   -0.233   -0.055    0.568    0.171
 471.60    3.909    3.984    4.027    0.770   -0.584   -1.091    0.770   -0.584    0.637   -0.840   -0.450    1.062    0.573
 471.70    3.795    3.906    3.944    0.927   -0.547   -1.205    0.927   -0.547    0.659   -1.117   -0.507    1.306    0.696
 471.80    3.837    3.885    3.982    0.610   -0.873   -1.163    0.610   -0.873    1.016   -0.710   -0.533    1.244    0.675
 471.90    4.382    4.436    4.477    0.690   -0.610   -0.618    0.690   -0.610    0.377   -0.427   -0.421    0.615    0.354
 472.00    4.038    4.095    4.099    0.683   -0.165   -0.962    0.683   -0.165    0.159   -0.657   -0.113    0.710    0.343
 472.10    3.878    3.966    3.996    0.832   -0.486   -1.122    0.832   -0.486    0.546   -0.934   -0.405    1.094    0.578
 472.20    4.248    4.284    4.290    0.555   -0.236   -0.752    0.555   -0.236    0.178   -0.418   -0.131    0.465    0.236
 472.30    4.455    4.477    4.484    0.444    0.250   -0.545    0.444    0.250   -0.136   -0.242    0.111    0.279    0.150
 472.40    4.174    4.269    4.271    0.895    0.141   -0.826    0.895    0.141   -0.116   -0.739    0.126    0.752    0.379
 472.50    3.817    3.861    3.863    0.585    0.097   -1.183    0.585    0.097   -0.115   -0.692    0.057    0.876    0.352
 472.60    3.798    3.817    3.860    0.383    0.577   -1.202    0.383    0.577   -0.694   -0.460    0.221    0.962    0.431
 472.70    3.614    3.641    3.658    0.447    0.348   -1.386    0.447    0.348   -0.482   -0.619    0.155    1.121    0.400
 472.80    3.719    3.724    3.766    0.198    0.560   -1.281    0.198    0.560   -0.717   -0.254    0.111    0.997    0.384
 472.90    3.385    3.385    3.395   -0.044    0.260   -1.615   -0.044    0.260   -0.419    0.070   -0.011    1.339    0.213
 473.00    3.192    3.247    3.263   -0.597    0.320   -1.808   -0.597    0.320   -0.578    1.080   -0.191    1.865    0.620
 473.10    3.501    3.526    3.537   -0.412    0.288   -1.499   -0.412    0.288   -0.431    0.618   -0.119    1.249    0.381
 473.20    3.120    3.120    3.128   -0.044    0.217   -1.880   -0.044    0.217   -0.408    0.084   -0.010    1.792    0.208
 473.30    2.842    2.849    2.874   -0.203    0.374   -2.158   -0.203    0.374   -0.807    0.439   -0.076    2.419    0.461
 473.40    2.981    2.982    2.984    0.031    0.118   -2.019    0.031    0.118   -0.238   -0.062    0.004    2.045    0.123
 473.50    2.835    2.851    2.888    0.305    0.459   -2.165    0.305    0.459   -0.993   -0.660    0.140    2.496    0.600
 473.60    2.712    2.788    2.829    0.647    0.482   -2.288    0.647    0.482   -1.103   -1.481    0.312    2.943    0.936
 473.70    2.610    2.623    2.651    0.266    0.387   -2.390    0.266    0.387   -0.924   -0.637    0.103    2.967    0.563
 473.80    2.933    2.943    2.983    0.235    0.489   -2.067    0.235    0.489   -1.011   -0.485    0.115    2.283    0.564
 473.90    2.971    2.977    3.092    0.192    0.837   -2.029    0.192    0.837   -1.699   -0.390    0.161    2.428    0.875
 474.00    2.912    2.927    3.019    0.295    0.740   -2.088    0.295    0.740   -1.545   -0.616    0.218    2.497    0.839
 474.10    2.890    2.926    3.026    0.461    0.773   -2.110    0.461    0.773   -1.630   -0.972    0.356    2.631    0.966
 474.20    2.568    2.644    2.652    0.628    0.208   -2.432    0.628    0.208   -0.507   -1.528    0.131    3.176    0.808
 474.30    2.630    2.656    2.656    0.368    0.054   -2.370    0.368    0.054   -0.128   -0.873    0.020    2.877    0.441
 474.40    2.863    2.888    2.888    0.373   -0.018   -2.137    0.373   -0.018    0.039   -0.797   -0.007    2.352    0.399
 474.50    2.942    3.012    3.035    0.647    0.372   -2.058    0.647    0.372   -0.765   -1.332    0.241    2.396    0.777
 474.60    3.219    3.268    3.323    0.564    0.600   -1.781    0.564    0.600   -1.069   -1.005    0.339    1.926    0.753
 474.70    3.178    3.229    3.297    0.572    0.664   -1.822    0.572    0.664   -1.209   -1.043    0.380    2.043    0.821
 474.80    3.259    3.293    3.320    0.474    0.424   -1.741    0.474    0.424   -0.738   -0.825    0.201    1.718    0.563
 474.90    3.261    3.313    3.335    0.586    0.385   -1.739    0.586    0.385   -0.670   -1.019    0.226    1.758    0.620
 475.00    3.365    3.415    3.465    0.581    0.589   -1.635    0.581    0.589   -0.963   -0.950    0.342    1.679    0.698
 475.10    3.590    3.631    3.720    0.541    0.812   -1.410    0.541    0.812   -1.145   -0.763    0.439    1.470    0.722
 475.20    4.392    4.414    4.499    0.445    0.872   -0.608    0.445    0.872   -0.531   -0.271    0.388    0.665    0.356
 475.30    4.620    4.653    4.694    0.553    0.615   -0.380    0.553    0.615   -0.234   -0.210    0.340    0.414    0.232
 475.40    4.572    4.604    4.633    0.541    0.515   -0.428    0.541    0.515   -0.221   -0.232    0.279    0.371    0.212
 475.50    4.135    4.145    4.145    0.286   -0.019   -0.865    0.286   -0.019    0.017   -0.248   -0.006    0.415    0.124
 475.60    4.309    4.320    4.328    0.312    0.266   -0.691    0.312    0.266   -0.184   -0.216    0.083    0.323    0.148
 475.70    4.132    4.163    4.168    0.509    0.204   -0.868    0.509    0.204   -0.177   -0.442    0.104    0.527    0.244
 475.80    4.319    4.334    4.338    0.359   -0.185   -0.681    0.359   -0.185    0.126   -0.245   -0.067    0.314    0.142
 475.90    4.058    4.062    4.071    0.185   -0.271   -0.942    0.185   -0.271    0.255   -0.174   -0.050    0.498    0.157
 476.00    4.036    4.058    4.064    0.424   -0.216   -0.964    0.424   -0.216    0.208   -0.408   -0.091    0.578    0.234
 476.10    4.090    4.090    4.092    0.049   -0.144   -0.910    0.049   -0.144    0.131   -0.045   -0.007    0.426    0.069
 476.20    4.569    4.569    4.569    0.010   -0.067   -0.431    0.010   -0.067    0.029   -0.004   -0.001    0.095    0.015
 476.30    4.528    4.532    4.533   -0.204   -0.063   -0.472   -0.204   -0.063    0.030    0.096    0.013    0.134    0.051
 476.40    4.577    4.578    4.583    0.104    0.225   -0.423    0.104    0.225   -0.095   -0.044    0.024    0.120    0.054
 476.50    4.506    4.506    4.511    0.064    0.198   -0.494    0.064    0.198   -0.098   -0.032    0.013    0.144    0.052
 476.60    4.682    4.719    4.725   -0.591    0.238   -0.318   -0.591    0.238   -0.076    0.188   -0.140    0.253    0.123
 476.70    4.225    4.279    4.280   -0.678   -0.055   -0.775   -0.678   -0.055    0.042    0.525    0.037    0.531    0.264
 476.80    4.104    4.149    4.149   -0.610    0.046   -0.896   -0.610    0.046   -0.041    0.547   -0.028    0.589    0.274
 476.90    3.891    3.935    3.940   -0.589    0.202   -1.109   -0.589    0.202   -0.224    0.653   -0.119    0.809    0.350
 477.00    3.911    3.986    3.988   -0.772   -0.121   -1.089   -0.772   -0.121    0.132    0.841    0.093    0.899    0.428
 477.10    3.908    3.980    3.981   -0.752    0.099   -1.092   -0.752    0.099   -0.108    0.821   -0.074    0.883    0.416
 477.20    4.031    4.061    4.105   -0.490    0.596   -0.969   -0.490    0.596   -0.577    0.475   -0.292    0.767    0.401
 477.30    4.090    4.189    4.224   -0.907    0.538   -0.910   -0.907    0.538   -0.489    0.825   -0.487    0.969    0.538
 477.40    4.015    4.156    4.193   -1.072    0.555   -0.985   -1.072    0.555   -0.546    1.056   -0.595    1.214    0.665
 477.50    4.072    4.362    4.367   -1.565    0.202   -0.928   -1.565    0.202   -0.187    1.453   -0.316    1.676    0.749
 477.60    3.986    4.175    4.185   -1.243   -0.294   -1.014   -1.243   -0.294    0.299    1.261    0.366    1.331    0.673
 477.70    3.434    3.565    3.579   -0.958   -0.309   -1.566   -0.958   -0.309    0.484    1.500    0.296    1.732    0.802
 477.80    3.374    3.649    3.660   -1.390   -0.281   -1.626   -1.390   -0.281    0.458    2.260    0.391    2.328    1.169
 477.90    3.701    3.992    4.012   -1.497   -0.394   -1.299   -1.497   -0.394    0.512    1.944    0.590    2.042    1.048
 478.00    3.955    4.169    4.186   -1.321   -0.370   -1.045   -1.321   -0.370    0.386    1.381    0.488    1.487    0.757
 478.10    4.099    4.203    4.255   -0.929   -0.663   -0.901   -0.929   -0.663    0.598    0.837    0.616    1.058    0.600
 478.20    4.236    4.263    4.304   -0.484   -0.588   -0.764   -0.484   -0.588    0.449    0.370    0.285    0.582    0.324
 478.30    3.859    3.866    3.892    0.227   -0.449   -1.141    0.227   -0.449    0.512   -0.259   -0.102    0.777    0.291
 478.40    3.942    3.984    4.004    0.574   -0.398   -1.058    0.574   -0.398    0.421   -0.607   -0.228    0.803    0.386
 478.50    3.767    3.771    3.781    0.170   -0.280   -1.233    0.170   -0.280    0.345   -0.210   -0.048    0.814    0.203
 478.60    3.976    3.985    4.005    0.270   -0.398   -1.024    0.270   -0.398    0.407   -0.277   -0.108    0.640    0.252
 478.70    4.021    4.059    4.086    0.552   -0.468   -0.979    0.552   -0.468    0.458   -0.541   -0.259    0.741    0.377
 478.80    4.014    4.097    4.100    0.822   -0.158   -0.986    0.822   -0.158    0.156   -0.811   -0.130    0.837    0.418
 478.90    3.931    3.972    3.974    0.569   -0.126   -1.069    0.569   -0.126    0.134   -0.608   -0.071    0.741    0.314
 479.00    3.755    3.830    3.831    0.755   -0.092   -1.245    0.755   -0.092    0.114   -0.940   -0.069    1.064    0.475
 479.10    3.878    4.009    4.009    1.018    0.036   -1.122    1.018    0.036   -0.041   -1.142    0.037    1.149    0.572
 479.20    4.442    4.623    4.623    1.280    0.004   -0.558    1.280    0.004   -0.002   -0.715    0.005    0.976    0.357
 479.30    4.474    4.797    4.801    1.732   -0.197   -0.526    1.732   -0.197    0.103   -0.911   -0.340    1.657    0.489
 479.40    4.406    4.674    4.677    1.561   -0.154   -0.594    1.561   -0.154    0.091   -0.927   -0.240    1.406    0.481
 479.50    4.476    4.619    4.620    1.139   -0.117   -0.524    1.139   -0.117    0.061   -0.597   -0.133    0.793    0.307
 479.60    4.521    4.662    4.664    1.137   -0.133   -0.479    1.137   -0.133    0.064   -0.544   -0.152    0.769    0.284
 479.70    4.285    4.350    4.353    0.753   -0.149   -0.715    0.753   -0.149    0.107   -0.539   -0.112    0.551    0.280
 479.80    4.263    4.334    4.335    0.780   -0.118   -0.737    0.780   -0.118    0.087   -0.575   -0.092    0.582    0.294
 479.90    4.650    4.679    4.681    0.524   -0.122   -0.350    0.524   -0.122    0.043   -0.183   -0.064    0.206    0.099
 480.00    4.613    4.688    4.688    0.832   -0.058   -0.387    0.832   -0.058    0.023   -0.322   -0.049    0.423    0.163
 480.10    4.740    4.821    4.823    0.878    0.152   -0.260    0.878    0.152   -0.039   -0.228    0.133    0.431    0.134
 480.20    4.498    4.624    4.624    1.073    0.034   -0.502    1.073    0.034   -0.017   -0.539    0.036    0.702    0.270
 480.30    4.763    4.931    4.941    1.277   -0.317   -0.237    1.277   -0.317    0.075   -0.303   -0.405    0.893    0.256
 480.40    5.218    5.386    5.390    1.333   -0.225    0.218    1.333   -0.225   -0.049    0.291   -0.300    0.938    0.210
 480.50    5.203    5.303    5.303    1.024    0.026    0.203    1.024    0.026    0.005    0.208    0.026    0.545    0.105
 480.60    4.963    5.119    5.128    1.255   -0.295   -0.037    1.255   -0.295    0.011   -0.046   -0.371    0.832    0.187
 480.70    4.727    4.963    4.967    1.512   -0.208   -0.273    1.512   -0.208    0.057   -0.413   -0.314    1.203    0.261
 480.80    4.906    5.168    5.169    1.627    0.036   -0.094    1.627    0.036   -0.003   -0.153    0.059    1.328    0.082
 480.90    4.862    5.004    5.007    1.182   -0.160   -0.138    1.182   -0.160    0.022   -0.163   -0.189    0.721    0.125
 481.00    4.924    5.055    5.065    1.144   -0.315   -0.076    1.144   -0.315    0.024   -0.087   -0.360    0.707    0.185
 481.10    4.698    4.942    4.976    1.532   -0.586   -0.302    1.532   -0.586    0.177   -0.462   -0.897    1.390    0.512
 481.20    4.469    4.651    4.674    1.288   -0.468   -0.531    1.288   -0.468    0.248   -0.684   -0.602    1.080    0.472
 481.30    4.720    4.872    4.890    1.208   -0.415   -0.280    1.208   -0.415    0.116   -0.338   -0.502    0.855    0.308
 481.40    4.778    4.924    4.962    1.193   -0.612   -0.222    1.193   -0.612    0.136   -0.265   -0.730    0.923    0.394
 481.50    4.926    5.086    5.108    1.266   -0.480   -0.074    1.266   -0.480    0.036   -0.094   -0.608    0.919    0.308
 481.60    4.795    4.942    4.974    1.200   -0.564   -0.205    1.200   -0.564    0.116   -0.247   -0.677    0.900    0.365
 481.70    5.082    5.267    5.314    1.382   -0.705    0.082    1.382   -0.705   -0.058    0.114   -0.975    1.207    0.492
 481.80    5.159    5.370    5.403    1.491   -0.597    0.159    1.491   -0.597   -0.095    0.237   -0.890    1.303    0.463
 481.90    5.302    5.498    5.517    1.454   -0.454    0.302    1.454   -0.454   -0.137    0.439   -0.660    1.205    0.402
 482.00    5.245    5.362    5.376    1.113   -0.381    0.245    1.113   -0.381   -0.093    0.273   -0.424    0.723    0.256
 482.10    5.218    5.343    5.374    1.149   -0.577    0.218    1.149   -0.577   -0.126    0.251   -0.663    0.851    0.360
 482.20    5.535    5.655    5.714    1.159   -0.818    0.535    1.159   -0.818   -0.437    0.620   -0.947    1.149    0.607
 482.30    5.402    5.452    5.505    0.736   -0.765    0.402    0.736   -0.765   -0.307    0.296   -0.563    0.644    0.353
 482.40    4.912    4.917    4.963    0.214   -0.675   -0.088    0.214   -0.675    0.059   -0.019   -0.144    0.255    0.079
 482.50    4.502    4.512    4.708    0.301   -1.342   -0.498    0.301   -1.342    0.668   -0.150   -0.403    1.070    0.397
 482.60    4.389    4.398    4.542    0.271   -1.137   -0.611    0.271   -1.137    0.695   -0.166   -0.308    0.870    0.389
 482.70    4.671    4.683    4.710    0.340   -0.501   -0.329    0.340   -0.501    0.165   -0.112   -0.170    0.237    0.131
 482.80    4.762    4.833    4.904    0.823   -0.833   -0.238    0.823   -0.833    0.198   -0.196   -0.686    0.714    0.370
 482.90    4.619    4.713    4.902    0.936   -1.348   -0.381    0.936   -1.348    0.513   -0.356   -1.261    1.419    0.704
 483.00    4.561    4.702    5.092    1.145   -1.954   -0.439    1.145   -1.954    0.858   -0.503   -2.237    2.660    1.224
 483.10    4.285    4.511    4.826    1.410   -1.715   -0.715    1.410   -1.715    1.227   -1.008   -2.418    2.721    1.447
 483.20    4.140    4.352    4.661    1.342   -1.667   -0.860    1.342   -1.667    1.434   -1.154   -2.238    2.661    1.449
 483.30    4.189    4.324    4.733    1.073   -1.925   -0.811    1.073   -1.925    1.562   -0.871   -2.065    2.757    1.366
 483.40    3.998    4.042    4.239    0.593   -1.276   -1.002    0.593   -1.276    1.279   -0.594   -0.757    1.492    0.800
 483.50    3.966    3.980    4.228    0.338   -1.426   -1.034    0.338   -1.426    1.475   -0.350   -0.482    1.609    0.795
 483.60    3.622    3.625    4.057    0.145   -1.821   -1.378    0.145   -1.821    2.510   -0.200   -0.265    2.619    1.266
 483.70    3.889    3.897    4.082    0.260   -1.213   -1.111    0.260   -1.213    1.348   -0.289   -0.315    1.387    0.707
 483.80    3.931    3.931    4.112    0.035   -1.207   -1.069    0.035   -1.207    1.290   -0.037   -0.042    1.300    0.645
 483.90    3.675    3.719    3.953    0.569   -1.339   -1.325    0.569   -1.339    1.774   -0.753   -0.761    1.936    1.036
 484.00    3.793    3.868    4.162    0.758   -1.536   -1.207    0.758   -1.536    1.853   -0.915   -1.164    2.195    1.186
 484.10    3.791    3.881    4.139    0.832   -1.439   -1.209    0.832   -1.439    1.740   -1.007   -1.198    2.113    1.170
 484.20    3.648    3.725    4.013    0.752   -1.493   -1.352    0.752   -1.493    2.018   -1.017   -1.123    2.311    1.262
 484.30    3.379    3.500    3.823    0.912   -1.539   -1.621    0.912   -1.539    2.495   -1.479   -1.404    2.915    1.611
 484.40    3.711    3.773    3.964    0.684   -1.215   -1.289    0.684   -1.215    1.566   -0.882   -0.831    1.803    0.990
 484.50    3.678    3.709    3.834    0.481   -0.968   -1.322    0.481   -0.968    1.279   -0.635   -0.465    1.457    0.751
 484.60    3.516    3.707    3.835    1.174   -0.984   -1.484    1.174   -0.984    1.461   -1.742   -1.155    2.275    1.275
 484.70    3.616    3.706    3.811    0.813   -0.885   -1.384    0.813   -0.885    1.225   -1.124   -0.719    1.679    0.906
 484.80    3.694    3.745    3.878    0.617   -1.004   -1.306    0.617   -1.004    1.311   -0.806   -0.619    1.547    0.829
 484.90    3.311    3.454    3.629    0.984   -1.113   -1.689    0.984   -1.113    1.880   -1.662   -1.095    2.530    1.369
 485.00    3.280    3.356    3.571    0.713   -1.220   -1.720    0.713   -1.220    2.099   -1.226   -0.870    2.478    1.291
 485.10    3.592    3.643    3.767    0.609   -0.960   -1.408    0.609   -0.960    1.353   -0.857   -0.585    1.638    0.852
 485.20    3.864    3.964    4.198    0.884   -1.382   -1.136    0.884   -1.382    1.570   -1.005   -1.223    1.992    1.115
 485.30    3.741    3.799    3.953    0.661   -1.093   -1.259    0.661   -1.093    1.376   -0.832   -0.723    1.608    0.881
 485.40    3.766    3.888    4.002    0.969   -0.947   -1.234    0.969   -0.947    1.169   -1.196   -0.917    1.679    0.954
 485.50    3.494    3.667    3.862    1.111   -1.213   -1.506    1.111   -1.213    1.826   -1.673   -1.348    2.487    1.410
 485.60    3.668    3.773    4.094    0.884   -1.589   -1.332    0.884   -1.589    2.117   -1.178   -1.405    2.541    1.400
 485.70    3.475    3.561    4.001    0.780   -1.823   -1.525    0.780   -1.823    2.781   -1.190   -1.422    3.129    1.671
 485.80    4.153    4.285    4.599    1.055   -1.671   -0.847    1.055   -1.671    1.415   -0.894   -1.762    2.311    1.215
 485.90    4.060    4.170    4.401    0.953   -1.406   -0.940    0.953   -1.406    1.322   -0.895   -1.340    1.884    1.042
 486.00    3.993    4.342    4.522    1.705   -1.264   -1.007    1.705   -1.264    1.273   -1.716   -2.154    2.758    1.517
 486.10    3.803    4.249    4.524    1.894   -1.554   -1.197    1.894   -1.554    1.860   -2.268   -2.944    3.718    2.078
 486.20    3.718    4.356    4.723    2.271   -1.824   -1.282    2.271   -1.824    2.339   -2.912   -4.143    5.065    2.789
 486.30    3.976    4.276    4.505    1.573   -1.418   -1.024    1.573   -1.418    1.452   -1.611   -2.231    2.767    1.555
 486.40    4.200    4.451    4.682    1.473   -1.453   -0.800    1.473   -1.453    1.162   -1.178   -2.140    2.460    1.353
 486.50    4.273    4.492    4.737    1.386   -1.504   -0.727    1.386   -1.504    1.093   -1.007   -2.083    2.354    1.279
 486.60    4.029    4.208    4.494    1.213   -1.578   -0.971    1.213   -1.578    1.532   -1.177   -1.913    2.451    1.360
 486.70    4.292    4.429    4.644    1.091   -1.398   -0.708    1.091   -1.398    0.989   -0.772   -1.526    1.823    0.988
 486.80    4.248    4.343    4.482    0.902   -1.110   -0.752    0.902   -1.110    0.835   -0.679   -1.002    1.306    0.735
 486.90    3.958    3.999    4.123    0.571   -1.002   -1.042    0.571   -1.002    1.044   -0.595   -0.573    1.208    0.666
 487.00    3.801    3.860    4.170    0.670   -1.577   -1.199    0.670   -1.577    1.890   -0.803   -1.057    2.187    1.155
 487.10    3.796    3.845    4.128    0.614   -1.502   -1.204    0.614   -1.502    1.808   -0.739   -0.922    2.041    1.080
 487.20    3.978    4.073    4.364    0.875   -1.566   -1.022    0.875   -1.566    1.600   -0.894   -1.371    2.131    1.144
 487.30    3.799    3.916    4.177    0.950   -1.453   -1.201    0.950   -1.453    1.744   -1.141   -1.381    2.228    1.250
 487.40    3.423    3.472    3.610    0.584   -0.986   -1.577    0.584   -0.986    1.555   -0.920   -0.575    1.900    0.948
 487.50    3.495    3.554    3.639    0.645   -0.781   -1.505    0.645   -0.781    1.174   -0.971   -0.504    1.645    0.802
 487.60    3.557    3.645    3.793    0.797   -1.047   -1.443    0.797   -1.047    1.511   -1.149   -0.834    1.907    1.037
 487.70    3.208    3.401    3.625    1.128   -1.255   -1.792    1.128   -1.255    2.249   -2.021   -1.416    3.029    1.669
 487.80    3.536    3.719    3.892    1.152   -1.149   -1.464    1.152   -1.149    1.682   -1.686   -1.323    2.395    1.362
 487.90    3.628    3.824    4.039    1.206   -1.301   -1.372    1.206   -1.301    1.785   -1.654   -1.570    2.515    1.448
 488.00    3.756    3.824    4.024    0.719   -1.253   -1.244    0.719   -1.253    1.559   -0.894   -0.901    1.818    1.005
 488.10    3.800    3.822    4.181    0.411   -1.696   -1.200    0.411   -1.696    2.036   -0.493   -0.697    2.244    1.104
 488.20    3.671    3.715    4.023    0.569   -1.544   -1.329    0.569   -1.544    2.051   -0.756   -0.878    2.236    1.178
 488.30    3.504    3.632    3.810    0.958   -1.150   -1.496    0.958   -1.150    1.721   -1.433   -1.102    2.240    1.248
 488.40    3.438    3.632    3.706    1.172   -0.735   -1.562    1.172   -0.735    1.148   -1.831   -0.861    2.177    1.163
 488.50    3.555    3.726    3.835    1.114   -0.907   -1.445    1.114   -0.907    1.310   -1.610   -1.010    2.075    1.154
 488.60    3.658    3.740    3.770    0.779   -0.475   -1.342    0.779   -0.475    0.637   -1.046   -0.370    1.317    0.640
 488.70    3.408    3.454    3.508    0.563   -0.615   -1.592    0.563   -0.615    0.980   -0.897   -0.347    1.616    0.686
 488.80    3.547    3.566    3.652    0.371   -0.785   -1.453    0.371   -0.785    1.140   -0.539   -0.291    1.432    0.647
 488.90    3.564    3.601    3.614    0.512   -0.313   -1.436    0.512   -0.313    0.449   -0.736   -0.160    1.211    0.438
 489.00    3.594    3.617    3.623    0.399    0.224   -1.406    0.399    0.224   -0.314   -0.561    0.089    1.093    0.325
 489.10    3.595    3.604    3.607    0.253   -0.141   -1.405    0.253   -0.141    0.198   -0.356   -0.036    1.029    0.204
 489.20    3.780    3.781    3.797   -0.062   -0.350   -1.220   -0.062   -0.350    0.427    0.076    0.022    0.807    0.217
 489.30    3.610    3.616    3.620   -0.191   -0.185   -1.390   -0.191   -0.185    0.257    0.265    0.035    1.001    0.186
 489.40    3.185    3.185    3.191    0.021   -0.189   -1.815    0.021   -0.189    0.342   -0.038   -0.004    1.665    0.172
 489.50    3.077    3.080    3.149   -0.141   -0.655   -1.923   -0.141   -0.655    1.260    0.270    0.092    2.074    0.646
 489.60    3.436    3.458    3.563   -0.393   -0.857   -1.564   -0.393   -0.857    1.340    0.615    0.337    1.668    0.756
 489.70    3.169    3.171    3.236   -0.109   -0.642   -1.831   -0.109   -0.642    1.176    0.199    0.070    1.888    0.597
 489.80    3.050    3.054    3.153   -0.154   -0.785   -1.950   -0.154   -0.785    1.530    0.301    0.121    2.221    0.782
 489.90    2.983    3.008    3.100   -0.386   -0.748   -2.017   -0.386   -0.748    1.509    0.778    0.289    2.388    0.861
 490.00    2.839    2.848    2.923   -0.214   -0.659   -2.161   -0.214   -0.659    1.423    0.463    0.141    2.574    0.752
 490.10    2.764    2.766    2.817   -0.100   -0.534   -2.236   -0.100   -0.534    1.195    0.224    0.053    2.647    0.608
 490.20    2.775    2.776    2.873    0.017   -0.742   -2.225    0.017   -0.742    1.650   -0.038   -0.013    2.749    0.825
 490.30    2.774    2.779    2.811   -0.162   -0.426   -2.226   -0.162   -0.426    0.947    0.360    0.069    2.581    0.508
 490.40    2.989    2.995    3.003    0.186   -0.225   -2.011    0.186   -0.225    0.452   -0.375   -0.042    2.064    0.294
 490.50    2.858    2.867    2.904    0.230   -0.462   -2.142    0.230   -0.462    0.989   -0.493   -0.106    2.427    0.555
 490.60    2.972    2.972    2.973    0.005   -0.104   -2.028    0.005   -0.104    0.210   -0.011   -0.001    2.063    0.105
 490.70    2.988    2.990    3.004    0.084    0.290   -2.012    0.084    0.290   -0.584   -0.169    0.024    2.069    0.304
 490.80    2.940    2.960    2.991    0.346    0.430   -2.060    0.346    0.430   -0.886   -0.712    0.149    2.275    0.573
 490.90    3.107    3.126    3.137    0.345    0.268   -1.893    0.345    0.268   -0.507   -0.654    0.092    1.887    0.416
 491.00    3.114    3.131    3.131   -0.322    0.058   -1.886   -0.322    0.058   -0.110    0.607   -0.019    1.832    0.309
 491.10    2.986    2.988    2.989   -0.104   -0.056   -2.014   -0.104   -0.056    0.113    0.209    0.006    2.034    0.119
 491.20    2.614    2.631    2.669   -0.300    0.447   -2.386   -0.300    0.447   -1.068    0.717   -0.134    2.992    0.646
 491.30    2.280    2.292    2.321    0.234    0.364   -2.720    0.234    0.364   -0.990   -0.636    0.085    3.792    0.590
 491.40    2.715    2.751    2.790    0.444    0.465   -2.285    0.444    0.465   -1.063   -1.015    0.207    2.817    0.742
 491.50    2.841    2.911    2.972    0.636    0.598   -2.159    0.636    0.598   -1.292   -1.373    0.381    2.712    0.962
 491.60    2.643    2.766    2.818    0.816    0.538   -2.357    0.816    0.538   -1.269   -1.923    0.439    3.255    1.173
 491.70    2.824    2.942    2.962    0.822    0.348   -2.176    0.822    0.348   -0.758   -1.788    0.286    2.765    0.982
 491.80    2.847    2.909    2.931    0.594    0.365   -2.153    0.594    0.365   -0.785   -1.279    0.217    2.560    0.758
 491.90    3.208    3.251    3.314    0.527    0.645   -1.792    0.527    0.645   -1.155   -0.944    0.340    1.953    0.765
 492.00    2.928    2.963    3.041    0.452    0.686   -2.072    0.452    0.686   -1.422   -0.936    0.310    2.484    0.865
 492.10    2.928    2.996    3.074    0.635    0.688   -2.072    0.635    0.688   -1.425   -1.315    0.436    2.584    0.994
 492.20    3.075    3.105    3.144    0.432    0.494   -1.925    0.432    0.494   -0.950   -0.831    0.213    2.069    0.640
 492.30    3.168    3.168    3.220    0.064    0.574   -1.832    0.064    0.574   -1.052   -0.118    0.037    1.846    0.530
 492.40    3.239    3.242    3.255   -0.133    0.292   -1.761   -0.133    0.292   -0.514    0.234   -0.039    1.602    0.283
 492.50    3.087    3.103    3.146   -0.307    0.519   -1.913   -0.307    0.519   -0.992    0.587   -0.159    2.011    0.582
 492.60    3.028    3.059    3.098   -0.438    0.487   -1.972   -0.438    0.487   -0.960    0.864   -0.213    2.159    0.654
 492.70    2.464    2.470    2.489   -0.171    0.309   -2.536   -0.171    0.309   -0.784    0.433   -0.053    3.279    0.449
 492.80    2.130    2.158    2.202   -0.346    0.441   -2.870   -0.346    0.441   -1.265    0.994   -0.153    4.276    0.808
 492.90    2.486    2.487    2.519   -0.084    0.401   -2.514   -0.084    0.401   -1.009    0.210   -0.034    3.245    0.515
 493.00    2.586    2.604    2.616   -0.308    0.250   -2.414   -0.308    0.250   -0.603    0.743   -0.077    2.993    0.480
 493.10    2.666    2.707    2.713   -0.471    0.167   -2.334   -0.471    0.167   -0.390    1.100   -0.079    2.849    0.585
 493.20    2.994    3.053    3.081   -0.600    0.411   -2.006   -0.600    0.411   -0.825    1.203   -0.247    2.277    0.740
 493.30    2.957    2.979    3.037   -0.363    0.591   -2.043   -0.363    0.591   -1.207    0.740   -0.214    2.326    0.716
 493.40    2.927    2.956    3.086   -0.415    0.885   -2.073   -0.415    0.885   -1.834    0.860   -0.367    2.625    1.029
 493.50    2.942    2.942    3.094    0.025    0.956   -2.058    0.025    0.956   -1.968   -0.051    0.023    2.575    0.985
 493.60    2.981    2.983    3.122   -0.097    0.919   -2.019   -0.097    0.919   -1.856    0.196   -0.089    2.465    0.934
 493.70    2.847    2.847    2.995   -0.051    0.928   -2.153   -0.051    0.928   -1.997    0.110   -0.048    2.749    1.000
 493.80    3.068    3.073    3.290    0.169    1.177   -1.932    0.169    1.177   -2.275   -0.327    0.199    2.574    1.153
 493.90    3.258    3.303    3.480    0.544    1.094   -1.742    0.544    1.094   -1.906   -0.948    0.595    2.263    1.105
 494.00    3.551    3.631    3.760    0.757    0.976   -1.449    0.757    0.976   -1.413   -1.097    0.739    1.812    0.968
 494.10    3.422    3.506    3.776    0.762    1.403   -1.578    0.762    1.403   -2.214   -1.203    1.069    2.520    1.368
 494.20    3.476    3.508    3.870    0.475    1.633   -1.524    0.475    1.633   -2.489   -0.724    0.776    2.608    1.353
 494.30    3.603    3.690    3.874    0.794    1.182   -1.397    0.794    1.182   -1.651   -1.109    0.938    1.989    1.099
 494.40    3.351    3.493    3.667    0.987    1.116   -1.649    0.987    1.116   -1.841   -1.628    1.102    2.470    1.347
 494.50    2.985    3.159    3.206    1.035    0.547   -2.015    1.035    0.547   -1.103   -2.087    0.567    2.716    1.214
 494.60    3.034    3.085    3.106    0.557    0.365   -1.966    0.557    0.365   -0.718   -1.094    0.203    2.154    0.662
 494.70    3.031    3.039    3.074    0.231    0.457   -1.969    0.231    0.457   -0.900   -0.454    0.105    2.070    0.507
 494.80    3.267    3.270    3.324    0.141    0.597   -1.733    0.141    0.597   -1.035   -0.244    0.084    1.691    0.533
 494.90    3.197    3.264    3.272    0.657    0.233   -1.803    0.657    0.233   -0.420   -1.184    0.153    1.867    0.632
 495.00    3.163    3.266    3.267    0.815    0.096   -1.837    0.815    0.096   -0.176   -1.497    0.078    2.024    0.754
 495.10    2.993    3.104    3.123    0.824    0.341   -2.007    0.824    0.341   -0.685   -1.653    0.281    2.411    0.905
 495.20    2.843    2.991    2.991    0.929    0.028   -2.157    0.929    0.028   -0.060   -2.004    0.026    2.758    1.003
 495.30    2.667    2.842    2.849    0.981   -0.195   -2.333    0.981   -0.195    0.455   -2.289   -0.191    3.221    1.171
 495.40    2.477    2.764    2.777    1.228   -0.264   -2.523    1.228   -0.264    0.665   -3.099   -0.324    3.972    1.593
 495.50    2.596    2.829    2.844    1.125   -0.291   -2.404    1.125   -0.291    0.700   -2.703   -0.327    3.564    1.406
 495.60    2.679    2.725    2.725    0.497   -0.040   -2.321    0.497   -0.040    0.094   -1.153   -0.020    2.817    0.579
 495.70    2.540    2.778    2.779    1.124   -0.087   -2.460    1.124   -0.087    0.213   -2.764   -0.098    3.660    1.387
 495.80    2.425    2.469    2.491    0.459    0.334   -2.575    0.459    0.334   -0.861   -1.182    0.154    3.475    0.735
 495.90    2.556    2.580    2.597    0.350    0.300   -2.444    0.350    0.300   -0.734   -0.856    0.105    3.093    0.566
 496.00    2.570    2.575    2.604    0.164    0.386   -2.430    0.164    0.386   -0.937   -0.399    0.063    3.041    0.510
 496.10    2.767    2.800    2.821    0.431    0.346   -2.233    0.431    0.346   -0.773   -0.964    0.149    2.647    0.622
 496.20    2.817    2.826    2.826    0.231   -0.016   -2.183    0.231   -0.016    0.036   -0.504   -0.004    2.410    0.253
 496.30    2.967    2.974    2.975    0.200   -0.090   -2.033    0.200   -0.090    0.183   -0.407   -0.018    2.090    0.223
 496.40    2.945    2.999    3.000    0.567    0.085   -2.055    0.567    0.085   -0.175   -1.164    0.048    2.276    0.589
 496.50    2.633    2.695    2.703    0.572   -0.209   -2.367    0.572   -0.209    0.495   -1.353   -0.120    2.986    0.723
 496.60    2.483    2.577    2.635    0.688   -0.553   -2.517    0.688   -0.553    1.393   -1.732   -0.381    3.558    1.128
 496.70    2.052    2.123    2.152    0.545   -0.350   -2.948    0.545   -0.350    1.033   -1.608   -0.191    4.555    0.960
 496.80    1.843    1.947    2.041    0.627   -0.613   -3.157    0.627   -0.613    1.936   -1.979   -0.385    5.367    1.398
 496.90    1.716    1.816    1.843    0.593   -0.314   -3.284    0.593   -0.314    1.030   -1.947   -0.186    5.616    1.105
 497.00    1.725    1.773    1.788    0.412   -0.231   -3.275    0.412   -0.231    0.756   -1.349   -0.095    5.474    0.775
 497.10    1.467    1.696    1.975    0.850   -1.011   -3.533    0.850   -1.011    3.573   -3.004   -0.860    7.113    2.373
 497.20    1.365    1.646    2.006    0.919   -1.147   -3.635    0.919   -1.147    4.171   -3.341   -1.055    7.686    2.723
 497.30    0.987    1.145    1.594    0.581   -1.108   -4.013    0.581   -1.108    4.446   -2.329   -0.643    8.833    2.530
 497.40    1.025    1.180    1.437    0.586   -0.820   -3.975    0.586   -0.820    3.260   -2.329   -0.480    8.410    2.018
 497.50    0.930    1.196    1.385    0.753   -0.699   -4.070    0.753   -0.699    2.843   -3.064   -0.526    8.811    2.106
 497.60    1.014    1.402    1.496    0.968   -0.523   -3.986    0.968   -0.523    2.085   -3.859   -0.506    8.549    2.208
 497.70    1.139    1.349    1.491    0.724   -0.633   -3.861    0.724   -0.633    2.445   -2.797   -0.459    7.918    1.872
 497.80    0.986    1.076    1.083    0.432   -0.125   -4.014    0.432   -0.125    0.503   -1.732   -0.054    8.159    0.902
 497.90    0.891    1.045    1.123    0.546   -0.411   -4.109    0.546   -0.411    1.688   -2.245   -0.224    8.677    1.409
 498.00    1.191    1.498    1.553    0.908   -0.410   -3.809    0.908   -0.410    1.562   -3.459   -0.372    7.750    1.907
 498.10    1.413    1.904    1.919    1.276   -0.244   -3.587    1.276   -0.244    0.873   -4.575   -0.311    7.275    2.334
 498.20    1.397    1.956    2.021    1.369   -0.511   -3.603    1.369   -0.511    1.840   -4.932   -0.699    7.559    2.655
 498.30    1.581    2.107    2.150    1.393   -0.428   -3.419    1.393   -0.428    1.465   -4.763   -0.597    6.907    2.509
 498.40    1.632    2.147    2.196    1.395   -0.460   -3.368    1.395   -0.460    1.549   -4.698   -0.642    6.751    2.494
 498.50    1.486    1.874    1.931    1.141   -0.467   -3.514    1.141   -0.467    1.641   -4.011   -0.533    6.935    2.183
 498.60    1.738    2.023    2.082    1.034   -0.495   -3.262    1.034   -0.495    1.616   -3.374   -0.512    5.978    1.888
 498.70    1.207    1.361    1.398    0.628   -0.321   -3.793    0.628   -0.321    1.218   -2.383   -0.202    7.441    1.342
 498.80    1.138    1.176    1.370    0.299   -0.702   -3.862    0.299   -0.702    2.712   -1.155   -0.210    7.751    1.478
 498.90    1.119    1.135    1.193    0.189   -0.368   -3.881    0.189   -0.368    1.430   -0.734   -0.070    7.617    0.804
 499.00    1.192    1.192    1.222    0.042   -0.269   -3.808    0.042   -0.269    1.023   -0.159   -0.011    7.289    0.518
 499.10    1.325    1.351    1.408   -0.263   -0.395   -3.675   -0.263   -0.395    1.453    0.967    0.104    6.866    0.874
 499.20    1.168    1.174    1.193    0.122   -0.210   -3.832    0.122   -0.210    0.804   -0.469   -0.026    7.372    0.465
 499.30    1.385    1.396    1.410   -0.175    0.198   -3.615   -0.175    0.198   -0.715    0.631   -0.035    6.570    0.477
 499.40    1.195    1.195    1.221   -0.006    0.250   -3.805   -0.006    0.250   -0.952    0.022   -0.001    7.269    0.476
 499.50    0.930    0.957    1.251    0.224    0.805   -4.070    0.224    0.805   -3.278   -0.912    0.181    8.630    1.703
 499.60    0.906    0.931    1.096   -0.212    0.578   -4.094   -0.212    0.578   -2.368    0.868   -0.123    8.568    1.262
 499.70    1.103    1.113    1.138    0.147    0.237   -3.897    0.147    0.237   -0.924   -0.574    0.035    7.633    0.544
 499.80    1.517    1.539    1.630   -0.262    0.536   -3.483   -0.262    0.536   -1.868    0.911   -0.140    6.244    1.042
 499.90    1.658    1.660    1.772   -0.080    0.620   -3.342   -0.080    0.620   -2.073    0.268   -0.050    5.781    1.046
 500.00    1.348    1.354    1.496    0.129    0.636   -3.652    0.129    0.636   -2.322   -0.472    0.082    6.878    1.185
 500.10    1.431    1.521    1.548   -0.516    0.287   -3.569   -0.516    0.287   -1.023    1.841   -0.148    6.544    1.056
 500.20    1.570    1.596    1.726   -0.284    0.659   -3.430   -0.284    0.659   -2.261    0.974   -0.187    6.140    1.235
 500.30    1.532    1.541    1.929   -0.166    1.160   -3.468   -0.166    1.160   -4.023    0.577   -0.193    6.700    2.034
 500.40    1.563    1.568    1.947    0.123    1.154   -3.437    0.123    1.154   -3.967   -0.424    0.142    6.579    1.996
 500.50    1.332    1.471    2.034    0.624    1.405   -3.668    0.624    1.405   -5.154   -2.288    0.876    7.910    2.853
 500.60    1.151    1.262    1.963    0.517    1.504   -3.849    0.517    1.504   -5.789   -1.991    0.778    8.673    3.086
 500.70    1.023    1.080    1.765    0.346    1.396   -3.977    0.346    1.396   -5.550   -1.377    0.483    8.940    2.869
 500.80    0.870    0.880    1.411   -0.133    1.102   -4.130   -0.133    1.102   -4.551    0.550   -0.147    9.143    2.293
 500.90    1.125    1.129    1.368    0.091    0.772   -3.875    0.091    0.772   -2.993   -0.352    0.070    7.809    1.507
 501.00    1.231    1.290    1.457   -0.384    0.678   -3.769   -0.384    0.678   -2.554    1.449   -0.260    7.406    1.474
 501.10    1.487    1.530    1.699   -0.360    0.738   -3.513   -0.360    0.738   -2.594    1.266   -0.266    6.509    1.449
 501.20    1.518    1.559    1.901   -0.353    1.088   -3.482   -0.353    1.088   -3.787    1.229   -0.384    6.715    2.000
 501.30    1.802    1.853    2.279   -0.431    1.327   -3.198   -0.431    1.327   -4.242    1.379   -0.572    6.087    2.249
 501.40    2.008    2.084    2.402   -0.558    1.194   -2.992   -0.558    1.194   -3.573    1.669   -0.666    5.345    2.000
 501.50    1.848    1.857    2.434   -0.184    1.574   -3.152   -0.184    1.574   -4.961    0.581   -0.290    6.223    2.502
 501.60    1.742    1.754    2.465   -0.205    1.733   -3.258   -0.205    1.733   -5.646    0.668   -0.356    6.830    2.848
 501.70    1.840    1.890    2.460   -0.435    1.574   -3.160   -0.435    1.574   -4.973    1.374   -0.684    6.326    2.602
 501.80    1.801    1.802    2.086    0.064    1.051   -3.199    0.064    1.051   -3.362   -0.203    0.067    5.672    1.684
 501.90    1.656    1.660    2.193   -0.111    1.432   -3.344   -0.111    1.432   -4.790    0.372   -0.160    6.622    2.403
 502.00    1.448    1.461    1.998   -0.193    1.363   -3.552   -0.193    1.363   -4.839    0.686   -0.263    7.254    2.447
 502.10    1.710    1.710    2.300    0.049    1.538   -3.290    0.049    1.538   -5.060   -0.160    0.075    6.596    2.531
 502.20    2.030    2.030    2.439    0.029    1.352   -2.970    0.029    1.352   -4.017   -0.087    0.040    5.327    2.009
 502.30    2.531    2.531    2.928    0.029    1.471   -2.469    0.029    1.471   -3.633   -0.072    0.043    4.131    1.817
 502.40    2.451    2.455    2.829    0.137    1.407   -2.549    0.137    1.407   -3.586   -0.350    0.193    4.248    1.804
 502.50    2.063    2.075    2.390    0.227    1.185   -2.937    0.227    1.185   -3.480   -0.666    0.269    5.041    1.777
 502.60    2.271    2.273    2.572   -0.079    1.205   -2.729   -0.079    1.205   -3.287    0.215   -0.095    4.452    1.648
 502.70    2.532    2.581    2.850   -0.501    1.209   -2.468   -0.501    1.209   -2.983    1.236   -0.605    3.902    1.643
 502.80    2.608    2.733    2.845   -0.817    0.789   -2.392   -0.817    0.789   -1.887    1.955   -0.645    3.506    1.396
 502.90    2.654    2.835    2.998   -0.996    0.974   -2.346   -0.996    0.974   -2.285    2.336   -0.970    3.722    1.704
 503.00    2.861    3.004    3.175   -0.915    1.030   -2.139   -0.915    1.030   -2.202    1.956   -0.942    3.236    1.546
 503.10    3.056    3.160    3.358   -0.804    1.138   -1.944   -0.804    1.138   -2.212    1.563   -0.915    2.861    1.430
 503.20    2.650    2.748    2.955   -0.729    1.088   -2.350   -0.729    1.088   -2.557    1.712   -0.793    3.619    1.589
 503.30    2.756    2.850    3.007   -0.726    0.960   -2.244   -0.726    0.960   -2.155    1.630   -0.697    3.243    1.395
 503.40    2.548    2.765    3.049   -1.075    1.285   -2.452   -1.075    1.285   -3.150    2.635   -1.380    4.408    2.166
 503.50    2.952    3.127    3.495   -1.029    1.561   -2.048   -1.029    1.561   -3.197    2.108   -1.607    3.845    2.077
 503.60    2.722    2.898    3.173   -0.994    1.294   -2.278   -0.994    1.294   -2.949    2.264   -1.286    3.926    1.967
 503.70    2.637    2.839    2.941   -1.051    0.767   -2.363   -1.051    0.767   -1.813    2.483   -0.806    3.638    1.589
 503.80    2.759    2.961    3.036   -1.076    0.669   -2.241   -1.076    0.669   -1.500    2.412   -0.720    3.315    1.465
 503.90    2.941    3.055    3.111   -0.826    0.588   -2.059   -0.826    0.588   -1.211    1.700   -0.486    2.634    1.072
 504.00    2.843    2.924    2.959   -0.685    0.451   -2.157   -0.685    0.451   -0.974    1.478   -0.309    2.664    0.898
 504.10    2.567    2.774    2.820   -1.054    0.507   -2.433   -1.054    0.507   -1.235    2.564   -0.535    3.645    1.448
 504.20    2.504    2.796    2.842   -1.245    0.508   -2.496   -1.245    0.508   -1.268    3.109   -0.633    4.020    1.708
 504.30    2.547    3.122    3.132   -1.805    0.250   -2.453   -1.805    0.250   -0.614    4.428   -0.452    4.669    2.246
 504.40    2.462    2.951    2.951   -1.626   -0.033   -2.538   -1.626   -0.033    0.084    4.128    0.054    4.544    2.065
 504.50    2.301    2.938    2.941   -1.827   -0.125   -2.699   -1.827   -0.125    0.337    4.930    0.228    5.318    2.473
 504.60    1.903    2.572    2.579   -1.729   -0.190   -3.097   -1.729   -0.190    0.590    5.356    0.329    6.309    2.699
 504.70    1.908    2.387    2.405   -1.435   -0.290   -3.092   -1.435   -0.290    0.897    4.438    0.416    5.853    2.273
 504.80    2.099    2.414    2.422   -1.191   -0.203   -2.901   -1.191   -0.203    0.588    3.454    0.241    4.936    1.756
 504.90    2.407    2.848    2.902   -1.521   -0.558   -2.593   -1.521   -0.558    1.446    3.945    0.848    4.674    2.143
 505.00    2.423    3.071    3.184   -1.886   -0.840   -2.577   -1.886   -0.840    2.165    4.861    1.585    5.452    2.776
 505.10    2.652    3.049    3.312   -1.505   -1.292   -2.348   -1.505   -1.292    3.034    3.532    1.945    4.723    2.523
 505.20    2.526    3.013    3.185   -1.641   -1.032   -2.474   -1.641   -1.032    2.553    4.060    1.694    4.939    2.543
 505.30    2.357    2.942    3.158   -1.760   -1.148   -2.643   -1.760   -1.148    3.035    4.652    2.022    5.701    2.955
 505.40    2.597    2.856    3.238   -1.190   -1.525   -2.403   -1.190   -1.525    3.664    2.860    1.815    4.759    2.495
 505.50    2.487    2.648    2.920   -0.910   -1.230   -2.513   -0.910   -1.230    3.091    2.288    1.119    4.329    2.003
 505.60    2.668    2.793    2.949   -0.826   -0.946   -2.332   -0.826   -0.946    2.207    1.927    0.782    3.508    1.516
 505.70    2.488    2.719    2.895   -1.095   -0.993   -2.512   -1.095   -0.993    2.495    2.751    1.088    4.247    1.935
 505.80    2.157    2.375    2.561   -0.994   -0.957   -2.843   -0.994   -0.957    2.720    2.827    0.951    4.993    2.018
 505.90    2.392    2.614    2.766   -1.054   -0.904   -2.608   -1.054   -0.904    2.357    2.747    0.952    4.364    1.872
 506.00    2.780    3.063    3.122   -1.285   -0.603   -2.220   -1.285   -0.603    1.339    2.854    0.775    3.473    1.623
 506.10    2.703    2.917    2.951   -1.096   -0.447   -2.297   -1.096   -0.447    1.026    2.518    0.490    3.338    1.381
 506.20    2.351    2.751    2.756   -1.429   -0.156   -2.649   -1.429   -0.156    0.413    3.785    0.223    4.541    1.907
 506.30    2.019    2.424    2.424   -1.341   -0.012   -2.981   -1.341   -0.012    0.037    3.998    0.017    5.342    1.999
 506.40    2.215    2.593    2.593   -1.349    0.040   -2.785   -1.349    0.040   -0.111    3.756   -0.054    4.789    1.879
 506.50    2.268    2.699    2.700   -1.463    0.060   -2.732   -1.463    0.060   -0.163    3.996   -0.088    4.802    2.000
 506.60    2.701    3.004    3.013   -1.314   -0.229   -2.299   -1.314   -0.229    0.527    3.021    0.301    3.532    1.540
 506.70    3.033    3.430    3.447   -1.602   -0.338   -1.967   -1.602   -0.338    0.665    3.151    0.542    3.275    1.633
 506.80    2.941    3.342    3.346   -1.587   -0.164   -2.059   -1.587   -0.164    0.337    3.266    0.260    3.391    1.647
 506.90    2.885    3.366    3.384   -1.734   -0.357   -2.115   -1.734   -0.357    0.755    3.667    0.619    3.804    1.897
 507.00    2.703    3.222    3.237   -1.754   -0.313   -2.297   -1.754   -0.313    0.718    4.030    0.549    4.227    2.065
 507.10    2.438    2.957    2.958   -1.673   -0.064   -2.562   -1.673   -0.064    0.164    4.287    0.107    4.683    2.146
 507.20    2.174    2.664    2.666   -1.540    0.106   -2.826   -1.540    0.106   -0.300    4.352   -0.163    5.184    2.183
 507.30    2.160    2.466    2.467   -1.189   -0.062   -2.840   -1.189   -0.062    0.177    3.375    0.074    4.740    1.690
 507.40    2.398    2.699    2.701   -1.237    0.121   -2.602   -1.237    0.121   -0.315    3.219   -0.150    4.157    1.619
 507.50    2.311    2.573    2.597   -1.131    0.350   -2.689   -1.131    0.350   -0.942    3.040   -0.396    4.315    1.604
 507.60    2.783    3.037    3.048   -1.216    0.261   -2.217   -1.216    0.261   -0.578    2.697   -0.317    3.232    1.388
 507.70    2.693    2.888    2.927   -1.045    0.476   -2.307   -1.045    0.476   -1.098    2.411   -0.497    3.321    1.348
 507.80    2.270    2.429    2.526   -0.864    0.692   -2.730   -0.864    0.692   -1.889    2.359   -0.598    4.338    1.540
 507.90    2.204    2.276    2.295   -0.566    0.298   -2.796   -0.566    0.298   -0.834    1.583   -0.169    4.113    0.899
 508.00    2.320    2.392    2.442   -0.584    0.488   -2.680   -0.584    0.488   -1.308    1.565   -0.285    3.881    1.030
 508.10    2.424    2.510    2.630   -0.653    0.784   -2.576   -0.653    0.784   -2.019    1.681   -0.512    3.838    1.338
 508.20    2.818    2.960    3.048   -0.904    0.729   -2.182   -0.904    0.729   -1.590    1.973   -0.659    3.055    1.309
 508.30    2.687    2.819    2.901   -0.851    0.686   -2.313   -0.851    0.686   -1.586    1.968   -0.584    3.271    1.297
 508.40    2.333    2.548    2.579   -1.025    0.400   -2.667   -1.025    0.400   -1.067    2.733   -0.410    4.161    1.481
 508.50    2.535    2.790    2.822   -1.164    0.427   -2.465   -1.164    0.427   -1.052    2.870   -0.497    3.806    1.548
 508.60    2.333    2.617    2.621   -1.187    0.150   -2.667   -1.187    0.150   -0.400    3.165   -0.178    4.272    1.598
 508.70    2.494    2.665    2.682   -0.940    0.301   -2.506   -0.940    0.301   -0.755    2.355   -0.283    3.628    1.245
 508.80    2.757    2.834    2.847   -0.658    0.265   -2.243   -0.658    0.265   -0.594    1.475   -0.174    2.767    0.800
 508.90    2.547    2.628    2.629   -0.649   -0.072   -2.453   -0.649   -0.072    0.176    1.593    0.047    3.223    0.802
 509.00    2.780    2.810    2.810   -0.414    0.035   -2.220   -0.414    0.035   -0.077    0.919   -0.014    2.552    0.461
 509.10    2.557    2.562    2.565   -0.150    0.124   -2.443   -0.150    0.124   -0.303    0.367   -0.019    3.003    0.238
 509.20    2.237    2.243    2.246   -0.171   -0.108   -2.763   -0.171   -0.108    0.299    0.472    0.018    3.839    0.279
 509.30    1.980    2.049    2.063   -0.525   -0.240   -3.020   -0.525   -0.240    0.725    1.585    0.126    4.726    0.874
 509.40    1.639    1.760    1.765   -0.642   -0.130   -3.361   -0.642   -0.130    0.435    2.158    0.083    5.863    1.102
 509.50    1.696    1.804    1.805   -0.614    0.082   -3.304   -0.614    0.082   -0.271    2.027   -0.050    5.650    1.023
 509.60    1.708    1.810    1.826   -0.599    0.239   -3.292   -0.599    0.239   -0.786    1.973   -0.143    5.628    1.064
 509.70    1.689    1.802    1.808   -0.628    0.148   -3.311   -0.628    0.148   -0.491    2.079   -0.093    5.689    1.069
 509.80    1.835    1.996    2.031   -0.784   -0.378   -3.165   -0.784   -0.378    1.197    2.481    0.297    5.387    1.385
 509.90    2.222    2.359    2.394   -0.794   -0.405   -2.778   -0.794   -0.405    1.126    2.207    0.322    4.257    1.249
 510.00    2.296    2.491    2.564   -0.967   -0.609   -2.704   -0.967   -0.609    1.648    2.614    0.589    4.309    1.573
 510.10    2.156    2.458    2.553   -1.181   -0.689   -2.844   -1.181   -0.689    1.960    3.358    0.814    4.978    1.986
 510.20    2.192    2.595    2.611   -1.390   -0.283   -2.808   -1.390   -0.283    0.795    3.902    0.394    4.949    2.001
 510.30    2.273    2.608    2.608   -1.279   -0.029   -2.727   -1.279   -0.029    0.078    3.487    0.037    4.536    1.744
 510.40    2.353    2.426    2.427   -0.591   -0.028   -2.647   -0.591   -0.028    0.074    1.564    0.017    3.677    0.783
 510.50    1.985    2.219    2.221   -0.992   -0.087   -3.015   -0.992   -0.087    0.262    2.990    0.086    5.040    1.501
 510.60    1.984    2.350    2.353   -1.259    0.129   -3.016   -1.259    0.129   -0.389    3.798   -0.162    5.350    1.911
 510.70    2.437    2.716    2.809   -1.199    0.715   -2.563   -1.199    0.715   -1.833    3.074   -0.858    4.260    1.840
 510.80    2.264    2.635    2.681   -1.348    0.496   -2.736   -1.348    0.496   -1.357    3.687   -0.668    4.773    1.993
 510.90    2.246    2.937    2.981   -1.893    0.509   -2.754   -1.893    0.509   -1.403    5.215   -0.965    5.715    2.743
 511.00    2.312    3.124    3.125   -2.102    0.047   -2.688   -2.102    0.047   -0.126    5.650   -0.099    5.823    2.826
 511.10    2.529    3.289    3.297   -2.103   -0.239   -2.471   -2.103   -0.239    0.591    5.196    0.503    5.292    2.627
 511.20    2.639    3.220    3.221   -1.846   -0.070   -2.361   -1.846   -0.070    0.164    4.357    0.128    4.493    2.181
 511.30    2.188    2.733    2.734   -1.637   -0.097   -2.812   -1.637   -0.097    0.271    4.603    0.158    5.297    2.307
 511.40    2.188    2.865    2.865   -1.849   -0.011   -2.812   -1.849   -0.011    0.032    5.201    0.021    5.664    2.600
 511.50    1.927    2.831    2.831   -2.074    0.006   -3.073   -2.074    0.006   -0.018    6.372   -0.012    6.871    3.186
 511.60    1.883    2.494    2.514   -1.636   -0.313   -3.117   -1.636   -0.313    0.975    5.101    0.512    6.247    2.609
 511.70    1.803    2.357    2.385   -1.518   -0.365   -3.197   -1.518   -0.365    1.165    4.852    0.553    6.327    2.510
 511.80    2.053    2.596    2.603   -1.589   -0.184   -2.947   -1.589   -0.184    0.542    4.682    0.292    5.621    2.361
 511.90    1.793    2.323    2.336   -1.477   -0.246   -3.207   -1.477   -0.246    0.788    4.736    0.363    6.262    2.407
 512.00    1.534    2.340    2.344   -1.766   -0.143   -3.466   -1.766   -0.143    0.495    6.121    0.252    7.575    3.073
 512.10    1.399    2.261    2.266   -1.776   -0.150   -3.601   -1.776   -0.150    0.542    6.397    0.267    8.073    3.213
 512.20    2.013    2.614    2.623   -1.668    0.217   -2.987   -1.668    0.217   -0.647    4.984   -0.361    5.877    2.519
 512.30    2.575    3.121    3.216   -1.763    0.777   -2.425   -1.763    0.777   -1.883    4.274   -1.369    4.794    2.433
 512.40    2.091    2.530    2.590   -1.425    0.551   -2.909   -1.425    0.551   -1.604    4.147   -0.786    5.400    2.257
 512.50    1.935    2.484    2.537   -1.559    0.516   -3.065   -1.559    0.516   -1.582    4.778   -0.805    6.046    2.549
 512.60    2.206    2.807    2.827   -1.736    0.334   -2.794   -1.736    0.334   -0.932    4.851   -0.579    5.466    2.487
 512.70    2.292    2.965    2.992   -1.881    0.406   -2.708   -1.881    0.406   -1.100    5.094   -0.764    5.519    2.634
 512.80    1.859    2.514    2.585   -1.692    0.604   -3.141   -1.692    0.604   -1.897    5.316   -1.022    6.548    2.868
 512.90    1.865    3.060    3.111   -2.426    0.564   -3.135   -2.426    0.564   -1.769    7.604   -1.369    8.015    3.963
 513.00    1.802    2.817    2.821   -2.165    0.136   -3.198   -2.165    0.136   -0.435    6.923   -0.295    7.465    3.472
 513.10    2.052    3.132    3.135   -2.366   -0.144   -2.948   -2.366   -0.144    0.426    6.976    0.342    7.156    3.499
 513.20    1.915    2.882    2.890   -2.154   -0.209   -3.085   -2.154   -0.209    0.646    6.647    0.451    7.103    3.347
 513.30    1.619    2.719    2.720   -2.185    0.051   -3.381   -2.185    0.051   -0.173    7.387   -0.112    8.103    3.695
 513.40    1.724    2.644    2.647   -2.005    0.121   -3.276   -2.005    0.121   -0.398    6.569   -0.244    7.385    3.293
 513.50    1.864    2.542    2.563   -1.728   -0.334   -3.136   -1.728   -0.334    1.047    5.418    0.577    6.465    2.774
 513.60    2.217    2.986    3.011   -1.999   -0.391   -2.783   -1.999   -0.391    1.089    5.563    0.782    5.947    2.861
 513.70    2.123    3.181    3.203   -2.369   -0.381   -2.877   -2.369   -0.381    1.096    6.816    0.902    7.017    3.481
 513.80    2.315    3.099    3.112   -2.061   -0.284   -2.685   -2.061   -0.284    0.763    5.534    0.585    5.770    2.809
 513.90    2.511    3.355    3.358   -2.225   -0.138   -2.489   -2.225   -0.138    0.343    5.539    0.306    5.583    2.779
 514.00    2.631    3.235    3.248   -1.883   -0.290   -2.369   -1.883   -0.290    0.687    4.462    0.546    4.622    2.274
 514.10    2.788    3.238    3.282   -1.647   -0.534   -2.212   -1.647   -0.534    1.182    3.643    0.880    3.945    1.965
 514.20    2.812    3.215    3.248   -1.558   -0.460   -2.188   -1.558   -0.460    1.006    3.409    0.716    3.712    1.813
 514.30    2.536    3.078    3.078   -1.744   -0.006   -2.464   -1.744   -0.006    0.014    4.298    0.010    4.557    2.149
 514.40    2.046    2.570    2.576   -1.555    0.183   -2.954   -1.555    0.183   -0.542    4.595   -0.285    5.590    2.318
 514.50    1.999    2.347    2.349   -1.230    0.091   -3.001   -1.230    0.091   -0.274    3.693   -0.113    5.265    1.852
 514.60    1.945    2.524    2.526   -1.608   -0.115   -3.055   -1.608   -0.115    0.351    4.912    0.185    5.965    2.464
 514.70    1.926    2.512    2.517   -1.614   -0.161   -3.074   -1.614   -0.161    0.496    4.961    0.260    6.041    2.496
 514.80    1.962    2.871    2.886   -2.096   -0.294   -3.038   -2.096   -0.294    0.893    6.366    0.616    6.854    3.229
 514.90    2.052    3.096    3.118   -2.318   -0.377   -2.948   -2.318   -0.377    1.111    6.833    0.873    7.102    3.489
 515.00    1.980    2.956    2.958   -2.195   -0.114   -3.020   -2.195   -0.114    0.344    6.628    0.250    6.975    3.321
 515.10    2.119    2.684    2.686   -1.648   -0.088   -2.881   -1.648   -0.088    0.252    4.749    0.144    5.514    2.379
 515.20    1.902    2.450    2.463   -1.545   -0.251   -3.098   -1.545   -0.251    0.777    4.787    0.388    6.025    2.433
 515.30    2.016    2.698    2.746   -1.794   -0.508   -2.984   -1.794   -0.508    1.515    5.353    0.910    6.191    2.819
 515.40    2.114    2.770    2.772   -1.789   -0.118   -2.886   -1.789   -0.118    0.340    5.162    0.210    5.771    2.589
 515.50    2.601    3.412    3.417   -2.208   -0.183   -2.399   -2.208   -0.183    0.440    5.296    0.405    5.331    2.665
 515.60    2.777    3.477    3.477   -2.093    0.002   -2.223   -2.093    0.002   -0.005    4.652   -0.004    4.660    2.326
 515.70    2.616    3.542    3.542   -2.387   -0.052   -2.384   -2.387   -0.052    0.124    5.692    0.125    5.693    2.847
 515.80    2.673    3.599    3.605   -2.411   -0.193   -2.327   -2.411   -0.193    0.448    5.609    0.464    5.631    2.823
 515.90    2.711    3.420    3.424   -2.085   -0.162   -2.289   -2.085   -0.162    0.370    4.771    0.337    4.805    2.399
 516.00    2.506    3.108    3.124   -1.838   -0.315   -2.494   -1.838   -0.315    0.785    4.585    0.578    4.849    2.344
 516.10    2.494    3.309    3.325   -2.175   -0.327   -2.506   -2.175   -0.327    0.820    5.452    0.712    5.560    2.779
 516.20    2.385    3.241    3.343   -2.194   -0.822   -2.615   -2.194   -0.822    2.149    5.736    1.803    6.162    3.193
 516.30    2.310    2.765    2.876   -1.520   -0.792   -2.690   -1.520   -0.792    2.131    4.091    1.204    5.089    2.384
 516.40    2.586    2.886    2.968   -1.281   -0.693   -2.414   -1.281   -0.693    1.674    3.092    0.888    3.974    1.813
 516.50    2.349    2.561    2.647   -1.021   -0.667   -2.651   -1.021   -0.667    1.767    2.707    0.681    4.258    1.652
 516.60    2.434    2.769    2.798   -1.321   -0.402   -2.566   -1.321   -0.402    1.031    3.389    0.531    4.245    1.791
 516.70    2.453    2.852    2.881   -1.455   -0.407   -2.547   -1.455   -0.407    1.036    3.706    0.592    4.385    1.947
 516.80    2.671    2.967    3.026   -1.290   -0.598   -2.329   -1.290   -0.598    1.392    3.005    0.771    3.723    1.700
 516.90    2.350    2.762    2.925   -1.452   -0.961   -2.650   -1.452   -0.961    2.545    3.847    1.395    5.026    2.409
 517.00    2.354    2.837    2.990   -1.584   -0.945   -2.646   -1.584   -0.945    2.499    4.190    1.496    5.200    2.551
 517.10    2.548    3.034    3.142   -1.647   -0.817   -2.452   -1.647   -0.817    2.005    4.040    1.347    4.698    2.353
 517.20    2.174    2.740    2.843   -1.668   -0.756   -2.826   -1.668   -0.756    2.135    4.715    1.261    5.670    2.663
 517.30    2.237    2.689    2.746   -1.491   -0.558   -2.763   -1.491   -0.558    1.542    4.120    0.832    5.084    2.239
 517.40    2.141    2.700    2.738   -1.644   -0.456   -2.859   -1.644   -0.456    1.304    4.701    0.750    5.542    2.468
 517.50    2.387    2.858    2.873   -1.571   -0.291   -2.613   -1.571   -0.291    0.759    4.106    0.457    4.690    2.100
 517.60    2.395    2.769    2.814   -1.390   -0.502   -2.605   -1.390   -0.502    1.309    3.620    0.698    4.485    1.956
 517.70    2.340    2.655    2.723   -1.255   -0.604   -2.660   -1.255   -0.604    1.606    3.338    0.757    4.508    1.890
 517.80    2.570    2.939    2.950   -1.427   -0.251   -2.430   -1.427   -0.251    0.609    3.467    0.357    4.002    1.769
 517.90    2.463    2.715    2.716   -1.144   -0.008   -2.537   -1.144   -0.008    0.021    2.902    0.010    3.873    1.451
 518.00    2.568    2.797    2.798   -1.109   -0.061   -2.432   -1.109   -0.061    0.149    2.696    0.068    3.573    1.350
 518.10    2.876    2.991    2.992   -0.823   -0.048   -2.124   -0.823   -0.048    0.103    1.748    0.040    2.596    0.876
 518.20    3.078    3.117    3.149   -0.490   -0.452   -1.922   -0.490   -0.452    0.868    0.942    0.221    2.069    0.650
 518.30    2.804    2.883    2.884   -0.669   -0.090   -2.196   -0.669   -0.090    0.197    1.469    0.060    2.638    0.742
 518.40    2.960    3.244    3.246   -1.328    0.093   -2.040   -1.328    0.093   -0.189    2.710   -0.123    2.968    1.360
 518.50    3.145    3.536    3.546   -1.616   -0.277   -1.855   -1.616   -0.277    0.514    2.998    0.448    3.065    1.537
 518.60    2.639    3.192    3.206   -1.795   -0.306   -2.361   -1.795   -0.306    0.724    4.239    0.550    4.446    2.168
 518.70    2.670    3.316    3.317   -1.965    0.078   -2.330   -1.965    0.078   -0.181    4.579   -0.153    4.648    2.293
 518.80    2.760    3.247    3.253   -1.711   -0.189   -2.240   -1.711   -0.189    0.424    3.831    0.324    3.989    1.934
 518.90    2.918    3.414    3.415   -1.774   -0.041   -2.082   -1.774   -0.041    0.086    3.694    0.073    3.742    1.848
 519.00    2.924    3.262    3.262   -1.448   -0.001   -2.076   -1.448   -0.001    0.002    3.006    0.001    3.204    1.503
 519.10    2.927    3.187    3.187   -1.262    0.028   -2.073   -1.262    0.028   -0.059    2.617   -0.036    2.946    1.309
 519.20    2.877    3.014    3.017   -0.896   -0.145   -2.123   -0.896   -0.145    0.308    1.901    0.130    2.664    0.965
 519.30    3.236    3.563    3.579   -1.489   -0.347   -1.764   -1.489   -0.347    0.612    2.626    0.516    2.724    1.373
 519.40    3.446    3.860    3.879   -1.738   -0.389   -1.554   -1.738   -0.389    0.605    2.701    0.676    2.794    1.425
 519.50    3.273    3.481    3.496   -1.186   -0.321   -1.727   -1.186   -0.321    0.555    2.048    0.381    2.246    1.078
 519.60    2.979    3.147    3.160   -1.013   -0.286   -2.021   -1.013   -0.286    0.579    2.047    0.290    2.596    1.073
 519.70    3.124    3.316    3.317   -1.112   -0.089   -1.876   -1.112   -0.089    0.166    2.087    0.099    2.382    1.048
 519.80    2.649    2.901    2.958   -1.183   -0.579   -2.351   -1.183   -0.579    1.362    2.782    0.686    3.632    1.586
 519.90    2.226    2.538    2.567   -1.219   -0.386   -2.774   -1.219   -0.386    1.071    3.381    0.470    4.665    1.789
 520.00    2.023    2.456    2.496   -1.393   -0.446   -2.977   -1.393   -0.446    1.329    4.145    0.622    5.500    2.199
 520.10    2.064    2.610    2.631   -1.598   -0.329   -2.936   -1.598   -0.329    0.967    4.693    0.526    5.642    2.410
 520.20    2.202    2.596    2.597   -1.375    0.057   -2.798   -1.375    0.057   -0.159    3.847   -0.078    4.860    1.926
 520.30    2.101    2.602    2.612   -1.536    0.224   -2.899   -1.536    0.224   -0.649    4.454   -0.344    5.408    2.257
 520.40    2.034    2.776    2.786   -1.890    0.234   -2.966   -1.890    0.234   -0.693    5.606   -0.442    6.212    2.833
 520.50    2.668    3.030    3.085   -1.438    0.576   -2.332   -1.438    0.576   -1.343    3.354   -0.828    3.919    1.853
 520.60    2.591    2.953    2.971   -1.417    0.327   -2.409   -1.417    0.327   -0.787    3.415   -0.463    3.960    1.767
 520.70    2.923    3.277    3.296   -1.481   -0.352   -2.077   -1.481   -0.352    0.732    3.077    0.522    3.316    1.603
 520.80    3.083    3.473    3.477   -1.598    0.175   -1.917   -1.598    0.175   -0.336    3.063   -0.280    3.129    1.547
 520.90    2.947    3.224    3.231   -1.308    0.204   -2.053   -1.308    0.204   -0.419    2.684   -0.267    2.983    1.365
 521.00    2.753    2.966    3.001   -1.104    0.455   -2.247   -1.104    0.455   -1.022    2.481   -0.502    3.238    1.365
 521.10    2.564    2.978    2.980   -1.515   -0.109   -2.436   -1.515   -0.109    0.266    3.690    0.165    4.120    1.852
 521.20    2.900    3.100    3.150   -1.097   -0.560   -2.100   -1.097   -0.560    1.177    2.304    0.615    2.964    1.330
 521.30    2.838    3.064    3.112   -1.156   -0.546   -2.162   -1.156   -0.546    1.181    2.501    0.632    3.156    1.418
 521.40    2.538    2.859    2.885   -1.316   -0.386   -2.462   -1.316   -0.386    0.950    3.240    0.508    3.971    1.707
 521.50    2.779    3.048    3.115   -1.251   -0.641   -2.221   -1.251   -0.641    1.424    2.778    0.802    3.454    1.612
 521.60    2.746    3.044    3.062   -1.312   -0.331   -2.254   -1.312   -0.331    0.745    2.957    0.434    3.455    1.540
 521.70    2.635    2.989    3.023   -1.411   -0.448   -2.365   -1.411   -0.448    1.059    3.338    0.632    3.892    1.779
 521.80    2.687    3.197    3.231   -1.733   -0.469   -2.313   -1.733   -0.469    1.084    4.008    0.812    4.286    2.115
 521.90    2.429    2.936    2.936   -1.649    0.025   -2.571   -1.649    0.025   -0.064    4.239   -0.041    4.664    2.120
 522.00    2.862    3.361    3.363   -1.762    0.124   -2.138   -1.762    0.124   -0.266    3.768   -0.219    3.847    1.892
 522.10    2.931    3.237    3.257   -1.374    0.362   -2.069   -1.374    0.362   -0.748    2.843   -0.497    3.150    1.491
 522.20    2.730    3.006    3.006   -1.257    0.025   -2.270   -1.257    0.025   -0.058    2.853   -0.032    3.366    1.427
 522.30    2.602    2.788    2.794   -1.003    0.180   -2.398   -1.003    0.180   -0.433    2.405   -0.181    3.395    1.225
 522.40    2.561    2.758    2.864   -1.024    0.771   -2.439   -1.024    0.771   -1.879    2.496   -0.789    3.794    1.611
 522.50    2.822    3.056    3.082   -1.172    0.399   -2.178   -1.172    0.399   -0.869    2.553   -0.468    3.139    1.369
 522.60    3.239    3.484    3.484   -1.282   -0.054   -1.761   -1.282   -0.054    0.094    2.257    0.069    2.373    1.130
 522.70    3.404    3.590    3.598   -1.143   -0.229   -1.596   -1.143   -0.229    0.366    1.824    0.262    1.953    0.939
 522.80    3.286    3.484    3.551   -1.157   -0.687   -1.714   -1.157   -0.687    1.178    1.983    0.796    2.374    1.220
 522.90    3.311    3.594    3.595   -1.397   -0.084   -1.689   -1.397   -0.084    0.142    2.359    0.117    2.405    1.183
 523.00    3.485    3.649    3.656   -1.084   -0.217   -1.515   -1.084   -0.217    0.329    1.643    0.235    1.759    0.846
 523.10    3.283    3.366    3.373   -0.744   -0.211   -1.717   -0.744   -0.211    0.362    1.278    0.157    1.773    0.669
 523.20    3.220    3.321    3.329   -0.814    0.231   -1.780   -0.814    0.231   -0.411    1.449   -0.188    1.942    0.759
 523.30    3.345    3.499    3.522   -1.025    0.410   -1.655   -1.025    0.410   -0.678    1.696   -0.420    1.978    0.937
 523.40    3.172    3.402    3.454   -1.230    0.596   -1.828   -1.230    0.596   -1.089    2.248   -0.733    2.605    1.302
 523.50    3.194    3.472    3.483   -1.362    0.274   -1.806   -1.362    0.274   -0.495    2.460   -0.373    2.596    1.268
 523.60    3.013    3.086    3.101   -0.667    0.306   -1.987   -0.667    0.306   -0.608    1.326   -0.204    2.243    0.737
 523.70    3.111    3.193    3.205   -0.718   -0.277   -1.889   -0.718   -0.277    0.523    1.356    0.199    2.080    0.733
 523.80    3.041    3.176    3.176   -0.914   -0.060   -1.959   -0.914   -0.060    0.118    1.791    0.055    2.338    0.898
 523.90    2.920    3.033    3.034   -0.822   -0.088   -2.080   -0.822   -0.088    0.184    1.710    0.073    2.506    0.861
 524.00    2.911    2.991    3.012   -0.685    0.359   -2.089   -0.685    0.359   -0.749    1.430   -0.245    2.480    0.816
 524.10    3.065    3.234    3.272   -1.031    0.495   -1.935   -1.031    0.495   -0.958    1.995   -0.511    2.526    1.136
 524.20    3.454    3.538    3.609   -0.765    0.713   -1.546   -0.765    0.713   -1.102    1.183   -0.546    1.742    0.853
 524.30    3.462    3.631    3.668   -1.095    0.517   -1.538   -1.095    0.517   -0.795    1.685   -0.566    1.916    0.973
 524.40    3.391    3.676    3.678   -1.420    0.116   -1.609   -1.420    0.116   -0.187    2.285   -0.165    2.310    1.149
 524.50    2.893    3.096    3.096   -1.104    0.026   -2.107   -1.104    0.026   -0.056    2.326   -0.029    2.830    1.163
 524.60    3.038    3.202    3.210   -1.013   -0.216   -1.962   -1.013   -0.216    0.425    1.987    0.219    2.461    1.022
 524.70    3.398    3.452    3.455   -0.609   -0.146   -1.602   -0.609   -0.146    0.234    0.977    0.089    1.480    0.504
 524.80    3.115    3.178    3.180   -0.629   -0.125   -1.885   -0.629   -0.125    0.236    1.185    0.079    1.982    0.606
 524.90    3.162    3.363    3.363   -1.144   -0.061   -1.838   -1.144   -0.061    0.112    2.103    0.069    2.345    1.053
 525.00    3.224    3.377    3.377   -1.006   -0.011   -1.776   -1.006   -0.011    0.020    1.787    0.011    2.084    0.894
 525.10    3.214    3.454    3.456   -1.266   -0.120   -1.786   -1.266   -0.120    0.215    2.262    0.152    2.404    1.138
 525.20    2.969    3.093    3.129   -0.867   -0.470   -2.031   -0.867   -0.470    0.955    1.761    0.408    2.548    1.022
 525.30    3.256    3.296    3.326   -0.512   -0.448   -1.744   -0.512   -0.448    0.781    0.892    0.229    1.752    0.604
 525.40    3.663    3.699    3.734   -0.521   -0.510   -1.337   -0.521   -0.510    0.683    0.697    0.266    1.160    0.506
 525.50    3.758    3.806    3.845   -0.599   -0.547   -1.242   -0.599   -0.547    0.679    0.743    0.327    1.100    0.529
 525.60    3.412    3.562    3.610   -1.023   -0.586   -1.588   -1.023   -0.586    0.930    1.624    0.599    1.956    0.983
 525.70    3.290    3.460    3.512   -1.071   -0.602   -1.710   -1.071   -0.602    1.029    1.832    0.645    2.217    1.099
 525.80    3.550    3.723    3.770   -1.123   -0.591   -1.450   -1.123   -0.591    0.857    1.628    0.663    1.856    0.978
 525.90    3.369    3.464    3.487   -0.804   -0.399   -1.631   -0.804   -0.399    0.651    1.312    0.321    1.733    0.750
 526.00    3.455    3.535    3.557   -0.745   -0.398   -1.545   -0.745   -0.398    0.614    1.151    0.296    1.550    0.669
 526.10    3.482    3.631    3.657   -1.030   -0.437   -1.518   -1.030   -0.437    0.663    1.564    0.450    1.778    0.879
 526.20    3.631    3.717    3.780   -0.794   -0.691   -1.369   -0.794   -0.691    0.945    1.087    0.548    1.490    0.770
 526.30    3.405    3.420    3.553   -0.322   -0.962   -1.595   -0.322   -0.962    1.534    0.514    0.310    1.786    0.823
 526.40    3.210    3.325    3.527   -0.863   -1.178   -1.790   -0.863   -1.178    2.108    1.545    1.017    2.668    1.402
 526.50    3.459    3.554    3.666   -0.814   -0.901   -1.541   -0.814   -0.901    1.388    1.254    0.733    1.923    1.004
 526.60    3.385    3.595    3.613   -1.212   -0.363   -1.615   -1.212   -0.363    0.587    1.958    0.441    2.106    1.046
 526.70    3.189    3.350    3.527   -1.027   -1.104   -1.811   -1.027   -1.104    1.999    1.859    1.133    2.776    1.478
 526.80    3.157    3.264    3.458   -0.830   -1.141   -1.843   -0.830   -1.141    2.102    1.530    0.947    2.694    1.384
 526.90    3.286    3.316    3.489   -0.446   -1.085   -1.714   -0.446   -1.085    1.860    0.764    0.484    2.157    1.034
 527.00    3.050    3.126    3.294   -0.686   -1.039   -1.950   -0.686   -1.039    2.026    1.337    0.712    2.677    1.265
 527.10    2.893    3.010    3.275   -0.831   -1.290   -2.107   -0.831   -1.290    2.719    1.751    1.072    3.398    1.703
 527.20    2.828    2.932    3.082   -0.774   -0.949   -2.172   -0.774   -0.949    2.061    1.681    0.734    3.108    1.379
 527.30    3.082    3.158    3.200   -0.690   -0.511   -1.918   -0.690   -0.511    0.980    1.324    0.353    2.208    0.842
 527.40    2.799    2.890    2.922   -0.720   -0.432   -2.201   -0.720   -0.432    0.951    1.585    0.311    2.775    0.937
 527.50    2.777    2.923    2.989   -0.913   -0.624   -2.223   -0.913   -0.624    1.387    2.029    0.569    3.082    1.261
 527.60    2.670    2.936    3.081   -1.220   -0.934   -2.330   -1.220   -0.934    2.175    2.843    1.139    3.894    1.878
 527.70    2.892    3.218    3.389   -1.411   -1.063   -2.108   -1.411   -1.063    2.241    2.973    1.500    3.781    2.007
 527.80    2.759    2.976    3.157   -1.115   -1.052   -2.241   -1.115   -1.052    2.357    2.498    1.173    3.685    1.815
 527.90    2.831    2.974    3.232   -0.913   -1.265   -2.169   -0.913   -1.265    2.744    1.980    1.155    3.569    1.788
 528.00    2.531    2.715    2.929   -0.982   -1.098   -2.469   -0.982   -1.098    2.711    2.425    1.079    4.133    1.897
 528.10    2.242    2.500    2.930   -1.107   -1.528   -2.758   -1.107   -1.528    4.214    3.052    1.691    5.583    2.735
 528.20    2.568    2.762    3.174   -1.018   -1.564   -2.432   -1.018   -1.564    3.804    2.477    1.593    4.700    2.405
 528.30    2.705    2.789    3.186   -0.681   -1.540   -2.295   -0.681   -1.540    3.534    1.564    1.049    4.052    2.002
 528.40    2.465    2.663    2.992   -1.007   -1.364   -2.535   -1.007   -1.364    3.457    2.553    1.374    4.650    2.256
 528.50    2.422    2.643    3.015   -1.057   -1.452   -2.578   -1.057   -1.452    3.742    2.724    1.534    4.934    2.438
 528.60    2.712    2.805    2.980   -0.718   -1.006   -2.288   -0.718   -1.006    2.303    1.644    0.723    3.383    1.460
 528.70    2.522    2.697    2.743   -0.956   -0.502   -2.478   -0.956   -0.502    1.243    2.369    0.480    3.653    1.359
 528.80    2.851    3.011    3.027   -0.968   -0.313   -2.149   -0.968   -0.313    0.672    2.080    0.302    2.827    1.103
 528.90    3.228    3.470    3.567   -1.272   -0.827   -1.772   -1.272   -0.827    1.465    2.253    1.051    2.720    1.443
 529.00    3.297    3.384    3.496   -0.761   -0.878   -1.703   -0.761   -0.878    1.496    1.297    0.669    2.126    1.045
 529.10    3.203    3.230    3.509   -0.419   -1.370   -1.797   -0.419   -1.370    2.462    0.753    0.574    2.641    1.319
 529.20    3.385    3.467    3.739   -0.747   -1.401   -1.615   -0.747   -1.401    2.263    1.206    1.047    2.565    1.385
 529.30    3.307    3.374    3.644   -0.666   -1.379   -1.693   -0.666   -1.379    2.334    1.126    0.918    2.604    1.375
 529.40    3.554    3.563    3.761   -0.247   -1.206   -1.446   -0.247   -1.206    1.743    0.357    0.298    1.803    0.902
 529.50    3.628    3.631    3.722   -0.152   -0.818   -1.372   -0.152   -0.818    1.122    0.208    0.124    1.287    0.574
 529.60    3.446    3.501    3.623   -0.617   -0.933   -1.554   -0.617   -0.933    1.449    0.959    0.576    1.833    0.916
 529.70    3.281    3.310    3.374   -0.436   -0.654   -1.719   -0.436   -0.654    1.124    0.749    0.285    1.786    0.690
 529.80    3.408    3.441    3.490   -0.478   -0.584   -1.592   -0.478   -0.584    0.930    0.762    0.279    1.553    0.617
 529.90    3.315    3.391    3.510   -0.717   -0.906   -1.685   -0.717   -0.906    1.526    1.209    0.649    2.087    1.026
 530.00    3.264    3.317    3.399   -0.586   -0.744   -1.736   -0.586   -0.744    1.291    1.016    0.436    1.954    0.850
 530.10    3.432    3.454    3.557   -0.393   -0.847   -1.568   -0.393   -0.847    1.328    0.616    0.333    1.665    0.751
 530.20    3.486    3.496    3.532   -0.267   -0.503   -1.514   -0.267   -0.503    0.762    0.404    0.134    1.309    0.437
 530.30    3.505    3.548    3.559   -0.553   -0.272   -1.495   -0.553   -0.272    0.407    0.827    0.150    1.307    0.467
 530.40    3.599    3.679    3.682   -0.766    0.136   -1.401   -0.766    0.136   -0.190    1.073   -0.104    1.285    0.548
 530.50    3.482    3.559    3.559   -0.735   -0.006   -1.518   -0.735   -0.006    0.009    1.115    0.004    1.422    0.558
 530.60    3.717    3.781    3.782   -0.693   -0.049   -1.283   -0.693   -0.049    0.063    0.889    0.034    1.064    0.446
 530.70    4.079    4.144    4.166   -0.729   -0.424   -0.921   -0.729   -0.424    0.391    0.671    0.309    0.780    0.418
 530.80    3.950    4.029    4.030   -0.796    0.089   -1.050   -0.796    0.089   -0.094    0.836   -0.071    0.873    0.422
 530.90    3.927    3.995    4.013   -0.733   -0.383   -1.073   -0.733   -0.383    0.411    0.787    0.281    0.918    0.465
 531.00    3.535    3.625    3.664   -0.802   -0.536   -1.465   -0.802   -0.536    0.784    1.175    0.430    1.538    0.738
 531.10    3.622    3.735    3.788   -0.914   -0.628   -1.378   -0.914   -0.628    0.866    1.259    0.574    1.564    0.816
 531.20    3.600    3.691    3.740   -0.813   -0.604   -1.400   -0.813   -0.604    0.845    1.138    0.491    1.492    0.750
 531.30    3.496    3.520    3.556   -0.415   -0.504   -1.504   -0.415   -0.504    0.758    0.624    0.209    1.345    0.502
 531.40    3.838    3.847    3.899   -0.258   -0.632   -1.162   -0.258   -0.632    0.734    0.300    0.163    0.908    0.405
 531.50    3.688    3.690    3.713   -0.122   -0.409   -1.312   -0.122   -0.409    0.537    0.160    0.050    0.952    0.281
 531.60    3.821    3.835    3.851   -0.332   -0.347   -1.179   -0.332   -0.347    0.410    0.391    0.115    0.811    0.289
 531.70    4.363    4.385    4.391   -0.441   -0.225   -0.637   -0.441   -0.225    0.144    0.281    0.099    0.326    0.165
 531.80    4.448    4.471    4.475   -0.457   -0.179   -0.552   -0.457   -0.179    0.099    0.253    0.082    0.273    0.142
 531.90    4.763    4.812    4.839   -0.687   -0.514   -0.237   -0.687   -0.514    0.122    0.163    0.353    0.396    0.204
 532.00    4.782    4.806    4.866   -0.478   -0.758   -0.218   -0.478   -0.758    0.165    0.104    0.362    0.425    0.206
 532.10    4.670    4.670    4.707    0.036   -0.595   -0.330    0.036   -0.595    0.197   -0.012   -0.021    0.232    0.099
 532.20    4.424    4.425    4.533   -0.056   -0.987   -0.576   -0.056   -0.987    0.568    0.032    0.055    0.654    0.286
 532.30    4.475    4.485    4.605   -0.309   -1.042   -0.525   -0.309   -1.042    0.547    0.162    0.322    0.728    0.328
 532.40    4.345    4.350    4.400   -0.224   -0.660   -0.655   -0.224   -0.660    0.432    0.147    0.148    0.457    0.240
 532.50    4.504    4.513    4.594   -0.297   -0.858   -0.496   -0.297   -0.858    0.426    0.147    0.254    0.535    0.259
 532.60    4.247    4.263    4.339   -0.372   -0.806   -0.753   -0.372   -0.806    0.607    0.280    0.300    0.678    0.366
 532.70    4.371    4.424    4.584   -0.683   -1.203   -0.629   -0.683   -1.203    0.757    0.430    0.822    1.155    0.599
 532.80    4.350    4.394    4.614   -0.621   -1.409   -0.650   -0.621   -1.409    0.917    0.404    0.875    1.398    0.665
 532.90    3.985    4.041    4.320   -0.669   -1.527   -1.015   -0.669   -1.527    1.550    0.680    1.022    1.905    0.989
 533.00    3.613    3.647    3.957   -0.492   -1.537   -1.387   -0.492   -1.537    2.132    0.682    0.756    2.264    1.181
 533.10    3.408    3.522    3.704   -0.890   -1.148   -1.592   -0.890   -1.148    1.828    1.416    1.021    2.323    1.264
 533.20    3.785    3.970    4.154   -1.197   -1.223   -1.215   -1.197   -1.223    1.487    1.455    1.465    2.203    1.272
 533.30    4.112    4.290    4.486   -1.222   -1.312   -0.888   -1.222   -1.312    1.164    1.085    1.603    2.001    1.129
 533.40    4.411    4.468    4.618   -0.712   -1.167   -0.589   -0.712   -1.167    0.688    0.419    0.831    1.108    0.579
 533.50    4.600    4.604    4.711   -0.194   -0.998   -0.400   -0.194   -0.998    0.399    0.078    0.194    0.597    0.225
 533.60    4.220    4.237    4.326   -0.374   -0.875   -0.780   -0.374   -0.875    0.682    0.292    0.327    0.757    0.406
 533.70    4.183    4.203    4.233   -0.415   -0.502   -0.817   -0.415   -0.502    0.411    0.339    0.209    0.546    0.286
 533.80    3.939    3.991    4.050   -0.639   -0.688   -1.061   -0.639   -0.688    0.730    0.678    0.440    1.004    0.545
 533.90    4.111    4.187    4.231   -0.793   -0.611   -0.889   -0.793   -0.611    0.543    0.705    0.485    0.897    0.507
 534.00    4.239    4.253    4.278   -0.339   -0.462   -0.761   -0.339   -0.462    0.352    0.258    0.157    0.454    0.232
 534.10    4.198    4.230    4.236   -0.522   -0.212   -0.802   -0.522   -0.212    0.170    0.419    0.111    0.481    0.233
 534.20    4.098    4.123    4.143   -0.457   -0.403   -0.902   -0.457   -0.403    0.363    0.413    0.184    0.593    0.290
 534.30    4.181    4.225    4.242   -0.612   -0.378   -0.819   -0.612   -0.378    0.310    0.501    0.231    0.594    0.316
 534.40    4.337    4.382    4.395   -0.626   -0.336   -0.663   -0.626   -0.336    0.223    0.415    0.210    0.472    0.258
 534.50    4.001    4.027    4.108   -0.462   -0.809   -0.999   -0.462   -0.809    0.808    0.462    0.374    0.933    0.502
 534.60    4.496    4.514    4.625   -0.402   -1.007   -0.504   -0.402   -1.007    0.507    0.202    0.405    0.715    0.340
 534.70    4.637    4.638    4.753   -0.083   -1.041   -0.363   -0.083   -1.041    0.378    0.030    0.086    0.611    0.194
 534.80    4.524    4.530    4.652   -0.246   -1.056   -0.476   -0.246   -1.056    0.503    0.117    0.259    0.701    0.289
 534.90    4.733    4.743    4.877   -0.307   -1.137   -0.267   -0.307   -1.137    0.304    0.082    0.349    0.729    0.235
 535.00    4.862    4.880    5.097   -0.424   -1.471   -0.138   -0.424   -1.471    0.203    0.059    0.623    1.181    0.329
 535.10    4.718    4.737    5.037   -0.428   -1.713   -0.282   -0.428   -1.713    0.484    0.121    0.733    1.599    0.443
 535.20    4.355    4.424    4.635   -0.780   -1.383   -0.645   -0.780   -1.383    0.892    0.503    1.079    1.469    0.744
 535.30    4.494    4.534    4.713   -0.598   -1.289   -0.506   -0.598   -1.289    0.652    0.302    0.770    1.137    0.527
 535.40    4.471    4.508    4.811   -0.576   -1.682   -0.529   -0.576   -1.682    0.890    0.305    0.968    1.720    0.675
 535.50    4.307    4.352    4.684   -0.629   -1.732   -0.693   -0.629   -1.732    1.200    0.436    1.089    1.937    0.839
 535.60    4.139    4.272    4.526   -1.055   -1.495   -0.861   -1.055   -1.495    1.287    0.908    1.577    2.044    1.114
 535.70    3.930    4.056    4.359   -1.001   -1.598   -1.070   -1.001   -1.598    1.709    1.070    1.599    2.349    1.287
 535.80    3.953    4.124    4.411   -1.175   -1.566   -1.047   -1.175   -1.566    1.640    1.230    1.840    2.465    1.377
 535.90    4.320    4.456    4.674   -1.091   -1.412   -0.680   -1.091   -1.412    0.960    0.742    1.540    1.823    0.980
 536.00    4.363    4.491    4.704   -1.064   -1.399   -0.637   -1.064   -1.399    0.891    0.677    1.488    1.747    0.931
 536.10    4.212    4.275    4.578   -0.732   -1.639   -0.788   -0.732   -1.639    1.292    0.577    1.200    1.921    0.927
 536.20    3.949    4.013    4.363   -0.709   -1.713   -1.051   -0.709   -1.713    1.800    0.745    1.215    2.271    1.148
 536.30    4.151    4.168    4.515   -0.375   -1.737   -0.849   -0.375   -1.737    1.475    0.318    0.651    1.939    0.821
 536.40    4.319    4.320    4.671   -0.108   -1.776   -0.681   -0.108   -1.776    1.210    0.074    0.192    1.815    0.614
 536.50    4.427    4.428    4.786   -0.091   -1.815   -0.573   -0.091   -1.815    1.040    0.052    0.166    1.816    0.527
 536.60    4.214    4.214    4.736   -0.031   -2.161   -0.786   -0.031   -2.161    1.698    0.025    0.068    2.644    0.850
 536.70    4.275    4.327    4.736    0.666   -1.926   -0.725    0.666   -1.926    1.395   -0.482   -1.282    2.339    0.978
 536.80    4.315    4.334    4.574    0.397   -1.463   -0.685    0.397   -1.463    1.002   -0.272   -0.582    1.384    0.595
 536.90    4.598    4.598    4.863   -0.023   -1.584   -0.402   -0.023   -1.584    0.638    0.009    0.036    1.337    0.319
 537.00    4.787    4.790    5.056   -0.170   -1.619   -0.213   -0.170   -1.619    0.346    0.036    0.275    1.349    0.222
 537.10    4.712    4.716    4.970    0.201   -1.566   -0.288    0.201   -1.566    0.451   -0.058   -0.315    1.288    0.276
 537.20    4.678    4.712    5.043    0.571   -1.795   -0.322    0.571   -1.795    0.579   -0.184   -1.026    1.827    0.596
 537.30    4.409    4.422    4.772    0.343   -1.795   -0.591    0.343   -1.795    1.061   -0.203   -0.615    1.844    0.622
 537.40    4.303    4.320    4.640    0.383   -1.692   -0.697    0.383   -1.692    1.179   -0.267   -0.649    1.747    0.686
 537.50    4.176    4.198    4.554    0.429   -1.767   -0.824    0.429   -1.767    1.457   -0.353   -0.758    1.994    0.840
 537.60    4.243    4.256    4.553    0.343   -1.618   -0.757    0.343   -1.618    1.225   -0.260   -0.555    1.654    0.685
 537.70    4.595    4.609    4.783    0.361   -1.279   -0.405    0.361   -1.279    0.518   -0.146   -0.461    0.965    0.354
 537.80    4.241    4.248    4.382    0.256   -1.074   -0.759    0.256   -1.074    0.816   -0.194   -0.275    0.898    0.441
 537.90    4.607    4.610    4.682    0.156   -0.816   -0.393    0.156   -0.816    0.320   -0.061   -0.128    0.422    0.175
 538.00    4.588    4.590    4.673    0.132   -0.877   -0.412    0.132   -0.877    0.361   -0.054   -0.116    0.478    0.192
 538.10    4.531    4.557    4.626    0.487   -0.797   -0.469    0.487   -0.797    0.374   -0.229   -0.388    0.546    0.293
 538.20    4.624    4.652    4.678    0.511   -0.496   -0.376    0.511   -0.496    0.187   -0.192   -0.254    0.324    0.184
 538.30    4.338    4.407    4.521    0.780   -1.005   -0.662    0.780   -1.005    0.666   -0.517   -0.784    1.029    0.576
 538.40    4.241    4.282    4.456    0.588   -1.235   -0.759    0.588   -1.235    0.937   -0.446   -0.726    1.223    0.633
 538.50    3.903    3.904    4.002    0.094   -0.881   -1.097    0.094   -0.881    0.967   -0.103   -0.083    0.994    0.488
 538.60    4.166    4.189    4.290    0.438   -0.924   -0.834    0.438   -0.924    0.770   -0.365   -0.405    0.870    0.472
 538.70    4.110    4.161    4.251    0.651   -0.868   -0.890    0.651   -0.868    0.773   -0.580   -0.565    0.985    0.560
 538.80    3.603    3.740    3.805    1.001   -0.704   -1.397    1.001   -0.704    0.983   -1.398   -0.704    1.724    0.924
 538.90    3.440    3.607    3.681    1.084   -0.739   -1.560    1.084   -0.739    1.152   -1.691   -0.801    2.077    1.099
 539.00    3.709    3.894    4.056    1.185   -1.133   -1.291    1.185   -1.133    1.462   -1.529   -1.342    2.176    1.253
 539.10    3.657    3.741    3.939    0.786   -1.232   -1.343    0.786   -1.232    1.654   -1.056   -0.969    1.970    1.094
 539.20    3.370    3.394    3.554    0.404   -1.054   -1.630    0.404   -1.054    1.717   -0.658   -0.425    1.965    0.944
 539.30    3.536    3.570    3.869    0.491   -1.491   -1.464    0.491   -1.491    2.184   -0.719   -0.733    2.305    1.206
 539.40    3.380    3.396    3.449    0.327   -0.600   -1.620    0.327   -0.600    0.971   -0.529   -0.196    1.545    0.562
 539.50    3.022    3.022    3.107   -0.015   -0.722   -1.978   -0.015   -0.722    1.429    0.029    0.011    2.217    0.715
 539.60    3.334    3.334    3.407    0.036   -0.702   -1.666    0.036   -0.702    1.169   -0.060   -0.025    1.634    0.585
 539.70    3.228    3.284    3.349    0.604   -0.659   -1.772    0.604   -0.659    1.167   -1.070   -0.398    1.970    0.816
 539.80    3.259    3.259    3.262    0.046   -0.140   -1.741    0.046   -0.140    0.243   -0.080   -0.006    1.526    0.128
 539.90    3.435    3.439    3.439    0.145    0.071   -1.565    0.145    0.071   -0.111   -0.227    0.010    1.237    0.126
 540.00    3.737    3.742    3.742    0.195    0.026   -1.263    0.195    0.026   -0.033   -0.246    0.005    0.818    0.124
 540.10    3.996    4.000    4.000    0.191    0.004   -1.004    0.191    0.004   -0.004   -0.192    0.001    0.523    0.096
 540.20    3.996    3.996    3.996   -0.040   -0.028   -1.004   -0.040   -0.028    0.028    0.041    0.001    0.505    0.025
 540.30    4.202    4.203    4.213    0.120   -0.277   -0.798    0.120   -0.277    0.221   -0.096   -0.033    0.364    0.122
 540.40    4.341    4.372    4.377    0.516   -0.197   -0.659    0.516   -0.197    0.130   -0.340   -0.102    0.370    0.189
 540.50    4.103    4.181    4.202    0.803   -0.420   -0.897    0.803   -0.420    0.377   -0.720   -0.337    0.812    0.440
 540.60    4.141    4.220    4.252    0.814   -0.522   -0.859    0.814   -0.522    0.449   -0.700   -0.425    0.837    0.467
 540.70    4.388    4.493    4.575    0.965   -0.865   -0.612    0.965   -0.865    0.529   -0.590   -0.834    1.026    0.575
 540.80    4.219    4.396    4.470    1.235   -0.806   -0.781    1.235   -0.806    0.630   -0.964   -0.996    1.392    0.761
 540.90    4.271    4.422    4.475    1.144   -0.687   -0.729    1.144   -0.687    0.500   -0.834   -0.786    1.156    0.625
 541.00    4.134    4.261    4.286    1.032   -0.462   -0.866    1.032   -0.462    0.400   -0.893   -0.477    1.014    0.544
 541.10    4.500    4.600    4.601    0.956    0.029   -0.500    0.956    0.029   -0.014   -0.478    0.027    0.582    0.239
 541.20    4.659    4.744    4.749    0.893   -0.226   -0.341    0.893   -0.226    0.077   -0.305   -0.202    0.483    0.187
 541.30    4.475    4.635    4.635    1.206   -0.049   -0.525    1.206   -0.049    0.026   -0.633   -0.059    0.867    0.318
 541.40    4.385    4.507    4.538    1.041   -0.531   -0.615    1.041   -0.531    0.327   -0.640   -0.553    0.872    0.453
 541.50    4.206    4.295    4.300    0.869   -0.208   -0.794    0.869   -0.208    0.165   -0.690   -0.181    0.715    0.366
 541.60    4.293    4.476    4.480    1.268   -0.176   -0.707    1.268   -0.176    0.125   -0.897   -0.223    1.070    0.466
 541.70    4.263    4.358    4.378    0.907   -0.419   -0.737    0.907   -0.419    0.309   -0.668   -0.380    0.770    0.414
 541.80    4.352    4.421    4.424    0.781   -0.163   -0.648    0.781   -0.163    0.105   -0.506   -0.127    0.528    0.266
 541.90    4.801    4.835    4.835    0.571    0.018   -0.199    0.571    0.018   -0.004   -0.114    0.010    0.183    0.057
 542.00    4.409    4.414    4.414    0.223   -0.024   -0.591    0.223   -0.024    0.014   -0.132   -0.005    0.200    0.066
 542.10    4.258    4.297    4.297    0.572    0.036   -0.742    0.572    0.036   -0.027   -0.424    0.021    0.439    0.213
 542.20    4.099    4.152    4.155    0.660   -0.151   -0.901    0.660   -0.151    0.136   -0.594   -0.100    0.635    0.309
 542.30    4.059    4.134    4.135    0.783   -0.100   -0.941    0.783   -0.100    0.094   -0.737   -0.078    0.755    0.374
 542.40    4.154    4.250    4.255    0.896   -0.211   -0.846    0.896   -0.211    0.179   -0.758   -0.189    0.781    0.401
 542.50    4.100    4.276    4.276    1.214    0.019   -0.900    1.214    0.019   -0.017   -1.093    0.023    1.143    0.547
 542.60    4.064    4.117    4.118    0.658    0.096   -0.936    0.658    0.096   -0.090   -0.616    0.063    0.659    0.313
 542.70    4.331    4.414    4.415    0.851    0.078   -0.669    0.851    0.078   -0.052   -0.569    0.066    0.589    0.288
 542.80    4.292    4.410    4.421    1.011    0.316   -0.708    1.011    0.316   -0.224   -0.715    0.319    0.811    0.407
 542.90    4.499    4.535    4.539    0.573    0.183   -0.501    0.573    0.183   -0.092   -0.287    0.105    0.307    0.160
 543.00    4.511    4.627    4.629    1.026   -0.130   -0.489    1.026   -0.130    0.064   -0.501   -0.134    0.654    0.261
 543.10    4.610    4.653    4.685    0.633   -0.545   -0.390    0.633   -0.545    0.213   -0.247   -0.345    0.425    0.237
 543.20    5.089    5.183    5.184    0.986    0.092    0.089    0.986    0.092    0.008    0.087    0.091    0.494    0.063
 543.30    5.078    5.229    5.235    1.245    0.265    0.078    1.245    0.265    0.021    0.097    0.330    0.814    0.172
 543.40    5.066    5.273    5.273    1.462    0.086    0.066    1.462    0.086    0.006    0.096    0.125    1.075    0.079
 543.50    4.739    4.853    4.862    1.045    0.300   -0.261    1.045    0.300   -0.078   -0.272    0.314    0.625    0.211
 543.60    4.714    4.854    4.864    1.154   -0.317   -0.286    1.154   -0.317    0.091   -0.329   -0.366    0.757    0.250
 543.70    4.914    4.980    4.990    0.810   -0.305   -0.086    0.810   -0.305    0.026   -0.070   -0.247    0.378    0.129
 543.80    4.929    4.978    4.979    0.695   -0.098   -0.071    0.695   -0.098    0.007   -0.050   -0.068    0.249    0.042
 543.90    5.124    5.198    5.199    0.873   -0.080    0.124    0.873   -0.080   -0.010    0.108   -0.070    0.392    0.065
 544.00    5.275    5.344    5.345    0.859   -0.060    0.275    0.859   -0.060   -0.016    0.236   -0.051    0.409    0.121
 544.10    5.400    5.426    5.429    0.534   -0.183    0.400    0.534   -0.183   -0.073    0.214   -0.098    0.239    0.123
 544.20    5.472    5.494    5.505    0.484    0.358    0.472    0.484    0.358    0.169    0.228    0.173    0.293    0.167
 544.30    5.823    5.838    5.871    0.416    0.620    0.823    0.416    0.620    0.511    0.342    0.258    0.618    0.333
 544.40    5.945    5.946    5.955    0.082    0.339    0.945    0.082    0.339    0.320    0.078    0.028    0.507    0.165
 544.50    6.420    6.425    6.445   -0.235    0.509    1.420   -0.235    0.509    0.723   -0.334   -0.120    1.166    0.403
 544.60    6.359    6.373    6.383   -0.429    0.346    1.359   -0.429    0.346    0.470   -0.583   -0.149    1.075    0.382
 544.70    6.077    6.089    6.091   -0.386    0.156    1.077   -0.386    0.156    0.168   -0.415   -0.060    0.666    0.226
 544.80    6.309    6.313    6.317   -0.211    0.227    1.309   -0.211    0.227    0.298   -0.277   -0.048    0.905    0.205
 544.90    6.560    6.564    6.593   -0.224    0.612    1.560   -0.224    0.612    0.956   -0.349   -0.137    1.430    0.513
 545.00    6.314    6.314    6.332   -0.069    0.485    1.314   -0.069    0.485    0.637   -0.091   -0.034    0.983    0.322
 545.10    6.173    6.180    6.189   -0.293    0.332    1.173   -0.293    0.332    0.389   -0.344   -0.097    0.786    0.264
 545.20    5.842    5.844    5.855    0.153    0.359    0.842    0.153    0.359    0.303    0.128    0.055    0.431    0.167
 545.30    5.754    5.756    5.772    0.171    0.424    0.754    0.171    0.424    0.319    0.129    0.072    0.388    0.176
 545.40    5.617    5.624    5.651    0.288    0.548    0.617    0.288    0.548    0.338    0.178    0.158    0.382    0.206
 545.50    5.498    5.510    5.521    0.373    0.343    0.498    0.373    0.343    0.171    0.185    0.128    0.252    0.141
 545.60    5.679    5.679    5.699   -0.032    0.483    0.679   -0.032    0.483    0.328   -0.022   -0.016    0.348    0.164
 545.70    5.821    5.821    5.828   -0.022    0.283    0.821   -0.022    0.283    0.232   -0.018   -0.006    0.377    0.117
 545.80    5.680    5.720    5.725    0.680    0.230    0.680    0.680    0.230    0.156    0.462    0.156    0.489    0.256
 545.90    5.582    5.624    5.630    0.687    0.255    0.582    0.687    0.255    0.148    0.400    0.175    0.438    0.231
 546.00    5.627    5.655    5.655    0.562   -0.036    0.627    0.562   -0.036   -0.022    0.352   -0.020    0.355    0.177
 546.10    5.400    5.436    5.437    0.625   -0.107    0.400    0.625   -0.107   -0.043    0.250   -0.067    0.281    0.131
 546.20    5.155    5.168    5.183    0.355   -0.405    0.155    0.355   -0.405   -0.063    0.055   -0.144    0.157    0.083
 546.30    4.917    4.922    4.948    0.219   -0.503   -0.083    0.219   -0.503    0.042   -0.018   -0.110    0.154    0.059
 546.40    4.893    4.911    4.937   -0.418   -0.512   -0.107   -0.418   -0.512    0.055    0.045    0.214    0.224    0.113
 546.50    4.815    4.836    4.836   -0.448   -0.057   -0.185   -0.448   -0.057    0.010    0.083    0.025    0.119    0.044
 546.60    5.169    5.206    5.207   -0.617   -0.114    0.169   -0.617   -0.114   -0.019   -0.104    0.070    0.211    0.064
 546.70    5.061    5.087    5.088   -0.514    0.104    0.061   -0.514    0.104    0.006   -0.031   -0.053    0.139    0.031
 546.80    5.307    5.362    5.365   -0.763    0.188    0.307   -0.763    0.188    0.058   -0.234   -0.144    0.356    0.140
 546.90    5.246    5.278    5.278   -0.577    0.016    0.246   -0.577    0.016    0.004   -0.142   -0.009    0.197    0.071
 547.00    5.462    5.485    5.486   -0.497   -0.086    0.462   -0.497   -0.086   -0.040   -0.230    0.043    0.234    0.119
 547.10    5.682    5.730    5.731   -0.740   -0.114    0.682   -0.740   -0.114   -0.078   -0.504    0.084    0.513    0.259
 547.20    5.763    5.838    5.839   -0.932   -0.085    0.763   -0.932   -0.085   -0.065   -0.711    0.079    0.729    0.359
 547.30    5.920    5.982    5.987   -0.859   -0.255    0.920   -0.859   -0.255   -0.235   -0.790    0.219    0.825    0.427
 547.40    6.170    6.232    6.254   -0.883   -0.521    1.170   -0.883   -0.521   -0.609   -1.032    0.460    1.209    0.642
 547.50    6.441    6.530    6.572   -1.071   -0.746    1.441   -1.071   -0.746   -1.076   -1.543    0.799    1.891    1.022
 547.60    6.264    6.318    6.413   -0.824   -1.100    1.264   -0.824   -1.100   -1.391   -1.042    0.906    1.744    0.980
 547.70    6.112    6.182    6.357   -0.924   -1.481    1.112   -0.924   -1.481   -1.648   -1.028    1.369    2.143    1.188
 547.80    6.080    6.142    6.215   -0.868   -0.947    1.080   -0.868   -0.947   -1.023   -0.938    0.822    1.409    0.806
 547.90    6.437    6.476    6.510   -0.709   -0.666    1.437   -0.709   -0.666   -0.957   -1.019    0.472    1.506    0.738
 548.00    6.269    6.352    6.388   -1.020   -0.678    1.269   -1.020   -0.678   -0.860   -1.295    0.691    1.556    0.851
 548.10    6.628    6.707    6.720   -1.024   -0.427    1.628   -1.024   -0.427   -0.696   -1.667    0.438    1.941    0.929
 548.20    6.544    6.670    6.671   -1.289   -0.111    1.544   -1.289   -0.111   -0.172   -1.990    0.143    2.029    1.001
 548.30    6.453    6.538    6.554   -1.053    0.465    1.453   -1.053    0.465    0.675   -1.529   -0.489    1.717    0.871
 548.40    6.098    6.213    6.223   -1.190    0.352    1.098   -1.190    0.352    0.387   -1.306   -0.419    1.372    0.713
 548.50    6.204    6.335    6.341   -1.281    0.286    1.204   -1.281    0.286    0.344   -1.542   -0.366    1.586    0.811
 548.60    6.753    6.866    6.898   -1.238    0.667    1.753   -1.238    0.667    1.170   -2.170   -0.826    2.525    1.300
 548.70    6.519    6.588    6.606   -0.954    0.490    1.519   -0.954    0.490    0.744   -1.449   -0.468    1.729    0.847
 548.80    6.535    6.577    6.596   -0.745    0.505    1.535   -0.745    0.505    0.775   -1.143   -0.376    1.582    0.716
 548.90    6.170    6.199    6.225   -0.597    0.563    1.170   -0.597    0.563    0.659   -0.699   -0.336    1.022    0.509
 549.00    6.079    6.104    6.167   -0.552    0.880    1.079   -0.552    0.880    0.949   -0.595   -0.486    1.121    0.611
 549.10    5.951    6.022    6.093   -0.921    0.930    0.951   -0.921    0.930    0.885   -0.876   -0.856    1.309    0.755
 549.20    6.483    6.549    6.586   -0.928    0.696    1.483   -0.928    0.696    1.032   -1.376   -0.646    1.772    0.919
 549.30    6.662    6.743    6.775   -1.039    0.663    1.662   -1.039    0.663    1.101   -1.727   -0.688    2.140    1.080
 549.40    6.982    7.003    7.108   -0.545    1.217    1.982   -0.545    1.217    2.411   -1.079   -0.663    2.852    1.362
 549.50    6.747    6.777    6.822   -0.646    0.780    1.747   -0.646    0.780    1.363   -1.128   -0.504    2.038    0.920
 549.60    6.703    6.735    6.763   -0.654    0.618    1.703   -0.654    0.618    1.052   -1.114   -0.404    1.854    0.792
 549.70    6.427    6.448    6.509   -0.516    0.891    1.427   -0.516    0.891    1.272   -0.737   -0.460    1.548    0.770
 549.80    6.420    6.442    6.506   -0.534    0.907    1.420   -0.534    0.907    1.288   -0.759   -0.485    1.562    0.786
 549.90    6.470    6.487    6.531   -0.471    0.762    1.470   -0.471    0.762    1.120   -0.692   -0.359    1.481    0.682
 550.00    6.337    6.341    6.403   -0.245    0.883    1.337   -0.245    0.883    1.181   -0.328   -0.217    1.314    0.622
 550.10    6.146    6.150    6.181    0.211    0.623    1.146    0.211    0.623    0.714    0.242    0.131    0.873    0.382
 550.20    6.770    6.779    6.786    0.358    0.312    1.770    0.358    0.312    0.551    0.633    0.111    1.678    0.423
 550.30    6.603    6.604    6.649   -0.082    0.769    1.603   -0.082    0.769    1.233   -0.132   -0.063    1.585    0.621
 550.40    6.434    6.436    6.459   -0.186    0.543    1.434   -0.186    0.543    0.779   -0.266   -0.101    1.192    0.414
 550.50    6.294    6.298    6.310   -0.215    0.393    1.294   -0.215    0.393    0.508   -0.278   -0.084    0.938    0.293
 550.60    6.167    6.169    6.170   -0.152    0.128    1.167   -0.152    0.128    0.149   -0.177   -0.019    0.700    0.116
 550.70    6.032    6.040    6.060   -0.302    0.499    1.032   -0.302    0.499    0.515   -0.312   -0.151    0.703    0.310
 550.80    5.901    5.902    5.902   -0.070    0.004    0.901   -0.070    0.004    0.004   -0.063   -0.000    0.408    0.031
 550.90    6.012    6.016    6.016   -0.224    0.058    1.012   -0.224    0.058    0.059   -0.226   -0.013    0.539    0.117
 551.00    5.991    5.991    6.016   -0.081    0.547    0.991   -0.081    0.547    0.542   -0.080   -0.044    0.644    0.275
 551.10    5.791    5.795    5.809   -0.199    0.404    0.791   -0.199    0.404    0.320   -0.158   -0.080    0.415    0.183
 551.20    5.655    5.658    5.660   -0.190    0.130    0.655   -0.190    0.130    0.085   -0.125   -0.025    0.241    0.076
 551.30    5.592    5.603    5.606   -0.355    0.194    0.592   -0.355    0.194    0.115   -0.210   -0.069    0.257    0.125
 551.40    5.473    5.506    5.532   -0.606    0.535    0.473   -0.606    0.535    0.253   -0.286   -0.324    0.438    0.250
 551.50    5.646    5.692    5.700   -0.725    0.306    0.646   -0.725    0.306    0.197   -0.468   -0.222    0.518    0.277
 551.60    5.711    5.738    5.739   -0.558    0.109    0.711   -0.558    0.109    0.078   -0.396   -0.061    0.414    0.204
 551.70    5.726    5.738    5.748   -0.373    0.336    0.726   -0.373    0.336    0.244   -0.271   -0.125    0.389    0.193
 551.80    5.688    5.770    5.772   -0.965    0.178    0.688   -0.965    0.178    0.123   -0.664   -0.172    0.718    0.349
 551.90    5.852    5.940    5.940   -1.015    0.077    0.852   -1.015    0.077    0.066   -0.865   -0.078    0.882    0.436
 552.00    5.804    5.866    5.874   -0.850    0.312    0.804   -0.850    0.312    0.251   -0.683   -0.265    0.733    0.387
 552.10    5.825    5.939    5.949   -1.156    0.348    0.825   -1.156    0.348    0.287   -0.954   -0.402    1.070    0.537
 552.20    5.809    5.876    5.930   -0.887    0.796    0.809   -0.887    0.796    0.644   -0.718   -0.706    1.038    0.598
 552.30    5.724    5.768    5.858   -0.717    1.021    0.724   -0.717    1.021    0.739   -0.519   -0.731    1.040    0.581
 552.40    5.895    5.969    6.013   -0.935    0.724    0.895   -0.935    0.724    0.648   -0.837   -0.677    1.100    0.628
 552.50    5.914    6.008    6.009   -1.055    0.107    0.914   -1.055    0.107    0.098   -0.965   -0.113    0.981    0.488
 552.60    5.732    5.788    5.790   -0.804    0.142    0.732   -0.804    0.142    0.104   -0.589   -0.114    0.601    0.304
 552.70    5.951    5.976    5.977   -0.545    0.114    0.951   -0.545    0.114    0.109   -0.518   -0.062    0.607    0.267
 552.80    5.573    5.600    5.607   -0.556    0.275    0.573   -0.556    0.275    0.157   -0.318   -0.153    0.356    0.193
 552.90    5.511    5.532    5.533   -0.482    0.125    0.511   -0.482    0.125    0.064   -0.246   -0.060    0.255    0.131
 553.00    5.657    5.659    5.659   -0.158   -0.013    0.657   -0.158   -0.013   -0.009   -0.104    0.002    0.228    0.052
 553.10    5.907    5.910    5.913    0.206   -0.174    0.907    0.206   -0.174   -0.158    0.187   -0.036    0.447    0.124
 553.20    5.856    5.857    5.870    0.123   -0.393    0.856    0.123   -0.393   -0.336    0.105   -0.048    0.451    0.178
 553.30    5.796    5.797    5.806    0.049   -0.332    0.796    0.049   -0.332   -0.264    0.039   -0.016    0.373    0.134
 553.40    5.478    5.482    5.489    0.216   -0.271    0.478    0.216   -0.271   -0.130    0.103   -0.059    0.174    0.088
 553.50    5.559    5.560    5.588    0.051   -0.564    0.559    0.051   -0.564   -0.315    0.028   -0.029    0.317    0.159
 553.60    5.579    5.580    5.592   -0.127   -0.363    0.579   -0.127   -0.363   -0.210   -0.074    0.046    0.242    0.114
 553.70    5.620    5.624    5.628   -0.216    0.205    0.620   -0.216    0.205    0.127   -0.134   -0.044    0.237    0.095
 553.80    5.429    5.432    5.436   -0.176    0.203    0.429   -0.176    0.203    0.087   -0.075   -0.036    0.128    0.060
 553.90    5.569    5.575    5.582   -0.254    0.299    0.569   -0.254    0.299    0.170   -0.144   -0.076    0.239    0.118
 554.00    6.260    6.261    6.265    0.098    0.234    1.260    0.098    0.234    0.295    0.123    0.023    0.826    0.160
 554.10    6.064    6.064    6.064   -0.102   -0.003    1.064   -0.102   -0.003   -0.003   -0.109    0.000    0.571    0.054
 554.20    6.380    6.380    6.411   -0.083   -0.621    1.380   -0.083   -0.621   -0.857   -0.115    0.052    1.148    0.433
 554.30    6.605    6.616    6.628   -0.377   -0.405    1.605   -0.377   -0.405   -0.650   -0.606    0.153    1.441    0.451
 554.40    6.523    6.540    6.549   -0.472   -0.334    1.523   -0.472   -0.334   -0.509   -0.719    0.158    1.327    0.447
 554.50    6.169    6.182    6.191   -0.413   -0.320    1.169   -0.413   -0.320   -0.374   -0.483    0.132    0.819    0.312
 554.60    6.233    6.246    6.291   -0.395   -0.756    1.233   -0.395   -0.756   -0.932   -0.488    0.299    1.124    0.547
 554.70    6.531    6.534    6.596   -0.192   -0.898    1.531   -0.192   -0.898   -1.374   -0.293    0.172    1.594    0.708
 554.80    6.669    6.673    6.712   -0.228   -0.726    1.669   -0.228   -0.726   -1.212   -0.381    0.166    1.683    0.641
 554.90    6.658    6.661    6.682   -0.222   -0.523    1.658   -0.222   -0.523   -0.868   -0.369    0.116    1.536    0.475
 555.00    6.418    6.421    6.429   -0.207   -0.310    1.418   -0.207   -0.310   -0.439   -0.294    0.064    1.075    0.266
 555.10    6.783    6.785    6.788    0.147   -0.182    1.783    0.147   -0.182   -0.324    0.262   -0.027    1.618    0.209
 555.20    6.771    6.771    6.785    0.023   -0.440    1.771    0.023   -0.440   -0.780    0.041   -0.010    1.665    0.391
 555.30    6.862    6.874    6.896   -0.410   -0.541    1.862   -0.410   -0.541   -1.007   -0.764    0.222    1.964    0.642
 555.40    6.477    6.502    6.530   -0.568   -0.611    1.477   -0.568   -0.611   -0.902   -0.838    0.347    1.438    0.640
 555.50    6.268    6.337    6.354   -0.934   -0.458    1.268   -0.934   -0.458   -0.580   -1.185    0.428    1.345    0.693
 555.60    6.198    6.271    6.319   -0.954   -0.775    1.198   -0.954   -0.775   -0.929   -1.143    0.739    1.473    0.824
 555.70    6.300    6.374    6.401   -0.966   -0.589    1.300   -0.966   -0.589   -0.765   -1.256    0.569    1.485    0.788
 555.80    6.648    6.694    6.719   -0.782   -0.577    1.648   -0.782   -0.577   -0.952   -1.288    0.451    1.830    0.832
 555.90    6.499    6.563    6.580   -0.913   -0.473    1.499   -0.913   -0.473   -0.708   -1.369    0.432    1.652    0.800
 556.00    6.206    6.243    6.257   -0.676   -0.421    1.206   -0.676   -0.421   -0.508   -0.816    0.285    1.045    0.501
 556.10    6.129    6.136    6.137   -0.302   -0.130    1.129   -0.302   -0.130   -0.146   -0.341    0.039    0.691    0.187
 556.20    6.486    6.486    6.486    0.033   -0.054    1.486    0.033   -0.054   -0.080    0.048   -0.002    1.106    0.047
 556.30    6.720    6.721    6.722   -0.142    0.084    1.720   -0.142    0.084    0.144   -0.244   -0.012    1.493    0.142
 556.40    6.670    6.670    6.686    0.047    0.463    1.670    0.047    0.463    0.772    0.078    0.022    1.502    0.388
 556.50    6.572    6.574    6.574   -0.136    0.072    1.572   -0.136    0.072    0.114   -0.213   -0.010    1.248    0.121
 556.60    6.662    6.663    6.663   -0.139   -0.085    1.662   -0.139   -0.085   -0.141   -0.230    0.012    1.394    0.135
 556.70    6.904    6.916    6.918   -0.417   -0.161    1.904   -0.417   -0.161   -0.306   -0.793    0.067    1.912    0.426
 556.80    7.074    7.074    7.075   -0.042    0.024    2.074   -0.042    0.024    0.049   -0.087   -0.001    2.153    0.050
 556.90    6.827    6.846    6.848   -0.499   -0.191    1.827   -0.499   -0.191   -0.349   -0.912    0.095    1.813    0.491
 557.00    6.712    6.777    6.789   -0.940   -0.392    1.712   -0.940   -0.392   -0.671   -1.609    0.368    1.984    0.891
 557.10    6.427    6.438    6.472   -0.389   -0.659    1.427   -0.389   -0.659   -0.940   -0.555    0.257    1.311    0.561
 557.20    6.293    6.329    6.391   -0.669   -0.889    1.293   -0.669   -0.889   -1.149   -0.865    0.594    1.455    0.778
 557.30    6.113    6.133    6.201   -0.485   -0.922    1.113   -0.485   -0.922   -1.027   -0.540    0.448    1.163    0.622
 557.40    6.209    6.274    6.340   -0.900   -0.916    1.209   -0.900   -0.916   -1.107   -1.087    0.824    1.554    0.878
 557.50    6.527    6.595    6.615   -0.949   -0.507    1.527   -0.949   -0.507   -0.774   -1.449    0.481    1.744    0.856
 557.60    6.468    6.494    6.553   -0.574   -0.883    1.468   -0.574   -0.883   -1.296   -0.843    0.507    1.632    0.813
 557.70    6.823    6.834    6.835   -0.402   -0.067    1.823   -0.402   -0.067   -0.122   -0.734    0.027    1.744    0.372
 557.80    6.999    7.018    7.020   -0.518   -0.172    1.999   -0.518   -0.172   -0.343   -1.035    0.089    2.146    0.547
 557.90    7.042    7.112    7.122   -1.002   -0.377    2.042   -1.002   -0.377   -0.769   -2.045    0.377    2.656    1.108
 558.00    7.044    7.161    7.163   -1.288   -0.180    2.044   -1.288   -0.180   -0.369   -2.634    0.232    2.936    1.335
 558.10    7.086    7.178    7.184   -1.144   -0.307    2.086   -1.144   -0.307   -0.640   -2.387    0.351    2.877    1.248
 558.20    7.074    7.203    7.204   -1.357    0.088    2.074   -1.357    0.088    0.182   -2.814   -0.119    3.075    1.411
 558.30    7.282    7.395    7.396   -1.290    0.095    2.282   -1.290    0.095    0.218   -2.944   -0.123    3.441    1.478
 558.40    7.406    7.577    7.579   -1.598    0.195    2.406   -1.598    0.195    0.470   -3.846   -0.312    4.191    1.943
 558.50    7.234    7.393    7.405   -1.527    0.408    2.234   -1.527    0.408    0.911   -3.412   -0.623    3.745    1.793
 558.60    7.010    7.112    7.126   -1.198    0.446    2.010   -1.198    0.446    0.895   -2.409   -0.534    2.837    1.312
 558.70    6.852    6.923    6.941   -0.991    0.499    1.852   -0.991    0.499    0.924   -1.835   -0.495    2.330    1.057
 558.80    7.031    7.122    7.148   -1.136    0.614    2.031   -1.136    0.614    1.246   -2.307   -0.697    2.896    1.356
 558.90    7.035    7.138    7.146   -1.208    0.330    2.035   -1.208    0.330    0.672   -2.459   -0.399    2.856    1.290
 559.00    6.425    6.508    6.536   -1.035    0.603    1.425   -1.035    0.603    0.859   -1.476   -0.624    1.734    0.909
 559.10    6.455    6.560    6.614   -1.168    0.843    1.455   -1.168    0.843    1.227   -1.700   -0.984    2.096    1.158
 559.20    6.635    6.735    6.765   -1.156    0.637    1.635   -1.156    0.637    1.041   -1.889   -0.736    2.207    1.140
 559.30    6.595    6.649    6.699   -0.846    0.817    1.595   -0.846    0.817    1.303   -1.349   -0.691    1.963    0.999
 559.40    6.352    6.403    6.461   -0.809    0.860    1.352   -0.809    0.860    1.163   -1.093   -0.696    1.611    0.871
 559.50    6.002    6.083    6.152   -0.990    0.917    1.002   -0.990    0.917    0.919   -0.992   -0.908    1.413    0.814
 559.60    5.874    5.964    6.002   -1.034    0.672    0.874   -1.034    0.672    0.588   -0.904   -0.695    1.142    0.641
 559.70    6.101    6.259    6.279   -1.398    0.494    1.101   -1.398    0.494    0.544   -1.540   -0.691    1.706    0.886
 559.80    6.508    6.715    6.724   -1.654    0.356    1.508   -1.654    0.356    0.537   -2.495   -0.589    2.569    1.309
 559.90    6.099    6.334    6.349   -1.710    0.438    1.099   -1.710    0.438    0.481   -1.879   -0.749    2.162    1.040
 560.00    6.048    6.277    6.289   -1.679    0.393    1.048   -1.679    0.393    0.412   -1.760   -0.659    2.036    0.962
 560.10    6.128    6.491    6.497   -2.141    0.262    1.128   -2.141    0.262    0.295   -2.415   -0.560    2.962    1.248
 560.20    6.288    6.645    6.648   -2.149    0.173    1.288   -2.149    0.173    0.223   -2.769   -0.372    3.154    1.401
 560.30    6.727    7.123    7.123   -2.342   -0.098    1.727   -2.342   -0.098   -0.169   -4.044    0.230    4.238    2.027
 560.40    6.795    7.352    7.352   -2.805   -0.017    1.795   -2.805   -0.017   -0.031   -5.036    0.048    5.546    2.518
 560.50    6.840    7.346    7.348   -2.679   -0.197    1.840   -2.679   -0.197   -0.362   -4.928    0.528    5.300    2.485
 560.60    6.487    7.090    7.093   -2.863   -0.206    1.487   -2.863   -0.206   -0.306   -4.256    0.588    5.223    2.154
 560.70    6.349    7.059    7.067   -3.086   -0.334    1.349   -3.086   -0.334   -0.451   -4.163    1.032    5.729    2.156
 560.80    6.380    7.355    7.358   -3.659   -0.191    1.380   -3.659   -0.191   -0.264   -5.051    0.699    7.665    2.553
 560.90    6.511    7.532    7.541   -3.786   -0.362    1.511   -3.786   -0.362   -0.548   -5.722    1.372    8.376    2.955
 561.00    6.538    7.394    7.411   -3.453   -0.502    1.538   -3.453   -0.502   -0.772   -5.310    1.734    7.271    2.820
 561.10    6.784    7.617    7.639   -3.463   -0.581    1.784   -3.463   -0.581   -1.036   -6.177    2.012    7.756    3.289
 561.20    6.651    7.352    7.388   -3.133   -0.730    1.651   -3.133   -0.730   -1.205   -5.172    2.287    6.536    2.891
 561.30    6.693    7.511    7.528   -3.410   -0.506    1.693   -3.410   -0.506   -0.857   -5.772    1.726    7.376    3.043
 561.40    6.624    7.336    7.369   -3.152   -0.692    1.624   -3.152   -0.692   -1.124   -5.120    2.180    6.526    2.839
 561.50    6.679    7.216    7.220   -2.733   -0.241    1.679   -2.733   -0.241   -0.405   -4.588    0.659    5.173    2.326
 561.60    6.448    6.985    6.990   -2.687    0.253    1.448   -2.687    0.253    0.367   -3.891   -0.681    4.691    1.984
 561.70    6.588    7.185    7.192   -2.869    0.326    1.588   -2.869    0.326    0.518   -4.554   -0.935    5.428    2.339
 561.80    6.767    7.289    7.290   -2.710    0.067    1.767   -2.710    0.067    0.118   -4.788   -0.181    5.235    2.396
 561.90    6.666    7.254    7.277   -2.861    0.576    1.666   -2.861    0.576    0.959   -4.766   -1.647    5.646    2.567
 562.00    7.023    7.519    7.543   -2.686    0.599    2.023   -2.686    0.599    1.212   -5.434   -1.609    5.833    2.898
 562.10    7.227    7.506    7.514   -2.025    0.360    2.227   -2.025    0.360    0.802   -4.510   -0.730    4.596    2.320
 562.20    6.856    7.312    7.332   -2.541    0.541    1.856   -2.541    0.541    1.004   -4.716   -1.375    5.098    2.507
 562.30    6.770    7.218    7.244   -2.503    0.613    1.770   -2.503    0.613    1.085   -4.430   -1.535    4.887    2.406
 562.40    6.902    7.546    7.566   -3.052    0.543    1.902   -3.052    0.543    1.033   -5.803   -1.658    6.611    3.061
 562.50    6.932    7.526    7.547   -2.931    0.568    1.932   -2.931    0.568    1.098   -5.662   -1.666    6.323    3.002
 562.60    6.866    7.368    7.391   -2.675    0.582    1.866   -2.675    0.582    1.086   -4.990   -1.557    5.487    2.669
 562.70    6.502    6.989    7.002   -2.564    0.431    1.502   -2.564    0.431    0.647   -3.850   -1.104    4.506    2.028
 562.80    6.438    6.855    6.890   -2.353    0.697    1.438   -2.353    0.697    1.002   -3.384   -1.640    4.046    1.946
 562.90    6.550    6.970    6.983   -2.383    0.428    1.550   -2.383    0.428    0.663   -3.694   -1.019    4.132    1.945
 563.00    6.639    7.221    7.277   -2.840    0.895    1.639   -2.840    0.895    1.467   -4.656   -2.541    5.777    2.752
 563.10    6.479    6.907    6.958   -2.396    0.841    1.479   -2.396    0.841    1.243   -3.542   -2.014    4.316    2.130
 563.20    6.021    6.417    6.485   -2.217    0.942    1.021   -2.217    0.942    0.962   -2.264   -2.088    3.422    1.614
 563.30    6.051    6.508    6.598   -2.397    1.085    1.051   -2.397    1.085    1.140   -2.518   -2.601    4.014    1.898
 563.40    5.778    6.275    6.380   -2.447    1.150    0.778   -2.447    1.150    0.896   -1.905   -2.816    3.960    1.758
 563.50    5.782    6.214    6.341   -2.275    1.261    0.782   -2.275    1.261    0.987   -1.780   -2.869    3.690    1.759
 563.60    5.346    5.783    6.033   -2.204    1.718    0.346   -2.204    1.718    0.595   -0.763   -3.785    3.963    1.954
 563.70    5.417    5.978    6.140   -2.529    1.401    0.417   -2.529    1.401    0.584   -1.055   -3.543    4.266    1.871
 563.80    5.179    5.742    5.842   -2.478    1.079    0.179   -2.478    1.079    0.194   -0.445   -2.675    3.670    1.359
 563.90    5.190    5.671    5.791   -2.287    1.170    0.190   -2.287    1.170    0.222   -0.434   -2.676    3.317    1.360
 564.00    4.948    5.381    5.444   -2.116    0.826   -0.052   -2.116    0.826   -0.043    0.110   -1.748    2.580    0.876
 564.10    4.808    5.315    5.360   -2.266    0.691   -0.192   -2.266    0.691   -0.133    0.435   -1.565    2.824    0.815
 564.20    4.926    5.688    5.757   -2.845    0.888   -0.074   -2.845    0.888   -0.066    0.211   -2.526    4.443    1.268
 564.30    5.115    6.099    6.135   -3.321    0.665    0.115   -3.321    0.665    0.076   -0.381   -2.209    5.744    1.121
 564.40    5.117    6.026    6.073   -3.183    0.750    0.117   -3.183    0.750    0.088   -0.372   -2.388    5.354    1.209
 564.50    4.906    5.527    5.587   -2.546    0.817   -0.094   -2.546    0.817   -0.077    0.240   -2.081    3.579    1.048
 564.60    4.875    5.326    5.419   -2.146    1.000   -0.125   -2.146    1.000   -0.125    0.268   -2.146    2.810    1.083
 564.70    4.932    5.448    5.619   -2.314    1.374   -0.068   -2.314    1.374   -0.093    0.156   -3.179    3.623    1.592
 564.80    4.857    5.335    5.441   -2.209    1.068   -0.143   -2.209    1.068   -0.153    0.317   -2.358    3.019    1.192
 564.90    5.356    5.823    5.941   -2.284    1.179    0.356   -2.284    1.179    0.420   -0.814   -2.693    3.367    1.422
 565.00    5.152    5.764    5.935   -2.585    1.414    0.152   -2.585    1.414    0.215   -0.392   -3.655    4.353    1.841
 565.10    5.218    5.824    6.010   -2.588    1.484    0.218   -2.588    1.484    0.323   -0.563   -3.840    4.474    1.947
 565.20    5.471    6.049    6.171   -2.579    1.225    0.471   -2.579    1.225    0.577   -1.215   -3.159    4.187    1.717
 565.30    5.415    5.981    6.145   -2.539    1.412    0.415   -2.539    1.412    0.586   -1.054   -3.584    4.305    1.891
 565.40    5.417    5.823    6.021   -2.136    1.533    0.417   -2.136    1.533    0.639   -0.890   -3.274    3.543    1.726
 565.50    4.941    5.303    5.468   -1.926    1.335   -0.059   -1.926    1.335   -0.079    0.114   -2.571    2.747    1.287
 565.60    5.268    5.676    5.848   -2.114    1.409    0.268   -2.114    1.409    0.377   -0.566   -2.978    3.263    1.527
 565.70    5.001    5.480    5.683   -2.241    1.506    0.001   -2.241    1.506    0.001   -0.002   -3.374    3.644    1.687
 565.80    5.250    5.762    5.847   -2.375    0.993    0.250   -2.375    0.993    0.248   -0.594   -2.358    3.344    1.222
 565.90    5.177    5.605    5.674   -2.147    0.884    0.177   -2.147    0.884    0.157   -0.381   -1.899    2.712    0.971
 566.00    5.208    5.638    5.735   -2.160    1.050    0.208   -2.160    1.050    0.218   -0.449   -2.267    2.904    1.160
 566.10    5.354    5.656    5.727   -1.824    0.902    0.354   -1.824    0.902    0.319   -0.645   -1.645    2.133    0.898
 566.20    5.385    5.671    5.738   -1.778    0.874    0.385   -1.778    0.874    0.336   -0.684   -1.554    2.036    0.865
 566.30    5.079    5.361    5.426   -1.717    0.836    0.079   -1.717    0.836    0.066   -0.136   -1.436    1.827    0.722
 566.40    5.147    5.537    5.560   -2.039    0.507    0.147   -2.039    0.507    0.075   -0.301   -1.034    2.219    0.540
 566.50    5.222    5.672    5.698   -2.212    0.551    0.222   -2.212    0.551    0.122   -0.492   -1.218    2.624    0.660
 566.60    5.407    5.673    5.708   -1.717    0.629    0.407   -1.717    0.629    0.256   -0.699   -1.079    1.754    0.656
 566.70    5.626    6.001    6.029   -2.089    0.580    0.626   -2.089    0.580    0.363   -1.307   -1.213    2.546    0.910
 566.80    5.395    5.764    5.829   -2.030    0.864    0.395   -2.030    0.864    0.341   -0.802   -1.754    2.512    0.979
 566.90    5.091    5.510    5.539   -2.107    0.561    0.091   -2.107    0.561    0.051   -0.193   -1.183    2.381    0.600
 567.00    5.106    5.574    5.615   -2.236    0.679    0.106   -2.236    0.679    0.072   -0.236   -1.519    2.735    0.769
 567.10    4.841    5.379    5.395   -2.343    0.423   -0.159   -2.343    0.423   -0.067    0.372   -0.990    2.848    0.530
 567.20    4.761    5.106    5.131   -1.844    0.511   -0.239   -1.844    0.511   -0.122    0.440   -0.943    1.859    0.524
 567.30    4.600    5.004    5.013   -1.969    0.306   -0.400   -1.969    0.306   -0.123    0.788   -0.604    2.066    0.500
 567.40    4.735    5.189    5.191   -2.122   -0.150   -0.265   -2.122   -0.150    0.040    0.562    0.318    2.297    0.324
 567.50    4.702    5.026    5.028   -1.776    0.146   -0.298   -1.776    0.146   -0.044    0.529   -0.260    1.632    0.296
 567.60    4.381    4.690    4.699   -1.674    0.301   -0.619   -1.674    0.301   -0.186    1.037   -0.504    1.638    0.584
 567.70    4.752    5.124    5.127   -1.915    0.195   -0.248   -1.915    0.195   -0.048    0.474   -0.373    1.883    0.302
 567.80    4.802    5.215    5.218   -2.033   -0.181   -0.198   -2.033   -0.181    0.036    0.402    0.369    2.102    0.273
 567.90    5.038    5.293    5.378   -1.625   -0.952    0.038   -1.625   -0.952   -0.036   -0.061    1.546    1.774    0.774
 568.00    4.658    4.947    5.016   -1.664   -0.833   -0.342   -1.664   -0.833    0.285    0.569    1.386    1.790    0.762
 568.10    4.806    4.979    5.050   -1.299   -0.844   -0.194   -1.299   -0.844    0.163    0.251    1.095    1.218    0.568
 568.20    4.722    4.838    4.860   -1.056   -0.459   -0.278   -1.056   -0.459    0.128    0.294    0.485    0.702    0.291
 568.30    4.909    4.992    5.010   -0.907   -0.420   -0.091   -0.907   -0.420    0.038    0.083    0.381    0.504    0.196
 568.40    4.957    5.071    5.072   -1.071   -0.114   -0.043   -1.071   -0.114    0.005    0.046    0.122    0.581    0.065
 568.50    4.636    4.839    4.840   -1.387    0.128   -0.364   -1.387    0.128   -0.047    0.505   -0.178    1.036    0.269
 568.60    4.464    4.741    4.760   -1.595    0.425   -0.536   -1.595    0.425   -0.228    0.855   -0.678    1.506    0.557
 568.70    4.307    4.702    4.738   -1.886    0.585   -0.693   -1.886    0.585   -0.406    1.307   -1.104    2.191    0.879
 568.80    4.150    4.595    4.599   -1.974    0.192   -0.850   -1.974    0.192   -0.163    1.678   -0.379    2.328    0.864
 568.90    4.046    4.544    4.545   -2.070    0.068   -0.954   -2.070    0.068   -0.065    1.975   -0.140    2.599    0.991
 569.00    4.003    4.498    4.499   -2.053    0.047   -0.997   -2.053    0.047   -0.047    2.048   -0.097    2.606    1.025
 569.10    4.321    4.592    4.595   -1.554   -0.173   -0.679   -1.554   -0.173    0.118    1.055    0.269    1.453    0.548
 569.20    4.330    4.580    4.590   -1.493   -0.296   -0.670   -1.493   -0.296    0.198    1.000    0.442    1.383    0.556
 569.30    4.363    4.564    4.565   -1.341   -0.095   -0.637   -1.341   -0.095    0.060    0.854    0.127    1.106    0.433
 569.40    4.580    4.745    4.746   -1.240   -0.062   -0.420   -1.240   -0.062    0.026    0.520    0.077    0.858    0.263
 569.50    4.528    4.593    4.595   -0.773    0.099   -0.472   -0.773    0.099   -0.047    0.365   -0.076    0.415    0.188
 569.60    4.601    4.675    4.678   -0.826    0.187   -0.399   -0.826    0.187   -0.075    0.330   -0.154    0.438    0.186
 569.70    4.621    4.669    4.669   -0.668   -0.075   -0.379   -0.668   -0.075    0.028    0.253    0.050    0.298    0.130
 569.80    4.818    4.911    4.914   -0.955    0.169   -0.182   -0.955    0.169   -0.031    0.174   -0.162    0.487    0.120
 569.90    4.968    5.048    5.050   -0.892   -0.163   -0.032   -0.892   -0.163    0.005    0.028    0.145    0.412    0.074
 570.00    5.346    5.375    5.378   -0.565    0.167    0.346   -0.565    0.167    0.058   -0.195   -0.094    0.233    0.112
 570.10    5.103    5.153    5.161   -0.717    0.282    0.103   -0.717    0.282    0.029   -0.074   -0.202    0.302    0.109
 570.20    4.995    5.033    5.042   -0.619   -0.297   -0.005   -0.619   -0.297    0.002    0.003    0.184    0.236    0.092
 570.30    4.942    5.009    5.010   -0.818   -0.083   -0.058   -0.818   -0.083    0.005    0.047    0.068    0.340    0.041
 570.40    4.727    4.799    4.803   -0.829    0.195   -0.273   -0.829    0.195   -0.053    0.226   -0.162    0.400    0.142
 570.50    4.848    4.965    4.969   -1.071   -0.203   -0.152   -1.071   -0.203    0.031    0.163    0.218    0.606    0.137
 570.60    4.851    5.001    5.002   -1.218    0.049   -0.149   -1.218    0.049   -0.007    0.182   -0.059    0.754    0.096
 570.70    4.760    4.969    4.970   -1.428    0.012   -0.240   -1.428    0.012   -0.003    0.343   -0.018    1.049    0.172
 570.80    4.293    4.491    4.525   -1.319    0.554   -0.707   -1.319    0.554   -0.391    0.933   -0.731    1.274    0.624
 570.90    4.051    4.377    4.421   -1.659    0.622   -0.949   -1.659    0.622   -0.590    1.575   -1.032    2.019    0.986
 571.00    4.033    4.472    4.504   -1.934    0.531   -0.967   -1.934    0.531   -0.513    1.870   -1.026    2.478    1.097
 571.10    3.935    4.205    4.205   -1.484   -0.001   -1.065   -1.484   -0.001    0.001    1.581    0.002    1.669    0.791
 571.20    3.916    4.261    4.264   -1.678    0.156   -1.084   -1.678    0.156   -0.169    1.818   -0.262    2.006    0.922
 571.30    4.342    4.589    4.589   -1.485    0.040   -0.658   -1.485    0.040   -0.026    0.977   -0.060    1.320    0.490
 571.40    4.333    4.628    4.630   -1.625    0.155   -0.667   -1.625    0.155   -0.104    1.083   -0.252    1.554    0.559
 571.50    4.580    4.849    4.855   -1.593    0.239   -0.420   -1.593    0.239   -0.100    0.669   -0.380    1.385    0.388
 571.60    4.324    4.805    4.807   -2.095    0.151   -0.676   -2.095    0.151   -0.102    1.415   -0.316    2.433    0.727
 571.70    4.448    4.774    4.778   -1.734    0.195   -0.552   -1.734    0.195   -0.108    0.957   -0.339    1.675    0.510
 571.80    4.358    4.527    4.541   -1.229    0.350   -0.642   -1.229    0.350   -0.225    0.789   -0.430    1.022    0.463
 571.90    4.610    4.827    4.830   -1.431    0.158   -0.390   -1.431    0.158   -0.061    0.558   -0.225    1.113    0.302
 572.00    4.435    4.586    4.587   -1.167   -0.048   -0.565   -1.167   -0.048    0.027    0.659    0.056    0.842    0.331
 572.10    4.170    4.291    4.306   -1.010   -0.360   -0.830   -1.010   -0.360    0.299    0.838    0.363    0.919    0.481
 572.20    3.959    4.391    4.391   -1.899   -0.020   -1.041   -1.899   -0.020    0.021    1.978    0.038    2.346    0.989
 572.30    3.792    4.215    4.230   -1.839    0.354   -1.208   -1.839    0.354   -0.428    2.221   -0.652    2.484    1.177
 572.40    3.775    4.014    4.019   -1.364    0.196   -1.225   -1.364    0.196   -0.240    1.671   -0.268    1.700    0.855
 572.50    3.796    4.217    4.236   -1.836    0.399   -1.204   -1.836    0.399   -0.480    2.210   -0.732    2.490    1.189
 572.60    3.902    4.248    4.249   -1.680   -0.020   -1.098   -1.680   -0.020    0.022    1.844    0.034    2.013    0.922
 572.70    3.878    4.276    4.279   -1.803   -0.143   -1.122   -1.803   -0.143    0.160    2.023    0.258    2.264    1.023
 572.80    3.788    3.999    4.016   -1.281   -0.366   -1.212   -1.281   -0.366    0.444    1.553    0.470    1.622    0.841
 572.90    3.758    3.982    3.988   -1.314   -0.227   -1.242   -1.314   -0.227    0.282    1.631    0.298    1.660    0.841
 573.00    3.779    4.002    4.003   -1.316    0.106   -1.221   -1.316    0.106   -0.129    1.606   -0.139    1.616    0.809
 573.10    3.695    4.110    4.114   -1.800   -0.169   -1.305   -1.800   -0.169    0.220    2.348    0.304    2.485    1.189
 573.20    3.742    4.175    4.177   -1.852   -0.127   -1.258   -1.852   -0.127    0.160    2.329    0.236    2.513    1.173
 573.30    4.059    4.590    4.592   -2.143    0.136   -0.941   -2.143    0.136   -0.128    2.016   -0.291    2.747    1.021
 573.40    4.452    5.062    5.066   -2.409    0.207   -0.548   -2.409    0.207   -0.113    1.321   -0.498    3.074    0.708
 573.50    4.773    5.376    5.435   -2.475    0.792   -0.227   -2.475    0.792   -0.180    0.562   -1.960    3.402    1.024
 573.60    4.912    5.511    5.574   -2.499    0.837   -0.088   -2.499    0.837   -0.074    0.220   -2.093    3.478    1.053
 573.70    4.716    5.157    5.230   -2.087    0.871   -0.284   -2.087    0.871   -0.247    0.593   -1.818    2.598    0.964
 573.80    4.459    4.693    4.706   -1.463    0.346   -0.541   -1.463    0.346   -0.187    0.791   -0.506    1.277    0.479
 573.90    4.632    4.726    4.729   -0.938    0.176   -0.368   -0.938    0.176   -0.065    0.345   -0.165    0.523    0.194
 574.00    4.542    4.743    4.786   -1.364    0.638   -0.458   -1.364    0.638   -0.292    0.624   -0.870    1.239    0.555
 574.10    4.194    4.465    4.553   -1.532    0.890   -0.806   -1.532    0.890   -0.717    1.234   -1.363    1.893    0.987
 574.20    3.669    3.980    4.120   -1.543    1.065   -1.331   -1.543    1.065   -1.418    2.054   -1.643    2.643    1.494
 574.30    3.830    4.149    4.162   -1.594    0.333   -1.170   -1.594    0.333   -0.390    1.865   -0.531    2.010    0.989
 574.40    3.805    4.079    4.081   -1.472   -0.105   -1.195   -1.472   -0.105    0.125    1.759    0.154    1.803    0.885
 574.50    3.374    3.733    3.743   -1.596   -0.275   -1.626   -1.596   -0.275    0.447    2.595    0.438    2.633    1.335
 574.60    3.951    4.239    4.242   -1.537    0.167   -1.049   -1.537    0.167   -0.175    1.613   -0.257    1.745    0.821
 574.70    3.887    4.168    4.200   -1.506    0.519   -1.113   -1.506    0.519   -0.578    1.677   -0.782    1.889    0.969
 574.80    3.777    3.992    4.062   -1.294    0.751   -1.223   -1.294    0.751   -0.919    1.583   -0.972    1.867    1.036
 574.90    3.566    3.803    4.002   -1.320    1.249   -1.434   -1.320    1.249   -1.791    1.894   -1.649    2.680    1.542
 575.00    3.912    4.071    4.274   -1.124    1.303   -1.088   -1.124    1.303   -1.418    1.222   -1.465    2.072    1.188
 575.10    3.986    4.162    4.252   -1.200    0.869   -1.014   -1.200    0.869   -0.882    1.217   -1.043    1.612    0.915
 575.20    3.808    3.985    4.004   -1.172    0.396   -1.192   -1.172    0.396   -0.471    1.397   -0.464    1.476    0.773
 575.30    3.474    3.690    3.701   -1.244    0.286   -1.526   -1.244    0.286   -0.437    1.898   -0.356    1.978    0.990
 575.40    3.723    3.807    3.813   -0.795    0.211   -1.277   -0.795    0.211   -0.270    1.015   -0.168    1.154    0.532
 575.50    3.983    4.114    4.115   -1.030   -0.127   -1.017   -1.030   -0.127    0.129    1.048    0.130    1.056    0.532
 575.60    3.743    3.775    3.775   -0.488   -0.047   -1.257   -0.488   -0.047    0.059    0.613    0.023    0.910    0.308
 575.70    3.792    3.829    3.842   -0.527    0.321   -1.208   -0.527    0.321   -0.388    0.637   -0.170    0.920    0.382
 575.80    3.937    4.003    4.006   -0.723    0.159   -1.063   -0.723    0.159   -0.169    0.769   -0.115    0.839    0.398
 575.90    4.031    4.119    4.119   -0.847   -0.066   -0.969   -0.847   -0.066    0.064    0.821    0.056    0.831    0.413
 576.00    3.971    4.055    4.055   -0.823   -0.029   -1.029   -0.823   -0.029    0.030    0.847    0.024    0.869    0.424
 576.10    4.019    4.105    4.112   -0.835    0.252   -0.981   -0.835    0.252   -0.247    0.820   -0.210    0.862    0.441
 576.20    3.605    3.737    3.783   -0.987    0.585   -1.395   -0.987    0.585   -0.816    1.378   -0.577    1.632    0.851
 576.30    3.472    3.683    3.686   -1.228    0.144   -1.528   -1.228    0.144   -0.219    1.877   -0.176    1.932    0.949
 576.40    3.762    4.041    4.056   -1.476    0.346   -1.238   -1.476    0.346   -0.428    1.828   -0.510    1.916    0.973
 576.50    3.566    3.860    3.870   -1.475    0.281   -1.434   -1.475    0.281   -0.403    2.115   -0.415    2.155    1.096
 576.60    3.299    3.664    3.666   -1.594   -0.116   -1.701   -1.594   -0.116    0.197    2.710    0.184    2.722    1.362
 576.70    3.540    4.067    4.104   -2.001   -0.550   -1.460   -2.001   -0.550    0.803    2.921    1.100    3.219    1.611
 576.80    3.828    4.277    4.310   -1.909   -0.528   -1.172   -1.909   -0.528    0.619    2.238    1.008    2.648    1.266
 576.90    4.150    4.501    4.542   -1.742   -0.608   -0.850   -1.742   -0.608    0.517    1.480    1.060    2.063    0.946
 577.00    4.230    4.552    4.586   -1.683   -0.559   -0.770   -1.683   -0.559    0.430    1.296    0.940    1.868    0.829
 577.10    4.224    4.426    4.507   -1.324   -0.848   -0.776   -1.324   -0.848    0.659    1.028    1.123    1.537    0.829
 577.20    4.063    4.371    4.437   -1.612   -0.763   -0.937   -1.612   -0.763    0.715    1.511    1.230    2.030    1.038
 577.30    4.293    4.575    4.598   -1.583   -0.450   -0.707   -1.583   -0.450    0.318    1.119    0.712    1.604    0.682
 577.40    4.044    4.263    4.279   -1.348   -0.375   -0.956   -1.348   -0.375    0.358    1.288    0.505    1.435    0.715
 577.50    3.694    4.012    4.055   -1.566   -0.585   -1.306   -1.566   -0.585    0.764    2.044    0.917    2.249    1.184
 577.60    3.833    4.218    4.282   -1.761   -0.735   -1.167   -1.761   -0.735    0.857    2.054    1.294    2.501    1.287
 577.70    4.189    4.516    4.640   -1.687   -1.068   -0.811   -1.687   -1.068    0.866    1.368    1.801    2.321    1.211
 577.80    4.037    4.432    4.585   -1.829   -1.173   -0.963   -1.829   -1.173    1.130    1.761    2.146    2.824    1.498
 577.90    3.936    4.414    4.589   -1.998   -1.256   -1.064   -1.998   -1.256    1.336    2.125    2.510    3.350    1.775
 578.00    4.369    4.930    5.130   -2.283   -1.421   -0.631   -2.283   -1.421    0.896    1.439    3.243    3.813    1.830
 578.10    3.855    4.375    4.569   -2.068   -1.317   -1.145   -2.068   -1.317    1.508    2.367    2.724    3.661    1.956
 578.20    3.643    4.075    4.191   -1.827   -0.978   -1.357   -1.827   -0.978    1.327    2.479    1.786    3.068    1.666
 578.30    3.643    4.085    4.169   -1.849   -0.833   -1.357   -1.849   -0.833    1.131    2.510    1.541    2.978    1.578
 578.40    4.173    4.420    4.460   -1.458   -0.593   -0.827   -1.458   -0.593    0.490    1.206    0.864    1.580    0.781
 578.50    3.957    4.167    4.260   -1.308   -0.885   -1.043   -1.308   -0.885    0.924    1.365    1.159    1.792    1.007
 578.60    3.802    4.037    4.105   -1.357   -0.744   -1.198   -1.357   -0.744    0.891    1.625    1.010    1.915    1.055
 578.70    3.634    3.755    3.871   -0.943   -0.943   -1.366   -0.943   -0.943    1.288    1.288    0.890    1.822    1.014
 578.80    3.827    3.949    4.059   -0.976   -0.938   -1.173   -0.976   -0.938    1.101    1.145    0.916    1.605    0.917
 578.90    3.699    3.777    3.897   -0.764   -0.960   -1.301   -0.764   -0.960    1.249    0.995    0.734    1.599    0.879
 579.00    3.514    3.650    3.713   -0.988   -0.681   -1.486   -0.988   -0.681    1.012    1.468    0.672    1.824    0.953
 579.10    3.193    3.327    3.413   -0.935   -0.762   -1.807   -0.935   -0.762    1.376    1.689    0.712    2.359    1.146
 579.20    3.015    3.281    3.468   -1.295   -1.122   -1.985   -1.295   -1.122    2.226    2.570    1.452    3.437    1.849
 579.30    3.382    3.705    3.757   -1.513   -0.621   -1.618   -1.513   -0.621    1.005    2.449    0.940    2.647    1.404
 579.40    3.529    3.944    3.947   -1.761   -0.160   -1.471   -1.761   -0.160    0.235    2.591    0.282    2.646    1.308
 579.50    3.551    4.067    4.072   -1.983   -0.206   -1.449   -1.983   -0.206    0.298    2.873    0.408    3.037    1.459
 579.60    3.442    3.920    3.920   -1.877    0.001   -1.558   -1.877    0.001   -0.002    2.925   -0.003    2.976    1.462
 579.70    3.506    4.129    4.129   -2.182   -0.006   -1.494   -2.182   -0.006    0.008    3.261    0.012    3.497    1.630
 579.80    3.238    3.880    3.887   -2.138   -0.228   -1.762   -2.138   -0.228    0.402    3.768    0.488    3.865    1.911
 579.90    3.202    3.703    3.714   -1.858   -0.297   -1.798   -1.858   -0.297    0.534    3.341    0.552    3.387    1.714
 580.00    3.117    3.549    3.570   -1.695   -0.385   -1.883   -1.695   -0.385    0.725    3.192    0.653    3.284    1.669
 580.10    2.936    3.554    3.593   -2.002   -0.534   -2.064   -2.002   -0.534    1.102    4.131    1.069    4.275    2.203
 580.20    3.278    3.770    3.770   -1.864    0.025   -1.722   -1.864    0.025   -0.043    3.210   -0.047    3.220    1.605
 580.30    2.830    3.463    3.471   -1.995   -0.233   -2.170   -1.995   -0.233    0.506    4.329    0.465    4.371    2.192
 580.40    3.050    3.711    3.723   -2.114   -0.304   -1.950   -2.114   -0.304    0.593    4.123    0.642    4.182    2.107
 580.50    2.615    3.542    3.552   -2.390   -0.265   -2.385   -2.390   -0.265    0.633    5.700    0.634    5.735    2.885
 580.60    2.522    3.437    3.511   -2.335   -0.716   -2.478   -2.335   -0.716    1.774    5.786    1.672    6.052    3.139
 580.70    2.645    3.072    3.152   -1.562   -0.707   -2.355   -1.562   -0.707    1.664    3.677    1.104    4.242    2.092
 580.80    2.564    3.032    3.097   -1.617   -0.633   -2.436   -1.617   -0.633    1.542    3.939    1.024    4.475    2.176
 580.90    2.633    3.145    3.163   -1.721   -0.338   -2.367   -1.721   -0.338    0.801    4.074    0.582    4.340    2.096
 581.00    2.487    3.223    3.299   -2.051   -0.704   -2.513   -2.051   -0.704    1.771    5.154    1.445    5.509    2.819
 581.10    2.498    3.393    3.460   -2.296   -0.678   -2.502   -2.296   -0.678    1.696    5.745    1.557    5.996    3.094
 581.20    2.636    3.512    3.589   -2.321   -0.739   -2.364   -2.321   -0.739    1.747    5.488    1.715    5.762    3.005
 581.30    2.401    3.270    3.293   -2.220   -0.391   -2.599   -2.220   -0.391    1.015    5.769    0.867    5.917    2.960
 581.40    2.391    3.215    3.280   -2.149   -0.649   -2.609   -2.149   -0.649    1.692    5.606    1.394    5.922    3.010
 581.50    2.222    3.326    3.394   -2.475   -0.678   -2.778   -2.475   -0.678    1.884    6.875    1.678    7.151    3.662
 581.60    2.632    3.320    3.325   -2.023    0.179   -2.368   -2.023    0.179   -0.425    4.791   -0.363    4.866    2.412
 581.70    2.599    3.311    3.420   -2.051    0.856   -2.401   -2.051    0.856   -2.056    4.924   -1.756    5.352    2.809
 581.80    2.381    3.166    3.232   -2.086    0.648   -2.619   -2.086    0.648   -1.696    5.464   -1.351    5.815    2.939
 581.90    2.380    3.194    3.205   -2.130    0.272   -2.620   -2.130    0.272   -0.713    5.580   -0.580    5.738    2.828
 582.00    2.721    3.644    3.644   -2.424    0.018   -2.279   -2.424    0.018   -0.041    5.523   -0.044    5.534    2.762
 582.10    2.650    3.196    3.229   -1.787   -0.460   -2.350   -1.787   -0.460    1.081    4.199    0.822    4.463    2.206
 582.20    2.562    3.212    3.254   -1.938   -0.519   -2.438   -1.938   -0.519    1.266    4.723    1.006    4.983    2.496
 582.30    2.416    3.042    3.091   -1.849   -0.549   -2.584   -1.849   -0.549    1.418    4.779    1.015    5.200    2.544
 582.40    2.664    3.200    3.251   -1.773   -0.573   -2.336   -1.773   -0.573    1.339    4.140    1.016    4.463    2.234
 582.50    2.136    2.856    2.942   -1.896   -0.708   -2.864   -1.896   -0.708    2.028    5.432    1.342    6.151    2.976
 582.60    2.085    2.681    2.729   -1.685   -0.511   -2.915   -1.685   -0.511    1.489    4.913    0.861    5.799    2.603
 582.70    2.316    2.740    2.788   -1.465   -0.515   -2.684   -1.465   -0.515    1.381    3.931    0.754    4.807    2.117
 582.80    2.508    2.810    2.910   -1.267   -0.757   -2.492   -1.267   -0.757    1.886    3.158    0.959    4.195    1.900
 582.90    2.711    2.933    2.954   -1.119   -0.349   -2.289   -1.119   -0.349    0.799    2.562    0.391    3.307    1.356
 583.00    2.594    2.813    2.830   -1.089   -0.315   -2.406   -1.089   -0.315    0.757    2.621    0.343    3.538    1.375
 583.10    2.830    3.108    3.123   -1.285   -0.311   -2.170   -1.285   -0.311    0.674    2.788    0.399    3.228    1.448
 583.20    3.186    3.340    3.430   -1.004   -0.778   -1.814   -1.004   -0.778    1.411    1.820    0.781    2.452    1.216
 583.30    3.266    3.354    3.407   -0.765   -0.601   -1.734   -0.765   -0.601    1.043    1.326    0.460    1.977    0.874
 583.40    3.224    3.268    3.308   -0.532   -0.515   -1.776   -0.532   -0.515    0.914    0.944    0.274    1.851    0.671
 583.50    3.005    3.034    3.251   -0.416   -1.167   -1.995   -0.416   -1.167    2.327    0.831    0.486    2.757    1.259
 583.60    3.050    3.111    3.389   -0.615   -1.342   -1.950   -0.615   -1.342    2.617    1.199    0.825    2.991    1.497
 583.70    2.996    3.022    3.141   -0.392   -0.859   -2.004   -0.392   -0.859    1.721    0.786    0.337    2.454    0.961
 583.80    2.603    2.605    2.627   -0.099   -0.342   -2.397   -0.099   -0.342    0.820    0.238    0.034    2.937    0.427
 583.90    2.074    2.086    2.086    0.223   -0.002   -2.926    0.223   -0.002    0.005   -0.654   -0.000    4.307    0.327
 584.00    2.308    2.338    2.338    0.369    0.054   -2.692    0.369    0.054   -0.146   -0.992    0.020    3.692    0.502
 584.10    2.674    2.740    2.768    0.594   -0.398   -2.326    0.594   -0.398    0.925   -1.381   -0.236    2.959    0.839
 584.20    2.831    2.995    3.081    0.978   -0.721   -2.169    0.978   -0.721    1.565   -2.122   -0.706    3.092    1.365
 584.30    2.481    2.602    2.688    0.782   -0.676   -2.519    0.782   -0.676    1.703   -1.971   -0.529    3.707    1.329
 584.40    2.699    2.743    2.825    0.489   -0.673   -2.301    0.489   -0.673    1.547   -1.125   -0.329    2.992    0.971
 584.50    2.743    2.789    2.790    0.505   -0.047   -2.257    0.505   -0.047    0.107   -1.141   -0.024    2.676    0.573
 584.60    2.904    2.928    2.934    0.374   -0.189   -2.096    0.374   -0.189    0.397   -0.784   -0.071    2.284    0.441
 584.70    2.799    2.812    2.843    0.275   -0.419   -2.201    0.275   -0.419    0.923   -0.606   -0.115    2.549    0.555
 584.80    2.919    2.928    2.953    0.224   -0.389   -2.081    0.224   -0.389    0.809   -0.465   -0.087    2.266    0.469
 584.90    3.008    3.009    3.023   -0.100   -0.289   -1.992   -0.100   -0.289    0.576    0.199    0.029    2.032    0.305
 585.00    3.000    3.001    3.023    0.066   -0.367   -2.000    0.066   -0.367    0.733   -0.131   -0.024    2.069    0.373
 585.10    3.489    3.493    3.612    0.174   -0.920   -1.511    0.174   -0.920    1.390   -0.262   -0.160    1.580    0.712
 585.20    3.546    3.549    3.665   -0.144   -0.914   -1.454   -0.144   -0.914    1.328    0.209    0.131    1.485    0.676
 585.30    3.431    3.461    3.501   -0.456   -0.526   -1.569   -0.456   -0.526    0.826    0.715    0.240    1.473    0.559
 585.40    3.663    3.664    3.785   -0.102   -0.949   -1.337   -0.102   -0.949    1.268    0.136    0.096    1.349    0.640
 585.50    3.560    3.562    3.597    0.117   -0.498   -1.440    0.117   -0.498    0.717   -0.169   -0.058    1.168    0.370
 585.60    3.443    3.444    3.454    0.074   -0.267   -1.557    0.074   -0.267    0.416   -0.115   -0.020    1.251    0.216
 585.70    3.066    3.094    3.095    0.411   -0.082   -1.934    0.411   -0.082    0.160   -0.794   -0.034    1.958    0.406
 585.80    3.104    3.186    3.186    0.717   -0.003   -1.896    0.717   -0.003    0.006   -1.359   -0.002    2.055    0.680
 585.90    3.315    3.357    3.360    0.527   -0.134   -1.685    0.527   -0.134    0.225   -0.888   -0.071    1.567    0.459
 586.00    3.155    3.184    3.184    0.425   -0.069   -1.845    0.425   -0.069    0.127   -0.783   -0.029    1.794    0.397
 586.10    3.174    3.254    3.255    0.718    0.065   -1.826    0.718    0.065   -0.119   -1.312    0.047    1.927    0.659
 586.20    3.036    3.183    3.189    0.956   -0.199   -1.964    0.956   -0.199    0.391   -1.878   -0.190    2.406    0.964
 586.30    3.282    3.409    3.435    0.920   -0.422   -1.718    0.920   -0.422    0.725   -1.580   -0.388    1.987    0.891
 586.40    3.391    3.488    3.489    0.818    0.077   -1.609    0.818    0.077   -0.124   -1.315    0.063    1.631    0.661
 586.50    3.279    3.425    3.429    0.988    0.170   -1.721    0.988    0.170   -0.292   -1.700    0.168    1.983    0.866
 586.60    3.237    3.368    3.381    0.930    0.300   -1.763    0.930    0.300   -0.528   -1.640    0.279    2.032    0.873
 586.70    3.144    3.438    3.483    1.390    0.557   -1.856    1.390    0.557   -1.034   -2.579    0.774    2.843    1.442
 586.80    3.285    3.543    3.593    1.328    0.596   -1.715    1.328    0.596   -1.023   -2.278    0.792    2.531    1.310
 586.90    3.181    3.369    3.419    1.108    0.582   -1.819    1.108    0.582   -1.059   -2.016    0.645    2.438    1.183
 587.00    3.129    3.245    3.247    0.861    0.088   -1.871    0.861    0.088   -0.164   -1.610    0.075    2.124    0.810
 587.10    3.342    3.442    3.446    0.827    0.147   -1.658    0.827    0.147   -0.244   -1.372    0.122    1.728    0.699
 587.20    3.319    3.391    3.398    0.694    0.219   -1.681    0.694    0.219   -0.368   -1.167    0.152    1.678    0.617
 587.30    3.335    3.400    3.431    0.661    0.456   -1.665    0.661    0.456   -0.760   -1.100    0.302    1.708    0.685
 587.40    3.328    3.413    3.523    0.758    0.874   -1.672    0.758    0.874   -1.461   -1.267    0.663    2.067    1.022
 587.50    3.490    3.508    3.607    0.361    0.840   -1.510    0.361    0.840   -1.269   -0.545    0.303    1.559    0.707
 587.60    3.544    3.563    3.606    0.361    0.557   -1.456    0.361    0.557   -0.810   -0.525    0.201    1.279    0.493
 587.70    3.326    3.385    3.433    0.629    0.570   -1.674    0.629    0.570   -0.954   -1.053    0.358    1.761    0.733
 587.80    3.314    3.425    3.509    0.865    0.762   -1.686    0.865    0.762   -1.284   -1.458    0.659    2.086    1.026
 587.90    3.476    3.659    3.757    1.145    0.851   -1.524    1.145    0.851   -1.298   -1.746    0.975    2.180    1.192
 588.00    3.735    3.940    4.013    1.256    0.763   -1.265    1.256    0.763   -0.965   -1.589    0.958    1.880    1.046
 588.10    4.183    4.373    4.422    1.277    0.655   -0.817    1.277    0.655   -0.536   -1.044    0.837    1.365    0.721
 588.20    3.960    4.068    4.072    0.930    0.176   -1.040    0.930    0.176   -0.183   -0.967    0.164    0.989    0.499
 588.30    3.913    4.047    4.055    1.033    0.253   -1.087    1.033    0.253   -0.275   -1.122    0.262    1.156    0.592
 588.40    3.336    3.716    3.719    1.636    0.152   -1.664    1.636    0.152   -0.253   -2.722    0.249    2.734    1.372
 588.50    3.252    3.694    3.697    1.752    0.154   -1.748    1.752    0.154   -0.270   -3.061    0.270    3.073    1.543
 588.60    3.446    3.860    3.889    1.741    0.471   -1.554    1.741    0.471   -0.732   -2.706    0.820    2.835    1.461
 588.70    3.561    3.815    3.820    1.370    0.197   -1.439    1.370    0.197   -0.283   -1.971    0.269    1.993    1.005
 588.80    3.937    4.254    4.254    1.611   -0.014   -1.063    1.611   -0.014    0.015   -1.713   -0.023    1.863    0.856
 588.90    3.687    3.922    3.933    1.338    0.299   -1.313    1.338    0.299   -0.393   -1.756    0.400    1.802    0.922
 589.00    3.479    3.576    3.596    0.827    0.378   -1.521    0.827    0.378   -0.575   -1.258    0.313    1.570    0.709
 589.10    3.347    3.510    3.512    1.056   -0.114   -1.653    1.056   -0.114    0.188   -1.745   -0.120    1.930    0.880
 589.20    3.566    3.765    3.767    1.208    0.141   -1.434    1.208    0.141   -0.203   -1.732    0.171    1.768    0.876
 589.30    3.399    3.506    3.523    0.860    0.349   -1.601    0.860    0.349   -0.558   -1.377    0.300    1.712    0.758
 589.40    3.345    3.431    3.433    0.767    0.107   -1.655    0.767    0.107   -0.178   -1.269    0.082    1.670    0.642
 589.50    3.683    3.880    3.880    1.221   -0.007   -1.317    1.221   -0.007    0.009   -1.609   -0.008    1.613    0.804
 589.60    3.922    4.097    4.099    1.184   -0.106   -1.078    1.184   -0.106    0.114   -1.276   -0.125    1.287    0.643
 589.70    4.135    4.336    4.350    1.303   -0.354   -0.865    1.303   -0.354    0.306   -1.126   -0.461    1.285    0.628
 589.80    4.032    4.353    4.361    1.642   -0.266   -0.968    1.642   -0.266    0.258   -1.589   -0.437    1.851    0.834
 589.90    3.518    3.939    3.968    1.772   -0.476   -1.482    1.772   -0.476    0.705   -2.627   -0.843    2.782    1.424
 590.00    3.711    3.954    3.999    1.364   -0.599   -1.289    1.364   -0.599    0.772   -1.759   -0.817    1.941    1.044
 590.10    3.945    4.216    4.242    1.488   -0.468   -1.055    1.488   -0.468    0.494   -1.570   -0.697    1.773    0.893
 590.20    4.355    4.563    4.563    1.362   -0.063   -0.645    1.362   -0.063    0.040   -0.879   -0.085    1.138    0.442
 590.30    4.175    4.471    4.494    1.601   -0.452   -0.825    1.601   -0.452    0.373   -1.322   -0.724    1.725    0.776
 590.40    3.929    4.390    4.465    1.959   -0.815   -1.071    1.959   -0.815    0.873   -2.098   -1.596    2.824    1.388
 590.50    3.838    4.210    4.313    1.731   -0.937   -1.162    1.731   -0.937    1.089   -2.011   -1.622    2.611    1.402
 590.60    3.749    4.048    4.059    1.527   -0.298   -1.251    1.527   -0.298    0.373   -1.911   -0.456    1.993    1.000
 590.70    4.055    4.436    4.444    1.800   -0.259   -0.945    1.800   -0.259    0.245   -1.701   -0.466    2.100    0.890
 590.80    3.778    4.098    4.133    1.588   -0.535   -1.222    1.588   -0.535    0.654   -1.941   -0.850    2.151    1.109
 590.90    3.341    3.577    3.583    1.277   -0.211   -1.659    1.277   -0.211    0.350   -2.120   -0.269    2.215    1.083
 591.00    3.153    3.524    3.581    1.573   -0.636   -1.847    1.573   -0.636    1.174   -2.905   -1.000    3.145    1.645
 591.10    2.844    3.238    3.277    1.549   -0.502   -2.156    1.549   -0.502    1.082   -3.339   -0.777    3.649    1.798
 591.20    3.095    3.419    3.479    1.453   -0.643   -1.905    1.453   -0.643    1.226   -2.767   -0.935    3.076    1.584
 591.30    3.191    3.507    3.589    1.456   -0.761   -1.809    1.456   -0.761    1.377   -2.634   -1.108    2.986    1.586
 591.40    3.371    3.579    3.593    1.201   -0.317   -1.629    1.201   -0.317    0.516   -1.957   -0.381    2.098    1.030
 591.50    3.494    3.797    3.798    1.486    0.094   -1.506    1.486    0.094   -0.142   -2.238    0.140    2.243    1.123
 591.60    3.739    3.827    3.834    0.816   -0.233   -1.261    0.816   -0.233    0.294   -1.030   -0.190    1.156    0.544
 591.70    4.053    4.125    4.131    0.768   -0.214   -0.947    0.768   -0.214    0.203   -0.727   -0.164    0.765    0.386
 591.80    3.762    3.804    3.858    0.564   -0.644   -1.238    0.564   -0.644    0.797   -0.699   -0.363    1.133    0.560
 591.90    3.511    3.536    3.602    0.423   -0.684   -1.489    0.423   -0.684    1.019   -0.629   -0.289    1.433    0.616
 592.00    3.479    3.579    3.601    0.839   -0.397   -1.521    0.839   -0.397    0.604   -1.276   -0.334    1.587    0.726
 592.10    3.348    3.413    3.441    0.667   -0.439   -1.652    0.667   -0.439    0.725   -1.101   -0.293    1.684    0.675
 592.20    3.375    3.523    3.581    1.012   -0.640   -1.625    1.012   -0.640    1.040   -1.646   -0.648    2.038    1.026
 592.30    3.536    3.606    3.647    0.709   -0.542   -1.464    0.709   -0.542    0.793   -1.038   -0.384    1.470    0.681
 592.40    3.661    3.721    3.764    0.666   -0.566   -1.339    0.666   -0.566    0.757   -0.891   -0.377    1.278    0.614
 592.50    3.451    3.501    3.504    0.586   -0.150   -1.549    0.586   -0.150    0.232   -0.908   -0.088    1.382    0.470
 592.60    3.269    3.336    3.360    0.662   -0.404   -1.731    0.662   -0.404    0.698   -1.145   -0.267    1.798    0.684
 592.70    3.590    3.665    3.693    0.737   -0.457   -1.410    0.737   -0.457    0.644   -1.040   -0.337    1.370    0.634
 592.80    3.313    3.456    3.496    0.985   -0.525   -1.687    0.985   -0.525    0.886   -1.662   -0.517    2.046    0.976
 592.90    3.410    3.495    3.525    0.766   -0.461   -1.590    0.766   -0.461    0.732   -1.218   -0.353    1.664    0.732
 593.00    3.490    3.525    3.594    0.499   -0.698   -1.510    0.499   -0.698    1.054   -0.753   -0.348    1.508    0.671
 593.10    3.342    3.377    3.468    0.488   -0.788   -1.658    0.488   -0.788    1.307   -0.810   -0.385    1.805    0.793
 593.20    2.975    2.994    3.067    0.342   -0.663   -2.025    0.342   -0.663    1.342   -0.692   -0.227    2.329    0.764
 593.30    3.180    3.207    3.273    0.410   -0.658   -1.820    0.410   -0.658    1.198   -0.746   -0.270    1.956    0.718
 593.40    3.318    3.356    3.381    0.500   -0.413   -1.682    0.500   -0.413    0.694   -0.841   -0.206    1.624    0.555
 593.50    3.566    3.630    3.658    0.681   -0.451   -1.434    0.681   -0.451    0.647   -0.977   -0.307    1.362    0.606
 593.60    3.683    3.713    3.746    0.468   -0.495   -1.317    0.468   -0.495    0.652   -0.616   -0.232    1.099    0.463
 593.70    3.693    3.734    3.757    0.552   -0.420   -1.307    0.552   -0.420    0.549   -0.721   -0.232    1.095    0.468
 593.80    3.730    3.782    3.841    0.628   -0.667   -1.270    0.628   -0.667    0.848   -0.798   -0.419    1.226    0.618
 593.90    3.964    4.109    4.147    1.078   -0.566   -1.036    1.078   -0.566    0.586   -1.117   -0.610    1.278    0.701
 594.00    3.969    4.022    4.041    0.654   -0.390   -1.031    0.654   -0.390    0.403   -0.675   -0.255    0.822    0.413
 594.10    4.274    4.464    4.468    1.289    0.179   -0.726    1.289    0.179   -0.130   -0.936    0.231    1.110    0.486
 594.20    4.388    4.572    4.577    1.285    0.219   -0.612    1.285    0.219   -0.134   -0.787    0.281    1.037    0.423
 594.30    4.257    4.462    4.463    1.337   -0.086   -0.743    1.337   -0.086    0.064   -0.993   -0.115    1.173    0.501
 594.40    4.223    4.383    4.398    1.172   -0.361   -0.777    1.172   -0.361    0.281   -0.910   -0.424    1.053    0.521
 594.50    4.286    4.406    4.408    1.020   -0.145   -0.714    1.020   -0.145    0.104   -0.728   -0.148    0.786    0.375
 594.60    4.121    4.138    4.155    0.375   -0.372   -0.879    0.375   -0.372    0.327   -0.330   -0.139    0.526    0.242
 594.70    4.106    4.130    4.135    0.443   -0.214   -0.894    0.443   -0.214    0.191   -0.397   -0.095    0.521    0.225
 594.80    4.299    4.323    4.324    0.458   -0.072   -0.701    0.458   -0.072    0.051   -0.321   -0.033    0.353    0.163
 594.90    4.669    4.687    4.687    0.407   -0.013   -0.331    0.407   -0.013    0.004   -0.135   -0.005    0.138    0.067
 595.00    4.753    4.762    4.777    0.297   -0.371   -0.247    0.297   -0.371    0.092   -0.073   -0.110    0.143    0.080
 595.10    4.585    4.640    4.648    0.713   -0.267   -0.415    0.713   -0.267    0.111   -0.296   -0.190    0.376    0.184
 595.20    4.160    4.258    4.291    0.909   -0.528   -0.840    0.909   -0.528    0.443   -0.764   -0.480    0.906    0.503
 595.30    4.110    4.134    4.136    0.440   -0.141   -0.890    0.440   -0.141    0.125   -0.391   -0.062    0.502    0.208
 595.40    4.159    4.264    4.264    0.939    0.058   -0.841    0.939    0.058   -0.049   -0.789    0.054    0.795    0.396
 595.50    4.293    4.330    4.335    0.566   -0.218   -0.707    0.566   -0.218    0.154   -0.401   -0.124    0.434    0.223
 595.60    4.651    4.674    4.710    0.464   -0.577   -0.349    0.464   -0.577    0.201   -0.162   -0.268    0.335    0.186
 595.70    4.458    4.482    4.499    0.458   -0.389   -0.542    0.458   -0.389    0.211   -0.248   -0.178    0.327    0.185
 595.80    4.747    4.770    4.771    0.476   -0.048   -0.253    0.476   -0.048    0.012   -0.121   -0.023    0.146    0.062
 595.90    4.510    4.570    4.574    0.733    0.212   -0.490    0.733    0.212   -0.104   -0.359    0.155    0.411    0.202
 596.00    4.445    4.577    4.609    1.092    0.545   -0.555    1.092    0.545   -0.302   -0.606    0.595    0.899    0.451
 596.10    4.767    4.838    4.900    0.824    0.780   -0.233    0.824    0.780   -0.182   -0.192    0.643    0.671    0.348
 596.20    4.440    4.481    4.565    0.602    0.870   -0.560    0.602    0.870   -0.487   -0.337    0.524    0.716    0.395
 596.30    4.348    4.367    4.374    0.402    0.248   -0.652    0.402    0.248   -0.162   -0.262    0.100    0.324    0.162
 596.40    4.401    4.411    4.412    0.299    0.097   -0.599    0.299    0.097   -0.058   -0.179    0.029    0.229    0.095
 596.50    4.249    4.279    4.290    0.506    0.297   -0.751    0.506    0.297   -0.223   -0.380    0.150    0.454    0.233
 596.60    3.858    3.954    3.958    0.866    0.173   -1.142    0.866    0.173   -0.197   -0.990    0.150    1.043    0.510
 596.70    3.989    4.148    4.148    1.137    0.030   -1.011    1.137    0.030   -0.030   -1.150    0.034    1.159    0.576
 596.80    3.873    4.105    4.108    1.362    0.142   -1.127    1.362    0.142   -0.160   -1.535    0.193    1.572    0.777
 596.90    3.570    3.694    3.704    0.949    0.279   -1.430    0.949    0.279   -0.398   -1.357    0.264    1.511    0.719
 597.00    3.580    3.589    3.611    0.248    0.400   -1.420    0.248    0.400   -0.568   -0.353    0.099    1.119    0.338
 597.10    3.746    3.829    3.836    0.794    0.230   -1.254    0.794    0.230   -0.288   -0.995    0.182    1.127    0.526
 597.20    4.292    4.398    4.417    0.960   -0.408   -0.708    0.960   -0.408    0.289   -0.680   -0.392    0.795    0.418
 597.30    4.217    4.266    4.289    0.643   -0.443   -0.783    0.643   -0.443    0.347   -0.503   -0.285    0.611    0.337
 597.40    4.541    4.596    4.598    0.705   -0.160   -0.459    0.705   -0.160    0.074   -0.324   -0.113    0.367    0.175
 597.50    4.966    5.011    5.027    0.671   -0.409   -0.034    0.671   -0.409    0.014   -0.023   -0.275    0.310    0.138
 597.60    4.785    4.847    4.857    0.772   -0.317   -0.215    0.772   -0.317    0.068   -0.166   -0.245    0.371    0.152
 597.70    4.859    4.886    4.894    0.512   -0.275   -0.141    0.512   -0.275    0.039   -0.072   -0.141    0.179    0.082
 597.80    4.413    4.439    4.453    0.484    0.347   -0.587    0.484    0.347   -0.204   -0.284    0.168    0.349    0.194
 597.90    4.023    4.050    4.062    0.472    0.315   -0.977    0.472    0.315   -0.308   -0.461    0.149    0.639    0.287
 598.00    3.779    3.801    3.806    0.409   -0.184   -1.221    0.409   -0.184    0.224   -0.499   -0.075    0.845    0.276
 598.10    3.888    3.900    3.900    0.299    0.035   -1.112    0.299    0.035   -0.039   -0.333    0.011    0.663    0.168
 598.20    3.967    3.977    3.977    0.278    0.004   -1.033    0.278    0.004   -0.005   -0.288    0.001    0.572    0.144
 598.30    3.732    3.760    3.764    0.463    0.170   -1.268    0.463    0.170   -0.215   -0.587    0.078    0.926    0.315
 598.40    3.630    3.668    3.673    0.524    0.183   -1.370    0.524    0.183   -0.250   -0.718    0.096    1.092    0.383
 598.50    3.888    3.919    3.920    0.498   -0.038   -1.112    0.498   -0.038    0.042   -0.554   -0.019    0.743    0.278
 598.60    4.112    4.121    4.138    0.272   -0.375   -0.888    0.272   -0.375    0.333   -0.241   -0.102    0.501    0.212
 598.70    4.151    4.151    4.151    0.046   -0.037   -0.849    0.046   -0.037    0.031   -0.039   -0.002    0.362    0.025
 598.80    4.239    4.250    4.250    0.305   -0.041   -0.761    0.305   -0.041    0.032   -0.232   -0.013    0.337    0.117
 598.90    4.183    4.210    4.220    0.477    0.285   -0.817    0.477    0.285   -0.233   -0.389    0.136    0.488    0.237
 599.00    4.266    4.290    4.296    0.452    0.242   -0.734    0.452    0.242   -0.178   -0.332    0.109    0.401    0.196
 599.10    3.839    3.851    3.910    0.301    0.677   -1.161    0.301    0.677   -0.785   -0.350    0.204    0.948    0.442
 599.20    3.686    3.708    3.745    0.404    0.526   -1.314    0.404    0.526   -0.691   -0.531    0.213    1.083    0.448
 599.30    3.875    3.976    4.127    0.887    1.106   -1.125    0.887    1.106   -1.243   -0.998    0.981    1.637    0.936
 599.40    4.594    4.657    4.696    0.764    0.601   -0.406    0.764    0.601   -0.244   -0.310    0.459    0.555    0.303
 599.50    4.921    5.043    5.062    1.105    0.431   -0.079    1.105    0.431   -0.034   -0.088    0.477    0.707    0.243
 599.60    5.306    5.411    5.424    1.061    0.381    0.306    1.061    0.381    0.116    0.324    0.404    0.682    0.265
 599.70    5.430    5.526    5.574    1.024    0.733    0.430    1.024    0.733    0.315    0.441    0.750    0.885    0.463
 599.80    5.590    5.727    5.782    1.244    0.795    0.590    1.244    0.795    0.469    0.734    0.989    1.264    0.659
 599.90    5.654    5.803    5.841    1.304    0.671    0.654    1.304    0.671    0.439    0.853    0.874    1.289    0.649
 600.00    5.177    5.402    5.442    1.542    0.663    0.177    1.542    0.663    0.117    0.273    1.022    1.425    0.532
 600.10    5.327    5.516    5.518    1.430   -0.142    0.327    1.430   -0.142   -0.047    0.468   -0.203    1.086    0.256
 600.20    5.263    5.466    5.491    1.475   -0.528    0.263    1.475   -0.528   -0.139    0.387   -0.780    1.262    0.441
 600.30    5.296    5.453    5.464    1.298   -0.348    0.296    1.298   -0.348   -0.103    0.384   -0.452    0.947    0.301
 600.40    5.476    5.643    5.644    1.363   -0.072    0.476    1.363   -0.072   -0.034    0.649   -0.099    1.045    0.329
 600.50    5.457    5.598    5.614    1.246   -0.428    0.457    1.246   -0.428   -0.196    0.570   -0.533    0.972    0.402
 600.60    5.751    5.950    5.956    1.524   -0.279    0.751    1.524   -0.279   -0.210    1.145   -0.425    1.482    0.619
 600.70    5.788    5.932    5.936    1.299   -0.239    0.788    1.299   -0.239   -0.189    1.023   -0.311    1.182    0.543
 600.80    5.561    5.841    5.852    1.789   -0.357    0.561    1.789   -0.357   -0.200    1.003   -0.638    1.821    0.603
 600.90    5.142    5.424    5.435    1.727   -0.338    0.142    1.727   -0.338   -0.048    0.245   -0.584    1.559    0.318
 601.00    5.024    5.185    5.222    1.281   -0.624    0.024    1.281   -0.624   -0.015    0.031   -0.799    1.015    0.400
 601.10    5.289    5.371    5.386    0.935   -0.406    0.289    0.935   -0.406   -0.117    0.270   -0.379    0.561    0.240
 601.20    5.525    5.591    5.601    0.855   -0.331    0.525    0.855   -0.331   -0.174    0.449   -0.283    0.558    0.279
 601.30    5.599    5.702    5.716    1.077   -0.395    0.599    1.077   -0.395   -0.237    0.646   -0.426    0.838    0.404
 601.40    5.584    5.670    5.700    0.982   -0.586    0.584    0.982   -0.586   -0.342    0.574   -0.575    0.824    0.441
 601.50    5.404    5.501    5.518    1.031   -0.426    0.404    1.031   -0.426   -0.172    0.416   -0.440    0.704    0.315
 601.60    4.963    5.089    5.090    1.123   -0.106   -0.037    1.123   -0.106    0.004   -0.041   -0.118    0.637    0.063
 601.70    4.820    4.926    4.928    1.015    0.140   -0.180    1.015    0.140   -0.025   -0.183    0.142    0.541    0.116
 601.80    4.648    4.709    4.720    0.754    0.318   -0.352    0.754    0.318   -0.112   -0.265    0.240    0.397    0.187
 601.90    4.645    4.670    4.756    0.481    0.905   -0.355    0.481    0.905   -0.321   -0.171    0.435    0.588    0.283
 602.00    4.905    4.905    5.029   -0.075    1.109   -0.095   -0.075    1.109   -0.106    0.007   -0.083    0.622    0.067
 602.10    5.148    5.159    5.312    0.331    1.269    0.148    0.331    1.269    0.188    0.049    0.420    0.871    0.231
 602.20    5.126    5.132    5.213    0.256    0.913    0.126    0.256    0.913    0.115    0.032    0.234    0.457    0.131
 602.30    4.942    4.950    4.956    0.280    0.257   -0.058    0.280    0.257   -0.015   -0.016    0.072    0.074    0.038
 602.40    5.017    5.044    5.055    0.519    0.337    0.017    0.519    0.337    0.006    0.009    0.175    0.192    0.088
 602.50    4.900    4.904    4.927    0.185    0.480   -0.100    0.185    0.480   -0.048   -0.018    0.089    0.138    0.051
 602.60    4.987    4.992    5.000    0.211    0.296   -0.013    0.211    0.296   -0.004   -0.003    0.062    0.066    0.031
 602.70    4.981    4.983    4.987    0.119   -0.204   -0.019    0.119   -0.204    0.004   -0.002   -0.024    0.028    0.012
 602.80    5.104    5.128    5.130   -0.497    0.136    0.104   -0.497    0.136    0.014   -0.052   -0.068    0.138    0.043
 602.90    5.143    5.158    5.162   -0.395   -0.188    0.143   -0.395   -0.188   -0.027   -0.057    0.074    0.106    0.049
 603.00    5.291    5.316    5.327   -0.516   -0.349    0.291   -0.516   -0.349   -0.101   -0.150    0.180    0.236    0.128
 603.10    5.408    5.471    5.483   -0.825   -0.364    0.408   -0.825   -0.364   -0.148   -0.337    0.300    0.490    0.237
 603.20    4.886    4.938    4.965   -0.715   -0.516   -0.114   -0.715   -0.516    0.059    0.082    0.369    0.395    0.191
 603.30    5.187    5.198    5.230   -0.330   -0.580    0.187   -0.330   -0.580   -0.108   -0.062    0.192    0.240    0.114
 603.40    5.006    5.016    5.026   -0.313   -0.321    0.006   -0.313   -0.321   -0.002   -0.002    0.100    0.100    0.050
 603.50    4.676    4.676    4.685    0.033   -0.283   -0.324    0.033   -0.283    0.092   -0.011   -0.009    0.093    0.046
 603.60    4.908    4.918    4.919   -0.306   -0.124   -0.092   -0.306   -0.124    0.011    0.028    0.038    0.059    0.024
 603.70    5.000    5.035    5.051   -0.599   -0.399   -0.000   -0.599   -0.399    0.000    0.000    0.239    0.259    0.119
 603.80    5.123    5.147    5.148   -0.493    0.124    0.123   -0.493    0.124    0.015   -0.061   -0.061    0.137    0.044
 603.90    4.950    4.999    5.001   -0.693   -0.159   -0.050   -0.693   -0.159    0.008    0.034    0.110    0.254    0.058
 604.00    5.031    5.119    5.123   -0.947   -0.204    0.031   -0.947   -0.204   -0.006   -0.029    0.193    0.470    0.098
 604.10    5.278    5.316    5.326   -0.637    0.323    0.278   -0.637    0.323    0.090   -0.177   -0.206    0.294    0.143
 604.20    5.473    5.505    5.505   -0.594    0.002    0.473   -0.594    0.002    0.001   -0.281   -0.001    0.288    0.140
 604.30    5.546    5.554    5.557   -0.288   -0.180    0.546   -0.288   -0.180   -0.098   -0.158    0.052    0.207    0.096
 604.40    5.620    5.629    5.643   -0.324   -0.403    0.620   -0.324   -0.403   -0.250   -0.201    0.130    0.326    0.173
 604.50    5.369    5.386    5.391   -0.426   -0.232    0.369   -0.426   -0.232   -0.085   -0.157    0.099    0.186    0.102
 604.60    5.190    5.215    5.215   -0.509    0.011    0.190   -0.509    0.011    0.002   -0.097   -0.005    0.148    0.049
 604.70    5.069    5.114    5.117   -0.678   -0.186    0.069   -0.678   -0.186   -0.013   -0.047    0.126    0.250    0.067
 604.80    5.105    5.195    5.206   -0.963   -0.340    0.105   -0.963   -0.340   -0.036   -0.101    0.327    0.527    0.172
 604.90    4.776    4.858    4.858   -0.889   -0.006   -0.224   -0.889   -0.006    0.001    0.200    0.006    0.420    0.100
 605.00    4.916    4.931    4.937   -0.383    0.250   -0.084   -0.383    0.250   -0.021    0.032   -0.096    0.108    0.052
 605.10    4.699    4.704    4.709   -0.198    0.224   -0.301   -0.198    0.224   -0.067    0.060   -0.044    0.090    0.050
 605.20    4.728    4.728    4.729   -0.035    0.070   -0.272   -0.035    0.070   -0.019    0.010   -0.002    0.040    0.011
 605.30    4.832    4.832    4.833   -0.024    0.097   -0.168   -0.024    0.097   -0.016    0.004   -0.002    0.019    0.008
 605.40    4.858    4.865    4.874   -0.254    0.295   -0.142   -0.254    0.295   -0.042    0.036   -0.075    0.086    0.046
 605.50    4.962    4.967    4.998   -0.224    0.550   -0.038   -0.224    0.550   -0.021    0.008   -0.123    0.177    0.063
 605.60    5.123    5.123    5.123   -0.039    0.015    0.123   -0.039    0.015    0.002   -0.005   -0.001    0.008    0.003
 605.70    5.124    5.124    5.126   -0.083   -0.129    0.124   -0.083   -0.129   -0.016   -0.010    0.011    0.019    0.011
 605.80    5.090    5.096    5.104    0.237    0.279    0.090    0.237    0.279    0.025    0.021    0.066    0.071    0.037
 605.90    5.454    5.459    5.459   -0.245    0.002    0.454   -0.245    0.002    0.001   -0.111   -0.000    0.133    0.056
 606.00    5.506    5.506    5.525   -0.091   -0.455    0.506   -0.091   -0.455   -0.230   -0.046    0.042    0.236    0.119
 606.10    5.644    5.646    5.674   -0.143   -0.571    0.644   -0.143   -0.571   -0.368   -0.092    0.082    0.381    0.194
 606.20    5.405    5.413    5.428   -0.299   -0.401    0.405   -0.299   -0.401   -0.163   -0.121    0.120    0.207    0.118
 606.30    5.029    5.053    5.080   -0.492   -0.526    0.029   -0.492   -0.526   -0.015   -0.014    0.258    0.259    0.130
 606.40    5.087    5.102    5.125   -0.392   -0.487    0.087   -0.392   -0.487   -0.042   -0.034    0.191    0.199    0.099
 606.50    4.985    5.015    5.081   -0.551   -0.812   -0.015   -0.551   -0.812    0.012    0.008    0.448    0.482    0.224
 606.60    4.914    4.931    5.013   -0.413   -0.903   -0.086   -0.413   -0.903    0.078    0.035    0.373    0.497    0.191
 606.70    4.897    4.900    5.121   -0.174   -1.488   -0.103   -0.174   -1.488    0.153    0.018    0.259    1.127    0.151
 606.80    5.182    5.196    5.372   -0.380   -1.364    0.182   -0.380   -1.364   -0.248   -0.069    0.519    1.020    0.289
 606.90    5.134    5.134    5.340    0.016   -1.470    0.134    0.016   -1.470   -0.197    0.002   -0.023    1.089    0.099
 607.00    5.475    5.480    5.590    0.218   -1.106    0.475    0.218   -1.106   -0.526    0.104   -0.241    0.748    0.294
 607.10    5.515    5.515    5.647   -0.025   -1.214    0.515   -0.025   -1.214   -0.625   -0.013    0.030    0.869    0.313
 607.20    5.304    5.321    5.408   -0.423   -0.966    0.304   -0.423   -0.966   -0.294   -0.129    0.409    0.602    0.260
 607.30    5.298    5.399    5.437   -1.035   -0.649    0.298   -1.035   -0.649   -0.194   -0.309    0.672    0.791    0.382
 607.40    4.973    5.020    5.025   -0.684   -0.240   -0.027   -0.684   -0.240    0.007    0.019    0.164    0.263    0.083
 607.50    5.046    5.095    5.130   -0.705   -0.596    0.046   -0.705   -0.596   -0.028   -0.033    0.420    0.427    0.211
 607.60    5.412    5.439    5.541   -0.536   -1.059    0.412   -0.536   -1.059   -0.437   -0.221    0.568    0.790    0.375
 607.70    5.361    5.370    5.442   -0.311   -0.883    0.361   -0.311   -0.883   -0.318   -0.112    0.274    0.503    0.218
 607.80    5.407    5.421    5.524   -0.393   -1.063    0.407   -0.393   -1.063   -0.432   -0.160    0.417    0.724    0.311
 607.90    5.485    5.485    5.590    0.006   -1.075    0.485    0.006   -1.075   -0.522    0.003   -0.007    0.696    0.261
 608.00    5.290    5.291    5.458    0.049   -1.342    0.290    0.049   -1.342   -0.390    0.014   -0.066    0.944    0.198
 608.10    5.589    5.597    5.718    0.287   -1.169    0.589    0.287   -1.169   -0.689    0.169   -0.335    0.898    0.392
 608.20    5.899    5.900    5.953    0.133   -0.789    0.899    0.133   -0.789   -0.709    0.119   -0.105    0.724    0.363
 608.30    6.093    6.105    6.150   -0.393   -0.741    1.093   -0.393   -0.741   -0.810   -0.429    0.291    0.949    0.481
 608.40    5.750    5.765    5.852   -0.409   -1.009    0.750   -0.409   -1.009   -0.757   -0.307    0.413    0.874    0.458
 608.50    5.795    5.796    5.874   -0.096   -0.951    0.795   -0.096   -0.951   -0.756   -0.076    0.091    0.773    0.383
 608.60    5.900    5.900    6.010   -0.024   -1.146    0.900   -0.024   -1.146   -1.031   -0.021    0.027    1.062    0.516
 608.70    5.936    5.963    6.038   -0.563   -0.952    0.936   -0.563   -0.952   -0.891   -0.527    0.536    1.050    0.583
 608.80    5.942    5.962    5.995   -0.498   -0.626    0.942   -0.498   -0.626   -0.589   -0.469    0.311    0.763    0.407
 608.90    6.104    6.112    6.146   -0.317   -0.649    1.104   -0.317   -0.649   -0.716   -0.349    0.205    0.870    0.412
 609.00    6.253    6.253    6.287    0.004   -0.646    1.253    0.004   -0.646   -0.810    0.005   -0.003    0.994    0.405
 609.10    5.996    5.998    6.060   -0.179   -0.863    0.996   -0.179   -0.863   -0.860   -0.178    0.154    0.884    0.446
 609.20    6.199    6.199    6.215   -0.068   -0.450    1.199   -0.068   -0.450   -0.539   -0.081    0.031    0.822    0.273
 609.30    6.050    6.051    6.078    0.094   -0.572    1.050    0.094   -0.572   -0.601    0.099   -0.054    0.719    0.306
 609.40    6.030    6.046    6.073   -0.443   -0.580    1.030   -0.443   -0.580   -0.597   -0.456    0.257    0.796    0.397
 609.50    5.824    5.843    5.843   -0.467   -0.090    0.824   -0.467   -0.090   -0.074   -0.385    0.042    0.453    0.197
 609.60    5.649    5.676    5.694   -0.553   -0.448    0.649   -0.553   -0.448   -0.291   -0.359    0.248    0.464    0.262
 609.70    5.765    5.774    5.794   -0.309   -0.491    0.765   -0.309   -0.491   -0.376   -0.236    0.152    0.461    0.235
 609.80    5.911    5.918    5.950   -0.273   -0.614    0.911   -0.273   -0.614   -0.560   -0.249    0.168    0.641    0.318
 609.90    5.695    5.696    5.736   -0.048   -0.683    0.695   -0.048   -0.683   -0.475   -0.034    0.033    0.477    0.239
 610.00    5.736    5.737    5.757   -0.108   -0.482    0.736   -0.108   -0.482   -0.354   -0.079    0.052    0.393    0.183
 610.10    5.624    5.625    5.675   -0.100   -0.753    0.624   -0.100   -0.753   -0.470   -0.062    0.075    0.484    0.240
 610.20    5.763    5.774    5.818   -0.353   -0.721    0.763   -0.353   -0.721   -0.550   -0.269    0.255    0.613    0.332
 610.30    5.944    5.954    6.068   -0.349   -1.170    0.944   -0.349   -1.170   -1.105   -0.329    0.408    1.191    0.611
 610.40    5.628    5.645    5.706   -0.433   -0.831    0.628   -0.433   -0.831   -0.522   -0.272    0.360    0.636    0.345
 610.50    5.412    5.473    5.563   -0.816   -0.994    0.412   -0.816   -0.994   -0.409   -0.336    0.812    0.912    0.485
 610.60    5.525    5.595    5.693   -0.883   -1.051    0.525   -0.883   -1.051   -0.551   -0.463    0.928    1.080    0.587
 610.70    5.727    5.768    5.837   -0.691   -0.896    0.727   -0.691   -0.896   -0.651   -0.502    0.619    0.904    0.514
 610.80    5.667    5.684    5.731   -0.443   -0.729    0.667   -0.443   -0.729   -0.486   -0.295    0.322    0.586    0.327
 610.90    5.541    5.564    5.635   -0.505   -0.891    0.541   -0.505   -0.891   -0.482   -0.273    0.450    0.671    0.357
 611.00    5.413    5.440    5.561   -0.536   -1.155    0.413   -0.536   -1.155   -0.477   -0.221    0.618    0.896    0.406
 611.10    5.119    5.140    5.261   -0.464   -1.122    0.119   -0.464   -1.122   -0.134   -0.055    0.521    0.744    0.270
 611.20    4.950    4.951    5.030    0.063   -0.891   -0.050    0.063   -0.891    0.044   -0.003   -0.056    0.400    0.036
 611.30    4.682    4.684    4.727    0.137   -0.641   -0.318    0.137   -0.641    0.204   -0.044   -0.088    0.265    0.113
 611.40    4.952    4.954    4.978   -0.114   -0.492   -0.048   -0.114   -0.492    0.023    0.005    0.056    0.129    0.030
 611.50    4.806    4.806    4.826   -0.006   -0.434   -0.194   -0.006   -0.434    0.084    0.001    0.003    0.113    0.042
 611.60    4.565    4.565    4.567   -0.046    0.108   -0.435   -0.046    0.108   -0.047    0.020   -0.005    0.101    0.026
 611.70    5.273    5.273    5.291   -0.092    0.436    0.273   -0.092    0.436    0.119   -0.025   -0.040    0.137    0.064
 611.80    5.258    5.261    5.264   -0.171    0.195    0.258   -0.171    0.195    0.050   -0.044   -0.033    0.067    0.037
 611.90    5.423    5.423    5.434    0.039    0.347    0.423    0.039    0.347    0.147    0.017    0.014    0.150    0.074
 612.00    5.558    5.562    5.574    0.215    0.357    0.558    0.215    0.357    0.199    0.120    0.077    0.243    0.123
 612.10    5.496    5.498    5.498    0.161   -0.001    0.496    0.161   -0.001   -0.000    0.080   -0.000    0.136    0.040
 612.20    5.650    5.650    5.650   -0.024   -0.064    0.650   -0.024   -0.064   -0.042   -0.016    0.002    0.213    0.022
 612.30    5.391    5.397    5.402    0.265    0.226    0.391    0.265    0.226    0.088    0.104    0.060    0.137    0.074
 612.40    5.280    5.315    5.320    0.611    0.217    0.280    0.611    0.217    0.061    0.171    0.133    0.249    0.112
 612.50    5.659    5.698    5.699    0.669   -0.075    0.659    0.669   -0.075   -0.050    0.441   -0.050    0.443    0.223
 612.60    5.262    5.317    5.331    0.764    0.392    0.262    0.764    0.392    0.103    0.200    0.299    0.403    0.187
 612.70    5.122    5.245    5.250    1.127    0.230    0.122    1.127    0.230    0.028    0.138    0.259    0.669    0.148
 612.80    5.101    5.294    5.295    1.418   -0.078    0.101    1.418   -0.078   -0.008    0.143   -0.111    1.013    0.091
 612.90    5.006    5.215    5.262    1.462   -0.700    0.006    1.462   -0.700   -0.004    0.008   -1.024    1.315    0.512
 613.00    5.082    5.210    5.255    1.148   -0.690    0.082    1.148   -0.690   -0.056    0.094   -0.791    0.900    0.399
 613.10    5.107    5.182    5.202    0.877   -0.461    0.107    0.877   -0.461   -0.049    0.094   -0.404    0.496    0.209
 613.20    4.975    5.004    5.015    0.533   -0.327   -0.025    0.533   -0.327    0.008   -0.013   -0.175    0.196    0.088
 613.30    4.983    4.984    5.016    0.072   -0.569   -0.017    0.072   -0.569    0.010   -0.001   -0.041    0.164    0.021
 613.40    4.939    4.946    4.975    0.260   -0.540   -0.061    0.260   -0.540    0.033   -0.016   -0.140    0.181    0.072
 613.50    4.991    5.010    5.081    0.437   -0.848   -0.009    0.437   -0.848    0.008   -0.004   -0.371    0.455    0.185
 613.60    4.947    4.947    4.983    0.010   -0.597   -0.053    0.010   -0.597    0.032   -0.001   -0.006    0.180    0.016
 613.70    4.880    4.883    4.978    0.160   -0.970   -0.120    0.160   -0.970    0.116   -0.019   -0.155    0.490    0.097
 613.80    4.830    4.833    5.138   -0.155   -1.743   -0.170   -0.155   -1.743    0.296    0.026    0.270    1.546    0.201
 613.90    4.617    4.624    4.916   -0.248   -1.670   -0.383   -0.248   -1.670    0.639    0.095    0.414    1.498    0.384
 614.00    4.402    4.407    4.552   -0.211   -1.139   -0.598   -0.211   -1.139    0.681    0.126    0.240    0.850    0.366
 614.10    4.498    4.505    4.610   -0.266   -0.976   -0.502   -0.266   -0.976    0.490    0.133    0.259    0.638    0.285
 614.20    4.466    4.486    4.713   -0.414   -1.445   -0.534   -0.414   -1.445    0.771    0.221    0.598    1.272    0.500
 614.30    4.524    4.561    4.896   -0.580   -1.779   -0.476   -0.580   -1.779    0.846    0.276    1.032    1.864    0.682
 614.40    4.538    4.593    4.911   -0.708   -1.738   -0.462   -0.708   -1.738    0.802    0.327    1.231    1.868    0.753
 614.50    4.891    4.951    5.241   -0.765   -1.720   -0.109   -0.765   -1.720    0.187    0.083    1.315    1.778    0.665
 614.60    5.180    5.215    5.532   -0.597   -1.847    0.180   -0.597   -1.847   -0.333   -0.108    1.102    1.900    0.578
 614.70    4.896    4.920    5.219   -0.480   -1.742   -0.104   -0.480   -1.742    0.181    0.050    0.836    1.638    0.428
 614.80    4.838    4.846    5.109   -0.279   -1.616   -0.162   -0.279   -1.616    0.262    0.045    0.451    1.358    0.262
 614.90    5.059    5.059    5.221   -0.054   -1.290    0.059   -0.054   -1.290   -0.076   -0.003    0.069    0.835    0.052
 615.00    5.413    5.419    5.558   -0.250   -1.238    0.413   -0.250   -1.238   -0.511   -0.103    0.310    0.882    0.303
 615.10    5.322    5.337    5.440   -0.412   -1.049    0.322   -0.412   -1.049   -0.337   -0.132    0.432    0.687    0.282
 615.20    5.187    5.187    5.319    0.046   -1.177    0.187    0.046   -1.177   -0.220    0.009   -0.054    0.712    0.113
 615.30    5.338    5.365    5.461   -0.531   -1.018    0.338   -0.531   -1.018   -0.345   -0.180    0.540    0.717    0.333
 615.40    5.216    5.286    5.386   -0.860   -1.030    0.216   -0.860   -1.030   -0.223   -0.186    0.886    0.924    0.466
 615.50    5.102    5.145    5.256   -0.661   -1.079    0.102   -0.661   -1.079   -0.110   -0.067    0.712    0.805    0.362
 615.60    5.370    5.429    5.547   -0.798   -1.138    0.370   -0.798   -1.138   -0.421   -0.295    0.908    1.034    0.522
 615.70    5.408    5.522    5.607   -1.115   -0.973    0.408   -1.115   -0.973   -0.397   -0.455    1.085    1.178    0.621
 615.80    5.299    5.378    5.466   -0.915   -0.977    0.299   -0.915   -0.977   -0.292   -0.274    0.894    0.941    0.490
 615.90    5.471    5.595    5.693   -1.170   -1.055    0.471   -1.170   -1.055   -0.497   -0.551    1.234    1.352    0.720
 616.00    5.323    5.446    5.597   -1.153   -1.289    0.323   -1.153   -1.289   -0.416   -0.372    1.487    1.548    0.794
 616.10    5.481    5.563    5.642   -0.950   -0.942    0.481   -0.950   -0.942   -0.453   -0.457    0.895    1.011    0.551
 616.20    5.689    5.821    5.881   -1.231   -0.837    0.689   -1.231   -0.837   -0.577   -0.848    1.030    1.345    0.727
 616.30    5.908    5.988    6.022   -0.977   -0.640    0.908   -0.977   -0.640   -0.581   -0.887    0.625    1.094    0.615
 616.40    5.606    5.618    5.626   -0.370   -0.300    0.606   -0.370   -0.300   -0.182   -0.224    0.111    0.297    0.155
 616.50    5.664    5.675    5.707   -0.345   -0.609    0.664   -0.345   -0.609   -0.404   -0.229    0.210    0.465    0.255
 616.60    5.831    5.838    5.902   -0.278   -0.866    0.831   -0.278   -0.866   -0.720   -0.231    0.240    0.759    0.396
 616.70    5.434    5.435    5.573   -0.077   -1.232    0.434   -0.077   -1.232   -0.535   -0.034    0.095    0.856    0.272
 616.80    5.543    5.555    5.629   -0.350   -0.915    0.543   -0.350   -0.915   -0.497   -0.190    0.320    0.628    0.311
 616.90    5.545    5.567    5.636   -0.495   -0.883    0.545   -0.495   -0.883   -0.481   -0.270    0.437    0.660    0.352
 617.00    5.450    5.533    5.566   -0.957   -0.603    0.450   -0.957   -0.603   -0.271   -0.431    0.577    0.741    0.385
 617.10    5.594    5.612    5.622   -0.450   -0.335    0.594   -0.450   -0.335   -0.199   -0.267    0.151    0.334    0.183
 617.20    5.358    5.380    5.402   -0.484   -0.490    0.358   -0.484   -0.490   -0.175   -0.173    0.237    0.301    0.171
 617.30    5.378    5.411    5.423   -0.599   -0.361    0.378   -0.599   -0.361   -0.136   -0.226    0.216    0.316    0.171
 617.40    5.591    5.645    5.649   -0.783   -0.210    0.591   -0.783   -0.210   -0.124   -0.463    0.165    0.503    0.253
 617.50    5.685    5.708    5.712   -0.516   -0.204    0.685   -0.516   -0.204   -0.140   -0.353    0.106    0.388    0.197
 617.60    5.791    5.805    5.805   -0.400    0.000    0.791   -0.400    0.000    0.000   -0.316   -0.000    0.393    0.158
 617.70    6.266    6.280    6.280   -0.415   -0.067    1.266   -0.415   -0.067   -0.085   -0.525    0.028    0.890    0.267
 617.80    6.132    6.133    6.139   -0.034    0.293    1.132   -0.034    0.293    0.331   -0.039   -0.010    0.685    0.167
 617.90    5.974    5.989    6.008   -0.430    0.472    0.974   -0.430    0.472    0.460   -0.419   -0.203    0.679    0.327
 618.00    5.429    5.485    5.517   -0.787    0.585    0.429   -0.787    0.585    0.251   -0.338   -0.461    0.573    0.312
 618.10    5.235    5.262    5.312   -0.530    0.731    0.235   -0.530    0.731    0.172   -0.125   -0.387    0.435    0.221
 618.20    5.146    5.169    5.228   -0.485    0.786    0.146   -0.485    0.786    0.115   -0.071   -0.381    0.437    0.202
 618.30    5.087    5.123    5.152   -0.609    0.545    0.087   -0.609    0.545    0.047   -0.053   -0.332    0.338    0.170
 618.40    5.139    5.173    5.174   -0.597    0.097    0.139   -0.597    0.097    0.013   -0.083   -0.058    0.192    0.051
 618.50    5.237    5.260    5.262   -0.488    0.163    0.237   -0.488    0.163    0.039   -0.116   -0.079    0.160    0.073
 618.60    5.131    5.153    5.156   -0.477    0.171    0.131   -0.477    0.171    0.022   -0.063   -0.082    0.137    0.053
 618.70    4.846    4.847    4.858   -0.085   -0.334   -0.154   -0.085   -0.334    0.051    0.013    0.029    0.071    0.030
 618.80    5.089    5.092    5.122    0.180   -0.556    0.089    0.180   -0.556   -0.049    0.016   -0.100    0.175    0.056
 618.90    5.009    5.014    5.043    0.225   -0.539    0.009    0.225   -0.539   -0.005    0.002   -0.121    0.171    0.061
 619.00    4.801    4.807    4.852    0.245   -0.659   -0.199    0.245   -0.659    0.131   -0.049   -0.161    0.267    0.107
 619.10    5.085    5.087    5.126    0.150   -0.625    0.085    0.150   -0.625   -0.053    0.013   -0.093    0.210    0.054
 619.20    5.233    5.257    5.271   -0.497   -0.389    0.233   -0.497   -0.389   -0.091   -0.116    0.193    0.226    0.122
 619.30    5.387    5.494    5.495   -1.079    0.070    0.387   -1.079    0.070    0.027   -0.418   -0.076    0.660    0.213
 619.40    5.284    5.344    5.345   -0.800   -0.095    0.284   -0.800   -0.095   -0.027   -0.227    0.076    0.365    0.121
 619.50    4.840    4.897    4.899   -0.743    0.140   -0.160   -0.743    0.140   -0.022    0.119   -0.104    0.298    0.080
 619.60    5.100    5.133    5.136   -0.581    0.153    0.100   -0.581    0.153    0.015   -0.058   -0.089    0.186    0.054
 619.70    5.201    5.214    5.214   -0.362    0.004    0.201   -0.362    0.004    0.001   -0.073   -0.001    0.086    0.036
 619.80    5.228    5.274    5.283   -0.696   -0.311    0.228   -0.696   -0.311   -0.071   -0.159    0.217    0.317    0.139
 619.90    5.505    5.575    5.588   -0.879   -0.392    0.505   -0.879   -0.392   -0.198   -0.444    0.345    0.591    0.298
 620.00    5.057    5.152    5.190   -0.986   -0.627    0.057   -0.986   -0.627   -0.036   -0.056    0.618    0.684    0.311
 620.10    4.726    4.850    4.893   -1.092   -0.648   -0.274   -1.092   -0.648    0.177    0.299    0.707    0.843    0.394
 620.20    5.065    5.135    5.164   -0.845   -0.553    0.065   -0.845   -0.553   -0.036   -0.055    0.467    0.512    0.236
 620.30    5.112    5.172    5.246   -0.781   -0.878    0.112   -0.781   -0.878   -0.099   -0.088    0.686    0.697    0.349
 620.40    5.310    5.314    5.349   -0.204   -0.618    0.310   -0.204   -0.618   -0.191   -0.063    0.126    0.260    0.119
 620.50    5.216    5.217    5.259    0.045   -0.664    0.216    0.045   -0.664   -0.144    0.010   -0.030    0.245    0.074
 620.60    5.004    5.005    5.026   -0.114   -0.458    0.004   -0.114   -0.458   -0.002   -0.000    0.052    0.111    0.026
 620.70    5.067    5.082    5.097   -0.391   -0.396    0.067   -0.391   -0.396   -0.027   -0.026    0.155    0.157    0.080
 620.80    5.614    5.614    5.615   -0.099   -0.072    0.614   -0.099   -0.072   -0.044   -0.061    0.007    0.196    0.038
 620.90    5.326    5.328    5.339   -0.172   -0.331    0.326   -0.172   -0.331   -0.108   -0.056    0.057    0.123    0.067
 621.00    5.721    5.721    5.722   -0.062    0.066    0.721   -0.062    0.066    0.047   -0.045   -0.004    0.264    0.033
 621.10    5.874    5.877    5.878   -0.194   -0.085    0.874   -0.194   -0.085   -0.074   -0.170    0.017    0.404    0.093
 621.20    5.836    5.853    5.860   -0.453    0.275    0.836   -0.453    0.275    0.230   -0.379   -0.125    0.490    0.230
 621.30    5.816    5.816    5.826   -0.077    0.335    0.816   -0.077    0.335    0.273   -0.063   -0.026    0.392    0.141
 621.40    5.366    5.366    5.378    0.078    0.360    0.366    0.078    0.360    0.132    0.028    0.028    0.135    0.069
 621.50    5.229    5.239    5.242    0.314    0.172    0.229    0.314    0.172    0.040    0.072    0.054    0.091    0.049
 621.60    5.275    5.311    5.322    0.623   -0.339    0.275    0.623   -0.339   -0.093    0.171   -0.211    0.289    0.143
 621.70    5.390    5.445    5.466    0.770   -0.486    0.390    0.770   -0.486   -0.189    0.300   -0.374    0.491    0.258
 621.80    5.237    5.284    5.317    0.707   -0.585    0.237    0.707   -0.585   -0.138    0.168   -0.414    0.449    0.234
 621.90    4.962    4.991    5.037    0.537   -0.675   -0.038    0.537   -0.675    0.025   -0.020   -0.363    0.373    0.182
 622.00    5.265    5.284    5.329    0.443   -0.695    0.265    0.443   -0.695   -0.184    0.117   -0.308    0.375    0.189
 622.10    5.518    5.523    5.575    0.245   -0.762    0.518    0.245   -0.762   -0.394    0.127   -0.187    0.454    0.227
 622.20    5.507    5.515    5.564    0.304   -0.738    0.507    0.304   -0.738   -0.374    0.154   -0.224    0.447    0.231
 622.30    5.742    5.744    5.764    0.132   -0.490    0.742    0.132   -0.490   -0.364    0.098   -0.065    0.404    0.191
 622.40    5.539    5.566    5.603    0.545   -0.640    0.539    0.545   -0.640   -0.345    0.294   -0.349    0.499    0.286
 622.50    5.314    5.362    5.407    0.719   -0.698    0.314    0.719   -0.698   -0.219    0.226   -0.502    0.551    0.296
 622.60    5.118    5.185    5.196    0.828   -0.346    0.118    0.828   -0.346   -0.041    0.098   -0.287    0.410    0.153
 622.70    5.349    5.425    5.435    0.909   -0.319    0.349    0.909   -0.319   -0.111    0.317   -0.290    0.525    0.222
 622.80    6.003    6.096    6.128    1.057   -0.623    1.003    1.057   -0.623   -0.625    1.061   -0.659    1.256    0.698
 622.90    6.093    6.189    6.204    1.087   -0.435    1.093    1.087   -0.435   -0.476    1.187   -0.473    1.282    0.682
 623.00    5.910    5.994    6.014    1.004   -0.491    0.910    1.004   -0.491   -0.447    0.913   -0.493    1.038    0.565
 623.10    5.842    5.877    5.890    0.636   -0.394    0.842    0.636   -0.394   -0.332    0.536   -0.250    0.635    0.339
 623.20    5.924    5.976    6.014    0.785   -0.676    0.924    0.785   -0.676   -0.624    0.726   -0.531    0.963    0.547
 623.30    6.387    6.450    6.513    0.900   -0.901    1.387    0.900   -0.901   -1.250    1.248   -0.811    1.773    0.972
 623.40    6.436    6.453    6.469    0.465   -0.468    1.436    0.465   -0.468   -0.672    0.667   -0.217    1.248    0.486
 623.50    6.290    6.310    6.310    0.490   -0.045    1.290    0.490   -0.045   -0.058    0.632   -0.022    0.954    0.318
 623.60    6.305    6.331    6.331    0.572   -0.032    1.305    0.572   -0.032   -0.042    0.747   -0.018    1.016    0.374
 623.70    5.903    5.916    5.919    0.388    0.183    0.903    0.388    0.183    0.165    0.351    0.071    0.500    0.197
 623.80    6.280    6.295    6.299    0.443    0.200    1.280    0.443    0.200    0.256    0.566    0.089    0.937    0.314
 623.90    6.235    6.238    6.253    0.196    0.431    1.235    0.196    0.431    0.532    0.242    0.084    0.874    0.295
 624.00    5.912    5.912    5.938   -0.030    0.555    0.912   -0.030    0.555    0.506   -0.027   -0.017    0.570    0.253
 624.10    5.571    5.583    5.657    0.365    0.915    0.571    0.365    0.915    0.522    0.208    0.334    0.648    0.327
 624.20    5.540    5.543    5.578    0.158    0.631    0.540    0.158    0.631    0.341    0.085    0.099    0.357    0.183
 624.30    5.863    5.887    5.910    0.537    0.518    0.863    0.537    0.518    0.447    0.463    0.278    0.650    0.350
 624.40    5.557    5.586    5.613    0.575    0.542    0.557    0.575    0.542    0.302    0.320    0.311    0.467    0.270
 624.50    5.334    5.369    5.457    0.612    0.979    0.334    0.612    0.979    0.327    0.204    0.600    0.723    0.357
 624.60    5.176    5.236    5.349    0.791    1.094    0.176    0.791    1.094    0.192    0.139    0.865    0.927    0.449
 624.70    5.157    5.193    5.278    0.607    0.942    0.157    0.607    0.942    0.148    0.096    0.572    0.640    0.299
 624.80    5.438    5.486    5.537    0.726    0.748    0.438    0.726    0.748    0.327    0.318    0.543    0.639    0.355
 624.90    5.482    5.519    5.550    0.633    0.584    0.482    0.633    0.584    0.282    0.305    0.370    0.487    0.278
 625.00    5.542    5.612    5.709    0.885    1.047    0.542    0.885    1.047    0.567    0.479    0.926    1.086    0.594
 625.10    5.839    5.881    5.956    0.702    0.941    0.839    0.702    0.941    0.790    0.589    0.660    1.041    0.593
 625.20    5.603    5.689    5.753    0.983    0.855    0.603    0.983    0.855    0.516    0.593    0.840    1.030    0.575
 625.30    5.761    5.822    5.893    0.843    0.914    0.761    0.843    0.914    0.695    0.641    0.770    1.062    0.610
 625.40    5.925    6.033    6.110    1.138    0.969    0.925    1.138    0.969    0.896    1.052    1.103    1.544    0.884
 625.50    5.844    5.933    5.981    1.025    0.752    0.844    1.025    0.752    0.634    0.865    0.770    1.164    0.660
 625.60    5.824    5.888    5.939    0.864    0.779    0.824    0.864    0.779    0.641    0.712    0.673    1.016    0.585
 625.70    5.569    5.665    5.686    1.041    0.478    0.569    1.041    0.478    0.272    0.592    0.498    0.818    0.410
 625.80    5.477    5.544    5.552    0.858    0.312    0.477    0.858    0.312    0.149    0.409    0.267    0.530    0.255
 625.90    5.381    5.484    5.487    1.058    0.162    0.381    1.058    0.162    0.062    0.403    0.172    0.646    0.221
 626.00    5.054    5.157    5.163    1.024   -0.250    0.054    1.024   -0.250   -0.013    0.055   -0.256    0.557    0.131
 626.10    4.622    4.640    4.645    0.405   -0.219   -0.378    0.405   -0.219    0.083   -0.153   -0.089    0.177    0.098
 626.20    4.762    4.768    4.768    0.239   -0.084   -0.238    0.239   -0.084    0.020   -0.057   -0.020    0.060    0.032
 626.30    4.345    4.345    4.351    0.072   -0.232   -0.655    0.072   -0.232    0.152   -0.047   -0.017    0.244    0.080
 626.40    4.770    4.777    4.777    0.268    0.004   -0.230    0.268    0.004   -0.001   -0.062    0.001    0.063    0.031
 626.50    5.118    5.136    5.162    0.427   -0.517    0.118    0.427   -0.517   -0.061    0.050   -0.221    0.232    0.117
 626.60    4.844    4.847    4.887    0.179   -0.625   -0.156    0.179   -0.625    0.098   -0.028   -0.112    0.224    0.076
 626.70    4.740    4.743    4.765    0.157   -0.465   -0.260    0.157   -0.465    0.121   -0.041   -0.073    0.154    0.073
 626.80    4.384    4.404    4.413    0.426   -0.282   -0.616    0.426   -0.282    0.174   -0.263   -0.120    0.321    0.169
 626.90    3.820    3.823    3.823    0.159    0.026   -1.180    0.159    0.026   -0.031   -0.188    0.004    0.710    0.095
 627.00    4.028    4.035    4.038   -0.243    0.146   -0.972   -0.243    0.146   -0.142    0.236   -0.035    0.513    0.139
 627.10    3.647    3.653    3.659   -0.210   -0.198   -1.353   -0.210   -0.198    0.268    0.284    0.041    0.957    0.196
 627.20    3.564    3.577    3.578   -0.313   -0.049   -1.436   -0.313   -0.049    0.071    0.449    0.015    1.082    0.227
 627.30    3.813    3.813    3.816   -0.077   -0.141   -1.187   -0.077   -0.141    0.168    0.091    0.011    0.718    0.096
 627.40    3.832    3.834    3.841   -0.124    0.226   -1.168   -0.124    0.226   -0.264    0.145   -0.028    0.715    0.151
 627.50    4.149    4.165    4.166   -0.364    0.104   -0.851   -0.364    0.104   -0.089    0.309   -0.038    0.434    0.162
 627.60    4.348    4.378    4.378   -0.507    0.060   -0.652   -0.507    0.060   -0.039    0.330   -0.031    0.343    0.167
 627.70    4.464    4.507    4.510   -0.623    0.163   -0.536   -0.623    0.163   -0.087    0.334   -0.101    0.351    0.180
 627.80    4.414    4.441    4.444   -0.486    0.178   -0.586   -0.486    0.178   -0.104    0.285   -0.087    0.306    0.158
 627.90    4.320    4.343    4.351   -0.452    0.257   -0.680   -0.452    0.257   -0.175    0.307   -0.116    0.367    0.186
 628.00    4.351    4.352    4.365   -0.098    0.341   -0.649   -0.098    0.341   -0.221    0.063   -0.033    0.273    0.116
 628.10    4.489    4.502    4.538   -0.342    0.573   -0.511   -0.342    0.573   -0.293    0.175   -0.196    0.353    0.197
 628.20    4.454    4.455    4.457   -0.046   -0.149   -0.546   -0.046   -0.149    0.081    0.025    0.007    0.161    0.043
 628.30    4.609    4.609    4.697    0.007   -0.906   -0.391    0.007   -0.906    0.354   -0.003   -0.006    0.487    0.177
 628.40    4.701    4.713    4.765   -0.335   -0.701   -0.299   -0.335   -0.701    0.210    0.100    0.235    0.346    0.165
 628.50    4.795    4.813    4.871   -0.416   -0.751   -0.205   -0.416   -0.751    0.154    0.085    0.312    0.389    0.179
 628.60    4.726    4.744    4.797   -0.412   -0.707   -0.274   -0.412   -0.707    0.193    0.113    0.292    0.372    0.184
 628.70    4.676    4.681    4.762   -0.203   -0.876   -0.324   -0.203   -0.876    0.284    0.066    0.178    0.457    0.171
 628.80    4.879    4.879    4.901    0.027   -0.468   -0.121    0.027   -0.468    0.057   -0.003   -0.013    0.117    0.029
 628.90    4.574    4.575    4.577    0.093   -0.127   -0.426    0.093   -0.127    0.054   -0.040   -0.012    0.103    0.034
 629.00    4.226    4.227    4.246    0.105   -0.399   -0.774    0.105   -0.399    0.309   -0.081   -0.042    0.385    0.161
 629.10    4.228    4.230    4.230   -0.136    0.007   -0.772   -0.136    0.007   -0.005    0.105   -0.001    0.307    0.052
 629.20    3.998    4.019    4.019   -0.405   -0.052   -1.002   -0.405   -0.052    0.052    0.405    0.021    0.585    0.205
 629.30    3.951    3.993    4.019   -0.577   -0.462   -1.049   -0.577   -0.462    0.485    0.605    0.266    0.823    0.410
 629.40    4.317    4.376    4.377   -0.714   -0.116   -0.683   -0.714   -0.116    0.079    0.487    0.083    0.494    0.250
 629.50    3.780    3.873    3.876   -0.847   -0.133   -1.220   -0.847   -0.133    0.162    1.034    0.113    1.113    0.526
 629.60    4.088    4.173    4.207   -0.840   -0.536   -0.912   -0.840   -0.536    0.489    0.767    0.451    0.913    0.508
 629.70    3.986    4.065    4.079   -0.799   -0.336   -1.014   -0.799   -0.336    0.341    0.810    0.269    0.890    0.460
 629.80    4.381    4.491    4.504   -0.990   -0.334   -0.619   -0.990   -0.334    0.207    0.613    0.331    0.738    0.363
 629.90    4.523    4.615    4.615   -0.915   -0.032   -0.477   -0.915   -0.032    0.015    0.437    0.030    0.533    0.219
 630.00    4.625    4.655    4.657   -0.527   -0.135   -0.375   -0.527   -0.135    0.051    0.198    0.071    0.218    0.108
 630.10    4.399    4.446    4.460   -0.651    0.346   -0.601   -0.651    0.346   -0.208    0.391   -0.225    0.452    0.249
 630.20    3.920    4.012    4.013   -0.852    0.101   -1.080   -0.852    0.101   -0.109    0.920   -0.086    0.951    0.465
 630.30    3.836    3.899    3.910   -0.700    0.284   -1.164   -0.700    0.284   -0.331    0.815   -0.199    0.963    0.451
 630.40    3.999    4.083    4.097   -0.820    0.344   -1.001   -0.820    0.344   -0.345    0.820   -0.282    0.896    0.467
 630.50    3.961    4.053    4.092   -0.859    0.561   -1.039   -0.859    0.561   -0.583    0.892   -0.482    1.065    0.585
 630.60    4.032    4.099    4.160   -0.735    0.713   -0.968   -0.735    0.713   -0.690    0.711   -0.524    0.993    0.561
 630.70    4.276    4.278    4.293   -0.146    0.355   -0.724   -0.146    0.355   -0.257    0.106   -0.052    0.336    0.141
 630.80    4.326    4.353    4.355   -0.488    0.113   -0.674   -0.488    0.113   -0.076    0.329   -0.055    0.353    0.171
 630.90    4.247    4.335    4.336   -0.867   -0.084   -0.753   -0.867   -0.084    0.063    0.653    0.072    0.663    0.330
 631.00    4.010    4.124    4.129   -0.966    0.197   -0.990   -0.966    0.197   -0.195    0.957   -0.190    0.977    0.498
 631.10    4.225    4.358    4.360   -1.068    0.116   -0.775   -1.068    0.116   -0.090    0.828   -0.124    0.878    0.421
 631.20    3.973    4.094    4.118   -0.986    0.440   -1.027   -0.986    0.440   -0.452    1.013   -0.434    1.110    0.596
 631.30    3.972    4.104    4.116   -1.033    0.316   -1.028   -1.033    0.316   -0.325    1.063   -0.326    1.112    0.579
 631.40    4.194    4.353    4.359   -1.166    0.220   -0.806   -1.166    0.220   -0.177    0.939   -0.256    1.028    0.495
 631.50    4.356    4.463    4.489   -0.972   -0.477   -0.644   -0.972   -0.477    0.307    0.626    0.464    0.794    0.419
 631.60    4.837    4.858    4.930   -0.454   -0.839   -0.163   -0.454   -0.839    0.137    0.074    0.381    0.469    0.206
 631.70    4.850    4.915    5.004   -0.796   -0.939   -0.150   -0.796   -0.939    0.141    0.119    0.747    0.768    0.385
 631.80    4.702    4.761    4.841   -0.745   -0.879   -0.298   -0.745   -0.879    0.262    0.222    0.655    0.708    0.370
 631.90    4.894    4.922    5.019   -0.516   -0.985   -0.106   -0.516   -0.985    0.104    0.054    0.508    0.624    0.261
 632.00    4.807    4.866    4.991   -0.760   -1.109   -0.193   -0.760   -1.109    0.214    0.147    0.842    0.922    0.441
 632.10    4.820    4.931    5.154   -1.039   -1.501   -0.180   -1.039   -1.501    0.270    0.187    1.560    1.683    0.797
 632.20    5.081    5.122    5.278   -0.646   -1.273    0.081   -0.646   -1.273   -0.103   -0.052    0.822    1.022    0.415
 632.30    4.894    5.025    5.188   -1.140   -1.292   -0.106   -1.140   -1.292    0.137    0.121    1.472    1.490    0.742
 632.40    5.056    5.171    5.409   -1.086   -1.588    0.056   -1.086   -1.588   -0.088   -0.060    1.725    1.853    0.864
 632.50    4.748    4.860    5.156   -1.037   -1.723   -0.252   -1.037   -1.723    0.434    0.261    1.787    2.054    0.929
 632.60    4.829    4.953    5.278   -1.103   -1.822   -0.171   -1.103   -1.822    0.312    0.189    2.010    2.283    1.021
 632.70    4.795    4.955    5.223   -1.248   -1.653   -0.205   -1.248   -1.653    0.339    0.256    2.063    2.166    1.053
 632.80    4.733    4.875    4.989   -1.169   -1.060   -0.267   -1.169   -1.060    0.283    0.312    1.239    1.281    0.655
 632.90    4.515    4.622    4.808   -0.991   -1.324   -0.485   -0.991   -1.324    0.642    0.481    1.312    1.485    0.769
 633.00    4.397    4.513    4.750   -1.015   -1.482   -0.603   -1.015   -1.482    0.893    0.612    1.504    1.794    0.927
 633.10    4.327    4.571    4.735   -1.471   -1.236   -0.673   -1.471   -1.236    0.832    0.990    1.819    2.073    1.116
 633.20    4.045    4.323    4.618   -1.525   -1.622   -0.955   -1.525   -1.622    1.548    1.456    2.474    2.934    1.631
 633.30    4.282    4.595    4.876   -1.668   -1.631   -0.718   -1.668   -1.631    1.172    1.198    2.721    2.980    1.598
 633.40    4.055    4.392    4.546   -1.687   -1.172   -0.945   -1.687   -1.172    1.108    1.595    1.977    2.557    1.386
 633.50    3.991    4.400    4.566   -1.853   -1.220   -1.009   -1.853   -1.220    1.232    1.871    2.262    2.972    1.592
 633.60    3.956    4.265    4.422   -1.594   -1.169   -1.044   -1.594   -1.169    1.221    1.664    1.864    2.499    1.390
 633.70    4.030    4.381    4.680   -1.716   -1.647   -0.970   -1.716   -1.647    1.597    1.664    2.827    3.299    1.824
 633.80    4.068    4.357    4.747   -1.562   -1.885   -0.932   -1.562   -1.885    1.757    1.457    2.944    3.431    1.863
 633.90    4.223    4.491    4.727   -1.530   -1.476   -0.777   -1.530   -1.476    1.148    1.189    2.258    2.562    1.399
 634.00    4.630    4.878    5.007   -1.535   -1.128   -0.370   -1.535   -1.128    0.417    0.568    1.731    1.883    0.935
 634.10    4.512    4.695    4.814   -1.297   -1.064   -0.488   -1.297   -1.064    0.519    0.633    1.380    1.526    0.802
 634.20    4.396    4.574    4.690   -1.261   -1.036   -0.604   -1.261   -1.036    0.625    0.761    1.306    1.514    0.818
 634.30    4.503    4.592    4.811   -0.904   -1.432   -0.497   -0.904   -1.432    0.712    0.450    1.295    1.558    0.772
 634.40    4.254    4.314    4.609   -0.718   -1.621   -0.746   -0.718   -1.621    1.209    0.535    1.163    1.849    0.880
 634.50    4.303    4.451    4.783   -1.141   -1.751   -0.697   -1.141   -1.751    1.221    0.796    1.998    2.427    1.236
 634.60    4.678    4.911    5.239   -1.497   -1.823   -0.322   -1.497   -1.823    0.588    0.483    2.729    2.834    1.416
 634.70    4.863    5.113    5.503   -1.579   -2.035   -0.137   -1.579   -2.035    0.279    0.217    3.214    3.328    1.617
 634.80    4.733    5.113    5.527   -1.934   -2.099   -0.267   -1.934   -2.099    0.561    0.517    4.059    4.108    2.065
 634.90    4.632    5.029    5.269   -1.959   -1.570   -0.368   -1.959   -1.570    0.578    0.721    3.076    3.220    1.606
 635.00    4.480    5.049    5.254   -2.328   -1.453   -0.520   -2.328   -1.453    0.756    1.210    3.384    3.902    1.836
 635.10    4.667    5.101    5.292   -2.059   -1.411   -0.333   -2.059   -1.411    0.470    0.686    2.904    3.170    1.510
 635.20    4.573    4.867    5.026   -1.665   -1.256   -0.427   -1.665   -1.256    0.536    0.711    2.092    2.267    1.137
 635.30    4.841    5.162    5.268   -1.791   -1.052   -0.159   -1.791   -1.052    0.167    0.284    1.885    2.171    0.957
 635.40    4.465    4.798    4.967   -1.755   -1.286   -0.535   -1.755   -1.286    0.688    0.939    2.256    2.509    1.269
 635.50    4.787    5.056    5.279   -1.628   -1.519   -0.213   -1.628   -1.519    0.324    0.347    2.473    2.501    1.259
 635.60    4.499    4.698    5.029   -1.355   -1.793   -0.501   -1.355   -1.793    0.899    0.679    2.429    2.650    1.339
 635.70    4.661    4.864    5.205   -1.390   -1.854   -0.339   -1.390   -1.854    0.629    0.471    2.577    2.742    1.347
 635.80    4.309    4.492    4.920   -1.269   -2.007   -0.691   -1.269   -2.007    1.387    0.878    2.548    3.059    1.515
 635.90    4.451    4.638    5.069   -1.305   -2.045   -0.549   -1.305   -2.045    1.122    0.716    2.668    3.092    1.491
 636.00    4.217    4.396    4.743   -1.242   -1.779   -0.783   -1.242   -1.779    1.393    0.972    2.209    2.660    1.393
 636.10    4.741    4.879    5.050   -1.154   -1.303   -0.259   -1.154   -1.303    0.338    0.299    1.503    1.548    0.784
 636.20    4.647    4.754    4.983   -1.005   -1.492   -0.353   -1.005   -1.492    0.527    0.355    1.500    1.681    0.815
 636.30    4.290    4.459    4.607   -1.217   -1.158   -0.710   -1.217   -1.158    0.822    0.864    1.409    1.663    0.923
 636.40    4.269    4.413    4.506   -1.122   -0.911   -0.731   -1.122   -0.911    0.666    0.820    1.022    1.312    0.735
 636.50    4.162    4.412    4.666   -1.466   -1.519   -0.838   -1.466   -1.519    1.274    1.229    2.227    2.580    1.422
 636.60    4.375    4.544    4.777   -1.229   -1.474   -0.625   -1.229   -1.474    0.921    0.768    1.811    2.037    1.086
 636.70    4.613    4.854    5.020   -1.511   -1.279   -0.387   -1.511   -1.279    0.495    0.584    1.933    2.035    1.040
 636.80    4.199    4.328    4.597   -1.051   -1.551   -0.801   -1.051   -1.551    1.243    0.842    1.629    2.075    1.108
 636.90    3.827    3.914    4.284   -0.820   -1.743   -1.173   -0.820   -1.743    2.044    0.962    1.430    2.543    1.337
 637.00    3.765    3.820    4.114   -0.644   -1.526   -1.235   -0.644   -1.526    1.884    0.795    0.983    2.134    1.135
 637.10    3.597    3.677    3.779   -0.764   -0.872   -1.403   -0.764   -0.872    1.224    1.072    0.666    1.657    0.879
 637.20    3.328    3.450    3.542   -0.909   -0.798   -1.672   -0.909   -0.798    1.334    1.520    0.726    2.129    1.074
 637.30    3.239    3.368    3.480   -0.923   -0.876   -1.761   -0.923   -0.876    1.542    1.625    0.808    2.360    1.191
 637.40    3.547    3.724    3.864   -1.133   -1.030   -1.453   -1.133   -1.030    1.496    1.646    1.167    2.227    1.256
 637.50    3.264    3.682    3.817   -1.704   -1.007   -1.736   -1.704   -1.007    1.749    2.959    1.717    3.467    1.921
 637.60    3.684    4.090    4.131   -1.778   -0.577   -1.316   -1.778   -0.577    0.759    2.341    1.026    2.614    1.333
 637.70    3.506    3.903    4.070   -1.715   -1.155   -1.494   -1.715   -1.155    1.726    2.562    1.981    3.253    1.835
 637.80    3.483    3.898    4.098   -1.749   -1.265   -1.517   -1.749   -1.265    1.918    2.653    2.212    3.480    1.976
 637.90    3.496    3.850    4.118   -1.614   -1.462   -1.504   -1.614   -1.462    2.199    2.428    2.359    3.502    2.018
 638.00    3.322    3.601    3.872   -1.390   -1.422   -1.678   -1.390   -1.422    2.385    2.332    1.976    3.384    1.938
 638.10    3.623    3.824    4.184   -1.222   -1.698   -1.377   -1.222   -1.698    2.337    1.683    2.075    3.136    1.775
 638.20    3.728    3.857    4.277   -0.988   -1.849   -1.272   -0.988   -1.849    2.352    1.257    1.828    3.007    1.617
 638.30    3.815    3.896    4.125   -0.789   -1.357   -1.185   -0.789   -1.357    1.608    0.935    1.071    1.934    1.073
 638.40    3.383    3.442    3.578   -0.636   -0.978   -1.617   -0.636   -0.978    1.581    1.028    0.622    1.987    0.993
 638.50    3.415    3.513    3.602   -0.826   -0.795   -1.585   -0.826   -0.795    1.261    1.310    0.657    1.914    0.966
 638.60    3.758    3.908    4.022   -1.072   -0.950   -1.242   -1.072   -0.950    1.181    1.332    1.019    1.798    1.026
 638.70    3.986    4.015    4.233   -0.485   -1.340   -1.014   -0.485   -1.340    1.359    0.492    0.651    1.530    0.793
 638.80    3.971    3.973    4.217   -0.132   -1.413   -1.029   -0.132   -1.413    1.454    0.136    0.186    1.537    0.736
 638.90    3.729    3.749    4.043   -0.384   -1.513   -1.271   -0.384   -1.513    1.922    0.488    0.581    2.025    1.033
 639.00    3.812    3.849    4.015   -0.536   -1.140   -1.188   -0.536   -1.140    1.355    0.637    0.611    1.499    0.808
 639.10    3.994    4.127    4.295   -1.037   -1.190   -1.006   -1.037   -1.190    1.197    1.043    1.234    1.751    1.005
 639.20    3.914    4.002    4.170   -0.833   -1.172   -1.086   -0.833   -1.172    1.272    0.905    0.977    1.624    0.921
 639.30    3.841    3.950    4.078   -0.919   -1.016   -1.159   -0.919   -1.016    1.177    1.065    0.934    1.610    0.921
 639.40    3.275    3.428    3.664   -1.015   -1.291   -1.725   -1.015   -1.291    2.228    1.751    1.311    2.837    1.561
 639.50    3.492    3.576    3.895   -0.771   -1.546   -1.508   -0.771   -1.546    2.332    1.163    1.192    2.630    1.433
 639.60    3.508    3.557    3.891   -0.587   -1.577   -1.492   -0.587   -1.577    2.352    0.876    0.926    2.528    1.338
 639.70    3.241    3.258    3.717   -0.336   -1.788   -1.759   -0.336   -1.788    3.146    0.591    0.600    3.203    1.628
 639.80    3.428    3.429    3.849   -0.099   -1.747   -1.572   -0.099   -1.747    2.748    0.156    0.173    2.768    1.379
 639.90    3.788    3.792    4.120   -0.174   -1.610   -1.212   -0.174   -1.610    1.951    0.211    0.280    2.045    0.991
 640.00    3.911    3.924    4.191   -0.315   -1.473   -1.089   -0.315   -1.473    1.603    0.343    0.464    1.727    0.852
 640.10    3.770    3.773    4.239    0.141   -1.933   -1.230    0.141   -1.933    2.377   -0.173   -0.272    2.634    1.200
 640.20    3.977    3.977    4.346   -0.007   -1.754   -1.023   -0.007   -1.754    1.795    0.007    0.012    2.062    0.898
 640.30    4.130    4.134    4.495   -0.182   -1.765   -0.870   -0.182   -1.765    1.536    0.159    0.322    1.953    0.789
 640.40    4.133    4.156    4.386    0.428   -1.401   -0.867    0.428   -1.401    1.214   -0.371   -0.600    1.449    0.702
 640.50    4.501    4.519    4.797    0.404   -1.608   -0.499    0.404   -1.608    0.803   -0.201   -0.649    1.499    0.526
 640.60    4.426    4.429    4.723    0.175   -1.639   -0.574    0.175   -1.639    0.941   -0.100   -0.286    1.523    0.494
 640.70    4.613    4.617    4.768   -0.197   -1.190   -0.387   -0.197   -1.190    0.461    0.076    0.234    0.803    0.261
 640.80    4.756    4.758    4.820    0.125   -0.774   -0.244    0.125   -0.774    0.189   -0.030   -0.097    0.337    0.107
 640.90    4.820    4.823    4.842    0.173   -0.427   -0.180    0.173   -0.427    0.077   -0.031   -0.074    0.122    0.056
 641.00    4.937    4.937    4.959   -0.030   -0.462   -0.063   -0.030   -0.462    0.029    0.002    0.014    0.109    0.016
 641.10    5.053    5.054    5.078    0.095   -0.489    0.053    0.095   -0.489   -0.026    0.005   -0.047    0.126    0.027
 641.20    4.875    4.876    4.880    0.105   -0.208   -0.125    0.105   -0.208    0.026   -0.013   -0.022    0.035    0.018
 641.30    4.819    4.821    4.835    0.165   -0.359   -0.181    0.165   -0.359    0.065   -0.030   -0.059    0.094    0.046
 641.40    5.115    5.115    5.116   -0.083   -0.085    0.115   -0.083   -0.085   -0.010   -0.010    0.007    0.014    0.008
 641.50    4.860    4.860    4.874   -0.084   -0.371   -0.140   -0.084   -0.371    0.052    0.012    0.031    0.082    0.031
 641.60    4.818    4.824    4.889    0.237   -0.796   -0.182    0.237   -0.796    0.144   -0.043   -0.188    0.361    0.121
 641.70    5.095    5.118    5.161    0.480   -0.670    0.095    0.480   -0.670   -0.064    0.046   -0.322    0.344    0.166
 641.80    5.298    5.336    5.360    0.634   -0.508    0.298    0.634   -0.508   -0.152    0.189   -0.322    0.375    0.202
 641.90    5.268    5.300    5.353    0.585   -0.753    0.268    0.585   -0.753   -0.201    0.156   -0.440    0.490    0.254
 642.00    5.600    5.648    5.702    0.735   -0.782    0.600    0.735   -0.782   -0.469    0.441   -0.575    0.756    0.432
 642.10    5.863    5.894    5.899    0.612   -0.246    0.863    0.612   -0.246   -0.212    0.528   -0.150    0.589    0.294
 642.20    5.868    5.926    5.929    0.831   -0.174    0.868    0.831   -0.174   -0.151    0.721   -0.145    0.737    0.376
 642.30    5.752    5.761    5.762    0.322    0.099    0.752    0.322    0.099    0.074    0.242    0.032    0.339    0.128
 642.40    5.590    5.619    5.622    0.571   -0.190    0.590    0.571   -0.190   -0.112    0.337   -0.108    0.355    0.185
 642.50    5.793    5.807    5.807    0.412   -0.042    0.793    0.412   -0.042   -0.033    0.326   -0.017    0.400    0.164
 642.60    5.695    5.716    5.716    0.493   -0.019    0.695    0.493   -0.019   -0.013    0.343   -0.009    0.363    0.172
 642.70    5.820    5.823    5.827    0.181    0.218    0.820    0.181    0.218    0.179    0.148    0.039    0.376    0.118
 642.80    5.633    5.633    5.635   -0.025    0.161    0.633   -0.025    0.161    0.102   -0.016   -0.004    0.214    0.052
 642.90    6.001    6.020    6.020    0.479    0.049    1.001    0.479    0.049    0.049    0.480    0.023    0.617    0.241
 643.00    5.709    5.712    5.713    0.171   -0.098    0.709    0.171   -0.098   -0.069    0.121   -0.017    0.271    0.070
 643.10    5.334    5.373    5.376    0.648    0.162    0.334    0.648    0.162    0.054    0.217    0.105    0.279    0.123
 643.20    5.225    5.250    5.258    0.513    0.284    0.225    0.513    0.284    0.064    0.116    0.146    0.197    0.098
 643.30    5.059    5.097    5.114    0.624    0.418    0.059    0.624    0.418    0.025    0.037    0.261    0.284    0.132
 643.40    5.186    5.293    5.330    1.059    0.623    0.186    1.059    0.623    0.116    0.197    0.660    0.772    0.349
 643.50    4.960    4.997    5.028    0.609    0.552   -0.040    0.609    0.552   -0.022   -0.024    0.336    0.339    0.169
 643.60    4.663    4.742    4.792    0.861    0.690   -0.337    0.861    0.690   -0.232   -0.290    0.594    0.665    0.350
 643.70    4.583    4.659    4.674    0.837    0.373   -0.417    0.837    0.373   -0.155   -0.348    0.312    0.506    0.246
 643.80    4.863    4.911    4.912    0.685    0.095   -0.137    0.685    0.095   -0.013   -0.094    0.065    0.248    0.057
 643.90    4.680    4.698    4.708    0.405    0.302   -0.320    0.405    0.302   -0.097   -0.129    0.122    0.179    0.101
 644.00    4.530    4.532    4.568   -0.115    0.569   -0.470   -0.115    0.569   -0.267    0.054   -0.066    0.279    0.140
 644.10    4.705    4.717    4.736   -0.337    0.421   -0.295   -0.337    0.421   -0.124    0.099   -0.142    0.189    0.106
 644.20    4.689    4.715    4.721   -0.500    0.244   -0.311   -0.500    0.244   -0.076    0.156   -0.122    0.203    0.106
 644.30    4.834    4.858    4.866   -0.485    0.281   -0.166   -0.485    0.281   -0.047    0.081   -0.137    0.171    0.083
 644.40    4.903    4.914    4.923   -0.331    0.299   -0.097   -0.331    0.299   -0.029    0.032   -0.099    0.104    0.054
 644.50    5.392    5.398    5.407   -0.238    0.325    0.392   -0.238    0.325    0.128   -0.094   -0.078    0.158    0.088
 644.60    4.975    4.988    4.988   -0.354   -0.007   -0.025   -0.354   -0.007    0.000    0.009    0.003    0.063    0.005
 644.70    5.181    5.224    5.230   -0.669   -0.241    0.181   -0.669   -0.241   -0.044   -0.121    0.161    0.270    0.103
 644.80    4.889    4.902    4.928   -0.357   -0.503   -0.111   -0.357   -0.503    0.056    0.040    0.180    0.196    0.096
 644.90    4.902    4.909    4.940   -0.273   -0.555   -0.098   -0.273   -0.555    0.055    0.027    0.152    0.196    0.082
 645.00    4.779    4.779    4.815   -0.044   -0.581   -0.221   -0.044   -0.581    0.128    0.010    0.026    0.194    0.066
 645.10    4.554    4.575    4.580    0.442   -0.224   -0.446    0.442   -0.224    0.100   -0.197   -0.099    0.222    0.121
 645.20    4.792    4.836    4.839    0.655   -0.172   -0.208    0.655   -0.172    0.036   -0.136   -0.113    0.251    0.090
 645.30    5.004    5.062    5.071    0.764   -0.293    0.004    0.764   -0.293   -0.001    0.003   -0.224    0.335    0.112
 645.40    5.030    5.044    5.064    0.375   -0.451    0.030    0.375   -0.451   -0.014    0.011   -0.169    0.172    0.085
 645.50    4.967    4.969    4.998    0.163   -0.536   -0.033    0.163   -0.536    0.018   -0.005   -0.087    0.157    0.045
 645.60    4.852    4.854    4.867    0.129   -0.352   -0.148    0.129   -0.352    0.052   -0.019   -0.046    0.081    0.036
 645.70    4.740    4.745    4.784    0.222   -0.610   -0.260    0.222   -0.610    0.159   -0.058   -0.136    0.245    0.108
 645.80    4.812    4.834    4.838    0.461   -0.205   -0.188    0.461   -0.205    0.039   -0.087   -0.094    0.145    0.067
 645.90    4.860    4.876    4.882    0.389    0.250   -0.140    0.389    0.250   -0.035   -0.054    0.097    0.117    0.058
 646.00    4.967    4.971    4.974    0.188   -0.198   -0.033    0.188   -0.198    0.007   -0.006   -0.037    0.038    0.019
 646.10    5.120    5.130    5.131    0.313   -0.126    0.120    0.313   -0.126   -0.015    0.038   -0.039    0.064    0.028
 646.20    5.391    5.455    5.456    0.831    0.100    0.391    0.831    0.100    0.039    0.325    0.083    0.426    0.169
 646.30    5.182    5.249    5.272    0.832    0.498    0.182    0.832    0.498    0.091    0.152    0.415    0.487    0.225
 646.40    4.815    4.879    4.910    0.787    0.551   -0.185    0.787    0.551   -0.102   -0.145    0.434    0.479    0.234
 646.50    4.517    4.608    4.611    0.912    0.153   -0.483    0.912    0.153   -0.074   -0.440    0.140    0.544    0.234
 646.60    4.596    4.707    4.708    1.015    0.092   -0.404    1.015    0.092   -0.037   -0.410    0.093    0.601    0.211
 646.70    4.676    4.756    4.757    0.865   -0.111   -0.324    0.865   -0.111    0.036   -0.280   -0.096    0.433    0.149
 646.80    4.567    4.643    4.643    0.838   -0.069   -0.433    0.838   -0.069    0.030   -0.363   -0.057    0.447    0.184
 646.90    4.625    4.751    4.752    1.089    0.041   -0.375    1.089    0.041   -0.016   -0.409    0.045    0.664    0.206
 647.00    4.580    4.746    4.755    1.247   -0.285   -0.420    1.247   -0.285    0.120   -0.524   -0.356    0.906    0.322
 647.10    4.285    4.439    4.464    1.157   -0.477   -0.715    1.157   -0.477    0.341   -0.827   -0.552    1.038    0.525
 647.20    4.156    4.307    4.328    1.132   -0.421   -0.844    1.132   -0.421    0.355   -0.956   -0.477    1.086    0.563
 647.30    4.160    4.356    4.449    1.292   -0.902   -0.840    1.292   -0.902    0.758   -1.085   -1.166    1.594    0.882
 647.40    4.227    4.543    4.568    1.664   -0.483   -0.773    1.664   -0.483    0.373   -1.286   -0.803    1.799    0.781
 647.50    4.187    4.380    4.383    1.287   -0.145   -0.813    1.287   -0.145    0.118   -1.046   -0.187    1.169    0.535
 647.60    4.319    4.394    4.396    0.811   -0.127   -0.681    0.811   -0.127    0.086   -0.552   -0.103    0.569    0.284
 647.70    4.262    4.336    4.340    0.801   -0.184   -0.738    0.801   -0.184    0.136   -0.591   -0.148    0.610    0.312
 647.80    4.077    4.146    4.146    0.751   -0.062   -0.923    0.751   -0.062    0.058   -0.693   -0.047    0.710    0.348
 647.90    3.931    4.012    4.022    0.806    0.282   -1.069    0.806    0.282   -0.301   -0.862    0.227    0.936    0.470
 648.00    4.110    4.194    4.194    0.834   -0.047   -0.890    0.834   -0.047    0.042   -0.742   -0.039    0.745    0.372
 648.10    4.043    4.069    4.070    0.467    0.090   -0.957    0.467    0.090   -0.086   -0.447    0.042    0.571    0.229
 648.20    4.097    4.146    4.188    0.638    0.593   -0.903    0.638    0.593   -0.536   -0.576    0.378    0.787    0.437
 648.30    3.995    4.038    4.070    0.587    0.516   -1.005    0.587    0.516   -0.519   -0.590    0.303    0.811    0.421
 648.40    4.029    4.058    4.084    0.490    0.457   -0.971    0.490    0.457   -0.444   -0.476    0.224    0.696    0.344
 648.50    3.900    3.939    4.020    0.551    0.804   -1.100    0.551    0.804   -0.884   -0.606    0.443    1.080    0.580
 648.60    3.844    3.900    3.938    0.657    0.548   -1.156    0.657    0.548   -0.633   -0.760    0.360    1.034    0.526
 648.70    4.177    4.224    4.313    0.630    0.868   -0.823    0.630    0.868   -0.714   -0.518    0.547    0.914    0.519
 648.80    4.138    4.187    4.310    0.637    1.024   -0.862    0.637    1.024   -0.883   -0.549    0.653    1.099    0.614
 648.90    4.100    4.234    4.276    1.056    0.602   -0.900    1.056    0.602   -0.542   -0.950    0.635    1.144    0.633
 649.00    3.944    4.084    4.093    1.062    0.269   -1.056    1.062    0.269   -0.284   -1.122    0.285    1.158    0.596
 649.10    4.190    4.385    4.389    1.292    0.188   -0.810    1.292    0.188   -0.152   -1.047    0.243    1.181    0.543
 649.20    3.760    3.952    3.957    1.217    0.196   -1.240    1.217    0.196   -0.244   -1.509    0.239    1.528    0.773
 649.30    4.121    4.375    4.376    1.471    0.072   -0.879    1.471    0.072   -0.064   -1.293    0.107    1.471    0.650
 649.40    4.261    4.503    4.517    1.459    0.350   -0.739    1.459    0.350   -0.259   -1.079    0.510    1.399    0.610
 649.50    4.395    4.696    4.716    1.654    0.426   -0.605    1.654    0.426   -0.257   -1.000    0.704    1.642    0.625
 649.60    4.692    4.911    4.914    1.448    0.187   -0.308    1.448    0.187   -0.058   -0.446    0.271    1.113    0.262
 649.70    4.977    5.168    5.187    1.391    0.444   -0.023    1.391    0.444   -0.010   -0.031    0.617    1.066    0.309
 649.80    4.662    4.831    4.842    1.264    0.331   -0.338    1.264    0.331   -0.112   -0.427    0.418    0.910    0.304
 649.90    4.524    4.675    4.684    1.177    0.297   -0.476    1.177    0.297   -0.141   -0.560    0.349    0.850    0.337
 650.00    4.694    4.878    4.904    1.325    0.512   -0.306    1.325    0.512   -0.157   -0.405    0.679    1.056    0.403
 650.10    4.688    4.874    4.882    1.332    0.294   -0.312    1.332    0.294   -0.092   -0.415    0.392    0.979    0.289
 650.20    4.474    4.693    4.694    1.418   -0.060   -0.526    1.418   -0.060    0.031   -0.746   -0.085    1.146    0.376
 650.30    4.078    4.313    4.329    1.405   -0.376   -0.922    1.405   -0.376    0.347   -1.296   -0.528    1.483    0.721
 650.40    3.890    4.064    4.064    1.176   -0.005   -1.110    1.176   -0.005    0.005   -1.305   -0.006    1.308    0.653
 650.50    3.912    4.009    4.010    0.879   -0.049   -1.088    0.879   -0.049    0.054   -0.957   -0.043    0.980    0.480
 650.60    4.022    4.143    4.159    0.993    0.366   -0.978    0.993    0.366   -0.358   -0.971    0.363    1.038    0.549
 650.70    4.199    4.385    4.392    1.263    0.240   -0.801    1.263    0.240   -0.192   -1.012    0.304    1.147    0.537
 650.80    3.980    4.071    4.071    0.854    0.026   -1.020    0.854    0.026   -0.027   -0.871    0.023    0.885    0.436
 650.90    4.012    4.248    4.262    1.396    0.344   -0.988    1.396    0.344   -0.340   -1.379    0.481    1.522    0.750
 651.00    4.062    4.240    4.287    1.215    0.635   -0.938    1.215    0.635   -0.596   -1.140    0.772    1.380    0.750
 651.10    4.300    4.443    4.556    1.118    1.008   -0.700    1.118    1.008   -0.705   -0.783    1.127    1.378    0.771
 651.20    4.337    4.481    4.549    1.128    0.785   -0.663    1.128    0.785   -0.521   -0.748    0.886    1.165    0.636
 651.30    4.524    4.625    4.686    0.963    0.754   -0.476    0.963    0.754   -0.359   -0.459    0.727    0.862    0.466
 651.40    4.688    4.822    4.909    1.127    0.919   -0.312    1.127    0.919   -0.287   -0.351    1.036    1.106    0.565
 651.50    4.637    4.771    4.848    1.122    0.859   -0.363    1.122    0.859   -0.311   -0.407    0.964    1.064    0.546
 651.60    4.329    4.548    4.603    1.395    0.710   -0.671    1.395    0.710   -0.476   -0.936    0.990    1.450    0.722
 651.70    4.380    4.560    4.684    1.266    1.073   -0.620    1.266    1.073   -0.665   -0.785    1.358    1.569    0.852
 651.80    4.441    4.542    4.706    0.950    1.233   -0.559    0.950    1.233   -0.689   -0.531    1.172    1.368    0.730
 651.90    4.189    4.312    4.374    1.024    0.734   -0.811    1.024    0.734   -0.596   -0.831    0.752    1.123    0.634
 652.00    4.225    4.423    4.448    1.308    0.469   -0.775    1.308    0.469   -0.363   -1.013    0.613    1.265    0.619
 652.10    4.023    4.212    4.215    1.247    0.166   -0.977    1.247    0.166   -0.162   -1.219    0.207    1.269    0.623
 652.20    3.977    4.132    4.166    1.123    0.530   -1.023    1.123    0.530   -0.543   -1.149    0.596    1.295    0.702
 652.30    4.068    4.305    4.392    1.411    0.869   -0.932    1.411    0.869   -0.810   -1.316    1.226    1.808    0.986
 652.40    3.976    4.111    4.318    1.044    1.320   -1.024    1.044    1.320   -1.352   -1.068    1.378    1.940    1.103
 652.50    3.996    4.103    4.287    0.930    1.240   -1.004    0.930    1.240   -1.245   -0.934    1.154    1.706    0.969
 652.60    4.005    4.035    4.286    0.492    1.446   -0.995    0.492    1.446   -1.438   -0.490    0.712    1.661    0.839
 652.70    4.044    4.061    4.368    0.382    1.609   -0.956    0.382    1.609   -1.539   -0.365    0.614    1.824    0.848
 652.80    3.811    3.831    4.065    0.385    1.359   -1.189    0.385    1.359   -1.615   -0.457    0.523    1.704    0.879
 652.90    3.793    3.869    4.017    0.763    1.081   -1.207    0.763    1.081   -1.305   -0.921    0.826    1.604    0.899
 653.00    3.918    4.010    4.277    0.850    1.489   -1.082    0.850    1.489   -1.610   -0.920    1.266    2.054    1.122
 653.10    4.007    4.061    4.292    0.659    1.388   -0.993    0.659    1.388   -1.377   -0.654    0.915    1.673    0.889
 653.20    4.130    4.230    4.344    0.912    0.989   -0.870    0.912    0.989   -0.860   -0.793    0.902    1.283    0.739
 653.30    3.957    4.074    4.136    0.969    0.714   -1.043    0.969    0.714   -0.745   -1.011    0.692    1.268    0.717
 653.40    4.362    4.529    4.623    1.220    0.926   -0.638    1.220    0.926   -0.591   -0.778    1.129    1.376    0.746
 653.50    4.269    4.403    4.489    1.079    0.875   -0.731    1.079    0.875   -0.639   -0.789    0.944    1.232    0.693
 653.60    4.381    4.450    4.550    0.778    0.948   -0.619    0.778    0.948   -0.587   -0.481    0.738    0.944    0.529
 653.70    4.761    4.816    4.986    0.727    1.292   -0.239    0.727    1.292   -0.309   -0.174    0.939    1.127    0.502
 653.80    4.465    4.490    4.727    0.475    1.478   -0.535    0.475    1.478   -0.791   -0.254    0.703    1.348    0.544
 653.90    4.460    4.491    4.848    0.522    1.826   -0.540    0.522    1.826   -0.986   -0.282    0.953    1.949    0.700
 654.00    4.513    4.528    4.960    0.373    2.024   -0.487    0.373    2.024   -0.986   -0.182    0.756    2.236    0.628
 654.10    5.079    5.134    5.461    0.744    1.863    0.079    0.744    1.863    0.148    0.059    1.385    2.015    0.697
 654.20    4.792    4.845    5.258    0.718    2.041   -0.208    0.718    2.041   -0.425   -0.149    1.466    2.362    0.767
 654.30    4.888    4.948    5.309    0.768    1.925   -0.112    0.768    1.925   -0.215   -0.086    1.479    2.154    0.748
 654.40    4.937    4.992    5.227    0.737    1.552   -0.063    0.737    1.552   -0.098   -0.046    1.144    1.478    0.575
 654.50    4.777    4.822    5.079    0.659    1.596   -0.223    0.659    1.596   -0.357   -0.147    1.051    1.516    0.560
 654.60    4.315    4.388    4.598    0.801    1.372   -0.685    0.801    1.372   -0.940   -0.549    1.099    1.497    0.774
 654.70    4.341    4.414    4.659    0.798    1.493   -0.659    0.798    1.493   -0.984   -0.526    1.192    1.650    0.816
 654.80    4.556    4.639    4.819    0.873    1.302   -0.444    0.873    1.302   -0.577   -0.387    1.137    1.327    0.666
 654.90    4.443    4.504    4.727    0.742    1.434   -0.557    0.742    1.434   -0.799   -0.414    1.064    1.459    0.697
 655.00    4.148    4.236    4.362    0.859    1.042   -0.852    0.859    1.042   -0.888   -0.732    0.895    1.275    0.729
 655.10    3.991    4.045    4.158    0.660    0.964   -1.009    0.660    0.964   -0.973   -0.667    0.636    1.192    0.670
 655.20    3.967    4.023    4.204    0.671    1.219   -1.033    0.671    1.219   -1.260   -0.693    0.818    1.502    0.827
 655.30    3.961    3.970    4.072    0.267    0.905   -1.039    0.267    0.905   -0.941   -0.278    0.242    0.985    0.505
 655.40    4.281    4.315    4.353    0.539    0.570   -0.719    0.539    0.570   -0.409   -0.387    0.307    0.566    0.321
 655.50    4.275    4.359    4.474    0.851    1.011   -0.725    0.851    1.011   -0.733   -0.617    0.860    1.136    0.644
 655.60    4.472    4.492    4.575    0.432    0.864   -0.528    0.432    0.864   -0.457   -0.228    0.374    0.607    0.316
 655.70    4.276    4.319    4.454    0.607    1.089   -0.724    0.607    1.089   -0.788   -0.439    0.661    1.039    0.559
 655.80    4.266    4.343    4.635    0.812    1.620   -0.734    0.812    1.620   -1.189   -0.596    1.316    1.912    0.935
 655.90    4.269    4.351    4.651    0.839    1.644   -0.731    0.839    1.644   -1.202   -0.613    1.379    1.970    0.965
 656.00    4.111    4.122    4.399    0.299    1.538   -0.889    0.299    1.538   -1.367   -0.265    0.459    1.622    0.733
 656.10    4.110    4.148    4.431    0.561    1.558   -0.890    0.561    1.558   -1.387   -0.499    0.874    1.767    0.857
 656.20    4.221    4.248    4.497    0.476    1.475   -0.779    0.476    1.475   -1.149   -0.370    0.701    1.504    0.698
 656.30    3.668    3.840    4.115    1.138    1.479   -1.332    1.138    1.479   -1.970   -1.515    1.682    2.627    1.500
 656.40    3.906    4.042    4.286    1.042    1.424   -1.094    1.042    1.424   -1.559   -1.140    1.484    2.156    1.218
 656.50    4.168    4.274    4.616    0.946    1.742   -0.832    0.946    1.742   -1.449   -0.787    1.648    2.311    1.166
 656.60    3.954    4.063    4.376    0.936    1.624   -1.046    0.936    1.624   -1.698   -0.979    1.519    2.303    1.240
 656.70    4.319    4.421    4.916    0.940    2.150   -0.681    0.940    2.150   -1.464   -0.640    2.022    2.986    1.288
 656.80    4.604    4.794    5.150    1.335    1.881   -0.396    1.335    1.881   -0.744   -0.528    2.511    2.738    1.336
 656.90    4.822    4.969    5.167    1.198    1.415   -0.178    1.198    1.415   -0.251   -0.213    1.696    1.735    0.864
 657.00    4.885    5.090    5.286    1.428    1.428   -0.115    1.428    1.428   -0.164   -0.164    2.040    2.046    1.026
 657.10    5.124    5.248    5.413    1.138    1.324    0.124    1.138    1.324    0.164    0.141    1.506    1.531    0.761
 657.20    5.094    5.257    5.522    1.301    1.691    0.094    1.301    1.691    0.158    0.122    2.200    2.280    1.104
 657.30    5.033    5.250    5.518    1.494    1.702    0.033    1.494    1.702    0.055    0.049    2.542    2.564    1.271
 657.40    4.742    5.030    5.253    1.676    1.514   -0.258    1.676    1.514   -0.391   -0.432    2.539    2.585    1.302
 657.50    4.925    5.019    5.207    0.965    1.388   -0.075    0.965    1.388   -0.104   -0.072    1.340    1.432    0.673
 657.60    4.918    5.030    5.180    1.056    1.236   -0.082    1.056    1.236   -0.101   -0.086    1.305    1.324    0.656
 657.70    4.755    4.896    5.040    1.169    1.193   -0.245    1.169    1.193   -0.292   -0.287    1.394    1.425    0.727
 657.80    4.504    4.758    4.849    1.533    0.934   -0.496    1.533    0.934   -0.464   -0.761    1.433    1.735    0.844
 657.90    4.609    4.975    5.002    1.872    0.523   -0.391    1.872    0.523   -0.205   -0.732    0.979    1.966    0.620
 658.00    4.645    5.050    5.057    1.981    0.270   -0.355    1.981    0.270   -0.096   -0.704    0.536    2.062    0.445
 658.10    4.897    5.190    5.205    1.721    0.397   -0.103    1.721    0.397   -0.041   -0.178    0.682    1.564    0.353
 658.20    5.277    5.557    5.561    1.742    0.212    0.277    1.742    0.212    0.059    0.483    0.370    1.578    0.306
 658.30    4.996    5.398    5.405    2.046    0.262   -0.004    2.046    0.262   -0.001   -0.009    0.537    2.128    0.268
 658.40    5.138    5.528    5.528    2.039    0.041    0.138    2.039    0.041    0.006    0.281    0.083    2.089    0.146
 658.50    5.468    5.756    5.765    1.797    0.331    0.468    1.797    0.331    0.155    0.841    0.594    1.779    0.520
 658.60    5.666    5.933    5.941    1.760    0.304    0.666    1.760    0.304    0.203    1.172    0.535    1.816    0.652
 658.70    5.352    5.599    5.634    1.644    0.625    0.352    1.644    0.625    0.220    0.579    1.027    1.609    0.600
 658.80    5.136    5.378    5.433    1.596    0.775    0.136    1.596    0.775    0.105    0.217    1.236    1.582    0.630
 658.90    5.086    5.367    5.425    1.712    0.788    0.086    1.712    0.788    0.068    0.148    1.350    1.781    0.680
 659.00    5.419    5.735    5.788    1.878    0.777    0.419    1.878    0.777    0.326    0.787    1.460    2.153    0.845
 659.10    5.462    5.829    5.878    2.037    0.756    0.462    2.037    0.756    0.349    0.941    1.539    2.467    0.919
 659.20    5.174    5.488    5.560    1.831    0.891    0.174    1.831    0.891    0.155    0.319    1.631    2.088    0.834
 659.30    5.150    5.392    5.476    1.598    0.954    0.150    1.598    0.954    0.143    0.240    1.524    1.743    0.775
 659.40    5.261    5.516    5.623    1.658    1.093    0.261    1.658    1.093    0.285    0.433    1.812    2.006    0.942
 659.50    5.164    5.529    5.617    1.975    0.987    0.164    1.975    0.987    0.162    0.324    1.949    2.451    0.991
 659.60    5.179    5.695    5.816    2.370    1.177    0.179    2.370    1.177    0.210    0.423    2.790    3.518    1.415
 659.70    5.205    5.690    5.798    2.299    1.110    0.205    2.299    1.110    0.228    0.472    2.552    3.280    1.303
 659.80    5.354    5.708    5.768    1.978    0.832    0.354    1.978    0.832    0.295    0.701    1.647    2.366    0.907
 659.90    5.333    5.590    5.653    1.674    0.843    0.333    1.674    0.843    0.281    0.558    1.411    1.812    0.771
 660.00    5.308    5.549    5.592    1.619    0.686    0.308    1.619    0.686    0.211    0.499    1.111    1.594    0.618
 660.10    5.329    5.507    5.546    1.390    0.655    0.329    1.390    0.655    0.215    0.457    0.910    1.234    0.520
 660.20    5.141    5.244    5.332    1.038    0.962    0.141    1.038    0.962    0.135    0.146    0.999    1.011    0.509
 660.30    4.885    5.096    5.152    1.453    0.755   -0.115    1.453    0.755   -0.087   -0.168    1.097    1.348    0.557
 660.40    4.986    5.115    5.164    1.144    0.709   -0.014    1.144    0.709   -0.010   -0.016    0.811    0.905    0.405
 660.50    4.592    4.709    4.813    1.045    0.994   -0.408    1.045    0.994   -0.406   -0.427    1.039    1.124    0.597
 660.60    4.349    4.383    4.451    0.541    0.778   -0.651    0.541    0.778   -0.506   -0.352    0.421    0.661    0.373
 660.70    4.574    4.647    4.719    0.816    0.824   -0.426    0.816    0.824   -0.351   -0.347    0.672    0.762    0.417
 660.80    4.415    4.659    4.771    1.486    1.032   -0.585    1.486    1.032   -0.604   -0.869    1.534    1.808    0.932
 660.90    4.485    4.724    4.793    1.481    0.811   -0.515    1.481    0.811   -0.417   -0.762    1.201    1.558    0.741
 661.00    4.460    4.559    4.584    0.945    0.481   -0.540    0.945    0.481   -0.260   -0.510    0.454    0.708    0.365
 661.10    4.506    4.569    4.622    0.755    0.700   -0.494    0.755    0.700   -0.345   -0.373    0.528    0.652    0.367
 661.20    4.640    4.691    4.706    0.684    0.377   -0.360    0.684    0.377   -0.135   -0.246    0.258    0.369    0.191
 661.30    4.319    4.334    4.353    0.368    0.406   -0.681    0.368    0.406   -0.277   -0.251    0.149    0.382    0.201
 661.40    4.216    4.301    4.313    0.851    0.326   -0.784    0.851    0.326   -0.256   -0.668    0.278    0.723    0.384
 661.50    4.632    4.805    4.805    1.278    0.046   -0.368    1.278    0.046   -0.017   -0.471    0.059    0.885    0.237
 661.60    4.524    4.690    4.690    1.237   -0.063   -0.476    1.237   -0.063    0.030   -0.589   -0.078    0.880    0.297
 661.70    4.839    5.031    5.032    1.379    0.044   -0.161    1.379    0.044   -0.007   -0.222    0.060    0.965    0.115
 661.80    5.123    5.255    5.287    1.172    0.574    0.123    1.172    0.574    0.071    0.144    0.672    0.859    0.346
 661.90    5.009    5.106    5.111    0.994    0.226    0.009    0.994    0.226    0.002    0.009    0.224    0.519    0.112
 662.00    4.843    5.015    5.019    1.303    0.189   -0.157    1.303    0.189   -0.030   -0.204    0.247    0.879    0.161
 662.10    4.527    4.758    4.760    1.466   -0.146   -0.473    1.466   -0.146    0.069   -0.694   -0.215    1.198    0.365
 662.20    4.721    4.883    4.900    1.249    0.403   -0.279    1.249    0.403   -0.113   -0.349    0.503    0.900    0.311
 662.30    4.672    4.820    4.846    1.182    0.502   -0.328    1.182    0.502   -0.165   -0.387    0.594    0.879    0.364
 662.40    4.542    4.637    4.650    0.935    0.346   -0.458    0.935    0.346   -0.158   -0.428    0.323    0.602    0.280
 662.50    4.641    4.743    4.749    0.980    0.237   -0.359    0.980    0.237   -0.085   -0.352    0.233    0.572    0.215
 662.60    4.667    4.720    4.721    0.705   -0.109   -0.333    0.705   -0.109    0.036   -0.235   -0.077    0.310    0.125
 662.70    4.411    4.449    4.451    0.582    0.128   -0.589    0.582    0.128   -0.075   -0.343    0.074    0.351    0.179
 662.80    4.597    4.654    4.654    0.724   -0.005   -0.403    0.724   -0.005    0.002   -0.292   -0.004    0.343    0.146
 662.90    4.790    4.867    4.873    0.864   -0.245   -0.210    0.864   -0.245    0.051   -0.181   -0.212    0.425    0.142
 663.00    4.925    4.965    4.965    0.625   -0.073   -0.075    0.625   -0.073    0.005   -0.047   -0.046    0.201    0.033
 663.10    5.282    5.313    5.314    0.577    0.077    0.282    0.577    0.077    0.022    0.162    0.045    0.209    0.085
 663.20    4.958    4.976    4.983    0.427    0.258   -0.042    0.427    0.258   -0.011   -0.018    0.110    0.125    0.056
 663.30    5.106    5.186    5.198    0.913    0.352    0.106    0.913    0.352    0.037    0.096    0.321    0.484    0.169
 663.40    5.384    5.418    5.434    0.608    0.409    0.384    0.608    0.409    0.157    0.234    0.249    0.342    0.188
 663.50    5.639    5.662    5.674    0.515    0.360    0.639    0.515    0.360    0.230    0.329    0.185    0.401    0.221
 663.60    5.687    5.697    5.710    0.334    0.398    0.687    0.334    0.398    0.273    0.229    0.133    0.371    0.190
 663.70    5.671    5.684    5.701    0.379    0.446    0.671    0.379    0.446    0.299    0.254    0.169    0.396    0.214
 663.80    5.226    5.227    5.308    0.138    0.925    0.226    0.138    0.925    0.209    0.031    0.128    0.462    0.123
 663.90    5.557    5.557    5.602   -0.068    0.712    0.557   -0.068    0.712    0.396   -0.038   -0.049    0.411    0.201
 664.00    5.627    5.627    5.672    0.050    0.710    0.627    0.050    0.710    0.445    0.031    0.035    0.450    0.224
 664.10    5.562    5.588    5.650    0.534    0.837    0.562    0.534    0.837    0.471    0.300    0.447    0.651    0.358
 664.20    5.186    5.215    5.305    0.545    0.972    0.186    0.545    0.972    0.181    0.102    0.529    0.638    0.284
 664.30    5.226    5.281    5.329    0.755    0.715    0.226    0.755    0.715    0.162    0.171    0.540    0.566    0.294
 664.40    5.272    5.351    5.401    0.917    0.729    0.272    0.917    0.729    0.199    0.250    0.669    0.724    0.371
 664.50    5.578    5.693    5.738    1.135    0.718    0.578    1.135    0.718    0.415    0.657    0.815    1.069    0.563
 664.60    5.802    5.946    5.980    1.299    0.636    0.802    1.299    0.636    0.510    1.042    0.826    1.368    0.712
 664.70    6.069    6.140    6.211    0.933    0.936    1.069    0.933    0.936    1.000    0.997    0.873    1.444    0.830
 664.80    5.993    6.063    6.170    0.915    1.144    0.993    0.915    1.144    1.136    0.908    1.046    1.566    0.896
 664.90    6.489    6.569    6.658    1.022    1.085    1.489    1.022    1.085    1.616    1.522    1.109    2.220    1.241
 665.00    6.518    6.561    6.610    0.750    0.804    1.518    0.750    0.804    1.221    1.139    0.603    1.757    0.888
 665.10    6.751    6.770    6.785    0.506    0.447    1.751    0.506    0.447    0.782    0.886    0.226    1.761    0.602
 665.20    6.440    6.466    6.497    0.577    0.635    1.440    0.577    0.635    0.915    0.831    0.367    1.405    0.644
 665.30    6.320    6.329    6.401    0.326    0.962    1.320    0.326    0.962    1.270    0.430    0.313    1.387    0.689
 665.40    6.307    6.320    6.373    0.413    0.823    1.307    0.413    0.823    1.075    0.539    0.339    1.277    0.625
 665.50    6.279    6.300    6.394    0.515    1.093    1.279    0.515    1.093    1.398    0.659    0.563    1.548    0.823
 665.60    5.916    5.928    6.056    0.379    1.237    0.916    0.379    1.237    1.133    0.347    0.468    1.256    0.637
 665.70    6.040    6.040    6.204   -0.061    1.417    1.040   -0.061    1.417    1.474   -0.064   -0.087    1.547    0.739
 665.80    6.302    6.302    6.442    0.062    1.332    1.302    0.062    1.332    1.735    0.081    0.082    1.737    0.869
 665.90    6.230    6.231    6.346    0.113    1.206    1.230    0.113    1.206    1.483    0.139    0.136    1.490    0.748
 666.00    6.253    6.274    6.456   -0.521    1.523    1.253   -0.521    1.523    1.907   -0.653   -0.793    2.079    1.083
 666.10    6.282    6.319    6.512   -0.682    1.573    1.282   -0.682    1.573    2.017   -0.875   -1.073    2.292    1.223
 666.20    6.192    6.210    6.362   -0.464    1.382    1.192   -0.464    1.382    1.648   -0.553   -0.641    1.774    0.926
 666.30    6.163    6.163    6.328    0.038    1.437    1.163    0.038    1.437    1.671    0.044    0.055    1.709    0.836
 666.40    6.165    6.166    6.241    0.136    0.961    1.165    0.136    0.961    1.119    0.158    0.130    1.149    0.569
 666.50    5.858    5.859    5.905   -0.102    0.737    0.858   -0.102    0.737    0.633   -0.087   -0.075    0.645    0.322
 666.60    6.099    6.104    6.180   -0.253    0.962    1.099   -0.253    0.962    1.058   -0.279   -0.244    1.099    0.560
 666.70    6.322    6.325    6.401    0.189    0.985    1.322    0.189    0.985    1.302    0.250    0.186    1.377    0.670
 666.80    6.337    6.342    6.373    0.242    0.637    1.337    0.242    0.637    0.851    0.323    0.154    1.126    0.462
 666.90    6.115    6.115    6.117    0.003   -0.155    1.115    0.003   -0.155   -0.173    0.004   -0.001    0.633    0.086
 667.00    6.095    6.096    6.108    0.031    0.396    1.095    0.031    0.396    0.434    0.034    0.012    0.679    0.218
 667.10    6.033    6.035    6.045    0.158    0.349    1.033    0.158    0.349    0.360    0.163    0.055    0.607    0.200
 667.20    5.680    5.685    5.695    0.231    0.350    0.680    0.231    0.350    0.238    0.157    0.081    0.319    0.148
 667.30    5.711    5.712    5.716    0.117    0.209    0.711    0.117    0.209    0.149    0.083    0.024    0.282    0.086
 667.40    5.673    5.674    5.675   -0.059    0.093    0.673   -0.059    0.093    0.063   -0.039   -0.005    0.233    0.037
 667.50    5.538    5.541    5.542    0.175    0.132    0.538    0.175    0.132    0.071    0.094    0.023    0.169    0.060
 667.60    5.423    5.426    5.430    0.158   -0.205    0.423    0.158   -0.205   -0.087    0.067   -0.032    0.123    0.057
 667.70    5.669    5.673    5.676    0.216    0.162    0.669    0.216    0.162    0.108    0.145    0.035    0.261    0.092
 667.80    5.615    5.632    5.645    0.436    0.384    0.615    0.436    0.384    0.236    0.268    0.168    0.358    0.197
 667.90    5.360    5.364    5.382   -0.188    0.440    0.360   -0.188    0.440    0.159   -0.068   -0.083    0.179    0.096
 668.00    5.637    5.641    5.646   -0.216    0.246    0.637   -0.216    0.246    0.157   -0.137   -0.053    0.256    0.108
 668.10    5.640    5.643    5.643    0.161    0.019    0.640    0.161    0.019    0.012    0.103    0.003    0.218    0.052
 668.20    5.612    5.614    5.627    0.146   -0.391    0.612    0.146   -0.391   -0.239    0.089   -0.057    0.274    0.131
 668.30    5.622    5.622    5.623    0.015    0.131    0.622    0.015    0.131    0.081    0.010    0.002    0.202    0.041
 668.40    5.685    5.687    5.689    0.138    0.137    0.685    0.138    0.137    0.094    0.094    0.019    0.254    0.067
 668.50    5.536    5.536    5.542    0.066    0.251    0.536    0.066    0.251    0.134    0.035    0.016    0.177    0.070
 668.60    5.327    5.331    5.339    0.206    0.287    0.327    0.206    0.287    0.094    0.067    0.059    0.116    0.065
 668.70    5.526    5.528    5.563    0.172    0.623    0.526    0.172    0.623    0.327    0.090    0.107    0.347    0.178
 668.80    5.854    5.854    5.887    0.052    0.621    0.854    0.052    0.621    0.530    0.044    0.032    0.558    0.266
 668.90    6.011    6.012    6.032   -0.136    0.492    1.011   -0.136    0.492    0.498   -0.138   -0.067    0.641    0.260
 669.00    5.886    5.886    5.907    0.059    0.497    0.886    0.059    0.497    0.441    0.053    0.030    0.518    0.222
 669.10    5.823    5.824    5.900   -0.096    0.945    0.823   -0.096    0.945    0.778   -0.079   -0.090    0.790    0.394
 669.20    5.803    5.804    5.849    0.113    0.727    0.803    0.113    0.727    0.584    0.091    0.082    0.593    0.298
 669.30    5.429    5.431    5.464    0.136    0.598    0.429    0.136    0.598    0.257    0.058    0.081    0.280    0.138
 669.40    5.439    5.440    5.490   -0.105    0.736    0.439   -0.105    0.736    0.323   -0.046   -0.078    0.373    0.168
 669.50    5.629    5.652    5.707    0.508    0.796    0.629    0.508    0.796    0.501    0.319    0.404    0.644    0.359
 669.60    5.703    5.721    5.814    0.450    1.036    0.703    0.450    1.036    0.729    0.316    0.466    0.885    0.460
 669.70    5.454    5.486    5.616    0.594    1.199    0.454    0.594    1.199    0.544    0.270    0.712    0.998    0.468
 669.80    5.414    5.416    5.571    0.160    1.306    0.414    0.160    1.306    0.540    0.066    0.209    0.951    0.292
 669.90    5.306    5.318    5.521    0.356    1.483    0.306    0.356    1.483    0.453    0.109    0.528    1.210    0.352
 670.00    5.395    5.426    5.619    0.582    1.461    0.395    0.582    1.461    0.577    0.230    0.851    1.315    0.527
 670.10    5.464    5.476    5.724    0.366    1.668    0.464    0.366    1.668    0.774    0.170    0.610    1.565    0.500
 670.20    5.368    5.383    5.465    0.409    0.942    0.368    0.409    0.942    0.346    0.151    0.385    0.595    0.270
 670.30    5.567    5.682    5.733    1.135    0.766    0.567    1.135    0.766    0.434    0.644    0.869    1.099    0.583
 670.40    5.337    5.448    5.500    1.093    0.754    0.337    1.093    0.754    0.254    0.369    0.824    0.938    0.469
 670.50    5.330    5.468    5.538    1.220    0.878    0.330    1.220    0.878    0.290    0.403    1.071    1.185    0.590
 670.60    5.599    5.678    5.746    0.945    0.885    0.599    0.945    0.885    0.530    0.566    0.837    1.018    0.570
 670.70    5.712    5.816    5.860    1.095    0.721    0.712    1.095    0.721    0.513    0.779    0.790    1.113    0.611
 670.80    5.478    5.606    5.664    1.189    0.807    0.478    1.189    0.807    0.386    0.569    0.960    1.148    0.591
 670.90    5.538    5.668    5.731    1.209    0.846    0.538    1.209    0.846    0.455    0.650    1.023    1.234    0.647
 671.00    5.640    5.754    5.816    1.140    0.842    0.640    1.140    0.842    0.539    0.730    0.960    1.210    0.661
 671.10    5.467    5.579    5.613    1.114    0.616    0.467    1.114    0.616    0.287    0.520    0.686    0.919    0.454
 671.20    5.335    5.521    5.554    1.422    0.599    0.335    1.422    0.599    0.201    0.476    0.852    1.247    0.498
 671.30    4.886    5.248    5.292    1.916    0.678   -0.114    1.916    0.678   -0.077   -0.218    1.299    2.071    0.660
 671.40    4.965    5.350    5.361    1.993    0.336   -0.035    1.993    0.336   -0.012   -0.070    0.670    2.044    0.337
 671.50    4.658    5.083    5.093    2.033    0.323   -0.342    2.033    0.323   -0.110   -0.694    0.657    2.178    0.481
 671.60    4.736    5.112    5.129    1.925    0.421   -0.264    1.925    0.421   -0.111   -0.508    0.810    1.975    0.481
 671.70    4.399    4.802    4.822    1.925    0.447   -0.601    1.925    0.447   -0.269   -1.158    0.861    2.134    0.734
 671.80    4.469    4.728    4.764    1.543    0.582   -0.531    1.543    0.582   -0.309   -0.819    0.898    1.501    0.627
 671.90    4.603    5.009    5.063    1.976    0.734   -0.397    1.976    0.734   -0.291   -0.784    1.451    2.300    0.837
 672.00    4.563    5.011    5.017    2.072    0.231   -0.437    2.072    0.231   -0.101   -0.905    0.478    2.268    0.514
 672.10    4.846    5.375    5.379    2.325    0.219   -0.154    2.325    0.219   -0.034   -0.358    0.509    2.739    0.312
 672.20    4.778    5.157    5.166    1.942    0.302   -0.222    1.942    0.302   -0.067   -0.432    0.587    1.956    0.366
 672.30    4.673    5.006    5.020    1.795    0.386   -0.327    1.795    0.386   -0.126   -0.588    0.692    1.740    0.459
 672.40    4.907    5.098    5.101    1.383    0.165   -0.093    1.383    0.165   -0.015   -0.128    0.228    0.974    0.131
 672.50    4.493    4.878    4.888    1.898   -0.321   -0.507    1.898   -0.321    0.163   -0.962   -0.609    1.982    0.575
 672.60    4.215    4.591    4.593    1.820   -0.127   -0.785    1.820   -0.127    0.099   -1.430   -0.230    1.973    0.726
 672.70    4.068    4.338    4.339    1.506    0.096   -0.932    1.506    0.096   -0.089   -1.403    0.144    1.573    0.707
 672.80    3.875    4.362    4.370    2.002    0.261   -1.125    2.002    0.261   -0.294   -2.252    0.523    2.671    1.165
 672.90    4.045    4.522    4.553    2.020    0.533   -0.955    2.020    0.533   -0.509   -1.928    1.077    2.637    1.133
 673.00    4.359    4.643    4.722    1.600    0.859   -0.641    1.600    0.859   -0.551   -1.026    1.374    1.854    0.901
 673.10    4.524    4.726    4.778    1.368    0.703   -0.476    1.368    0.703   -0.335   -0.651    0.961    1.296    0.604
 673.20    4.642    4.768    4.825    1.087    0.745   -0.358    1.087    0.745   -0.267   -0.389    0.810    0.933    0.469
 673.30    4.575    4.694    4.751    1.050    0.735   -0.425    1.050    0.735   -0.312   -0.446    0.772    0.911    0.472
 673.40    4.838    5.081    5.083    1.553    0.148   -0.162    1.553    0.148   -0.024   -0.252    0.230    1.230    0.171
 673.50    4.508    4.748    4.753    1.489    0.224   -0.492    1.489    0.224   -0.110   -0.732    0.333    1.254    0.406
 673.60    4.765    4.881    4.891    1.055    0.321   -0.235    1.055    0.321   -0.075   -0.248    0.338    0.635    0.213
 673.70    4.591    4.699    4.705    1.002    0.220   -0.409    1.002    0.220   -0.090   -0.409    0.220    0.610    0.237
 673.80    4.531    4.573    4.588    0.619    0.366   -0.469    0.619    0.366   -0.172   -0.290    0.227    0.369    0.203
 673.90    4.766    4.886    4.910    1.075    0.489   -0.234    1.075    0.489   -0.114   -0.252    0.526    0.725    0.297
 674.00    4.626    4.811    4.829    1.325    0.411   -0.374    1.325    0.411   -0.154   -0.496    0.544    1.032    0.376
 674.10    5.148    5.332    5.335    1.389    0.197    0.148    1.389    0.197    0.029    0.205    0.273    0.995    0.171
 674.20    5.207    5.368    5.379    1.302    0.348    0.207    1.302    0.348    0.072    0.270    0.453    0.930    0.266
 674.30    5.317    5.383    5.383    0.844    0.012    0.317    0.844    0.012    0.004    0.267    0.011    0.406    0.134
 674.40    5.066    5.112    5.114    0.685    0.117    0.066    0.685    0.117    0.008    0.045    0.080    0.243    0.046
 674.50    4.756    4.803    4.812    0.675    0.289   -0.244    0.675    0.289   -0.071   -0.165    0.195    0.299    0.133
 674.60    4.088    4.289    4.299    1.297    0.290   -0.912    1.297    0.290   -0.265   -1.182    0.377    1.299    0.634
 674.70    4.265    4.413    4.454    1.133    0.600   -0.735    1.133    0.600   -0.441   -0.833    0.680    1.092    0.581
 674.80    4.501    4.688    4.715    1.310    0.506   -0.499    1.310    0.506   -0.253   -0.653    0.663    1.110    0.482
 674.90    4.633    4.849    4.891    1.430    0.640   -0.367    1.430    0.640   -0.235   -0.524    0.915    1.294    0.540
 675.00    4.773    5.042    5.145    1.625    1.021   -0.227    1.625    1.021   -0.231   -0.369    1.659    1.867    0.857
 675.10    4.786    4.986    5.102    1.398    1.083   -0.214    1.398    1.083   -0.232   -0.299    1.514    1.587    0.780
 675.20    4.561    4.677    4.819    1.034    1.162   -0.439    1.034    1.162   -0.510   -0.454    1.201    1.306    0.691
 675.30    4.418    4.563    4.913    1.139    1.823   -0.582    1.139    1.823   -1.060   -0.662    2.076    2.479    1.211
 675.40    4.361    4.542    4.994    1.270    2.076   -0.639    1.270    2.076   -1.327   -0.812    2.636    3.166    1.531
 675.50    4.327    4.473    4.890    1.134    1.974   -0.673    1.134    1.974   -1.328   -0.763    2.238    2.817    1.356
 675.60    4.281    4.432    4.745    1.147    1.693   -0.719    1.147    1.693   -1.217   -0.824    1.943    2.350    1.218
 675.70    4.420    4.686    4.893    1.557    1.408   -0.580    1.557    1.408   -0.817   -0.904    2.192    2.371    1.254
 675.80    4.439    4.780    4.986    1.772    1.419   -0.561    1.772    1.419   -0.796   -0.993    2.514    2.734    1.409
 675.90    4.284    4.553    4.842    1.544    1.646   -0.716    1.544    1.646   -1.179   -1.106    2.541    2.803    1.506
 676.00    4.400    4.533    4.771    1.090    1.488   -0.600    1.090    1.488   -0.893   -0.654    1.622    1.881    0.982
 676.10    4.669    4.822    5.012    1.206    1.367   -0.331    1.206    1.367   -0.453   -0.399    1.648    1.716    0.878
 676.20    4.277    4.516    4.718    1.450    1.367   -0.723    1.450    1.367   -0.989   -1.049    1.983    2.248    1.226
 676.30    4.294    4.493    4.679    1.321    1.309   -0.706    1.321    1.309   -0.924   -0.933    1.730    1.979    1.086
 676.40    4.927    5.124    5.232    1.409    1.056   -0.073    1.409    1.056   -0.077   -0.103    1.488    1.554    0.747
 676.50    4.823    4.960    5.063    1.157    1.018   -0.177    1.157    1.018   -0.181   -0.205    1.178    1.203    0.604
 676.60    5.081    5.243    5.355    1.296    1.088    0.081    1.296    1.088    0.088    0.104    1.410    1.435    0.708
 676.70    4.977    5.156    5.290    1.344    1.186   -0.023    1.344    1.186   -0.027   -0.030    1.594    1.607    0.797
 676.80    5.125    5.256    5.385    1.165    1.174    0.125    1.165    1.174    0.147    0.146    1.367    1.375    0.691
 676.90    5.397    5.583    5.757    1.427    1.408    0.397    1.427    1.408    0.559    0.567    2.009    2.088    1.081
 677.00    5.191    5.383    5.483    1.427    1.041    0.191    1.427    1.041    0.199    0.272    1.486    1.579    0.762
 677.10    4.902    5.348    5.455    2.139    1.075   -0.098    2.139    1.075   -0.105   -0.209    2.300    2.871    1.156
 677.20    4.865    5.153    5.199    1.699    0.690   -0.135    1.699    0.690   -0.093   -0.229    1.172    1.690    0.599
 677.30    5.386    5.825    5.911    2.219    1.006    0.386    2.219    1.006    0.388    0.856    2.233    3.043    1.211
 677.40    5.087    5.821    5.902    2.829    0.979    0.087    2.829    0.979    0.085    0.245    2.769    4.485    1.391
 677.50    4.910    5.559    5.598    2.606    0.657   -0.090    2.606    0.657   -0.059   -0.234    1.711    3.614    0.864
 677.60    4.728    5.287    5.305    2.366    0.444   -0.272    2.366    0.444   -0.121   -0.645    1.051    2.935    0.619
 677.70    4.587    5.248    5.287    2.550    0.641   -0.413    2.550    0.641   -0.265   -1.053    1.633    3.542    0.981
 677.80    4.599    5.226    5.284    2.481    0.783   -0.401    2.481    0.783   -0.314   -0.995    1.943    3.465    1.102
 677.90    4.544    5.192    5.233    2.511    0.656   -0.456    2.511    0.656   -0.299   -1.145    1.646    3.472    1.014
 678.00    4.430    5.004    5.048    2.326    0.665   -0.570    2.326    0.665   -0.379   -1.326    1.548    3.090    1.036
 678.10    4.627    5.518    5.532    3.008    0.384   -0.373    3.008    0.384   -0.143   -1.123    1.156    4.667    0.809
 678.20    4.455    5.268    5.297    2.813    0.557   -0.545    2.813    0.557   -0.304   -1.534    1.567    4.259    1.107
 678.30    4.740    5.376    5.376    2.537   -0.004   -0.260    2.537   -0.004    0.001   -0.660   -0.010    3.251    0.330
 678.40    4.856    5.545    5.546    2.677    0.074   -0.144    2.677    0.074   -0.011   -0.386    0.197    3.597    0.217
 678.50    4.845    5.500    5.505    2.602   -0.235   -0.155    2.602   -0.235    0.036   -0.402   -0.612    3.424    0.367
 678.60    4.717    5.221    5.235    2.238   -0.382   -0.283    2.238   -0.382    0.108   -0.633   -0.854    2.618    0.534
 678.70    4.777    5.206    5.214    2.069   -0.291   -0.223    2.069   -0.291    0.065   -0.462   -0.603    2.209    0.381
 678.80    5.104    5.465    5.473    1.952   -0.301    0.104    1.952   -0.301   -0.031    0.204   -0.588    1.956    0.312
 678.90    5.086    5.498    5.498    2.089    0.010    0.086    2.089    0.010    0.001    0.180    0.020    2.186    0.090
 679.00    4.648    5.033    5.038    1.932    0.223   -0.352    1.932    0.223   -0.078   -0.680    0.430    1.953    0.404
 679.10    4.680    5.153    5.153    2.157    0.089   -0.320    2.157    0.089   -0.028   -0.691    0.191    2.381    0.359
 679.20    4.774    5.211    5.235    2.090    0.502   -0.226    2.090    0.502   -0.114   -0.473    1.049    2.335    0.578
 679.30    4.866    5.222    5.282    1.895    0.791   -0.134    1.895    0.791   -0.106   -0.254    1.500    2.118    0.762
 679.40    4.723    5.138    5.155    2.023    0.409   -0.277    2.023    0.409   -0.113   -0.560    0.828    2.168    0.503
 679.50    4.980    5.374    5.376    2.020   -0.161   -0.020    2.020   -0.161    0.003   -0.041   -0.325    2.053    0.164
 679.60    5.192    5.526    5.534    1.893   -0.290    0.192    1.893   -0.290   -0.056    0.364   -0.549    1.852    0.330
 679.70    5.145    5.477    5.482    1.880   -0.216    0.145    1.880   -0.216   -0.031    0.272   -0.405    1.800    0.245
 679.80    5.283    5.465    5.471    1.398   -0.253    0.283    1.398   -0.253   -0.072    0.396   -0.353    1.049    0.268
 679.90    5.516    5.690    5.691    1.394   -0.129    0.516    1.394   -0.129   -0.067    0.720   -0.180    1.113    0.372
 680.00    5.590    5.783    5.786    1.484    0.177    0.590    1.484    0.177    0.105    0.875    0.263    1.290    0.460
 680.10    5.762    5.951    5.971    1.485    0.496    0.762    1.485    0.496    0.378    1.132    0.737    1.516    0.701
 680.20    5.488    5.611    5.624    1.169    0.379    0.488    1.169    0.379    0.185    0.570    0.444    0.874    0.373
 680.30    5.077    5.166    5.178    0.955    0.357    0.077    0.955    0.357    0.027    0.073    0.341    0.523    0.175
 680.40    5.034    5.171    5.172    1.179    0.138    0.034    1.179    0.138    0.005    0.041    0.163    0.705    0.084
 680.50    5.074    5.234    5.235    1.287    0.098    0.074    1.287    0.098    0.007    0.095    0.126    0.836    0.079
 680.60    5.361    5.505    5.507    1.248   -0.152    0.361    1.248   -0.152   -0.055    0.451   -0.189    0.856    0.246
 680.70    5.152    5.321    5.321    1.329   -0.061    0.152    1.329   -0.061   -0.009    0.202   -0.081    0.897    0.109
 680.80    5.196    5.362    5.362    1.324   -0.051    0.196    1.324   -0.051   -0.010    0.259   -0.068    0.898    0.134
 680.90    5.480    5.682    5.682    1.499   -0.023    0.480    1.499   -0.023   -0.011    0.720   -0.034    1.239    0.360
 681.00    5.500    5.711    5.714    1.538   -0.205    0.500    1.538   -0.205   -0.102    0.768   -0.315    1.328    0.418
 681.10    5.656    5.898    5.898    1.672   -0.029    0.656    1.672   -0.029   -0.019    1.097   -0.048    1.614    0.549
 681.20    5.727    6.078    6.080    2.036    0.135    0.727    2.036    0.135    0.098    1.480    0.276    2.346    0.754
 681.30    5.461    5.821    5.839    2.017    0.460    0.461    2.017    0.460    0.212    0.929    0.927    2.245    0.665
 681.40    5.532    5.721    5.792    1.457    0.907    0.532    1.457    0.907    0.483    0.775    1.321    1.614    0.803
 681.50    5.693    5.853    5.898    1.358    0.725    0.693    1.358    0.725    0.503    0.942    0.985    1.426    0.726
 681.60    5.470    5.726    5.780    1.693    0.786    0.470    1.693    0.786    0.369    0.796    1.331    1.852    0.797
 681.70    5.145    5.466    5.526    1.847    0.809    0.145    1.847    0.809    0.117    0.268    1.494    2.043    0.761
 681.80    5.205    5.518    5.546    1.834    0.558    0.205    1.834    0.558    0.114    0.375    1.024    1.859    0.548
 681.90    5.726    5.936    5.948    1.566    0.379    0.726    1.566    0.379    0.275    1.136    0.593    1.560    0.655
 682.00    5.449    5.685    5.688    1.621    0.195    0.449    1.621    0.195    0.088    0.728    0.317    1.434    0.399
 682.10    5.723    5.862    5.876    1.271    0.400    0.723    1.271    0.400    0.289    0.919    0.508    1.149    0.544
 682.20    5.543    5.720    5.744    1.413    0.525    0.543    1.413    0.525    0.285    0.766    0.742    1.283    0.552
 682.30    5.576    5.722    5.728    1.285    0.265    0.576    1.285    0.265    0.153    0.740    0.341    1.026    0.415
 682.40    5.626    5.755    5.755    1.212    0.039    0.626    1.212    0.039    0.025    0.759    0.048    0.931    0.380
 682.50    5.739    5.894    5.896    1.345    0.141    0.739    1.345    0.141    0.104    0.993    0.190    1.187    0.508
 682.60    6.235    6.303    6.312    0.920    0.333    1.235    0.920    0.333    0.412    1.136    0.307    1.242    0.623
 682.70    6.332    6.363    6.369    0.623    0.278    1.332    0.623    0.278    0.371    0.830    0.173    1.120    0.463
 682.80    6.270    6.287    6.290    0.462    0.198    1.270    0.462    0.198    0.251    0.587    0.091    0.933    0.322
 682.90    6.090    6.110    6.111    0.498    0.093    1.090    0.498    0.093    0.102    0.543    0.046    0.722    0.277
 683.00    6.444    6.497    6.507    0.831    0.357    1.444    0.831    0.357    0.516    1.200    0.297    1.451    0.670
 683.10    6.484    6.585    6.617    1.149    0.648    1.484    1.149    0.648    0.962    1.704    0.745    1.971    1.047
 683.20    6.008    6.034    6.176    0.555    1.316    1.008    0.555    1.316    1.327    0.560    0.730    1.528    0.807
 683.30    6.149    6.152    6.291    0.178    1.317    1.149    0.178    1.317    1.513    0.205    0.235    1.543    0.772
 683.40    6.354    6.354    6.417   -0.027    0.894    1.354   -0.027    0.894    1.211   -0.037   -0.024    1.317    0.606
 683.50    5.970    5.972    6.037    0.157    0.886    0.970    0.157    0.886    0.859    0.152    0.139    0.875    0.442
 683.60    5.955    5.956    6.043    0.101    1.024    0.955    0.101    1.024    0.978    0.097    0.104    0.985    0.494
 683.70    5.906    5.907    6.119    0.038    1.599    0.906    0.038    1.599    1.450    0.035    0.061    1.690    0.726
 683.80    5.727    5.728    5.943    0.129    1.583    0.727    0.129    1.583    1.150    0.094    0.204    1.525    0.586
 683.90    5.925    5.936    6.142    0.360    1.577    0.925    0.360    1.577    1.458    0.333    0.567    1.735    0.800
 684.00    5.875    5.886    6.084    0.361    1.539    0.875    0.361    1.539    1.346    0.315    0.555    1.632    0.745
 684.10    6.137    6.165    6.306    0.591    1.324    1.137    0.591    1.324    1.506    0.672    0.782    1.698    0.912
 684.20    6.357    6.379    6.446    0.533    0.926    1.357    0.533    0.926    1.256    0.723    0.494    1.491    0.766
 684.30    6.196    6.221    6.274    0.556    0.812    1.196    0.556    0.812    0.971    0.665    0.452    1.200    0.631
 684.40    6.140    6.162    6.297    0.513    1.298    1.140    0.513    1.298    1.480    0.585    0.666    1.624    0.863
 684.50    6.265    6.293    6.360    0.596    0.916    1.265    0.596    0.916    1.159    0.754    0.546    1.397    0.743
 684.60    6.236    6.288    6.359    0.805    0.945    1.236    0.805    0.945    1.168    0.995    0.760    1.535    0.856
 684.70    6.363    6.399    6.435    0.673    0.684    1.363    0.673    0.684    0.932    0.917    0.460    1.389    0.693
 684.80    6.614    6.668    6.725    0.851    0.873    1.614    0.851    0.873    1.409    1.373    0.743    2.045    1.051
 684.90    6.606    6.668    6.745    0.907    1.015    1.606    0.907    1.015    1.630    1.457    0.920    2.216    1.186
 685.00    6.880    6.894    6.962    0.443    0.973    1.880    0.443    0.973    1.830    0.833    0.432    2.339    1.028
 685.10    7.143    7.150    7.243    0.317    1.154    2.143    0.317    1.154    2.474    0.680    0.366    3.013    1.296
 685.20    6.885    6.923    7.080    0.727    1.483    1.885    0.727    1.483    2.795    1.370    1.078    3.140    1.647
 685.30    6.838    6.876    6.994    0.724    1.279    1.838    0.724    1.279    2.350    1.330    0.925    2.768    1.427
 685.40    6.852    6.889    6.941    0.717    0.849    1.852    0.717    0.849    1.572    1.328    0.609    2.332    1.073
 685.50    6.920    6.953    6.992    0.673    0.743    1.920    0.673    0.743    1.427    1.292    0.500    2.346    0.994
 685.60    7.120    7.137    7.148    0.492    0.406    2.120    0.492    0.406    0.861    1.042    0.200    2.450    0.683
 685.70    6.888    6.891    6.904    0.226    0.417    1.888    0.226    0.417    0.788    0.426    0.094    1.894    0.450
 685.80    6.686    6.689    6.731    0.192    0.751    1.686    0.192    0.751    1.267    0.324    0.144    1.722    0.658
 685.90    6.329    6.333    6.426    0.233    1.093    1.329    0.233    1.093    1.453    0.309    0.255    1.507    0.753
 686.00    5.946    5.966    6.034    0.485    0.903    0.946    0.485    0.903    0.854    0.459    0.438    0.973    0.532
 686.10    5.871    5.906    5.959    0.647    0.789    0.871    0.647    0.789    0.687    0.564    0.510    0.900    0.512
 686.20    5.886    5.919    6.005    0.620    1.013    0.886    0.620    1.013    0.898    0.549    0.628    1.098    0.613
 686.30    5.851    5.861    5.948    0.344    1.011    0.851    0.344    1.011    0.861    0.293    0.348    0.933    0.487
 686.40    5.821    5.824    5.901    0.169    0.952    0.821    0.169    0.952    0.782    0.139    0.161    0.805    0.405
 686.50    5.931    5.931    6.002   -0.069    0.920    0.931   -0.069    0.920    0.856   -0.065   -0.064    0.859    0.431
 686.60    6.300    6.305    6.406   -0.234    1.138    1.300   -0.234    1.138    1.479   -0.305   -0.266    1.520    0.767
 686.70    6.235    6.246    6.363   -0.366    1.213    1.235   -0.366    1.213    1.499   -0.452   -0.444    1.566    0.814
 686.80    6.097    6.104    6.166   -0.293    0.871    1.097   -0.293    0.871    0.956   -0.321   -0.255    1.025    0.520
 686.90    6.236    6.236    6.274    0.089    0.686    1.236    0.089    0.686    0.847    0.110    0.061    1.003    0.428
 687.00    6.248    6.262    6.326    0.424    0.897    1.248    0.424    0.897    1.119    0.529    0.380    1.270    0.647
 687.10    6.592    6.614    6.682    0.536    0.951    1.592    0.536    0.951    1.515    0.853    0.510    1.864    0.906
 687.20    6.616    6.680    6.703    0.919    0.560    1.616    0.919    0.560    0.905    1.486    0.515    1.885    0.907
 687.30    6.321    6.344    6.382    0.537    0.699    1.321    0.537    0.699    0.924    0.709    0.375    1.261    0.612
 687.40    5.992    6.010    6.085    0.468    0.952    0.992    0.468    0.952    0.944    0.464    0.445    1.054    0.571
 687.50    6.073    6.102    6.124    0.594    0.527    1.073    0.594    0.527    0.565    0.637    0.313    0.890    0.454
 687.60    6.111    6.117    6.157    0.285    0.697    1.111    0.285    0.697    0.774    0.316    0.198    0.900    0.430
 687.70    5.954    5.957    6.025    0.197    0.902    0.954    0.197    0.902    0.860    0.188    0.178    0.881    0.449
 687.80    5.794    5.802    5.890   -0.308    1.014    0.794   -0.308    1.014    0.805   -0.245   -0.312    0.876    0.449
 687.90    5.902    5.907    6.006   -0.239    1.086    0.902   -0.239    1.086    0.980   -0.216   -0.260    1.026    0.518
 688.00    5.498    5.521    5.626   -0.507    1.082    0.498   -0.507    1.082    0.539   -0.252   -0.548    0.837    0.404
 688.10    5.515    5.552    5.657   -0.637    1.084    0.515   -0.637    1.084    0.558   -0.328   -0.691    0.923    0.473
 688.20    5.628    5.667    5.783   -0.660    1.156    0.628   -0.660    1.156    0.726   -0.414   -0.763    1.083    0.566
 688.30    5.911    5.955    6.096   -0.721    1.307    0.911   -0.721    1.307    1.190   -0.657   -0.942    1.529    0.827
 688.40    5.807    5.850    5.935   -0.714    0.997    0.807   -0.714    0.997    0.804   -0.576   -0.712    1.077    0.609
 688.50    5.718    5.780    5.879   -0.843    1.076    0.718   -0.843    1.076    0.773   -0.605   -0.907    1.192    0.668
 688.60    5.758    5.831    5.916   -0.917    1.001    0.758   -0.917    1.001    0.759   -0.695   -0.918    1.209    0.689
 688.70    6.019    6.082    6.170   -0.873    1.039    1.019   -0.873    1.039    1.059   -0.890   -0.907    1.440    0.827
 688.80    5.750    5.781    5.884   -0.600    1.093    0.750   -0.600    1.093    0.820   -0.450   -0.656    1.059    0.572
 688.90    5.870    5.888    5.953   -0.464    0.879    0.870   -0.464    0.879    0.764   -0.404   -0.408    0.872    0.478
 689.00    5.817    5.846    5.925   -0.584    0.963    0.817   -0.584    0.963    0.787   -0.477   -0.563    0.968    0.539
 689.10    5.505    5.530    5.635   -0.522    1.083    0.505   -0.522    1.083    0.547   -0.264   -0.565    0.850    0.415
 689.20    5.482    5.502    5.582   -0.466    0.943    0.482   -0.466    0.943    0.455   -0.225   -0.440    0.670    0.336
 689.30    5.845    5.845    5.934    0.088    1.024    0.845    0.088    1.024    0.865    0.075    0.090    0.885    0.436
 689.40    5.607    5.614    5.694   -0.271    0.951    0.607   -0.271    0.951    0.578   -0.165   -0.258    0.673    0.327
 689.50    5.433    5.464    5.540   -0.586    0.915    0.433   -0.586    0.915    0.396   -0.253   -0.536    0.684    0.356
 689.60    5.397    5.403    5.536   -0.265    1.205    0.397   -0.265    1.205    0.478   -0.105   -0.319    0.840    0.292
 689.70    5.392    5.401    5.540   -0.308    1.235    0.392   -0.308    1.235    0.484   -0.121   -0.380    0.887    0.314
 689.80    5.238    5.242    5.402   -0.220    1.304    0.238   -0.220    1.304    0.310   -0.052   -0.287    0.902    0.213
 689.90    5.427    5.427    5.568    0.024    1.244    0.427    0.024    1.244    0.531    0.010    0.030    0.865    0.266
 690.00    5.297    5.306    5.379   -0.306    0.884    0.297   -0.306    0.884    0.263   -0.091   -0.270    0.482    0.194
 690.10    5.147    5.154    5.177   -0.277    0.483    0.147   -0.277    0.483    0.071   -0.041   -0.134    0.166    0.078
 690.20    5.394    5.432    5.432   -0.641    0.009    0.394   -0.641    0.009    0.004   -0.253   -0.006    0.283    0.126
 690.30    5.418    5.511    5.515   -1.009   -0.206    0.418   -1.009   -0.206   -0.086   -0.422    0.208    0.618    0.239
 690.40    4.778    4.825    4.827   -0.668    0.160   -0.222   -0.668    0.160   -0.036    0.148   -0.107    0.261    0.093
 690.50    4.970    5.097    5.097   -1.131   -0.000   -0.030   -1.131   -0.000    0.000    0.034    0.000    0.640    0.017
 690.60    4.776    4.967    4.970   -1.363    0.169   -0.224   -1.363    0.169   -0.038    0.305   -0.230    0.968    0.192
 690.70    4.708    4.911    4.935   -1.400    0.478   -0.292   -1.400    0.478   -0.140    0.409   -0.670    1.137    0.399
 690.80    4.553    4.734    4.768   -1.296    0.565   -0.447   -1.296    0.565   -0.252    0.579   -0.732    1.099    0.483
 690.90    4.736    4.857    4.857   -1.078   -0.009   -0.264   -1.078   -0.009    0.002    0.285    0.010    0.616    0.143
 691.00    4.648    4.842    4.855   -1.357    0.357   -0.352   -1.357    0.357   -0.126    0.478   -0.485    1.046    0.346
 691.10    4.916    5.172    5.184   -1.607    0.348   -0.084   -1.607    0.348   -0.029    0.135   -0.559    1.356    0.288
 691.20    5.018    5.225    5.246   -1.455    0.467    0.018   -1.455    0.467    0.008   -0.026   -0.680    1.167    0.340
 691.30    4.645    4.790    4.794   -1.170    0.194   -0.355   -1.170    0.194   -0.069    0.415   -0.227    0.766    0.239
 691.40    4.581    4.693    4.694   -1.018    0.095   -0.419   -1.018    0.095   -0.040    0.426   -0.096    0.610    0.219
 691.50    4.449    4.536    4.541   -0.886    0.218   -0.551   -0.886    0.218   -0.120    0.488   -0.193    0.568    0.269
 691.60    4.637    4.743    4.744   -1.000   -0.038   -0.363   -1.000   -0.038    0.014    0.363    0.038    0.567    0.183
 691.70    4.746    4.838    4.845   -0.943   -0.243   -0.254   -0.943   -0.243    0.062    0.240    0.229    0.506    0.169
 691.80    4.713    4.875    4.902   -1.247   -0.511   -0.287   -1.247   -0.511    0.147    0.358    0.637    0.950    0.373
 691.90    4.565    4.747    4.754   -1.304   -0.244   -0.435   -1.304   -0.244    0.106    0.567    0.318    0.974    0.329
 692.00    4.509    4.696    4.718   -1.310    0.453   -0.491   -1.310    0.453   -0.222    0.643   -0.594    1.081    0.451
 692.10    4.695    5.016    5.044   -1.764    0.535   -0.305   -1.764    0.535   -0.163    0.538   -0.944    1.746    0.549
 692.20    4.884    5.101    5.109   -1.473    0.280   -0.116   -1.473    0.280   -0.032    0.171   -0.412    1.131    0.224
 692.30    4.718    4.984    4.998   -1.607    0.365   -0.282   -1.607    0.365   -0.103    0.453   -0.586    1.398    0.374
 692.40    4.800    5.024    5.089   -1.485    0.813   -0.200   -1.485    0.813   -0.163    0.298   -1.207    1.453    0.627
 692.50    4.845    5.084    5.162   -1.540    0.894   -0.155   -1.540    0.894   -0.139    0.239   -1.377    1.598    0.702
 692.60    5.104    5.385    5.390   -1.719    0.233    0.104   -1.719    0.233    0.024   -0.178   -0.401    1.510    0.220
 692.70    5.229    5.559    5.571   -1.886    0.370    0.229   -1.886    0.370    0.085   -0.432   -0.698    1.873    0.412
 692.80    5.325    5.722    5.775   -2.094    0.783    0.325   -2.094    0.783    0.255   -0.681   -1.640    2.551    0.897
 692.90    5.282    5.797    5.834   -2.390    0.657    0.282   -2.390    0.657    0.185   -0.673   -1.570    3.112    0.859
 693.00    5.464    5.973    6.002   -2.412    0.591    0.464   -2.412    0.591    0.274   -1.119   -1.426    3.191    0.917
 693.10    5.400    5.892    5.912   -2.355    0.484    0.400   -2.355    0.484    0.194   -0.943   -1.140    2.971    0.746
 693.20    5.386    5.927    5.949   -2.473    0.510    0.386   -2.473    0.510    0.197   -0.955   -1.261    3.263    0.797
 693.30    5.385    6.001    6.010   -2.649    0.323    0.385   -2.649    0.323    0.124   -1.020   -0.856    3.635    0.669
 693.40    5.236    5.945    5.945   -2.815    0.080    0.236   -2.815    0.080    0.019   -0.665   -0.224    3.992    0.351
 693.50    5.262    5.809    5.811   -2.461   -0.166    0.262   -2.461   -0.166   -0.043   -0.644    0.409    3.076    0.382
 693.60    5.566    6.061    6.064   -2.400   -0.192    0.566   -2.400   -0.192   -0.108   -1.358    0.460    3.058    0.719
 693.70    5.971    6.383    6.403   -2.257   -0.501    0.971   -2.257   -0.501   -0.487   -2.190    1.132    3.144    1.257
 693.80    5.715    6.213    6.264   -2.438   -0.792    0.715   -2.438   -0.792   -0.566   -1.743    1.930    3.542    1.331
 693.90    5.528    6.055    6.093   -2.471   -0.682    0.528   -2.471   -0.682   -0.360   -1.305    1.686    3.426    1.081
 694.00    5.647    6.304    6.309   -2.803   -0.236    0.647   -2.803   -0.236   -0.152   -1.813    0.660    4.165    0.968
 694.10    5.601    6.006    6.015   -2.168   -0.336    0.601   -2.168   -0.336   -0.202   -1.303    0.729    2.587    0.753
 694.20    5.787    6.085    6.096   -1.879   -0.369    0.787   -1.879   -0.369   -0.290   -1.480    0.693    2.144    0.830
 694.30    5.957    6.207    6.209   -1.743   -0.184    0.957   -1.743   -0.184   -0.176   -1.668    0.321    1.994    0.854
 694.40    6.133    6.401    6.410   -1.830   -0.343    1.133   -1.830   -0.343   -0.388   -2.074    0.627    2.376    1.101
 694.50    5.559    5.772    5.776   -1.554   -0.206    0.559   -1.554   -0.206   -0.115   -0.869    0.320    1.385    0.466
 694.60    5.400    5.669    5.669   -1.726   -0.042    0.400   -1.726   -0.042   -0.017   -0.690    0.073    1.570    0.347
 694.70    5.673    5.890    5.892   -1.584   -0.156    0.673   -1.584   -0.156   -0.105   -1.066    0.247    1.494    0.550
 694.80    5.899    6.048    6.052   -1.334   -0.224    0.899   -1.334   -0.224   -0.201   -1.199    0.298    1.318    0.626
 694.90    5.861    6.013    6.015   -1.344   -0.135    0.861   -1.344   -0.135   -0.116   -1.157    0.181    1.283    0.589
 695.00    5.821    6.013    6.018   -1.506   -0.236    0.821   -1.506   -0.236   -0.194   -1.237    0.355    1.499    0.651
 695.10    5.656    5.803    5.838   -1.296   -0.639    0.656   -1.296   -0.639   -0.419   -0.850    0.828    1.259    0.629
 695.20    5.941    6.065    6.089   -1.218   -0.547    0.941   -1.218   -0.547   -0.515   -1.146    0.667    1.335    0.711
 695.30    6.143    6.239    6.308   -1.095   -0.929    1.143   -1.095   -0.929   -1.062   -1.251    1.018    1.684    0.966
 695.40    6.165    6.278    6.345   -1.182   -0.923    1.165   -1.182   -0.923   -1.076   -1.377    1.091    1.803    1.030
 695.50    6.110    6.231    6.235   -1.222   -0.224    1.110   -1.222   -0.224   -0.249   -1.357    0.274    1.388    0.703
 695.60    5.954    6.068    6.068   -1.166    0.001    0.954   -1.166    0.001    0.001   -1.113   -0.001    1.136    0.557
 695.70    6.081    6.199    6.205   -1.202   -0.289    1.081   -1.202   -0.289   -0.313   -1.299    0.348    1.349    0.690
 695.80    6.023    6.172    6.179   -1.346   -0.311    1.023   -1.346   -0.311   -0.318   -1.377    0.418    1.477    0.737
 695.90    6.276    6.413    6.416   -1.320   -0.193    1.276   -1.320   -0.193   -0.246   -1.684    0.255    1.704    0.860
